node_id	error
0	0.007323410817
1	0.0002913295422
2	0.005935071749
3	0.005902527704
4	0.00180907045
5	0.001126882488
6	0.003236188608
7	0.003621460409
8	0.007626341355
9	0.001384458228
10	4.841453049e-05
11	8.509390816e-05
12	0.004292448372
13	0.0001949843851
14	0.001873567312
15	0.002017511398
16	0.001630025097
17	0.0009882539509
18	0.00193112789
19	0.0005053541267
20	0.000621054503
21	0.001081582764
22	0.002124809446
23	0.001218387382
24	0.006191587588
25	0.005081826587
26	0.001311502947
27	0.009833563692
28	0
29	0.001935884657
30	0.004416840685
31	0.001121127543
32	0.008613389917
33	0.00161285638
34	0.00138754181
35	0.02021327054
36	0.001979962859
37	0.0005042674083
38	0.002451873552
39	0.002576292934
40	1.966394192e-05
41	4.400544963e-05
42	0.003273059808
43	0.001283756662
44	0.002644414629
45	0.0006835575352
46	0.0006580244398
47	0.0003143253543
48	9.935938847e-06
49	0.001274257848
50	0.01451540801
51	0.01540851048
52	0.010449908
53	0.002883001554
54	0.002548667244
55	0.01132724674
56	0.003402196721
57	0.003083214839
58	0.001047323667
59	2.093579113e-05
60	0.007807651698
61	0.003070628666
62	0.001321425752
63	0.001907117997
64	0.004438393446
65	0.002069965907
66	0.002681338357
67	3.905345786e-05
68	1.220967813e-06
69	0.0007185022895
70	0.008086479337
71	0.01237553819
72	0.002639800993
73	0.002896899874
74	0.002385454844
75	0.01107164031
76	0.001701457215
77	0.0002928896344
78	0.002929066987
79	0.002910435218
80	0.003555679769
81	0.008105815295
82	0.004271240305
83	0.005562033402
84	7.330444852e-05
85	0.01441475524
86	0.009102815126
87	0.001687219
88	0.0001034474384
89	0.0003321886303
90	0.0005796186327
91	0.003221638315
92	0.0007476272098
93	0.003136526616
94	0.003860834741
95	0.003027012418
96	0.005910073896
97	0.00204948285
98	0.0004730571709
99	0.0004668446376
100	0.002427600402
101	0.0007298879971
102	0.00123274676
103	0.0002475581391
104	0.004674574206
105	0.0003122010068
106	0.000880209005
107	0.0009875523373
108	0.0002860791834
109	0.007701174538
110	0.004108000953
111	0.002743612907
112	0.00279027012
113	0.002136836887
114	0.002162486268
115	0.002220055211
116	0.009796572806
117	0.005710913875
118	0.001577145315
119	0.0009729960886
120	0.000459725567
121	0.003793006904
122	0.001428913162
123	0.0004343198525
124	2.73927608e-05
125	0.007555382734
126	0.0009297646384
127	0.003951307922
128	0.0005644527189
129	0.004279016668
130	0.009900780495
131	0.002605179713
132	0.009940439348
133	0.001247461837
134	0.003516363804
135	0.0008351115142
136	0.0005005118205
137	0.001389307692
138	0.003257958275
139	0.007196356248
140	0.003383966127
141	0.02402825029
142	0.0004545386282
143	0.001237687543
144	0.01064091573
145	0.000770827128
146	0.01424462251
147	0.0007462314896
148	0.001113388467
149	0.001185037923
150	0.004148574169
151	0.002530917005
152	0.007873415872
153	0.00369355468
154	0.00146383979
155	0.00526495274
156	0.002729924462
157	0.0007466783542
158	0.00207024337
159	0.005975035069
160	0.003292609434
161	0.005382936489
162	0.007648921593
163	0.005820578489
164	0.0009197437187
165	0.003674837854
166	0.0003375393543
167	0.002085660418
168	0.00125964667
169	0.0008162977804
170	0.001332909622
171	0.008680720352
172	0.001816945099
173	0.004938231816
174	0.0005665286006
175	0.001535090763
176	0.000556143368
177	0.002432833772
178	0.01016367654
179	0.0007198938301
180	0.003005749518
181	0.001869526268
182	0.003517496001
183	0.003241193686
184	0.002502146347
185	5.55404178e-05
186	6.539509839e-06
187	1.089918253e-06
188	2.997275223e-06
189	0.005639779295
190	0.004661217883
191	0.001654864821
192	0.001369319898
193	0.01356116791
194	0.01449103116
195	0.0002659223969
196	0.004159708119
197	0.001742700012
198	0.001299577764
199	8.283402764e-07
200	0.005495837721
201	0.00197641408
202	0.001326408172
203	0.002424823915
204	0.005075218709
205	0.007514612126
206	0.01167060839
207	0.0002023781555
208	0.00650639153
209	0.007882790653
210	0.005432764901
211	0.01329963016
212	0.001586804911
213	0.006497449452
214	0.001077830771
215	0.001345491179
216	0.0009023361122
217	0.007682505462
218	0.007414111209
219	0.000379284008
220	0.0006468450914
221	0.01190557319
222	0.0006718481983
223	0.0001920637721
224	0.001817945571
225	0.0006153542961
226	0.000672505624
227	0.001327114348
228	0.0001256801588
229	0.001262959678
230	5.312715335e-05
231	0.0008930434139
232	0.001071302382
233	0.005304713533
234	0.001156994631
235	0.000581229248
236	0.002125246055
237	0.0003524436706
238	7.356948225e-06
239	1.089918256e-05
240	0.01720689922
241	0.0009076251615
242	1.36239782e-06
243	1.36239782e-06
244	0.002853720854
245	0.006662645343
246	0.01231685788
247	0.001436607957
248	0.001375916727
249	0.002867666189
250	0.0007476970337
251	1.580381471e-05
252	2.901907357e-05
253	0.0008871879688
254	0.001650319376
255	0.001544712642
256	0.0007365078876
257	0.02078394552
258	0.01107828849
259	0.002346553985
260	0.0004707761223
261	0.002468411017
262	0.001347585346
263	0.001811767465
264	0.0001522835695
265	0.003095787222
266	0.000594069037
267	0.008628189327
268	0.0009019987266
269	0.002865623639
270	0.002020042446
271	0.0002144581717
272	0.001340826734
273	0.0007666553573
274	0.0009753996306
275	0.001968525542
276	7.477451656e-05
277	0.002652518102
278	0.0004148752819
279	0.002843520598
280	0.0002922303255
281	0.0008991356605
282	0.007799904272
283	0.0003998888729
284	0.0001946219788
285	0.002067275229
286	8.210717918e-06
287	8.974503672e-05
288	0.0003588846882
289	0.002823072158
290	0.002052340919
291	0.002404274186
292	0.001177095371
293	0.0004350553471
294	0.0002967121352
295	0.003342164572
296	0.01190698923
297	0.01007394612
298	0.0007763933406
299	0.001618708666
300	0.0004718212728
301	0.001468867191
302	0.00175571884
303	0.01430341763
304	0.0005835011375
305	0.002154302858
306	0.0023160898
307	0.001715638122
308	0.001448116575
309	0.0008100114036
310	0.0007156244042
311	0.00385716831
312	0.004044355383
313	0.009169711884
314	0.006492209289
315	0.003091033574
316	0.004940470241
317	0.0006950217323
318	0.007290342934
319	0.001721984947
320	0.0003201682494
321	0.000545680045
322	0.0001087933878
323	0.0003115331082
324	0.0005567562423
325	0.0007554608655
326	0.006292440489
327	0.001126824252
328	0.002825808579
329	0.01035590777
330	0.007165871381
331	0.002490776279
332	4.382978778e-05
333	0.005453770014
334	0.001273912017
335	8.274053676e-05
336	0.0001088977257
337	0.01329471164
338	0.01975788711
339	0.003914472548
340	0.006103437136
341	0.01513150528
342	0.002891585027
343	0.002247243362
344	0.002257589106
345	0.004475409168
346	0.001362020597
347	0.002018471997
348	0.002263142703
349	0.001831961676
350	0.00121755374
351	0.002391244644
352	0.008266225838
353	0.006672483686
354	0.009978290303
355	0.000622052031
356	0.001525297348
357	0.0003129731016
358	0.001644750256
359	6.897106802e-05
360	0.0005880432561
361	0.005654252399
362	0.00104922888
363	0.001465746702
364	0.007227921435
365	0.0106904166
366	0.004044717749
367	0.001331720306
368	0.0002834184566
369	0.0006444736522
370	0.0005631852444
371	0.002439039685
372	0
373	0.0008629156844
374	0.001827009799
375	0.003373683691
376	0.002859306605
377	0.004216430247
378	0.005331374669
379	0.001543968066
380	0.006863070565
381	0.007366372858
382	0.001426632318
383	0.0005337173862
384	0.007705092679
385	0.0133330714
386	0.01275265864
387	0.0004918834262
388	0.0003945906389
389	0.0004502271157
390	0.002238504221
391	0.0004929069566
392	3.651680245e-05
393	6.241598581e-05
394	0.007875791133
395	0.001124179867
396	0.000657257065
397	0.00639526538
398	0.002947338476
399	0.004683781844
400	0.001047209
401	0.002842077042
402	0.001929669849
403	0.0004185238945
404	0.000760667279
405	0.0003322971179
406	0.002158077047
407	0.0009440756905
408	0.005566974665
409	0.0007756701964
410	0.002356471424
411	0.002615973929
412	0.009966131064
413	5.638750465e-05
414	0.004047257166
415	0.003186700034
416	0.004537835493
417	0.003051542407
418	2.261580381e-05
419	7.933696597e-05
420	0.0004313432875
421	0.0005766672554
422	0.0009856459145
423	0.000888294238
424	0.004541456452
425	0.00570304965
426	0.00512285246
427	0.002803831227
428	0.00456270473
429	0.000409113044
430	6.811989101e-06
431	6.811989101e-06
432	0.003921151416
433	0.000121010289
434	0.0006805152001
435	0.0005692403866
436	0.00546125709
437	0.006508546157
438	0.003925945063
439	0.002977064542
440	0.0122608563
441	0.0156713692
442	0.002948497828
443	0.006851409981
444	0.0009949712635
445	0.00274959305
446	0.00149874982
447	1.59400545e-05
448	2.316076292e-05
449	0.003548571913
450	0.001778299187
451	0.002916606435
452	4.596934428e-05
453	9.886216557e-05
454	0.008107685981
455	0.0002400087309
456	0.0002221578507
457	0.002348288469
458	0.0003178146746
459	0.0008685667966
460	0.003484068411
461	0.004700336898
462	0.0009681048383
463	0.0008955945204
464	0.001638165053
465	0.0002794930343
466	0.0001717499405
467	0.003984280358
468	0.001053629758
469	0.0001174685909
470	0.0004317459684
471	0.001030525803
472	0.004064191138
473	0.008392206754
474	0.003500068487
475	0.001000172771
476	0.006209584711
477	0.0007204391408
478	0.003107580272
479	0.002908056225
480	0.003678371551
481	0.003248694728
482	0.005070373889
483	0.001536371285
484	0.008760195358
485	0.003024270315
486	0.001731013175
487	0.001710327513
488	0.0005502951817
489	0.01221756208
490	0.0009649951672
491	0.0003039694567
492	0.01110995186
493	0.001062635986
494	0.003488267717
495	0.005046859167
496	0.001921036667
497	0.004631460927
498	0.001016062621
499	0.003420278189
500	0.007469068787
501	0.000496583272
502	0.005725542272
503	0.0005669103154
504	0.01677648106
505	0.007309309389
506	0.001121532936
507	0.000522813335
508	0.00204929915
509	0.002608788651
510	0.00123290142
511	0.00040297833
512	0.002197567971
513	0.002235273573
514	0.002292926168
515	0.004265692932
516	0.009061077232
517	0.007270555316
518	0.001513956028
519	0.001209139841
520	0.003023301713
521	0.003403404309
522	0.003479243208
523	0.0003264442042
524	0.01077419652
525	0.001117411745
526	6.74587604e-05
527	0.0009030238185
528	0.003717673208
529	0.00131335963
530	0.002936206184
531	0.009511040952
532	0.00219368013
533	0.0001942721387
534	0.0004145697818
535	0.001063256779
536	0.0002415151137
537	0.005987915574
538	0.001528789382
539	0.001817096669
540	0.003998739552
541	0.00278157584
542	0.001268613398
543	0.001289063914
544	0.0001476839237
545	0.0006852359826
546	0.003664047551
547	0.0007694823354
548	0.001748348164
549	0.009738045146
550	0.001529570882
551	0.006189116782
552	0.0009389742091
553	0.001626346025
554	0.004726249015
555	0.001182178429
556	0.001137669622
557	0.001618681777
558	0.004442439737
559	0.001235761975
560	0.001791944136
561	0.003800304834
562	0.001348021202
563	0.002845250974
564	0.001052798369
565	0.001097135975
566	0.005743912755
567	0.001792638553
568	0.006865294676
569	0.001604039854
570	0.001952601377
571	0.006882471173
572	0.001321607625
573	0.0009061472374
574	0.01006000057
575	0.01117156116
576	0.0001569734895
577	0.000323187599
578	0.001598012811
579	0.00400753527
580	2.139988335e-05
581	0.0006578951183
582	0.006126582555
583	0.001957184929
584	0.0007879609368
585	0.001670988796
586	0.009533318905
587	0.007984521762
588	0.0002601639975
589	0.002389624194
590	0.0006413587502
591	0.008813408623
592	0.001489963943
593	0.01527660148
594	0.003019878
595	0.001824009359
596	0.002636809737
597	0.002942159189
598	8.263285172e-05
599	0.001603318847
600	0.001359038825
601	0.003503991751
602	0.01337885818
603	0.0009299246378
604	1.362397825e-06
605	1.362397825e-06
606	0.008727749718
607	0.0009717963079
608	0.002971896085
609	0.0004804203681
610	0.0007209959114
611	0.003921642961
612	0.001812682702
613	0.006532407942
614	0.003335371312
615	0.002486524338
616	0.001786624474
617	0.001456040761
618	0.003643226898
619	0.00195519507
620	0.006596281858
621	0.003077238363
622	0.001576106852
623	0.005337867713
624	0.004414086363
625	0.002742337173
626	0.01689629775
627	0.006224292428
628	0.0008159901513
629	0.01031212872
630	0.0006357243468
631	0.002495551465
632	0.001764406416
633	0.01371455256
634	0.002462420835
635	0.005184981231
636	0.001128333895
637	0.005403481434
638	0.007295062591
639	0.001199155286
640	0.0005411399148
641	7.321699644e-05
642	0.0004401127625
643	0.00150840898
644	0.0001560154091
645	0.02314481362
646	0.01016924628
647	0.00315078131
648	0.005650642415
649	0.0008063429124
650	0.001258314108
651	0.0001956649803
652	0.0016201178
653	0.001899703936
654	0.002924414798
655	0.0007177211289
656	0.001123551258
657	0.001972213202
658	0.001195644795
659	0.0008327776076
660	0.008930607583
661	0.002714782342
662	0.006066500246
663	0.004036868458
664	0.00772117784
665	0.00910403193
666	0.001014401913
667	0.00750792773
668	0.001970324173
669	0.002418587549
670	0.00196633076
671	0.002766814335
672	0.001225909961
673	0.006868074742
674	6.769685282e-05
675	7.677344338e-05
676	0.0001024365114
677	0.000208327124
678	0.002490163136
679	9.942166865e-06
680	0.002149111624
681	0.001067614236
682	0.001728626004
683	0.001556677091
684	0.0004091199476
685	0.0004962754679
686	0.0009787293881
687	0.004817172633
688	0.01172723504
689	0.00133005761
690	0.001065541569
691	0.002725201374
692	9.698001819e-05
693	3.542234379e-06
694	0.00257015852
695	0.002530790668
696	0.001218886645
697	0.002662179093
698	0.002061679464
699	0.001417387973
700	0.001687268323
701	0.007604194188
702	0.003239808171
703	0.00877581343
704	0.0002754119176
705	3.103012135e-05
706	0.001937247764
707	0.00631696278
708	8.024597818e-05
709	0.004544345847
710	0.000817228577
711	0.008149897367
712	0.0004827303608
713	0.0004526359649
714	3.678474114e-05
715	7.138964579e-05
716	0.003554125293
717	0.005938802586
718	0.0006625294395
719	0.002306577949
720	0.002111417541
721	0.007689971059
722	0.00243321736
723	0.01038974924
724	0.008449516575
725	0.001646458105
726	0.0002736740936
727	0.001296077242
728	0.001383807062
729	0.001721514558
730	0.0002281654488
731	0.00423693376
732	0.004550731711
733	1.389645777e-05
734	2.370572212e-05
735	0.0008563393012
736	0.007826677695
737	0.001655499904
738	0.001439580191
739	0.004471755899
740	0.009781332607
741	0.0008948447987
742	0.008840222914
743	0.001596936551
744	0.006188089466
745	8.242506814e-05
746	2.697547686e-05
747	0.02019354462
748	0.002603841443
749	0.006480555407
750	0.004165897176
751	0.00944635177
752	0.007906527504
753	0.0005581881328
754	0.0006163965909
755	0.001371368293
756	0.003357759808
757	0.00235220401
758	0.0005001399265
759	0.003928432252
760	0.00107902984
761	0.00065815066
762	0.002856820396
763	0.000467469474
764	0.000895121203
765	0.004422538466
766	0.003660774588
767	0.001926159025
768	0.001465614749
769	0.0004410919701
770	0.008036656872
771	0.01021916419
772	0.004192527633
773	0.008639765712
774	0.004440585289
775	0.002682050668
776	0.002160881395
777	2.861035422e-06
778	0.007722120459
779	0.002181084385
780	0.002381700554
781	0.001342677041
782	0.001634354143
783	0.001584992057
784	0.001654466706
785	0.004457143205
786	0.004464652137
787	0.001364072784
788	0.00130464806
789	0.002690958047
790	2.302452315e-05
791	1.362397865e-06
792	3.188010902e-05
793	1.171662121e-05
794	0.00388512727
795	0.002809791143
796	0.002044772687
797	0.004300153158
798	0.003844913871
799	0.001821430559
800	0.003794438818
801	0.002861141229
802	0.001564421866
803	0.003750115508
804	8.458219782e-05
805	1.411184598e-05
806	0.005934895224
807	0.00478739005
808	0.009399818508
809	4.833852317e-05
810	0.005260398228
811	0.006359932096
812	0.001107679342
813	0.0002021788447
814	0.001008051149
815	0.01024867488
816	0.01028017255
817	0.003418558389
818	0.02440780154
819	0.00892959688
820	0.0005223119518
821	0.009792697558
822	0.001220117644
823	0.01050271324
824	0.003711842218
825	0.008483535133
826	0.0003251968115
827	0.001206292365
828	0.01266128207
829	0.001512791871
830	0.02265245539
831	0.01348160004
832	0.005210826765
833	5.994550413e-06
834	5.994550413e-06
835	0.0006531030011
836	0.000726131799
837	0.002214229737
838	0.007915065845
839	0.01058433153
840	0.0006488991659
841	0.01444345557
842	0.000924889241
843	0.0008672063381
844	0.004285049018
845	0.0003046892249
846	0.003532305183
847	0.01218380923
848	0.001877907365
849	0.00262853604
850	0.001132144819
851	0.001251957654
852	0.003292689303
853	0.009606913972
854	0.0002308642477
855	0.003960677026
856	0.003105516197
857	0.002733453922
858	3.003600621e-05
859	0.0008090337099
860	0.00262679473
861	0.001794917426
862	0.001995938708
863	0.01162663373
864	0.0003568314605
865	0.003141164708
866	0.002904877151
867	0.006708554147
868	0.01110528196
869	0.001020589497
870	0.002696355503
871	0.0008253248592
872	0.003288153035
873	0.003000568046
874	0.0008632715933
875	0.001233396137
876	0.008593331853
877	0.005954471306
878	0.002338255941
879	6.875652217e-05
880	0.004659326664
881	0.001431259879
882	0.001674306928
883	0.001755234789
884	2.043596731e-05
885	2.506811988e-05
886	0.001788672091
887	0.0141575929
888	0.01043384786
889	0.001834844226
890	0.003401494926
891	0.0175673272
892	0.01622706529
893	0.001255716365
894	0.002920342059
895	0.004849903502
896	0.003086724491
897	0.009328952128
898	0.002324771299
899	0.008962404129
900	0.002329710103
901	0.001009269488
902	0.009137788303
903	0.002202042988
904	0.002020740073
905	3.542234381e-06
906	7.493188006e-06
907	0.005144133468
908	0.0008802490029
909	0.002871868183
910	0.01401442693
911	0.002577391269
912	0.001691780622
913	0.009892971098
914	0.007268742929
915	0.001641783138
916	0.000135266564
917	0.002914944099
918	0.0004000293772
919	0.0008680164588
920	7.974206703e-05
921	0.00959798343
922	0.003049181418
923	0.0001864718399
924	0.005895334485
925	0.007620792299
926	0.0005396085825
927	0.00143386774
928	0.0001072207085
929	5.803814701e-05
930	0.001929389414
931	0.004617782767
932	0.01387696197
933	0.0001422049727
934	0.0008483065811
935	0.003098180364
936	0.004508859038
937	0.006328418148
938	0.008032447777
939	0.003255008837
940	0.002319103139
941	6.67574932e-06
942	0.0002089781078
943	0.001983707884
944	0.01025946636
945	0.008356370373
946	3.472140983e-05
947	0.001121680714
948	0.006620142537
949	0.003061357103
950	0.0008932867442
951	0.007959070723
952	0.003633574942
953	0.0003741614
954	0.0006053430728
955	0.01439799811
956	0.0005344215026
957	0.0017833397
958	0.001468245342
959	0.0003622491833
960	0.01140861503
961	0.002390861852
962	0.003245873078
963	0.0001908521267
964	0.002048173677
965	0.001437603046
966	0.0009304380505
967	0.002091253622
968	0.004069314546
969	0.008398786302
970	0.003150721579
971	0.001959778946
972	0.002367292611
973	0.002720429198
974	0.00448400728
975	0.0002881565001
976	0.001045893538
977	0.001633510235
978	0.001415135405
979	0.004997010954
980	0.007111806188
981	0.0039030104
982	0.005134276641
983	0.002474311178
984	0.0002545036669
985	0.002401849817
986	0.003985048897
987	0.007435620833
988	0.002220250972
989	0.003539773568
990	0.002717628866
991	0.006478655253
992	0.007144694795
993	0.0009551471646
994	0.002739070761
995	5.177111721e-06
996	5.177111721e-06
997	0.005067569685
998	0.002446940169
999	0.005931680018
1000	0.0003634775844
1001	0.00109910631
1002	0.00102385442
1003	0.002553655457
1004	0.009844126772
1005	0.0009027058581
1006	0.004392726847
1007	0.002043677622
1008	0.001498161727
1009	0.002065778778
1010	0.003647882351
1011	0.0003103576733
1012	0.0004157918114
1013	0.003291176038
1014	0.003893393159
1015	0.002127832854
1016	2.997275204e-05
1017	1.675749322e-05
1018	0.0012223916
1019	0.006742921886
1020	0.007779423451
1021	0.001082671839
1022	0.008639628073
1023	0.000273340924
1024	0.005401704831
1025	0.002140279516
1026	0.008696158666
1027	0.002984738701
1028	0.01749775515
1029	0.006410672084
1030	0.01141723529
1031	0.0006404822463
1032	0.002772449083
1033	0.001413473042
1034	0.001130681147
1035	0.005184325754
1036	0.003973698581
1037	0.0018991937
1038	0.01781462094
1039	0.001580682335
1040	0.001393456339
1041	0.001958202951
1042	0.01548235326
1043	0.0002695899409
1044	0.009255568979
1045	0.005875459491
1046	0.004416683222
1047	0.001924049311
1048	0.004942017019
1049	0.002064985501
1050	0.003610181841
1051	0.01538112899
1052	0.00356203057
1053	0.001330723725
1054	0.00462317345
1055	0.001045952877
1056	7.671725502e-05
1057	0.007810159592
1058	0.0003806063568
1059	0.002541440491
1060	0.001941090244
1061	0.01227803436
1062	0.006448104521
1063	0.01546736464
1064	0.003658114334
1065	0.01107594224
1066	0.005556920943
1067	0.001461331591
1068	0.01092834597
1069	0.001294313535
1070	2.128805503e-05
1071	0.01265207572
1072	0.0008732203516
1073	0.001775485616
1074	0.00226145831
1075	0.004117262299
1076	0.005790844475
1077	0.004429155748
1078	0.0009427504293
1079	0.0003432766181
1080	0.005144345965
1081	0.007278208281
1082	0.0008239873235
1083	0.009033127742
1084	0.003005071624
1085	0.005295868988
1086	0.003673373508
1087	0.002777356359
1088	0.0004129385382
1089	0.004797864624
1090	0.0006785649755
1091	0.0009728472082
1092	0.007036168649
1093	0.01288657368
1094	0.002863180352
1095	9.809264272e-06
1096	3.542234368e-06
1097	0.003899437884
1098	0.002437635519
1099	0.0004665019321
1100	0.0001152794627
1101	0.004679018014
1102	0.001513562316
1103	0.001967505
1104	0.002665470293
1105	0.0003968772742
1106	0.002331575234
1107	0.005238579215
1108	0.0009734146091
1109	0.002612560909
1110	0.01389920284
1111	0.00667343757
1112	0.002080974092
1113	0.00177667023
1114	0.001678420498
1115	0.005222097948
1116	0.001226119811
1117	0.003857811904
1118	0.000299318537
1119	0.003745860007
1120	0.004478526489
1121	0.0001638736707
1122	6.771117163e-05
1123	1.525884454e-14
1124	0.002533857075
1125	0.002374405884
1126	0.00130089604
1127	0.0001089675779
1128	0.0006974315471
1129	0.0005898779584
1130	0.002333488137
1131	0.0005658677318
1132	0.0006519395723
1133	0.00849017486
1134	0.002000163591
1135	0.001417413918
1136	0.0001607725465
1137	0.02002598159
1138	0.001084765084
1139	0.01166128496
1140	0.007946735983
1141	0.001955798039
1142	0.00831938089
1143	0.0009350442529
1144	0.01000764297
1145	0.001590844942
1146	1.749038726e-05
1147	0.001670915117
1148	0.001156629193
1149	0.009483738655
1150	0.001187885836
1151	0.006767174031
1152	0.005646868758
1153	8.901673824e-05
1154	0.01425122517
1155	0.006305922387
1156	0.002043597836
1157	0.005824332017
1158	0.01195575779
1159	0.008427721143
1160	0.001122106669
1161	0.001698791921
1162	0.003232380834
1163	0.005821192255
1164	0.002417060817
1165	0.0002762373236
1166	0.0004219804422
1167	0.002618626727
1168	0.0003588612329
1169	0.000928855864
1170	0.007019385953
1171	0.006209423031
1172	0.009386457079
1173	0.002008903736
1174	0.00825085251
1175	0.0003097428115
1176	0.01994600613
1177	0.003923572222
1178	0.007314226987
1179	0.0106120827
1180	0.0002764696897
1181	0.004942476416
1182	0.001225186176
1183	2.152588556e-05
1184	3.542234333e-06
1185	0.0006757402514
1186	0.0002470678207
1187	0.002016526239
1188	0.002584204377
1189	0.002810981231
1190	0.00802944073
1191	0.003064783244
1192	0.004729036301
1193	0.00520832007
1194	0.0001988982387
1195	0.002600402308
1196	0.000227664304
1197	0.006643116132
1198	6.811989101e-07
1199	0.003839607206
1200	1.171662127e-05
1201	2.002724793e-05
1202	0.0007137191539
1203	0.001769641783
1204	0.001961467828
1205	0.007289049791
1206	0.006940787996
1207	0.00802278823
1208	0.005054439611
1209	0.006847264695
1210	0.003056484716
1211	0.0004551692389
1212	0.001649968853
1213	0.002226019477
1214	0.002423347471
1215	0.004648235996
1216	0.006723389865
1217	0.00380430609
1218	0.001301562249
1219	0.001177736502
1220	0.001133086373
1221	0.01119187582
1222	0.01475241998
1223	0.003319473373
1224	0.005523230646
1225	0.009030867883
1226	0.0001545468909
1227	0.001583011826
1228	0.001742825413
1229	0.001511488524
1230	0.0005487594687
1231	0.001632511819
1232	0.004816446447
1233	0.007507621401
1234	0.005171286178
1235	0.001198072473
1236	0.008834969587
1237	0.009866473826
1238	0.001744487583
1239	0.0007243881177
1240	0.00413574478
1241	0.0013105605
1242	0.002421115321
1243	0.003570930068
1244	9.861069053e-05
1245	0.0008749458979
1246	0.0005160629426
1247	0.0006051690347
1248	0.001113176349
1249	0.007411125311
1250	0.005549523071
1251	0.006792802118
1252	0.004967112855
1253	0.0009584486999
1254	0.005109297254
1255	0.006914271802
1256	0.001081046687
1257	0.01697415864
1258	3.343879231e-05
1259	0.0002637074614
1260	7.810432107e-06
1261	0.004910249708
1262	0.005478163973
1263	0.001548417157
1264	0.002894475023
1265	0.003285283108
1266	0.004924674264
1267	0.00344462306
1268	1.0626703e-05
1269	1.226158038e-05
1270	0.002451535849
1271	0.003066862068
1272	0.001797440392
1273	0.0005043737392
1274	0.001613566999
1275	0.002380414963
1276	0.0004266021902
1277	0.003234779935
1278	0.00439505059
1279	0.008960552872
1280	0.002478605555
1281	0.01190922099
1282	0.007273469681
1283	0.0005836312711
1284	0.0003900136459
1285	0.01271722867
1286	7.207084469e-05
1287	0.002411016014
1288	0.0002002903123
1289	0.001180184166
1290	0.001500994482
1291	0.01018504078
1292	0.002426896942
1293	4.400544958e-05
1294	0.004612281582
1295	0.01040065241
1296	0.0006168432713
1297	0.01000736706
1298	8.782317436e-05
1299	0.001592679321
1300	0.01121170659
1301	0.004783686321
1302	0.003224097133
1303	0.001565265791
1304	0.0003941034927
1305	0.00257037581
1306	0.007421895733
1307	0.004613945629
1308	0.001236578453
1309	0.001029948134
1310	0.002651212724
1311	0.001717398166
1312	0.001286952251
1313	0.005693917283
1314	0.002750779918
1315	0.01297279885
1316	0.009189209408
1317	2.941416897e-05
1318	2.90644868e-06
1319	0.002320283721
1320	0.01204081546
1321	0.007431188517
1322	0.00629989546
1323	0.01043996612
1324	0.000497253023
1325	0.002941001205
1326	0.005999853869
1327	0.01047308013
1328	0.00433965601
1329	0.000305973256
1330	0.002002233684
1331	0.007666280047
1332	0.002202220766
1333	0.003965005891
1334	0.0005661293218
1335	0.001150178936
1336	0.004920600543
1337	0.0007231328518
1338	0.001824504812
1339	6.614441413e-05
1340	0.01003842673
1341	0.01646548212
1342	0.0005697773994
1343	0.002317737755
1344	9.824526409e-05
1345	2.452316077e-06
1346	2.452316077e-06
1347	0.01057234159
1348	0.002834379164
1349	0.003941842304
1350	0.005368708241
1351	0.002840440947
1352	0.006136340781
1353	0.004314861486
1354	0.005447327142
1355	0.001158155296
1356	0.006042285236
1357	0.009275489681
1358	0.009703075239
1359	0.00681322763
1360	0.01209593716
1361	0.0003346479465
1362	0.0007119425464
1363	0.001988955362
1364	0.005988831527
1365	0.005125591556
1366	0.003471496255
1367	0.00504025295
1368	0.01354972914
1369	0.002111271546
1370	0.008695529979
1371	0.0007600602809
1372	0.006454693511
1373	0.006555192898
1374	0.0001253854635
1375	0.002334483942
1376	0.001858839641
1377	0.007122515036
1378	0.007222325177
1379	0.006043315342
1380	5.449591316e-07
1381	0.00102835779
1382	0.01540557646
1383	0.0129099717
1384	0.0008639778102
1385	0.01594178597
1386	0.001291628632
1387	0.002557645812
1388	0.006408811794
1389	0.002187495045
1390	0.00311567409
1391	0.002557744145
1392	0.002715217006
1393	0.007492139109
1394	0.001714919849
1395	0.00155961065
1396	0.005665868281
1397	0.009935534615
1398	0.001755217952
1399	0.003044297996
1400	0.001372355409
1401	0.0001399182562
1402	0.01335715909
1403	0.005048925939
1404	0.009132773468
1405	0.001442923253
1406	6.625794731e-05
1407	2.370572212e-05
1408	0.00213486133
1409	1.198910082e-05
1410	5.286103547e-05
1411	0.002233321762
1412	0.002565225659
1413	0.0002162311162
1414	0.001050048571
1415	0.001891262986
1416	0.003418029878
1417	0.0007526840325
1418	0.001376728997
1419	5.502684967e-05
1420	0.002341165395
1421	0.000899798712
1422	0.00382844451
1423	0.0045900202
1424	0.008873242542
1425	0.001434115785
1426	0.002432702222
1427	0.000551092311
1428	0.0011702308
1429	0.01690900007
1430	9.264305181e-06
1431	9.264305181e-06
1432	0.001148190147
1433	0.005108455891
1434	0.00463689172
1435	0.002253353321
1436	0.0003955188849
1437	0.002617102269
1438	0.001675887609
1439	0.01244720333
1440	0.003701731193
1441	0.006954062213
1442	0.0005507483234
1443	0.001985702449
1444	0.0004267459804
1445	0.001533801138
1446	0.002759295766
1447	0.004032339917
1448	3.413214251e-05
1449	0.001758828227
1450	0.002207112835
1451	0.000895703073
1452	0.003996002186
1453	0.000726866077
1454	0.02371513965
1455	0.001242716242
1456	0.0009256544714
1457	0.0022144781
1458	0.0008100941584
1459	0.001935749207
1460	0.001394277618
1461	0.0001328000003
1462	0.0003785450502
1463	0.004449891591
1464	0.01142265427
1465	0.00490257933
1466	0.001143335682
1467	0.0001945249704
1468	0.007708975707
1469	0.007985206474
1470	0.0009719670939
1471	0.0004193421363
1472	0.02876246536
1473	2.836522641e-05
1474	0.0004331917743
1475	0.002076910081
1476	0.0008033044277
1477	0.001775216301
1478	1.376021799e-05
1479	0.01466016902
1480	0.005954941717
1481	0.02230764832
1482	0.002302278231
1483	0.002598924447
1484	0.000948767518
1485	0.007955451677
1486	0.008223884283
1487	0.003850168443
1488	0.0005037195996
1489	0.001853446751
1490	0.001578639122
1491	0.002329713013
1492	0.001340376026
1493	0.003822854825
1494	0.01224980933
1495	0.0007648701654
1496	0.004249174336
1497	0.004699026889
1498	0.001536777028
1499	0.001681161896
1500	0.0004968026442
1501	0.0001934746807
1502	0.008725890089
1503	1.716621253e-05
1504	0.003880930065
1505	0.008055960377
1506	0.002967798156
1507	0.01576557359
1508	0.006579515418
1509	0.002914806209
1510	0.002766824663
1511	0.007422252738
1512	0.001347766002
1513	0.0006801869606
1514	0.002675847038
1515	0.0007800314221
1516	0.002152100806
1517	0.004637925661
1518	0.0003286583121
1519	0.003210672761
1520	0.0005809355334
1521	0.006079131826
1522	0.002518486046
1523	0.001392742124
1524	0.002656928932
1525	0.01462948435
1526	0.01222753536
1527	0.002427437049
1528	0.001269860445
1529	0.006969223026
1530	0.0001266871832
1531	0.006088809966
1532	0.002030341183
1533	0.003842637204
1534	0.001464593578
1535	0.005580060092
1536	0.0104994497
1537	0.01062527482
1538	0.005452592206
1539	0.004230747519
1540	0.004638481878
1541	0.003610349174
1542	0.001599773636
1543	0.0002917069776
1544	0.001769772387
1545	0.001677243056
1546	0.0004534209612
1547	0.001025776212
1548	0.008977401928
1549	0.00224317065
1550	0.001401489321
1551	0.0022487434
1552	0.003694683515
1553	0.003802526068
1554	0.0005802621484
1555	0.0002977007798
1556	0.0003264953738
1557	0.002991502746
1558	0.01029776934
1559	0.002358115914
1560	0.0003033774347
1561	0.003755782187
1562	7.697547687e-05
1563	3.297002723e-05
1564	0.01205895263
1565	0.005652397935
1566	0.01025289012
1567	2.465221644e-05
1568	0.003235927006
1569	0.006358262552
1570	2.724795861e-07
1571	2.724795861e-07
1572	0.0002143043418
1573	0.004405751346
1574	0.01283968021
1575	0.0009427992287
1576	0.01105548394
1577	0.00879459824
1578	0.002286919372
1579	0.01004774006
1580	0.007785512982
1581	0.004400506021
1582	0.005244870235
1583	0.002349096975
1584	0.0008299114734
1585	0.009754030888
1586	0.003520543139
1587	9.336377419e-05
1588	0.002618852815
1589	0.003582911383
1590	0.01232023803
1591	0.007675419896
1592	0.008171001424
1593	0.01420196745
1594	0.004701593822
1595	0.004154871692
1596	0.008802578649
1597	0.003973765319
1598	0.007900738816
1599	0.00204693379
1600	0.003539586088
1601	0.0102716547
1602	0.003613896059
1603	0.003274432116
1604	0.001121359868
1605	0.003862966232
1606	0.006989959743
1607	4.223433244e-06
1608	1.689373297e-05
1609	0.002066363606
1610	5.163487739e-05
1611	0.008082361522
1612	0.0009206344335
1613	0.002503766474
1614	0.001173214567
1615	0.00381955903
1616	0.0040206583
1617	0.0007842278836
1618	0.002036648915
1619	0.007998051215
1620	0.006218860764
1621	0.003866603225
1622	0.002855329235
1623	0.00712519231
1624	0.001395092601
1625	1.085842015e-06
1626	0.0056823495
1627	0.01225648118
1628	0.000561163826
1629	0.0006762836887
1630	0.001797672012
1631	0.006215424547
1632	0.001764490123
1633	0.01049013451
1634	0.0008921369145
1635	0.008642829952
1636	0.0001390821148
1637	0.005453463575
1638	0.01111254004
1639	0.008672595913
1640	0.002876724411
1641	0.000197460911
1642	0.0004644309123
1643	0.01255714386
1644	0.000653035667
1645	0.000355755826
1646	0.002187096736
1647	0.001080896483
1648	4.34604905e-05
1649	1.907356949e-05
1650	0.001508559256
1651	0.005314721753
1652	0.00179932122
1653	0.002992009176
1654	0.00181695472
1655	0.0009774158499
1656	0.01409485359
1657	0.004232905406
1658	0.004327611813
1659	0.007737328628
1660	0.006140648485
1661	0.0119193638
1662	0.008193895261
1663	0.0007431467266
1664	0.00226770233
1665	0.005837091542
1666	0.001333604409
1667	1.089918289e-06
1668	0.00521665946
1669	0.001178100354
1670	0.001305472839
1671	0.003884140196
1672	0.002260658856
1673	0.003400582496
1674	0.001406017056
1675	0.0005747611996
1676	0.0007207604144
1677	0.001073363153
1678	0.000965220154
1679	0.004782771165
1680	0.0009462179548
1681	0.0003167883693
1682	0.002008545897
1683	0.01021328898
1684	0.002959807167
1685	0.02276052816
1686	0.01806890919
1687	0.0003525093557
1688	0.0007140915431
1689	0.00129082605
1690	0.008473588851
1691	0.01090371631
1692	0.00357274782
1693	0.009806641546
1694	0.002085586726
1695	0.01261652094
1696	0.004287414046
1697	0.007530695301
1698	0.002834287252
1699	0.001405636261
1700	0.001893101464
1701	0.01829200208
1702	0.002840008686
1703	0.01082866717
1704	0.009420271813
1705	0.00193503565
1706	0.004977707131
1707	0.01422274576
1708	2.87812489e-05
1709	0.004511582135
1710	0.002712647492
1711	0.005731366468
1712	0.003287618059
1713	0.008418384854
1714	0.004741549302
1715	0.01656733583
1716	0.001619168981
1717	0.003873035653
1718	0.004162351676
1719	0.0001361904185
1720	0.002948599125
1721	0.004320712737
1722	0.001877649624
1723	4.954721179e-05
1724	0.008299069901
1725	0.002771773336
1726	0.01794625038
1727	0.008575687706
1728	0.009904318007
1729	0.00225348482
1730	0.01301027532
1731	0.008308662268
1732	0.001534323512
1733	0.00169104204
1734	0.007235873867
1735	0.001235926351
1736	0.0005276482899
1737	0.0007704077957
1738	0.004766310279
1739	0.00441990987
1740	0.004538887334
1741	0.002183670917
1742	0.01327674459
1743	0.009635146882
1744	0.002458212192
1745	0.0001912281392
1746	0.01127302133
1747	0.01526225228
1748	0.001823055299
1749	8.174386921e-07
1750	1.948228882e-05
1751	0.0001321525886
1752	9.383806927e-05
1753	0.002778907512
1754	0.003626206369
1755	0.001506657718
1756	0.01109307379
1757	0.001453782015
1758	0.002439577211
1759	0.0005450869619
1760	0.001827109161
1761	0.0004116398648
1762	0.003697393646
1763	0.00171273443
1764	0.006759810708
1765	0.01427465434
1766	0.002465687428
1767	0.002019698978
1768	0.001125355368
1769	0.008102979129
1770	0.008180009585
1771	0.01320550018
1772	0.008786527481
1773	0.0005532942793
1774	0.01692558709
1775	0.007947305607
1776	0.001218161588
1777	0.001858852354
1778	0.007224554117
1779	5.573118809e-05
1780	0.001954205919
1781	0.0001609629905
1782	0.00376289231
1783	0.02273461702
1784	0.006134486136
1785	3.089400405e-05
1786	0.0007093487444
1787	0.007051513021
1788	0.0007805567105
1789	0.00204248211
1790	7.901907316e-06
1791	7.901907316e-06
1792	0.001672254296
1793	0.01468635732
1794	0.001342298993
1795	0.008966663438
1796	1.520435967e-05
1797	1.89373297e-05
1798	1.525885562e-05
1799	0.0001257208771
1800	0.003995777949
1801	0.0122074766
1802	0.001267220945
1803	0.002182308214
1804	0.001863429819
1805	0.009659477204
1806	0.0009106386791
1807	0.001389000176
1808	0.001402225026
1809	0.003011130259
1810	0.0008488074102
1811	0.009944302766
1812	0.001068867693
1813	0.004339182482
1814	0.002726182108
1815	0.008550904187
1816	0.009765841607
1817	0.0005975131699
1818	0.0007248073249
1819	0.001281376995
1820	0.00213023116
1821	0.01675064865
1822	0.002192668543
1823	0.002999659112
1824	0.005746031497
1825	0.001079187035
1826	0.009866876767
1827	0.008369262998
1828	0.001692739289
1829	0.004254509914
1830	0.00928476195
1831	0.002273921215
1832	0.0007834115626
1833	0.0001323083078
1834	0.003304747897
1835	0.003874507274
1836	0.001524237313
1837	0.002007327153
1838	0.008426469038
1839	0.003034077606
1840	0.009495030464
1841	0.001275542797
1842	0.001326899631
1843	0.01086861544
1844	0.0008842965373
1845	0.003061423606
1846	0.002086593963
1847	0.00709956701
1848	0.008489894124
1849	0.002557542399
1850	0.0001396028817
1851	0.005053205669
1852	0.0004531847712
1853	0.01707152393
1854	0.0005711895464
1855	0.004614542514
1856	0.001821681512
1857	0.00293106239
1858	0.001049970945
1859	0.002068089919
1860	0.004836861092
1861	0.003287247343
1862	0.002097858672
1863	0.01949082547
1864	0.001789789528
1865	0.0210796366
1866	0.01065610836
1867	0.0009034255575
1868	0.01458597811
1869	0.02128748711
1870	0.003481015741
1871	0.006178703817
1872	0.005486749171
1873	0.0003854735554
1874	0.002347691519
1875	0.002058843863
1876	0.003295846203
1877	0.003110624046
1878	0.01038979374
1879	0.008027651229
1880	0.009512770824
1881	0.002221038128
1882	0.01113846673
1883	0.0006191722836
1884	0.006295242696
1885	0.002644682194
1886	0.006522811651
1887	0.001276217686
1888	3.064612031e-05
1889	0.003594676938
1890	0.0003631339629
1891	0.005250901751
1892	0.01801622735
1893	0.003364803605
1894	0.006752391086
1895	0.00363598943
1896	0.01756701854
1897	0.004721791522
1898	0.005893476141
1899	0.008421390965
1900	0.00239389171
1901	0.001125187758
1902	0.00101348195
1903	0.001315700681
1904	0.002247765193
1905	0.0005001534257
1906	0.0008654658189
1907	0.0004631230324
1908	0.002090085615
1909	0.003005200204
1910	2.724795616e-06
1911	2.724795616e-06
1912	0.001637441842
1913	0.0006532189266
1914	0.0009373514796
1915	0.001678503665
1916	0.0005277482647
1917	0.002313962857
1918	0.0031552844
1919	0.0005645790124
1920	0.002495836573
1921	0.001873138143
1922	0.003970352934
1923	0.004894324571
1924	0.005954015955
1925	0.005330747572
1926	0.008639245638
1927	0.001079696399
1928	0.003163630512
1929	0.005629093887
1930	0.001022608995
1931	0.008561559237
1932	0.00842828155
1933	0.009461052154
1934	0.002995978555
1935	0.0003829598737
1936	0.006270018561
1937	0.005191128413
1938	0.004611437862
1939	0.0003589058891
1940	0.0004768938618
1941	0.001846553175
1942	0.008917501273
1943	0.004795043199
1944	0.001109734423
1945	0.0002667298476
1946	0.002733241618
1947	0.01284246355
1948	0.006906599617
1949	0.00274517752
1950	0.001246431795
1951	0.01684582907
1952	0.006471367983
1953	0.0002864907403
1954	0.009848455692
1955	0.007976956029
1956	0.007035371576
1957	0.0069200006
1958	0.004011426279
1959	0.007419149278
1960	0.002113430133
1961	0.004716474655
1962	0.001294979326
1963	0.003862223782
1964	0.0006541627694
1965	0.001207825434
1966	0.007068212417
1967	0.001261139921
1968	0.001617061284
1969	0.002020086613
1970	0.009009288244
1971	0.001270961067
1972	0.0004648703666
1973	0.003160415653
1974	0.01475561402
1975	0.001429734897
1976	0.001533501157
1977	0.004810191293
1978	0.002606767717
1979	0.0003200622406
1980	0.006902394094
1981	0.0004892467315
1982	0.001366898615
1983	9.472948507e-05
1984	0.006093827944
1985	0.002889283679
1986	0.009712624336
1987	0.0008642789808
1988	0.0009068492007
1989	0.006934915036
1990	0.001212457033
1991	0.00186803534
1992	0.006136957186
1993	0.01445306619
1994	0.01690369579
1995	0.0003986413224
1996	1.621253406e-05
1997	2.942779295e-05
1998	0.0001630947191
1999	0.0004397183104
2000	0.005629850943
2001	0.001265848194
2002	0.003885262622
2003	0.002643463676
2004	0.01396608611
2005	0.02000663841
2006	0.000481975209
2007	0.0003213361066
2008	0.002418490876
2009	0.003339037467
2010	0.0001378830088
2011	0.004986733135
2012	0.003038779137
2013	0.000984521254
2014	0.003264032769
2015	0.001219303513
2016	0.002159483387
2017	0.005544156603
2018	0.007504105425
2019	0.01674356319
2020	0.002528737675
2021	7.493188011e-06
2022	0.005211419729
2023	0.001946118076
2024	0.004548672301
2025	0.002464950766
2026	0.007163880951
2027	0.003588878656
2028	0.009417564916
2029	0.007804178023
2030	0.001324643555
2031	0.001436908401
2032	0.003971513332
2033	0.0009956567034
2034	0.0112858059
2035	0.001542351612
2036	0.0007777078104
2037	0.01107231414
2038	0.00105499814
2039	0.006587258301
2040	0.01075209017
2041	0.003111259334
2042	0.0006812519254
2043	0.0010507001
2044	0.003943250208
2045	0.002779874876
2046	0.006271976557
2047	0.003265912386
2048	0.001411706801
2049	0.002243995578
2050	0.006968091861
2051	2.602179832e-05
2052	3.324250684e-05
2053	0.009483152736
2054	0.01041845703
2055	0.009764009728
2056	0.007410636593
2057	0.0008146333179
2058	0.002373566466
2059	0.008304104741
2060	0.002147386423
2061	0.001406526342
2062	0.003522268183
2063	0.002425096514
2064	0.006233551968
2065	0.005185922052
2066	0.00440723939
2067	0.01032894664
2068	0.0006302064408
2069	0.001302879167
2070	0.003978109045
2071	0.008563613616
2072	0.001158608865
2073	0.00356132662
2074	0.0007784623156
2075	0.01146721217
2076	0.000298492386
2077	0.002772416254
2078	0.0001925299768
2079	0.001389411952
2080	0.01602979849
2081	0.001272666174
2082	0.0003043952731
2083	0.0005718682185
2084	0.004087788827
2085	0.00777981961
2086	0.002520303694
2087	0.0009531546911
2088	0.01406495221
2089	0.006309731751
2090	2.560217887e-05
2091	0.005369940659
2092	0.001522707125
2093	0.007049485008
2094	0.0007727109851
2095	0.01844386794
2096	0.0003148412563
2097	0.00102944073
2098	0.01118028952
2099	0.0002481006783
2100	0.0007641842137
2101	7.537158359e-06
2102	0.001866396161
2103	0.002087993317
2104	0.001807908754
2105	0.0008328952817
2106	0.002248487749
2107	0.0002860991117
2108	0.004527725088
2109	0.004999018803
2110	0.001888648166
2111	0.006844861542
2112	0.02163904052
2113	0.0170151129
2114	0.002317130116
2115	0.006476329385
2116	0.005058700753
2117	0.01112646211
2118	1.634877373e-06
2119	6.81198907e-06
2120	0.01514478952
2121	0.0125928958
2122	0.009391984121
2123	0.002505929763
2124	0.003293830524
2125	0.001591273173
2126	5.503594449e-05
2127	0.002881157302
2128	0.0007978606036
2129	0.001436224733
2130	0.01203689278
2131	0.01193593779
2132	0.001093160829
2133	0.007993329613
2134	0.003861592659
2135	0.003625124173
2136	0.002786650052
2137	0.003571387651
2138	0.001817205187
2139	0.00728259556
2140	0.002228116028
2141	0.003109567517
2142	0.0005456403022
2143	0.002354330453
2144	0.004605245644
2145	0.001398631882
2146	0.0006981287947
2147	2.861035426e-06
2148	2.861035426e-05
2149	0.004666960916
2150	0.0008938009668
2151	0.004970018826
2152	1.689373293e-05
2153	8.583106222e-06
2154	0.0128271637
2155	0.001948965756
2156	0.008682266651
2157	0.007563795954
2158	0.01030671754
2159	5.313351499e-06
2160	8.71934605e-06
2161	0.002960764007
2162	0.0006450486786
2163	0.001220340466
2164	0.002905215708
2165	0.0003800736042
2166	0.002936762581
2167	0.002661840772
2168	0.006705674447
2169	0.008390240365
2170	0.001219144381
2171	0.01324544718
2172	0.0008801549292
2173	0.0005856717478
2174	0.0106029509
2175	0.005132725896
2176	0.002130928694
2177	0.0002141695046
2178	0.002709830007
2179	0.002297903826
2180	0.005420747408
2181	0.003258862489
2182	0.002982385196
2183	0.003072405358
2184	0.00161432071
2185	9.536784796e-07
2186	1.907356927e-06
2187	0.001502032429
2188	0.0005499821779
2189	0.004168170255
2190	0.001779476765
2191	0.001497537087
2192	0.004491213714
2193	0.003885549256
2194	0.0003065480892
2195	0.009148285549
2196	0.005209982406
2197	0.003638374273
2198	0.005514739885
2199	0.004383171812
2200	0.0006610555225
2201	0.003884163287
2202	0.002216001099
2203	0.0003454788259
2204	0.006730601082
2205	0.001428838676
2206	0.0008281894902
2207	0.003126516411
2208	0.0005042359565
2209	6.178776971e-05
2210	0.0006251914361
2211	0.001140229041
2212	0.008320384671
2213	0.002647875514
2214	0.00397556727
2215	0.01121920768
2216	0.002529769022
2217	0.001341833408
2218	0.0009088103477
2219	0.0004998008211
2220	0.003269857881
2221	0.001644515362
2222	0.005956820538
2223	0.0003647875145
2224	0.0002818077989
2225	0.008183676467
2226	0.004418772248
2227	0.004232413018
2228	5.640326976e-05
2229	0.00331227146
2230	0.003844393101
2231	0.004190351617
2232	0.000467943575
2233	0.0009830448553
2234	0.007648740624
2235	0.01531007904
2236	0.002298976905
2237	4.822888283e-05
2238	0.009541236822
2239	0.00409613365
2240	0.005617176969
2241	0.0008467312502
2242	0.005592117165
2243	4.028156217e-05
2244	0.01299925715
2245	0.001979193672
2246	7.052679385e-05
2247	0.002303643906
2248	0.002027408035
2249	0.01209327496
2250	0.01301311322
2251	0.007683411784
2252	0.002247434331
2253	0.001455107999
2254	0.006405210278
2255	0.007621587934
2256	0.0002236619452
2257	0.003070101903
2258	0.009359242584
2259	0.0008057158731
2260	0.01044241581
2261	0.01708046482
2262	0.002348865335
2263	0.001619552445
2264	0.0004443180959
2265	0.0004124752783
2266	0.005647377937
2267	0.01041701193
2268	0.0001439799732
2269	0.00153528487
2270	0.001238736774
2271	0.009114170965
2272	0.009173872226
2273	0.001187682839
2274	0.002545034863
2275	5.000000003e-05
2276	0.003043001334
2277	0.003313657421
2278	0.006224819037
2279	0.01219364677
2280	8.446866487e-06
2281	8.446866487e-06
2282	0.004175561806
2283	0.002297156306
2284	0.002177761133
2285	0.006648113388
2286	0.001375003966
2287	0.0007056672001
2288	0.003621776733
2289	0.008798476194
2290	0.0059604099
2291	0.004921413125
2292	0.001865119288
2293	0.005701964686
2294	0.007944401984
2295	0.004141371506
2296	0.004975508771
2297	0.003332043282
2298	0.005892410822
2299	0.01022195013
2300	0.002228474792
2301	0.001156190946
2302	0.002435489247
2303	0.005541995319
2304	0.000621660434
2305	0.004828095667
2306	0.0004643952861
2307	0.001224574772
2308	0.001593935091
2309	0.009664042387
2310	0.005850525409
2311	0.0005270611906
2312	0.00296480644
2313	0.001532274592
2314	0.01623711384
2315	0.005824271264
2316	0.001083745417
2317	0.0006163386755
2318	0.002337664124
2319	0.001473603378
2320	0.004357243385
2321	8.564940968e-05
2322	0.002320580438
2323	0.001222074109
2324	0.007179382328
2325	0.0002171778628
2326	0.003237924281
2327	0.001672047282
2328	0.002347015118
2329	0.005721528003
2330	0.003876857692
2331	0.003164081564
2332	0.003951611083
2333	0.005373045872
2334	0.001616908019
2335	0.008656853304
2336	0.001119112492
2337	0.001584335813
2338	0.001497972765
2339	0.0005945051881
2340	0.003508768519
2341	4.951362764e-05
2342	0.0002041815902
2343	0.0005985178642
2344	2.316076294e-05
2345	2.316076294e-05
2346	0.001672010618
2347	0.00475973871
2348	0.008670771327
2349	0.0009150167386
2350	0.01578685307
2351	3.869209809e-05
2352	0.006801365765
2353	0.01061433028
2354	0.00137341431
2355	0.001143129241
2356	0.003847580906
2357	0.004120714311
2358	0.00465276558
2359	0.01409693115
2360	0.01353948653
2361	0.0004903372144
2362	1.485013623e-05
2363	0.0113813745
2364	0.004709508775
2365	0.0003920538765
2366	0.002494437761
2367	0.005269477201
2368	0.001434105697
2369	0.001472211177
2370	0.001786026915
2371	0.0001607299656
2372	0.002124193416
2373	0.005143739724
2374	0.006090489735
2375	0.01397260435
2376	0.01484322079
2377	0.002710284979
2378	0.01304180745
2379	0.001581143826
2380	0.002010715092
2381	0.004945058639
2382	0.0003393232291
2383	0.004401640349
2384	0.007125059352
2385	0.003579988964
2386	0.0006609109557
2387	0.007466794908
2388	0.01922755053
2389	0.01172959102
2390	3.478655768e-05
2391	0.001719947142
2392	0.002206075352
2393	0.01350155496
2394	0.01356044942
2395	0.009318731601
2396	0.00410105265
2397	0.003203739681
2398	0.00152739893
2399	9.264305167e-06
2400	2.098092646e-05
2401	0.002944834599
2402	0.001825931191
2403	0.01074098551
2404	0.02051507033
2405	0.001569495497
2406	0.001215177408
2407	0.0001204225754
2408	0.0002010783666
2409	1.739327884e-05
2410	1.198910081e-05
2411	0.003568843206
2412	0.00296474052
2413	0.004168744983
2414	0.008111990023
2415	0.002596932622
2416	0.00959705016
2417	0.005611603701
2418	0.004726442677
2419	0.01392217907
2420	0.0001860380684
2421	0.004780188317
2422	0.003600156034
2423	0.01445326081
2424	0.0008512245154
2425	0.0005983060457
2426	0.001730095848
2427	0.007080011493
2428	0.02135263305
2429	0.006825495778
2430	0.01079665575
2431	0.0008418819814
2432	0.001118602926
2433	0.0006894296482
2434	1.612170754e-05
2435	1.117166213e-05
2436	0.008509712392
2437	0.007219716682
2438	0.00810718295
2439	8.174386914e-06
2440	8.174386914e-06
2441	0.004266452425
2442	0.002353048188
2443	0.001747992975
2444	0.001769983025
2445	1.607629427e-05
2446	2.179836512e-05
2447	0.0005922713623
2448	0.005498527785
2449	0.005857499849
2450	0.01155414905
2451	0.0003525641714
2452	0.007727973209
2453	0.004237153367
2454	0.00432904126
2455	0.01023317592
2456	0.0003794323988
2457	0.002922174795
2458	0.002474933918
2459	0.002919918745
2460	0.004172813005
2461	0.004145009472
2462	0.002106349394
2463	0.002745815311
2464	0.007487730797
2465	0.004947351316
2466	0.001204373427
2467	0.001432239068
2468	0.004764857109
2469	0.000914528541
2470	0.0003047543869
2471	4.904632157e-06
2472	4.904632157e-06
2473	0.00274744702
2474	0.00324740818
2475	0.01075717307
2476	0.01896753689
2477	0.005747930558
2478	0.00484304635
2479	0.005516681787
2480	0.0001490354892
2481	0.0002291901097
2482	0.00240999804
2483	0.001467922008
2484	0.003076278521
2485	0.003734846474
2486	0.004651030502
2487	0.01461622786
2488	0.01242945256
2489	0.01054024512
2490	0.01233710734
2491	0.001204824654
2492	0.003117089387
2493	0.009895054841
2494	0.007298534009
2495	0.008926178713
2496	0.01885985699
2497	0.004027022963
2498	0.002911957381
2499	0.004128492788
2500	0.006862810719
2501	9.264305177e-06
2502	9.264305177e-06
2503	0.00332486699
2504	0.004453303205
2505	0.007146445439
2506	2.411444137e-05
2507	0.003886878099
2508	0.0007401556858
2509	0.009075974219
2510	0.0001287787902
2511	0.005456689741
2512	0.002345256314
2513	0.003299900966
2514	0.001941026556
2515	0.003451913165
2516	0.01887991186
2517	0.01003974618
2518	0.007770370876
2519	0.002724772836
2520	0.002101176552
2521	0.005872152529
2522	0.001952488404
2523	0.006537568524
2524	0.00403723739
2525	0.008767196764
2526	0.01191776887
2527	0.002252850512
2528	0.0005919261894
2529	0.001716083543
2530	0.003212090554
2531	0.0008760321707
2532	0.001417509064
2533	0.004987473764
2534	0.005839584212
2535	0.003110661869
2536	0.002670964656
2537	0.002716763528
2538	0.0009995155593
2539	0.003689339919
2540	0.005030126177
2541	0.01102539418
2542	0.00647261022
2543	0.004394194488
2544	0.0006781449603
2545	0.0008433166354
2546	0.007342595241
2547	0.009559655856
2548	0.000944692266
2549	0.00515514468
2550	0.009047031418
2551	0.0001379611531
2552	0.01546317237
2553	0.001876400605
2554	0.004108537564
2555	0.002071461771
2556	0.004343396901
2557	0.01259715009
2558	0.005028384856
2559	3.923313145e-05
2560	0.001086575311
2561	0.003047081161
2562	0.009914413591
2563	0.0004362525107
2564	1.634877382e-06
2565	0.003223744586
2566	0.000325130192
2567	0.004288295769
2568	0.0009400969318
2569	0.0001868023305
2570	0.01728234203
2571	0.00236597503
2572	0.007127538145
2573	0.003847631733
2574	0.0004274204256
2575	0.01443405478
2576	0.00850372577
2577	5.44959128e-05
2578	0.0004780801021
2579	0.005099704203
2580	0.01128987574
2581	0.0003581334269
2582	0.007338339895
2583	0.004068790396
2584	0.002408760639
2585	0.0009417031126
2586	0.002391470349
2587	0.001803867856
2588	0.01508624172
2589	0.009433204421
2590	0.002578157037
2591	0.0002727014579
2592	0.01145462401
2593	0.007174008048
2594	0.0006615376197
2595	0.000358217416
2596	0.0008073550554
2597	0.002284067542
2598	0.001936306891
2599	1.144414169e-05
2600	0.004198019252
2601	0.02516836533
2602	0.001990834972
2603	0.003858697422
2604	0.002949882365
2605	0.004049724233
2606	0.00562072226
2607	0.001114676044
2608	0.01132991488
2609	3.58310627e-05
2610	0.005100567362
2611	0.0003312086022
2612	0.006439355799
2613	0.008175566588
2614	0.0005280637427
2615	0.0003093471167
2616	0.0009107770206
2617	0.0007794875252
2618	0.006833133111
2619	0.004249033971
2620	0.005703624895
2621	2.058323601e-05
2622	0.001100526571
2623	0.006339057752
2624	0.01181769162
2625	0.0001934323015
2626	0.005762903319
2627	0.002541410372
2628	0.001097757851
2629	0.001617084655
2630	0.00384922208
2631	0.0007107618346
2632	0.007597095525
2633	0.01100527398
2634	0.007378285648
2635	0.008496997819
2636	0.01269971444
2637	0.001864919703
2638	0.000925689284
2639	0.001607060046
2640	0.02372479923
2641	0.00210195299
2642	0.0001009020339
2643	0.006262600303
2644	0.002925358871
2645	0.01357116861
2646	0.01308308666
2647	0.01018003059
2648	0.01173570362
2649	0.01889387226
2650	0.0002028833974
2651	0.009030732075
2652	0.01108834859
2653	3.678474128e-06
2654	3.26975477e-06
2655	0.001052509576
2656	0.001922360151
2657	0.001114247796
2658	0.001669392448
2659	0.001885724285
2660	2.311534966e-05
2661	1.044504972e-06
2662	0.001913558144
2663	1.36239782e-05
2664	1.716621253e-05
2665	0.000776513801
2666	0.002115154227
2667	0.003909678051
2668	0.003664451059
2669	3.133514986e-06
2670	0.0003804987395
2671	0.0003912011595
2672	0.003227103088
2673	0.002059004076
2674	0.003785073734
2675	0.00116736329
2676	0.01089118446
2677	0.006299823582
2678	0.001341640121
2679	0.00744011802
2680	0.02479049555
2681	0.001480560226
2682	0.006476236579
2683	5.722070823e-06
2684	0.00551190031
2685	0.002067331917
2686	0.00284777366
2687	0.0009762419351
2688	0.006972176284
2689	0.0108666929
2690	2.043596731e-05
2691	0.0006597220147
2692	0.008276843804
2693	0.01195099644
2694	0.003789479685
2695	0.006332278784
2696	0.00229849816
2697	0.006295120963
2698	0.001374322631
2699	0.001116926939
2700	0.01100932011
2701	0.0001185870535
2702	0.004912679158
2703	0.005484991049
2704	0.008162990479
2705	0.001660390761
2706	0.0138880163
2707	0.007830230672
2708	0.003638388861
2709	0.005027486391
2710	0.0009203264637
2711	0.009442792971
2712	0.001240324849
2713	0.002345049167
2714	0.001430685604
2715	0.001750711941
2716	0.007088874846
2717	0.004931521976
2718	0.004987668098
2719	4.718437781e-05
2720	0.00223537158
2721	0.003643381106
2722	0.008935758097
2723	0.004923722884
2724	0.001808032778
2725	0.009640809104
2726	0.003844023468
2727	0.005917358982
2728	0.001591313197
2729	0.0008472446131
2730	0.0007149131219
2731	0.01195849074
2732	0.0005841504784
2733	0.001950239206
2734	0.001659473372
2735	0.01011716334
2736	0.0005992693871
2737	0.009790190652
2738	0.008197443514
2739	0.002120992974
2740	0.004378346928
2741	0.002644130947
2742	0.01494614415
2743	0.00247424251
2744	0.007135921784
2745	0.01114291965
2746	0.007118896074
2747	0.001798145286
2748	0.00286575512
2749	0.005624611679
2750	0.002195350204
2751	0.0002655926301
2752	0.003995552176
2753	0.002485847732
2754	0.001557548694
2755	0.007574177853
2756	0.004399006713
2757	0.0009454026714
2758	2.247956402e-05
2759	3.596730243e-05
2760	0.001168235809
2761	0.005590662873
2762	0.003767901777
2763	0.004819691978
2764	0.001283200253
2765	0.004704568791
2766	0.001435849506
2767	0.0002057229932
2768	0.001769511617
2769	0.002767822961
2770	0.0009743112739
2771	0.002969040527
2772	0.001769039912
2773	0.007499088689
2774	9.738218331e-05
2775	0.002633789985
2776	0.004408065296
2777	0.0007683097184
2778	0.0006373881786
2779	0.0009127534517
2780	0.007282167449
2781	0.002549141328
2782	0.001841086158
2783	0.006160061177
2784	0.00090367849
2785	0.001297191847
2786	0.007602773214
2787	0.008664041557
2788	0.004673110277
2789	0.004619157136
2790	0.01464281331
2791	0.001294120501
2792	0.0007441995269
2793	0.0004075894796
2794	0.001249051334
2795	0.007882146383
2796	0.00769043821
2797	0.002653562876
2798	0.00231463049
2799	1.761663056e-05
2800	0.007422201514
2801	0.003577275253
2802	0.000587126316
2803	0.002421324029
2804	0.0007133793879
2805	0.009677289385
2806	3.366014654e-05
2807	0.002815123132
2808	0.0007781913247
2809	0.002304216548
2810	0.004400631646
2811	0.005464861148
2812	0.009209258074
2813	0.01378298119
2814	0.001867629618
2815	0.004934625635
2816	0.005568943844
2817	0.001585431406
2818	0.01577462375
2819	0.001314308533
2820	0.005597349678
2821	0.003410906808
2822	0.004942113151
2823	0.001119834592
2824	0.001082750527
2825	2.179836514e-05
2826	0.001358031136
2827	0.0009418374388
2828	0.007714579995
2829	0.01848914154
2830	5.620522197e-05
2831	0.003292077857
2832	0.001222550889
2833	0.003181207712
2834	0.002005899325
2835	0.002821629017
2836	0.003946553969
2837	0.0003489633876
2838	0.009353734855
2839	0.00148183447
2840	0.004041010948
2841	0.0009415726004
2842	0.0008317498828
2843	0.003327600519
2844	0.00548699498
2845	0.001327006752
2846	0.003622123523
2847	0.0001353953847
2848	0.008874420544
2849	0.002588383154
2850	0.002736181238
2851	7.90190736e-06
2852	7.90190736e-06
2853	0.008205428386
2854	0.005400759235
2855	1.171662125e-05
2856	5.449591221e-07
2857	0.01855350044
2858	5.313351494e-06
2859	0.00258630606
2860	0.000445739497
2861	0.006451307526
2862	0.01261895153
2863	0.00437206683
2864	0.005275002722
2865	4.019073568e-05
2866	0.007220659774
2867	0.003501159911
2868	0.006319174184
2869	0.002292026822
2870	0.0003976042967
2871	0.003758443292
2872	0.005489019144
2873	0.001538751708
2874	0.009490975127
2875	1.294277929e-05
2876	2.070844687e-05
2877	0.005578103672
2878	0.005004657325
2879	0.002019873257
2880	0.01025475978
2881	0.00336782989
2882	0.00234524025
2883	0.0004212883545
2884	0.0006411152363
2885	0.0007661334178
2886	0.001707631182
2887	0.007739480988
2888	9.931919127e-05
2889	0.001036230284
2890	0.01289257907
2891	0.002129956848
2892	0.000806449651
2893	0.003675669561
2894	0.01192148388
2895	0.002480882349
2896	0.003392148069
2897	0.002938121016
2898	0.01008856481
2899	0.008851353103
2900	0.008776621668
2901	0.002229156006
2902	0.0006096220301
2903	0.003380390977
2904	0.005087712497
2905	0.002751806256
2906	0.005435114065
2907	3.256130788e-05
2908	0.0009721776526
2909	0.001508978588
2910	0.000452015763
2911	0.01854309932
2912	0.002321424244
2913	0.003757830624
2914	0.004172440621
2915	0.00091972289
2916	4.087193457e-06
2917	4.087193457e-06
2918	0.01155041105
2919	0.0004822379341
2920	0.00759981627
2921	0.001715846505
2922	0.002576744436
2923	0.0001310822126
2924	8.991825609e-06
2925	8.991825609e-06
2926	0.009089165415
2927	0.003995714425
2928	5.449591131e-07
2929	5.449591131e-07
2930	0.0008428806036
2931	0.01621319946
2932	0.001150052239
2933	0.005885957325
2934	0.0009518687863
2935	0.003614007905
2936	0.002679255775
2937	0.01315800254
2938	7.266121707e-05
2939	0.01214462528
2940	0.00741293625
2941	0.00323332905
2942	0.001524587056
2943	0.00710965479
2944	0.002357757675
2945	0.007806343326
2946	0.0002570283443
2947	0.002835447206
2948	0.01853047141
2949	3.378746592e-05
2950	2.125340603e-05
2951	0.001733718382
2952	0.002454207252
2953	0.007174355652
2954	0.001955014028
2955	0.006957464306
2956	0.0001349989463
2957	0.00575335544
2958	0.001625704586
2959	0.005010644958
2960	0.002348495164
2961	0.003362657667
2962	0.006424869633
2963	0.00147531417
2964	0.005659376253
2965	0.002931061434
2966	0.006126466689
2967	0.007152320236
2968	0.003742760476
2969	0.003446124523
2970	0.009765135538
2971	0.003382939706
2972	0.005329558478
2973	0.006956472754
2974	0.004406326486
2975	0.006251409984
2976	0.007667111759
2977	0.01569838638
2978	0.007130532216
2979	0.01536422548
2980	0.006287737671
2981	0.001499266099
2982	0.002038330496
2983	0.006123492755
2984	0.01093869463
2985	0.006367461222
2986	0.002036184285
2987	0.006728718212
2988	0.008683412101
2989	0.006062440059
2990	0.001914633079
2991	0.00199600559
2992	0.0003853682798
2993	0.001613543719
2994	0.00394750797
2995	0.0001085898768
2996	0.002217069349
2997	0.01509051135
2998	0.002873632549
2999	0.0006571973425
3000	0.01502448414
3001	0.009267080541
3002	0.003434694706
3003	0.01424854279
3004	0.00913487962
3005	0.0005494469652
3006	0.001869776484
3007	0.0003636281787
3008	0.004820603318
3009	0.009788785406
3010	0.01458453738
3011	0.005726429649
3012	0.01372346152
3013	0.001008144962
3014	0.004095034813
3015	0.01322819054
3016	0.003397002536
3017	4.113672205e-06
3018	0.007824876966
3019	0.002142780951
3020	0.01084668785
3021	0.00568264216
3022	0.002780855946
3023	0.001767595048
3024	0.00796518106
3025	0.01407927663
3026	0.00995583158
3027	0.0006873288092
3028	3.051771117e-05
3029	1.689373302e-05
3030	0.0004604472086
3031	0.00643391419
3032	0.00116966539
3033	0.0105732535
3034	0.005166964561
3035	0.004185120707
3036	0.01485739118
3037	0.005696553169
3038	0.0006227933683
3039	0.004868147396
3040	0.003934703974
3041	0.001133692322
3042	0.002316796083
3043	0.0002620581955
3044	0.001729967921
3045	0.001271029348
3046	0.01280652282
3047	0.01118906851
3048	0.006499118063
3049	0.01062670379
3050	0.0003564245248
3051	0.00257093736
3052	0.002584135139
3053	0.008323733768
3054	0.004823865092
3055	0.003556141858
3056	0.01376352964
3057	0.001407058494
3058	0.004956840921
3059	0.007562281992
3060	0.004572022236
3061	0.003476335942
3062	0.0001679649603
3063	6.403269759e-06
3064	1.362397788e-06
3065	4.359673029e-06
3066	4.359673029e-06
3067	0.001638024371
3068	0.001103352392
3069	0.001205806031
3070	0.00126793278
3071	0.00200663949
3072	0.004491631888
3073	0.00393965616
3074	3.446866485e-05
3075	0.006921389357
3076	0.01788656593
3077	0.004873312313
3078	0.0012007105
3079	0.003126357088
3080	0.00220307875
3081	0.004031475487
3082	0.006778496986
3083	0.003391106973
3084	0.004274979641
3085	0.004190902604
3086	0.001550946492
3087	0.002451118232
3088	0.01047173134
3089	0.00425392967
3090	0.0049666587
3091	0.0003047834993
3092	0.0009428956936
3093	0.0004583755303
3094	0.007351579271
3095	0.006380718478
3096	0.001823518763
3097	1.117166212e-05
3098	1.117166212e-05
3099	0.00381181946
3100	0.000927900132
3101	0.01665105351
3102	0.003181146256
3103	0.001434617305
3104	0.005028890816
3105	0.0002513667494
3106	0.006445916407
3107	0.00143406212
3108	0.01100148624
3109	0.01009764726
3110	0.0002762164516
3111	0.00869491219
3112	0.004798425406
3113	0.008440163312
3114	0.0007186054129
3115	0.002216713874
3116	0.01580690344
3117	0.007243284354
3118	0.005367161855
3119	0.001351484824
3120	0.002171481424
3121	0.00182024553
3122	0.002137885978
3123	0.01540965064
3124	0.001959377116
3125	0.003480917382
3126	0.0009274378167
3127	6.811989324e-07
3128	0.004946054797
3129	0.0005710816659
3130	0.005806167648
3131	0.01157019885
3132	8.046363848e-05
3133	0.0003444848168
3134	0.01180915923
3135	2.724795698e-07
3136	7.538601283e-06
3137	0.008183022747
3138	0.008001643494
3139	0.002725010644
3140	2.261580381e-05
3141	2.261580381e-05
3142	0.001375637737
3143	0.002592480111
3144	0.009620090873
3145	0.007979734738
3146	0.006971943109
3147	0.0005978093578
3148	0.001156898913
3149	0.007155651917
3150	0.0003785013451
3151	0.001872157448
3152	0.0009275011011
3153	0.007704614278
3154	0.00328335842
3155	0.01231784946
3156	0.00560333117
3157	0.005125103945
3158	0.00628224487
3159	0.002017827966
3160	0.001793575464
3161	5.760672118e-05
3162	4.073569482e-05
3163	0.0006476037566
3164	0.001545218932
3165	0.001818015424
3166	0.0003883516843
3167	0.007648742379
3168	1.525885559e-05
3169	1.525885559e-05
3170	0.009740160815
3171	0.0001594014821
3172	3.746139828e-05
3173	0.004477675113
3174	0.01226780677
3175	0.002360087607
3176	0.004834589837
3177	5.449591279e-06
3178	5.449591279e-06
3179	0.007536215128
3180	0.003327588508
3181	0.0004259221705
3182	0.00200967592
3183	0.000498075177
3184	0.006651606813
3185	0.004906288947
3186	0.002143866957
3187	0.001611970573
3188	0.004789242812
3189	0.003965970566
3190	0.008244682708
3191	0.003639465773
3192	0.009337841061
3193	0.002361601909
3194	0.01013513566
3195	0.002187019743
3196	0.003335452358
3197	0.006536546542
3198	0.0002049626537
3199	0.005489202404
3200	0.001169157836
3201	0.008132585632
3202	0.007490194703
3203	0.00371716276
3204	9.249458827e-05
3205	0.0007690672868
3206	0.001102978261
3207	0.005283400862
3208	0.00106756269
3209	0.00111676749
3210	0.00823477543
3211	0.002037193053
3212	0.001232253465
3213	0.00431290863
3214	0.008940457036
3215	0.0006651811294
3216	0.009497358404
3217	0.002942905741
3218	0.002348853596
3219	8.446866439e-06
3220	0.003914080652
3221	0.008585166893
3222	8.719346046e-06
3223	8.719346046e-06
3224	0.002262240818
3225	5.287920107e-05
3226	0.001475236071
3227	0.00274755057
3228	0.0002044492763
3229	4.904632184e-06
3230	4.904632184e-06
3231	4.632152589e-06
3232	0.001728193371
3233	0.0001739934691
3234	0.009191752385
3235	0.002757559282
3236	0.0008796491726
3237	0.002779310766
3238	0.003085158599
3239	0.00270538014
3240	0.005415517475
3241	0.001053795392
3242	0.0003321640647
3243	0.004656891967
3244	0.0004075252006
3245	0.000353840469
3246	0.01463788171
3247	0.001671289967
3248	0.00974061179
3249	0.004177061408
3250	0.0001553419352
3251	0.004104107146
3252	0.001318611018
3253	0.0006066507654
3254	0.000254654559
3255	0.006547168271
3256	0.009892838601
3257	1.089918216e-06
3258	1.089918216e-06
3259	0.001473161672
3260	3.242506812e-05
3261	3.242506812e-05
3262	0.002919578413
3263	0.005190014396
3264	0.00502132954
3265	0.01356821047
3266	0.004199372614
3267	7.002724799e-05
3268	6.195090328e-05
3269	0.003112948818
3270	8.719346052e-06
3271	8.719346052e-06
3272	0.004279373702
3273	0.004922842649
3274	0.0003575458279
3275	0.00271019403
3276	0.002892653233
3277	0.005605588039
3278	0.001101882733
3279	0.001644256222
3280	0.0007695038896
3281	0.002452027332
3282	0.0004003103716
3283	0.009436943383
3284	0.0003096381734
3285	0.005585984431
3286	0.01017364199
3287	0.008920865484
3288	0.00129976777
3289	0.0005688901067
3290	0.005302765139
3291	0.003744651238
3292	0.008075772992
3293	0.01688430377
3294	0.001866296192
3295	0.0005212319323
3296	0.00388852755
3297	0.01073791168
3298	0.007107783013
3299	0.0003917800328
3300	0.001900142184
3301	0.002421869455
3302	0.003152287538
3303	0.005434471931
3304	0.01987778006
3305	0.001176823357
3306	0.002489107747
3307	0.005746714663
3308	0.001598182449
3309	0.003570772951
3310	0.001853145741
3311	0.0009002486574
3312	0.004279551081
3313	0.005785541617
3314	0.004773709585
3315	0.00039412898
3316	0.005030932321
3317	0.003685188919
3318	0.002057563007
3319	0.005378597649
3320	0.003610652103
3321	0.00011045305
3322	0.001026717303
3323	0.002722134138
3324	0.003085913989
3325	0.000662423442
3326	0.002122009731
3327	0.001693108741
3328	0.002496715978
3329	0.00392417669
3330	0.002397771442
3331	0.006608221186
3332	0.001421762366
3333	0.004544633129
3334	0.0001676662353
3335	0.001443116185
3336	0.003981206741
3337	0.007771666853
3338	0.008866743233
3339	0.005532021527
3340	0.007635914562
3341	0.006438934005
3342	0.003543579119
3343	0.01806471806
3344	0.00417185398
3345	0.002813551345
3346	0.0008563900927
3347	0.00577340075
3348	0.001702217084
3349	0.003149517057
3350	0.01399061403
3351	0.003297675236
3352	0.004260297353
3353	0.00492513439
3354	0.002811346598
3355	0.01124143238
3356	0.001871411224
3357	1.089918215e-06
3358	1.089918215e-06
3359	0
3360	0.006209835928
3361	0.01458188755
3362	0.003439762036
3363	0.004497702112
3364	0.0009047151812
3365	0.004045567592
3366	0.0023444081
3367	0.0112592868
3368	0.00293448285
3369	0.0007836489699
3370	0.007239864702
3371	0.007617987537
3372	0.002087600201
3373	0.0001294574674
3374	0.007687294258
3375	0.001694802669
3376	0.0008388372932
3377	0.009246739265
3378	0.004238749864
3379	0.007079549342
3380	0.006603025333
3381	0.008753611694
3382	5.554373768e-05
3383	0.009422480855
3384	0.001285162102
3385	0.005971056333
3386	0.007628408689
3387	3.542234313e-06
3388	3.542234313e-06
3389	0.0135384996
3390	0.003228817118
3391	0.01009536653
3392	0.002734661634
3393	0.001989966544
3394	9.042006562e-05
3395	3.474114438e-05
3396	0.01529217937
3397	5.367847411e-05
3398	4.005449592e-05
3399	0.005836975352
3400	0.003347745953
3401	0.000354029058
3402	0.01198048238
3403	0.00424986656
3404	0.0314657447
3405	0.0002174019233
3406	0.004190917504
3407	0.006722957005
3408	0.004944780674
3409	0.001346799051
3410	0.007396656555
3411	0.01598972648
3412	0.001551194326
3413	0.0005255047506
3414	0.003778371484
3415	0.02807303169
3416	0.005307926209
3417	0.008779327645
3418	0.002737688264
3419	0.002055336939
3420	0.003656314733
3421	0.001288045966
3422	0.006553040086
3423	0.0007625643306
3424	0.001544474561
3425	0.003246660738
3426	0.0168288829
3427	0.0002807406044
3428	0.003487206239
3429	0.001735760672
3430	0.01161346347
3431	0.006785740443
3432	0.002430607874
3433	0.008242672421
3434	0.0006949817654
3435	0.001782539399
3436	0.002584828335
3437	0.003511487226
3438	0.001195447854
3439	0.008099968262
3440	0.00787728153
3441	0.01491196743
3442	0.008085483785
3443	0.0009619453697
3444	0.009630151775
3445	6.6073281e-05
3446	0.01003388785
3447	0.008349798368
3448	0.007578120486
3449	0.0007845719161
3450	0.008428265021
3451	0.00905015813
3452	0.007451553725
3453	0.000948780803
3454	0.005425283081
3455	0.0001956634976
3456	0.00104929339
3457	0.01329560528
3458	0.003594907212
3459	0.0006057296586
3460	0.006656395503
3461	0.0009644080807
3462	0.0004003288333
3463	0.0003140229119
3464	0.004920263033
3465	0.007468527578
3466	0.01175487648
3467	0.008741703754
3468	0.005723054787
3469	0.003367904503
3470	0.007360876359
3471	0.007927427983
3472	4.624375651e-05
3473	0.004860196812
3474	1.171662125e-05
3475	1.171662125e-05
3476	4.604904636e-05
3477	0.006589059551
3478	0.009248723299
3479	0.0005423296363
3480	0.00918582505
3481	0.0009053950258
3482	0.008312208382
3483	0.01182692945
3484	0.003074629052
3485	0.00103062652
3486	0.007271901453
3487	1.307901909e-05
3488	1.307901909e-05
3489	0.001014794976
3490	1.36239782e-05
3491	3.487738419e-05
3492	0.01113020862
3493	0.005223189631
3494	0.004188995929
3495	0.00522430049
3496	0.0003688633288
3497	0.008664104543
3498	0.004269349661
3499	0.001632392175
3500	0.0004569113368
3501	0.001720205734
3502	0.01224570757
3503	0.01243368523
3504	0.0282017552
3505	5.177111717e-06
3506	5.177111717e-06
3507	0.001399975655
3508	0.002415664796
3509	0.0005907608085
3510	0.002289133931
3511	0.004425869225
3512	0.00744608318
3513	0.01767625592
3514	0.002411031251
3515	0.0007904606273
3516	0.001944845553
3517	0.004091849671
3518	0.003973504572
3519	0.0001059964962
3520	0.001807168349
3521	0.002621358629
3522	0.003453539309
3523	0.002802970197
3524	0.005175161417
3525	0.00359473759
3526	0.009129486826
3527	0.0008025676356
3528	0.001018791854
3529	0.001327450353
3530	0.004011073728
3531	0.001520414956
3532	0.01508117323
3533	0.0005674305381
3534	0.002844325931
3535	0.0007101408834
3536	0.00217101681
3537	5.381471387e-05
3538	0.002771553713
3539	0.001518643143
3540	0.006458910375
3541	0.01591265426
3542	0.005066394506
3543	0.001904034413
3544	1.144414169e-05
3545	0.00541569961
3546	0.003465407683
3547	0.005788900405
3548	0.0001570800046
3549	0.002126980481
3550	0.00270646596
3551	0.001486726261
3552	0.001729166348
3553	0.01569240656
3554	0.001688628806
3555	0.01135988988
3556	0.005205179563
3557	0.01504565192
3558	0.01594469827
3559	0.001787146957
3560	0.005060653662
3561	0.004710775911
3562	0.004221475034
3563	0.001307349139
3564	0.003155280026
3565	0.01993060606
3566	0.01015473443
3567	0.001523224136
3568	0.0007118258381
3569	0.003905849826
3570	0.008209884556
3571	0.01002382879
3572	0.003838750819
3573	0.001457486163
3574	1.416893733e-05
3575	1.416893733e-05
3576	0.01229338923
3577	0.004285459796
3578	0.004550508025
3579	0.01132038113
3580	0.004661805172
3581	0.009791348487
3582	0.009426178262
3583	0.008327112024
3584	0.001379835691
3585	0.003135303599
3586	0.007770742342
3587	0.01553331197
3588	0.001848378108
3589	0.002339147112
3590	0.008294482525
3591	0.00858716408
3592	0.007868998284
3593	0.006232496329
3594	0.004182468437
3595	0.001456422465
3596	0.007906553358
3597	0.01594341593
3598	0.0008201884757
3599	0.006875656583
3600	0.001953395752
3601	0.003082464173
3602	0.003120872744
3603	3.950953678e-05
3604	0.00518038655
3605	2.179836513e-05
3606	2.179836513e-05
3607	0.00816846519
3608	0.002273333061
3609	0.001913391835
3610	0.01733957062
3611	0.001262891873
3612	0.001423360011
3613	0.002449230252
3614	0.00948100495
3615	0.01376976817
3616	7.220708466e-06
3617	0.01188092099
3618	0.00845618216
3619	0.001782761855
3620	0.009050256043
3621	0.002843476545
3622	0.001124227092
3623	0.00855242581
3624	0.001138571736
3625	0.004352407474
3626	0.001221303096
3627	3.788698587e-05
3628	0.00490644786
3629	0.004107940741
3630	0.000852675686
3631	8.094746463e-05
3632	0.01234129981
3633	0.00134058619
3634	0.0003889696782
3635	0.002159074849
3636	0.007518523932
3637	0.007450825454
3638	0.009519508823
3639	0.008332715761
3640	0.007928087274
3641	0.003588001599
3642	0.002452044693
3643	0.00295324309
3644	0.007425862225
3645	0.01330006646
3646	0.00234550784
3647	0.009198890277
3648	0.0008216789799
3649	0.004875326003
3650	0.001303764558
3651	0.003731357915
3652	0.01078628378
3653	2.084468663e-05
3654	0.01087394352
3655	6.578110809e-05
3656	0.01409468138
3657	0.00104146587
3658	0.002762205007
3659	1.362397816e-06
3660	1.362397816e-06
3661	0.005397536453
3662	0.003434431383
3663	0.004360138529
3664	0.004458730819
3665	0.002934904013
3666	0.0002335211685
3667	0.006973001291
3668	2.506811989e-05
3669	0.001050390081
3670	1.089918256e-05
3671	0.002698291427
3672	0.006097480418
3673	0.0003471103249
3674	0.0009047960192
3675	0.003125449151
3676	0.006588043261
3677	0.006838125997
3678	0.00417798281
3679	0.001893374164
3680	0.001889083277
3681	0.002525944879
3682	0.0003561076542
3683	0.0009392539266
3684	1.839237057e-05
3685	0.007191790729
3686	0.002572321231
3687	0.005171574628
3688	0.009187874242
3689	0.00433969311
3690	4.677565851e-05
3691	0.00990671957
3692	0.01636364104
3693	0.006880674122
3694	0.007073354452
3695	0.0005762353688
3696	0.002859164936
3697	0.002413788419
3698	0.01137788498
3699	0.03320851711
3700	0.008174826691
3701	0.005580210757
3702	0.002140022607
3703	0.002044969505
3704	0.00835116147
3705	0.002116475697
3706	0.001557038766
3707	0.001561259302
3708	0.004113693748
3709	0.004097809292
3710	0.009087781096
3711	0.00177834258
3712	0.0002203254331
3713	0.008963026861
3714	0.004788220695
3715	0.006658503693
3716	0.001861067648
3717	0.003850982262
3718	0.003864907491
3719	0.003206937966
3720	0.003749317013
3721	0.001293796768
3722	0.001781465875
3723	0.008817627723
3724	0.008572405306
3725	0.02230739889
3726	3.542234334e-06
3727	3.542234334e-06
3728	1.634877412e-06
3729	1.634877412e-06
3730	0.00126565696
3731	0.000905552414
3732	0.0009279276275
3733	0.005595144496
3734	0.004322895914
3735	0.0006051919188
3736	0.003916984917
3737	0.006237774126
3738	0.00142907068
3739	3.038147138e-05
3740	0.01651486505
3741	0.003551161506
3742	0.005621144632
3743	0.01769502063
3744	0.01358681869
3745	0.007441304869
3746	0.003730092935
3747	0.01142945504
3748	8.174386861e-07
3749	8.174386861e-07
3750	0.01406729767
3751	3.160762943e-05
3752	0.008712634688
3753	0.00663129141
3754	0.003236635552
3755	0.007957179202
3756	0.009540935575
3757	0.003188591723
3758	0.01683985437
3759	0.0003092061354
3760	0.01246940106
3761	0.007046643763
3762	0.01126332361
3763	0.01621083035
3764	0.004402833162
3765	0.00373184966
3766	0.0008179315958
3767	0.0006102646106
3768	1.522658253e-05
3769	0.005398712985
3770	5.994550408e-06
3771	5.994550408e-06
3772	0.001810096326
3773	0.003618407784
3774	0.01246481851
3775	0.01283690087
3776	3.941871023e-05
3777	8.174386926e-06
3778	8.174386926e-06
3779	0.0002407857003
3780	0.001803955833
3781	0.005099289041
3782	0.003091849241
3783	0.006420805179
3784	0.001664359295
3785	0.002356201959
3786	0.003987602143
3787	0.001379375666
3788	2.452316075e-06
3789	2.452316075e-06
3790	0.01660733194
3791	0.005458577302
3792	0.004888578661
3793	0.006038248382
3794	0.005955439317
3795	0.005556232092
3796	0.00406886431
3797	0.00771687531
3798	0.009829264611
3799	0.01805198497
3800	0.002610538064
3801	0.01189074463
3802	0.005509279539
3803	0.001417851143
3804	0.001329352764
3805	7.765667527e-06
3806	0.0006769268447
3807	0.004544018785
3808	0
3809	0.0003889696832
3810	0.008654326642
3811	0.005986769602
3812	0.0191363404
3813	0.01643782177
3814	0.01219406362
3815	0.004422247466
3816	5.585831064e-06
3817	1.226158038e-06
3818	0.0003375791778
3819	0.005079948278
3820	0.01268114099
3821	0.005389241801
3822	0.001320868154
3823	0.006413087003
3824	0.01627630365
3825	0.005388447117
3826	0.0007910367274
3827	0.0007601125716
3828	0.01147182061
3829	0.01053074618
3830	0.003427346181
3831	0.00445653038
3832	0.007507335306
3833	0.001544617373
3834	0.006056648576
3835	3.655767489e-05
3836	0.004123121157
3837	1.607629429e-05
3838	1.607629429e-05
3839	0.004183650875
3840	0.002488972701
3841	0.001615662134
3842	0.00560295614
3843	0.005726797357
3844	0.007210547267
3845	0.00485434473
3846	0.01463026671
3847	0.002989808018
3848	0.002600903606
3849	0.006276010003
3850	0.002068225947
3851	0.001522923056
3852	0.004272381451
3853	0.0003561458734
3854	0.007019440876
3855	0.005435820018
3856	0.001801686278
3857	0.008438236197
3858	0.005348111019
3859	0.002329946878
3860	0.002167547251
3861	0.002540639861
3862	1.437871086e-05
3863	0.009347718574
3864	0.004875200345
3865	0.00760146714
3866	0.001562700551
3867	0.001332854245
3868	0.0003490733565
3869	0.001210426399
3870	0.01913677104
3871	0.005076394351
3872	0.0009399108497
3873	6.811989101e-07
3874	0.002968942642
3875	0.007893996917
3876	0.002643394879
3877	0.003265768069
3878	0.001140206626
3879	0.002504285867
3880	5.449591302e-07
3881	0.006194530919
3882	6.553133512e-05
3883	6.388315375e-05
3884	0.003674195374
3885	0.006369956169
3886	0.01023298257
3887	0.003691912149
3888	0.001622433686
3889	3.05631244e-05
3890	0.001645288044
3891	0.00423642703
3892	0.002137768663
3893	0.01739076812
3894	0.005641765266
3895	0.002687535097
3896	0.00718340431
3897	0.005637707119
3898	9.400544956e-06
3899	8.99182561e-06
3900	0.004405256508
3901	0.004743393688
3902	0.001645734371
3903	0.0001573430501
3904	0.002656556676
3905	2.694932531e-05
3906	0.003474808722
3907	0.001253400317
3908	0.002224560305
3909	0.003492265286
3910	0.004073681722
3911	1.0626703e-05
3912	1.0626703e-05
3913	0.003513789019
3914	0.01258668847
3915	0.0001684514078
3916	0.002582320141
3917	3.814713898e-05
3918	0.008158187518
3919	0.009631607122
3920	0.003623664045
3921	0.01383407472
3922	0.02586737226
3923	0.009759530409
3924	0.0001731433455
3925	0.0001053133515
3926	0.00231748265
3927	0.004366450943
3928	7.901907371e-06
3929	0.002774034612
3930	0.01005658552
3931	0.01071322728
3932	7.520435971e-05
3933	0.0032316503
3934	0.0002535184555
3935	0.0001241144414
3936	0.003900260315
3937	0.004057609045
3938	0.009442797718
3939	0.001972024295
3940	2.302452319e-05
3941	0.003290708073
3942	0.001980482271
3943	0.01474461853
3944	0.002319602744
3945	0.0006051954651
3946	0.0001247467731
3947	0.005668446401
3948	0.006730390676
3949	0.000358449408
3950	0.00636372177
3951	0.001598841316
3952	0.001544568186
3953	0.005481782283
3954	0.007936211111
3955	0.0005953490459
3956	0.003550584665
3957	0.0001320807092
3958	0.0004784121265
3959	0.001124106533
3960	0.008706712697
3961	0.003342415876
3962	0.0009599169507
3963	0.0002828676153
3964	1.659617981e-06
3965	5.313351499e-06
3966	1.934604909e-05
3967	0.007176591181
3968	0.007409088547
3969	0.003026920969
3970	0.0004280524515
3971	0.01076802413
3972	0.000645161964
3973	0.008177595608
3974	0.01601384429
3975	0.001114326057
3976	0.003916486124
3977	2.697547679e-05
3978	2.697547679e-05
3979	0.006225674337
3980	0.0005377696002
3981	1.743869207e-05
3982	1.693914626e-05
3983	0.001656570427
3984	0.01345170122
3985	0.001785198996
3986	0.008004426782
3987	0.01671630967
3988	0.008140875843
3989	0.0002435017061
3990	0.0001588589529
3991	0.002857000344
3992	0.002138301828
3993	0.0002234508278
3994	0.009322196041
3995	0.001633158623
3996	0.002186339578
3997	0.001952587496
3998	0.001318117177
3999	0.002688121207
4000	0.001120367852
4001	0.008904817569
4002	0.008600071776
4003	0.005059935587
4004	0.001126058048
4005	0.005997407438
4006	0.006788624617
4007	0.002633651472
4008	0.000944225566
4009	0.001715152554
4010	0.002294806305
4011	0.001188703312
4012	0.006203253595
4013	0.001244754677
4014	0.0009005280153
4015	5.449591276e-06
4016	7.901907386e-06
4017	0.002788140019
4018	0.008253045099
4019	0.006329539168
4020	0.01361544449
4021	0.002285306085
4022	0.0003350112198
4023	5.308996351e-05
4024	0.001360954087
4025	0.004147068105
4026	1.362397823e-05
4027	1.171662126e-05
4028	0.001345656531
4029	0.0004071159339
4030	0.00618208588
4031	0.007841623135
4032	0.003217968418
4033	0.0004099692658
4034	0.001460754483
4035	0.00540899746
4036	0.0047793835
4037	0.0001948980272
4038	0.0004564249044
4039	0.006723552554
4040	0.005949459513
4041	0.007019232197
4042	0.002225651052
4043	0.007053801725
4044	0.006383020111
4045	0.002984523655
4046	0.003676399744
4047	0.006167232028
4048	0.0004493302049
4049	1.321525886e-05
4050	1.525885558e-05
4051	0.007317634883
4052	0.002417439006
4053	0.001408853612
4054	0.0005874582871
4055	0.004266562874
4056	0.001123737726
4057	0.006075591084
4058	0.003497522647
4059	0.004913102853
4060	0.004657179624
4061	0.002155020134
4062	0.0006641565793
4063	0.006910099866
4064	0.002985143198
4065	0.001138751031
4066	0.01648837361
4067	0.005656158575
4068	0.01047843351
4069	0.0007914880356
4070	0.005587536794
4071	0.002319288345
4072	0.001922565522
4073	0.003469249344
4074	0.001503399416
4075	0.003550471506
4076	0.00218634055
4077	0.006373639393
4078	0.004768175258
4079	0.003123393538
4080	0.0008922191007
4081	0.002465328286
4082	1.389645777e-05
4083	1.389645777e-05
4084	0.002353212222
4085	0.001546379463
4086	0.001663489781
4087	0.008382733171
4088	0.0009453850697
4089	0.002841589446
4090	0.004782236821
4091	0.003988577103
4092	0.002020408184
4093	0.0009417448309
4094	0.00308569997
4095	0.005117379779
4096	0.00062322213
4097	0.0001448735207
4098	0.01367340399
4099	0.01471651558
4100	0.005996550463
4101	1.335149862e-05
4102	7.084468622e-06
4103	0.002133767573
4104	0.002020972648
4105	6.267029973e-06
4106	2.724795636e-06
4107	0.005498200739
4108	0.001776127182
4109	0.002833800655
4110	0.01571279588
4111	0.00348099119
4112	0.001961038637
4113	0.0007316651039
4114	0.007977320168
4115	0.007565533796
4116	0.01133489487
4117	0.007098300338
4118	0.001948647386
4119	0.01053597856
4120	0.01628505318
4121	1.253405994e-05
4122	0.002680711471
4123	0.0007355023699
4124	0.002564244974
4125	0.004695847008
4126	0.001000433022
4127	0.009726902576
4128	0.001113225896
4129	0.0106285906
4130	0.0009481489374
4131	0.003365596436
4132	0.01621501334
4133	0.001776829504
4134	0.003127518395
4135	0.008807165918
4136	0.001660150074
4137	0.01778999723
4138	0.0002796158519
4139	0.002566820548
4140	0.002078515448
4141	0.005669700905
4142	0.001221879447
4143	0.001021953825
4144	0.0007437753364
4145	0.0009964481707
4146	0.004015968859
4147	0.002086888475
4148	0.01110287883
4149	0.01609659863
4150	0.0022877426
4151	7.115349686e-05
4152	0.0007594586788
4153	0.008155296502
4154	0.001931334013
4155	0.002581417401
4156	0.0003270714827
4157	0.002743749082
4158	0.00468733465
4159	0.01040227038
4160	0.0007064282478
4161	0.001126392102
4162	0.007397455129
4163	0.007392006758
4164	0.002989658148
4165	5.449591287e-06
4166	5.449591287e-06
4167	0.000443154805
4168	0.002077101426
4169	0.003635462039
4170	0.01689879915
4171	0.007263131064
4172	0.002099499866
4173	0.00563800786
4174	1.716621254e-05
4175	2.125340599e-05
4176	3.242506809e-05
4177	2.861035418e-05
4178	0.01339033494
4179	0.0006125775993
4180	0.003412330924
4181	0.005211589547
4182	0.0009200684218
4183	0.007736406782
4184	0.006790521385
4185	3.814713899e-06
4186	0.002774988193
4187	0.0001036784741
4188	0.01311338804
4189	0.0008127228817
4190	0.001823563971
4191	1.389645776e-05
4192	1.389645776e-05
4193	0.0001316792026
4194	0.009850980197
4195	0.003780488518
4196	0.001109040367
4197	0.0009348889356
4198	0.001716902191
4199	0.007231820938
4200	0.01718533354
4201	0.0002161036839
4202	0.007700440765
4203	0.004901729225
4204	0.002946226569
4205	0.001779219277
4206	0.005001687446
4207	0.004872254214
4208	0.005840620336
4209	3.108248941e-05
4210	0.001013901007
4211	0.0006537321458
4212	0.00495573955
4213	0.001827046302
4214	0.009728168512
4215	0.005831257602
4216	0.005001349161
4217	0.001787029404
4218	0.02274686591
4219	0.002041534782
4220	0.003949525896
4221	0.00793251579
4222	0.01246653192
4223	0.000175492271
4224	0.01152703104
4225	0.01279199101
4226	0.003669224576
4227	0.001848318276
4228	0.003894405102
4229	0.001765599579
4230	0.008224832295
4231	1.480277152e-05
4232	0.0004856585401
4233	0.00240912489
4234	2.400090824e-05
4235	0.001361649306
4236	0.004386062652
4237	0.001304397974
4238	0.002311134623
4239	0.0005608457557
4240	0.003543353478
4241	0.004368349529
4242	0.0004918117557
4243	2.043596727e-05
4244	0.0008932028377
4245	0.003052380693
4246	0.003195399057
4247	0.001062416315
4248	0.007423144209
4249	0.001290745591
4250	0.0007862494927
4251	0.001207256321
4252	0.0006438489812
4253	0.00926096681
4254	0.00284949539
4255	1.362397822e-05
4256	2.179836517e-05
4257	0.002486958634
4258	0.01590719713
4259	0.006026905901
4260	0.005963243658
4261	0.00312386969
4262	0.001594820429
4263	0.00784682977
4264	0.0008326509156
4265	0.0001361190521
4266	0.007404142157
4267	0.01411223022
4268	0.0004578082877
4269	0.0007162777303
4270	0.0006354957943
4271	0.005739136479
4272	0.01042927381
4273	0.005851693147
4274	0.002230747336
4275	0.007213374249
4276	3.542234336e-06
4277	0.006245342282
4278	0.004591273434
4279	2.754768393e-05
4280	0.005735382448
4281	0.007964022972
4282	0.004523600922
4283	0.01132871498
4284	0.007656618659
4285	0.006326068076
4286	0.000153261784
4287	0.01183507192
4288	0.002221005354
4289	7.35694818e-06
4290	2.452316071e-06
4291	0.001797458427
4292	0.001788277406
4293	0.003035441194
4294	0.003201397912
4295	0.006416197928
4296	0.003355700544
4297	0.00220001389
4298	0.007861430586
4299	1.471389646e-05
4300	0.002082904149
4301	0.0001568942442
4302	0.008654359694
4303	0.001177708105
4304	0.00275950394
4305	0.007393502863
4306	0.004118073736
4307	0.004537157786
4308	0.01071188955
4309	0.0106858017
4310	0.003825692234
4311	0.007212320737
4312	0.003940166347
4313	0.01747218898
4314	4.314259741e-06
4315	0.007513175698
4316	0.002942537138
4317	0.0007763846085
4318	0.002760702165
4319	0.006561824192
4320	0.0004319717339
4321	0.00439412775
4322	0.01253711451
4323	0.001556227282
4324	0.001892342585
4325	0.001366136417
4326	0.0006320014322
4327	0.004006247291
4328	0.0129787621
4329	0.001472189437
4330	0.003354375863
4331	0.0001735301778
4332	0.002292712497
4333	0.009782946876
4334	0.0007868983707
4335	0.00144916389
4336	0.01000327271
4337	0.01335319411
4338	0.009331308575
4339	0.008292567894
4340	0.002552819334
4341	0.004348348386
4342	0.006409731309
4343	0.002536682053
4344	0.009896348699
4345	0.01341004746
4346	0.004809476497
4347	0.005611989632
4348	0.007247118534
4349	0.002043649957
4350	0.00818359715
4351	0.001706829873
4352	0.006971750985
4353	0.005039860611
4354	0.001460392312
4355	0.001107425676
4356	0.009134922245
4357	0.01149059746
4358	0.003591592944
4359	0.0007771361292
4360	0.004662408983
4361	0.003029091835
4362	0.007433666269
4363	0.008316751819
4364	0.007643506211
4365	0.001717337508
4366	0.001886009799
4367	0.002710953353
4368	0.009391865193
4369	5.17711172e-06
4370	5.17711172e-06
4371	6.267029971e-06
4372	2.452316125e-06
4373	1.021798362e-05
4374	0.003440363689
4375	0.001285589323
4376	0.007448063773
4377	0.02174596792
4378	0.003146005003
4379	0.005729050627
4380	3.417347868e-05
4381	0.0005725104377
4382	0.0005073404788
4383	0.006069810696
4384	5.996349345e-05
4385	0.002431221233
4386	0.0003923963272
4387	0.004487959611
4388	0.004210726496
4389	0.004817407993
4390	0.008859923902
4391	0.006535119907
4392	0.00163797405
4393	0.0004865417568
4394	0.002246298419
4395	0.01754297854
4396	0.02735169725
4397	0.0004144943238
4398	0.003211312868
4399	0.007951786059
4400	0.01183999528
4401	0.009134178091
4402	1.217075383e-05
4403	7.107175312e-06
4404	0.0006838106132
4405	0.006259629483
4406	0.00207822229
4407	0.00235867954
4408	0.003856417709
4409	0.002974892271
4410	0.002584612993
4411	0.0002129325398
4412	0.002758417063
4413	0.004188718249
4414	0.005343439487
4415	0.003815431898
4416	0.01399419676
4417	0.001234988977
4418	0.004976536224
4419	0.01334389699
4420	0.004903253776
4421	1.634877388e-06
4422	0.005358235433
4423	0.0005617985212
4424	0.0001169876558
4425	0.0112845597
4426	0.004418167553
4427	0.007191205669
4428	0.0006529209245
4429	0.001134978141
4430	0.002899526127
4431	0.009019025712
4432	0.002709220509
4433	0.03219230244
4434	0.0009092871557
4435	3.678474128e-06
4436	9.700272478e-05
4437	0.007093657268
4438	0.01054080326
4439	0.00130527705
4440	0.00041487532
4441	0.003468265087
4442	0.01001555534
4443	0.007135186118
4444	0.000282085424
4445	0.008500475323
4446	0.007233325324
4447	0.002836100563
4448	0.000245142335
4449	0.008639358446
4450	0.002491615211
4451	5.435967298e-05
4452	0.002097396925
4453	0.0036961026
4454	4.632152589e-06
4455	4.632152589e-06
4456	0.002683400335
4457	0.0002021781707
4458	0.002809295091
4459	0.000125687029
4460	0.0005382559664
4461	0.009366392006
4462	0.01182947391
4463	0.001569340712
4464	0.0006408800814
4465	0.002674110964
4466	0.0008803274772
4467	0.001058373958
4468	0.01370616364
4469	0.001287079762
4470	0.006871859109
4471	0.00606940572
4472	0.003108571482
4473	0.002745304869
4474	0.01139992404
4475	0.01148025815
4476	0.004071383075
4477	0.005771047713
4478	0.006942961066
4479	0.006390245972
4480	0.00620049177
4481	0.0009542049636
4482	0.008414801217
4483	3.542234332e-06
4484	3.542234332e-06
4485	0.0005620569477
4486	0.001346631828
4487	0.006147528667
4488	0.00470447849
4489	0.003797940086
4490	0.006829035912
4491	0.004114472644
4492	0.01284161611
4493	0.001359071172
4494	0.001453962012
4495	0.009000451564
4496	0.002452132508
4497	0.004467934345
4498	0.0002903036131
4499	0.003495386512
4500	0.0008509189455
4501	0.007651197372
4502	0.005520388251
4503	0.001392887246
4504	0.003911518686
4505	1.771117167e-05
4506	1.771117167e-05
4507	0.005156702865
4508	0.007184877579
4509	0.0008839655801
4510	0.0001552002734
4511	0.001184257353
4512	0.005946097078
4513	0.004419827133
4514	0.003219736306
4515	0.003482384374
4516	9.264305173e-06
4517	0.006993062934
4518	0.006328003033
4519	0.001576369368
4520	0.01912932814
4521	0.01369608368
4522	0.005665439182
4523	0.002015377159
4524	0.0007930015146
4525	0.003388026409
4526	0.002520859233
4527	0.0007411270575
4528	0.002952488235
4529	0.002276302694
4530	0.009280179162
4531	0.003180210639
4532	0.001067281177
4533	0.005834462263
4534	0.003437770151
4535	0.0007790441461
4536	2.724795678e-07
4537	0.01590961757
4538	0.008008325375
4539	0.0006500221861
4540	0.008679865275
4541	0.007677153473
4542	0.0015264437
4543	0.01020283653
4544	0.007629804887
4545	1.089528966e-05
4546	0.008106195721
4547	0.001617410035
4548	0.00957939006
4549	0.0003198125709
4550	0.004300591247
4551	0.001464734929
4552	0.007238671849
4553	0.01624263493
4554	0.0004873736207
4555	0.00199825123
4556	0.001830044822
4557	0.002476300876
4558	0.001997886785
4559	0.008719175319
4560	0.01126335798
4561	4.427792911e-05
4562	0.001468282589
4563	1.226158038e-05
4564	1.226158038e-05
4565	0.003930292294
4566	0.002869021514
4567	0.00032578993
4568	0.003159586747
4569	0.01791318315
4570	0.001160176036
4571	0.003411152335
4572	0.002328518384
4573	0.00513076489
4574	0.009705963318
4575	0.01359043652
4576	0.001147342915
4577	0.007865826508
4578	0.002063318253
4579	0.00297262212
4580	0.003403388905
4581	0.01497301891
4582	0.009649873997
4583	0.01040405555
4584	0.01015756686
4585	0.003859888796
4586	0.00377298349
4587	0.004343367982
4588	1.757493188e-05
4589	0.007471307554
4590	0.01532945823
4591	0.006379716299
4592	0.01085862431
4593	0.00103338712
4594	0.002066013626
4595	0.007800163805
4596	0.0004003637019
4597	0.009247746611
4598	0.0004563558936
4599	0.006925306906
4600	0.004934392888
4601	0.002514925056
4602	3.006357821e-05
4603	0.001570498473
4604	2.098092642e-05
4605	0.001127790995
4606	0.008065752549
4607	0.005972308482
4608	0.0007229978055
4609	0.0002323732545
4610	0.005341343462
4611	0.006123070758
4612	0.008591403221
4613	0.003941203118
4614	0.006399653913
4615	0.01637229772
4616	2.688075497e-05
4617	0.009025469211
4618	0.004709106371
4619	0.004633719723
4620	0.0003637339325
4621	0.003730388224
4622	0.002403489202
4623	0.004497105582
4624	0.00213156585
4625	0.003435525448
4626	0.0147024297
4627	0.009439624221
4628	0.008156099299
4629	0.01883825839
4630	1.080835605e-05
4631	0.004196077868
4632	0.002286591506
4633	0.0001143756232
4634	0.01065380467
4635	4.087193486e-06
4636	4.087193486e-06
4637	0.003013416229
4638	0.001572254738
4639	0.00128861824
4640	0.007481899104
4641	3.460490463e-05
4642	1.961852861e-05
4643	1.961852861e-05
4644	0.006894225619
4645	0.0006798465843
4646	0.003774609946
4647	4.087193462e-06
4648	4.087193462e-06
4649	0.001460533232
4650	0.002536133183
4651	0.00682743797
4652	0.001988610581
4653	0.00657857048
4654	0.005315032709
4655	0.003235729197
4656	0.002169132712
4657	0.000496740259
4658	0.003325418288
4659	0.003206591991
4660	0.003620505239
4661	0.0004672879418
4662	0.002898185771
4663	0.0009721147294
4664	4.773841965e-05
4665	5.199818307e-06
4666	0.002892384835
4667	9.711710001e-05
4668	0.006757920093
4669	0.006246695963
4670	0.006943049575
4671	0.00354745941
4672	0.0009164791929
4673	0.004245640588
4674	0.008028946121
4675	0.01439802073
4676	0.01092671846
4677	0.001585899459
4678	0.00386817822
4679	0.0175484621
4680	0.01122257757
4681	0.007176400066
4682	5.884103912e-05
4683	0.005484360213
4684	0.01043113107
4685	0.004470807069
4686	1.843572522e-06
4687	0.005152537785
4688	0.003746647536
4689	0.01479974493
4690	0.0170470583
4691	0.0009062989592
4692	0.008787615425
4693	0.004317829972
4694	0.01400825592
4695	0.005139716429
4696	0.01564497803
4697	0.001516626604
4698	0.006462473762
4699	0.0085464014
4700	0.008433883429
4701	0.00160075055
4702	0.003511529575
4703	0.003925127496
4704	0.01292566777
4705	0.002931953947
4706	0.004350105604
4707	0.0001494550408
4708	0.01048449583
4709	0.001487401045
4710	0.01299715935
4711	3.071200086e-05
4712	0.001297609454
4713	0.005803314061
4714	0.002031603318
4715	0.0003386638691
4716	0.00476511618
4717	0.002801238419
4718	0.006935959827
4719	0.0009097246102
4720	0.001384121817
4721	0.003608675982
4722	0.003004716861
4723	5.858310626e-05
4724	0.009212684936
4725	0.007220907531
4726	5.600557957e-05
4727	0.004275488832
4728	0.0007484828069
4729	6.512261582e-05
4730	0.009263979573
4731	0.00834725743
4732	0.00499291825
4733	0.002146135461
4734	0.004246886395
4735	6.948228918e-06
4736	6.811988733e-07
4737	0.000246009961
4738	0.005025280814
4739	0.002967847429
4740	7.744083029e-05
4741	0.008083206777
4742	0.008385100568
4743	0.001722765003
4744	0.002491910597
4745	0.006173317751
4746	0.007200478955
4747	0.001608561907
4748	0.0003678699616
4749	0.001566812668
4750	0.001701684681
4751	3.185286104e-05
4752	0.001268364896
4753	0.002432497543
4754	0.002562933703
4755	0.0067709062
4756	0.007095270659
4757	2.656675753e-05
4758	0.002317462493
4759	2.261580382e-05
4760	2.261580382e-05
4761	0.01144609714
4762	0.003145123557
4763	0.006193741697
4764	0.00678962
4765	0.01086739948
4766	0.005135378042
4767	0.0008474169093
4768	0.0003412859044
4769	0.01470201488
4770	0.005089052592
4771	0.01028275244
4772	0.006403804339
4773	0.006389649849
4774	0.0007302652867
4775	0.004869119668
4776	0.0009131373402
4777	0.0046472183
4778	0.01396579695
4779	0.00845886817
4780	0.003320353474
4781	7.084468686e-06
4782	0.004881193045
4783	0.00581266102
4784	0.0100375424
4785	0.01040967916
4786	0.0008343978424
4787	0.009991100526
4788	0.006120908121
4789	0.01935351952
4790	0.007282018553
4791	0.002121959596
4792	0.005827718771
4793	0.01681031583
4794	0.0008697273124
4795	0.009904145394
4796	0.001625387641
4797	0.002472518461
4798	0.005819903901
4799	0.001611574259
4800	0.0001117574986
4801	0.01670696673
4802	0.01758987514
4803	8.310626705e-06
4804	0.007908898997
4805	0.000224710985
4806	0.006236217884
4807	0.01201460483
4808	0.009821427848
4809	0.0002619616486
4810	0.002403007083
4811	0.002609114786
4812	0.007950584244
4813	0.003092387988
4814	0.02508190272
4815	0.004157134488
4816	3.561762037e-05
4817	0.003915444526
4818	0.001255485286
4819	0.002329863232
4820	0.004858832845
4821	2.329700272e-05
4822	1.444141687e-05
4823	0.01330476516
4824	0.003328922096
4825	0.006647922469
4826	0.003430677047
4827	0.0001762488647
4828	0.003270821618
4829	0.0008818347921
4830	0.007475282809
4831	1.603088102e-05
4832	1.621253406e-05
4833	1.59400545e-05
4834	1.008174388e-05
4835	0.01269685069
4836	0.007285079541
4837	0.03077745062
4838	7.901907374e-06
4839	0.005765740021
4840	0.005158637882
4841	0.004698477026
4842	0.005957503075
4843	0.009022214825
4844	0.001412360968
4845	0.009138777581
4846	0.004603779729
4847	0.007565601948
4848	0.00379458089
4849	0.005656801562
4850	0.02156882662
4851	0.006344219346
4852	0.002232526739
4853	0.002010389273
4854	1.784546514e-05
4855	0.009053115085
4856	0.004895448689
4857	0.009385592752
4858	0.002649423889
4859	0.004596437925
4860	0.01031591648
4861	0.01582127731
4862	0.001048108102
4863	6.089918253e-05
4864	0.02094912219
4865	3.525060838e-05
4866	0.011451134
4867	0.0009961207709
4868	0.0007629085475
4869	0.0007294818075
4870	0.002087879532
4871	0.0007979063086
4872	0.005240401645
4873	0.006841025922
4874	0.0164766182
4875	0.01276685165
4876	0.004992012532
4877	0.00561540597
4878	0.0002190848849
4879	1.907356947e-06
4880	1.008174387e-05
4881	0.001019302857
4882	0.0242684414
4883	0.001769999115
4884	0.003212070305
4885	0.004575139647
4886	0.002795995059
4887	0.008318045546
4888	0.003133975873
4889	0.004616117553
4890	0.001664999025
4891	0.001210283004
4892	0.009650710454
4893	0.003262862352
4894	0.004376869404
4895	0.004735315692
4896	0.0009662815151
4897	0.01100247762
4898	0.004783263824
4899	0.00360873828
4900	0.0009969988265
4901	4.704813803e-06
4902	0.007360405781
4903	0.0007556160401
4904	0.001496703764
4905	8.21980016e-05
4906	0.00222091352
4907	0.001370401315
4908	7.901907389e-06
4909	0
4910	0.0001514605118
4911	0.01341296595
4912	0.01203769922
4913	0.002144959765
4914	0.001686924332
4915	0.008346438763
4916	0.0001973140929
4917	0.01208951758
4918	0.002916692744
4919	0.001558811847
4920	0.006938289447
4921	1.462306996e-05
4922	0.01583054856
4923	0.007544056012
4924	0.002792819715
4925	6.267029966e-06
4926	1.634877359e-06
4927	2.724795687e-06
4928	2.724795687e-06
4929	0.007633501529
4930	0.007664374986
4931	0.007798718643
4932	0.005703857078
4933	0.004532762763
4934	0.0058304323
4935	0.005056964956
4936	0.01865364456
4937	0.005601475031
4938	0.004352903847
4939	0.0006313305401
4940	8.174386916e-06
4941	8.174386916e-06
4942	0.003163563474
4943	0.00158291727
4944	0.005299864515
4945	0.003034778804
4946	0.006926495725
4947	0.010073416
4948	0.01376779428
4949	0.008593010878
4950	0.001320639177
4951	0.005391350354
4952	0.005062615521
4953	0.01289723787
4954	0.005767965603
4955	0.0003141664336
4956	0.008757301557
4957	0.004048554783
4958	0.003443365413
4959	0.0004056546805
4960	0.0007794512399
4961	0.0001613911205
4962	0.005364096658
4963	0.003872829258
4964	0.01413015014
4965	0.0001030947802
4966	0.004806370005
4967	0.003567002238
4968	5.402293856e-05
4969	0.008555863731
4970	0.003690524893
4971	0.003614902838
4972	0.0004090845898
4973	0.002450434239
4974	0.004276818055
4975	0.0009268314456
4976	0.003735007424
4977	0.002726622464
4978	0.000341083627
4979	0.008305030378
4980	2.411444145e-05
4981	0.007382737247
4982	0.00859286144
4983	0.005157375828
4984	0.001998807908
4985	0.001954644721
4986	0.01117806905
4987	0.0001766508302
4988	0.007658519493
4989	0.009273285368
4990	0.004806721713
4991	0.003693009449
4992	0.0001778175496
4993	0.0001281991347
4994	0.005184098855
4995	0.005644400398
4996	0.003130642562
4997	0.01548660588
4998	0.006939490516
4999	0.007459122863
5000	0.01122302423
5001	0.001749329159
5002	0.00195323745
5003	0.01764018453
5004	0.005111615876
5005	0.000748975993
5006	0.001949417945
5007	0.01730045964
5008	0.003227540192
5009	0.00100246027
5010	0.0001460368552
5011	0.001866486873
5012	2.125340599e-05
5013	2.343324251e-05
5014	0.002977364333
5015	0.008040257835
5016	0.002781440245
5017	0.006905061491
5018	0.006762770469
5019	0.002468723503
5020	0.01092984658
5021	0.006678208851
5022	0.00685483817
5023	0.00213609666
5024	0.0009066117608
5025	0.01288980684
5026	0.003557916961
5027	0.01252107155
5028	0.005212073347
5029	0.009045489012
5030	0.001188388969
5031	0.0006557927964
5032	0.005933609184
5033	0.002924790779
5034	0.003349468769
5035	0.007155208899
5036	0.004888934852
5037	0.006110644314
5038	0.001699463721
5039	0.002798366442
5040	0.009456947278
5041	0.008574957317
5042	0.000877082352
5043	0.0006918542273
5044	2.651055825e-05
5045	0.0153844543
5046	0.007148322135
5047	0.003279428094
5048	0.002554537304
5049	0.005688622813
5050	0.02088384616
5051	0.0009301267422
5052	0.004654799691
5053	0.005752611853
5054	0.00118623476
5055	0.001204223689
5056	0.008215738228
5057	0.003202035405
5058	0.003411221034
5059	0.0005396647067
5060	0.002923962658
5061	0.001644091308
5062	0.001572229913
5063	0.003335415514
5064	3.767484105e-05
5065	0.006996365825
5066	0.002001795665
5067	0.002138011835
5068	0.002780013452
5069	0.01097453648
5070	0.006817042234
5071	0.01124827568
5072	0.003758875374
5073	0.02512206259
5074	0.01278607747
5075	0.001308112683
5076	0.005492371346
5077	0.001776364195
5078	0.004445608054
5079	0.001944970892
5080	0.001244358212
5081	0.008520517129
5082	0.005390500314
5083	0.003855354143
5084	0.00331810457
5085	0.001318211724
5086	0.004493466114
5087	0.006512456866
5088	0.0005425985411
5089	0.007021114623
5090	0.004892076169
5091	0.006289287602
5092	0.00526582706
5093	0.008406400213
5094	0.01187901856
5095	0.003584074001
5096	0.01233796043
5097	0.01491836729
5098	0.007042916156
5099	0.001964597763
5100	0.006014343002
5101	0.01695709188
5102	0.007629948604
5103	0.00534668697
5104	0.003680102997
5105	0.003399682844
5106	0.004064429096
5107	0.009625388831
5108	0.002080250802
5109	0.003960054699
5110	0.002627357327
5111	0.009425796205
5112	0.005930463215
5113	1.498637602e-05
5114	1.498637602e-05
5115	0.001923265753
5116	0.004980605187
5117	8.446866481e-06
5118	8.446866481e-06
5119	0.001683237333
5120	0.006773973582
5121	6.675749274e-06
5122	1.062670303e-05
5123	0.0002498414873
5124	0.000164793694
5125	0.001420673849
5126	7.385409456e-05
5127	0.01005297432
5128	0.005841868108
5129	1.335149863e-05
5130	1.335149863e-05
5131	0.006770393852
5132	0.01387300063
5133	0.0006903437756
5134	0.009683848063
5135	0.001827046434
5136	0.003450777888
5137	0.0004134109107
5138	0.001728886631
5139	0.01085366788
5140	0.002476535995
5141	9.595821982e-05
5142	0.0001284761748
5143	0.002511910583
5144	0.01117965476
5145	0.0005383864734
5146	0.004245106094
5147	0.007295509375
5148	0.002547602475
5149	5.449591285e-06
5150	5.449591285e-06
5151	0.00467067572
5152	0.003755333446
5153	0.01498657515
5154	0.004252709019
5155	0.001630656533
5156	0.003775896168
5157	8.583106234e-06
5158	2.288828338e-05
5159	2.288828338e-05
5160	0.009368556689
5161	0.01108638835
5162	0.005655210377
5163	0.003939099844
5164	0.004274935209
5165	0.002116297334
5166	0.00210699758
5167	0.0008919727289
5168	0.0004488363946
5169	0.004116305634
5170	0.001011647449
5171	0.01013868423
5172	0.009857419245
5173	3.941871021e-05
5174	0.000901727842
5175	0.006174651563
5176	0.002350117899
5177	0.013102623
5178	0.003431236082
5179	0.004507287265
5180	0.000248958347
5181	0.01187964126
5182	0.004160909902
5183	0.003954561578
5184	0.008376574473
5185	1.294277933e-05
5186	2.343324248e-05
5187	0.006606112244
5188	0.007602973695
5189	0.006343084396
5190	0.003740567428
5191	0.002858071248
5192	0.01907754754
5193	7.67029973e-05
5194	0.0003268865368
5195	0.000708567856
5196	0.01004266549
5197	0.002853601372
5198	0.002311678345
5199	0.01531175066
5200	0.005664739432
5201	0.00157546049
5202	0.0005352942387
5203	0.001441834474
5204	0.002280472683
5205	0.001319369677
5206	0.004259186895
5207	0.003617765779
5208	0.01184089988
5209	0.01200943428
5210	0.01017558945
5211	0.0003307879285
5212	0.005030083343
5213	0.00241789458
5214	0.004272598961
5215	0.003935146437
5216	0.01611271435
5217	0.001293851442
5218	0.006400878636
5219	0.002081812886
5220	0.001558959869
5221	0.004986899008
5222	0.006478672493
5223	0.001736175395
5224	0.004764131555
5225	0.004279381464
5226	0.003590106766
5227	0.005588102197
5228	0.01524295227
5229	0.004519214244
5230	0.01244809192
5231	0.01930866633
5232	0.001397540939
5233	0.002864032521
5234	0.01380640242
5235	0.0226447499
5236	0.00276926012
5237	0.001827838926
5238	0.0007103501881
5239	0.003728097935
5240	0.006281013445
5241	0.003707306171
5242	5.348749067e-05
5243	0.01093927461
5244	0.001471236471
5245	0.005787393206
5246	0.003908719045
5247	0.002453892052
5248	0.01157888611
5249	0.01105188115
5250	0.002681199906
5251	0.001279892348
5252	1.089918261e-06
5253	1.662125342e-05
5254	3.746594007e-06
5255	0.008874155787
5256	0.002045715583
5257	0.006690652444
5258	0.005058704841
5259	0.0002646003417
5260	0.0008278903193
5261	0.001899115625
5262	0.0141673555
5263	0.01035145487
5264	0.005160911043
5265	0.003763268558
5266	0.007243104239
5267	0.002161056333
5268	0.005271779284
5269	0.006093076071
5270	0.002873006019
5271	0.00850901332
5272	0.00192047728
5273	2.207084469e-05
5274	2.207084469e-05
5275	0.003447465064
5276	0.006487218331
5277	0.0004692904881
5278	0.0003588880998
5279	0.001355011327
5280	0.01144626539
5281	0.003328290535
5282	0.004228721834
5283	0.006684269074
5284	0.003640414884
5285	0.008115659957
5286	0.007340862845
5287	0.006041109028
5288	0.0007114244697
5289	0.002117109863
5290	0.0005696810349
5291	0.000268089396
5292	0.001100907479
5293	0.0004026871869
5294	0.0009653500183
5295	0.004393225975
5296	0.008589454265
5297	0.003654503442
5298	0.001585586639
5299	5.326975474e-05
5300	0.003187864856
5301	0.0003177550249
5302	0.0008422016431
5303	2.098092642e-05
5304	0.01267528162
5305	0.001445677363
5306	0.0008109472036
5307	0.01687825962
5308	0.005676865961
5309	0.00391661949
5310	0.002283083522
5311	0.007732201926
5312	0.001434436216
5313	0.004107205148
5314	1.362397823e-06
5315	0.002738494402
5316	0.001473802504
5317	0.009683495941
5318	0.005456244279
5319	1.416893733e-05
5320	1.416893733e-05
5321	0.00217859094
5322	0.003489104125
5323	5.489544262e-05
5324	0.0003897295223
5325	0.00140390092
5326	0.01484367464
5327	0.009984631854
5328	0.005216130958
5329	0.00573513904
5330	0.009108917255
5331	0.002785993599
5332	0.002978955343
5333	0.01262587082
5334	1.825613079e-05
5335	1.825613079e-05
5336	0.008110324657
5337	0.003060234393
5338	0.006352319304
5339	0.009226894134
5340	6.539509581e-06
5341	0.004375446962
5342	0.003979653218
5343	0.008535434522
5344	0.02599707495
5345	4.277929159e-05
5346	4.277929159e-05
5347	0.02309797242
5348	0.002125248285
5349	0.01104852967
5350	0.0002905034614
5351	0.006527385473
5352	0.0003333800742
5353	0.009083184577
5354	0.0001919600405
5355	7.356948184e-06
5356	0.005746717809
5357	0.004444018029
5358	0.001647113306
5359	0.01114645795
5360	0.001398293168
5361	0.0006227614635
5362	0.003186593629
5363	7.170753857e-05
5364	0.003545592821
5365	0.01604282611
5366	0.004672809097
5367	0.003181257821
5368	0.002122817172
5369	0.0002356789093
5370	0.01104429517
5371	0.002468772509
5372	0.000956353937
5373	0.002857307103
5374	0.001022076014
5375	0.001139945224
5376	0.0004838416211
5377	0.004107811162
5378	0.0003553660878
5379	5.424921486e-06
5380	0.004901938279
5381	0.006310331334
5382	0.02331576368
5383	0.01573978898
5384	0.005037508324
5385	0.00471754447
5386	0.0001468236735
5387	0.000832327602
5388	0.01121795253
5389	0.004016317196
5390	0.001431528811
5391	0.001599841059
5392	0.0006820247234
5393	0.00275554544
5394	0.000263848767
5395	0.003887671612
5396	0.004782712664
5397	0.007942478643
5398	0.004173961899
5399	0.004901355181
5400	0.003112389346
5401	0.01405826518
5402	1.648501362e-05
5403	0.0004109369917
5404	0.006472405269
5405	0.004225404627
5406	0.002421696337
5407	0.005797801071
5408	0.00218866036
5409	0.002597240467
5410	7.829246136e-05
5411	0.01437970925
5412	0.00930530915
5413	0.009327684333
5414	0.002413935844
5415	0.002713902091
5416	0.0005323991868
5417	0.00539218059
5418	0.0003997369777
5419	0.002143933169
5420	0.01072888286
5421	0.0007169319829
5422	0.003316619726
5423	0.001639301815
5424	0.008683371534
5425	0.004288277464
5426	0.00836662605
5427	0.01056485183
5428	0.003291849656
5429	2.901907357e-05
5430	0.004586728215
5431	0.002462045027
5432	0.01550031873
5433	0.007525943153
5434	0.005538027583
5435	6.539509539e-06
5436	6.539509539e-06
5437	0.00208677927
5438	0.0001716469989
5439	0.0001720342434
5440	1.471389645e-05
5441	1.471389645e-05
5442	0.005700049801
5443	0.001089486936
5444	0.0005549710405
5445	0.000594405752
5446	0.005495789285
5447	4.768392333e-06
5448	0.006099459424
5449	0.002954031412
5450	0.004847955315
5451	0.008331636429
5452	0.0008573318529
5453	1.36239782e-05
5454	1.36239782e-05
5455	0.001574511966
5456	3.405994546e-06
5457	0.002444380339
5458	0.00079703808
5459	0.001169955776
5460	4.087193455e-06
5461	0.004873449539
5462	0.002744561378
5463	0.008998134857
5464	0.005798296632
5465	0.003449507281
5466	0.002269228868
5467	0.01677340306
5468	7.139919922e-05
5469	0.008734669132
5470	6.53950954e-05
5471	0.0009093779443
5472	0.002174460345
5473	0.005157575793
5474	0.001544755907
5475	0.001080770471
5476	0.004384577645
5477	6.743687935e-05
5478	0.00586624356
5479	0.0004463758508
5480	0.01040053499
5481	0.006002031355
5482	0.0004399600923
5483	0.002783833934
5484	0.01060517673
5485	0.01657110226
5486	0.001709558044
5487	0.008285789088
5488	0.0003617081963
5489	0.001313717559
5490	0.00141462373
5491	0.006562018072
5492	0.002844899118
5493	0.001281445574
5494	0.002664772536
5495	0.008575013804
5496	0.0007904207323
5497	0.003636188104
5498	0.01216578644
5499	0.00384888871
5500	0.001364230042
5501	0.02493081327
5502	0.000496376264
5503	0.002932344161
5504	0.004837394401
5505	0.006396157281
5506	0.008393161602
5507	0.001536284671
5508	0.01051119383
5509	0.001817939964
5510	0.01581560505
5511	0.004466280425
5512	0.007981078448
5513	0.001218543776
5514	1.36239782e-06
5515	0.01162356203
5516	0.001638826411
5517	0.00224205578
5518	1.471389646e-05
5519	1.471389646e-05
5520	0.001739579555
5521	0.005265562911
5522	0.003774290715
5523	3.814713893e-06
5524	3.814713893e-06
5525	0.01265760052
5526	0.0015248172
5527	0.008463077009
5528	0.01180964763
5529	0.003850845121
5530	0.009564595962
5531	0.01512582274
5532	0.003761755142
5533	0.002038657993
5534	0.0006819933758
5535	0.008882294526
5536	0.00148573254
5537	0.01275114276
5538	1.144414168e-05
5539	5.542889028e-05
5540	0.004925473574
5541	0.009460002112
5542	0.01099997723
5543	0.007418061437
5544	0.01234042966
5545	0.006847536137
5546	0.01514728122
5547	1.798365118e-05
5548	0.002401639171
5549	0.00485667821
5550	0.005888644398
5551	9.809264302e-06
5552	0.01381103549
5553	2.179836509e-06
5554	2.179836509e-06
5555	0.01520867516
5556	0.0008217955484
5557	0.007101424833
5558	0.003330816038
5559	2.547683919e-05
5560	0.008926171434
5561	0.00567511811
5562	0.01656920659
5563	0.002231112292
5564	0.009759336349
5565	0.0005739512078
5566	0.001288862086
5567	0.007235400237
5568	0.008597069796
5569	0.00121138259
5570	0.006428267572
5571	0.005427420933
5572	0.00127837144
5573	2.452316072e-06
5574	2.452316072e-06
5575	5.136239782e-05
5576	0.001870356872
5577	0.004234910945
5578	7.084468663e-06
5579	7.084468663e-06
5580	0.006089599747
5581	0.01494121871
5582	0.009381045375
5583	0.001285898391
5584	0.008952222887
5585	0.005188948204
5586	0.00445404133
5587	0.003282983179
5588	0.000612352995
5589	0.005871456017
5590	1.59400545e-05
5591	2.179836512e-05
5592	0.008422634106
5593	0.008600728032
5594	0.01540047561
5595	0.006289868281
5596	0.0004529671473
5597	0.004619856546
5598	0.00167043754
5599	0.005514519941
5600	0.002817634733
5601	0.004582482376
5602	0.002557086021
5603	0.00136535882
5604	1.362397332e-07
5605	0.007475003371
5606	0.003484320123
5607	1.594005449e-05
5608	0.008373203935
5609	0.01877169584
5610	0.005477393549
5611	0.01383527726
5612	0.002338596522
5613	0.009022560427
5614	0.01608689913
5615	0.00234518107
5616	0.002290328578
5617	0.002397810811
5618	0.004412278607
5619	0.004946509618
5620	0.007127023589
5621	0.009102438128
5622	0.01331128927
5623	0.002340888046
5624	0.002649396703
5625	0.000393904525
5626	0.003506158296
5627	0.01969231784
5628	0.004320349916
5629	0.005607960599
5630	9.26430518e-06
5631	9.26430518e-06
5632	0.00397655612
5633	0.0001645721423
5634	0.0001650493063
5635	0.001748826606
5636	0.009900623841
5637	0.002135163998
5638	0.005013141211
5639	0.001651225679
5640	0.004909929083
5641	2.997275216e-06
5642	5.449591316e-06
5643	0.004533591759
5644	0.005546835701
5645	0.0007813578926
5646	1.907356997e-06
5647	0.0009552761829
5648	0.003160310473
5649	0.001238307241
5650	2.861035418e-05
5651	0.003141848026
5652	0.007009684315
5653	0.000572503404
5654	0.001365710617
5655	0.007524030952
5656	0.0002560762766
5657	0.0020977725
5658	0.001587433992
5659	0.006257592259
5660	0.009468801888
5661	0.0009420467728
5662	0.0008052291499
5663	0.01306382969
5664	3.669391462e-05
5665	0.0111163643
5666	0.007163503849
5667	0.008247494012
5668	0.006197454068
5669	0.0009786094076
5670	0.001564809398
5671	0.008901878737
5672	0.01736322719
5673	0.003520921641
5674	0.001572302857
5675	0.007045245064
5676	0.001113064648
5677	0.003507804664
5678	0.0007887717849
5679	0.0001967168166
5680	0.007562875448
5681	0.01133937978
5682	0.01319443697
5683	0.0003145060272
5684	0.009212277051
5685	0.002010599166
5686	0.004182274073
5687	0.002116610741
5688	5.367847415e-05
5689	0.009042373447
5690	0.009423111305
5691	0.004041172276
5692	0.003041020232
5693	0.01368487069
5694	0.001217360158
5695	0.002316683898
5696	0.005580067588
5697	0.003190610011
5698	1.634877384e-06
5699	1.226158039e-05
5700	0.001992546276
5701	0.01168516396
5702	0.002295021745
5703	0.005111618541
5704	0.00626301203
5705	1.403269754e-05
5706	0.002992391518
5707	0.006941880602
5708	0.006753157281
5709	0.001089631805
5710	0.001443712181
5711	0.003656759537
5712	0.01129438259
5713	0.009305148607
5714	0.01482496156
5715	0.004084816966
5716	0.0137778083
5717	0.003993681141
5718	0.0003603937749
5719	7.493188011e-06
5720	0.004156866752
5721	0.004932133437
5722	0.003515845577
5723	0.01418765896
5724	0.0004020644027
5725	0.001221825255
5726	0.002792543527
5727	0.006789932388
5728	0.0008390748855
5729	0.00170150171
5730	0.0008510102071
5731	0.003283659129
5732	0.009010276133
5733	0.00634684284
5734	0.001637010571
5735	0.004702983827
5736	0.0001328827773
5737	0.003032161383
5738	0.004098292631
5739	1.607629428e-05
5740	1.607629428e-05
5741	0.0004519365835
5742	0.008710916401
5743	0.0118326078
5744	0.0004303070465
5745	0.001035095274
5746	0.00301151349
5747	0.001520176483
5748	0.0001879272743
5749	0.01272288055
5750	0.001513787579
5751	0.01065387419
5752	0.007583802851
5753	0.01037979559
5754	0.00480726734
5755	0.002676355889
5756	0.0005939994885
5757	0.001032039789
5758	0.01956056997
5759	0.01089230962
5760	0.006424744786
5761	0.002668205637
5762	0.003449886266
5763	0.002683711732
5764	0.009513194873
5765	0.0002757972213
5766	0.01074267587
5767	0.01758915982
5768	0.007807080269
5769	1.376021798e-05
5770	0.001515837442
5771	0.01359572959
5772	3.079019069e-05
5773	3.651226159e-05
5774	1.634877423e-06
5775	0.005160614875
5776	0.00319125863
5777	0.001929985821
5778	0.001782926722
5779	0.002516439736
5780	3.178928267e-07
5781	0.0135471852
5782	0.004950958564
5783	0.0009261635876
5784	0.004729767521
5785	3.337874659e-05
5786	8.991825635e-06
5787	0.0005834077809
5788	0.000352002113
5789	0.004895410023
5790	0.0005621750393
5791	0.006598006818
5792	0.008348442518
5793	1.294277934e-05
5794	0.002302550662
5795	0.009589050612
5796	0.01016453569
5797	3.242506817e-05
5798	0.01565396518
5799	0.001293534134
5800	0.003467283183
5801	0.0002564153292
5802	0.003048437674
5803	9.791169794e-06
5804	0.001138981009
5805	0.001544428492
5806	0.009255954958
5807	0.002422396372
5808	0.004781832089
5809	2.493188012e-05
5810	0.0005646175876
5811	0.0006700651977
5812	0.001478404791
5813	0.006890102129
5814	0.00233934678
5815	0.005725725668
5816	0.006949388561
5817	0.001266913837
5818	0.0008179160929
5819	0.003238778139
5820	0.003701164255
5821	0.00847910505
5822	0.001681344088
5823	0.0009634572682
5824	0.005176819972
5825	1.457765669e-05
5826	5.449590804e-07
5827	0.009043406594
5828	0.005896661069
5829	2.207084464e-05
5830	0.008378880329
5831	0.0008357123204
5832	0.003522299051
5833	0.01182665444
5834	0.001215069565
5835	0.002632529914
5836	1.335149864e-05
5837	0.00689435287
5838	0.004409995175
5839	0.004274719969
5840	0.008036640622
5841	0.002092406521
5842	0.005982155153
5843	0.009076192352
5844	0.001189356942
5845	0.006061016637
5846	0.002110198032
5847	0.004010162578
5848	0.002816688743
5849	0.005874593708
5850	0.002771332235
5851	0.001283813203
5852	0.003283273091
5853	0.0001286407806
5854	0.003178051014
5855	0.008490533494
5856	0.01425789878
5857	0.001971758049
5858	0.003548254911
5859	0.01079995808
5860	0.00365600276
5861	0.0007126191639
5862	0.01371773702
5863	0.005266595688
5864	0.00078211928
5865	0.004772026437
5866	2.724795163e-07
5867	1.63487742e-06
5868	0.00370560584
5869	0.001618119914
5870	0.003561418882
5871	0.002426887855
5872	8.757432296e-05
5873	0.002517299995
5874	0.004020366166
5875	0.0023675509
5876	0.005333653738
5877	0.003488028616
5878	0.001279312542
5879	0.00923981461
5880	0.0004574608833
5881	0.001403606742
5882	0.01719555141
5883	5.44959129e-07
5884	1.089918251e-05
5885	1.089918251e-05
5886	0.002532756781
5887	0.006100709594
5888	0.002258386672
5889	3.394641231e-05
5890	0.004668007233
5891	5.667574932e-05
5892	0.001723869822
5893	0.005084262672
5894	0.004566738688
5895	0.001354822273
5896	0.003020999221
5897	6.811989113e-06
5898	4.90463215e-06
5899	0.008136685491
5900	0.01774649954
5901	0.004810037449
5902	0.00387618892
5903	0.009951701421
5904	0.006697588152
5905	0.004642316333
5906	0.001846784746
5907	0.01730341492
5908	0.004309534842
5909	0.007767348466
5910	0.001489508731
5911	0.003948840613
5912	0.002683785823
5913	0.003792377407
5914	0.002831226492
5915	0.006013889371
5916	0.003445914646
5917	6.59400545e-05
5918	0.005065052071
5919	0.0116377055
5920	0.0007345868447
5921	0.00524572
5922	0.009411256459
5923	0.003407054447
5924	0.002636879782
5925	0.0009279988529
5926	0.001151305419
5927	0.02573038441
5928	0.003330900056
5929	0.01470426865
5930	0.003893166265
5931	0.01268961047
5932	0.007303767899
5933	0.008939741074
5934	0.0005791479812
5935	0.008364875135
5936	0.004997679345
5937	0.001542461851
5938	0.005262501823
5939	0.003476741969
5940	0.0029534718
5941	0.004179873095
5942	0.001541328922
5943	0.008443585965
5944	0.008650491656
5945	0.01086346545
5946	0.003774981289
5947	0.002085680871
5948	0.002629193566
5949	0.004507903337
5950	0.007624098239
5951	0.007250904826
5952	0.01085639136
5953	0.006747661922
5954	9.673024536e-06
5955	0.001803778605
5956	1.226158038e-05
5957	0.003933564555
5958	0.01343175748
5959	0.002936123452
5960	0.0009931538701
5961	1.907356982e-06
5962	8.446866488e-06
5963	0.01431453029
5964	0.004421080292
5965	0.005940323777
5966	0.001045107256
5967	0.01515944148
5968	0.004317953477
5969	0.01048364821
5970	0.005774169194
5971	0.01018137487
5972	0.0057430385
5973	0.002401057771
5974	0.007168073026
5975	0.002139982317
5976	0.004905863176
5977	0.003460649402
5978	0.004925348747
5979	0.008518502904
5980	0.001362216567
5981	0.02186555312
5982	0.006166820086
5983	0.01158798569
5984	0.01481163695
5985	0.00832495045
5986	0.008436924936
5987	0.003915569494
5988	0.02662660031
5989	0.002086615674
5990	0.004571862593
5991	0.00845544823
5992	0.004660192017
5993	0.01576460037
5994	0.0006422485751
5995	0.0007590875563
5996	5.449591279e-06
5997	0.003488609511
5998	8.378746615e-05
5999	0.0001728428701
6000	0.02327513567
6001	0.0003361724104
6002	0.002166811272
6003	0.001388430273
6004	0.008494144455
6005	0.003755971307
6006	9.337205453e-05
6007	1.362397825e-06
6008	0.001962756187
6009	4.427792913e-05
6010	0.006089396355
6011	0.02693029249
6012	0.004109637178
6013	0.0003987811222
6014	0.002330470649
6015	0.004083465202
6016	0.004133783307
6017	0.004362117932
6018	0.009852515415
6019	0.007492777829
6020	1.226158035e-06
6021	1.907356945e-06
6022	0.008770432142
6023	0.003836313112
6024	0.0006958340898
6025	0.002529420502
6026	2.738419604e-05
6027	0.005102381949
6028	0.002509294533
6029	0.0105267213
6030	0.004488236185
6031	0.004649287057
6032	0.009291341197
6033	0.003330619023
6034	0.02005091619
6035	0.002419395098
6036	0.00755797463
6037	3.392370568e-05
6038	0.004411302289
6039	0.001192044157
6040	7.293369662e-05
6041	0.006028934536
6042	0.0006330053656
6043	0.001450369247
6044	0.001988148305
6045	0.002643033683
6046	0.007008192182
6047	0.00298469499
6048	1.702997275e-05
6049	9.536784773e-06
6050	0.0009130614848
6051	0.005294897115
6052	0.004996190671
6053	0.01087187666
6054	0.004716665287
6055	0.0005994074903
6056	0.007182850834
6057	0.00328689425
6058	0.01586451953
6059	6.961852859e-05
6060	0.004052136085
6061	0.005567414482
6062	0.001752104057
6063	0.004613929423
6064	0.003460675089
6065	0.008184664335
6066	0.00507994364
6067	0.001735798193
6068	0.0005079352559
6069	0.005250068026
6070	6.267029973e-06
6071	6.267029973e-06
6072	0.009007059738
6073	3.707992734e-05
6074	0.00246567944
6075	0.009159641469
6076	0.002533212451
6077	0.003480312602
6078	8.174386845e-07
6079	8.174386845e-07
6080	0.01145552548
6081	0.008258587922
6082	0.003508332454
6083	0.008532634455
6084	0.0001102331037
6085	6.18074478e-05
6086	6.267029969e-06
6087	6.267029969e-06
6088	0.008044082894
6089	0.0103841442
6090	0.002880306315
6091	0.01565249159
6092	0.004003720765
6093	0.005006905724
6094	0.001532852222
6095	0.001895554959
6096	0.007422839148
6097	0.006111330199
6098	0.0008433476303
6099	0.0001006811989
6100	0.0002416408252
6101	0.003533424086
6102	0.007055957002
6103	0.004080001834
6104	5.585831063e-06
6105	0.004304370749
6106	0.005064904981
6107	0.005745775856
6108	0.005969475766
6109	0.03779241663
6110	0.01067608962
6111	0.009532998819
6112	0.00178827543
6113	0.007985151013
6114	9.551594437e-05
6115	8.99182561e-06
6116	0.004112941181
6117	1.117166212e-05
6118	4.125794727e-05
6119	0.00373036844
6120	0.01431331642
6121	4.866030881e-05
6122	0.01377124752
6123	0.001832353049
6124	0.003162085705
6125	0.01108100638
6126	0.001959394216
6127	0.009355510386
6128	0.002066126871
6129	0.0006753650704
6130	0.00502560426
6131	0.009862337322
6132	0.005145556306
6133	0.001787039047
6134	0.003683347659
6135	0.001531561042
6136	9.216571561e-05
6137	0.0003226362681
6138	0.005816875829
6139	8.446866482e-06
6140	0.002888333769
6141	0.002489978449
6142	0.0133680406
6143	0.01745507093
6144	0.002869469648
6145	1.321525886e-05
6146	1.321525885e-05
6147	0.003059721551
6148	0.009377473933
6149	0.000293540385
6150	0.007788785341
6151	8.174386921e-07
6152	0.007269902616
6153	0.0002790704299
6154	0.01005671311
6155	0.004247346641
6156	0.01151000104
6157	0.003841982535
6158	0.0008090344411
6159	0.01101668693
6160	0.01089160915
6161	0.000358918033
6162	0.0138385137
6163	0.0001569229544
6164	0.002185747015
6165	0.002262079906
6166	0.004227285668
6167	0.00533715968
6168	0.008512328792
6169	0.003171782983
6170	0.01111454395
6171	0.001426091592
6172	0.0005976284441
6173	0.003699840744
6174	0.002946922689
6175	0.003272674429
6176	2.847411443e-05
6177	2.479564028e-05
6178	0.0007293097227
6179	0.002227447538
6180	0.006787874535
6181	0.0002499593617
6182	0.001367308432
6183	7.266117938e-07
6184	1.430517716e-05
6185	0.002793023245
6186	0.002444857631
6187	8.038147135e-06
6188	0.002504590393
6189	0.01593536097
6190	0.002207521949
6191	0.0005642293905
6192	0.00634534988
6193	8.044583451e-05
6194	0.001695946011
6195	0.001301605038
6196	0.006106496224
6197	0
6198	0.005699691364
6199	0.006389486763
6200	0.02760921333
6201	0.006701726235
6202	0.00109774474
6203	0.01339324294
6204	1.307901907e-05
6205	0.001450791349
6206	0.0007217751855
6207	0.005528342388
6208	0.006883909488
6209	0.007216554486
6210	0.002932669983
6211	2.263851041e-05
6212	0.00362376321
6213	0.002820249922
6214	0.004483249613
6215	0.00373171547
6216	0.004915250836
6217	0.005042610146
6218	1.730245231e-05
6219	0.007439565567
6220	0.01146019688
6221	0.006124166192
6222	0.002241989015
6223	0.006118705881
6224	0.009982775169
6225	0.002009842361
6226	0.004359004226
6227	0.002165592434
6228	0.01338865385
6229	0.007126994152
6230	0.004293981913
6231	0.005634508153
6232	0.01285928709
6233	6.948228882e-06
6234	0.001525129363
6235	0.000295897102
6236	0.007260659841
6237	0.002516854265
6238	0.003140643805
6239	0.005910051229
6240	1.498637602e-05
6241	4.400544959e-05
6242	2.888283377e-05
6243	0.0168941054
6244	0.002493831528
6245	0.005795111367
6246	0.007459006571
6247	0.002026596228
6248	0.01465705177
6249	1.907356952e-06
6250	1.907356952e-06
6251	0.004893056579
6252	0.004694091674
6253	9.627773457e-05
6254	0.004954338259
6255	8.991825589e-06
6256	0.004511938955
6257	0.003237350798
6258	0.01068621419
6259	0.009255009798
6260	0.008319489475
6261	0.003155027445
6262	0.01498555223
6263	0.004852192703
6264	0.003759635277
6265	1.416893733e-05
6266	1.634877379e-06
6267	1.634877379e-06
6268	0.003251724831
6269	0.0009595722767
6270	0.004777298868
6271	4.638048675e-05
6272	0.01402223074
6273	0.01143053615
6274	0.0001500454133
6275	0.0002529303541
6276	0.01636869919
6277	0.002915074076
6278	0.0005807989247
6279	0.0001602633969
6280	0.004110561217
6281	0.002165193377
6282	0.007514917828
6283	0.008538413398
6284	0.002050771651
6285	2.668029064e-05
6286	0.005182147728
6287	0.007630660765
6288	0.00201634383
6289	0.0005097921368
6290	0.02204034577
6291	0.005276946663
6292	0.005006134896
6293	0.00124340295
6294	0.002037502239
6295	0.003845026064
6296	0.004613574554
6297	0.004586013566
6298	0.001271586609
6299	0.003128183004
6300	0.008013857907
6301	0.004692584407
6302	0.002940716444
6303	0.01596171241
6304	0.002129530556
6305	0.0002890596144
6306	0.005376340698
6307	0.004597193822
6308	0.003552502292
6309	0.01198304516
6310	7.901907356e-06
6311	7.901907356e-06
6312	0.0004351331989
6313	0.000742012937
6314	0.0008950153368
6315	0.007951564575
6316	0.004321108628
6317	0.007778601372
6318	4.495912833e-06
6319	0.006031736918
6320	0.003565224602
6321	0.005680755277
6322	0.0161845334
6323	0.0005421299188
6324	0.004391275086
6325	0.004939295934
6326	0.007926353561
6327	0.003082127887
6328	0.004513542171
6329	0.003043038307
6330	0.003910069635
6331	0.000700082107
6332	0
6333	0.005425806269
6334	0.001105126369
6335	0.002223221737
6336	0.01272309062
6337	0.003175585843
6338	0.01941007011
6339	0.00336676123
6340	1.035422341e-05
6341	1.035422341e-05
6342	0.007551878935
6343	0.0106628433
6344	0.004621947956
6345	1.907356948e-06
6346	1.907356948e-06
6347	0.005006047031
6348	0.001911038072
6349	0.002091580593
6350	0.01501306913
6351	0.0003343885081
6352	0.003888941049
6353	0.001844162676
6354	0.001899780003
6355	0.003287935656
6356	0.002833856648
6357	0.009043756486
6358	0.0005264543847
6359	0.001704522647
6360	0.01347698336
6361	2.997275204e-06
6362	2.997275204e-06
6363	0.00550885624
6364	0.0002002724795
6365	0.004354101943
6366	0.01463509005
6367	0.004864465875
6368	0.01140556738
6369	0.02005889218
6370	1.44414169e-05
6371	1.44414169e-05
6372	0.0009097318711
6373	0.005894783169
6374	0.008385978835
6375	0.007415316531
6376	0.002609885484
6377	0.0001137577749
6378	9.536784741e-07
6379	0.003996448475
6380	0.008074014327
6381	0.008750561873
6382	0.009094237897
6383	0.003637985573
6384	0.0007217331382
6385	1.117166213e-05
6386	0.0005120287872
6387	0.006948426416
6388	9.536784778e-06
6389	1.498637631e-06
6390	0.003488433763
6391	0.007884560456
6392	0.004696909745
6393	0.006551894846
6394	0.002117217386
6395	0.01173152593
6396	0.02666426277
6397	0.0004743921449
6398	2.098092639e-05
6399	2.452316078e-06
6400	0.009926288628
6401	0.001086520914
6402	0.004086738396
6403	1.73543532e-05
6404	1.089918256e-06
6405	1.089918256e-06
6406	0.002361343091
6407	0.006080389674
6408	0.002257844037
6409	0.005621043345
6410	6.069936421e-05
6411	0.002798631293
6412	0.004033038258
6413	0.0009725300584
6414	0.01216043415
6415	0.006892083446
6416	0.001397365715
6417	0.006043053717
6418	4.745598241e-05
6419	0.01128344137
6420	0.0006996373037
6421	0.0115412635
6422	0.002354114346
6423	0.001520131522
6424	0.00597861552
6425	0.01167022809
6426	1.453224338e-05
6427	0.002552572414
6428	0.006957235572
6429	0.005074174284
6430	0.001727516699
6431	7.493188018e-06
6432	0.002798924904
6433	0.0008246552573
6434	0.006173537451
6435	0.002609138164
6436	5.177111713e-06
6437	5.177111713e-06
6438	0.01322370432
6439	0.001416053998
6440	0.005179420145
6441	8.719346016e-06
6442	8.719346016e-06
6443	0.002449720922
6444	0.00665922375
6445	0.005191864233
6446	0.001688894828
6447	0.003051993997
6448	0.003630881426
6449	0.01774997851
6450	1.66212534e-05
6451	0.005061870368
6452	0.001634438049
6453	0.0006737960249
6454	9.128065396e-06
6455	2.861294903e-06
6456	0.01248470745
6457	0.003667996038
6458	0.002772754046
6459	0.002135562116
6460	0.004568476717
6461	0.007115420908
6462	0.009175406999
6463	0.0006858714931
6464	0.007189590847
6465	0.003654495047
6466	0.0002399558108
6467	0.003929994155
6468	0.008833913007
6469	9.441982208e-05
6470	0.0007986098702
6471	0.01408138508
6472	0.006926160208
6473	0.01166920579
6474	0.008354471285
6475	0.001398512528
6476	0.002656559021
6477	8.719346052e-06
6478	3.106267032e-05
6479	0.003662837116
6480	0.01007216311
6481	0.006809861484
6482	0.001194926131
6483	0.010447243
6484	0.00419144072
6485	0.009205912379
6486	4.332425073e-05
6487	0.002316896822
6488	0.007097529544
6489	0.008338155904
6490	8.760217986e-05
6491	0.005561687728
6492	6.130790176e-06
6493	0.0002198328774
6494	0.002240884295
6495	0.01205261016
6496	0.0006111949129
6497	0.001168978122
6498	0.002594307743
6499	1.035422343e-05
6500	8.174386942e-07
6501	0.006863461935
6502	0.002262806654
6503	0.002789282537
6504	1.226158038e-05
6505	1.226158038e-05
6506	3.837420529e-05
6507	0.0004117087484
6508	0.002378492217
6509	0.004839561604
6510	0.0009304661794
6511	0.003648329745
6512	0.001259592295
6513	0.005376554261
6514	0.00524829971
6515	0.008399768034
6516	0.005493539862
6517	0.01686534644
6518	0.005610403173
6519	2.724795675e-07
6520	2.724795675e-07
6521	0.008236507708
6522	0.001864115138
6523	0.01231985428
6524	0.0005485518445
6525	1.294277929e-05
6526	0.002246623093
6527	0.006997116137
6528	0.0002159272353
6529	0.009374670783
6530	0.00750522116
6531	0.003670029936
6532	0.003274931902
6533	0.002076828118
6534	0.002737438993
6535	0.01043779336
6536	0.001925623614
6537	0.002546218172
6538	0.003232546767
6539	0.00644818489
6540	0.003537447811
6541	0.008034036824
6542	0.002192323542
6543	0.008618206649
6544	0.004925584857
6545	0.006166766135
6546	0.004217230036
6547	0.002851089839
6548	1.498637574e-06
6549	9.082652132e-06
6550	1.031603115e-05
6551	0.003195514635
6552	0.0001053133515
6553	0.01107158142
6554	0.000421905193
6555	0.003015078282
6556	0.01440907176
6557	0.0005039047552
6558	0.007046528346
6559	0.001036975216
6560	0.01185032596
6561	0.001986604427
6562	1.332879205e-05
6563	0.0002377548171
6564	1.525885559e-05
6565	1.525885559e-05
6566	0.003521894437
6567	0.008215297075
6568	0.001185236554
6569	0.001015529072
6570	0.003476896754
6571	0.005397800127
6572	4.768392372e-06
6573	0.004001251959
6574	0.01862811535
6575	0.001681111639
6576	6.506421498e-05
6577	0.005700290029
6578	1.457765667e-05
6579	7.629427794e-06
6580	0.008478359363
6581	0.009140339241
6582	0.001956128054
6583	0.003656370252
6584	0.006226378975
6585	0.00569217693
6586	0.01646715139
6587	1.907356948e-05
6588	1.907356948e-05
6589	0.007022245485
6590	0.00995594634
6591	0.009337039816
6592	0.001444680751
6593	0.006578334973
6594	0.00153312441
6595	0.008147619231
6596	4.250681198e-05
6597	0.009173515719
6598	0.0004001477208
6599	0.004376144172
6600	0.005975700098
6601	0.0211318523
6602	0.004471476905
6603	0.00236698721
6604	0.0008759710211
6605	0.006734203628
6606	0.009267212525
6607	0.01100853538
6608	0.007335151983
6609	0.0025304417
6610	0.002502131876
6611	1.498637602e-05
6612	1.498637602e-05
6613	0.0009079913304
6614	0.003115711863
6615	0.005375158096
6616	0.0212006552
6617	0.007447166192
6618	0.0009599506251
6619	0.02239830549
6620	5.817438688e-05
6621	0.001831020982
6622	0.001208848584
6623	6.239782019e-05
6624	0.006738093994
6625	0.003099496598
6626	8.174386921e-06
6627	0.003486830103
6628	0.002162689401
6629	0.009688654574
6630	0.01543799115
6631	2.098092643e-05
6632	2.098092643e-05
6633	0.001693512825
6634	0.004529685595
6635	0.01493571754
6636	0.00612668652
6637	0.001843611098
6638	0.001170441961
6639	8.583106238e-06
6640	5.9400545e-05
6641	0.002228503092
6642	0.004994919336
6643	0.0004743201795
6644	0.0003148074059
6645	0.002955686189
6646	0.02746807433
6647	0.009293582013
6648	0.008632038803
6649	0.0198472281
6650	3.269754784e-06
6651	3.269754784e-06
6652	0.008029986589
6653	0.00258740241
6654	0.01193258339
6655	0.009057858764
6656	0.005384834037
6657	0.0004036737393
6658	0.005606795322
6659	0.001660720871
6660	0.001937220817
6661	0.005868015773
6662	0.00164048311
6663	0.0006636115324
6664	0.001123430014
6665	0.01466303246
6666	0.008625094781
6667	0.001006921682
6668	0.00150936722
6669	0.004971164809
6670	0.004210954279
6671	0.009670343362
6672	0.01363084826
6673	0.01260837238
6674	0.002558993487
6675	0.008007949015
6676	0.003641931963
6677	0.01184446085
6678	0.01514362657
6679	0.002646407584
6680	0.006178673228
6681	0.002564017625
6682	0.0003063773799
6683	0.003148799238
6684	0.003788960074
6685	0.007505665642
6686	0.01067324836
6687	0.002296440137
6688	0.02161469978
6689	0.002139279288
6690	0.007192348397
6691	0.001401210845
6692	0.0005337051976
6693	0.01548172312
6694	0.002236757756
6695	0.004270329292
6696	0.01539828719
6697	0.001170784563
6698	5.708446866e-05
6699	0.0002522543918
6700	0.002786747155
6701	0.002831928523
6702	0.002901133737
6703	0.00188474097
6704	0.01382408556
6705	9.809264307e-06
6706	0.006122432035
6707	0.005481014841
6708	0.002808988884
6709	2.009074934e-05
6710	0.0001985382517
6711	0.00177523339
6712	0.003350189221
6713	1.498637603e-06
6714	0.004898451731
6715	0.009915642976
6716	0.00393328988
6717	2.147103686e-05
6718	1.117166216e-05
6719	0.004952041367
6720	0.001714558181
6721	0.005674811831
6722	0.00810471672
6723	0.003019156378
6724	4.632152585e-06
6725	4.632152585e-06
6726	0.001044307191
6727	0.003051577178
6728	2.111716617e-05
6729	0.0009848303775
6730	0.006217239934
6731	0.008030817032
6732	0.002944737612
6733	0.0001061793194
6734	0.002481195975
6735	0.0004365456065
6736	0.004676263513
6737	0.01080343685
6738	0.01545451125
6739	0.0006921592859
6740	2.479564033e-05
6741	0.01654069496
6742	0.0002572894303
6743	0.0009655839402
6744	0.004148817612
6745	0.005122159257
6746	2.043596737e-06
6747	0.01811981803
6748	0.003445901849
6749	0.0008814810826
6750	0.004322935747
6751	0.002136736038
6752	0.006083220572
6753	0.01054795741
6754	0.0004538825809
6755	0.001140866249
6756	0.01186270496
6757	0.008044201743
6758	7.765667537e-06
6759	0.005480279682
6760	0.005414461347
6761	0.0004505667473
6762	0.0002246581886
6763	0.01141245456
6764	0.001368847078
6765	0.003115087611
6766	0.003662272542
6767	0.002370566329
6768	0.003073722321
6769	0.005860094991
6770	0.001969721779
6771	0.003249494413
6772	0.007631618749
6773	1.702997276e-05
6774	0.001245027557
6775	0.002816063353
6776	0.006523580865
6777	0.00865847364
6778	0.000870170372
6779	0.0005687348789
6780	0.01277865964
6781	0.000193346884
6782	0.005311884131
6783	0.003258515635
6784	0.001143217506
6785	0.0003185839417
6786	0.01132609512
6787	0.006057418267
6788	0.0138256313
6789	0.003159079897
6790	5.803814714e-05
6791	0.001896512011
6792	0.003111968713
6793	0.0003303294939
6794	0.003409065202
6795	0.001739636168
6796	0.002461622995
6797	0.009911724001
6798	0.004256154337
6799	0.01684357875
6800	0.003781650308
6801	0.002940950041
6802	0.005869271111
6803	0.01020281721
6804	0.003852048682
6805	0.006318833458
6806	0.01722363298
6807	0.01101495853
6808	0.001071419043
6809	5.871934605e-05
6810	0.002804262797
6811	0.006193975608
6812	0.007385147374
6813	0.006157852656
6814	0.005382949161
6815	0.00588319992
6816	1.062670303e-05
6817	0.002774929066
6818	0.01008790725
6819	0.01260045621
6820	0.0004998060716
6821	2.452316076e-05
6822	2.452316076e-05
6823	0.001546493603
6824	0.002811272959
6825	0.006508914094
6826	0.003254417087
6827	0.00131727346
6828	0.004091311807
6829	0.002160073587
6830	0.003284161809
6831	0.00404360833
6832	0.0001176548221
6833	0.003137910774
6834	5.449591281e-06
6835	0.01250062476
6836	0.004826107602
6837	0.002531650087
6838	9.552553546e-05
6839	0.009993081801
6840	0.002316235878
6841	0.001321207646
6842	0.001072827126
6843	0.003170931244
6844	0.002250531411
6845	5.844686651e-05
6846	0.001928846582
6847	0.01073360187
6848	0.006767511101
6849	0.0003163582983
6850	0.004845873471
6851	0.005799358782
6852	0.00924403602
6853	0.003399876555
6854	0.004796503995
6855	0.0009299321184
6856	4.741144414e-05
6857	0.0007876422849
6858	0.007774238871
6859	0.0004247269812
6860	0.0005504753232
6861	0.002072852288
6862	0.002163017852
6863	0.009895705087
6864	0.002235341575
6865	0.002515287913
6866	0.004825168971
6867	0.01248272415
6868	0.008975834063
6869	0.008406038923
6870	8.174386935e-07
6871	8.174386918e-06
6872	0.005457128074
6873	6.130790182e-06
6874	0.0009759043554
6875	0.008916154371
6876	0.007793073918
6877	0.00861042505
6878	0.01647330097
6879	0.0006984507432
6880	0.0005969391627
6881	0.007317646383
6882	0.001732152686
6883	0.006532254242
6884	0.002453677866
6885	0.01359625083
6886	0.004670371644
6887	0.0006800415027
6888	6.69116866e-05
6889	3.283378751e-05
6890	0.002494797314
6891	0.001219246585
6892	0.008987144544
6893	0.002377100547
6894	0.0003705528139
6895	0.009052377087
6896	0.0016341231
6897	0.002057152855
6898	0.009517254624
6899	0.01041989737
6900	0.00425643294
6901	0.004956261251
6902	0.003543718819
6903	0.003542137996
6904	0.002126062678
6905	0.0001017059689
6906	0.007537540941
6907	0.0008958956339
6908	0.002708448095
6909	0.002795706364
6910	0.01783593376
6911	0.00549690709
6912	0.00121478834
6913	5.040871934e-05
6914	0.00119917089
6915	0.00439137216
6916	0.004025977091
6917	0.006184485095
6918	0.007231932576
6919	1.089918256e-05
6920	0.008109657164
6921	0.01875727366
6922	0.006305419493
6923	0.002580074056
6924	2.724795853e-07
6925	2.724795853e-07
6926	0.01228729313
6927	0.003183328372
6928	0.002027173023
6929	0.004595104071
6930	0
6931	0.01040031928
6932	0.008230768728
6933	0.0007676049186
6934	0.005569564624
6935	0.00172013667
6936	0.002752622476
6937	0.001004544308
6938	0.008000555413
6939	0.003531152969
6940	1.798365118e-05
6941	2.888283378e-05
6942	2.888283378e-05
6943	1.280653947e-05
6944	0.002655051886
6945	0.007510726916
6946	0.0006726303186
6947	0.001903641567
6948	0.005788718019
6949	0.01567102431
6950	0.008354949743
6951	0.005157492879
6952	0.00750662855
6953	0.0009272145815
6954	1.570844685e-05
6955	0.00565761454
6956	0.0006128254802
6957	0.001050081433
6958	0.0006769896868
6959	0.01273199645
6960	0.006106789934
6961	0.001130339275
6962	0.0001173024523
6963	0.002153357649
6964	0.009039898819
6965	0.0001100817439
6966	3.269754771e-06
6967	3.269754771e-06
6968	0.002075323409
6969	0.006186505115
6970	0.003194214247
6971	0.005317156091
6972	0.000207597336
6973	0.001911480399
6974	0.006224175045
6975	0.004073970421
6976	0.009809553246
6977	0.007576149652
6978	0.0001547637089
6979	0.004258498146
6980	0.002242121905
6981	0.001889081338
6982	0.0005125976695
6983	0.009613603336
6984	0.008549809715
6985	0.0009053558999
6986	0.006812913636
6987	0.001293962044
6988	0.004417451282
6989	0.01001163154
6990	0.001822440844
6991	0.004287099349
6992	7.193460491e-05
6993	0.006356596122
6994	0.005194705342
6995	0.007172179966
6996	0.003295888992
6997	0.0004574613267
6998	0.003568376872
6999	0.01169409312
7000	0.003203995275
7001	0.003178764869
7002	1.907356944e-06
7003	0.0061926364
7004	0.0004004390809
7005	0.01582447587
7006	0.007663734232
7007	3.133514937e-06
7008	0.005933404991
7009	1.587647593e-05
7010	0.01149180599
7011	0.001956117886
7012	0.0110950245
7013	0.001808714479
7014	0.004275618933
7015	1.089918259e-06
7016	1.089918259e-06
7017	0.01015492467
7018	1.280653947e-05
7019	0.008157534039
7020	0.0006869247387
7021	0.002888442951
7022	0.01383065209
7023	0.000867247483
7024	0.003177449127
7025	0.002503907941
7026	1.525885561e-05
7027	1.525885561e-05
7028	0.001962120109
7029	0.002794080398
7030	0.000851877777
7031	0.008353298707
7032	0.002049336568
7033	0.01783673246
7034	0.004189096642
7035	2.402361491e-05
7036	1.198910081e-05
7037	1.198910081e-05
7038	0.0003289788527
7039	0.001661647985
7040	0.005584299002
7041	0.00623240054
7042	0.005231432252
7043	0.003557872213
7044	0.009485511417
7045	0.00769593089
7046	0.002829333346
7047	0.002290641237
7048	0.01133746079
7049	0.006423999683
7050	0.009567855768
7051	0.002876073025
7052	0.001513173776
7053	0.007646485759
7054	6.411509559e-05
7055	0.0217506709
7056	0.002450845733
7057	0.003440694718
7058	1.444141689e-05
7059	1.444141689e-05
7060	0.004371377473
7061	0.004740434092
7062	0.01049939822
7063	3.315168032e-06
7064	0.0005868850887
7065	0.002844809004
7066	0.005464963362
7067	1.08991826e-06
7068	1.08991826e-06
7069	4.032697549e-05
7070	0.0140504126
7071	1.008174392e-05
7072	0.0003252026106
7073	0.0005158290686
7074	6.158301121e-05
7075	0.008706261246
7076	0.0007524259331
7077	0.01011335068
7078	0.00623251353
7079	0.002332662906
7080	0.0002020164339
7081	0.01171358895
7082	0.01056234616
7083	0.0008548028248
7084	0.01007299852
7085	0.001545756687
7086	0.004183771085
7087	0.002254133329
7088	0.002850688348
7089	0.01469728091
7090	0.0004886972361
7091	0.001312367245
7092	0.002497596824
7093	7.008995876e-05
7094	0.004844964791
7095	0.01422498162
7096	0.008335359623
7097	0.00464425558
7098	0.007162990335
7099	0.004238292548
7100	4.087193462e-06
7101	4.087193462e-06
7102	0.0001004087194
7103	0.00198488951
7104	0.009555478383
7105	2.452316079e-05
7106	0.009151976457
7107	0.0001858819696
7108	0.003882869561
7109	0.002073945754
7110	0.006288685922
7111	0.0004842268827
7112	0.005528757611
7113	0.004232689744
7114	0.0008940531887
7115	0.001091927942
7116	0.002773294387
7117	0.01142089992
7118	0.01009580831
7119	0.000363957219
7120	1.975476839e-05
7121	0.01341579721
7122	0.005836238702
7123	1.389645774e-05
7124	3.269754768e-06
7125	9.809264302e-06
7126	9.809264302e-06
7127	0.001954276527
7128	0.001811547521
7129	0.005365193877
7130	0.002289013241
7131	0.006206838176
7132	0.004679645016
7133	0.02527451033
7134	1.716621253e-05
7135	1.716621253e-05
7136	0.006796361982
7137	0.003717470744
7138	2.316076296e-06
7139	0.006559347757
7140	0.003002399675
7141	0.006019360116
7142	0.01813989024
7143	0.000926709641
7144	0.003745032625
7145	0.005669843291
7146	0.0006996556375
7147	1.321525888e-05
7148	0.00999215028
7149	0.007554049779
7150	0.007255100992
7151	0.006875321095
7152	0.00847113874
7153	0.01138982695
7154	0.003793231007
7155	0.002925146161
7156	0.01014736024
7157	9.536742182e-05
7158	0.001131758591
7159	0.0008457772708
7160	0.008417124307
7161	5.803814711e-05
7162	4.943233423e-05
7163	0.003948887692
7164	0.004517435144
7165	0.004280797813
7166	0.002600888074
7167	0.003051668989
7168	2.152588559e-05
7169	2.152588559e-05
7170	0.002453405987
7171	0.0007828180276
7172	0.003214633385
7173	0.008638472606
7174	2.098092639e-05
7175	2.098092639e-05
7176	4.904632132e-06
7177	0.0006153139921
7178	0.00815625552
7179	0.0009260359284
7180	5.443135055e-05
7181	0.002679324301
7182	7.122295739e-05
7183	0.002777529015
7184	9.114441421e-05
7185	0.001904675219
7186	0.001728835267
7187	0.001320788302
7188	0.006289810752
7189	1.008174387e-05
7190	0.003918230898
7191	0.004382375872
7192	0.002902056564
7193	0.001720397711
7194	0.01201952194
7195	0.01370886656
7196	0.0003956110838
7197	0.001246311849
7198	0.005285511547
7199	0.00301188983
7200	0.00259607777
7201	0.0007243323727
7202	8.812443238e-05
7203	0.002803594018
7204	0.01304720559
7205	0.00136156451
7206	0.008205163456
7207	0.003245430491
7208	0.004950188189
7209	0.001460542237
7210	0.004748627269
7211	5.177111716e-06
7212	5.177111716e-06
7213	0.01059629052
7214	0.000145539909
7215	0.008374148625
7216	0.01070127839
7217	0.007044973795
7218	0.000206247322
7219	0.003940556169
7220	0.006617718487
7221	0.006715290564
7222	0.01204382268
7223	0.01098658894
7224	0.008931280078
7225	0.004483104032
7226	0.00583594025
7227	3.169845645e-06
7228	0.006012264311
7229	0.002910225099
7230	0.01318496506
7231	0.008987813103
7232	2.302452313e-05
7233	0.00330719704
7234	0.003084042651
7235	0.003132011594
7236	0.00272051937
7237	0.007879234886
7238	0.003863132353
7239	0.01333106697
7240	0.0003436067908
7241	0.0004068761325
7242	0.002108710997
7243	0.01110105801
7244	0.002523232069
7245	0.001933070121
7246	0.005485819574
7247	0.005577715666
7248	0.001389450669
7249	0.01285636412
7250	0.004162227773
7251	0.003289908085
7252	0.008827389219
7253	0.0003159782637
7254	0.007135449221
7255	0.009685874595
7256	0.002706591102
7257	0.002721871828
7258	0.001135261187
7259	5.812133307e-05
7260	0.0004508015029
7261	0.02007969358
7262	0.003689740256
7263	0.001773992012
7264	0.001322141841
7265	0.002600423042
7266	0.001655761319
7267	0.003113999952
7268	0.001251809028
7269	0.007553527645
7270	0.006035928736
7271	0.002127620008
7272	0.01465632329
7273	0.005224219468
7274	1.607629428e-05
7275	0.001643118652
7276	0.00235803504
7277	0.006866275665
7278	0.007873439957
7279	0.001822409477
7280	0.01049773536
7281	0.000115667575
7282	0.0002975954731
7283	0.00195694919
7284	0.003473487872
7285	0.008888357696
7286	5.585831023e-06
7287	0.00854969058
7288	0.01052870447
7289	0.0091372981
7290	0.007331752661
7291	0.008582663586
7292	0.002072770781
7293	7.629427791e-06
7294	0.005000322308
7295	0.008322888531
7296	0.01766694812
7297	0.002470045562
7298	0.01610024415
7299	0.009967460017
7300	7.765667614e-06
7301	0.002872624098
7302	0.009370270082
7303	0.01230333436
7304	0.0004154778055
7305	0.0002108417672
7306	0.00181453838
7307	0.006025400416
7308	0.008399589452
7309	0.0004279597676
7310	0.0005478460226
7311	7.084468663e-06
7312	7.084468663e-06
7313	0.004266711366
7314	0.0115683404
7315	0.01670257471
7316	2.316076314e-06
7317	0.00162151437
7318	7.493188092e-06
7319	0.008120933033
7320	0.002117627507
7321	0.003861241841
7322	0.003879530473
7323	0.0001298819255
7324	0.008508707983
7325	0.01008681404
7326	0.004192565469
7327	0.0229683386
7328	0.002508508696
7329	0.005672052404
7330	0.003605691697
7331	0.006707758854
7332	0.01436743154
7333	3.042688463e-06
7334	0.01361285431
7335	0.0008450239637
7336	0.002352584061
7337	0.007138950636
7338	2.452316033e-06
7339	0.0001496992125
7340	0.01014501598