node_id	error
0	0.001858304654
1	0.001337749941
2	0.001029954512
3	0.0008599578649
4	0.001346374729
5	0.0007190352242
6	0.02310972917
7	0.1217737696
8	0.00221780278
9	0.003963937773
10	0.001411249442
11	0.001311694876
12	0.0005147378234
13	0.0001239534347
14	0.0005482452242
15	0.001345797599
16	0.002397188438
17	0.001469198899
18	0.0003907151562
19	0.0005461745778
20	0.00029118472
21	0.02243874916
22	0.0003525568237
23	0.0007891703685
24	0.03717410246
25	0.004230158054
26	0.3007146598
27	0.6360802866
28	0
29	0.3639140001
30	0.0007446465567
31	0.0009467010649
32	0.003603059357
33	0.0003369000857
34	0.002143844712
35	0.2268263391
36	0.0005681977543
37	0.000980211467
38	0.0001833928778
39	0.001305852471
40	0.5597896273
41	0.9395748623
42	0.001298394537
43	0.1922943643
44	0.002792530266
45	0.001394602705
46	0.0008555967112
47	0.001106195753
48	0.08040501094
49	0.0003199917828
50	0.09427252713
51	0.0933055512
52	0.1508926652
53	0.01057212835
54	0.000881501452
55	0.0009580014688
56	0.0004716759068
57	0.001219191173
58	7.204004977e-05
59	0.0003044272044
60	0.02004141463
61	0.00118690061
62	0.001338491179
63	0.0008881597863
64	0.00156875684
65	0.001045461967
66	0.000378857666
67	0.1398592916
68	0.9984735195
69	0.0586090996
70	0.06175064209
71	0.0001862600424
72	0.001308340501
73	0.001397677899
74	0.0007792246823
75	0.01070875535
76	0.001823435417
77	0.0001485809785
78	0.0008881878072
79	0.1368590535
80	0.001526917408
81	0.0004521211934
82	0.001565638717
83	0.001628438646
84	0.0008249681465
85	0.0003326600267
86	0.01931962399
87	0.0008689570324
88	0.001311434436
89	0.006726505058
90	0.001311253637
91	0.001401603955
92	0.0005095316527
93	0.0002153805537
94	0.001655584512
95	0.0004258241026
96	0.0004207259763
97	0.000739550361
98	0.0004615312188
99	0.0007611397685
100	0.0002092486519
101	0.001816801113
102	0.001236876036
103	0.001211110399
104	0.001392942671
105	0.000755148296
106	0.001993473327
107	0.000662224352
108	0.0004537931018
109	0.06316795354
110	0.1661970624
111	0.007673051192
112	0.4848351739
113	0.001357975002
114	0.0002849600523
115	0.001712300715
116	0.02080767474
117	4.130261063e-05
118	0.0006677913676
119	0.0009892518291
120	0.0002323381856
121	0.003795093279
122	0.001833190197
123	6.363220459e-05
124	0.001142292043
125	0.00370258227
126	0.000237889217
127	0.0001850471202
128	0.4220720549
129	0.5198445431
130	0.001676075352
131	0.000460730628
132	0.04182469052
133	0.04002760765
134	0.04158342602
135	0.1382223464
136	0.2963360812
137	0.005650102574
138	0.003892707161
139	0.0008610424856
140	0.0005281080344
141	0.008617704667
142	0.001024169449
143	0.0007499462076
144	0.03824449533
145	0.1376300534
146	0.01909382532
147	0.0001398675527
148	0.0009368719128
149	0.0005191378161
150	0.001211837696
151	0.00167708635
152	0.03655407322
153	0.02043765976
154	0.002297901069
155	0.0005440059242
156	0.0008908123065
157	0.001556346754
158	0.001951926074
159	0.5239623931
160	0.4635808012
161	0.122376238
162	0.08731370775
163	0.002229929656
164	0.0008534504913
165	0.02007621533
166	0.02010172043
167	0.0002658621657
168	0.0004068304691
169	0.0009104089161
170	0.001517898662
171	0.5580482925
172	0.0009224883156
173	0.4205657155
174	0.002239120665
175	0.004239183221
176	0.000974340892
177	0.0003257269607
178	0.001061060565
179	0.001749956739
180	0.007128155385
181	0.001283319713
182	0.002646271637
183	0.06246313228
184	0.002109311319
185	0.03996752952
186	0.9978299728
187	0.3799299728
188	0.9198079019
189	0.0006324789194
190	0.003438669887
191	0.0002421617581
192	0.002467210031
193	0.000716205233
194	0.00085111127
195	0.001992947631
196	0.06139638408
197	0.0002820221936
198	0.1404643004
199	0.3385467161
200	0.02096730533
201	0.002391164091
202	0.06046746153
203	0.63844106
204	0.5052246541
205	0.1000191123
206	0.002450934414
207	0.0003989078097
208	0.01625360843
209	0.05914931687
210	0.1837744474
211	0.2459848552
212	8.591167339e-05
213	0.001797561998
214	0.001756562133
215	0.0003624438517
216	0.0005151156993
217	0.3362558785
218	0.3761539
219	0.0004390415578
220	0.001787609797
221	0.01066473664
222	0.0001344839369
223	0.0005474247145
224	6.592224351e-05
225	0.2764874693
226	0.4196630039
227	0.0002477798547
228	0.001784933428
229	0.000950049887
230	0.0004000758098
231	0.001416689926
232	0.3766369665
233	0.334681725
234	0.002324622253
235	0.0009532783718
236	0.003647798396
237	0.0003078092959
238	0.1199577657
239	0.9996918256
240	0.002517227598
241	0.02111202184
242	0.1199880109
243	0.1199880109
244	0.336699635
245	0.1987852437
246	0.01051996962
247	0.001154085686
248	6.43055537e-05
249	0.02061692687
250	0.0005135831958
251	0.4999228883
252	0.3399579019
253	0.1594561722
254	0.1386545534
255	3.922846703e-06
256	0.0004892679827
257	0.2015920994
258	0.2255619815
259	0.00099264015
260	0.0006385328635
261	0.0195318576
262	0.0002475127765
263	0.1605726727
264	0.8609860524
265	0.000781911878
266	0.0009756034603
267	0.0005466133472
268	0.01746950571
269	0.0006329181436
270	0.0008426090875
271	0.04226874117
272	0.04796850676
273	3.132316755e-05
274	0.001696730508
275	0.008609978798
276	0.001767392146
277	0.0005838312127
278	0.0004791994597
279	0.7411749485
280	0.7589992607
281	0.000102560254
282	0.001825598215
283	0.0003214661096
284	0.0009353529201
285	0.0009548275237
286	0.9984361807
287	0.9188249312
288	0.002344681832
289	0.001492995061
290	0.0007061341622
291	0.5418038259
292	0.5827301707
293	0.0008403080023
294	0.0005087697243
295	0.001258276693
296	0.1562364878
297	0.2380023022
298	0.0002815642744
299	0.000464738863
300	0.0004748502033
301	0.002729719188
302	0.0003479560174
303	0.00412011215
304	0.001119455002
305	6.369343352e-05
306	0.0002212124853
307	0.0006640814907
308	0.0001029561935
309	0.002383966811
310	0.0008796533712
311	0.0004978081009
312	9.75373035e-05
313	0.001243052715
314	0.09937416537
315	0.001017411082
316	0.0007056192939
317	0.001211721278
318	0.009879643534
319	0.001258482068
320	0.0007055498727
321	0.001723686268
322	0.0204931342
323	0.0002965253515
324	2.798836683e-05
325	0.0003089539114
326	0.1185043764
327	0.08122884345
328	0.02117691467
329	0.3248428287
330	0.007168314794
331	0.005396236574
332	0.001923232302
333	0.001660687408
334	0.001940763104
335	0.0006941014288
336	1.313131042e-05
337	0.1397210518
338	0.1203764999
339	0.0009151416738
340	0.3813941498
341	0.06409929313
342	0.0001510481473
343	0.001263563151
344	0.00315130234
345	0.0002619152062
346	0.0008789957696
347	0.001087512428
348	0.001430588788
349	0.0005164084139
350	0.0008643662569
351	0.0003526621388
352	0.461096648
353	0.009480669667
354	0.4805639461
355	4.040454781e-05
356	0.001771543428
357	0.001613114219
358	0.001223138473
359	0.0001208971358
360	0.0004746337559
361	0.005145718436
362	0.0009438823827
363	0.002683998555
364	0.06515236324
365	0.4536310434
366	0.3368442484
367	0.01501983815
368	0.0002574024798
369	0.0009630042596
370	0.0002614928461
371	0.0004388112097
372	0
373	0.001418574048
374	0.2198123602
375	0.0001449611996
376	0.0005432442803
377	0.02831550182
378	0.001973427035
379	0.0574929417
380	0.09639904363
381	0.09440841748
382	0.0002257592345
383	0.0002455636351
384	0.185013229
385	0.165044887
386	0.004973841738
387	0.0009636693365
388	0.002126686386
389	0.001362288504
390	0.0003751408114
391	1.893000871e-05
392	0.9980761898
393	0.9787867757
394	0.001998720235
395	0.001693193875
396	0.06031256802
397	0.1046284041
398	0.08862465578
399	0.0006804683131
400	0.0002531611695
401	0.006465966009
402	0.003339163622
403	0.000501834059
404	0.0004674742638
405	1.075043618e-05
406	0.0006016682164
407	0.0006590982161
408	0.001775418908
409	0.008563062568
410	0.07945391439
411	0.08042938851
412	0.001999848512
413	0.002005103864
414	0.03976465797
415	0.001640498813
416	0.04628763923
417	0.102325315
418	0.6794514986
419	0.9986632153
420	0.01885091811
421	0.0003614679574
422	0.000649711753
423	0.0002910837237
424	0.001651283959
425	0.1951846063
426	0.2534563005
427	0.2990062354
428	0.2183542247
429	0.0004976783534
430	0.5799207084
431	0.5799207084
432	0.3606146196
433	0.4592686641
434	0.9372707664
435	0.01038148188
436	0.02134146842
437	0.01672399362
438	0.01678458377
439	0.0001584552154
440	0.003060254227
441	0.00251065525
442	0.00135739028
443	0.2991848257
444	0.0004206395973
445	0.2983483733
446	0.373436361
447	0.1599671662
448	0.7998133515
449	0.0002740061041
450	0.4789061313
451	0.9585803784
452	0.0003660850282
453	0.000634592138
454	0.9375822589
455	0.7599063773
456	0.8190942655
457	0.001041377205
458	0.1403622925
459	0.0005077216383
460	0.0566456511
461	0.08349376468
462	0.001647165641
463	0.0003508747354
464	0.001151087974
465	0.001632798563
466	0.001398185846
467	0.001314447277
468	0.0009631738388
469	0.000252508189
470	0.0005616800157
471	0.0001983937771
472	0.001198227297
473	0.0008204194217
474	0.06089165163
475	0.000711525792
476	0.005862441729
477	4.55690561e-05
478	0.1640706835
479	0.2203200895
480	0.02198730251
481	0.0183585494
482	0.08005303112
483	0.02003800883
484	0.01721249673
485	0.002775687413
486	0.000614642391
487	0.000500638314
488	0.0008742684705
489	0.008064050499
490	0.4978729137
491	0.3593174229
492	0.002010912196
493	0.0006962582734
494	0.03836409065
495	0.0052716652
496	0.0004517393807
497	0.02347736946
498	0.00255083791
499	0.001516173716
500	0.002552026603
501	0.001566219306
502	0.0161005309
503	0.0008157576918
504	0.002720332027
505	0.00249818694
506	0.0001938657052
507	0.0006958981731
508	5.703203429e-05
509	0.0001382033582
510	0.0005084644417
511	0.0009715075174
512	0.1036244861
513	0.144505593
514	0.01454634299
515	0.09450200167
516	0.02027711257
517	0.5999176042
518	0.07955097242
519	0.001028188743
520	0.003536745128
521	0.004114683787
522	0.002329013347
523	0.0005623886504
524	0.001366641847
525	0.141493188
526	0.1225350791
527	0.001371535627
528	0.002945386092
529	0.001233900367
530	0.0006673217483
531	0.001037094637
532	0.06330967648
533	0.04147382739
534	0.0001944905505
535	0.0003964180796
536	0.203084794
537	0.3830932354
538	0.0003353565132
539	0.0001223771677
540	0.05623387919
541	0.001772671185
542	0.0003943909631
543	0.0001000909942
544	0.8193982289
545	0.006091251444
546	5.794528146e-05
547	0.04558057284
548	0.04467266446
549	0.1211609078
550	0.002100092408
551	0.01017278808
552	0.0006827646669
553	4.183163987e-06
554	0.002962514821
555	0.0002033248746
556	0.1422511691
557	0.1417793711
558	0.005044226369
559	0.07295424207
560	0.00114020778
561	0.001740838902
562	0.006438143421
563	0.0005411753371
564	0.003577188821
565	0.0004484154993
566	0.0009694168547
567	0.0002468289019
568	0.00715842926
569	7.132911987e-05
570	9.889676358e-06
571	0.00335902464
572	0.02288354496
573	0.006456356991
574	0.1769576752
575	0.1644533639
576	0.0004354990833
577	0.004473087959
578	0.001532154282
579	0.004524243462
580	0.02023026911
581	0.3578878083
582	0.8755436931
583	0.0007104404952
584	0.004843064548
585	0.001254736964
586	0.005240963873
587	0.001934925834
588	0.001017736748
589	0.0003126838705
590	0.00129591554
591	0.001042702101
592	0.0001476834808
593	0.003846378909
594	0.002642756413
595	0.001611012087
596	0.2063769273
597	0.02418706626
598	0.0008845619839
599	0.001514400099
600	0.1420768679
601	0.7031073313
602	0.07960728813
603	0.001446415657
604	0.2799626703
605	0.2799626703
606	0.06090127287
607	0.0003091857253
608	0.0007352232512
609	0.001294205177
610	0.0005085945032
611	0.0001246482278
612	8.257075058e-05
613	0.002381194172
614	0.0009275780542
615	0.0009816893978
616	0.0002551876505
617	0.002158490494
618	0.002172570169
619	0.001798397381
620	0.03772184959
621	0.0003334953818
622	0.001467134745
623	0.6672279939
624	0.666376589
625	0.0003167234431
626	0.01070310831
627	0.004096802412
628	0.1865257743
629	0.5444517842
630	0.0002610239987
631	9.357516597e-06
632	0.0002293463827
633	0.4693408611
634	0.0008793156587
635	0.001545631843
636	0.001860620275
637	0.001162164818
638	0.01063554626
639	0.00120783187
640	0.0008591175065
641	0.001383221589
642	0.01901443613
643	0.5224781542
644	0.000162586679
645	0.004905224403
646	0.197991996
647	0.0001244367164
648	0.00494466676
649	0.0002883600017
650	0.0002425475861
651	0.8989323427
652	0.0004042985989
653	0.0002063789669
654	0.001541364067
655	0.001141308238
656	0.0005241644735
657	0.001502737233
658	0.03658184061
659	0.000454323017
660	0.03985668092
661	0.1982934372
662	0.004435576054
663	0.08423625618
664	0.7176693011
665	0.7582947923
666	0.0008870194251
667	0.001902918447
668	0.7835622307
669	0.8038593536
670	0.0004442337996
671	0.0008707142189
672	0.002419970836
673	0.2387195802
674	0.0001373412217
675	0.5198803815
676	0.961286021
677	0.02175140964
678	0.02780830721
679	0.0002461999394
680	0.07565596431
681	0.07374880858
682	0.1205847996
683	0.1421309476
684	0.002307366685
685	0.000812746699
686	3.766087557e-05
687	0.005250894541
688	0.000925159877
689	0.03651730094
690	0.0004748080024
691	0.001599246219
692	0.7196130563
693	0.9992642598
694	0.001807513766
695	0.009481714147
696	0.001211605648
697	0.001077535061
698	0.01152418156
699	0.002091104777
700	0.003099063717
701	0.001198794912
702	0.002713156474
703	0.02149615251
704	0.01056308948
705	0.00286538608
706	0.0002474746142
707	0.0009458630414
708	0.0003351987034
709	0.001822379768
710	0.001377973196
711	0.001489944253
712	0.8591232854
713	0.9790764712
714	0.6797074932
715	0.9993700272
716	0.001315040877
717	0.01114936919
718	0.001074623596
719	0.0009342318585
720	5.268252003e-05
721	0.00212711082
722	0.003758482963
723	0.036231464
724	0.1811093013
725	0.00107516798
726	0.001635516286
727	0.0005858552978
728	0.0005555340832
729	0.001430649693
730	0.1790211562
731	0.1589197422
732	0.1192181074
733	0.4999307902
734	0.7398825613
735	0.4780710911
736	0.3610778628
737	0.0008977280096
738	0.0009761830895
739	0.004272703271
740	0.0006916838718
741	0.0005092063608
742	0.1578781309
743	0.7008138957
744	0.1000915022
745	0.4398546322
746	0.999546049
747	0.01336629551
748	0.4816346838
749	0.1557911973
750	0.0008684704246
751	0.006892567268
752	0.0006167594108
753	0.0001018854264
754	0.001529501787
755	0.1425619784
756	0.1600562521
757	0.0006591611727
758	0.009110751264
759	0.1824930998
760	0.004443597713
761	0.6747527782
762	0.8753057366
763	0.4777581548
764	0.5588353077
765	0.3249848899
766	0.308568877
767	1.106700558e-05
768	0.0003633673045
769	0.0007255638077
770	0.0008200323975
771	0.1707029046
772	0.4538515518
773	0.6581545782
774	0.06118189323
775	0.05227564933
776	0.6796940348
777	0.0001058150692
778	0.002819187818
779	0.0006285190159
780	0.120590068
781	0.0002052124295
782	0.0002390450648
783	0.001272365115
784	0.00020479141
785	0.09746771865
786	0.09753821793
787	0.001081821287
788	0.001512068415
789	0.0001035101972
790	0.9797092643
791	0.9997088556
792	0.6398626703
793	0.5199010899
794	0.0005251767617
795	0.276166915
796	0.1768376966
797	0.0003717450681
798	0.001972349706
799	0.001213012357
800	0.04132837647
801	0.04329933752
802	0.0002620327307
803	0.0008589567952
804	0.9983748456
805	0.9985987732
806	0.004115259317
807	0.3199129762
808	0.5587321851
809	0.9988533418
810	0.04019433672
811	0.0441022693
812	6.703521385e-05
813	0.001545011418
814	0.000461921161
815	0.3845882398
816	0.383496603
817	0.0001168936524
818	0.08457311241
819	0.3377419513
820	0.0009995071341
821	0.001915031574
822	0.0003474602145
823	0.4378577826
824	0.4377079593
825	0.001423574546
826	0.02441846677
827	0.0187845882
828	5.283463205e-05
829	0.00100518426
830	0.1408458889
831	0.1000361076
832	0.103955077
833	0.7198986376
834	0.7198986376
835	0.001262943902
836	7.908268414e-06
837	0.000205615219
838	0.0004187043898
839	0.004745689576
840	0.0004478005677
841	0.002243465716
842	0.00170085204
843	0.004306627999
844	0.002731333524
845	0.0002628766807
846	0.7585081734
847	0.1522966949
848	0.1586976664
849	0.001281539441
850	0.00036883649
851	0.001619263157
852	0.0407018661
853	0.2426078055
854	0.0007527990908
855	0.09811020223
856	0.4389284022
857	0.004092591853
858	0.5395688329
859	0.162979485
860	0.3763553121
861	0.0003713968214
862	0.2735970686
863	0.004576808721
864	0.02094656629
865	0.01976353432
866	0.0816647312
867	0.08731310188
868	0.1382182327
869	0.00101396906
870	0.001209220702
871	2.355117299e-05
872	0.001560357868
873	0.0005503475286
874	0.005293206185
875	0.06015897284
876	0.1246843381
877	0.002738964495
878	0.117964301
879	0.0002513845654
880	0.002636090589
881	0.000826282825
882	0.0003443577867
883	0.0006527789307
884	0.1799559946
885	0.859800545
886	9.789786008e-05
887	0.0007468305471
888	0.003756818394
889	0.0008831403514
890	0.002244964233
891	0.57749846
892	0.597344954
893	0.001675983969
894	0.005351702507
895	0.4559557384
896	0.4946410416
897	0.6770081176
898	0.3582506635
899	0.09961279175
900	0.07702059252
901	0.0005565397035
902	0.4416678398
903	0.008250433207
904	0.001282919717
905	0.9798400545
906	0.2199628065
907	0.004618994713
908	0.0002735157135
909	7.651030846e-05
910	0.003443283541
911	0.1786032108
912	0.32000803
913	0.02340819337
914	0.02093701366
915	0.001456161556
916	0.6625320021
917	0.4612481466
918	0.6802032417
919	0.6799609072
920	0.001300663276
921	0.01705046017
922	0.002282979622
923	0.0001969770017
924	0.3775228431
925	0.143969747
926	0.0001725543099
927	0.0005301495259
928	0.4796405995
929	0.9983692098
930	0.000774346071
931	0.006066119318
932	0.000426820644
933	0.0008580345344
934	4.259879685e-05
935	0.002936042063
936	0.001848459126
937	0.7944965828
938	0.8343487175
939	0.001162424921
940	0.0008282038028
941	0.1999591962
942	0.8197283036
943	0.002196581517
944	0.002574685817
945	0.004545556902
946	0.007411374194
947	0.05535019637
948	0.2343910779
949	0.006341826828
950	0.0001955113743
951	0.01106015381
952	0.00759635041
953	0.001557499899
954	0.2146108446
955	0.2897670713
956	0.001965805921
957	5.476340446e-05
958	0.0197322778
959	0.0005785028149
960	0.5467960892
961	0.04030759125
962	0.002325516783
963	0.0008198369051
964	0.002742969746
965	6.207336844e-05
966	0.005326604073
967	0.0001355669797
968	0.7978833852
969	0.08115524125
970	0.000723958397
971	0.001034926222
972	0.0009141473559
973	0.06117031402
974	0.02332806802
975	0.0001388518391
976	0.0002201836748
977	0.003329857846
978	8.599086177e-05
979	0.005023314118
980	0.2156553896
981	0.3558886581
982	0.1173642092
983	0.0005980145691
984	0.001047350479
985	0.01798148278
986	0.001711447038
987	0.006909542706
988	0.0008426436688
989	0.0005314214046
990	0.2864835203
991	0.1171733753
992	0.006884569548
993	0.1413944377
994	0.1416377307
995	0.619919891
996	0.619919891
997	0.07881647175
998	0.08520896483
999	0.002091875396
1000	0.000510771618
1001	0.6410478454
1002	0.0004813844554
1003	0.04099677137
1004	0.08503862051
1005	0.001006088238
1006	0.3779683572
1007	0.005530156792
1008	0.03685377206
1009	0.003261438153
1010	0.002720889914
1011	0.001924195287
1012	0.0002701793666
1013	0.1225493935
1014	0.006390558583
1015	0.2358451613
1016	0.9597313351
1017	0.7998325613
1018	0.00333839365
1019	0.003258281458
1020	0.001399549148
1021	0.08539332813
1022	0.07994406608
1023	0.003805865718
1024	0.003555494066
1025	0.0005062213145
1026	8.737506354e-06
1027	0.0008754123403
1028	0.0002685270498
1029	0.06468537089
1030	0.0009021018597
1031	0.0001316124725
1032	0.000388333155
1033	0.0002718347132
1034	0.04116189371
1035	0.4167166813
1036	9.768865648e-05
1037	0.00105330573
1038	0.4807476941
1039	0.0005094657258
1040	0.002096133928
1041	0.001687851851
1042	0.3250613928
1043	0.4198365582
1044	0.1640155611
1045	0.191108537
1046	0.005088580996
1047	0.0006568922288
1048	0.01467426505
1049	0.000844433872
1050	0.004355672201
1051	0.009464333965
1052	0.001446459986
1053	0.0003913884297
1054	0.002070735239
1055	0.001799630187
1056	0.0003260074709
1057	0.01169816364
1058	0.04084833628
1059	0.0006283111117
1060	0.0001656365142
1061	0.06869750757
1062	0.003734225581
1063	0.004049142231
1064	0.08472489592
1065	0.04278295126
1066	0.002088082751
1067	0.0007540010266
1068	0.001553345814
1069	0.0001932907744
1070	8.453672495e-05
1071	0.03899529791
1072	0.01544849706
1073	0.0008992930244
1074	0.001561961572
1075	0.4017746654
1076	0.09612481835
1077	0.07003400117
1078	0.0009422453684
1079	0.1410597818
1080	0.06524424014
1081	0.000508762497
1082	0.002259385032
1083	0.02604400845
1084	0.07770938267
1085	0.3184037587
1086	0.7223856264
1087	0.722447326
1088	0.0008063734115
1089	0.0005538965287
1090	0.06120565619
1091	0.001935870963
1092	0.05309667087
1093	0.05785309649
1094	0.002356624193
1095	0.6998351499
1096	0.9597405995
1097	0.05652238132
1098	0.05821123157
1099	3.341670177e-05
1100	0.0001216459027
1101	0.004488866603
1102	2.211345774e-05
1103	0.03177219622
1104	0.09853510538
1105	0.001760218586
1106	0.006704870801
1107	0.07789756487
1108	2.725539748e-05
1109	0.0009151579543
1110	0.00696513457
1111	0.007872375752
1112	0.0007578264848
1113	0.0004146627665
1114	0.0008335710228
1115	0.003896136645
1116	0.0004672656726
1117	0.001337318703
1118	0.0005237246531
1119	0.0214376511
1120	0.0003955170716
1121	0.0009242093728
1122	0.2198013624
1123	0.999033515
1124	0.08097390777
1125	0.05829374259
1126	0.0005814971129
1127	0.00205554779
1128	0.002038623802
1129	0.0008193815583
1130	0.001566068186
1131	0.9392034294
1132	0.9988945126
1133	0.7169385556
1134	0.01695749267
1135	0.0009792272809
1136	0.0004621865778
1137	0.4628288425
1138	0.1218588087
1139	0.03465235799
1140	0.03233986528
1141	0.09947655697
1142	0.0005287799812
1143	0.0006174400001
1144	0.005316775083
1145	0.0007611474616
1146	0.002268667874
1147	0.002283933225
1148	0.0004525015599
1149	0.001107197596
1150	0.2377222726
1151	0.1190589794
1152	0.04547438311
1153	0.001554643124
1154	0.2157309858
1155	0.6386654353
1156	6.673015953e-06
1157	0.003853018929
1158	0.002344120766
1159	0.01463467878
1160	0.0190386639
1161	9.297572675e-05
1162	0.002398715173
1163	0.01639350677
1164	0.0005550580938
1165	0.4554829265
1166	0.4552808165
1167	0.003414157226
1168	0.0008271237053
1169	0.001438327663
1170	0.00209819896
1171	0.001141754632
1172	0.006609141941
1173	0.05795991788
1174	0.002583496331
1175	0.001895101426
1176	0.002850221502
1177	0.001329219848
1178	0.003986156629
1179	0.008482951068
1180	0.0008254133673
1181	0.001304172883
1182	0.0009037066236
1183	0.2599574932
1184	0.4399384196
1185	0.0008355888873
1186	0.04428568886
1187	0.0001044539763
1188	0.1197737777
1189	0.4163329554
1190	0.5959998478
1191	0.001124903991
1192	0.5339550698
1193	0.001550357865
1194	0.0007279567897
1195	0.0009333583444
1196	0.085311654
1197	0.005836091504
1198	1.634877384e-06
1199	0.6603474807
1200	0.9997760218
1201	0.9198328338
1202	0.01605166202
1203	0.0004659301889
1204	0.02027217431
1205	0.1032008173
1206	0.6837775495
1207	0.0005815952611
1208	0.001169160503
1209	0.001126464655
1210	0.9790343983
1211	0.7596878749
1212	0.003062579742
1213	0.0005629783558
1214	0.003598313649
1215	0.1959943569
1216	0.004120568015
1217	0.0003377262362
1218	0.003597583081
1219	0.1422934242
1220	0.142111797
1221	0.1656918578
1222	0.2652884204
1223	0.0791138544
1224	0.4635942703
1225	0.01459284613
1226	0.04090126539
1227	0.00127262764
1228	0.0005266561878
1229	0.0009819651471
1230	0.00041909276
1231	0.0009394242159
1232	0.005434913416
1233	0.1209864285
1234	0.0001567578714
1235	0.2394591855
1236	0.1412761798
1237	0.06238256866
1238	0.001317355053
1239	0.01645108585
1240	0.001674358874
1241	0.000736218894
1242	0.001740572712
1243	0.001264712571
1244	0.0006835617102
1245	0.0002520253324
1246	0.7823535604
1247	0.8625693281
1248	0.1558984491
1249	0.05932268108
1250	0.01997486417
1251	0.0225791332
1252	0.0006828888034
1253	0.0009184803057
1254	0.07704362601
1255	0.06738433028
1256	0.0008295189707
1257	0.005618410111
1258	0.0008578527441
1259	0.0003805754797
1260	0.9587510173
1261	0.0103793306
1262	0.2199176143
1263	0.0580790061
1264	0.0007093887808
1265	0.0003900878802
1266	0.4226538188
1267	0.007860954867
1268	0.6199302452
1269	0.6199277929
1270	0.0007972877972
1271	0.5610736096
1272	0.001791750074
1273	0.0006636546216
1274	0.001408715668
1275	0.001181853716
1276	0.001210790417
1277	0.00425669673
1278	0.003588757087
1279	0.0006661090371
1280	0.001291448913
1281	0.001520374262
1282	0.6175344932
1283	8.494610507e-05
1284	0.0005879385181
1285	0.002042190402
1286	0.09991934605
1287	0.001613232917
1288	0.0001567221999
1289	0.0152089811
1290	0.002444961439
1291	0.01763455906
1292	0.5944287649
1293	0.4793654405
1294	0.003072593974
1295	0.0004361526999
1296	0.02006725657
1297	0.04315165241
1298	0.0017446452
1299	0.001234104675
1300	0.006109763934
1301	0.03565680174
1302	0.0392801822
1303	0.003719070821
1304	0.001427971133
1305	7.792241114e-05
1306	0.016856506
1307	0.004507308282
1308	0.004257220599
1309	0.0006741054837
1310	0.002844208233
1311	0.3813625295
1312	0.4484240195
1313	0.001215755949
1314	0.002161649546
1315	0.002544738864
1316	0.2072872659
1317	0.4198494005
1318	0.9395490236
1319	0.0004530462516
1320	0.01256557736
1321	0.0007088981789
1322	0.0007217970353
1323	0.002336174124
1324	0.0009477532578
1325	0.0007244044489
1326	0.00683905408
1327	0.04141443679
1328	0.1205619521
1329	0.2624251134
1330	0.4398724969
1331	0.4391522769
1332	0.00582578882
1333	0.5658544024
1334	0.4226108777
1335	0.0003043590401
1336	0.4216298197
1337	0.6635489788
1338	0.7420709517
1339	0.4797641689
1340	0.002319401207
1341	0.1601787204
1342	0.0006272314445
1343	0.004693285858
1344	0.0002224490294
1345	0.4399411444
1346	0.4399411444
1347	0.2443512075
1348	0.01733633137
1349	0.001581142858
1350	0.02011988275
1351	0.0003188725313
1352	0.1813788166
1353	0.008472001924
1354	0.01060903877
1355	0.001953411832
1356	0.004119261439
1357	0.1616264867
1358	0.004600149926
1359	0.1603191825
1360	0.3239256489
1361	0.0008039371054
1362	0.01776414477
1363	6.839226729e-05
1364	0.09650102922
1365	0.0729491815
1366	0.001465321637
1367	0.09441992049
1368	0.003869938303
1369	0.1025524071
1370	0.009296516609
1371	0.001055134019
1372	0.005022901314
1373	0.006927833787
1374	0.05990347216
1375	0.9590166438
1376	0.06127006164
1377	0.001858099641
1378	0.2599481124
1379	0.4004721615
1380	0.05998242507
1381	0.0004687110885
1382	0.4227130558
1383	0.4000570569
1384	0.0007182646819
1385	0.001126484765
1386	0.0009259742283
1387	0.0008614924732
1388	0.02039020742
1389	0.1378308866
1390	0.0002698856182
1391	0.001373162814
1392	0.2004228936
1393	0.07906988856
1394	0.3765687069
1395	0.000578729313
1396	0.000315294004
1397	0.001168981637
1398	0.00225162661
1399	0.01543455439
1400	0.004461495971
1401	0.8390787012
1402	0.005303827161
1403	0.03891313455
1404	0.0002724160477
1405	0.004157884262
1406	0.6996773388
1407	0.9993451862
1408	5.464580738e-05
1409	0.1199389646
1410	0.9795089918
1411	0.04282458273
1412	0.1022596956
1413	0.0004845561354
1414	0.0006179631899
1415	0.003033173876
1416	0.339787404
1417	0.0009747037079
1418	0.001468254179
1419	0.001448605896
1420	0.001158238329
1421	0.001923951291
1422	0.7385382624
1423	0.7382120506
1424	0.1174162114
1425	0.0009202463844
1426	0.001493014656
1427	0.1806349801
1428	0.000203131139
1429	0.001683448645
1430	0.579913079
1431	0.579913079
1432	0.003119060414
1433	0.01880472493
1434	0.0002211162081
1435	0.0009198418279
1436	0.0552951442
1437	0.2233290136
1438	0.6987906817
1439	0.0006593929962
1440	0.06056366614
1441	0.2047150451
1442	0.1230215993
1443	0.002713573413
1444	0.005444998263
1445	0.07053335887
1446	0.08073758589
1447	0.121481514
1448	0.09739398623
1449	3.992686588e-05
1450	0.0005987013392
1451	0.0005612939317
1452	0.08374589941
1453	0.01834786237
1454	0.1239393831
1455	0.0004029993439
1456	0.002081095597
1457	0.0009265541245
1458	6.270006768e-05
1459	0.0008420279337
1460	0.379346811
1461	0.3977110268
1462	0.01971907733
1463	0.00124338769
1464	0.1194668201
1465	0.002285086692
1466	0.0002884441081
1467	0.0005816632481
1468	0.00630306521
1469	0.002928362078
1470	0.00311726099
1471	0.000320585599
1472	0.008401997609
1473	0.07974612697
1474	0.001519643985
1475	0.0002662856906
1476	0.006278439655
1477	0.01932259014
1478	0.5999004087
1479	0.003488802233
1480	0.001716576129
1481	0.5019132945
1482	0.02807018876
1483	0.000479468262
1484	0.004179807425
1485	0.3440294196
1486	0.007164176553
1487	0.003401580708
1488	0.001050131424
1489	0.001162447979
1490	0.01592106976
1491	0.0003475171957
1492	0.1045864889
1493	0.1576357241
1494	0.007273622135
1495	0.07186536532
1496	0.07043033396
1497	0.03686701961
1498	0.00112395378
1499	0.6190537581
1500	0.8169812735
1501	0.01978172787
1502	0.03009306673
1503	0.09982970027
1504	0.6662196768
1505	0.2403701642
1506	0.2755903896
1507	0.005993348435
1508	0.002833522346
1509	0.0001690485496
1510	0.00111091001
1511	0.1589304004
1512	0.001537567632
1513	6.834172028e-05
1514	0.0005384640813
1515	0.001307763922
1516	0.2024323396
1517	0.2796810639
1518	0.0009346232416
1519	0.001309641225
1520	0.002124157531
1521	0.00419607102
1522	0.001211758553
1523	0.0009571583486
1524	0.0033257933
1525	0.2673056663
1526	0.06070287867
1527	0.002623020487
1528	1.737287476e-05
1529	0.003705162152
1530	0.0393436496
1531	0.8169820114
1532	0.0006648127431
1533	0.3382717762
1534	0.0005570265704
1535	0.002696317438
1536	0.004551285267
1537	0.08078470853
1538	0.1388028673
1539	0.2105306179
1540	0.0008074187648
1541	0.2277332962
1542	0.2242902527
1543	0.08182896936
1544	0.003870513807
1545	0.00166444188
1546	0.0001871846258
1547	0.001154907145
1548	0.002026038057
1549	0.001485065043
1550	0.0006458452255
1551	0.002317746637
1552	0.001094111898
1553	0.003319963154
1554	0.005448924872
1555	0.05971968959
1556	0.002337023351
1557	4.773846365e-05
1558	0.01903887088
1559	0.0004279946485
1560	0.5774257815
1561	0.2764963795
1562	0.2198790191
1563	0.9994348774
1564	0.2218467892
1565	0.2435903396
1566	0.003190482683
1567	0.001933439119
1568	0.003029057037
1569	0.01931152792
1570	0.8598850136
1571	0.8598850136
1572	0.860929771
1573	0.500275013
1574	0.01516043723
1575	0.002630394806
1576	0.0001482254419
1577	0.00180047047
1578	0.0008028070468
1579	0.02077649611
1580	0.002239126064
1581	0.0001708495635
1582	0.5963615407
1583	0.001608755981
1584	2.884668453e-05
1585	0.01125681779
1586	0.006998593874
1587	0.0006703642786
1588	0.01818676428
1589	0.01850429802
1590	0.0386980697
1591	0.141905173
1592	0.1950948005
1593	0.1015470198
1594	0.002826198513
1595	0.001756290494
1596	0.01929296161
1597	0.02420862442
1598	0.006012682666
1599	0.0007246565156
1600	0.007617407572
1601	0.07646600615
1602	0.1774886448
1603	0.0104292473
1604	0.001099211639
1605	0.0005231025453
1606	0.05798910575
1607	0.1999700272
1608	0.4999117166
1609	0.001488473628
1610	0.3198433243
1611	0.0006687208191
1612	0.001808820181
1613	0.07994237887
1614	0.5569982036
1615	0.11810718
1616	0.2802634625
1617	0.1205100108
1618	0.001170681959
1619	0.01771903649
1620	0.2279347136
1621	0.001873604492
1622	0.002653126666
1623	0.004098886138
1624	0.0004073988154
1625	2.545736056e-05
1626	0.5998106613
1627	0.42206031
1628	0.001159167207
1629	0.003237854195
1630	0.0001764981583
1631	0.002034854559
1632	0.001208844006
1633	0.2437663155
1634	0.1041704502
1635	0.0003379060168
1636	0.00396416618
1637	0.01866033312
1638	0.003079412378
1639	0.002484590075
1640	0.002278645282
1641	0.001579686478
1642	0.0003741980747
1643	0.006863833873
1644	0.275436941
1645	0.002452229477
1646	0.001212536351
1647	0.009031564722
1648	0.8792260218
1649	0.2199749319
1650	0.09726409816
1651	0.0003005035628
1652	0.09641606805
1653	0.0001443273037
1654	0.0005227413181
1655	0.002107140796
1656	0.04292476398
1657	0.0007961411289
1658	0.002545743474
1659	0.01054688901
1660	0.001382593944
1661	0.02235009558
1662	0.003725520938
1663	0.0009312582927
1664	0.05769111684
1665	0.004357386327
1666	0.001301412823
1667	0.8794861035
1668	0.004234337706
1669	0.02334889182
1670	0.1000453655
1671	0.2450929585
1672	0.001552754389
1673	0.004542927382
1674	0.0002891184976
1675	0.003337082439
1676	0.2982942876
1677	0.8600178667
1678	0.001181775071
1679	0.003853174696
1680	0.1751872661
1681	4.319372507e-05
1682	0.0006195439187
1683	0.001875050059
1684	0.03776623573
1685	0.1627864774
1686	0.1571121518
1687	0.00117902344
1688	0.01961424979
1689	0.0002445100599
1690	0.02159742449
1691	0.004680525276
1692	0.03947210864
1693	0.007044626967
1694	0.0006339640517
1695	0.008643487944
1696	0.002365832982
1697	0.0003541209882
1698	0.0002702359216
1699	0.0006651966385
1700	0.001469896249
1701	0.002264548035
1702	0.01978817325
1703	0.01816851511
1704	0.0003330244101
1705	0.01860423648
1706	0.00362510359
1707	0.006425434428
1708	0.0005303993801
1709	0.004525157997
1710	0.0002104259205
1711	0.002545145044
1712	0.006016267501
1713	0.1033639763
1714	0.09886914479
1715	0.0007596796651
1716	0.0004206251196
1717	0.001144000836
1718	0.321759904
1719	0.002689707428
1720	0.001408074622
1721	0.005719664566
1722	0.1384936399
1723	0.2011161149
1724	0.02154823227
1725	0.0196546775
1726	0.7231271994
1727	0.006865930783
1728	0.002364673011
1729	0.001807395598
1730	0.03537423564
1731	0.001116152248
1732	0.03822480361
1733	0.0003034173107
1734	0.001430513663
1735	0.308334755
1736	0.07721242413
1737	0.0006462046895
1738	0.1624655076
1739	0.02341394306
1740	0.004644953221
1741	0.0003766544012
1742	0.2817453532
1743	0.3206569537
1744	0.001965270942
1745	0.002969260001
1746	0.006552144501
1747	0.001713274978
1748	0.00590909875
1749	0.9396517711
1750	0.9597133515
1751	0.7194011035
1752	0.3398105489
1753	0.004991387718
1754	0.5349517392
1755	0.4567714214
1756	0.002768841186
1757	0.08219362863
1758	0.04322889722
1759	0.2794096404
1760	0.2769161229
1761	0.003186385222
1762	0.004183275393
1763	0.008771550759
1764	0.5970673963
1765	0.01458187733
1766	0.2202127888
1767	0.000183618295
1768	0.0008400827354
1769	0.007573375859
1770	0.00503117891
1771	0.001242750651
1772	0.0006268085747
1773	0.007647264161
1774	0.07002072948
1775	0.2762339456
1776	0.2989597486
1777	0.02161200883
1778	0.4209174523
1779	0.001359532621
1780	0.0005499567776
1781	0.4122016539
1782	0.009793296729
1783	0.0008012994787
1784	0.3209019242
1785	0.0007639476038
1786	0.6010605094
1787	0.002245399254
1788	0.0007938709201
1789	0.002783194661
1790	0.8798790191
1791	0.8798790191
1792	0.06144497144
1793	0.05571616646
1794	0.007230238964
1795	0.00493413838
1796	0.09997763397
1797	0.4399264305
1798	0.7998572207
1799	0.0004781087662
1800	0.01701297025
1801	0.01425355086
1802	0.00133180809
1803	0.0009248780534
1804	0.2408215079
1805	0.2420067665
1806	9.122697648e-07
1807	0.0006512382475
1808	0.2268339037
1809	0.2243265344
1810	0.000161280672
1811	0.0007383193242
1812	0.04079353637
1813	0.000751558112
1814	0.001620086631
1815	0.402987665
1816	0.4033683641
1817	0.000383161119
1818	0.003052265137
1819	0.001375795487
1820	0.0004472857791
1821	0.003028800189
1822	0.000555990365
1823	0.05992663752
1824	0.003354452578
1825	0.02018896725
1826	0.0443782741
1827	0.006348941872
1828	0.001373356451
1829	0.000437549331
1830	0.006670948069
1831	0.003111338375
1832	0.001407557174
1833	0.005994626228
1834	0.002867021825
1835	0.00210029297
1836	0.0008893246336
1837	0.00134214774
1838	0.1193662535
1839	0.3618867253
1840	0.002861952481
1841	4.252911739e-05
1842	0.0009155272425
1843	0.3592677798
1844	0.3584023923
1845	0.0193889154
1846	0.01924884435
1847	0.01920123384
1848	0.001941003842
1849	0.02471274085
1850	0.001679622025
1851	0.0188399185
1852	0.003774502444
1853	0.07763258252
1854	0.002976172811
1855	0.008796868738
1856	0.8986547775
1857	0.7385717496
1858	0.3145552948
1859	0.001919298754
1860	0.004499865952
1861	0.2154813765
1862	0.2361206776
1863	0.003691870248
1864	0.4603834295
1865	0.001197757775
1866	0.002836699838
1867	0.03924567884
1868	0.1571879053
1869	0.6510760401
1870	0.2217282189
1871	0.2078991747
1872	0.03913839957
1873	0.001751698549
1874	0.0001775269955
1875	0.002359454736
1876	0.4410183235
1877	0.7757686794
1878	0.004254240992
1879	0.003880325934
1880	0.1756010414
1881	0.001059528745
1882	0.002795237461
1883	0.1764275333
1884	0.3168639056
1885	0.00443906656
1886	0.0008899407945
1887	0.001974660614
1888	0.0003166297089
1889	0.00378016362
1890	0.01687112321
1891	0.01434472406
1892	0.002505215765
1893	0.001340788465
1894	0.0626328786
1895	0.00175089317
1896	0.002727342914
1897	0.04065949372
1898	0.3654802508
1899	0.240625679
1900	0.1360846801
1901	0.001807006194
1902	0.0008742293642
1903	0.0006630041309
1904	0.416697835
1905	0.000791164756
1906	0.3981202849
1907	0.3969944249
1908	0.00142455625
1909	0.00165827321
1910	0.9998681199
1911	0.9998681199
1912	0.0005808270372
1913	0.6398823652
1914	0.0002238787904
1915	0.1919610951
1916	0.0003076280844
1917	0.0007686286035
1918	0.07595119632
1919	0.08232005074
1920	0.001512938521
1921	0.006575603334
1922	0.0001475092342
1923	0.05706885871
1924	0.4819936505
1925	0.1778228318
1926	0.2211625518
1927	0.0007282795831
1928	0.002506129303
1929	0.0009285971465
1930	0.0002502906353
1931	0.01893188572
1932	0.003095919894
1933	0.0008128556821
1934	0.001018006253
1935	0.4168925548
1936	0.1998631214
1937	0.004122266281
1938	0.003546174789
1939	0.00182864249
1940	0.2657328481
1941	0.2063057223
1942	0.006033018955
1943	0.0003226663709
1944	0.002449465742
1945	0.001758095666
1946	0.001934832781
1947	1.24916965e-05
1948	0.001340063189
1949	0.001812918644
1950	0.01529601766
1951	0.1391198266
1952	0.03494738638
1953	0.001131262842
1954	0.679120498
1955	0.7554475636
1956	0.1979094047
1957	0.1989154165
1958	0.4025550595
1959	0.4432163147
1960	0.00136191734
1961	0.0005755747141
1962	0.002624313626
1963	0.002444810984
1964	0.0005836179278
1965	0.1425268528
1966	0.02395826996
1967	0.03932117923
1968	0.06518025101
1969	0.0007809205142
1970	0.001702661861
1971	0.0008030960584
1972	0.0005575368286
1973	0.0003106682444
1974	0.02762082346
1975	0.0004656072051
1976	6.744987789e-05
1977	0.001023343694
1978	0.003469898209
1979	0.08182903191
1980	0.1209342512
1981	0.8387108881
1982	0.007249771513
1983	0.02025244436
1984	0.001095734887
1985	0.417123103
1986	0.2983858504
1987	0.5188743068
1988	0.3391905176
1989	0.4999774937
1990	0.001379648559
1991	0.001919630008
1992	0.1557717457
1993	0.2587376074
1994	0.4577707709
1995	0.001981186138
1996	0.2599073569
1997	0.9995452316
1998	0.000451573039
1999	0.1059102753
2000	0.06461215105
2001	0.003453242444
2002	0.003908506042
2003	0.3006548317
2004	0.005152240273
2005	0.003563405691
2006	0.140683476
2007	0.1399078353
2008	0.009457554675
2009	0.06090259697
2010	0.001495713929
2011	0.003722871291
2012	0.006682709547
2013	8.627451866e-05
2014	0.3597588576
2015	9.681814867e-05
2016	0.0003322392007
2017	0.06237706746
2018	0.05993217886
2019	0.007811326295
2020	0.001286139761
2021	1.771117166e-06
2022	0.007189020755
2023	0.0007235850995
2024	0.02256265613
2025	0.2970130063
2026	0.006659014182
2027	0.1647982048
2028	0.1692316825
2029	0.04572487623
2030	0.043137218
2031	6.830275491e-05
2032	0.1437866699
2033	0.04781959842
2034	0.2552682259
2035	0.09453913304
2036	0.03849039141
2037	0.3003133075
2038	0.001083843884
2039	0.01655139947
2040	0.2580009066
2041	0.1784696673
2042	0.3094549937
2043	0.2003758974
2044	0.00192208511
2045	0.0005872607257
2046	0.05540472471
2047	0.000494390486
2048	0.0001512266993
2049	0.001731166679
2050	0.1593060706
2051	0.7798250681
2052	0.9797190736
2053	0.04010200694
2054	0.4214106515
2055	0.1637534226
2056	0.2007043805
2057	0.002343026118
2058	0.04312378263
2059	0.06121050086
2060	0.001507271393
2061	0.003605211449
2062	0.001355481318
2063	0.001057264972
2064	0.001193930087
2065	0.02925142842
2066	0.02353290341
2067	0.0001778535941
2068	0.0003767975306
2069	0.0003760657536
2070	0.001238312227
2071	0.01529572065
2072	0.07864051089
2073	0.2001325141
2074	0.06092298305
2075	0.001449593629
2076	0.06131131034
2077	0.003571136753
2078	0.1044287253
2079	0.1048592285
2080	0.02168670017
2081	0.0009416926216
2082	0.0005269218968
2083	3.413817529e-05
2084	0.08071071957
2085	0.0007556507408
2086	0.0002443303083
2087	0.0006866805362
2088	0.006445866671
2089	0.02143146364
2090	0.001943722842
2091	0.004235298588
2092	0.7005375966
2093	0.05574330432
2094	0.002021408374
2095	0.01387951704
2096	0.0004652733386
2097	0.00189480932
2098	0.0170124535
2099	0.003215283101
2100	0.000540296413
2101	0.0003576261937
2102	0.1803509268
2103	0.2030963004
2104	0.1405008886
2105	9.959315709e-05
2106	0.008306086612
2107	0.00183354845
2108	0.1595160251
2109	0.09815791783
2110	0.002148043049
2111	0.09452149925
2112	0.001147381632
2113	0.3995880623
2114	0.0001977341715
2115	0.2789289293
2116	0.5989991553
2117	0.2493880451
2118	0.9798115804
2119	0.9997482289
2120	0.4156844573
2121	0.4194302731
2122	0.0007755322496
2123	0.02695322923
2124	0.02061786369
2125	0.003212019747
2126	0.3374084971
2127	0.01211194207
2128	0.001337274273
2129	0.001017809272
2130	0.0005538906368
2131	0.002321585896
2132	0.0009874895827
2133	5.84498477e-05
2134	0.06731606307
2135	0.09212923509
2136	0.4387125741
2137	0.4597321266
2138	0.4205025362
2139	0.02241596585
2140	0.002398442291
2141	0.001453851482
2142	0.1190032528
2143	0.001951699098
2144	0.001657609593
2145	0.07466088799
2146	0.0009799098317
2147	0.1199549046
2148	0.9596678474
2149	0.005051714355
2150	0.00207852701
2151	0.1992142709
2152	0.9997817439
2153	0.999822752
2154	0.3036805197
2155	0.009818196335
2156	0.4550843574
2157	0.4999236997
2158	0.006386461484
2159	0.07998446866
2160	0.4399242507
2161	0.7392219473
2162	0.2324865928
2163	6.121550289e-05
2164	0.0009346379355
2165	0.00425312053
2166	0.8782020455
2167	0.8588363615
2168	0.01901507149
2169	0.02258682175
2170	0.0003352121092
2171	0.005994951548
2172	0.2718875844
2173	0.2697903882
2174	0.003221954968
2175	0.003259523572
2176	0.0001211489734
2177	0.7197590591
2178	0.8792087051
2179	0.1964069773
2180	0.003037809843
2181	0.1016547994
2182	0.00155974421
2183	0.002076417421
2184	0.003689609686
2185	0.9398291553
2186	0.979780109
2187	0.08599391462
2188	6.836875619e-05
2189	0.00842581929
2190	0.0001907647457
2191	0.1812644189
2192	0.007041756212
2193	0.002673687494
2194	0.000273261953
2195	0.003401967814
2196	0.8205441232
2197	0.6002837201
2198	0.6235426929
2199	0.6427755695
2200	1.877415638e-05
2201	0.001026437056
2202	0.002777649327
2203	0.001027160814
2204	0.02529493703
2205	0.001161634872
2206	0.4063944652
2207	0.898875555
2208	0.003276046862
2209	0.002650899915
2210	0.002124173888
2211	0.002654903242
2212	0.0938516955
2213	0.1117052572
2214	0.1363777999
2215	0.3599906096
2216	0.0395614742
2217	0.01965130627
2218	0.5223801876
2219	0.6427440641
2220	0.001165451274
2221	0.2423949852
2222	0.0006432736774
2223	0.07998245416
2224	0.0004806420744
2225	0.02554156084
2226	0.004498361157
2227	0.000305408349
2228	0.07990858311
2229	0.0004523592937
2230	0.004498017163
2231	0.0007915435779
2232	0.00172238062
2233	0.1780562585
2234	0.1387065236
2235	0.01608570929
2236	0.02411794639
2237	0.1198773842
2238	0.0008546758943
2239	0.3795053232
2240	0.0402945887
2241	0.03570312619
2242	0.01421171041
2243	0.179814941
2244	0.06211355052
2245	0.5146952968
2246	0.6592079019
2247	0.007841913655
2248	0.04027601695
2249	0.03979843231
2250	0.005610379519
2251	0.0217304889
2252	0.01492028727
2253	0.1777327568
2254	0.01115811303
2255	0.1611580006
2256	0.001607708691
2257	0.06013002797
2258	0.05353891249
2259	0.000313522335
2260	0.003840191317
2261	0.0007947107878
2262	0.01984742493
2263	0.002773348024
2264	0.0005051308202
2265	0.0001752578824
2266	0.002484300221
2267	0.02405262401
2268	0.0002432705573
2269	0.0001336486921
2270	0.8403543139
2271	0.09456888172
2272	0.1737502199
2273	0.7223521479
2274	0.742071856
2275	0.1598343324
2276	0.0003343314899
2277	0.003578177206
2278	0.02005633597
2279	0.009197269107
2280	0.1999558583
2281	0.1999558583
2282	0.03281737015
2283	0.07352078544
2284	0.0004713026201
2285	0.003546701838
2286	0.1425301346
2287	0.1420867087
2288	0.004730795059
2289	0.0005390874006
2290	0.5158843016
2291	0.02521407453
2292	0.0005609640392
2293	0.008676011628
2294	0.005226944626
2295	0.1144496043
2296	0.03802060914
2297	0.02435406096
2298	0.02792159672
2299	4.9005569e-05
2300	3.104826093e-05
2301	0.038811075
2302	0.001301485297
2303	0.01004432276
2304	0.001226660673
2305	0.01099697086
2306	0.001309934369
2307	0.178138843
2308	0.1978654187
2309	0.002899588079
2310	0.007833309793
2311	0.0004882601702
2312	0.003919926183
2313	0.0006250020646
2314	0.00350203331
2315	0.1846569081
2316	0.002088595243
2317	0.0008155442949
2318	0.001525817864
2319	0.001193119214
2320	0.5775861592
2321	0.4394530427
2322	0.0781882847
2323	0.04633409089
2324	0.003343288276
2325	0.0003097756945
2326	0.01794583267
2327	0.06899086829
2328	0.0004313432812
2329	0.004599322145
2330	0.007393918838
2331	0.2864931904
2332	0.2845493086
2333	0.0002507117578
2334	0.0006560090575
2335	0.3632805103
2336	0.0003237433094
2337	0.2629931268
2338	0.0009617655105
2339	0.0004425188252
2340	0.01937067117
2341	0.6419986344
2342	0.1572620708
2343	0.001499571369
2344	0.6399247956
2345	0.6399247956
2346	0.0003074377204
2347	0.001104758385
2348	0.2009388145
2349	0.005244013421
2350	0.004519134172
2351	0.3999277929
2352	0.001955083591
2353	0.02602284278
2354	0.06209604854
2355	0.01516546593
2356	0.0003117163345
2357	0.001869670604
2358	0.05749984485
2359	0.0001242025413
2360	0.00319150503
2361	0.002252012752
2362	0.5997708447
2363	0.004153125805
2364	0.00884960358
2365	0.01829850668
2366	0.03839184822
2367	0.001859326624
2368	0.01148272644
2369	0.0008985353659
2370	0.0814049234
2371	0.003718454164
2372	0.002763359225
2373	0.001319554719
2374	0.2381828892
2375	0.002501255754
2376	0.3483748637
2377	0.2065861711
2378	0.01891149534
2379	0.0005462663326
2380	0.003007514741
2381	0.2950368936
2382	0.1235906081
2383	0.002181668665
2384	0.05973912372
2385	0.04062626266
2386	0.01904284983
2387	0.005327399338
2388	0.00373213327
2389	0.0008897646218
2390	0.1599589918
2391	0.006540937543
2392	0.004592199376
2393	0.001718475315
2394	0.2241960649
2395	0.003274594417
2396	0.002793238766
2397	0.002378385509
2398	0.0004216631463
2399	0.2198836512
2400	0.9995155313
2401	0.8785368982
2402	0.7784399421
2403	0.4581749865
2404	0.003710989307
2405	0.0002401765678
2406	0.07793223575
2407	0.005017212858
2408	0.02098600582
2409	0.3399472752
2410	0.3399511126
2411	0.002944638761
2412	0.180533998
2413	0.0004032103317
2414	0.005572604464
2415	0.001913570624
2416	0.442355785
2417	0.005573982974
2418	0.1014765572
2419	0.006769840558
2420	0.02068750454
2421	0.2012629527
2422	0.006256741877
2423	0.0001653817983
2424	0.1200195499
2425	0.0006176837277
2426	0.0003047288084
2427	0.005853451032
2428	0.02351886548
2429	0.007503874798
2430	0.007423703726
2431	0.002921743238
2432	0.002733158342
2433	0.3441908064
2434	0.4199006358
2435	0.959786921
2436	0.007041288418
2437	0.3635327277
2438	0.006818752294
2439	0.7798907357
2440	0.7798907357
2441	0.00660033822
2442	0.0002604917443
2443	0.1009346418
2444	0.008816568476
2445	0.5599144414
2446	0.7198847411
2447	0.1822353256
2448	0.00150767493
2449	0.1144048999
2450	0.1775309927
2451	0.001511950604
2452	0.03606806681
2453	0.06030749344
2454	0.1101324851
2455	0.002238585228
2456	0.001838039405
2457	0.002281610364
2458	0.08113063243
2459	0.2205096159
2460	0.1393301646
2461	0.6214335323
2462	0.002097395082
2463	0.001198814508
2464	0.1030041225
2465	0.120798028
2466	0.01115474015
2467	0.001078031613
2468	0.001266749539
2469	0.0001644233733
2470	0.0006423662323
2471	0.2599626703
2472	0.2599626703
2473	0.1054783594
2474	0.1031369483
2475	0.002329202638
2476	0.07465055096
2477	0.01717867728
2478	0.1805534544
2479	0.0004746018865
2480	0.0009842456416
2481	0.08044232054
2482	0.001679366886
2483	0.4385831696
2484	0.001586065624
2485	0.002543903731
2486	0.000190677283
2487	0.1809492628
2488	0.0002361143167
2489	0.2552966712
2490	0.0003802033287
2491	8.807975636e-05
2492	0.09459808047
2493	0.001632398086
2494	0.09782579914
2495	0.0002616610887
2496	0.0007785178665
2497	0.004848384121
2498	0.7228185567
2499	0.8223719484
2500	0.004909903928
2501	0.199952861
2502	0.199952861
2503	0.4401079686
2504	0.8789942523
2505	0.002415006812
2506	0.8197407357
2507	0.002997464127
2508	0.002355437265
2509	0.001962143656
2510	0.0002616437216
2511	0.1218565294
2512	0.1008702555
2513	0.6403056866
2514	0.04067561448
2515	0.06303521238
2516	0.1797961058
2517	0.2790977785
2518	0.3823046501
2519	0.02183199329
2520	0.04093727241
2521	0.01856178181
2522	0.04159750374
2523	0.003116771416
2524	0.003472384733
2525	0.0006148267871
2526	0.001523588425
2527	0.000429758039
2528	0.0002526387465
2529	0.01875321501
2530	0.2411637294
2531	0.6811057373
2532	0.001620564065
2533	0.006242944235
2534	0.01173369662
2535	0.001915580237
2536	0.0001055419073
2537	0.001900314189
2538	0.0832310582
2539	0.3002136841
2540	0.002506474885
2541	0.1616355953
2542	0.03762502186
2543	0.1748774681
2544	0.0003186130967
2545	0.0009665485618
2546	0.1625945588
2547	0.155546768
2548	0.02271307526
2549	0.2195767288
2550	0.0005581762427
2551	0.0008386336591
2552	0.4020536268
2553	0.001356350628
2554	0.003968104246
2555	0.3799507868
2556	0.7229588341
2557	0.007295208619
2558	0.2983817418
2559	0.1599201093
2560	0.07945971837
2561	0.0701225696
2562	0.7660568951
2563	0.6076107068
2564	0.1013197834
2565	0.6583324661
2566	0.0004158532211
2567	0.2790087407
2568	0.8244883808
2569	0.2347746178
2570	0.2965473353
2571	0.001459173252
2572	0.0002697850418
2573	0.2572071184
2574	0.0185940363
2575	0.2746405863
2576	0.01537688378
2577	0.07997111717
2578	0.05851665881
2579	0.0008444382366
2580	0.003251805702
2581	0.0001089072577
2582	0.01042220512
2583	0.1664928491
2584	0.2435280671
2585	0.0005399131562
2586	0.000279800474
2587	0.0008009494054
2588	0.1014855796
2589	0.005217665071
2590	0.005161590832
2591	0.0001766567833
2592	0.0002827351057
2593	0.0001870828271
2594	0.006219443795
2595	0.001102742229
2596	0.001731640051
2597	9.397323082e-05
2598	0.0008526472319
2599	0.1599521798
2600	0.00414065059
2601	0.001149349255
2602	0.0007593519215
2603	0.07909555183
2604	0.2042262273
2605	0.2040337065
2606	0.0005590449084
2607	0.0004425264478
2608	0.001842893307
2609	0.8996395095
2610	0.001595169744
2611	0.003898550351
2612	0.03910975914
2613	0.005522340815
2614	0.1750529864
2615	0.1958696384
2616	0.01652108024
2617	0.0005761968153
2618	0.09904118882
2619	0.2262067192
2620	0.0009040741667
2621	0.7390619865
2622	0.001495277073
2623	7.01058264e-05
2624	0.005474524563
2625	0.1593441922
2626	0.008737040114
2627	0.006368980458
2628	0.0008639870061
2629	7.911731088e-05
2630	0.00171508455
2631	0.001904998733
2632	0.02277363252
2633	0.09877941176
2634	0.097078515
2635	0.03730799161
2636	0.005742990529
2637	0.0005866079981
2638	0.0009035376971
2639	0.0002917936543
2640	0.0009661218678
2641	0.00487419025
2642	0.002587788591
2643	0.04115648809
2644	0.00512761025
2645	0.0188954956
2646	0.27653367
2647	0.003784038959
2648	0.04240456812
2649	0.005237021693
2650	0.0006682443357
2651	0.01501794812
2652	0.006235018339
2653	0.9198145777
2654	0.9997441417
2655	0.0007273387194
2656	0.0006804474119
2657	0.1068206931
2658	0.002590093354
2659	0.001931625371
2660	0.5597682561
2661	0.9795536331
2662	0.03821008683
2663	0.5999215259
2664	0.6399166213
2665	0.0005905901644
2666	0.5610089401
2667	0.00243282874
2668	0.001623008061
2669	0.2599554496
2670	0.01045838653
2671	0.00227232121
2672	0.006736588099
2673	0.6305173862
2674	0.0932175545
2675	0.00293210825
2676	0.04652662871
2677	0.05765116133
2678	0.349790848
2679	0.5731576967
2680	0.006010030097
2681	0.002680417928
2682	0.008767823639
2683	0.8598106267
2684	0.005635216443
2685	0.03520671529
2686	0.01868253011
2687	0.001245996234
2688	0.002319286513
2689	0.01155210905
2690	0.1599730245
2691	0.0009059099385
2692	0.003505116181
2693	0.002744228962
2694	0.003497984793
2695	0.004525714208
2696	0.002085938793
2697	0.006380317564
2698	0.000535816297
2699	0.001903051513
2700	0.1576673224
2701	0.5238769762
2702	0.008687765854
2703	0.01020991454
2704	0.260958461
2705	0.001642546152
2706	0.006387064764
2707	0.005245868489
2708	0.003354429147
2709	0.01055924462
2710	0.1550826937
2711	0.03431129393
2712	0.0002503935017
2713	0.08185000934
2714	0.004732112796
2715	0.8594890746
2716	0.7562461772
2717	0.3396489491
2718	0.003393496428
2719	0.279830654
2720	0.00255175906
2721	0.001555557266
2722	0.001742818381
2723	0.001712505717
2724	0.001192157452
2725	0.002871258641
2726	0.001170607093
2727	0.06270931058
2728	0.2280440175
2729	0.0002486881992
2730	0.005879223025
2731	0.007485503893
2732	0.001802193851
2733	0.003183213367
2734	0.09753542981
2735	0.00341923136
2736	0.0001470670329
2737	0.423672929
2738	0.02371828902
2739	0.01921071474
2740	0.01447807753
2741	0.3783605361
2742	0.06643414124
2743	0.2402442649
2744	0.1419642586
2745	0.147181137
2746	0.1804791259
2747	0.1762369922
2748	0.01137450059
2749	0.0007635921619
2750	0.002192794879
2751	0.004016537452
2752	0.005287270034
2753	0.0004895261902
2754	0.0001986455705
2755	0.0001846478057
2756	0.06494522422
2757	0.3776415761
2758	0.8798448229
2759	0.9198098093
2760	0.2789691622
2761	0.001085148128
2762	0.0631195592
2763	0.007213028593
2764	0.0009767008771
2765	0.001162921578
2766	0.6195367886
2767	0.8381246802
2768	0.0009872681869
2769	0.0001649529174
2770	0.01741005407
2771	0.001158143549
2772	0.003836703186
2773	0.002054761356
2774	0.0005789145719
2775	0.0005748958327
2776	0.001395925133
2777	0.08024846049
2778	0.0006503447054
2779	0.005504340174
2780	0.1619138331
2781	0.06695115391
2782	0.002483461045
2783	0.0004951764003
2784	0.001033370528
2785	0.02381234347
2786	0.002660395844
2787	0.008550479105
2788	0.2419443585
2789	0.003726816487
2790	0.002336980522
2791	0.1200196429
2792	0.05965031343
2793	0.0009919780609
2794	0.00258116681
2795	0.001791801564
2796	0.3019485955
2797	0.3020211445
2798	0.0001082707546
2799	0.08493770331
2800	0.002810506116
2801	0.001746036972
2802	0.0004245308277
2803	0.001268253556
2804	0.001466559921
2805	0.0008002681591
2806	0.001169160492
2807	0.002504938784
2808	0.001119362615
2809	0.000254022661
2810	0.1873646357
2811	0.1998114049
2812	0.4612528629
2813	0.002772427744
2814	0.0002782259945
2815	0.001027808878
2816	0.0767452693
2817	0.01979568935
2818	0.2998702255
2819	0.0008801841334
2820	0.0005995540049
2821	0.002279845092
2822	0.09573952866
2823	0.1776179334
2824	0.0158816485
2825	0.6592114896
2826	0.142556456
2827	0.1431641032
2828	0.3626011484
2829	0.481310822
2830	0.0003074625392
2831	0.002904697524
2832	0.1552881235
2833	0.1361954745
2834	0.6244545216
2835	0.0008342828315
2836	0.3168311147
2837	0.00206158921
2838	0.001912170961
2839	0.002451574955
2840	0.005515748653
2841	0.1419853202
2842	0.02064695572
2843	0.000879545481
2844	0.0009738704449
2845	0.002216085216
2846	0.01608984838
2847	0.1744139075
2848	0.01349060213
2849	0.00261970074
2850	8.696479609e-05
2851	0.5799149864
2852	0.5799149864
2853	0.180132421
2854	0.0119263249
2855	0.5399163488
2856	0.8798250681
2857	0.0588642231
2858	1.539509537e-05
2859	0.04117567489
2860	0.004960486332
2861	0.007059120869
2862	0.001244253292
2863	0.05985614634
2864	0.003630109392
2865	0.6597862398
2866	0.001052092921
2867	0.001598833747
2868	0.002944654391
2869	0.1218581847
2870	0.1411932818
2871	0.006090028778
2872	0.0002662329977
2873	0.0005354868057
2874	0.008438080041
2875	0.6598712534
2876	0.9597588556
2877	0.003313662857
2878	0.4203288799
2879	0.001934691251
2880	0.003186296695
2881	0.4623864452
2882	0.00484926813
2883	0.003222467943
2884	0.0006281854291
2885	0.01813214057
2886	0.001211731548
2887	0.005069255432
2888	0.6975473678
2889	0.7958715611
2890	0.01060038711
2891	0.0009227462761
2892	0.001863878666
2893	0.0198984817
2894	0.01834828173
2895	0.003516210799
2896	0.1831907872
2897	0.002427412446
2898	0.00217418976
2899	0.0005293072207
2900	0.08373728371
2901	0.0009962819169
2902	0.000472106221
2903	0.005138247344
2904	0.1766754927
2905	0.0009391518789
2906	0.04377442407
2907	0.8593099455
2908	0.001330955635
2909	0.0002835376349
2910	0.1787245107
2911	0.5314663181
2912	0.2411229955
2913	0.2386438019
2914	0.6792919563
2915	0.02088148502
2916	0.3399463215
2917	0.3399463215
2918	0.2048744976
2919	0.2595175516
2920	0.00491540179
2921	0.001008081399
2922	0.1587985382
2923	0.05953695151
2924	0.1199822888
2925	0.1199822888
2926	0.003642000143
2927	0.1792241865
2928	0.7598986376
2929	0.7598986376
2930	0.3007706529
2931	0.2801658879
2932	0.1656707831
2933	0.2828946927
2934	0.006437159932
2935	0.2199858881
2936	0.00228498205
2937	0.002387142208
2938	0.1597751589
2939	0.005790572544
2940	0.08042489713
2941	0.003343955335
2942	0.1998651765
2943	0.5186737657
2944	0.0005967454959
2945	0.002131909728
2946	0.0575922344
2947	0.4209007106
2948	0.003757836574
2949	0.8398493188
2950	0.99976703
2951	0.002888110051
2952	0.003260764651
2953	0.05951247416
2954	0.002846481604
2955	0.166187169
2956	0.004379344399
2957	0.7395523905
2958	0.003802982086
2959	0.1729733174
2960	0.05885863849
2961	1.447444407e-05
2962	0.002563396556
2963	0.004429030046
2964	0.001894897041
2965	0.006923804358
2966	0.0008503520273
2967	0.004461524036
2968	0.002600295828
2969	0.4835772794
2970	0.005564210876
2971	7.246021534e-05
2972	0.3008320011
2973	0.003804499089
2974	0.3623023662
2975	0.006464461864
2976	0.6162523474
2977	0.5770169115
2978	0.01378228031
2979	0.01043468384
2980	0.003410442333
2981	0.004883413685
2982	3.620027947e-05
2983	0.00142445297
2984	0.001424430549
2985	0.001493234569
2986	0.0002338600382
2987	0.00132577914
2988	0.0166565403
2989	0.8178347502
2990	0.002997268228
2991	0.01044946904
2992	0.6771735385
2993	0.877057258
2994	0.001868971612
2995	0.001587620275
2996	0.05713293295
2997	0.0003598868929
2998	0.183760947
2999	0.102027221
3000	0.05736624071
3001	0.6362166489
3002	0.112620305
3003	0.004727200419
3004	0.02498924457
3005	0.0009056741514
3006	0.07613347097
3007	0.6989928751
3008	0.2569881064
3009	0.00709590156
3010	0.2439361635
3011	0.6623977494
3012	0.4812090633
3013	0.03742560323
3014	0.01030783999
3015	0.005663586806
3016	0.003205257956
3017	0.009297982503
3018	0.003253541268
3019	0.001484156278
3020	0.007147705173
3021	0.01582749079
3022	0.006552567767
3023	0.004548170954
3024	0.5983694863
3025	0.000581129635
3026	0.06309321186
3027	0.0005266420712
3028	0.2999404632
3029	0.8998400545
3030	0.006283062636
3031	0.002995081998
3032	0.0004388567645
3033	0.6588557466
3034	0.07115416322
3035	0.003365110484
3036	0.002372596931
3037	0.0001223921615
3038	0.0001846441129
3039	0.6396522018
3040	0.3816367167
3041	0.0001513056822
3042	0.0009450598059
3043	0.00706909505
3044	0.178131966
3045	0.001162097846
3046	0.004438440388
3047	0.1603328623
3048	0.002485205694
3049	0.1197110326
3050	0.0004436525117
3051	0.0008469269679
3052	0.01732871177
3053	0.1421562456
3054	0.4403573268
3055	0.04379951588
3056	0.003040061747
3057	0.005400085324
3058	0.003096424306
3059	0.001675581148
3060	0.820342147
3061	0.7023141274
3062	0.07468871776
3063	0.7598953678
3064	0.7598907357
3065	0.6799057221
3066	0.6799057221
3067	0.02021626501
3068	0.001008909761
3069	0.3806691474
3070	0.4748253975
3071	0.005078508566
3072	0.004492260002
3073	0.001548322671
3074	0.01998365123
3075	0.737188889
3076	0.01047212493
3077	0.005363618682
3078	0.0003119072082
3079	0.0003674784252
3080	0.0001313182787
3081	5.820185667e-05
3082	0.06088949677
3083	0.05938245868
3084	0.001587478014
3085	0.1430878254
3086	0.244610334
3087	0.2433599647
3088	0.03818636433
3089	0.2585499529
3090	0.002378092672
3091	0.004530932756
3092	0.002174854254
3093	2.299234953e-05
3094	0.001369855011
3095	0.2970924067
3096	5.679292305e-05
3097	0.6799089918
3098	0.6799089918
3099	0.2402021461
3100	0.001270391359
3101	0.2033236048
3102	0.002081769612
3103	0.002640290638
3104	0.0008305999641
3105	0.0004200909315
3106	0.007417545339
3107	0.3208499577
3108	0.001719685221
3109	0.3420210922
3110	0.000413310204
3111	0.003164590713
3112	0.04232339386
3113	0.0009512282069
3114	0.1406244773
3115	0.002700323227
3116	0.006583815684
3117	0.00916648444
3118	0.007556734954
3119	0.002890580963
3120	0.02225978264
3121	0.002690786651
3122	0.04188042737
3123	0.007622986274
3124	0.2799279521
3125	0.579117438
3126	0.001632237755
3127	0.9798524523
3128	0.7233913914
3129	0.0005350895812
3130	0.00148951208
3131	0.02039401776
3132	0.0005113739936
3133	0.002642318875
3134	0.05787947388
3135	0.9994893733
3136	0.7196856494
3137	0.04220919526
3138	0.003449956122
3139	0.03788009187
3140	0.3399741144
3141	0.3399741144
3142	0.001397225129
3143	0.02530509179
3144	0.07769955578
3145	0.1732515295
3146	0.2181004198
3147	0.01299638982
3148	0.00158613603
3149	0.007908165001
3150	0.001108226597
3151	0.1416598478
3152	0.0009221769493
3153	0.001293587252
3154	0.01582178652
3155	0.001623031641
3156	0.00854917414
3157	0.001423408893
3158	0.05731639888
3159	0.00763946266
3160	0.0004626086463
3161	0.9193275204
3162	0.7196844687
3163	0.01083008149
3164	0.6216809701
3165	0.6215960094
3166	0.3176030751
3167	0.0163201737
3168	0.3799493188
3169	0.3799493188
3170	0.001304690167
3171	0.001999597566
3172	0.9986184696
3173	0.002203603739
3174	0.02602169966
3175	0.02093452133
3176	0.02105334205
3177	0.09998719346
3178	0.09998719346
3179	0.03848426075
3180	0.001500667143
3181	0.003989927762
3182	0.0634518962
3183	0.04046317063
3184	0.0005950523248
3185	0.1003879214
3186	0.0215956056
3187	0.01105796521
3188	0.1410453446
3189	0.1974832819
3190	0.243053076
3191	0.6808871659
3192	0.03691520899
3193	0.2613155739
3194	0.001279024465
3195	0.03402123752
3196	0.006171731974
3197	0.04230221092
3198	0.6380864436
3199	0.002350267613
3200	0.0009532729617
3201	0.0002978901232
3202	0.3164861517
3203	0.1805960782
3204	0.0006046113034
3205	0.02213790609
3206	6.943703151e-05
3207	0.001903566442
3208	0.001573497225
3209	0.0001346267793
3210	0.006731753516
3211	0.1784862683
3212	0.01920810492
3213	0.001987837691
3214	0.03801582822
3215	0.02301768033
3216	0.1417266256
3217	0.1351082852
3218	0.0001511625563
3219	0.3598968665
3220	0.02481670582
3221	0.003113917157
3222	0.3199572207
3223	0.3199572207
3224	0.004894828277
3225	0.998695495
3226	0.04146485469
3227	0.8183308305
3228	0.00100510503
3229	0.9998662125
3230	0.9998662125
3231	7.084468665e-06
3232	3.468451415e-05
3233	0.6638456597
3234	0.001356849936
3235	0.01087211742
3236	0.177871748
3237	0.2722163437
3238	0.3876549477
3239	0.7231181692
3240	0.2596805666
3241	0.4115255156
3242	0.001311648749
3243	0.001912811971
3244	0.9989476091
3245	0.9991818869
3246	0.6284638543
3247	0.8189249077
3248	0.0001544295154
3249	0.1047487818
3250	0.05949553628
3251	0.03280303578
3252	0.0003896148037
3253	0.001114273568
3254	0.01157568604
3255	0.1045572318
3256	0.2381608681
3257	0.919873297
3258	0.919873297
3259	0.009135713485
3260	0.4399318801
3261	0.4399318801
3262	0.1844457098
3263	0.7017966083
3264	0.2584353642
3265	0.008659398597
3266	0.439986426
3267	0.5797765668
3268	0.001366991699
3269	0.04592810967
3270	0.4999288828
3271	0.4999288828
3272	0.0009349299029
3273	0.0009590393139
3274	0.1011748353
3275	0.1042484194
3276	0.0006491352756
3277	0.002935080732
3278	0.6334624467
3279	0.001471837401
3280	0.001055091373
3281	0.001278274757
3282	0.004628358876
3283	0.001379448425
3284	0.0006562930195
3285	0.1979320147
3286	0.2048956043
3287	0.09711921613
3288	0.0001569766416
3289	0.2403971337
3290	0.5418527824
3291	0.000409558494
3292	0.002495528857
3293	0.00574741818
3294	0.03767100471
3295	0.002363573372
3296	0.006443920421
3297	0.001611247435
3298	0.008608528023
3299	0.3153809757
3300	0.7974430645
3301	0.3380268914
3302	0.003790090992
3303	0.0008418534258
3304	0.003649943205
3305	0.0005145606348
3306	0.00351655042
3307	0.1666343003
3308	0.6206602716
3309	0.001514177648
3310	0.0573932554
3311	0.1586543168
3312	0.0003194931364
3313	0.1027498946
3314	0.4267977962
3315	0.4005468067
3316	0.001726511203
3317	0.1035223517
3318	0.00152379075
3319	0.3165518538
3320	0.003572206803
3321	0.07773873203
3322	0.0004054537398
3323	0.1574369303
3324	0.003890037329
3325	6.607757128e-05
3326	0.1435316441
3327	0.01510589263
3328	0.00798533113
3329	0.0005630257664
3330	0.002118946403
3331	0.3784366308
3332	0.002211616224
3333	0.5761087301
3334	0.1992275956
3335	0.002021843362
3336	0.03939457578
3337	0.005884406109
3338	0.00233899206
3339	0.001323274377
3340	0.01972684601
3341	0.004907062433
3342	0.1369597543
3343	0.04283095933
3344	0.4436770169
3345	0.5222798228
3346	0.001419145144
3347	0.0027356697
3348	0.0003725579797
3349	0.001096901467
3350	0.003447661233
3351	0.003441176532
3352	0.0009658301908
3353	0.001080160894
3354	0.08435197824
3355	0.001704152918
3356	0.320108776
3357	0.9198768392
3358	0.9198768392
3359	0
3360	0.2612581824
3361	0.3010797694
3362	0.0383210614
3363	0.05614495412
3364	0.1756420391
3365	0.001303587764
3366	0.03904846591
3367	0.002596874339
3368	0.002942066109
3369	0.02067988301
3370	0.1237964082
3371	0.006951176228
3372	0.0005354145777
3373	0.001756576004
3374	0.03604691018
3375	0.009713474432
3376	0.09828660377
3377	0.3415673781
3378	0.6583963849
3379	0.004477929838
3380	0.079155195
3381	0.263121511
3382	0.5522391128
3383	0.001378940222
3384	0.1379692301
3385	0.6643301648
3386	0.6853944959
3387	0.699899455
3388	0.699899455
3389	0.006027065999
3390	0.1039138337
3391	0.05961944276
3392	0.0120841059
3393	0.3198226339
3394	0.001232983193
3395	0.3197320163
3396	0.009418243356
3397	0.3199498638
3398	0.7198858311
3399	0.003570666564
3400	0.002322165172
3401	0.002186189372
3402	0.487118759
3403	0.7033635723
3404	0.003718813274
3405	0.01944617472
3406	0.06129305056
3407	0.5805588795
3408	0.005483854019
3409	0.3833506443
3410	0.5015619559
3411	0.00227391579
3412	0.002676187597
3413	0.0004110918909
3414	0.02211978939
3415	0.4731832879
3416	0.005379873815
3417	0.002938275129
3418	0.002312353116
3419	0.05846375223
3420	0.06142348856
3421	0.008652893772
3422	0.007089366748
3423	0.01492808481
3424	0.2993470444
3425	0.001688236659
3426	0.002907412511
3427	0.7614142138
3428	0.01835290991
3429	0.1821790851
3430	0.1836535677
3431	0.2351157307
3432	0.008938941469
3433	0.8139062693
3434	0.0002269530994
3435	0.2038905672
3436	0.002573675056
3437	0.00153490772
3438	0.0008180169887
3439	0.4669793369
3440	0.7930212248
3441	2.339122219e-05
3442	0.1944426491
3443	0.01679514415
3444	0.001275532188
3445	0.000403368354
3446	0.001296996795
3447	0.4645847321
3448	0.007166603855
3449	0.0005693005564
3450	0.04888114687
3451	0.003993552648
3452	0.01951510028
3453	0.2358613426
3454	0.002622257289
3455	0.7624084459
3456	0.002442308626
3457	0.4749341078
3458	0.08323011841
3459	0.0001187129191
3460	0.0002480668386
3461	0.4776760195
3462	0.001408429818
3463	0.003832880748
3464	0.001902348354
3465	0.3798172784
3466	0.02259701666
3467	0.1224728873
3468	0.004908806192
3469	0.1005106194
3470	0.005211046548
3471	0.2036459758
3472	0.007234791934
3473	0.005895646862
3474	0.01999155313
3475	0.01999155313
3476	0.6192851045
3477	0.91650241
3478	0.5383399943
3479	0.0002374801792
3480	0.4775267579
3481	0.4579470407
3482	0.009522644334
3483	0.001357159285
3484	0.004307301794
3485	0.0006318828874
3486	0.001992742209
3487	0.759893188
3488	0.759893188
3489	0.3792377505
3490	0.5999107629
3491	0.8398376022
3492	0.4409079852
3493	0.0002743229428
3494	0.00464061589
3495	0.001125048485
3496	0.001271607537
3497	0.001571305823
3498	0.02005286808
3499	0.0004067272566
3500	0.06130331949
3501	0.1590876164
3502	0.3210946581
3503	0.04033109186
3504	5.475736657e-05
3505	0.03999564033
3506	0.03999564033
3507	0.56281401
3508	0.1811202822
3509	0.002035467967
3510	0.4843767451
3511	0.006812639886
3512	0.1008480138
3513	0.1988277777
3514	0.0009754771609
3515	0.0001190888094
3516	0.4955388063
3517	0.0002486186388
3518	0.0006820405149
3519	0.9787493733
3520	0.0002918479335
3521	0.1819362979
3522	9.881140074e-05
3523	0.6012141976
3524	0.5038501541
3525	0.6662317467
3526	0.009088653355
3527	0.004908980657
3528	0.0006629866655
3529	0.000914821149
3530	0.02141067648
3531	0.01236365825
3532	0.003308003477
3533	0.0009450366977
3534	0.002490958167
3535	0.003788371567
3536	0.00639523333
3537	0.7392788828
3538	0.09826769389
3539	0.258245244
3540	0.003185031605
3541	0.004121703604
3542	0.0779251918
3543	0.3160943967
3544	0.7792572207
3545	0.0003738126076
3546	0.02147385619
3547	0.01550117337
3548	0.002012973394
3549	0.08252156633
3550	0.01947140925
3551	0.0003943119926
3552	0.003982492755
3553	0.00203338761
3554	0.0009028009051
3555	0.002797712354
3556	0.0561087172
3557	0.0479963431
3558	0.0002340688307
3559	0.002521035139
3560	0.04132448037
3561	0.6977522843
3562	0.001655895441
3563	0.4027729571
3564	0.009694520979
3565	0.02762057071
3566	0.09840740549
3567	0.0003667718157
3568	0.4410018105
3569	0.6823436543
3570	0.2119709968
3571	0.2147123653
3572	0.003913970647
3573	0.003035020826
3574	0.3799297003
3575	0.3799297003
3576	0.005397455639
3577	0.2229223452
3578	0.2224398897
3579	0.1158667534
3580	0.01879481859
3581	0.003170915541
3582	0.002723817272
3583	0.1359143524
3584	0.005675549883
3585	0.02719111543
3586	0.003175145554
3587	0.008717807248
3588	0.0006820523413
3589	0.04017222653
3590	0.007977556588
3591	0.006752077628
3592	0.002875650781
3593	0.1009373059
3594	0.1229704527
3595	0.0009542401106
3596	0.009625583379
3597	0.008388587066
3598	0.005910044014
3599	0.02997943909
3600	0.06306474758
3601	0.003450472553
3602	0.002271084217
3603	0.4198061308
3604	0.0007335463227
3605	0.3799615804
3606	0.3799615804
3607	0.04242232631
3608	0.001883205825
3609	0.1367246857
3610	0.008132283934
3611	0.008490892205
3612	0.00199172575
3613	0.05774227098
3614	0.002174251277
3615	0.00127185869
3616	0.939716485
3617	0.02550403659
3618	0.01728895866
3619	0.02450931701
3620	0.01111514566
3621	0.9394979183
3622	0.6194261575
3623	0.05917525328
3624	0.224507154
3625	0.05792283521
3626	0.002412530346
3627	0.9391092825
3628	0.0007453311717
3629	0.001506356957
3630	0.0005153334309
3631	0.0008893280752
3632	0.09887555229
3633	0.004464025815
3634	0.002063150958
3635	0.006920306813
3636	0.002607323663
3637	0.5807924108
3638	0.6220407086
3639	0.04264789104
3640	0.001780038011
3641	0.0002477772925
3642	0.002900224444
3643	0.002079238582
3644	0.2365875067
3645	0.1173571082
3646	0.002511119146
3647	0.3179898464
3648	0.004003227301
3649	0.02015152352
3650	0.0006660667153
3651	0.000709225159
3652	0.002636477234
3653	0.7198585831
3654	0.0002336370716
3655	0.9393186649
3656	0.0008672181008
3657	0.0008927704283
3658	0.0063510376
3659	0.9798648501
3660	0.9798648501
3661	0.2582650383
3662	0.5191565858
3663	0.002445902528
3664	0.006033061215
3665	0.05763305997
3666	0.2367959127
3667	0.009231347884
3668	0.119966485
3669	0.00179557077
3670	0.03986435374
3671	0.02222134283
3672	0.2694159052
3673	0.001864526827
3674	0.0002166495685
3675	0.002811774303
3676	0.001919771416
3677	0.06669075201
3678	0.01659495948
3679	0.003826929423
3680	0.0006719420077
3681	0.001331294526
3682	0.005083054352
3683	0.001083338217
3684	0.2399207084
3685	0.3248220987
3686	0.02033299106
3687	0.09804779103
3688	0.5805010385
3689	0.0004684590005
3690	0.7396078792
3691	0.8129103093
3692	0.01755232603
3693	0.002540606412
3694	0.006009930746
3695	0.001592008953
3696	0.0583684021
3697	0.001552043649
3698	0.003610236783
3699	0.07630103358
3700	0.4809838954
3701	0.1814201329
3702	0.003911305195
3703	0.004255071053
3704	0.003872163577
3705	0.01932372181
3706	0.001251038377
3707	0.01907676866
3708	0.003389804357
3709	0.04116234809
3710	0.117331119
3711	0.000549055245
3712	0.02412371936
3713	0.02473918046
3714	0.001565646055
3715	0.1171606495
3716	0.007506418724
3717	0.552683087
3718	0.004670275913
3719	0.4813332535
3720	0.003928761086
3721	0.001414210659
3722	0.07868271189
3723	0.01165057762
3724	0.1241929894
3725	0.1241268099
3726	0.3599479564
3727	0.3599479564
3728	0.6599
3729	0.6599
3730	0.5815241262
3731	0.8601812878
3732	0.7403838124
3733	0.6542409394
3734	0.1407247568
3735	0.0992339828
3736	0.0009475193578
3737	0.002291275479
3738	0.0005183444787
3739	0.6397818801
3740	0.002254998488
3741	0.4381184431
3742	0.5427405604
3743	0.004414108487
3744	0.02352323099
3745	0.02187345493
3746	0.00282083198
3747	0.004739321099
3748	0.9198787466
3749	0.9198787466
3750	0.001676962675
3751	0.09996811989
3752	0.004494846546
3753	0.0007963366272
3754	0.003307425859
3755	0.5591207914
3756	0.002857428653
3757	0.004881498468
3758	0.01080106267
3759	0.1590193193
3760	0.0009058001344
3761	0.002013178771
3762	0.0126855409
3763	0.003902594581
3764	0.002113936284
3765	0.006884009959
3766	0.0003700089211
3767	0.0004149436625
3768	0.5404422865
3769	0.004512012414
3770	0.1599820163
3771	0.1599820163
3772	0.2809330679
3773	0.007450472562
3774	0.634633441
3775	0.5572921264
3776	0.7398161671
3777	0.3199572207
3778	0.3199572207
3779	0.002801184052
3780	0.0008178843776
3781	0.4182813765
3782	0.1996922564
3783	0.0006516783781
3784	0.01839518448
3785	0.02039980735
3786	0.001577198254
3787	0.0001110775852
3788	0.3199463215
3789	0.3199463215
3790	0.02438676594
3791	0.2789822262
3792	0.2820165302
3793	0.06094118074
3794	0.001133826739
3795	0.0005319151
3796	0.4005360235
3797	0.03356518104
3798	0.01821466248
3799	0.007532184033
3800	0.4188536478
3801	0.001696712982
3802	0.001786620415
3803	0.0007626599694
3804	0.01717346008
3805	0.8997974114
3806	0.0003316779168
3807	0.01663785249
3808	0.0008700662348
3809	0.07807924999
3810	0.00374497028
3811	0.002674060488
3812	0.005753402639
3813	6.720270772e-05
3814	0.03204681683
3815	0.002037432615
3816	0.0999773842
3817	0.03999400545
3818	8.781103879e-05
3819	0.0003831562801
3820	0.001406945494
3821	0.006842199843
3822	0.1474006971
3823	0.3002062495
3824	0.2820722577
3825	0.3010434297
3826	0.1366340402
3827	0.04247854088
3828	0.003820443755
3829	0.001183450281
3830	0.004257650828
3831	0.001789910502
3832	0.1409943375
3833	0.1608005349
3834	0.01058209809
3835	0.859752116
3836	0.00799155203
3837	0.8198844687
3838	0.8198844687
3839	0.05716963582
3840	0.004814557031
3841	0.004634400743
3842	0.0003855991761
3843	0.004816036025
3844	0.003700980998
3845	0.1162341353
3846	0.004353717418
3847	0.0002734201218
3848	0.2224217029
3849	0.009262595714
3850	0.001517269852
3851	0.6590290665
3852	0.1168662764
3853	0.5618894336
3854	0.1993088311
3855	0.002886101518
3856	0.0008636266687
3857	0.0005043840249
3858	0.08725212436
3859	0.0008738780027
3860	0.0002577582449
3861	0.7603434358
3862	0.004520123412
3863	0.5205664167
3864	0.01549890643
3865	0.0007723142927
3866	0.0002833720719
3867	0.3247103818
3868	0.4398141458
3869	0.01249063141
3870	0.09312742976
3871	0.0006814977238
3872	0.6192627387
3873	0.01999891008
3874	0.5574392834
3875	0.3571128263
3876	0.3661204941
3877	0.0005475120813
3878	0.004970181207
3879	0.00198188935
3880	0.3799117166
3881	0.002073753593
3882	0.1798184832
3883	0.008994462586
3884	0.002917248302
3885	0.01752668047
3886	0.4216855828
3887	0.008661122298
3888	0.01760894058
3889	0.9795204587
3890	0.3195231451
3891	0.008292507063
3892	0.006447430269
3893	0.009060874041
3894	0.002310529065
3895	0.002243320135
3896	0.005306032447
3897	0.1688563574
3898	0.3799592643
3899	0.4799373297
3900	0.002881068713
3901	0.001243257839
3902	0.2197022955
3903	0.2179775426
3904	0.001380527417
3905	0.02055351554
3906	0.01655466037
3907	0.009811146113
3908	0.002696564466
3909	0.001904698487
3910	0.06082029897
3911	0.3799479564
3912	0.3799479564
3913	0.01930097358
3914	0.003007799723
3915	0.4396016479
3916	0.01666739976
3917	0.2997444142
3918	0.2034350086
3919	0.009302279357
3920	0.1708148623
3921	0.2395147086
3922	0.2356309658
3923	0.002167904846
3924	0.3799233061
3925	0.4797111717
3926	0.002443797612
3927	0.01947380459
3928	0.6598367847
3929	0.01912006947
3930	0.2570835105
3931	0.003830611026
3932	0.3395996821
3933	0.378914736
3934	1.226158038e-06
3935	0.4596215259
3936	0.01590465938
3937	0.002655114419
3938	0.00568058568
3939	0.005501948753
3940	0.9996995913
3941	0.05929031663
3942	0.001269606547
3943	0.003317791477
3944	0.04269381482
3945	0.004280278459
3946	0.02028771278
3947	0.07856273211
3948	0.00938022143
3949	0.0004760063152
3950	0.05675091502
3951	0.001319007677
3952	0.001803240607
3953	0.07829877322
3954	0.003460633691
3955	0.06193177238
3956	0.04982500871
3957	0.01301415897
3958	0.7995123358
3959	0.4036563743
3960	0.08782766901
3961	0.0001280270042
3962	0.003447760217
3963	0.8612777225
3964	0.3196952046
3965	6.811989101e-07
3966	0.8598847411
3967	0.03485319318
3968	0.08117017564
3969	0.0008364966254
3970	0.2191590293
3971	0.4513794874
3972	0.0003233126336
3973	0.001330478341
3974	0.004618674706
3975	0.0002800031733
3976	0.04222666189
3977	0.8798798365
3978	0.8798798365
3979	0.07853432113
3980	0.001023161244
3981	0.9997163488
3982	0.8197800863
3983	0.0004281134025
3984	0.001634074237
3985	0.0008703416901
3986	0.07950631647
3987	0.00141362171
3988	0.05963038862
3989	0.7995939814
3990	0.341397074
3991	0.001214383342
3992	0.02192037074
3993	0.003306631785
3994	0.0005363235993
3995	0.8216574081
3996	0.7025632508
3997	0.7155403579
3998	0.1682215626
3999	0.001101851441
4000	0.0007092816465
4001	0.004864916183
4002	0.000252070578
4003	0.07639057476
4004	0.2891090989
4005	0.002041994427
4006	0.05882769873
4007	0.02284298195
4008	0.0002503642539
4009	0.003993962884
4010	0.2804352584
4011	0.0413073512
4012	0.01712938992
4013	0.1814641196
4014	0.1818129571
4015	0.2599585831
4016	0.8198689373
4017	0.09836218092
4018	0.2153206179
4019	0.01180974307
4020	0.002178557912
4021	0.004623679476
4022	0.002500781464
4023	0.03937248582
4024	0.003179266225
4025	0.09958246402
4026	0.7398099455
4027	0.9996752044
4028	0.1001137465
4029	0.001621977174
4030	0.01488156409
4031	0.8134686406
4032	0.1572343651
4033	0.0001273440178
4034	0.001644330361
4035	0.05847424267
4036	0.002911650396
4037	0.1047742802
4038	0.09984004474
4039	0.06763694057
4040	0.5411146894
4041	0.5196266644
4042	0.2391003116
4043	0.3804893943
4044	0.00638482256
4045	0.3971414459
4046	0.2412495812
4047	0.002726086814
4048	0.05804037987
4049	0.2799570845
4050	0.4599269755
4051	0.009368158207
4052	0.560692373
4053	0.1954370309
4054	0.00171823814
4055	0.004646459636
4056	0.04063984796
4057	0.009224324398
4058	0.06233794349
4059	0.2773272216
4060	0.004393099766
4061	0.00217297082
4062	0.00229656525
4063	0.4141536171
4064	0.004227320496
4065	0.0005140324465
4066	0.003518819364
4067	0.003240879781
4068	0.229964797
4069	0.0001080956803
4070	0.1371100797
4071	0.01741595231
4072	0.001559481604
4073	0.00200974392
4074	0.4007763452
4075	0.002620948726
4076	0.0008473244905
4077	0.001964168417
4078	0.4968966125
4079	0.6543207569
4080	0.651076745
4081	0.005793104721
4082	0.5799275204
4083	0.5799275204
4084	0.01112148327
4085	0.5196218564
4086	0.0792552526
4087	0.1961370891
4088	0.002845802244
4089	0.0002395339563
4090	0.002759473833
4091	0.6016303583
4092	0.001303551206
4093	0.002329990852
4094	0.004278671574
4095	0.08486797572
4096	0.04066043015
4097	0.0001503760144
4098	0.4350449578
4099	0.003196492219
4100	0.4986162689
4101	0.6998667575
4102	0.8598196185
4103	0.002229410773
4104	0.002096419249
4105	0.1599858311
4106	0.3399615804
4107	0.002747478057
4108	0.1610000683
4109	0.003860130728
4110	0.1146909623
4111	0.2814829936
4112	0.1226197767
4113	0.0006489905918
4114	0.001612930628
4115	0.0167812447
4116	0.0005010092676
4117	0.02129822837
4118	0.006638411757
4119	0.00106827241
4120	0.3878543735
4121	0.07999059946
4122	0.9588406336
4123	0.3802194115
4124	0.01944696923
4125	0.01596491342
4126	0.00077664931
4127	0.05889957081
4128	0.00121878587
4129	0.3163606855
4130	0.003036691024
4131	0.00240649932
4132	0.1669152786
4133	0.01174749687
4134	0.001803810068
4135	0.1813258655
4136	0.002685104959
4137	0.004969723856
4138	0.000927929768
4139	0.05758097176
4140	0.3584687494
4141	0.00304346196
4142	0.001240977444
4143	0.0008434451559
4144	0.00907941815
4145	0.004839824691
4146	0.01084757802
4147	0.002439470295
4148	0.2742169366
4149	0.002287270537
4150	0.0009299615126
4151	0.8391540963
4152	0.0003468511454
4153	0.02094317006
4154	0.8188859272
4155	0.7395751479
4156	0.000253067326
4157	0.0004931259567
4158	0.001242243633
4159	0.003699794884
4160	0.2533262169
4161	0.005129628799
4162	0.3607157579
4163	0.009236721394
4164	0.004349865576
4165	0.8998858311
4166	0.8998858311
4167	0.0007677694893
4168	0.002291291607
4169	0.01427876955
4170	0.001040229098
4171	0.00121069172
4172	0.06721745723
4173	0.004239929288
4174	0.2199638965
4175	0.6799024523
4176	0.7198653951
4177	0.919793733
4178	0.3468159058
4179	0.06111368012
4180	0.002218995832
4181	0.003922609219
4182	0.06112417563
4183	0.3570731815
4184	0.003539910987
4185	0.9791441417
4186	0.004372721059
4187	0.7394393733
4188	0.2357713375
4189	0.1744150178
4190	0.003378503091
4191	0.6399027248
4192	0.6399027248
4193	0.1467426547
4194	0.003178944291
4195	0.001499811939
4196	0.0008241084118
4197	0.04086029269
4198	0.00302215837
4199	0.01554553862
4200	0.00944586503
4201	0.006522153829
4202	0.004933812418
4203	0.002646604847
4204	0.08045455618
4205	0.09975266941
4206	0.2023541682
4207	0.2800244925
4208	0.6371436372
4209	0.002506491086
4210	0.1213519554
4211	0.0008277930192
4212	0.0453500339
4213	0.001666734167
4214	0.003953019318
4215	0.008628796878
4216	0.003664981837
4217	0.001018856942
4218	0.0005219713619
4219	0.8200124389
4220	0.003691381254
4221	0.002367374467
4222	0.0004416473474
4223	0.0011788688
4224	0.001579387528
4225	0.001885055339
4226	0.003406465956
4227	0.0007994541131
4228	0.5204082657
4229	0.8591585786
4230	0.006540480998
4231	0.1614413078
4232	0.0002198008405
4233	0.002026830284
4234	0.8397136694
4235	0.4008010096
4236	0.004284140072
4237	0.8412528013
4238	0.0005900288842
4239	0.1157630884
4240	0.002760964793
4241	0.3368544533
4242	0.001812289814
4243	0.639759673
4244	0.000526431188
4245	0.00222645908
4246	0.001862076683
4247	0.0003790513087
4248	0.02378100354
4249	0.002844698959
4250	0.00615722314
4251	0.02116652659
4252	0.0007284731373
4253	0.005674909098
4254	0.001439627552
4255	0.8998316076
4256	0.7798720708
4257	0.018571124
4258	0.003794868396
4259	0.000650254327
4260	0.001925598566
4261	0.04012273701
4262	0.00237864374
4263	0.006087558785
4264	0.0001291132513
4265	0.0001247082787
4266	0.0001647669028
4267	0.005955520584
4268	0.02300900729
4269	0.8208153709
4270	0.9008487123
4271	0.3420969423
4272	0.003770177503
4273	0.08631073903
4274	0.004640613543
4275	0.01553322198
4276	0.01995163488
4277	0.004050227536
4278	0.01714485784
4279	0.2799093052
4280	0.0009509587042
4281	0.002214389616
4282	0.0009295920908
4283	0.002448585496
4284	0.6933285986
4285	0.0024957887
4286	0.1411951727
4287	0.01110276082
4288	0.004581659968
4289	0.8198337875
4290	0.999753951
4291	0.002589173961
4292	0.00337593638
4293	0.00403337045
4294	0.003205974513
4295	0.5405432676
4296	0.4157262174
4297	0.08614115554
4298	0.006069379811
4299	0.07994441417
4300	0.0003558952058
4301	0.0006368565823
4302	0.7202085124
4303	0.002778148726
4304	0.0003415464073
4305	0.0408199704
4306	0.006944645465
4307	0.2157907558
4308	0.007734636993
4309	0.003102389858
4310	0.001206015178
4311	0.002162203107
4312	0.003427892715
4313	0.001085956015
4314	0.7997779746
4315	0.001718773809
4316	0.0007066856658
4317	0.008538705326
4318	0.003564140395
4319	0.0006642265384
4320	0.0006828330417
4321	0.6505136827
4322	0.197334628
4323	0.001081183199
4324	0.03850958544
4325	0.1407418306
4326	0.001061461639
4327	0.02117870024
4328	0.0007059497457
4329	0.04674267142
4330	0.003258504311
4331	0
4332	0.0009053119466
4333	0.2610874867
4334	0.023917214
4335	0.003192767967
4336	0.305178412
4337	0.003066314956
4338	0.4930402696
4339	0.396537619
4340	4.012391678e-05
4341	0.00312044105
4342	0.7013715391
4343	0.7014527033
4344	0.4604516401
4345	0.0007749580863
4346	0.3210145074
4347	0.002967288781
4348	0.01111781178
4349	0.318378081
4350	0.002103411038
4351	0.08087919903
4352	0.2629063318
4353	0.001440609957
4354	0.001313145277
4355	0.004026372175
4356	0.1188522521
4357	0.09876990505
4358	0.07840683302
4359	0.00132486833
4360	0.002684609642
4361	0.3767063054
4362	0.03130413915
4363	0.0006033924675
4364	0.004905035782
4365	0.005925538496
4366	0.02082713222
4367	0.4804444002
4368	0.574795341
4369	0.4799223433
4370	0.4799223433
4371	0.3599144414
4372	0.8997904632
4373	0.5598832425
4374	0.02074340734
4375	0.07395945742
4376	0.113896832
4377	0.001703623836
4378	0.3173441289
4379	0.016807558
4380	0.9795588783
4381	0.001244475087
4382	0.003637255536
4383	0.001835919489
4384	0.4004051727
4385	0.0004486887533
4386	0.759291401
4387	0.003262103984
4388	0.7005219556
4389	0.5214378618
4390	0.002182588168
4391	0.0004619113831
4392	0.001186875385
4393	0.1196551869
4394	0.004594074419
4395	0.2587283094
4396	0.004562377595
4397	0.3017117518
4398	0.3357618456
4399	0.3394792524
4400	0.1411098313
4401	0.5490518811
4402	0.9993993642
4403	0.9596079473
4404	0.08017358664
4405	0.01546978938
4406	0.1377628117
4407	5.078844973e-05
4408	0.009662354444
4409	0.02046464489
4410	0.01951073435
4411	0.000339432626
4412	0.001037632154
4413	0.2552872666
4414	0.0009939454486
4415	0.007001498251
4416	0.001881281176
4417	0.001054752346
4418	0.002170674181
4419	0.009899423024
4420	0.001160696114
4421	0.05998065395
4422	0.004777929511
4423	0.7758915828
4424	0.7373497551
4425	0.004346725678
4426	0.003144588256
4427	0.003659523479
4428	0.2220732241
4429	0.000954128294
4430	0.007594639883
4431	0.002201420706
4432	0.003047256439
4433	0.01289252033
4434	0.005007586151
4435	0.9798099455
4436	0.3997592643
4437	0.001188572874
4438	0.003255027788
4439	0.009104669242
4440	0.004888794997
4441	0.001410131296
4442	0.01064155938
4443	0.005796229535
4444	0.2197938216
4445	0.002261013989
4446	0.004367176959
4447	0.0006090772753
4448	0.0003743682656
4449	0.002163639121
4450	0.003313446538
4451	0.2597595368
4452	0.5230634666
4453	0.00264405122
4454	0.799919346
4455	0.799919346
4456	0.003825080164
4457	0.003449234203
4458	0.2674691593
4459	0.05985500512
4460	0.004593303521
4461	0.0002461687327
4462	0.002490681919
4463	0.002164102653
4464	0.1592513453
4465	0.002450791513
4466	0.2020621604
4467	0.1060873807
4468	0.2392134876
4469	0.6188790534
4470	0.005518626617
4471	0.004969732443
4472	0.04294630149
4473	0.0006991361926
4474	0.06245587622
4475	0.02500581537
4476	0.0002034485905
4477	0.003812550973
4478	0.005129064131
4479	0.2251934611
4480	0.324199494
4481	0.002635547011
4482	0.006658503903
4483	0.1799792916
4484	0.1799792916
4485	0.1408913996
4486	0.001015312795
4487	0.006728555322
4488	0.002086311126
4489	0.00185075757
4490	0.1205948978
4491	0.001743587627
4492	0.07840605379
4493	0.005933050384
4494	0.005756971215
4495	0.2249859007
4496	0.001584666385
4497	0.002571420818
4498	0.0980439259
4499	0.08252737728
4500	0.01899823744
4501	0.7619451907
4502	0.02106190989
4503	0.000137888625
4504	0.001712008609
4505	0.2999405995
4506	0.2999405995
4507	0.0007781985827
4508	0.0005225891514
4509	0.002330328131
4510	0.001204060564
4511	0.0005662388546
4512	0.02005699343
4513	0.04353187623
4514	0.003579313883
4515	0.01811506813
4516	0.2799337875
4517	0.001797446539
4518	0.02131260688
4519	0.009920381934
4520	0.002610008596
4521	0.2803739265
4522	0.1243298747
4523	0.05555775875
4524	0.004475373352
4525	0.0004209044067
4526	0.004597322487
4527	0.0005759097349
4528	0.1808588507
4529	0.2639700231
4530	0.2614255989
4531	0.02001341197
4532	0.102208544
4533	0.004589728076
4534	0.001488949477
4535	0.1213232857
4536	0.3999242507
4537	0.03676548331
4538	0.00182773398
4539	0.9169046427
4540	0.002322941134
4541	0.000298115864
4542	0.001301024707
4543	0.008750669601
4544	0.001087602403
4545	0.9986760173
4546	0.001483880841
4547	8.472065242e-06
4548	0.002867564832
4549	0.04240220652
4550	0.2757165353
4551	0.1589317343
4552	0.716484703
4553	0.7184221908
4554	0.01885897479
4555	0.06130360791
4556	0.599451795
4557	0.6983643706
4558	0.001033188485
4559	0.08028194206
4560	0.07871372725
4561	0.6795674387
4562	0.3387537392
4563	0.1599722071
4564	0.1599722071
4565	0.001157509744
4566	0.0005925928604
4567	0.003510165488
4568	0.004439088771
4569	0.001442293749
4570	0.002885605769
4571	0.004454977693
4572	0.06189042509
4573	0.06126112829
4574	0.0009320551006
4575	0.03263929088
4576	0.1246210474
4577	0.114434074
4578	0.1010071749
4579	0.001966214078
4580	0.0005030312516
4581	0.008060847649
4582	0.0003576027266
4583	0.00404190922
4584	0.5124631493
4585	0.3191253999
4586	0.004601402628
4587	0.001523695778
4588	0.4199302452
4589	0.0011193637
4590	0.006336794527
4591	0.04225324549
4592	0.0239538275
4593	0.09915740324
4594	0.002535302234
4595	0.4964060321
4596	0.001516705844
4597	0.001008828936
4598	0.0004024531112
4599	0.001503228683
4600	0.07378447844
4601	0.00130656971
4602	0.9588652134
4603	0.703793792
4604	0.3998724796
4605	0.02098630165
4606	0.5976285209
4607	0.001974451243
4608	0.01933903678
4609	0.001035193828
4610	0.357482807
4611	0.157390614
4612	0.01562431787
4613	0.0011823116
4614	0.002873888087
4615	0.002173592059
4616	0.0009628789742
4617	0.0007444716626
4618	0.003153206006
4619	0.002815004456
4620	0.0003624373841
4621	0.0002383668676
4622	0.001238496852
4623	0.002682842044
4624	0.1429783084
4625	0.641304578
4626	0.002786093082
4627	0.005228072949
4628	0.04222868611
4629	0.008424583759
4630	0.4197778383
4631	0.4991989476
4632	0.0005608649056
4633	0.8810953734
4634	0.2473492722
4635	0.8798836512
4636	0.8798836512
4637	0.001638526612
4638	0.04399845153
4639	0.0007762924139
4640	0.3224462722
4641	0.3599047684
4642	0.5799228883
4643	0.5799228883
4644	0.002427693055
4645	0.001702484295
4646	0.003337469689
4647	0.6799016349
4648	0.6799016349
4649	0.006167668332
4650	0.001548367019
4651	0.01531732764
4652	0.0004173494862
4653	0.007067598273
4654	0.01224328363
4655	0.02100952039
4656	0.0001355248134
4657	0.0009666181735
4658	0.060430076
4659	0.07917106334
4660	0.002287196833
4661	0.01802321204
4662	0.0005701953254
4663	0.3240758615
4664	0.4595343279
4665	0.6196778383
4666	0.002282689266
4667	0.2415541841
4668	0.2403783756
4669	0.00166281051
4670	0.2814856253
4671	0.3059552646
4672	0.003937188728
4673	0.6003808722
4674	0.5553255863
4675	0.007851543589
4676	0.004532554844
4677	0.2371925255
4678	0.04325679953
4679	0.0011496934
4680	0.2762381734
4681	0.0007179554457
4682	0.3199392098
4683	0.0005644219836
4684	0.1389911761
4685	0.01104627755
4686	0.005877444523
4687	0.4965734928
4688	0.006808067569
4689	0.004267216158
4690	0.0004027638676
4691	0.0006621038164
4692	0.005641345684
4693	0.01810517624
4694	0.01918126859
4695	0.1603659771
4696	0.1904541218
4697	0.09394238265
4698	0.01528456119
4699	0.007948347529
4700	0.5789936437
4701	0.0015842243
4702	0.300778988
4703	0.09730402314
4704	0.1870128211
4705	0.1817026695
4706	0.006412792438
4707	0.7193235695
4708	0.005757555201
4709	9.289976077e-05
4710	0.4189950975
4711	0.0006916806092
4712	0.07967182331
4713	0.002259300432
4714	0.09653934861
4715	0.0004567557033
4716	0.002028762252
4717	0.01411104052
4718	0.2228586474
4719	0.01826015783
4720	0.004136491015
4721	0.002395862213
4722	0.002402280285
4723	0.1399440054
4724	0.001423108665
4725	0.01992989162
4726	0.958734915
4727	0.1207366755
4728	0.001282366449
4729	0.7596935967
4730	0.0008287064188
4731	0.04566203952
4732	0.1020727018
4733	0.4817133427
4734	0.0007198510264
4735	0.6798626703
4736	0.8598110354
4737	0.01766438315
4738	0.0004456214053
4739	0.01002143074
4740	0.0108905064
4741	0.001234294504
4742	0.0103808731
4743	0.0004362808359
4744	0.07963260786
4745	0.006480878752
4746	0.5225929521
4747	0.1833524782
4748	0.004647661781
4749	0.0002920495917
4750	0.01758676523
4751	0.2598587291
4752	0.0005088340666
4753	0.002701992648
4754	0.04171654015
4755	0.2171939658
4756	0.003245867932
4757	0.6398132153
4758	0.4956626849
4759	0.3599512262
4760	0.3599512262
4761	0.001823447432
4762	0.01326969779
4763	0.002064776345
4764	0.001230556179
4765	3.319680643e-05
4766	0.06256011898
4767	0.04434494162
4768	0.00268396672
4769	0.03323592182
4770	0.3388230083
4771	0.003923340066
4772	0.001619535384
4773	0.09541704128
4774	0.03884730803
4775	0.003409484527
4776	0.04623179113
4777	0.07742454127
4778	0.002915678057
4779	0.00282548185
4780	0.006260324784
4781	0.1598968665
4782	0.0006415703538
4783	0.003986706309
4784	0.6367686475
4785	0.6365007561
4786	0.001185747403
4787	0.00566821067
4788	0.3773276998
4789	0.000716418532
4790	0.0008472238261
4791	0.0003715455205
4792	0.0001989515924
4793	0.0002520323015
4794	0.005126299529
4795	0.001025636732
4796	0.001029571276
4797	0.3604296782
4798	0.003043882912
4799	0.0009082229758
4800	0.07462999056
4801	0.0004767260254
4802	0.1235202875
4803	0.1999674387
4804	0.002575561749
4805	0.000600064617
4806	0.0004771357698
4807	0.002752804301
4808	0.05627960842
4809	0.01497484349
4810	0.0005544534524
4811	0.01921885623
4812	0.1046987288
4813	0.08081711407
4814	0.01157297367
4815	0.2080899842
4816	0.9590865713
4817	0.0009380128588
4818	0.6378069236
4819	0.005659078908
4820	0.006749721649
4821	0.3199190736
4822	0.9797177112
4823	0.01072648129
4824	0.002773507295
4825	0.001833307487
4826	0.00807111934
4827	0.1997358311
4828	0.1976615485
4829	0.001365719002
4830	0.004195556006
4831	0.1799790191
4832	0.2399719346
4833	0.1199784741
4834	0.9998498638
4835	0.005575962026
4836	0.0045922688
4837	0.00448330566
4838	0.3397523161
4839	0.4818415289
4840	0.4812661582
4841	0.01067889855
4842	0.001402973502
4843	0.002856706451
4844	0.007863330395
4845	0.5751177149
4846	0.2193256641
4847	0.006971868339
4848	0.001478137973
4849	0.002155890606
4850	0.008066183442
4851	0.06500996836
4852	0.002557993187
4853	0.4190662509
4854	0.2397630472
4855	0.002934266719
4856	0.002072029023
4857	0.2204758388
4858	0.2200045503
4859	0.01528801104
4860	0.0002600494351
4861	0.5037942462
4862	0.0005381527165
4863	0.879793188
4864	0.003304714633
4865	0.4579289709
4866	0.0002835804097
4867	0.3822659241
4868	0.00340181739
4869	0.0009356059063
4870	0.1593458942
4871	0.02103433703
4872	0.4771519118
4873	0.2152497244
4874	0.1231626471
4875	0.02633038465
4876	0.001743430167
4877	0.001214548703
4878	0.0003276127802
4879	0.1199700272
4880	0.319927248
4881	0.0438701029
4882	0.004855096612
4883	0.0002886398665
4884	0.1218752452
4885	0.002280643271
4886	0.001636015038
4887	0.02075622191
4888	0.7963094977
4889	0.004932381009
4890	0.003081450979
4891	0.6802987116
4892	0.07760343887
4893	0.03965235279
4894	0.006810884248
4895	0.1958014562
4896	0.1608823521
4897	0.01084787713
4898	0.02314077574
4899	0.002869869908
4900	0.02128070334
4901	0.2599060627
4902	0.003422978206
4903	0.001844799999
4904	0.03912846188
4905	0.8789607629
4906	0.06019687067
4907	0.01423424473
4908	0.5798940054
4909	0.001334624947
4910	0.003976782566
4911	0.3558482625
4912	0.005267880677
4913	0.001806415888
4914	0.0005630458572
4915	0.003916667836
4916	0.6184745138
4917	0.001581391451
4918	0.002520500707
4919	0.003511209086
4920	0.0002255689852
4921	0.7598148955
4922	0.002565708705
4923	0.1827446641
4924	0.005205811755
4925	0.8797113079
4926	0.9995103542
4927	0.7798907357
4928	0.7798907357
4929	0.02010965766
4930	0.2992611361
4931	0.1778982832
4932	0.06361556481
4933	0.001191174955
4934	0.01108329022
4935	0.006057828877
4936	0.005882323394
4937	0.004893002143
4938	0.28323841
4939	0.0003375407638
4940	0.919873297
4941	0.919873297
4942	0.003112979275
4943	0.002289774203
4944	0.0218478288
4945	0.0009761065679
4946	0.01926837564
4947	0.002598285206
4948	0.003693859223
4949	0.008877016033
4950	0.003402327533
4951	0.002612009983
4952	0.01521454177
4953	0.001064547537
4954	0.001952592929
4955	0.007167467391
4956	0.02227188373
4957	9.361507637e-05
4958	0.2816901376
4959	0.3072953511
4960	0.02606688139
4961	2.58244916e-05
4962	0.002070442092
4963	0.01863556317
4964	0.3606133373
4965	0.100965965
4966	0.003864336505
4967	0.001848781815
4968	0.7591245195
4969	0.00238551143
4970	0.003490900487
4971	0.005022820109
4972	0.003941842957
4973	0.1639092457
4974	0.002298109983
4975	0.006101685599
4976	0.002947068268
4977	0.5024963065
4978	0.002890154663
4979	0.007664727326
4980	0.5197631926
4981	0.1395939946
4982	0.4050420727
4983	0.0006015317663
4984	0.03679198495
4985	0.004027549076
4986	0.2603979298
4987	0.0001660078417
4988	0.003945799393
4989	0.09117289152
4990	0.0008454914424
4991	0.005372526713
4992	0.01211651991
4993	0.1798579445
4994	0.005365521845
4995	0.007587606509
4996	0.002753573649
4997	0.01445380015
4998	0.001758667499
4999	0.001712830373
5000	0.001016040868
5001	0.003785013459
5002	0.1608564932
5003	0.1671051772
5004	0.008734333736
5005	0.05448791062
5006	0.001332864817
5007	0.005025352905
5008	0.004647963862
5009	0.237348179
5010	0.09940399734
5011	0.006621948583
5012	0.4399280654
5013	0.3799382834
5014	0.01778555021
5015	0.3627079986
5016	0.07774184958
5017	0.00187362873
5018	0.004476109061
5019	0.000130645314
5020	0.00514037691
5021	0.002422788278
5022	0.003303993791
5023	0.001188494553
5024	0.00461416177
5025	0.005188732118
5026	0.0821257393
5027	0.002907271759
5028	0.419179839
5029	0.003967301998
5030	0.005455262168
5031	0.2403859819
5032	0.2072632251
5033	0.003395918866
5034	0.002046119369
5035	0.002958571343
5036	0.6586073408
5037	0.00442081135
5038	0.0001836707187
5039	0.00148512387
5040	0.003073964288
5041	0.0002642115652
5042	0.14099864
5043	5.064438178e-05
5044	0.009233754129
5045	0.0862840352
5046	0.003147870123
5047	0.00434265019
5048	0.005876880035
5049	0.4204801614
5050	0.0759311273
5051	0.00179860206
5052	0.01859083621
5053	0.01621159576
5054	0.1794652523
5055	0.2398278099
5056	0.001051652095
5057	0.4808945053
5058	0.0005865654343
5059	0.7577909374
5060	0.003390398715
5061	0.002781598119
5062	0.17696194
5063	0.008459091925
5064	0.2399143233
5065	0.00682582742
5066	0.002543997959
5067	0.001147482805
5068	0.01958776622
5069	0.002971941659
5070	0.00283328977
5071	0.2486440165
5072	0.01997055755
5073	0.00983454598
5074	0.004875806249
5075	0.05621991067
5076	0.2988026503
5077	0.001402909376
5078	0.003408604177
5079	0.002904568261
5080	0.02034853084
5081	0.02099442794
5082	0.002708346707
5083	0.04418250359
5084	0.001415123108
5085	0.003575492956
5086	0.0167626169
5087	0.04138837462
5088	0.478122146
5089	0.3158574713
5090	0.007431652279
5091	0.002801465129
5092	0.009540071312
5093	0.001442494997
5094	2.062866891e-05
5095	0.003504106422
5096	0.002171920489
5097	0.007881664393
5098	0.001740232122
5099	0.005078791536
5100	0.006687881792
5101	0.2583779258
5102	0.1845980128
5103	0.004107099054
5104	0.003759206008
5105	0.0006956840769
5106	0.04140070613
5107	0.05939575784
5108	0.7776556922
5109	0.01081753944
5110	0.06815687712
5111	0.003329828333
5112	0.005196620384
5113	0.5399356948
5114	0.5399356948
5115	0.02357263745
5116	0.006977785
5117	0.6199149864
5118	0.6199149864
5119	0.001273618945
5120	0.008451993689
5121	0.9798100817
5122	0.9997514986
5123	0.1246622264
5124	0.4595309264
5125	0.001185050129
5126	0.005842001423
5127	0.1438982202
5128	0.00129496666
5129	0.1399817439
5130	0.1399817439
5131	0.04247404744
5132	0.01794512809
5133	0.2432324351
5134	0.002704868352
5135	0.003800425843
5136	0.0007188271324
5137	0.0940187446
5138	0.1371474776
5139	0.1353083596
5140	0.1798554197
5141	0.4595886013
5142	0.0761778043
5143	0.002255215225
5144	0.001296757099
5145	0.03370736454
5146	0.09959578181
5147	0.0443107595
5148	0.000946093441
5149	0.8998746594
5150	0.8998746594
5151	0.006831661814
5152	0.002032101457
5153	0.006701300867
5154	0.08172092545
5155	0.001087520249
5156	0.001340366521
5157	0.7198554496
5158	0.479926703
5159	0.479926703
5160	0.01280562851
5161	0.003466917249
5162	0.07649317267
5163	0.000116615007
5164	0.1842427528
5165	0.0005591571681
5166	0.05845240088
5167	0.08149770878
5168	0.03962595843
5169	0.0005638282101
5170	0.0004675079281
5171	0.002471208525
5172	0.002317193727
5173	0.9588968211
5174	0.4253452109
5175	0.006401152212
5176	0.002407049564
5177	0.0001224765532
5178	0.003113115316
5179	0.006346099006
5180	0.0003272667465
5181	0.004543552626
5182	0.003459327805
5183	0.454364328
5184	0.5976542803
5185	0.8598585831
5186	0.9598237057
5187	0.0227356687
5188	0.08390390894
5189	0.15997184
5190	0.001757223735
5191	0.06748569323
5192	0.03965984143
5193	0.1197985014
5194	0.005809624633
5195	0.1191908246
5196	0.006236795355
5197	0.0002420781702
5198	0.0009993345071
5199	0.01814050602
5200	0.0161045185
5201	0.0006667472997
5202	0.0003798709562
5203	0.0010301179
5204	0.002922030094
5205	0.001854952317
5206	0.003213505989
5207	0.003053552964
5208	0.08019634108
5209	0.005742216322
5210	0.001210551559
5211	0.2038612794
5212	0.3405702183
5213	0.002681401102
5214	0.4319815217
5215	0.0009455147027
5216	0.004975242269
5217	0.002016577364
5218	0.04032765528
5219	0.01870760333
5220	0.005369149646
5221	0.04843177476
5222	0.1626166274
5223	0.0009771004861
5224	0.0002385153374
5225	0.06623127973
5226	0.0007748698828
5227	0.0412964379
5228	0.2647721703
5229	0.004542040835
5230	0.1788325926
5231	0.1987129641
5232	0.02939452819
5233	0.2433920435
5234	0.002543302553
5235	0.02395033469
5236	0.006874375169
5237	0.4459456446
5238	0.4539468029
5239	0.0008889252927
5240	0.03427440891
5241	0.003517507164
5242	0.0009902723239
5243	0.006828397358
5244	0.001456754628
5245	1.125435898e-05
5246	0.001860332289
5247	0.2550789002
5248	0.01651224061
5249	0.0007726822132
5250	0.001111115793
5251	0.001075100757
5252	0.3999245232
5253	0.899853951
5254	0.9198053815
5255	0.06140362524
5256	0.483038182
5257	0.003746871594
5258	0.3570596563
5259	0.006020161145
5260	0.5014901475
5261	0.2778908307
5262	0.0379767512
5263	0.002269103342
5264	0.02161486554
5265	0.01880234586
5266	0.06325458803
5267	0.000711972942
5268	0.7168134043
5269	0.559282101
5270	0.0003542344797
5271	0.005682482728
5272	0.06089337581
5273	0.09997002725
5274	0.09997002725
5275	0.004661103708
5276	0.004478226192
5277	0.003563894003
5278	0.02097665896
5279	0.008799831394
5280	0.000311049435
5281	0.2037062324
5282	0.8395173386
5283	0.01656064718
5284	0.03792369815
5285	0.005235130001
5286	0.006534001975
5287	0.457235431
5288	0.318851608
5289	0.2304858628
5290	0.0009450573063
5291	0.298656811
5292	0.3550645261
5293	0.06159883583
5294	0.002704762766
5295	0.3986272174
5296	0.4042119195
5297	0.02142380207
5298	0.006497822877
5299	0.3198702997
5300	0.2170270537
5301	0.002488795997
5302	8.65043343e-05
5303	0.7798923706
5304	0.005381237598
5305	0.2158259917
5306	0.3922830033
5307	0.3497851614
5308	0.2209634838
5309	0.0008744220628
5310	0.6782014626
5311	0.001908664472
5312	0.337630595
5313	0.2239430333
5314	0.1199814714
5315	0.2369844425
5316	0.0005051769042
5317	0.001582790811
5318	0.003322259446
5319	0.7998975477
5320	0.7998975477
5321	0.1986538317
5322	0.1019425734
5323	0.0006132619471
5324	0.514889778
5325	0.001937744953
5326	0.001587470995
5327	0.007386240987
5328	0.03632419364
5329	0.007166040406
5330	0.002849173436
5331	0.2405738591
5332	0.003927297194
5333	0.1395174714
5334	0.8998831063
5335	0.8998831063
5336	0.01591989819
5337	0.1402172561
5338	0.05688212928
5339	0.007862275995
5340	0.6998291553
5341	0.001714404067
5342	0.04013097461
5343	0.08132371953
5344	0.01302412688
5345	0.8998811989
5346	0.8998811989
5347	0.0003777415609
5348	0.001711614324
5349	0.01806421817
5350	0.7991119632
5351	0.001846215746
5352	0.003803193135
5353	0.001257466173
5354	0.3421724586
5355	0.3998595822
5356	0.006762481276
5357	0.04717990676
5358	0.002172066915
5359	0.01921372672
5360	0.06125629774
5361	0.07841221767
5362	0.02057678409
5363	0.1198088102
5364	0.001605300711
5365	0.002918191999
5366	0.0007039291216
5367	0.4489356896
5368	0.05393459669
5369	0.004402358192
5370	0.008870420252
5371	0.1216161131
5372	0.01032152124
5373	0.006319313835
5374	0.003324769085
5375	0.1596121055
5376	0.4389589089
5377	0.004501247341
5378	0.002674881081
5379	0.005335775783
5380	0.01734063437
5381	0.1197691349
5382	0.002463439497
5383	0.2485089569
5384	0.05894592686
5385	0.03200332192
5386	0.002369813791
5387	0.3339453064
5388	0.02578390765
5389	0.1390393187
5390	0.0009621945222
5391	0.02054319772
5392	0.02076154274
5393	0.1799957357
5394	0.04057010555
5395	0.0001812941653
5396	0.2979074481
5397	0.3412149756
5398	0.008506892387
5399	0.400381487
5400	0.04786727688
5401	0.00450733424
5402	0.4199337875
5403	0.0007886195041
5404	0.4018652748
5405	0.00382507757
5406	0.004968243407
5407	0.4404582435
5408	0.001149034158
5409	0.005785276622
5410	0.6393673025
5411	0.0009618530838
5412	0.02206479257
5413	0.003316442019
5414	0.461608901
5415	0.7190205003
5416	0.001646585151
5417	0.002598043932
5418	0.8594328733
5419	0.000573113988
5420	0.09576338316
5421	4.09062288e-05
5422	0.1805433378
5423	0.3179159188
5424	0.005019124142
5425	0.1412519072
5426	0.1383785026
5427	0.05575671466
5428	0.003369268876
5429	0.1399728883
5430	0.001326978969
5431	0.02017127567
5432	0.00331531186
5433	0.02178222672
5434	0.1646198695
5435	0.7399057221
5436	0.7399057221
5437	0.002534964519
5438	0.001626644972
5439	0
5440	0.7399
5441	0.7399
5442	0.02491145623
5443	0.004669253206
5444	0.7780750057
5445	0.8409630921
5446	0.5167885505
5447	0.9998572207
5448	0.5756446106
5449	0.007491428802
5450	0.001567886801
5451	0.002971126892
5452	0.001627555928
5453	0.05998746594
5454	0.05998746594
5455	0.005639421213
5456	0.2599625341
5457	0.02201028147
5458	0.0002527467886
5459	0.02678346749
5460	0.859610218
5461	0.003892904992
5462	0.002181468152
5463	0.0007764804706
5464	0.002139656706
5465	0.005766997553
5466	0.01520463531
5467	0.0004877223768
5468	0.00723978493
5469	0.008910694475
5470	0.9196608992
5471	0.001731197867
5472	0.001418983329
5473	0.2618702241
5474	0.53926041
5475	0.1390174373
5476	0.004496552341
5477	0.4772660801
5478	0.007289215413
5479	0.8192335671
5480	0.07550668047
5481	0.0004534843514
5482	0.06501637582
5483	0.0767185183
5484	0.006498047506
5485	0.001916283207
5486	0.03861895651
5487	0.000312198215
5488	0.021966473
5489	0.0006625833491
5490	0.1541587119
5491	0.03254345455
5492	0.140435046
5493	0.0002539407893
5494	0.003269335554
5495	0.001603349704
5496	0.7982371998
5497	0.003103105423
5498	0.1025274511
5499	0.07159344688
5500	0.001256333967
5501	0.01066617605
5502	0.000831394347
5503	0.06794108996
5504	0.0008850631
5505	0.003600375845
5506	0.0004499686637
5507	0.3803493609
5508	0.001939733827
5509	0.0005307980875
5510	0.1406209821
5511	0.04126653594
5512	0.2575041295
5513	0.0007738423082
5514	0.03999291553
5515	0.007031704685
5516	0.1025002145
5517	0.0003260245522
5518	0.6599087193
5519	0.6599087193
5520	0.002103361807
5521	0.04887038622
5522	0.4613573766
5523	0.3999348774
5524	0.3999348774
5525	0.3421710141
5526	0.2211469443
5527	0.003931732807
5528	0.00242321398
5529	0.02647178089
5530	0.02573215143
5531	0.003976901191
5532	0.007704028294
5533	0.001527785267
5534	3.908863328e-05
5535	0.004349958887
5536	0.7565649612
5537	0.0255095686
5538	0.159979564
5539	7.11928072e-05
5540	0.4176026078
5541	0.00151754024
5542	0.001335858251
5543	0.002807093399
5544	0.02283888278
5545	0.1782966916
5546	0.003935899532
5547	0.6397509537
5548	0.0001846024578
5549	0.00184691403
5550	0.8762523148
5551	0.5199152589
5552	0.02011012359
5553	0.4599305177
5554	0.4599305177
5555	0.004426766272
5556	0.01318712029
5557	0.002831505702
5558	0.003435490257
5559	0.8598851499
5560	0.003547306
5561	0.01222554096
5562	0.005163261641
5563	0.008145823511
5564	0.3826060552
5565	0.0006200085752
5566	0.002925654216
5567	0.003564359789
5568	0.5384915064
5569	0.003198273764
5570	0.003265174933
5571	0.05437025424
5572	0.1624986757
5573	0.5599321526
5574	0.5599321526
5575	0.4399058583
5576	0.003809337127
5577	0.003016675936
5578	0.09997956403
5579	0.09997956403
5580	0.2590122801
5581	0.009059506187
5582	0.01861068691
5583	0.02036645275
5584	0.4595079544
5585	0.0002050380411
5586	0.1221871099
5587	0.001383142891
5588	0.1845885196
5589	0.05648968207
5590	0.1399557221
5591	0.279926158
5592	0.002205761943
5593	0.02249682911
5594	0.00834826919
5595	0.001479496647
5596	0.008787283841
5597	0.4335927976
5598	0.002870536053
5599	0.318447771
5600	0.01995483028
5601	0.004148504519
5602	0.0002396830739
5603	0.0004253852144
5604	0.659859673
5605	0.001525911292
5606	0.1387555451
5607	0.0599859673
5608	0.003764642502
5609	0.001205968151
5610	0.3608569732
5611	0.01534897115
5612	0.006485661015
5613	0.1160146724
5614	0.002329567703
5615	0.4090265815
5616	0.001057909442
5617	0.002796557941
5618	0.003458859579
5619	0.02330074654
5620	0.05956094723
5621	0.002710174107
5622	0.01102766413
5623	0.02187580198
5624	0.07871850822
5625	0.4750699315
5626	0.2828333408
5627	0.0004044425848
5628	0.7145667189
5629	0.001120234692
5630	0.5799283379
5631	0.5799283379
5632	0.00341340881
5633	0.8194443558
5634	0.999027852
5635	0.04140894042
5636	0.006401366969
5637	0.0009064168788
5638	0.006048191092
5639	0.09765643439
5640	0.09742980716
5641	0.9598722071
5642	0.9598678474
5643	0.01700127657
5644	0.0008153968129
5645	0.09913416565
5646	0.5396870118
5647	0.7769701062
5648	0.004374236342
5649	0.002672807242
5650	0.799827248
5651	0.003497001169
5652	0.218928603
5653	0.09923529079
5654	0.001647439063
5655	0.002708620175
5656	0.003101602785
5657	0.004800613341
5658	0.0005291336745
5659	0.04329271743
5660	0.007217105787
5661	0.05429718054
5662	0.001865350835
5663	0.02370674701
5664	0.05991453224
5665	0.007752611377
5666	0.007330092043
5667	0.0007213244618
5668	0.009045030251
5669	0.02189984151
5670	0.0004808039016
5671	0.03916400759
5672	0.001731400899
5673	0.004938725313
5674	0.005765736233
5675	0.419841513
5676	0.002227618731
5677	0.324626678
5678	0.005299437999
5679	0.0007019473177
5680	0.006541718295
5681	0.255448879
5682	0.007530742204
5683	6.874826577e-05
5684	0.006847601642
5685	0.004030986866
5686	0.001469823371
5687	0.005596327595
5688	0.8796572207
5689	0.007050588075
5690	0.02048133706
5691	0.02217222455
5692	0.001852757806
5693	0.03590355941
5694	0.06007869587
5695	0.002216741601
5696	0.5155164607
5697	0.2004502627
5698	1.771117166e-06
5699	0.2799493188
5700	0.004030589087
5701	0.002592169205
5702	0.1067830677
5703	5.819987565e-05
5704	0.004482805376
5705	0.09997874659
5706	0.001841828537
5707	0.04053953698
5708	0.5398693513
5709	0.001459615779
5710	0.001962254172
5711	0.003914740391
5712	0.07563724034
5713	0.3352018123
5714	0.0008498275545
5715	0.003105340019
5716	0.0440524693
5717	0.003271037013
5718	0.9793935783
5719	0.03998787466
5720	0.4399519123
5721	0.0006480544504
5722	0.005634977292
5723	0.1797069594
5724	0.004338497112
5725	0.0008898621554
5726	2.299360894e-05
5727	0.002970299761
5728	0.06340210132
5729	0.0002126837458
5730	0.01951504529
5731	0.01799632997
5732	0.0005613626663
5733	0.03822962748
5734	0.04135913141
5735	0.004597673706
5736	0.0008350683453
5737	0.01326229795
5738	0.001632255558
5739	0.2399702997
5740	0.2399702997
5741	0.7215881421
5742	0.3841598305
5743	0.03946827735
5744	0.01221035707
5745	0.2187423182
5746	0.5353765629
5747	0.002598854462
5748	0.001051924466
5749	0.05952135305
5750	0.6243473739
5751	0.05780048857
5752	0.1336566714
5753	0.004915709293
5754	0.05555604905
5755	0.003662637035
5756	0.000548050159
5757	0.0007846573649
5758	0.004930321269
5759	0.06059244586
5760	0.005237050275
5761	0.002581557939
5762	0.001137229609
5763	0.0008316085968
5764	0.1129291545
5765	0.0107162713
5766	0.001613284972
5767	0.01271219954
5768	0.003929002828
5769	0.1399847411
5770	0.00031716914
5771	0.3494314459
5772	0.6398846049
5773	0.7598514986
5774	0.9798100817
5775	0.02723614614
5776	0.004363382492
5777	0.00356536088
5778	0.003290497776
5779	0.1801486116
5780	0.1599664396
5781	0.647746079
5782	0.07974573603
5783	0.001968712166
5784	1.461192971e-05
5785	0.179933515
5786	0.9997201635
5787	0.02099234192
5788	0.04765648981
5789	0.1775650215
5790	0.0002746021512
5791	0.08399769615
5792	0.08105623311
5793	0.8592393733
5794	0.0002374964536
5795	0.001309929541
5796	0.001313572365
5797	0.5798633515
5798	0.1606153575
5799	0.1375501739
5800	0.008074922944
5801	0.131156868
5802	0.01307346694
5803	0.01429234444
5804	0.003414041027
5805	0.00181667183
5806	0.2596460102
5807	0.6785581686
5808	0.2366115003
5809	0.5398769755
5810	0.02610884151
5811	0.7590430398
5812	0.1983199369
5813	0.02545271449
5814	0.6172303513
5815	0.4797128498
5816	0.04415646155
5817	0.002389724856
5818	0.0003944357984
5819	0.01971843702
5820	0.001841950808
5821	0.003373664495
5822	0.04035419038
5823	0.1819162478
5824	0.1390420434
5825	0.5998900545
5826	0.8798302452
5827	0.1178709464
5828	0.005940564279
5829	0.2598991826
5830	0.003699734691
5831	0.003823650884
5832	0.0008552115097
5833	0.1376704355
5834	0.362916665
5835	0.001310631758
5836	0.05998964578
5837	0.001574880633
5838	0.1579536345
5839	0.001468585199
5840	0.0009268919426
5841	0.02080422503
5842	0.02269036832
5843	0.1216557541
5844	0.003473290483
5845	0.003646997875
5846	0.02067967961
5847	0.003556088639
5848	0.04527223458
5849	0.002102008517
5850	0.001541540719
5851	0.06089465596
5852	0.003218801617
5853	0.2266525023
5854	0.002245961996
5855	0.006911723679
5856	0.6353267885
5857	0.008584491589
5858	0.001425714231
5859	0.002827593238
5860	0.0009680344308
5861	0.1667030037
5862	0.02211749347
5863	0.0008980694265
5864	0.008368968069
5865	0.00459077015
5866	0.8398625341
5867	0.8598337875
5868	0.06365407465
5869	0.003399680233
5870	0.004249633619
5871	0.1410678417
5872	0.1390818181
5873	0.00698366448
5874	0.1748468434
5875	0.03968829654
5876	0.1238393689
5877	0.08510395387
5878	0.002988145254
5879	0.006418712955
5880	0.6200940479
5881	0.003341666199
5882	0.001258475782
5883	0.5599059946
5884	0.8398882834
5885	0.8398882834
5886	0.00227114119
5887	0.06066442625
5888	0.3003975005
5889	0.5198063715
5890	0.004400616432
5891	0.7394696185
5892	0.002719488852
5893	0.1201940098
5894	0.2824173666
5895	0.000236362509
5896	0.001316834501
5897	0.7198880109
5898	0.63991703
5899	0.2587771408
5900	0.001514038316
5901	0.0410959196
5902	0.06007718018
5903	0.001810388243
5904	0.9378877138
5905	0.02217037141
5906	0.003211935313
5907	0.001921452089
5908	0.06027966201
5909	0.02331865957
5910	0.0005198599291
5911	0.01453864026
5912	0.004490929999
5913	0.0007933040732
5914	0.001994736908
5915	0.003086384958
5916	0.00128263582
5917	0.2999029973
5918	0.004916412706
5919	0.003746412721
5920	0.5195757009
5921	0.02486413796
5922	0.0003701435605
5923	0.01989165392
5924	0.004581622894
5925	0.216654227
5926	0.0009492616199
5927	0.006193676043
5928	0.3634578819
5929	0.003974895445
5930	5.029823609e-05
5931	0.001315222805
5932	0.007608241186
5933	0.07955181039
5934	0.002355063126
5935	0.002257705772
5936	0.5221245231
5937	0.002078631931
5938	0.001040400881
5939	0.04050926603
5940	0.002666052614
5941	0.1358179054
5942	0.003060422622
5943	0.3620001179
5944	0.01115800572
5945	0.3267213937
5946	0.002874183201
5947	0.1033945867
5948	0.06238813554
5949	0.08198172572
5950	0.006546512534
5951	0.0008570332835
5952	0.3834367205
5953	0.0046682794
5954	0.8197141689
5955	0.001096088317
5956	0.6399219346
5957	0.005144165529
5958	0.01066355309
5959	0.006256345374
5960	0.00274688366
5961	0.8797299728
5962	0.1999741144
5963	0.004257793867
5964	0.005937296841
5965	0.1803332302
5966	0.02620184253
5967	0.2813725259
5968	0.2215536351
5969	0.001586935358
5970	2.7341503e-05
5971	0.06448078203
5972	0.4987714673
5973	0.06632107281
5974	0.00763317424
5975	0.002142963605
5976	0.00188579289
5977	0.001051709898
5978	0.004296343822
5979	0.0006849208327
5980	0.04537653921
5981	0.0127758763
5982	0.00254172507
5983	0.001518298698
5984	0.01084257322
5985	0.2183083593
5986	0.002892630272
5987	0.006375019701
5988	0.003360241903
5989	0.1426117259
5990	0.0002088504376
5991	0.001939169262
5992	0.003044955728
5993	0.002278657038
5994	0.1230030353
5995	0.003817551757
5996	0.8398209809
5997	0.003014482935
5998	0.978880654
5999	0.5596084469
6000	0.01860065822
6001	0.05963347614
6002	0.6018881616
6003	0.8800036324
6004	0.3362414479
6005	0.004433810468
6006	0.4994762265
6007	0.2199510899
6008	0.000398366255
6009	0.6198212534
6010	0.1799172478
6011	0.001728090529
6012	0.0415280469
6013	0.00283584546
6014	0.1964140771
6015	0.002830903294
6016	0.01740461027
6017	0.001568900205
6018	0.001247131179
6019	0.03297764148
6020	0.3399595368
6021	0.3399588556
6022	0.001619647557
6023	0.2166453844
6024	0.0007523583068
6025	0.02446886958
6026	0.8789445958
6027	0.00109211895
6028	0.540388248
6029	0.002161036575
6030	0.4805517486
6031	0.002152551467
6032	0.0003616026944
6033	0.0001975673976
6034	0.003131761861
6035	0.003451475999
6036	0.0008921782115
6037	0.9395670527
6038	0.1174623905
6039	0.002656831026
6040	0.6395918671
6041	0.008015218038
6042	0.6198260885
6043	0.0002089427493
6044	0.006467413187
6045	0.004476463338
6046	0.003426626301
6047	0.004433771543
6048	0.3999035422
6049	0.9797604905
6050	0.003013045719
6051	0.00326155818
6052	0.0882928729
6053	0.01254106669
6054	0.001649416045
6055	0.00257329709
6056	0.04958190156
6057	0.007269282973
6058	0.001249919446
6059	0.5997628065
6060	0.002054089299
6061	0.001657921811
6062	0.01004787705
6063	0.001228091227
6064	0.002563397273
6065	0.2278028193
6066	0.002966977412
6067	0.0398371004
6068	0.01041261994
6069	0.004123208357
6070	0.1199762943
6071	0.1199762943
6072	0.1971302231
6073	0.1199539964
6074	0.01012069009
6075	0.001405493895
6076	0.3988559975
6077	0.001329736635
6078	0.9598689373
6079	0.9598689373
6080	0.02520002107
6081	0.003539171193
6082	0.003560050323
6083	0.2255674533
6084	0.0004474248925
6085	0.2396612625
6086	0.7399002725
6087	0.7399002725
6088	0.00223701335
6089	0.006929301205
6090	0.1181004289
6091	0.007178561991
6092	0.0006855714273
6093	0.5396290994
6094	0.3789839515
6095	0.0001292311932
6096	0.1219770918
6097	0.1895622914
6098	0.6997843558
6099	0.4398125341
6100	0.06387992732
6101	0.006267265585
6102	0.0231354101
6103	0.005401885877
6104	0.2399333787
6105	0.417775398
6106	0.08058639946
6107	0.002366375001
6108	0.0001131809787
6109	4.706906634e-05
6110	0.03930666059
6111	0.006001587401
6112	0.7014291327
6113	0.3838448916
6114	0.03901742473
6115	0.2999254768
6116	0.03296601563
6117	0.8798659401
6118	0.6194607629
6119	0.003646469264
6120	0.001794408166
6121	0.8395762262
6122	0.007119345316
6123	0.006531506708
6124	0.2855546396
6125	0.5694342377
6126	0.3197481826
6127	0.003782367582
6128	0.03933854953
6129	0.03539727259
6130	0.03580078467
6131	0.002153190232
6132	0.003845434891
6133	0.0002720988618
6134	6.545060958e-05
6135	0.005160121227
6136	0.0009880207701
6137	0.07944694442
6138	0.001326563702
6139	0.0599880109
6140	0.0238771356
6141	0.9191283318
6142	0.004538306155
6143	0.002136653421
6144	0.003208997735
6145	0.5999305177
6146	0.5999209809
6147	0.002535230422
6148	0.001136539517
6149	0.08035055306
6150	0.01063649127
6151	1.771117166e-06
6152	0.02044718708
6153	0.03695144442
6154	0.002729999006
6155	0.0001575515457
6156	0.0006044999724
6157	0.001285769126
6158	0.05898151265
6159	0.06664461296
6160	0.001239571822
6161	0.3618221555
6162	0.008690346602
6163	0.0001463947387
6164	0.002749111
6165	0.0009800978311
6166	0.004322632229
6167	0.1603207624
6168	0.1251176131
6169	0.0009596744399
6170	0.006702557628
6171	0.1036059292
6172	0.3995460623
6173	0.00238839114
6174	0.3400328982
6175	0.06511347324
6176	0.8798463215
6177	0.919806267
6178	0.001835400554
6179	0.4434835595
6180	0.1228127923
6181	0.6196210407
6182	0.005106920224
6183	0.9988418256
6184	0.9796633515
6185	0.0008958328366
6186	0.8789136374
6187	0.03995299728
6188	0.001380115269
6189	0.006297555332
6190	0.000607809263
6191	0.0006677609576
6192	0.00275189695
6193	0.008758496957
6194	0.0582269057
6195	0.0002751956453
6196	0.03934932364
6197	0
6198	0.003859483123
6199	0.0223097635
6200	0.002158903877
6201	0.008653910533
6202	0.03753340865
6203	0.003757510533
6204	0.01999400545
6205	0.07925089035
6206	0.001793337989
6207	0.2541411609
6208	0.003818289642
6209	0.009475870996
6210	0.005230835771
6211	0.3798825386
6212	0.01258733655
6213	0.009483212034
6214	0.004588915918
6215	0.01257775703
6216	0.002371429178
6217	0.006187114541
6218	0.2999160763
6219	0.006043206073
6220	0.0003104045017
6221	0.001440747646
6222	0.1818247619
6223	0.001937754153
6224	0.006394496658
6225	3.766142413e-05
6226	0.1845982952
6227	0.1571645051
6228	0.002969364828
6229	0.004295254461
6230	0.001445477345
6231	0.0005584149902
6232	0.005397997365
6233	0.01998828338
6234	0.04004292212
6235	0.2192386757
6236	0.001619336638
6237	0.001932845378
6238	0.1998255495
6239	0.1617620468
6240	0.1999320163
6241	0.4798979564
6242	0.9997463215
6243	0.002323460978
6244	0.002671545019
6245	0.0007503359632
6246	0.006700089217
6247	0.004506590063
6248	0.1642271187
6249	0.1199904632
6250	0.1199904632
6251	0.04091553309
6252	1.383608442e-05
6253	0.3596461898
6254	0.0240779709
6255	0.7398896458
6256	0.1217465077
6257	0.01351216811
6258	0.1397349212
6259	0.02239553447
6260	0.004438220063
6261	0.002541504966
6262	0.0002086911135
6263	0.1883562225
6264	0.05842118977
6265	0.1199674387
6266	0.6599092643
6267	0.6599092643
6268	0.1208731413
6269	0.00252580357
6270	0.1612415761
6271	0.2575896248
6272	0.3423951606
6273	0.007785421848
6274	0.279660218
6275	0.6794408969
6276	0.02020173731
6277	0.001553890798
6278	0.005290972451
6279	0.2597339237
6280	0.004159990824
6281	0.01938383538
6282	0.0222249125
6283	0.006037173996
6284	0.01169356797
6285	0.8593298365
6286	0.004427773724
6287	0.0005277948905
6288	0.1200629181
6289	0.001924877978
6290	0.00355452056
6291	0.002381936783
6292	0.003616987887
6293	0.6989607826
6294	0.2626957604
6295	0.002407791216
6296	0.0008725248931
6297	0.4987221626
6298	0.1173765568
6299	0.004955159306
6300	0.002394603809
6301	0.004178888705
6302	0.003182508718
6303	0.002258779105
6304	0.001732924327
6305	0.007639361686
6306	0.004138841983
6307	0.6996081858
6308	0.3433614929
6309	0.00317392733
6310	0.3199588556
6311	0.3199588556
6312	0.003567496308
6313	0.4219813749
6314	0.001143063477
6315	0.002029512561
6316	0.004109678316
6317	0.001038291202
6318	0.8198485014
6319	0.6665532109
6320	0.09775222433
6321	0.001152572382
6322	0.1039439371
6323	0.002094589903
6324	0.005234946669
6325	0.3644399138
6326	0.002366802788
6327	0.003257337253
6328	0.0002306602711
6329	0.2018604588
6330	0.0007685813295
6331	0.06066546497
6332	0.0006307426248
6333	0.3257698873
6334	0.000718791713
6335	0.0002889090915
6336	0.03958707893
6337	0.003410121691
6338	0.02017943554
6339	0.002173338669
6340	0.8598850136
6341	0.8598850136
6342	0.4150419915
6343	0.02057198152
6344	0.4189248747
6345	2.72479564e-06
6346	2.72479564e-06
6347	0.06700542426
6348	0.08399561937
6349	0.438629172
6350	0.08215276283
6351	0.05853450844
6352	0.0621527736
6353	0.157160127
6354	0.001101339251
6355	0.007323332252
6356	0.1413754898
6357	0.005773262463
6358	0.04565447693
6359	0.5220088056
6360	0.005143886444
6361	0.2199678474
6362	0.2199678474
6363	0.0734583744
6364	0.4794294732
6365	0.1196802497
6366	0.006027688069
6367	0.04123220967
6368	0.3823300575
6369	0.02073808253
6370	0.279953951
6371	0.279953951
6372	0.2398098793
6373	0.0009797934619
6374	0.4044047382
6375	0.4373622591
6376	0.0001885386251
6377	0.4018389056
6378	9.536784741e-07
6379	0.001900763432
6380	0.004850454724
6381	0.003369624092
6382	0.1044542008
6383	0.1790067101
6384	0.3782853274
6385	0.2799508174
6386	0.1227702479
6387	0.003943939908
6388	0.9998114441
6389	0.9998412807
6390	0.0005287164182
6391	0.01912790464
6392	0.00612865951
6393	0.001604122833
6394	0.07520542055
6395	0.0003310714698
6396	0.04517757057
6397	0.08121472656
6398	0.639869891
6399	0.3599279292
6400	0.006596496106
6401	0.3400245328
6402	0.2406780621
6403	0.5794612625
6404	0.09999128065
6405	0.09999128065
6406	0.001808533905
6407	0.6959259499
6408	0.002513713146
6409	0.003880914928
6410	0.001071087701
6411	0.4625949232
6412	0.09627795903
6413	0.07440527214
6414	0.001743387465
6415	0.002384926933
6416	0.0002300226605
6417	0.0181936166
6418	0.007862085882
6419	0.0121395349
6420	0.002934072702
6421	0.02373493272
6422	0.7795574621
6423	0.0002791017623
6424	0.002826884816
6425	0.0004413702609
6426	0.7998076748
6427	0.002456822879
6428	0.003546309938
6429	0.003372455685
6430	0.002128730149
6431	0.7198637602
6432	0.06725868817
6433	0.3195575675
6434	0.0006017911997
6435	0.1598745855
6436	0.8398918256
6437	0.8398918256
6438	0.005291187278
6439	5.300244227e-05
6440	0.006688958433
6441	0.9798697548
6442	0.9798697548
6443	0.2603772877
6444	0.002616855466
6445	0.001169466671
6446	0.3780769454
6447	0.3997409118
6448	0.003399428432
6449	0.004170778534
6450	0.2999311989
6451	0.3009001139
6452	0.002319636888
6453	0.3197695246
6454	0.07998987284
6455	0.001460817081
6456	0.06040307609
6457	0.01282885505
6458	0.004341108854
6459	0.001607126967
6460	0.001872388651
6461	0.3598585539
6462	0.003197861827
6463	0.04048790037
6464	0.1462895267
6465	0.1405770826
6466	0.0006644038211
6467	0.0009134494125
6468	0.00754721076
6469	0.239019023
6470	0.002341561858
6471	0.001684496645
6472	0.02473084267
6473	0.5732997589
6474	0.004164096893
6475	0.142101019
6476	0.002527149167
6477	0.4399035422
6478	0.6598659401
6479	0.002895527587
6480	0.05196363384
6481	0.002386860645
6482	0.001021393708
6483	0.002523781305
6484	0.004992633071
6485	0.0007252193903
6486	0.2198181199
6487	0.07829693763
6488	0.4411510318
6489	0.006898944008
6490	0.7196019074
6491	0.1035356935
6492	0.9997942779
6493	0.06198398953
6494	0.002400866636
6495	0.002894590277
6496	0.2394386568
6497	0.0009905131225
6498	0.001971862845
6499	0.03999087193
6500	0.0598380924
6501	0.2791442301
6502	0.001138992876
6503	0.004170289538
6504	0.1399784741
6505	0.1399784741
6506	0.2397196185
6507	0.7394057481
6508	0.01598162349
6509	0.001918207087
6510	0.003555491342
6511	0.1602828314
6512	0.01766208273
6513	0.0004874187999
6514	0.01167484862
6515	0.006602350318
6516	0.1575006018
6517	0.01086196265
6518	0.001682007538
6519	0.1999773842
6520	0.1999773842
6521	0.001646326784
6522	0.06256135491
6523	0.613217078
6524	0.0001101759872
6525	0.899493733
6526	0.007969026488
6527	0.03790174517
6528	0.7595276043
6529	0.4195987944
6530	0.0586223792
6531	0.0004197055396
6532	0.3585796816
6533	0.6204637102
6534	0.1362829184
6535	0.007786045007
6536	0.00368139506
6537	0.05978631625
6538	0.001315283097
6539	0.4819278188
6540	0.0009755437032
6541	0.004575288612
6542	0.3188425749
6543	0.001922235979
6544	0.03562740796
6545	0.8572613335
6546	0.00124848629
6547	0.00504503846
6548	0.9797980926
6549	0.3199303361
6550	0.01027098057
6551	0.004944334989
6552	0.759286376
6553	0.01038885989
6554	0.0006392494043
6555	0.001186923988
6556	0.005774562177
6557	0.3006789315
6558	0.1012309185
6559	0.001870483972
6560	3.355783963e-05
6561	0.001856278224
6562	0.6998215259
6563	0.007606280647
6564	0.5399280654
6565	0.5399280654
6566	0.1398520746
6567	0.1378545143
6568	1.895270079e-05
6569	0.03919029254
6570	0.08334511853
6571	0.002721197183
6572	0.6998964578
6573	0.002090545516
6574	0.002673410727
6575	0.01141356871
6576	0.3811082815
6577	0.0005115895496
6578	0.8198291553
6579	0.09996185286
6580	0.03599247724
6581	0.3645657197
6582	0.07416333167
6583	0.004643825524
6584	0.004359702897
6585	0.00321711319
6586	0.00480908664
6587	0.6399160763
6588	0.6399160763
6589	0.005563867281
6590	0.003663499075
6591	0.0405001763
6592	0.007431500555
6593	0.003135940689
6594	0.0001228552072
6595	0.1375864035
6596	0.07992166213
6597	0.2365271118
6598	0.156431251
6599	0.2166820589
6600	0.01780582051
6601	0.02072496006
6602	0.05387354614
6603	0.004837020015
6604	0.141344224
6605	0.002262176084
6606	0.4812387036
6607	0.02674681249
6608	0.001230267425
6609	0.0001282976457
6610	0.01662509444
6611	0.3399580381
6612	0.3399580381
6613	0.1591692379
6614	0.01651691158
6615	0.01940773041
6616	0.0003088401472
6617	0.01235125471
6618	0.2191671258
6619	0.1629557308
6620	0.2797993188
6621	0.1651877235
6622	0.004818192323
6623	0.8393346049
6624	0.1125342864
6625	0.007474001976
6626	4.632152589e-06
6627	0.01523556669
6628	0.4603891551
6629	0.002442537523
6630	0.002146001489
6631	0.5799122616
6632	0.5799122616
6633	0.004966251461
6634	4.284857018e-05
6635	0.09533858436
6636	0.005189899075
6637	0.50215282
6638	0.003492147324
6639	0.9396927793
6640	0.5794448229
6641	0.08054836958
6642	0.1800030965
6643	0.2514848729
6644	0.7996358726
6645	0.002451903409
6646	0.001724337178
6647	0.3003511859
6648	0.007855926206
6649	0.0003727550962
6650	0.9998662125
6651	0.9998662125
6652	0.482399405
6653	0.00617879164
6654	9.371276942e-05
6655	0.0005763449571
6656	0.008273333545
6657	0.0007165066269
6658	0.01007934784
6659	0.007794519072
6660	0.00260192566
6661	0.0002506351714
6662	0.002221097698
6663	0.0005515476982
6664	0.003084932164
6665	0.001157722938
6666	0.002725343939
6667	0.1181889057
6668	0.08430818333
6669	0.02252469289
6670	0.004608589426
6671	0.2409885862
6672	0.01887226967
6673	0.007573626723
6674	1.033498299e-05
6675	0.03350145714
6676	0.7020898012
6677	0.04508476628
6678	0.01837797035
6679	0.3820664937
6680	0.01817010557
6681	2.736381692e-05
6682	0.002177898425
6683	0.001111072962
6684	0.003000093125
6685	0.00268781602
6686	0.1323123027
6687	0.06810601399
6688	0.1969451181
6689	0.002793859124
6690	9.044172766e-05
6691	0.001531755431
6692	0.0006567517957
6693	0.0002270131242
6694	0.001466451075
6695	0.8206529389
6696	0.003144162307
6697	0.1049506009
6698	0.2199396458
6699	0.01280615872
6700	0.222419311
6701	0.005491872022
6702	0.003844195939
6703	0.07783861811
6704	0.001619614981
6705	0.1199645777
6706	0.3995802903
6707	0.004731159021
6708	0.004209906531
6709	0.1036899069
6710	0.04346538737
6711	0.3797292016
6712	0.006325885283
6713	0.339936376
6714	0.00433823452
6715	0.06088064051
6716	0.2599903392
6717	0.0005621303752
6718	0.8795245232
6719	0.003021126577
6720	0.001862668844
6721	0.09758677797
6722	0.01198130645
6723	0.004398732919
6724	0.9798708447
6725	0.9798708447
6726	0.1801019127
6727	0.002773532846
6728	0.6198780654
6729	0.001166715202
6730	0.6176986515
6731	0.001331522328
6732	0.0009953404025
6733	0.0001088050241
6734	0.003364782821
6735	0.1213072082
6736	0.001498924174
6737	0.3188402546
6738	0.002313006914
6739	0.05967181332
6740	0.7198445504
6741	0.007134547262
6742	0.7594541754
6743	0.001759201473
6744	0.001723286427
6745	0.02076070809
6746	0.5798820163
6747	0.008418067535
6748	0.002862533942
6749	0.03946216907
6750	0.502594722
6751	0.02239616394
6752	7.406725674e-05
6753	0.004158493956
6754	0.01005258942
6755	0.3193820644
6756	0.008880595957
6757	0.4235483821
6758	0.199886921
6759	0.000635851716
6760	0.002564456181
6761	9.079442489e-05
6762	0.3811258934
6763	0.119925623
6764	0.7406190272
6765	0.3560357785
6766	0.2161556183
6767	0.002641588126
6768	0.4013215786
6769	0.003210485594
6770	0.1184808711
6771	0.01278766929
6772	0.04087796786
6773	0.4599152134
6774	0.1052902747
6775	0.1630013474
6776	0.001744041151
6777	0.001402414348
6778	0.0005403374268
6779	0.3397544471
6780	0.009926020511
6781	0.003630961704
6782	0.02074724442
6783	0.003652013892
6784	0.01091162904
6785	0.02297151553
6786	0.0004566037323
6787	0.002292757294
6788	0.0007886196419
6789	0.1020753203
6790	0.3997178474
6791	0.0002534557695
6792	0.5988985344
6793	0.002591328607
6794	0.1381865099
6795	0.002593309796
6796	0.004607006438
6797	0.07850976432
6798	0.2632045965
6799	0.001944228015
6800	0.001362456662
6801	0.004721154691
6802	0.05979381761
6803	0.1982392575
6804	0.04134126126
6805	0.003698799155
6806	0.003452555583
6807	0.00217466857
6808	0.03944480154
6809	0.1399532698
6810	0.001790731145
6811	0.0010253586
6812	0.01950869145
6813	0.0205985654
6814	0.03749893792
6815	0.05820684332
6816	0.8398215259
6817	0.006324161397
6818	0.002749408831
6819	0.01388665922
6820	0.01966809171
6821	0.7199100817
6822	0.7199100817
6823	0.000308721359
6824	0.001447172393
6825	0.000580950747
6826	0.005893554857
6827	0.7425156353
6828	0.06068477998
6829	0.02495066084
6830	0.00215075391
6831	0.4605951286
6832	0.1410960543
6833	0.007660106346
6834	0.8798371935
6835	0.006957231836
6836	0.1535764272
6837	0.07520336014
6838	0.4649301445
6839	0.07930186325
6840	0.9000134722
6841	0.001491293023
6842	0.0007543878244
6843	0.04842181844
6844	0.05723436035
6845	0.3995516349
6846	0.006393111972
6847	0.3600982248
6848	0.3455811206
6849	0.006898255874
6850	0.4779886347
6851	0.001099428875
6852	0.003957130654
6853	0.1993399965
6854	0.7194807854
6855	0.02148124025
6856	0.3799307902
6857	0.01368190906
6858	0.000876764912
6859	0.0002471244569
6860	0.007558679831
6861	0.002390746835
6862	0.05515935897
6863	0.04212204935
6864	0.2838025666
6865	0.002528449461
6866	0.0001006356698
6867	0.1422339008
6868	0.2378264335
6869	0.001737131122
6870	0.2599506812
6871	0.099976703
6872	0.005729257809
6873	0.6798365123
6874	0.3788815932
6875	0.6388228716
6876	0.0001140292586
6877	0.02343812024
6878	0.004201534637
6879	0.0008633383088
6880	0.001564105375
6881	0.1036258559
6882	0.100494941
6883	0.003608411545
6884	0.0002805928149
6885	0.03906663917
6886	0.01913847566
6887	0.2424917682
6888	0.001741004522
6889	0.2596705722
6890	0.006767975754
6891	0.001011845848
6892	0.00846355574
6893	0.1172712398
6894	0.03976995812
6895	0.0002870435803
6896	0.0003965647419
6897	0.3805611758
6898	0.006653598727
6899	0.001251167258
6900	0.009278565631
6901	0.00585624334
6902	0.003870318516
6903	0.3774604388
6904	0.004410975933
6905	0.5374746819
6906	0.005289327958
6907	0.4364413937
6908	0.2591535242
6909	0.07420566694
6910	0.003182799462
6911	0.003381056895
6912	0.0005256237233
6913	0.2399085831
6914	0.003278390778
6915	0.1207660053
6916	0.2229040418
6917	0.003567010399
6918	0.02411404213
6919	0.4799123978
6920	0.01801523264
6921	0.003176450325
6922	0.002949754982
6923	0.1575215631
6924	0.8398784741
6925	0.8398784741
6926	0.042600758
6927	0.1618067357
6928	0.01903627911
6929	0.6990269265
6930	0.00016975956
6931	0.2330122334
6932	0.0003743163882
6933	0.006133764923
6934	0.003458459422
6935	0.0004434263777
6936	0.0003944837607
6937	0.002585724831
6938	0.1134567383
6939	0.005735840016
6940	0.8798242507
6941	0.559913624
6942	0.559913624
6943	0.5798850136
6944	0.5594553848
6945	0.0064330451
6946	0.0006707913654
6947	0.03823450709
6948	0.003427749665
6949	0.005101461222
6950	0.1010120233
6951	0.1371270597
6952	0.00149967469
6953	0.004539505005
6954	0.7196770254
6955	0.02666013826
6956	0.3400803689
6957	0.2330724535
6958	0.01795296378
6959	0.0989984892
6960	0.4238788355
6961	0.2028103271
6962	0.3396512262
6963	0.3196475992
6964	0.00348208501
6965	0.1598959582
6966	0.5999117166
6967	0.5999117166
6968	0.1041073991
6969	0.002098276805
6970	0.01033447755
6971	0.001836991991
6972	0.0198824689
6973	0.005463482046
6974	0.0006770412309
6975	0.003566927087
6976	0.006915061618
6977	0.01615159986
6978	0.0005860502123
6979	0.01752224337
6980	0.1616132404
6981	0.0005286668813
6982	0.001511382321
6983	0.0008734895925
6984	0.1655293245
6985	0.01005148454
6986	0.09798301978
6987	0.00153909867
6988	0.000701134857
6989	0.006819272157
6990	0.00103334378
6991	0.06055595331
6992	0.8592153951
6993	0.3798024859
6994	0.0008667041488
6995	0.002947930149
6996	0.00198608652
6997	0.03988972442
6998	0.7368362051
6999	0.001966071303
7000	0.3365234215
7001	0.2418460715
7002	0.179969891
7003	0.003932765045
7004	0.7037013146
7005	0.006702467629
7006	0.002439276541
7007	0.4998934605
7008	0.01061224864
7009	0.09986811081
7010	0.002025418204
7011	0.0002230177668
7012	0.002626069555
7013	0.2801662221
7014	0.02105506011
7015	0.6399076294
7016	0.6399076294
7017	0.005078133331
7018	0.8197346049
7019	0.002796743921
7020	0.002603958803
7021	0.001629976291
7022	0.003255813923
7023	0.001106419548
7024	0.1352155264
7025	0.0001240405657
7026	0.8398945504
7027	0.8398945504
7028	0.002482823346
7029	0.03992971455
7030	0.08351871117
7031	0.0007909396514
7032	0.03949294071
7033	0.001540118254
7034	0.001911873576
7035	0.6398089918
7036	0.07997956403
7037	0.07997956403
7038	0.6796797355
7039	0.1910863331
7040	0.0006984248731
7041	0.3803457586
7042	0.007156955946
7043	0.1980996977
7044	0.08631928083
7045	0.004494295187
7046	0.202182793
7047	0.03773997991
7048	0.002989211731
7049	0.02647118977
7050	0.1205036123
7051	0.003200030163
7052	0.00333079261
7053	0.03941678625
7054	0.3374452509
7055	0.01702420147
7056	0.004282033505
7057	0.0007246178189
7058	0.49993297
7059	0.49993297
7060	0.001537787996
7061	0.002799456406
7062	0.004789128156
7063	0.09994267484
7064	0.09860026396
7065	0.004599733845
7066	0.009882030994
7067	0.6399228883
7068	0.6399228883
7069	0.8997336512
7070	0.000593186415
7071	0.7998607629
7072	0.4197250547
7073	0.08534025234
7074	0.2597954386
7075	0.0008824166047
7076	0.0003823935299
7077	0.003642410244
7078	0.00266202708
7079	0.002073961173
7080	0.2278393207
7081	0.0002350736607
7082	0.3571256576
7083	0.1001872541
7084	0.01608479078
7085	0.1446556118
7086	0.09417083394
7087	0.05576279939
7088	0.003807852838
7089	0.1797132463
7090	0.003508119463
7091	0.00230346363
7092	0.003090137918
7093	0.0008546503411
7094	0.1447777813
7095	0.003613117071
7096	0.006424813769
7097	0.01067297688
7098	0.002091067289
7099	0.04846859287
7100	0.3999332425
7101	0.3999332425
7102	0.2797456403
7103	2.557273782e-05
7104	0.0008633067233
7105	0.6198802452
7106	0.00726173903
7107	0.2599574932
7108	0.001546168789
7109	0.09982691654
7110	0.003815161823
7111	0.0001610393523
7112	0.001291929401
7113	0.006111215736
7114	0.004453994052
7115	0.00264116749
7116	0.0641242008
7117	0.23877117
7118	0.002876599705
7119	0.2396813587
7120	0.4599159401
7121	0.004379360703
7122	0.5603136707
7123	0.7198656676
7124	0.07998405995
7125	0.6599098093
7126	0.6599098093
7127	0.1236501635
7128	0.140120626
7129	0.08341791775
7130	0.04599774141
7131	0.002848192133
7132	0.1595758464
7133	0.1888331647
7134	0.4199376022
7135	0.4199376022
7136	0.003849246285
7137	0.00802531343
7138	0.1599619891
7139	0.009621127883
7140	0.008406958757
7141	0.4563452458
7142	0.009577801876
7143	0.001626986642
7144	0.01974810778
7145	0.001164990865
7146	0.1385851717
7147	0.8997916894
7148	0.003802475373
7149	0.03919920095
7150	0.1608474938
7151	0.2167409065
7152	0.2776958738
7153	0.003327824742
7154	0.02080956854
7155	0.00613404052
7156	0.01253222495
7157	0.0002475962377
7158	0.04218272743
7159	0.001611709953
7160	0.04256139855
7161	0.8798051998
7162	0.7993758856
7163	0.005362423524
7164	0.0408045708
7165	0.06293053746
7166	0.00490872807
7167	0.001044089734
7168	0.9398771117
7169	0.9398771117
7170	0.06410172552
7171	0.01957558613
7172	0.0005953640931
7173	0.004297806646
7174	0.8398866485
7175	0.8398866485
7176	0.7598385559
7177	0.0007290525957
7178	0.0005515939975
7179	0.0207412775
7180	0.01924209053
7181	0.0005559051413
7182	0.3576449202
7183	0.01933423755
7184	0.8989693915
7185	0.1379873212
7186	0.08181686383
7187	0.00130482099
7188	0.03595958569
7189	0.3399237057
7190	0.001261960872
7191	0.005826812819
7192	0.1408315266
7193	0.002483500211
7194	0.006424170631
7195	0.3160947396
7196	0.6600039647
7197	0.7420351966
7198	0.0004109422523
7199	0.00626568738
7200	0.2620704813
7201	0.007673330303
7202	0.6794688011
7203	0.5417352748
7204	0.3596404346
7205	0.004905667069
7206	0.3651448401
7207	0.5146668992
7208	0.02464804822
7209	0.55720998
7210	0.02044869169
7211	0.9198711172
7212	0.9198711172
7213	0.2757905161
7214	0.002763748233
7215	0.08692644534
7216	0.004118931052
7217	0.440400726
7218	0.004297418097
7219	0.004848724814
7220	0.3016728832
7221	0.004841960767
7222	0.09216575169
7223	0.0002550818155
7224	0.0007915333237
7225	0.001187076828
7226	0.0001882555074
7227	0.8597230064
7228	0.002358774143
7229	0.03945996881
7230	0.004968550563
7231	0.005012031049
7232	0.8197485014
7233	0.001540339029
7234	0.00859340354
7235	0.1227453785
7236	0.0799529782
7237	0.00457754898
7238	0.002850206712
7239	0.06162753623
7240	0.0003836621602
7241	0.0002460859369
7242	0.4567575623
7243	0.002830108378
7244	0.4163678823
7245	0.002611047933
7246	0.004475499763
7247	0.3984616935
7248	0.1171721972
7249	0.003851247503
7250	0.003666308724
7251	0.003300860071
7252	0.00270525495
7253	0.002199686921
7254	0.001414074976
7255	0.002851869705
7256	0.3763533588
7257	0.0375570451
7258	0.09792260832
7259	0.4580791937
7260	0.001994495765
7261	0.006165071739
7262	0.003162422935
7263	0.6818864947
7264	0.001691247305
7265	0.3405766896
7266	2.56866009e-05
7267	0.00406615708
7268	0.0008987784453
7269	0.002295824285
7270	0.05476382288
7271	0.02102470738
7272	0.1021248323
7273	0.1204029298
7274	0.2599581744
7275	0.476562242
7276	0.7029276891
7277	0.002353131926
7278	0.002503292559
7279	0.09788492774
7280	0.0008210251529
7281	0.5395196185
7282	0.0011437633
7283	0.6810691618
7284	0.01973685962
7285	0.005015956007
7286	0.9797758856
7287	0.4430825914
7288	0.002724803144
7289	0.001089231532
7290	0.003898373906
7291	0.09155807184
7292	0.003948371077
7293	0.5599250681
7294	0.0564394441
7295	0.3586760986
7296	0.5139973696
7297	0.08020468765
7298	0.002337681675
7299	0.1087621923
7300	0.6598859673
7301	0.001880725115
7302	0.6855479193
7303	0.09676776959
7304	0.0003048750916
7305	0.739246762
7306	0.000242032655
7307	0.003712010625
7308	0.2020366079
7309	0.1795563152
7310	0.005612569958
7311	0.3799419619
7312	0.3799419619
7313	0.2810059932
7314	0.006458645119
7315	0.001111923645
7316	0.5598923706
7317	0.00438716701
7318	0.8989326067
7319	0.003018577458
7320	3.68784131e-05
7321	0.0003408057358
7322	0.02631895248
7323	0.2796359673
7324	0.06204709028
7325	0.0004337881533
7326	0.001461489121
7327	0.006125208759
7328	0.000902881777
7329	0.01280453519
7330	0.001885446371
7331	0.004037552737
7332	0.1551670558
7333	0.05997729337
7334	0.005431851288
7335	0.08092572069
7336	0.002406123796
7337	0.006190500188
7338	0.4598606267
7339	0.00281206142
7340	0.003566598739