node_id	error
0	0.003533962452
1	0.001652227588
2	0.003328095405
3	0.002242186177
4	0.002641992178
5	0.0005484483034
6	0.001149727552
7	0.001869863297
8	0.001396876017
9	0.005772006898
10	0.0003226703764
11	0.0009553205885
12	0.0008302912499
13	0.0008499707115
14	0.001861064073
15	0.0005371245631
16	7.869274249e-05
17	0.0028285251
18	0.001316067272
19	0.0003689049115
20	0.0004625267439
21	0.000899603416
22	0.00639461845
23	0.0008783093369
24	0.002858549496
25	0.002539556605
26	0.0006671738862
27	0.0003697977673
28	0
29	0.003764603486
30	0.001570459621
31	0.0008081381604
32	0.0002610138134
33	0.001368047621
34	0.001359203376
35	0.008425802658
36	0.0008568720739
37	0.002248057469
38	0.001486759643
39	0.002301079426
40	0.0003945338825
41	0.0005220350696
42	0.003645893413
43	0.002927599894
44	0.003240450505
45	0.003511006965
46	0.0006772725055
47	0.001612808559
48	0.003333542026
49	0.0004354206392
50	0.001741128085
51	0.0080283789
52	0.0057032923
53	0.003698339632
54	0.0007433788442
55	0.002077239746
56	0.0002133262286
57	0.0001495449188
58	0.001096092946
59	0.0006614166621
60	0.002524498655
61	0.002841935927
62	0.001296677363
63	0.001062941904
64	0.001666432585
65	0.002640058975
66	0.001448674371
67	7.480472296e-05
68	0.001577483386
69	0.009820942852
70	0.006452937814
71	0.004252251876
72	0.0002255904304
73	0.00270285084
74	0.0007750703202
75	0.002366264372
76	0.001057477595
77	0.0002560951566
78	0.001710057598
79	0.002431541261
80	0.0004194837035
81	0.0009938111668
82	0.002412899997
83	0.001340034932
84	0.002112417441
85	0.00138106681
86	0.007019052375
87	0.0003283255435
88	0.0002992128627
89	0.0001915807915
90	0.0007515371618
91	0.001161561073
92	0.002158345572
93	0.002211186919
94	0.001713832431
95	3.428452204e-07
96	8.293845684e-05
97	1.648125969e-05
98	0.003023778055
99	0.001594360462
100	0.002179648245
101	0.0007385102017
102	0.0001288591879
103	0.001255106634
104	0.002994874235
105	0.001833579543
106	0.001594487627
107	0.001872412171
108	0.001838612232
109	0.006274374038
110	0.0003660738908
111	0.002565549188
112	0.002802601148
113	0.004950276719
114	0.001422155753
115	0.0005755721359
116	0.003844268078
117	0.003075186678
118	0.0007446572276
119	0.001630133049
120	0.0002967877638
121	0.001181090637
122	0.0004381428294
123	0.0008162823327
124	0.0003896732853
125	0.005955707731
126	0.002154841337
127	0.002533673702
128	0.001062705594
129	0.0009188005102
130	0.007647567044
131	0.0003505527509
132	0.0006277552086
133	0.000500811062
134	0.001254647656
135	0.004065879512
136	0.004603531836
137	0.003153961753
138	0.003433120155
139	0.008231361462
140	0.0009182768436
141	0.001587773609
142	0.002018881262
143	0.001557905049
144	0.003160007635
145	0.0004432278531
146	0.002828034985
147	0.0007277376725
148	0.003293770703
149	0.003148546908
150	0.003337896045
151	0.0006840429507
152	0.0001033006143
153	6.672628036e-05
154	0.002119972687
155	0.001038832997
156	0.001295192353
157	0.001350112143
158	0.003340073388
159	0.0005906779229
160	0.002744044942
161	0.001916698489
162	0.0005458090395
163	0.003810637738
164	0.004191316048
165	0.004165027293
166	0.0004359609935
167	0.00276643565
168	0.000508461424
169	0.002031780672
170	0.001224145664
171	0.001668346322
172	7.093474935e-05
173	0.009932872108
174	0.001984461988
175	0.001473076199
176	0.0009073720652
177	0.0002846399158
178	0.0004500667694
179	0.0004626516256
180	0.00196355286
181	0.0009617404513
182	0.00155579101
183	0.003159418431
184	0.0002090015232
185	7.55222525e-05
186	0.002004870573
187	6.825613079e-05
188	0.0001861035422
189	0.002226050082
190	0.0003768555539
191	0.0002458283325
192	0.0009231571295
193	0.001624332501
194	0.00118952212
195	0.001538810427
196	0.007975719432
197	0.0001378806059
198	0.004721934825
199	0.0003109197164
200	0.007571098203
201	0.006898168701
202	0.001696670571
203	0.001648862771
204	0.002510495655
205	0.0006306184188
206	0.00122178036
207	0.000239864064
208	0.004337559644
209	0.003555343304
210	0.00426736597
211	0.002919826514
212	0.000477979452
213	0.001596410347
214	0.001611897108
215	0.001355064927
216	0.0004060503304
217	0.002721164074
218	0.004445946242
219	0.001164278367
220	0.0005166369792
221	0.001636671341
222	0.002318569238
223	0.002236489892
224	0.001063137225
225	0.007497310183
226	0.002751094861
227	0.0008545277031
228	0.001985968908
229	0.001789634635
230	0.0003292085104
231	0.0002881085392
232	0.004396325963
233	0.002029253964
234	0.0009533241213
235	0.0004481548933
236	0.001146488121
237	0.002519708845
238	5.53133515e-05
239	0.0003147138965
240	0.00263274809
241	0.002078557585
242	1.416893733e-05
243	1.416893733e-05
244	0.00458794889
245	0.004351147969
246	0.002024463773
247	0.00201094964
248	0.0007367565858
249	0.001234223452
250	0.001690489377
251	6.866485014e-05
252	3.664850136e-05
253	0.002164291089
254	9.759306317e-05
255	0.001661374013
256	0.0002893558972
257	0.0007503811796
258	0.0007723944417
259	0.0009221646528
260	0.001374074519
261	0.0004087001628
262	0.0006679489144
263	0.0008673192269
264	0.001804023537
265	0.003635083374
266	0.001477533203
267	0.0009852443045
268	0.00337771256
269	0.0003054332445
270	0.001425044501
271	0.001453781165
272	0.002103391726
273	0.001228945818
274	0.00598536548
275	0.004846617365
276	0.001042160291
277	0.001651859511
278	0.002519758514
279	0.005884762348
280	0.007011042141
281	0.002539650203
282	0.0002974658421
283	0.001890544994
284	0.0003987453793
285	0.0002129382947
286	0.002692978164
287	0.002560965826
288	0.00149084763
289	0.001092719494
290	0.0009118101629
291	0.006722446883
292	0.009190291339
293	0.00156865989
294	0.0003636568457
295	0.002903646978
296	0.003709306545
297	0.004958623496
298	0.001878259605
299	0.001292468135
300	0.00095131772
301	0.00136246863
302	0.001305115721
303	0.0008362975992
304	0.0005483860457
305	0.0007547398507
306	0.0008919587087
307	0.0009052192149
308	0.001523290006
309	0.0006546039567
310	0.001400780253
311	0.0003386741651
312	0.0001937631572
313	0.00548045066
314	0.003499282679
315	0.0008113455687
316	0.0009718059081
317	0.002777032567
318	0.0011724958
319	0.001317542741
320	0.001562484917
321	0.003196877109
322	0.002063366193
323	0.002478836159
324	0.0007216135028
325	0.0006754719467
326	0.004731091889
327	0.003284779034
328	0.0005983788927
329	1.310389318e-06
330	0.004257873297
331	0.00981021812
332	8.456952052e-05
333	0.004849886573
334	0.002429265795
335	1.214824226e-05
336	0.00131105306
337	0.005467608864
338	0.004952663098
339	0.001124756391
340	0.003540417364
341	0.0003135655777
342	0.002015297226
343	0.001634765476
344	0.00157206597
345	0.002585466149
346	0.0003020264988
347	0.001362204295
348	0.001792464948
349	0.0007531882155
350	0.0007967160911
351	0.001045595123
352	0.001770868046
353	0.002555886101
354	0.003216872305
355	0.0005275911526
356	0.0004916777709
357	0.001461687783
358	0.002029586092
359	0.002068738208
360	0.0005169971141
361	0.003525756847
362	0.0003090098753
363	0.003775508449
364	0.00240569964
365	0.0004636630605
366	5.49197742e-05
367	0.007556293985
368	0.0006396696705
369	0.0006764056688
370	0.001537263185
371	0.001276177617
372	0.0001802571528
373	0.003120476598
374	0.002934154449
375	0.0008260520541
376	0.001751472928
377	0.002793931589
378	0.002770116162
379	0.004636926942
380	0.001673485474
381	0.001781613472
382	0.0009831967064
383	0.0005392542545
384	0.006626086861
385	0.009690013844
386	0.008028532666
387	0.001330482064
388	0.001823485207
389	0.002164877637
390	0.002482335445
391	0.001210588787
392	0.001319639343
393	0.002351902059
394	0.003342316685
395	0.001194925372
396	0.0008123822331
397	0.005916941929
398	0.002346557736
399	0.002594425744
400	0.0009335855035
401	0.001619771757
402	0.003079086409
403	1.734131569e-05
404	0.0006573642278
405	1.628290309e-05
406	0.002392298876
407	0.001493775214
408	0.004597065315
409	0.01112999991
410	0.0006898356444
411	0.0008654748665
412	0.008749533411
413	7.615211314e-05
414	0.001243051899
415	0.000151251807
416	0.001910691569
417	0.003354877513
418	0.0004880563125
419	0.001711989101
420	0.0004326405737
421	0.002000019476
422	0.001243585938
423	0.002646579198
424	0.009025349698
425	0.0005556139996
426	0.005225608727
427	0.003051801743
428	0.001778663582
429	0.00304564311
430	7.547683924e-05
431	7.547683924e-05
432	0.001493276682
433	0.002207802507
434	0.002346604941
435	0.008390809861
436	0.000717236178
437	0.001404016281
438	0.0003162246173
439	8.80082709e-05
440	0.0003872676999
441	0.00712971059
442	0.002179249351
443	0.005048462683
444	0.00158648544
445	0.006465592779
446	0.01299158922
447	3.569482289e-05
448	0.0001792915531
449	0.002980523339
450	0.001061033303
451	0.0009111936204
452	0.0005300121653
453	0.005030009152
454	0.005559193529
455	0.002285038246
456	0.0037438123
457	0.0006442383646
458	0.0001358456065
459	0.0004035856133
460	0.0001191240236
461	0.004579182994
462	0.0005759933337
463	0.0001804860805
464	5.795692598e-06
465	0.0009156205263
466	0.0002635283794
467	0.001287525195
468	5.781870169e-05
469	0.0009636425715
470	0.0002231141812
471	0.0007123506462
472	0.002131469123
473	0.007356394403
474	0.01042767866
475	0.0005038732295
476	0.004767067811
477	0.0006270359088
478	0.003719434234
479	0.006783056921
480	0.004289769098
481	0.001685715719
482	0.001257551205
483	0.001142119345
484	0.001632469306
485	0.001324837364
486	0.0003232393368
487	0.001954056967
488	0.001317012072
489	0.0003060094471
490	0.0007528028403
491	0.008801961457
492	0.004095554361
493	0.0003416521883
494	0.001559264202
495	0.005558736772
496	0.00575950777
497	0.002123024768
498	0.0007193177856
499	0.0007322416539
500	0.002740895869
501	0.0002157456058
502	0.001830247918
503	0.002861227107
504	0.002749422599
505	2.74011985e-05
506	0.001529770841
507	0.001086243921
508	0.00130204085
509	0.0001206617423
510	0.0005958563674
511	0.000207352536
512	0.002828947291
513	0.001054044
514	0.006021806627
515	0.0005073967726
516	0.002542459678
517	3.054122266e-06
518	0.001258535499
519	0.0002889050888
520	0.002099003196
521	0.001511556878
522	0.006067738551
523	0.000717405795
524	0.001860291652
525	0.004201158679
526	0.003821156936
527	0.0009530115775
528	0.0005066056966
529	0.0006639846955
530	0.002832923093
531	0.001505243042
532	0.001584574689
533	0.007239627474
534	0.001107016369
535	0.001635381632
536	0.004801150049
537	0.006728732436
538	0.002087989738
539	0.001486121779
540	0.003308057687
541	0.006817537216
542	0.0006307431074
543	0.001456687525
544	0.0004157129882
545	0.0006337247745
546	0.001389860309
547	0.008104321936
548	0.007247357267
549	0.001634417943
550	0.001827838644
551	0.003892745601
552	0.0008472729144
553	0.003428805885
554	0.0007259281878
555	0.0003500049268
556	0.004257153463
557	0.005542824324
558	0.001221613352
559	0.001849623567
560	0.001261108971
561	0.004294242953
562	0.009366511949
563	0.001205873205
564	0.00423512463
565	0.0006399603345
566	1.304152744e-05
567	0.00157558706
568	0.0006463797988
569	0.0006344858693
570	0.0002362785181
571	9.414404712e-05
572	0.000947514817
573	0.01962388124
574	0.005814495919
575	0.007955678423
576	0.001539240855
577	0.0002487106366
578	0.0006031775183
579	0.00292923639
580	0.002582014993
581	0.002871047084
582	0.001196609159
583	0.001068369357
584	0.004189893603
585	0.003624212789
586	0.001625744424
587	0.005010229989
588	0.0003803917586
589	0.003648836525
590	0.0003793037196
591	0.004486357352
592	0.0001319180933
593	0.0002030278444
594	0.00249397627
595	6.572362278e-05
596	0.001710399341
597	0.0005508470919
598	0.0004348751299
599	0.0007882943146
600	0.002198800453
601	0.0009673980284
602	0.005446951466
603	0.0007475159384
604	4.059945504e-05
605	4.059945504e-05
606	0.002687689952
607	0.001857868026
608	0.001048471738
609	0.0001170754367
610	0.001432420302
611	0.00276413928
612	0.0007954948846
613	0.001234623607
614	0.001504101245
615	0.001972436481
616	0.00157686967
617	0.003145734693
618	0.002775299738
619	0.004649425509
620	0.005043695003
621	0.003496469756
622	0.00237781911
623	0.0004658387061
624	0.002245728494
625	0.001653023844
626	0.005934360195
627	0.002415849656
628	0.005417216216
629	0.009655417328
630	0.0007699810269
631	0.0007957622253
632	0.001328624143
633	0.009629842085
634	0.001002302566
635	0.002845172304
636	0.001793905392
637	0.000893023584
638	0.005437725265
639	0.0008959394253
640	0.0008575339328
641	0.003755261747
642	0.0004996335089
643	0.01138612374
644	0.001809487538
645	0.001646162736
646	0.000329109403
647	0.0009484845647
648	0.00219693105
649	0.002448610784
650	0.0005565699797
651	0.003053917651
652	0.001545830587
653	0.001461223557
654	8.270282919e-05
655	0.002388311829
656	0.0006954578948
657	0.0005184262239
658	0.007505783406
659	0.001212475816
660	0.001303057191
661	0.001129243893
662	0.003379086663
663	0.002945716127
664	0.003940826643
665	0.004309281413
666	0.0007858085784
667	0.003386200985
668	0.000515690217
669	0.0004308992869
670	0.001862038699
671	0.001525325786
672	0.002992659513
673	0.002246761192
674	0.001732596004
675	5.386129238e-05
676	0.001378512509
677	0.00548965729
678	0.003702097896
679	0.001558374483
680	0.005286257964
681	0.0003607680777
682	0.004637319487
683	0.004306132199
684	0.0003069818817
685	0.0008867214736
686	0.0005852696401
687	0.00325449753
688	0.00123080681
689	0.002253738362
690	0.002600675462
691	0.002075643979
692	0.0003868074478
693	0.0007319255222
694	0.0001749284102
695	0.00287744673
696	0.005397776488
697	0.001426720576
698	0.002048213077
699	0.001939523259
700	0.0004067795898
701	0.006075088794
702	0.0003495364091
703	0.003395881349
704	0.00314889283
705	0.000812490034
706	9.522503664e-05
707	3.463653878e-05
708	0.0003204452429
709	0.001751294555
710	0.001921009003
711	0.0004180504599
712	0.0002826130197
713	0.0001980013828
714	0.0002644414169
715	0.000601907357
716	0.002283619088
717	0.0003158074396
718	0.0007700668329
719	4.33530476e-05
720	0.004862335849
721	0.007038456442
722	0.003831444452
723	0.001591953739
724	0.002547218212
725	0.001485016451
726	0.001279080759
727	0.0003687420277
728	0.001209408535
729	2.192736545e-05
730	0.007823015116
731	0.007478153376
732	0.001357871625
733	7.970027248e-05
734	0.0008802452316
735	0.006847990397
736	0.006913412528
737	0.0004474303659
738	0.001053268816
739	0.008809557978
740	0.0009302349757
741	0.001188010729
742	0.002779665079
743	0.0009266667095
744	0.004339241096
745	0.0003414850137
746	0.0005475476839
747	0.01039248309
748	0.01030894323
749	0.003189300963
750	0.002971159311
751	4.294036855e-05
752	0.001954825547
753	0.003218706981
754	0.001379660779
755	0.006207277716
756	0.004893284528
757	0.001075574708
758	0.003751595507
759	0.007991372834
760	0.004702160395
761	0.001210418591
762	0.001704198166
763	0.00104748835
764	0.002723607351
765	0.001991639596
766	0.001910171668
767	0.0008578346992
768	0.002125929343
769	0.002169263886
770	0.0021187526
771	0.001365324558
772	0.001293805846
773	0.00372921845
774	0.000542847744
775	0.002787883437
776	0.0008562866441
777	0.0006766026894
778	0.00686933211
779	0.002421943915
780	0.003955447502
781	0.0006437800651
782	0.0003095297737
783	0.001208302277
784	7.063673752e-05
785	0.007007614123
786	0.002313024854
787	0.0005403887915
788	0.001186874765
789	0.0009697509397
790	0.0002880108991
791	0.0002910081744
792	0.001862125341
793	9.768392371e-05
794	0.0007342351866
795	0.001193519049
796	0.002550456981
797	0.005142425531
798	0.01048728516
799	0.001415904977
800	0.000921886909
801	0.004021087726
802	0.000762220283
803	0.001178117618
804	0.003387544089
805	0.001681656259
806	0.001059502919
807	0.001700773237
808	0.0002758077461
809	0.002461448494
810	0.003900521687
811	0.00695762326
812	0.0012357531
813	0.00312415531
814	0.002300173209
815	0.001172671051
816	0.0009708472487
817	0.003702641725
818	0.005948921671
819	0.003208443944
820	0.00140974673
821	0.00397709845
822	5.54799983e-05
823	0.005349087617
824	0.001172227615
825	0.007480289853
826	0.00712413604
827	0.0008930755115
828	0.001897215578
829	0.0005335600144
830	0.005578240774
831	0.0004089994057
832	0.001399961723
833	0.000108719346
834	0.0008914168938
835	0.001486618458
836	0.00125131026
837	0.001767898022
838	0.005888917955
839	0.0002741898565
840	0.0004532159631
841	0.001768372923
842	0.002233313521
843	0.00590145439
844	0.004035613406
845	0.0006549953418
846	0.00442708302
847	0.00418548419
848	0.0004899960242
849	0.0006289578726
850	0.0009901783055
851	0.002186011159
852	0.0005258876377
853	0.005001029791
854	0.000487481903
855	0.002494536157
856	0.0003773920387
857	0.0009923676281
858	0.0004159527054
859	0.001536661671
860	0.006339546733
861	0.001973769337
862	0.001995675688
863	0.006009728761
864	0.0002158509842
865	0.0006954451439
866	0.00123731144
867	0.004818586776
868	0.005480088743
869	0.0008693697937
870	0.0009835198453
871	0.0004898654553
872	0.001742633729
873	0.0005435062663
874	0.00445339181
875	0.00238309064
876	0.008817339336
877	0.001582344588
878	0.003235381765
879	0.001141512044
880	0.0006875199501
881	0.001265165107
882	0.002537244829
883	0.0004941280119
884	5.517711172e-05
885	0.0002100817439
886	0.00214331639
887	0.01158106645
888	0.002921180218
889	0.003675410549
890	7.066842285e-05
891	0.006175859002
892	0.004716953928
893	0.0005370572865
894	0.001206990681
895	0.001675512788
896	0.0007675665057
897	0.0005292616014
898	0.005788776045
899	0.001431259485
900	0.0009495040441
901	0.0007798509336
902	0.0001683352079
903	0.0003544481516
904	0.0007701050265
905	0.000835013624
906	4.523160763e-05
907	0.0003760295907
908	0.0003758196658
909	0.001123574416
910	0.006124284799
911	0.0008586502613
912	0.00415171728
913	0.004910750635
914	0.0002727255034
915	0.001005950595
916	0.0007353849945
917	0.001261132516
918	0.001481262165
919	0.001801478852
920	1.663046377e-05
921	0.003447252213
922	0.0009048710954
923	9.518124323e-05
924	0.004375947729
925	0.001112892739
926	0
927	0.0002670351867
928	0.000322479564
929	0.0005399182559
930	0.0002653637559
931	0.01344646424
932	0.0002258098631
933	0.0001845566813
934	0.0002204138225
935	0.004005125498
936	0.001185606899
937	0.003077969033
938	0.003157739469
939	0.0001208959161
940	0.0005097070683
941	4.861035422e-05
942	0.0004791119608
943	0.01279263682
944	0.009885306641
945	0.004118015549
946	0.003100469963
947	0.004691674383
948	0.0005529550694
949	0.001969455933
950	0.001200301295
951	0.003202050602
952	0.002900289164
953	0.003941265887
954	0.003589657202
955	0.00718429206
956	0.002307590092
957	0.0002745924712
958	0.001329460748
959	0.001260038598
960	0.001691218881
961	0.0002110581525
962	0.004894885888
963	0.00189994592
964	0.001902579153
965	0.0006465037386
966	0.00059225949
967	0.001278718879
968	0.001387893986
969	0.006495295865
970	0.0005271494151
971	0.001573651353
972	0.001126757743
973	0.0004163024626
974	0.002873886082
975	0.001615124159
976	0.00307792229
977	0.001642887254
978	0.001281786803
979	0.00706170819
980	0.000353147861
981	0.001267558608
982	0.005648234435
983	0.006406085309
984	0.002110966126
985	0.004889528028
986	0.0005262912536
987	0.0004045314829
988	0.0004237377297
989	0.002915451196
990	0.008629847556
991	0.002890333216
992	0.0093039396
993	0.004248345083
994	0.00485252735
995	7.792915531e-05
996	7.792915531e-05
997	0.001289131994
998	0.00137758091
999	0.006938263663
1000	0.0007563968116
1001	0.0001631759898
1002	0.001775452705
1003	0.0002340896193
1004	0.005345929265
1005	6.212813833e-06
1006	0.004472023531
1007	0.002209797873
1008	0.00202025013
1009	0.0007132583982
1010	0.0001819188014
1011	0.0001090262822
1012	0.002225882239
1013	0.002608744051
1014	0.001296308024
1015	0.002100099997
1016	0.0002577656676
1017	0.0001638964578
1018	0.001294323101
1019	0.003757641743
1020	0.0001838267085
1021	8.151364243e-05
1022	0.003034974122
1023	0.007367918593
1024	0.003811262169
1025	0.001362090592
1026	0.0005520928508
1027	0.0008030857395
1028	0.007076882369
1029	0.004041356887
1030	0.006406774382
1031	0.0001744658986
1032	8.670931543e-05
1033	0.0008186591808
1034	0.0006316208307
1035	0.003171229464
1036	0.001736375348
1037	0.002341895787
1038	8.461862158e-05
1039	0.002305777496
1040	0.0001533112993
1041	0.000166710447
1042	0.0006059967376
1043	0.0002039484734
1044	0.002422764134
1045	0.000366069571
1046	0.001908322381
1047	0.001601076982
1048	0.002640739058
1049	0.0003056421123
1050	0.001875203579
1051	0.005580397187
1052	0.0003598062332
1053	4.645821425e-05
1054	0.0003615171721
1055	0.005258275307
1056	0.0006274166223
1057	0.001338454147
1058	0.0004918047136
1059	0.00347472205
1060	0.001435640815
1061	0.005125078451
1062	0.004267193943
1063	0.003652982806
1064	0.002476363547
1065	0.002362088478
1066	0.002524318502
1067	0.0004247951442
1068	1.755552791e-05
1069	0.001254141954
1070	0.002093279281
1071	0.003737826331
1072	0.0004058770539
1073	0.000825533663
1074	0.001543394178
1075	0.001684684729
1076	0.002745641046
1077	0.01176599282
1078	0.0008263062615
1079	0.002509977099
1080	0.003200887765
1081	0.007165892923
1082	0.001851475208
1083	0.003475692695
1084	0.0004218647549
1085	0.005273847222
1086	5.494233235e-05
1087	0.001047920023
1088	0.001355427898
1089	0.002592458066
1090	0.001344389079
1091	0.00371048164
1092	0.0006171122007
1093	0.005307146284
1094	0.002462751362
1095	0.0001702997275
1096	0.0002588555858
1097	0.005377669669
1098	0.006962284553
1099	0.001733953465
1100	0.002580039856
1101	0.004965743627
1102	4.615273178e-05
1103	0.001599642344
1104	0.007255058217
1105	0.003622812105
1106	0.002264110853
1107	0.001107465785
1108	0.001524902817
1109	0.00180792289
1110	0.01020959675
1111	0.001934896373
1112	0.001328751068
1113	0.00768412707
1114	0.0008995041481
1115	0.004753085567
1116	0.0007586672585
1117	0.007330849224
1118	3.133561794e-05
1119	0.0009754681885
1120	0.002167642793
1121	0.002216040872
1122	0.0001738419618
1123	8.896457763e-05
1124	0.003923504947
1125	5.702292435e-06
1126	6.455051983e-05
1127	0.002539494314
1128	0.003218719851
1129	0.002441680333
1130	0.00141722426
1131	0.0007964924079
1132	0.0009271116584
1133	0.006489064314
1134	0.001270383116
1135	0.001697577114
1136	0.0008150466638
1137	0.001229717581
1138	0.001883372409
1139	0.004006444788
1140	0.002135831074
1141	0.0004181829369
1142	0.005403802464
1143	0.001417267344
1144	0.004126462755
1145	0.001442244666
1146	0.0009946379417
1147	3.551817385e-05
1148	0.000522653788
1149	0.001654284869
1150	0.006230617084
1151	0.00234363042
1152	0.001607319517
1153	0.001970967639
1154	0.00889594263
1155	0.005625716415
1156	0.003858998241
1157	0.0115129426
1158	0.008876355265
1159	0.004443824153
1160	0.0010166301
1161	0.001796003737
1162	0.00133502022
1163	0.0002635138853
1164	0.0005957781903
1165	0.001013102536
1166	0.002948297816
1167	0.0003862357016
1168	8.404893509e-05
1169	0.0009203190377
1170	0.001195819286
1171	0.00122118187
1172	0.0008937954122
1173	0.002912259334
1174	0.006174286433
1175	0.0005384995352
1176	0.001137386086
1177	0.0004435382356
1178	0.009761905417
1179	0.002386768632
1180	0.0001988441408
1181	0.004052553363
1182	0.0005217702472
1183	4.128065395e-05
1184	6.21253406e-05
1185	0.004309065825
1186	0.0003940526464
1187	0.0008397980889
1188	0.001184127956
1189	0.003877339435
1190	0.007054896982
1191	0.00216763706
1192	0.003910605538
1193	0.001001557895
1194	0.001835443493
1195	0.002020152163
1196	0.003907263444
1197	0.000839427731
1198	0.0002686219761
1199	0.0002420675025
1200	0.00178147139
1201	0.0003401226158
1202	0.0006875097632
1203	0.0004003630023
1204	0.003300203751
1205	0.0008675453559
1206	0.005892113857
1207	0.006059695426
1208	0.002578740404
1209	0.001420224917
1210	0.0008046631105
1211	0.0004492399023
1212	0.00453648665
1213	0.00199455397
1214	0.002548131733
1215	0.007188621894
1216	0.0007348523286
1217	0.001803138591
1218	0.006149934087
1219	0.006162462576
1220	0.004661717244
1221	0.005522886544
1222	0.002099147338
1223	0.003504642514
1224	0.001141891209
1225	0.00589626955
1226	0.002214553375
1227	0.00160170911
1228	0.003112669307
1229	0.002088527059
1230	0.001724672107
1231	0.001113959426
1232	0.008473136342
1233	0.00514234968
1234	0.00361861352
1235	0.0002781851596
1236	0.003483131019
1237	0.001456080977
1238	0.002351350223
1239	0.001331077269
1240	0.0003470130137
1241	0.0018564135
1242	0.002651053683
1243	0.005363870911
1244	0.001410548023
1245	0.001230624347
1246	0.0009630123668
1247	0.0009371406624
1248	0.001657524907
1249	0.00114925744
1250	0.0008986429323
1251	0.001953989173
1252	0.0006144725083
1253	0.001717198496
1254	0.003005831909
1255	0.0009004420164
1256	0.0003602329387
1257	0.00402085958
1258	1.488076358e-05
1259	0.0006039919541
1260	0.002734094627
1261	0.0009214417221
1262	0.00166773574
1263	0.0007898211425
1264	4.902075718e-05
1265	0.001217407985
1266	0.002576190884
1267	0.0008978054235
1268	7.942779292e-05
1269	8.228882834e-05
1270	0.003888684837
1271	0.00459531324
1272	0.001054792415
1273	0.005110278386
1274	0.0005468334913
1275	0.001770466911
1276	0.0008719536575
1277	0.0005225764105
1278	0.002644267772
1279	0.006670377245
1280	0.0007986796597
1281	0.0006077065902
1282	0.002662084673
1283	0.000516307405
1284	0.00905371463
1285	0.003015708012
1286	7.80653951e-05
1287	0.002368124462
1288	0.001736165417
1289	0.001828627909
1290	0.0001853835428
1291	0.001582805828
1292	0.003256054121
1293	0.0006009536785
1294	0.003234818006
1295	0.001309406623
1296	0.00562001152
1297	0.0007952931111
1298	0.0006498497136
1299	0.002043643814
1300	0.0002042543014
1301	0.0004100783819
1302	0.001612927517
1303	0.004663093452
1304	0.002162430253
1305	0.001074674993
1306	0.0006705061596
1307	0.0007060701961
1308	0.001401484054
1309	0.002326200733
1310	0.000751862101
1311	0.001093514509
1312	0.004217263553
1313	0.003742590096
1314	0.0003347421452
1315	0.001830220913
1316	0.00119497815
1317	0.001349977293
1318	0.001072956403
1319	0.0002594965157
1320	0.0004377398268
1321	0.001975413687
1322	0.001349445473
1323	0.00262321134
1324	0.0009909759042
1325	0.0003700846102
1326	0.003448843216
1327	0.0006903579364
1328	0.00355870403
1329	0.00253063772
1330	0.004730200226
1331	0.006937455602
1332	0.004588550225
1333	0.002473173935
1334	0.003396358809
1335	0.0007365776195
1336	0.002090776159
1337	0.003462308092
1338	0.002770887484
1339	0.0002273841962
1340	0.006109422609
1341	0.0001009676434
1342	0.001545989652
1343	0.001287152374
1344	0.0003878833484
1345	5.286103542e-05
1346	5.286103542e-05
1347	0.008099948014
1348	0.002923388782
1349	0.0009596703495
1350	0.0002497347764
1351	0.0003603477983
1352	0.004767904473
1353	0.0006786753484
1354	0.0008217892054
1355	0.0002120862938
1356	0.003937777156
1357	0.0006529962601
1358	0.01302057708
1359	0.0001600331258
1360	0.002630454151
1361	0.0006829673115
1362	0.0002494931836
1363	0.0006944536409
1364	0.0007401497249
1365	0.001884959221
1366	0.0010615725
1367	0.004347515459
1368	0.004339735506
1369	0.002553716092
1370	0.004548649129
1371	0.001354572305
1372	0.001689818622
1373	0.007707450684
1374	7.463392098e-05
1375	0.001204948099
1376	0.004448697113
1377	0.005214273291
1378	0.002940036957
1379	0.002909317206
1380	1.403269755e-05
1381	0.0007796345118
1382	0.003265683345
1383	0.0001810163363
1384	0.0006186426264
1385	0.002475828574
1386	0.002778940878
1387	0.001392152327
1388	0.002623278094
1389	0.0002288757388
1390	0.006462892776
1391	0.0006381017009
1392	0.0037985517
1393	0.001296356415
1394	0.002657041314
1395	0.001735573627
1396	0.003858883348
1397	0.004479392234
1398	0.0009651670526
1399	0.0005975907751
1400	0.007205333662
1401	0.0008740009082
1402	0.0100113806
1403	0.00051944892
1404	0.001864712627
1405	0.006639282659
1406	0.0001830381472
1407	0.0003524977294
1408	0.0005744974401
1409	0.0009322888283
1410	0.0005019073569
1411	0.003961212555
1412	0.00485275848
1413	0.001059817204
1414	0.00146724181
1415	0.0006175305003
1416	0.003481876229
1417	0.002203619524
1418	0.001348338474
1419	0.003251927889
1420	0.0008087665165
1421	0.000419370193
1422	0.0003675253337
1423	0.0003179738923
1424	0.002794129495
1425	0.0001476818913
1426	0.0003447981416
1427	0.0009810980016
1428	4.792622173e-05
1429	0.0004824133083
1430	8.583106267e-05
1431	8.583106267e-05
1432	0.005413512114
1433	0.00105105845
1434	0.004989407855
1435	0.0004656622592
1436	0.009429756031
1437	0.00562800363
1438	0.0003480539799
1439	0.002551587913
1440	5.858016526e-05
1441	0.009262437102
1442	0.01161152809
1443	0.009877832216
1444	0.0006707915521
1445	0.00336693211
1446	0.001982416632
1447	0.001282124134
1448	0.003687205281
1449	0.0007638203979
1450	0.004581912914
1451	0.002135193716
1452	0.0005626024734
1453	0.003439260764
1454	0.008396661212
1455	2.750770747e-05
1456	0.001213413613
1457	0.002395260274
1458	0.0001769804306
1459	0.004712009857
1460	8.186831136e-05
1461	0.0008993758569
1462	0.0007043021094
1463	0.003252396731
1464	0.003945824266
1465	0.0009972691403
1466	0.0008208767089
1467	0.0008108446885
1468	0.0006741859688
1469	0.00503049562
1470	0.001846094305
1471	0.001790980318
1472	0.000103389587
1473	0.004961421417
1474	0.0007316077672
1475	0.0008250605874
1476	0.00281485781
1477	0.00587908494
1478	0.0001058583106
1479	0.001613670529
1480	0.0003555151609
1481	0.006011072833
1482	0.00410475074
1483	0.000706812907
1484	0.0003218405156
1485	0.008591244399
1486	0.006281739743
1487	0.0009102052711
1488	0.007378611114
1489	0.001440638148
1490	0.0003671662883
1491	0.00177803905
1492	0.0009647497249
1493	0.001000367598
1494	0.001370134137
1495	0.0009865405461
1496	0.007443074489
1497	0.005435016386
1498	0.001073386351
1499	0.002709646739
1500	0.002662786825
1501	0.0009486595339
1502	0.003042154333
1503	0.0001554495913
1504	0.0007669183859
1505	0.008067965047
1506	0.004235123533
1507	0.004307723932
1508	0.001701056064
1509	0.004095543
1510	0.006027053651
1511	0.003647220168
1512	0.001451381804
1513	0.0004471880026
1514	0.001506365472
1515	0.0009676073543
1516	0.0008794355069
1517	0.002207536964
1518	0.001655722985
1519	0.001243633574
1520	0.001428001092
1521	0.003409277204
1522	0.000297022914
1523	0.001063919479
1524	0.002199412957
1525	0.000525400166
1526	0.009310034964
1527	0.001432485529
1528	0.004394320278
1529	0.002474605419
1530	0.0001242616225
1531	0.00417820868
1532	0.0003821847009
1533	0.001472290505
1534	0.002767341459
1535	0.001073651064
1536	0.00496161881
1537	0.003653470997
1538	0.003454188863
1539	0.002196220425
1540	0.002168312928
1541	0.0005564289499
1542	0.0007291017278
1543	0.0008973667733
1544	0.002082020965
1545	0.0006142775661
1546	0.001771904479
1547	0.002837161935
1548	0.004795677027
1549	0.001338346787
1550	0.0004326283817
1551	0.003960318417
1552	0.000628536824
1553	0.001574353763
1554	0.001768586864
1555	0.002785912962
1556	0.003992313162
1557	0.0007627920551
1558	0.003514394792
1559	0.001119564697
1560	0.0007455952616
1561	0.002116646281
1562	0.0001130790191
1563	0.0005596730245
1564	4.44848786e-05
1565	0.0006518034189
1566	0.002557718726
1567	0.0007322208093
1568	0.001099118831
1569	0.001643549927
1570	0.0008816076294
1571	0.0001185286104
1572	0.001170930276
1573	1.173374901e-05
1574	0.0008969734138
1575	0.003683665116
1576	0.006985301221
1577	0.0006755149558
1578	0.0006094270878
1579	0.001837620973
1580	0.0005435656545
1581	0.006898928133
1582	0.005519460449
1583	0.003368110068
1584	0.001306955715
1585	0.004893381115
1586	0.005937758602
1587	0.001841637204
1588	0.001190737697
1589	0.003544648691
1590	0.002142758976
1591	0.002210024484
1592	0.004532393111
1593	0.004041993835
1594	0.002551775018
1595	0.00048995511
1596	0.004054390126
1597	0.002768808942
1598	0.00174185515
1599	0.003600861521
1600	0.006058729022
1601	0.004576912891
1602	0.005250242513
1603	0.0002926007312
1604	0.001430042134
1605	0.0007491658095
1606	0.001914958113
1607	3.174386921e-05
1608	9.182561308e-05
1609	0.005154863919
1610	0.0001600817439
1611	0.0002943810352
1612	0.00383085006
1613	0.000834041365
1614	0.002776656074
1615	0.002764067325
1616	0.005801636328
1617	0.001398218062
1618	0.0006850586149
1619	0.0004074012324
1620	0.004162857232
1621	0.0007973697608
1622	0.003727501482
1623	0.001468123143
1624	9.106574592e-05
1625	0.002365258967
1626	0.003771540307
1627	1.578488579e-05
1628	0.0007275595967
1629	0.001851356252
1630	0.002307955673
1631	0.001792840341
1632	0.001455871431
1633	0.008735372144
1634	0.003892429703
1635	0.001178639549
1636	0.007281627958
1637	0.00276542598
1638	0.003078101478
1639	0.0005286293819
1640	0.003174756577
1641	0.001293450656
1642	0.001451991805
1643	0.003331603309
1644	0.001369100329
1645	0.002631558706
1646	0.001138537384
1647	0.001440446223
1648	0.000235626703
1649	2.874659401e-05
1650	0.006509249181
1651	0.0002336367373
1652	0.009305350201
1653	5.716377418e-05
1654	0.0005639606443
1655	0.0001559766001
1656	0.0003282337075
1657	0.0005935127666
1658	0.003137594356
1659	0.01070872655
1660	0.001100980973
1661	0.005945345865
1662	0.002773485537
1663	0.000607597463
1664	0.0001077789509
1665	0.00063132026
1666	0.007027823588
1667	1.341961851e-05
1668	0.003817776811
1669	0.00937726492
1670	0.001589619157
1671	0.003391652279
1672	0.004055096638
1673	0.007478663336
1674	0.001431951204
1675	0.0115239461
1676	0.001522237319
1677	0.006125542783
1678	5.166206066e-05
1679	0.007106866043
1680	0.01164788205
1681	0.001029203353
1682	0.001589411659
1683	0.007824679678
1684	0.004908479051
1685	0.001888635547
1686	0.0001935358668
1687	0.0007084075799
1688	0.001066038092
1689	0.001628888675
1690	0.003039002483
1691	0.008106424751
1692	0.006190791441
1693	0.001842027035
1694	0.001233953559
1695	0.0008915596441
1696	0.005322752059
1697	0.00408142055
1698	0.00201340362
1699	0.0002209751387
1700	0.00288688706
1701	0.008144830534
1702	0.002429190548
1703	0.00226156925
1704	0.002556593365
1705	0.0004113322335
1706	0.004608316787
1707	0.005820986195
1708	0.0003269217588
1709	0.004188414906
1710	0.002130026325
1711	0.001639312094
1712	0.000914950104
1713	0.006399353981
1714	0.001238969645
1715	0.002904977462
1716	0.0006969461853
1717	0.004541921643
1718	0.002913126747
1719	0.003023512763
1720	0.003358419071
1721	0.003633814028
1722	0.003505701675
1723	0.004380130475
1724	0.00100236199
1725	0.0002939189382
1726	0.005637839868
1727	0.004301129352
1728	0.005514711274
1729	0.001127707964
1730	0.004291758977
1731	0.001573087664
1732	0.001693449752
1733	0.002380617841
1734	0.0008112059599
1735	0.005698387085
1736	0.005066346641
1737	4.781012436e-06
1738	0.00772022369
1739	0.003895289976
1740	0.004209877653
1741	0.002523331765
1742	0.0006696800467
1743	0.0020770089
1744	0.0003857751182
1745	0.003398448991
1746	0.001225304401
1747	0.001914774241
1748	0.004153026616
1749	0.0006482288829
1750	0.0002097411444
1751	0.0005235526145
1752	0.0002757667272
1753	0.0005675075109
1754	9.573470732e-05
1755	0.002767692383
1756	0.0006313134003
1757	0.002520234917
1758	0.001140538449
1759	0.009033663454
1760	0.002563544347
1761	0.002757169104
1762	0.00418767815
1763	0.00149584756
1764	0.001896747804
1765	0.01005680233
1766	0.0003051712393
1767	0.00235371572
1768	0.001206159904
1769	0.0009870174599
1770	0.006467511938
1771	0.00244329471
1772	0.002198307399
1773	0.007388446283
1774	0.004942982549
1775	0.004717383701
1776	0.009046800524
1777	0.001009172339
1778	0.01008529784
1779	9.870610668e-06
1780	0.001154268806
1781	0.005488818743
1782	0.006476405828
1783	0.002778771586
1784	0.0005736477667
1785	0.001058178609
1786	0.001865448068
1787	0.003185765087
1788	0.001485565845
1789	0.001570627162
1790	0.0001179836512
1791	0.0001179836512
1792	0.0003602321228
1793	0.01411462738
1794	0.001821814874
1795	0.000280251783
1796	2.411444142e-05
1797	7.711171662e-05
1798	0.0001449591281
1799	0.001101589161
1800	0.0007736966046
1801	0.001030177512
1802	0.0009119945113
1803	0.001060188112
1804	0.007006090825
1805	0.004810237104
1806	0.002479849068
1807	0.0006274454271
1808	0.008146041168
1809	0.0099999547
1810	0.002938607579
1811	0.007172308757
1812	0.003216609518
1813	0.005223455166
1814	0.0002202655437
1815	0.0005794628001
1816	0.0007492439088
1817	0.001418842214
1818	0.0007706878345
1819	0.0004702225717
1820	0.002298731734
1821	0.005107756971
1822	0.0002495852609
1823	0.001041809353
1824	0.0008644025021
1825	0.009004035991
1826	0.005955336846
1827	0.00890338747
1828	0.001622148076
1829	2.286065444e-05
1830	0.006024139626
1831	0.008906600852
1832	0.0009517941805
1833	0.001343202473
1834	0.0005530937335
1835	0.0005580776834
1836	0.0005631755454
1837	3.575545099e-05
1838	0.001068291789
1839	0.004031765957
1840	0.001562426866
1841	0.001320404966
1842	0.004347308433
1843	0.007729309049
1844	0.01092454755
1845	0.005836951231
1846	0.00343929536
1847	0.0006409414702
1848	0.003509548522
1849	0.0006776813021
1850	0.002103198783
1851	0.0007732998409
1852	0.0003437981377
1853	0.001124410592
1854	0.007763878609
1855	0.004738394816
1856	0.000405966747
1857	0.001271774474
1858	0.001457498857
1859	0.002413582819
1860	0.0001268149429
1861	0.0003970537699
1862	0.00296894901
1863	0.001561254049
1864	0.001412139141
1865	0.003178434562
1866	0.0009849613536
1867	0.00123424997
1868	0.001615923083
1869	0.002599730259
1870	0.001373012716
1871	0.001721048776
1872	0.001189183866
1873	0.002771002182
1874	0.0007009683796
1875	0.003095825562
1876	0.001515132506
1877	0.0001909827647
1878	0.001343700893
1879	0.005429682775
1880	0.004388745815
1881	0.00182264324
1882	0.0003096505056
1883	0.0002447001251
1884	0.003730432359
1885	0.003458673431
1886	0.0005360638386
1887	0.0007812387554
1888	0.001775940601
1889	0.002207551171
1890	0.0003409590462
1891	0.006032882456
1892	0.003471046111
1893	0.01378503187
1894	0.0009819457826
1895	0.002970790568
1896	0.002898464313
1897	0.0004653784053
1898	0.001282171341
1899	0.0001526100191
1900	0.003619449165
1901	0.0004233455555
1902	0.0008289371946
1903	0.0002144237458
1904	0.001707403138
1905	0.001197046696
1906	0.001762610275
1907	0.002473420538
1908	0.001323545162
1909	0.001047742157
1910	0.0001324250681
1911	0.0001324250681
1912	0.0006786947521
1913	0.001197216058
1914	0.001232733329
1915	0.009600595784
1916	1.563922556e-05
1917	0.002037396101
1918	0.001761600111
1919	0.008843797042
1920	0.006215146616
1921	0.0005912265066
1922	0.003780182736
1923	0.0009230532568
1924	0.00733393262
1925	0.0002498474624
1926	0.002348668231
1927	0.004271959257
1928	0.005139295245
1929	0.002010211654
1930	0.0002604467333
1931	0.001017995101
1932	0.003569944006
1933	0.00557795107
1934	0.00108643361
1935	0.002467028141
1936	0.003620955862
1937	0.0004515570786
1938	0.002786630555
1939	0.001263455378
1940	0.005322899
1941	0.001995696502
1942	0.001577582285
1943	0.009001938164
1944	0.001383274493
1945	0.002809629088
1946	0.002369524514
1947	0.002398052559
1948	5.121831174e-05
1949	0.002374585419
1950	0.002605828675
1951	0.003795625125
1952	0.009345426199
1953	0.001579527807
1954	0.005486976703
1955	0.003620679299
1956	0.005378946714
1957	0.005443947393
1958	0.0008305247353
1959	0.001366850501
1960	0.002665396719
1961	0.001565840728
1962	0.0004696091511
1963	0.0003189663617
1964	0.0006077581162
1965	0.004687845254
1966	0.0007073498646
1967	0.004608993796
1968	0.004213851149
1969	0.001986622464
1970	0.007042557356
1971	0.001324035145
1972	0.001316046815
1973	0.000877895752
1974	0.001071864012
1975	0.001932017641
1976	0.00206324405
1977	0.000223483249
1978	0.003709475944
1979	0.0005395423492
1980	0.009255672137
1981	0.0008199828806
1982	0.003747320226
1983	0.003025081636
1984	0.0008067640117
1985	0.006083020705
1986	0.006692382386
1987	9.540942934e-05
1988	0.0003638459133
1989	0.0008685235381
1990	0.002949750809
1991	0.0003146490714
1992	0.002939027173
1993	0.002621264316
1994	0.00331489664
1995	0.001969309064
1996	9.250681199e-05
1997	0.002541553134
1998	0.001990318128
1999	0.003008893006
2000	0.002091701329
2001	0.002990973536
2002	0.003064588486
2003	0.001346683112
2004	0.0003304064186
2005	0.001663366071
2006	0.00301468951
2007	0.003941831449
2008	0.004748374852
2009	0.0004979921429
2010	0.002945906733
2011	0.001929271123
2012	0.002627768849
2013	0.001773709058
2014	0.00174541014
2015	0.002673752924
2016	0.002616309557
2017	0.004700119351
2018	0.002991170837
2019	0.008660052023
2020	0.002698121274
2021	1.471389646e-05
2022	0.003735714713
2023	1.509996715e-06
2024	0.001946007507
2025	0.0009168042199
2026	0.00418084794
2027	0.00442434274
2028	0.005495990996
2029	0.0003326509923
2030	0.003962376857
2031	0.002343521973
2032	0.007080420404
2033	0.007029054588
2034	0.0005878469735
2035	0.001021759866
2036	0.0007982203801
2037	0.002029514372
2038	0.0006312417655
2039	0.005837156606
2040	0.0008380720273
2041	0.001297997185
2042	0.006360210821
2043	0.006383028156
2044	0.006181022969
2045	0.0003385144219
2046	0.0065753236
2047	0.0003485940481
2048	0.001186508463
2049	0.0003634353362
2050	0.009393712443
2051	0.0003258174387
2052	0.0007241144414
2053	0.003743129357
2054	0.0002314571365
2055	0.000931404854
2056	0.005129498315
2057	5.248970629e-05
2058	0.0042214287
2059	0.0006442308704
2060	0.002083751532
2061	0.003092884452
2062	0.002287676745
2063	0.001237115466
2064	0.003635740252
2065	0.003976073302
2066	0.002864451025
2067	0.0122645743
2068	0.0004862367166
2069	0.0002689127119
2070	0.0005377326022
2071	0.0004733648591
2072	0.0005722774429
2073	0.009385861379
2074	0.0001059634771
2075	0.004121890353
2076	0.003511229262
2077	0.001229829954
2078	0.006354117889
2079	4.3854108e-05
2080	0.0005137811946
2081	0.0006950862094
2082	0.003323801316
2083	0.0004720296405
2084	0.003101147658
2085	0.005199913922
2086	0.0008217208004
2087	0.003318311246
2088	0.01695433429
2089	0.003251910803
2090	0.002478111561
2091	0.000785832421
2092	0.003636381757
2093	0.007177476266
2094	0.000146387196
2095	0.002119330658
2096	0.0002761096007
2097	2.022567524e-06
2098	0.002754413495
2099	9.773612772e-06
2100	0.0008549872177
2101	0.0005352220595
2102	0.0002926048905
2103	0.001284598086
2104	0.003270283303
2105	0.003353884593
2106	0.008222324899
2107	0.001259317312
2108	0.006904484543
2109	0.003980175852
2110	0.0002111915114
2111	0.001797126603
2112	0.00782448696
2113	0.002347391153
2114	0.0003216662697
2115	0.00786118265
2116	0.002335552507
2117	0.001439545268
2118	0.000180653951
2119	0.0002433242507
2120	0.0009249102115
2121	0.003757880968
2122	0.001078712129
2123	0.0004078367397
2124	0.002276560526
2125	0.0006756448393
2126	0.003999824824
2127	0.003091409716
2128	0.001449913867
2129	0.0006684766996
2130	0.002850389713
2131	0.0009794177279
2132	0.003395917573
2133	0.006025883855
2134	0.007603378228
2135	0.0007964168612
2136	0.003405322285
2137	0.007131958964
2138	0.006534639105
2139	0.001983277417
2140	0.002883073088
2141	0.008407891224
2142	0.000513616472
2143	0.002684124896
2144	0.002751229533
2145	0.001211812316
2146	0.001016799737
2147	0.0004540190736
2148	0.001665395095
2149	0.002738377895
2150	0.001465158419
2151	0.005412122701
2152	0.0002144414169
2153	0.0001753405995
2154	0.0005285768924
2155	0.006840586376
2156	0.00192940943
2157	0.003004689113
2158	0.004688663823
2159	1.471389646e-05
2160	6.920980926e-05
2161	0.001945123818
2162	0.01112313299
2163	0.0007876631455
2164	0.001928990295
2165	0.0006241133995
2166	0.002286245498
2167	0.003140451993
2168	0.0007430448483
2169	0.005042667379
2170	0.001136051538
2171	0.0008424363531
2172	0.001252896027
2173	0.0002851275529
2174	0.0007177349901
2175	0.004069763908
2176	0.0009601147366
2177	0.0004637286469
2178	0.004329524956
2179	0.002677931529
2180	0.001871015472
2181	0.005852439757
2182	0.005187728706
2183	0.0009138149609
2184	0.00512269591
2185	0.0001705722071
2186	0.000219346049
2187	0.000809688201
2188	0.000275969611
2189	0.001285089637
2190	0.001718010702
2191	0.0001886081868
2192	0.001850419304
2193	0.003768474763
2194	0.0030863089
2195	0.0009760644559
2196	0.003022726303
2197	0.001228219951
2198	0.0002883665626
2199	0.0001952013426
2200	0.001695183809
2201	0.0009782208123
2202	0.0001279310181
2203	0.0009868297275
2204	0.001238882062
2205	0.00149355661
2206	0.008623267519
2207	0.001328364032
2208	0.001091979057
2209	0.002713428516
2210	0.003426842659
2211	0.0005413596372
2212	0.001619687946
2213	0.0004185971552
2214	0.001745397095
2215	0.0007780127729
2216	0.0006884515202
2217	0.001567372542
2218	9.64844144e-05
2219	0.001572600488
2220	0.001529044363
2221	0.00147518453
2222	0.0002126215537
2223	0.0007012980883
2224	0.0004539299576
2225	0.004863664369
2226	0.002472680157
2227	0.003050571293
2228	8.651226158e-05
2229	0.0012567592
2230	5.159623244e-05
2231	0.001586909328
2232	0.000479240045
2233	0.0008105156395
2234	0.005042374244
2235	0.009484336586
2236	0.0007938689016
2237	5.367847412e-05
2238	0.009570954667
2239	0.004597365116
2240	0.006980104297
2241	0.005633706318
2242	0.01174571003
2243	0.0001603542234
2244	0.004557193397
2245	0.0009018869661
2246	0.0007531562216
2247	0.006857605985
2248	0.000237276445
2249	0.001565884843
2250	0.000162937448
2251	0.003199196109
2252	0.01147495745
2253	0.001188065881
2254	0.001247669205
2255	0.001200587476
2256	0.001765150907
2257	0.0008572179461
2258	0.001446423681
2259	0.0009063981768
2260	0.003922481353
2261	0.004357381805
2262	0.003125109674
2263	0.00105337015
2264	0.002836636132
2265	0.0003513711871
2266	0.0001782095632
2267	0.008045807594
2268	0.001331772182
2269	0.000611214128
2270	0.00395852313
2271	0.006977532586
2272	0.006809822158
2273	0.005217742085
2274	0.004273499997
2275	0.0001604904632
2276	9.294608736e-05
2277	0.0009509956668
2278	0.006113841873
2279	0.004572393743
2280	4.332425068e-05
2281	4.332425068e-05
2282	0.004052428225
2283	0.001508645282
2284	0.00264509865
2285	0.003706117293
2286	0.004495564427
2287	0.005935486294
2288	0.001628049303
2289	0.00257152595
2290	0.004116532911
2291	0.001723109219
2292	0.002259720842
2293	0.002675788767
2294	0.0008457843359
2295	0.006562763627
2296	0.002360534666
2297	0.003412737993
2298	0.004426483541
2299	0.005325045644
2300	0.00408749846
2301	0.001091486506
2302	0.0001246571772
2303	0.0003992740973
2304	0.001770813914
2305	0.0005068388472
2306	0.0006411196214
2307	0.007190364414
2308	0.007203507437
2309	0.008562490053
2310	0.007366244233
2311	0.001631085274
2312	0.002510061975
2313	0.0008259718508
2314	0.01069220004
2315	0.003667940702
2316	0.003723758558
2317	0.0001265912458
2318	0.004856470616
2319	0.001273453722
2320	0.00741690756
2321	0.0005042688465
2322	0.004262513215
2323	0.0005854250328
2324	0.005086602307
2325	0.002767393916
2326	9.002589841e-06
2327	0.002295348415
2328	0.0003913647598
2329	0.003864085487
2330	0.003429175032
2331	0.002382388835
2332	0.002978040322
2333	0.00232606978
2334	0.001537544491
2335	0.007825169713
2336	0.0002952914372
2337	6.464832443e-05
2338	0.001959762568
2339	0.002551020325
2340	0.002775757948
2341	0.002809645723
2342	0.001662755572
2343	0.000664608105
2344	7.138964578e-05
2345	7.138964578e-05
2346	0.001349607921
2347	0.00308364375
2348	0.0009436982484
2349	0.004813467666
2350	0.009889561582
2351	7.070844687e-05
2352	0.0009567522481
2353	0.007253234026
2354	0.001193467589
2355	0.007732286237
2356	0.001640629563
2357	0.001065712541
2358	0.003354187521
2359	0.004422413612
2360	0.001094522655
2361	0.001063048828
2362	0.0002216621253
2363	0.0003607692274
2364	0.0005375917707
2365	0.001341225542
2366	0.00675698672
2367	0.001267863724
2368	0.0004967354088
2369	0.0009361433231
2370	0.0004392782099
2371	0.006332160479
2372	0.005988875348
2373	0.008201863484
2374	0.006791444676
2375	0.00054890879
2376	0.01245940088
2377	0.001502325415
2378	0.00720614151
2379	0.003081587336
2380	0.0050161095
2381	0.002539462657
2382	0.002386529288
2383	0.002348570222
2384	0.001032765439
2385	0.005591218243
2386	0.002519179017
2387	2.103607166e-05
2388	0.01367435346
2389	0.000401281326
2390	4.028156222e-05
2391	0.003219132489
2392	0.006355799295
2393	0.006378683901
2394	0.003071712257
2395	0.00650576697
2396	0.006603250654
2397	0.01196173853
2398	0.001131180131
2399	0.0001036784741
2400	0.0004629427793
2401	0.001307170485
2402	0.001443200452
2403	0.004670981871
2404	0.001735854639
2405	0.001186250055
2406	0.002092503473
2407	0.005542308792
2408	0.001501364156
2409	5.186194369e-05
2410	4.39373297e-05
2411	0.005170872842
2412	0.003018514386
2413	0.005867164159
2414	0.003979744585
2415	0.0004927942351
2416	0.001164773241
2417	0.007090900789
2418	0.000880716677
2419	0.005344091296
2420	0.001723772699
2421	0.005766759881
2422	0.01231522458
2423	0.002477821822
2424	0.001142477149
2425	0.01167126294
2426	0.001616058353
2427	0.007304604299
2428	0.005623376214
2429	0.01428001122
2430	0.0004778575266
2431	0.0007762906727
2432	0.0006836574099
2433	0.000331236606
2434	8.319709355e-05
2435	0.0002042234332
2436	0.0001311775557
2437	0.003557136387
2438	0.002311412837
2439	0.0001070844687
2440	0.0001070844687
2441	0.005235610125
2442	0.000270130704
2443	0.005749837649
2444	0.004823256398
2445	9.237057221e-05
2446	0.0001160762943
2447	0.001737782634
2448	0.00359440965
2449	0.007440531955
2450	0.003206292429
2451	0.001712352906
2452	0.002000839447
2453	0.0001517482073
2454	0.00430480706
2455	0.01083353025
2456	0.002674966152
2457	0.006653616491
2458	0.001486825558
2459	0.002575854044
2460	0.0001682787726
2461	0.002147624306
2462	0.005690722695
2463	0.0005611791763
2464	0.003493456967
2465	0.002241284992
2466	0.005835511904
2467	0.002134446419
2468	0.0006421503052
2469	0.000575595463
2470	0.004530881735
2471	2.942779292e-05
2472	2.942779292e-05
2473	0.002237503979
2474	0.00166266066
2475	0.003643524628
2476	0.002893345344
2477	0.001539153289
2478	0.002964679324
2479	0.0008274518179
2480	0.0003527541417
2481	0.00214097308
2482	0.0006246516294
2483	0.001169508638
2484	0.002347567388
2485	0.006442763581
2486	0.002224406954
2487	0.002552349398
2488	0.0005497091296
2489	0.006567345858
2490	0.00501437825
2491	0.002515687163
2492	3.831283442e-05
2493	0.001722175621
2494	0.001408812098
2495	0.001491027481
2496	0.008753018471
2497	0.0001926654118
2498	0.003055502105
2499	0.002932043374
2500	0.003961877923
2501	4.85013624e-05
2502	4.85013624e-05
2503	5.905465422e-05
2504	0.002571122811
2505	0.000304816604
2506	0.0007403269755
2507	0.001508443761
2508	0.0005964538123
2509	0.0003846069762
2510	0.001981728388
2511	0.0004908582258
2512	0.0001574566761
2513	0.0007261300413
2514	0.008556137656
2515	0.006657426102
2516	0.001385468113
2517	0.01520146937
2518	0.009831284825
2519	0.002063088809
2520	0.001508929363
2521	0.002168721499
2522	0.001178726644
2523	0.001943279953
2524	0.0014871912
2525	0.001886095382
2526	0.002710503731
2527	0.002268650457
2528	0.0007851739636
2529	0.003126792708
2530	0.005977547284
2531	0.002049628003
2532	0.001163922002
2533	0.001889424617
2534	0.01042433449
2535	0.001160156598
2536	0.0008597120349
2537	0.002811269998
2538	0.0003502254457
2539	0.0002752149275
2540	0.006430867278
2541	0.00744132782
2542	0.002455038338
2543	0.0001222858818
2544	0.005972746551
2545	0.001211127561
2546	0.003764889657
2547	0.001075750431
2548	0.002197772803
2549	0.003479513424
2550	0.005905032012
2551	0.0005418846623
2552	0.01062763153
2553	0.005545281909
2554	0.009639733383
2555	0.001374223918
2556	0.00108070473
2557	0.004021243754
2558	0.001524111875
2559	0.003968232386
2560	0.001116108479
2561	0.006693562595
2562	0.007530082446
2563	0.005530107845
2564	0.0001667866814
2565	0.0008692160322
2566	0.002906473542
2567	0.0004625338417
2568	0.0009896821591
2569	0.008782069515
2570	0.005415162625
2571	0.00211968008
2572	0.00298410914
2573	0.008069911697
2574	0.001540760518
2575	0.002750767212
2576	0.009914395461
2577	4.945504087e-05
2578	0.005235625103
2579	0.002573603658
2580	0.002443976213
2581	0.0003561313729
2582	0.001163163459
2583	0.009680341279
2584	0.002686764928
2585	0.00211954673
2586	0.0005030060171
2587	5.299093077e-06
2588	0.002711518163
2589	0.005588465299
2590	0.002456277916
2591	0.001359257097
2592	5.49300271e-05
2593	0.002067132842
2594	0.002077493443
2595	4.608803124e-05
2596	0.003116573697
2597	0.00738037172
2598	0.0004697654558
2599	6.335149864e-05
2600	0.004593213133
2601	0.00237625103
2602	0.0008597983022
2603	0.0003268141227
2604	0.001493675466
2605	0.001344955794
2606	0.0002893285946
2607	0.001108204841
2608	0.003073079726
2609	0.0003474114441
2610	0.002661342965
2611	0.002580633828
2612	0.002307438771
2613	0.01103927753
2614	0.005359656553
2615	0.002452646071
2616	0.008607632172
2617	0.0009757609283
2618	0.0007552310303
2619	0.005198378588
2620	0.005316311543
2621	0.0022173901
2622	0.0002983085025
2623	0.003898212343
2624	0.004424090449
2625	0.003208001144
2626	0.002293003656
2627	0.001939516733
2628	0.001256252431
2629	0.0003060328005
2630	0.002418744977
2631	0.0004925582167
2632	0.01231348163
2633	0.001720365721
2634	0.0007207844119
2635	0.0007196737476
2636	0.0006406614553
2637	0.001928197002
2638	0.0009601137901
2639	0.002191984566
2640	0.01530093312
2641	0.0005497920842
2642	0.001372386287
2643	0.004527152572
2644	0.000186226677
2645	0.00170730585
2646	0.002762585977
2647	0.001693131736
2648	0.007436439815
2649	0.001914144449
2650	0.009903302013
2651	0.001016557567
2652	0.0006738628239
2653	0.0001820163488
2654	0.0002534059946
2655	0.002899763686
2656	0.001646324679
2657	0.001180302399
2658	0.006253686133
2659	0.0005817307895
2660	0.0007563805631
2661	0.0004519527702
2662	0.008886688691
2663	0.0009309264305
2664	0.0009246594005
2665	5.468955881e-05
2666	0.003782491693
2667	0.003462545019
2668	0.003764149773
2669	4.264305177e-05
2670	0.004826480198
2671	0.008365324115
2672	0.001097925973
2673	0.005221843304
2674	0.002067410558
2675	0.005774487854
2676	0.002349406377
2677	0.0006156355993
2678	0.004968769089
2679	0.002272524869
2680	0.004556529392
2681	0.0009198500099
2682	0.000907533042
2683	0.0001880108992
2684	0.003566318362
2685	0.00547100527
2686	0.00202692393
2687	0.0009197284785
2688	0.003519537673
2689	0.006602033843
2690	3.283378747e-05
2691	0.00164653311
2692	0.0003558460389
2693	0.003380777497
2694	0.001590498552
2695	0.0005922846498
2696	0.001463816012
2697	0.003731176559
2698	0.00108038848
2699	0.0005164395976
2700	0.009873116585
2701	0.001425276262
2702	0.001448500589
2703	0.005309735496
2704	0.0005805343569
2705	0.001502154477
2706	0.004502072103
2707	0.002023690887
2708	0.0004291788302
2709	0.001395421954
2710	0.01143890148
2711	0.005197685841
2712	0.000955230196
2713	0.002183700747
2714	0.003164629344
2715	0.0006556335935
2716	0.0005459827718
2717	0.001612067851
2718	0.004582591476
2719	0.0001498864668
2720	0.0001506873387
2721	0.006442516201
2722	0.004937792344
2723	0.001581310623
2724	0.001672527788
2725	0.0006876418628
2726	0.0004325360109
2727	0.002153642675
2728	0.001725699398
2729	0.001955287959
2730	0.007776389149
2731	0.01877538765
2732	0.0002318154756
2733	0.0001830929192
2734	0.005190769743
2735	0.001617556066
2736	0.0004200551429
2737	0.002117836872
2738	0.003834223577
2739	0.001479355823
2740	0.0070447495
2741	0.005424682706
2742	0.003433346093
2743	0.001257140357
2744	0.005115148672
2745	0.008957076045
2746	0.007822013807
2747	0.003192515327
2748	0.00190689236
2749	0.001577157415
2750	0.002114151366
2751	0.001207980356
2752	0.004210620058
2753	0.006468248809
2754	0.001175016962
2755	0.003839269782
2756	0.002219647477
2757	0.0008301084455
2758	0.0003446185286
2759	0.0008118528611
2760	0.001293378422
2761	0.001244375202
2762	0.0008073196731
2763	0.01092969109
2764	0.001181951406
2765	0.003600467321
2766	0.001090313863
2767	0.002666399858
2768	0.007800405322
2769	0.001430211224
2770	0.004019926233
2771	0.0004421430806
2772	0.001232230899
2773	0.002615935429
2774	0.0097923402
2775	0.001023058851
2776	0.00171416862
2777	0.001506324495
2778	0.0009699115211
2779	0.00152096432
2780	0.007102331797
2781	0.001038638159
2782	0.0008931698859
2783	0.000414268607
2784	0.0008983618227
2785	0.005281358517
2786	0.001469715087
2787	0.0001480239321
2788	0.001359550268
2789	0.002467267914
2790	0.0004248541844
2791	0.0008232016249
2792	0.0003913310574
2793	0.001035022086
2794	0.001188790448
2795	0.001790537886
2796	0.0008385554341
2797	0.003566454327
2798	0.000138573392
2799	0.001389202757
2800	0.006603006632
2801	0.003160045323
2802	0.000689176617
2803	0.001192227124
2804	0.005391534322
2805	0.003610493446
2806	0.001608687788
2807	0.0002511923782
2808	0.002315338267
2809	0.0003648329351
2810	0.0006936408529
2811	0.001240857822
2812	0.002498740627
2813	0.005310005042
2814	0.00399292569
2815	0.009479560747
2816	0.001734495784
2817	0.00554979379
2818	0.0002614264045
2819	0.0007524222609
2820	0.008480457255
2821	0.001433946893
2822	0.00339229923
2823	0.004414184365
2824	0.004540546151
2825	0.0007457765667
2826	0.004984107495
2827	0.00468253035
2828	0.004971945892
2829	0.001386460692
2830	0.0005658800031
2831	0.000871785052
2832	0.0005516629535
2833	0.001950816189
2834	0.001002901668
2835	0.0002668054638
2836	0.00460647961
2837	0.001163494829
2838	0.0003550424829
2839	0.002996178083
2840	0.005492959825
2841	0.004974037166
2842	0.0007223346076
2843	0.005555309567
2844	0.002291207008
2845	0.0006923506333
2846	0.005577547928
2847	0.002978194191
2848	0.00247969813
2849	0.001224828102
2850	0.0007430613226
2851	8.692098093e-05
2852	0.0009132152589
2853	0.005150855796
2854	0.002005832585
2855	7.19346049e-05
2856	0.0001659400545
2857	0.004525356898
2858	1.485013624e-05
2859	0.0007686996939
2860	0.001114911526
2861	0.0008450195078
2862	0.01347679623
2863	0.002353929609
2864	0.001663389081
2865	0.0002846730246
2866	0.0004756829757
2867	0.00085127224
2868	0.002718954534
2869	0.001841602199
2870	0.004176645717
2871	0.005045004411
2872	0.004873766184
2873	0.0004194409792
2874	0.004155392445
2875	0.0001194822888
2876	0.001771117166
2877	0.002688312669
2878	0.002779953042
2879	0.007816926039
2880	0.002220433398
2881	0.003740904121
2882	0.0002990157946
2883	0.001622945124
2884	0.0009690958843
2885	0.001087785693
2886	0.0002366518836
2887	0.014155819
2888	0.001353471813
2889	0.0004065920182
2890	0.006826873585
2891	0.002122343761
2892	0.002025451362
2893	0.002467403176
2894	0.003761107916
2895	0.0021490683
2896	0.003377584817
2897	0.002905146231
2898	0.001399986404
2899	0.004016226768
2900	0.001753876921
2901	0.0009276197568
2902	0.001134923736
2903	0.005310523382
2904	0.001313198719
2905	0.0004511182011
2906	0.01409374833
2907	0.0006742506812
2908	0.0009333445954
2909	0.0009269205524
2910	0.0007328954351
2911	0.003184688349
2912	0.00918561004
2913	0.0001941615236
2914	0.002276440011
2915	0.0001285728504
2916	4.822888283e-05
2917	4.822888283e-05
2918	0.001207825108
2919	0.0004504154007
2920	0.0006469412836
2921	0.002817147985
2922	0.003111881009
2923	0.0001338742091
2924	1.580381471e-05
2925	1.580381471e-05
2926	0.00674073376
2927	0.0008841419815
2928	0.0001051771117
2929	0.0001051771117
2930	0.00415967593
2931	0.005799602572
2932	0.00483691092
2933	0.002392572086
2934	0.005460734028
2935	0.002388568263
2936	0.0052406102
2937	0.003068328267
2938	0.0001895095368
2939	0.006444471409
2940	0.004341810588
2941	0.000904658112
2942	0.009273556401
2943	0.007591629992
2944	0.003751200845
2945	0.005401253281
2946	0.0001500823943
2947	0.001837573399
2948	0.00617066809
2949	0.0001538147139
2950	0.0002340599455
2951	0.004660389466
2952	0.004879057826
2953	0.004809486903
2954	0.001203391586
2955	0.005635408352
2956	0.001704167196
2957	0.006468346059
2958	0.001653232609
2959	0.001692715279
2960	0.001568005142
2961	0.002506923277
2962	0.003065023051
2963	0.003349090967
2964	0.0005628145578
2965	0.001595325228
2966	0.001673615793
2967	0.0006288591522
2968	0.001103404649
2969	0.0003673987668
2970	0.009367383345
2971	0.002001294174
2972	0.003764670211
2973	0.001358339739
2974	0.001795021412
2975	0.003670259848
2976	0.00113031491
2977	0.003563136862
2978	0.0002399443962
2979	0.001061910321
2980	0.00290654351
2981	0.0009980285038
2982	0.004005421051
2983	0.002748030592
2984	0.001596652061
2985	0.001670992858
2986	0.0001789584699
2987	0.003309670792
2988	0.005524588268
2989	0.004554028399
2990	0.003981712979
2991	0.004894306257
2992	0.0003282912938
2993	0.0009589478989
2994	0.0002457672055
2995	9.363493237e-05
2996	7.787536405e-05
2997	0.008333178101
2998	0.002375372138
2999	3.143959791e-05
3000	0.001336625782
3001	0.0001094985627
3002	0.00157995229
3003	0.00335888134
3004	0.01181967616
3005	0.001467961624
3006	0.002665241722
3007	0.002076866991
3008	0.0006805270157
3009	0.009448228274
3010	0.0006687250676
3011	0.002459794274
3012	0.006374715847
3013	0.0009012255981
3014	0.01073024337
3015	0.002690436469
3016	0.001271977832
3017	0.005002667705
3018	0.001130682227
3019	0.002183553757
3020	0.004906516622
3021	0.001698585188
3022	0.00117702694
3023	0.0002050316059
3024	0.0001531235038
3025	0.00422703883
3026	0.005835840248
3027	0.0006805342071
3028	6.307901907e-05
3029	0.0001585831063
3030	0.002004733451
3031	0.002309183365
3032	0.000315837041
3033	0.0006295345964
3034	0.003019196836
3035	0.000296829419
3036	0.0007023319807
3037	0.00243370315
3038	0.001762794797
3039	0.004040920719
3040	0.01169620855
3041	0.001111663378
3042	0.001728550744
3043	0.002937447867
3044	0.0004277649597
3045	0.0003570976228
3046	0.006033825246
3047	0.005635814279
3048	0.006199197305
3049	0.002731662708
3050	0.00707655999
3051	0.001074782722
3052	0.003703810849
3053	0.008719311915
3054	0.001025707476
3055	0.004460523391
3056	0.005792152246
3057	0.002743049029
3058	0.001102101664
3059	7.150386069e-05
3060	0.001951704479
3061	0.002727767634
3062	0.003644091297
3063	9.782016346e-05
3064	0.0008935967303
3065	9.346049046e-05
3066	0.0009066757493
3067	0.0005226815558
3068	0.0009825895988
3069	0.0009994733169
3070	0.0002854743759
3071	0.004980236943
3072	0.0007520386868
3073	0.005727905389
3074	2.207084469e-05
3075	0.00412857551
3076	0.003789010032
3077	0.0007240462198
3078	0.0008822136775
3079	0.004810105995
3080	0.0009916100548
3081	0.0003378988479
3082	0.00735165373
3083	0.002719839786
3084	0.0003926634314
3085	0.002389670437
3086	0.004367100191
3087	0.004089073275
3088	0.008069551017
3089	0.001334534554
3090	0.008538851807
3091	0.003021817799
3092	0.001493895176
3093	3.992824313e-05
3094	0.002334672558
3095	0.00127927824
3096	0.000428969519
3097	8.801089918e-05
3098	9.073569482e-05
3099	0.008172431379
3100	0.001984297769
3101	0.00341627203
3102	0.002752134302
3103	0.002287670452
3104	0.0006862071672
3105	0.0002856841167
3106	0.001687532559
3107	0.00290775167
3108	0.002192560147
3109	0.002960373316
3110	0.0009931244351
3111	0.001554671866
3112	0.0001476998061
3113	0.004924461872
3114	0.004540221006
3115	0.0007449131227
3116	0.0008540336034
3117	0.004407386862
3118	0.0001020457075
3119	0.002112382074
3120	0.004105426012
3121	0.0008308329446
3122	0.000299325879
3123	0.003704427643
3124	0.0005261231578
3125	0.002538872577
3126	0.001348762184
3127	0.0001498637602
3128	0.001358657517
3129	0.002544605505
3130	0.001259839649
3131	0.004716676398
3132	0.001027232573
3133	0.0004878881697
3134	0.00235400957
3135	0.001007379655
3136	1.38964578e-05
3137	0.002655338596
3138	0.00124457175
3139	0.007505615983
3140	2.152588556e-05
3141	2.152588556e-05
3142	0.0008017614655
3143	0.002643678756
3144	0.000813652612
3145	0.002824405606
3146	0.009100508033
3147	0.001139727823
3148	0.001661606106
3149	0.01032792895
3150	0.001890260704
3151	0.004882628382
3152	3.216340766e-05
3153	0.001880636997
3154	0.00301034757
3155	0.0009224993657
3156	0.005422299896
3157	0.005958183906
3158	0.001905439015
3159	0.002955171453
3160	0.001692757104
3161	0.0008799046321
3162	0.0003007947321
3163	0.006808162768
3164	0.006986843989
3165	0.005875550819
3166	0.003038499628
3167	0.001543614533
3168	5.14986376e-05
3169	5.14986376e-05
3170	0.0001518877003
3171	0.0004697279359
3172	0.002182763775
3173	0.0006765619441
3174	0.002042709383
3175	0.006291939718
3176	0.002758043077
3177	1.280653951e-05
3178	0.0009873297003
3179	0.00449790292
3180	0.002038923155
3181	0.009016111143
3182	0.003798336527
3183	0.0002693479103
3184	0.002540947012
3185	0.009392941965
3186	0.006332539814
3187	0.007659076099
3188	0.004876764558
3189	0.001025290635
3190	0.005447250653
3191	0.004227956342
3192	0.002205104191
3193	0.005011955328
3194	6.005919973e-06
3195	0.0002512472691
3196	0.004352035537
3197	0.002578721917
3198	0.002711922569
3199	0.004270613731
3200	0.0003519259306
3201	0.00256407581
3202	0.001930186871
3203	0.002146027003
3204	0.0008700148537
3205	0.0009516787288
3206	0.002470054472
3207	0.003820421639
3208	0.002619221764
3209	0.0002936038533
3210	0.005405160716
3211	0.0004141166557
3212	0.0002467690505
3213	0.0002713238224
3214	0.008953767908
3215	0.002245403317
3216	0.0004699802728
3217	0.0007807044185
3218	0.003683392983
3219	0.0004002043597
3220	0.0007918575936
3221	0.004948161573
3222	3.569482289e-05
3223	3.841961853e-05
3224	0.00898708027
3225	0.001762471996
3226	0.002446015516
3227	0.003376611989
3228	0.001435412279
3229	0.0001343324251
3230	0.0001343324251
3231	5.994550409e-06
3232	0.001526546936
3233	0.003869774875
3234	0.0009567245284
3235	0.005207356103
3236	0.000150743317
3237	0.005330209182
3238	0.0002873296898
3239	0.003299107934
3240	0.001809093792
3241	0.00252086011
3242	0.006225141679
3243	0.002409533031
3244	0.0007496204296
3245	0.0005473505609
3246	0.01371997191
3247	0.0009284218793
3248	0.01764544476
3249	0.002194212446
3250	1.403269755e-05
3251	0.00586541392
3252	0.001312335197
3253	0.001236071278
3254	0.004312918663
3255	0.008595715006
3256	0.005167728847
3257	0.0001288828338
3258	0.0001288828338
3259	0.004573855331
3260	6.975476839e-05
3261	7.247956403e-05
3262	0.001158954141
3263	0.00477453482
3264	0.0008971162013
3265	0.007853886211
3266	0.001859882681
3267	0.0007735694823
3268	0.0005077715611
3269	0.00277715064
3270	7.356948229e-05
3271	7.356948229e-05
3272	0.008523181427
3273	0.003728732389
3274	0.004476390082
3275	0.0009498169865
3276	0.001262396282
3277	0.001827388241
3278	0.009748796075
3279	0.004572078897
3280	0.003104747451
3281	5.94283556e-05
3282	0.009985647899
3283	0.002603395184
3284	0.001219076414
3285	0.00651323293
3286	0.004092887975
3287	0.002401401805
3288	0.003940811445
3289	0.000732194721
3290	0.001050178977
3291	0.002916113649
3292	0.00286765933
3293	0.00156908497
3294	0.004456380119
3295	0.0008867256937
3296	0.001179904569
3297	0.002338096154
3298	0.002076204723
3299	0.002517849017
3300	0.006707489864
3301	0.002881768065
3302	0.003614829968
3303	0.001562922899
3304	0.000299787326
3305	0.001460682708
3306	0.002402065099
3307	0.0008306136966
3308	0.002705687019
3309	0.0007073678191
3310	0.001212082491
3311	0.002878010777
3312	0.0004281341868
3313	0.0008781878469
3314	0.005338340043
3315	0.009240857165
3316	0.005519692706
3317	0.00149791201
3318	0.008566475606
3319	0.0002425494968
3320	0.0001257871363
3321	0.002630974262
3322	0.005736033293
3323	0.00561230301
3324	0.0004919150126
3325	0.000457151239
3326	0.0007574797284
3327	0.003300970416
3328	0.01045229629
3329	0.001708522712
3330	0.006136202701
3331	0.001632463526
3332	0.0005539776539
3333	0.006994788118
3334	0.001529656888
3335	0.0002007765982
3336	0.00260026455
3337	0.001906073497
3338	6.02803664e-05
3339	0.002705390356
3340	0.002149059026
3341	0.0004714163794
3342	0.001258365782
3343	0.01135569371
3344	0.002842262625
3345	0.003564608063
3346	0.0002633560806
3347	0.0001228473347
3348	0.001267064415
3349	0.001310290073
3350	0.001369461177
3351	0.001583508841
3352	0.00186286729
3353	0.001790128252
3354	0.003065243564
3355	0.005227049944
3356	0.0002976802954
3357	0.0001223433243
3358	0.0001223433243
3359	0
3360	0.001876419388
3361	0.008703300854
3362	0.006443159221
3363	0.005210208444
3364	0.008259020651
3365	0.003811636686
3366	0.002768994984
3367	0.002224443446
3368	0.0017494557
3369	0.00263083781
3370	0.001184148769
3371	0.005232881203
3372	0.001484883747
3373	0.003246384297
3374	0.0004044265264
3375	0.002229660769
3376	0.001205184544
3377	0.0002372228996
3378	0.002218636236
3379	0.0001589284536
3380	0.002663920186
3381	0.002417364114
3382	0.00696082155
3383	0.002750631285
3384	0.003416619339
3385	0.004543620002
3386	0.005307415008
3387	0.0008993188011
3388	0.0001008174387
3389	0.003027560889
3390	0.001696535233
3391	0.0006944208453
3392	0.004616141909
3393	0.002099356612
3394	0.001160931871
3395	0.0002952997275
3396	0.006334046697
3397	5.081743869e-05
3398	0.0001144414169
3399	0.001297346209
3400	0.0007677531528
3401	0.001839808981
3402	0.009611830783
3403	0.002698846782
3404	0.007819229431
3405	0.004147365715
3406	0.001015589903
3407	0.00417967165
3408	0.001916795798
3409	0.006491155029
3410	0.005589604796
3411	0.02103080676
3412	0.004344380234
3413	0.0003984819267
3414	0.002152608172
3415	0.003491015998
3416	0.0005986790746
3417	0.001816412331
3418	2.49070989e-05
3419	0.009627195371
3420	0.003920487667
3421	0.003392173042
3422	0.009281352222
3423	0.002121444143
3424	0.001859559347
3425	0.002240474114
3426	0.0006469181705
3427	0.002275394011
3428	0.002593322325
3429	0.002777790046
3430	0.001409504801
3431	0.001219553582
3432	0.008058171589
3433	0.007152280661
3434	0.0006459668159
3435	0.0001468178193
3436	0.001246291131
3437	0.001911626875
3438	0.003101129932
3439	0.002576487462
3440	0.004529107804
3441	0.002244258984
3442	0.005505655862
3443	0.001195789358
3444	0.0001222803321
3445	0.001970951604
3446	0.002083688688
3447	0.004612670244
3448	0.004066192461
3449	0.0002818802958
3450	0.005592675326
3451	0.000522246021
3452	0.000969360076
3453	0.005599448203
3454	0.005167698806
3455	0.002020288643
3456	0.003947837368
3457	0.004897019072
3458	0.004134175717
3459	0.0007392063428
3460	0.006258131196
3461	0.00321098003
3462	0.0009466192903
3463	0.0003333469119
3464	0.0009894544266
3465	0.001702809849
3466	0.003023844739
3467	0.001235361322
3468	0.003888462471
3469	0.001226850386
3470	0.008698892243
3471	0.003460815739
3472	0.001382462814
3473	0.002863665066
3474	6.539509537e-06
3475	6.539509537e-06
3476	0.0007052906449
3477	0.0003303257066
3478	0.002176181348
3479	0.001810220941
3480	0.001086344221
3481	0.00138158204
3482	0.01053773212
3483	0.001449242156
3484	0.0002573275094
3485	0.001364329789
3486	0.001106293086
3487	0.000108719346
3488	0.000108719346
3489	0.006110765227
3490	9.073569482e-05
3491	0.0001618528611
3492	0.002989020362
3493	0.002132060688
3494	0.002974938241
3495	0.0005384644701
3496	0.001955061352
3497	0.00386484122
3498	0.002398787098
3499	0.002595958866
3500	0.008145961223
3501	8.771850598e-05
3502	0.009112303972
3503	0.001265427474
3504	0.01713277439
3505	4.08719346e-06
3506	4.08719346e-06
3507	0.001066584294
3508	0.006812097279
3509	0.002861090201
3510	0.002988956957
3511	0.0006494987174
3512	0.001913231184
3513	0.003114271281
3514	0.001184322225
3515	0.0005770321216
3516	0.001147803924
3517	0.002677825542
3518	0.002631298461
3519	0.003000818952
3520	0.001475254164
3521	0.001632281543
3522	0.00245712896
3523	0.0005242313567
3524	0.002681631684
3525	0.001276873911
3526	0.002227760064
3527	0.006774491386
3528	0.001270026973
3529	0.0003701529207
3530	0.003003399619
3531	0.002706187093
3532	0.0009695613429
3533	0.0002520635447
3534	0.001115587896
3535	0.005077378087
3536	0.007047195669
3537	0.0002091961853
3538	0.007908038974
3539	0.0004572576693
3540	0.001909537564
3541	0.006071206534
3542	0.002286394087
3543	0.0002544877918
3544	0.0002151907357
3545	0.001867577924
3546	0.003988027024
3547	0.006042369825
3548	0.001717099255
3549	0.001101888855
3550	0.0001855178752
3551	0.001252222445
3552	0.01548452256
3553	0.01123531569
3554	0.00780950492
3555	0.005203977811
3556	0.002459414493
3557	0.000747110336
3558	0.0004685879253
3559	0.0005881715697
3560	0.002167312571
3561	0.00028438948
3562	0.001311987904
3563	0.002040256277
3564	0.01111022965
3565	0.005734551616
3566	0.002514943137
3567	0.0005192909554
3568	7.852067863e-05
3569	0.001560419948
3570	0.002980027306
3571	0.002222898774
3572	0.001099954019
3573	0.003149017012
3574	0.0009271117166
3575	7.302452316e-05
3576	0.001024630695
3577	0.001718991465
3578	0.001808172457
3579	0.006035177954
3580	0.003064133441
3581	0.006433373265
3582	0.002964464305
3583	0.00434327576
3584	0.001286076951
3585	0.002473454466
3586	0.008566272258
3587	0.002770309488
3588	0.0001784793437
3589	0.0005642690504
3590	0.003714227633
3591	0.004590565445
3592	0.0003845481826
3593	0.00232193524
3594	0.000204542312
3595	0.0003947614656
3596	0.001304477348
3597	0.003691965727
3598	0.009814909436
3599	0.008641184028
3600	0.0029076555
3601	0.004582628906
3602	0.0008724365657
3603	0.0001786103542
3604	0.005861513977
3605	4.16893733e-05
3606	4.16893733e-05
3607	0.001243375327
3608	0.0001504280745
3609	0.002082369137
3610	0.003759229707
3611	0.009793143184
3612	0.0005626855178
3613	0.003146862195
3614	0.002878008221
3615	0.002257361435
3616	0.001207697548
3617	0.008417051916
3618	0.001088721748
3619	0.002352243314
3620	0.003425266328
3621	0.002189794991
3622	0.002388110481
3623	0.003284783671
3624	0.002403056663
3625	0.0009140456147
3626	0.00121423435
3627	0.001242973785
3628	0.001324384247
3629	0.0025305031
3630	0.002094675279
3631	0.004841994921
3632	0.002708004172
3633	0.001308248066
3634	0.002070234715
3635	0.001392585545
3636	0.001587836946
3637	2.815106997e-05
3638	1.056344146e-05
3639	0.001948941453
3640	0.0008782557158
3641	0.002350883255
3642	0.003102043272
3643	0.0003018569776
3644	0.008010518585
3645	0.0007053535245
3646	0.006307923022
3647	0.004740867798
3648	0.0004282299296
3649	0.004980122732
3650	0.0001430138318
3651	0.001927556914
3652	0.003715755512
3653	0.0001471389646
3654	0.0008877784897
3655	0.0008227293369
3656	0.00597042081
3657	0.0009868341867
3658	0.003212210981
3659	0.0001351498638
3660	0.0001351498638
3661	0.004261563872
3662	0.009024771172
3663	0.001446552976
3664	0.0001124026205
3665	0.001813245785
3666	0.0008723513128
3667	0.003734982676
3668	3.133514986e-05
3669	0.0009742540752
3670	3.542234332e-06
3671	0.0006796453123
3672	0.007715323077
3673	0.000158256987
3674	0.002688336569
3675	0.006599168747
3676	0.0005165281628
3677	0.001133298461
3678	0.006639436952
3679	0.0007428854684
3680	0.0008365322102
3681	0.0005019449583
3682	0.0002160713909
3683	0.002248477008
3684	8.310626703e-05
3685	0.001169232454
3686	0.003844231879
3687	0.001175321855
3688	0.00206170466
3689	0.0003232531587
3690	8.465031789e-05
3691	0.002429317254
3692	0.001391347
3693	0.005052657498
3694	0.00752933636
3695	0.005303055377
3696	0.0007247979526
3697	0.002130092124
3698	0.001011898209
3699	0.002531538764
3700	0.001546022288
3701	0.003220986882
3702	0.002650364479
3703	0.005981365388
3704	0.006174316016
3705	0.001631223988
3706	0.000476837025
3707	0.005502356739
3708	0.0005382114434
3709	0.002435713546
3710	0.0003168152937
3711	0.001753803273
3712	0.003120230253
3713	0.008260913286
3714	0.002374836018
3715	0.0100192661
3716	0.003784452986
3717	0.008117224348
3718	0.0119999277
3719	0.008356296027
3720	0.0008986139405
3721	0.0008038333653
3722	0.002448584382
3723	0.004134421748
3724	0.000821567211
3725	0.0009674368482
3726	5.558583106e-05
3727	5.286103542e-05
3728	0.0001005449591
3729	0.0001005449591
3730	0.0001086513312
3731	0.001342953616
3732	0.0009492909034
3733	0.002989783088
3734	0.007875494141
3735	0.006423475947
3736	0.0003318518203
3737	0.004105350319
3738	0.00203203863
3739	0.000291893733
3740	0.003915002814
3741	0.002889561623
3742	0.001522187077
3743	0.002703329998
3744	0.01004825903
3745	0.0003200149962
3746	0.007088358213
3747	0.001802682416
3748	0.000116893733
3749	0.0001196185286
3750	0.006737197327
3751	2.997275204e-05
3752	0.004524740213
3753	0.0007399581006
3754	0.002523593996
3755	0.0005565854438
3756	0.008227932796
3757	0.0137485652
3758	0.006233546085
3759	0.004340631198
3760	0.002270252767
3761	0.002743436078
3762	0.0009272514256
3763	0.003222791269
3764	0.007224368082
3765	0.007059935192
3766	3.960458342e-05
3767	0.0002822746566
3768	0.00106766745
3769	0.004105981875
3770	1.989100817e-05
3771	1.989100817e-05
3772	0.001932408472
3773	0.001945694897
3774	0.007409072103
3775	0.003149978305
3776	0.0001539509537
3777	3.923705722e-05
3778	4.196185286e-05
3779	0.0003386604455
3780	4.584748426e-05
3781	0.0006190647677
3782	0.002650870778
3783	0.0003405426213
3784	0.0009282815961
3785	0.0005372325729
3786	0.005408309475
3787	0.002326687599
3788	4.577656676e-05
3789	4.577656676e-05
3790	0.004193801752
3791	0.007821335017
3792	0.01098090597
3793	0.001790211176
3794	0.0004149510401
3795	0.00101629063
3796	0.003207001577
3797	0.0124195572
3798	0.003995382382
3799	0.0007106775219
3800	0.002407516257
3801	0.0004310643928
3802	0.005170523581
3803	0.0002177062782
3804	0.002451047236
3805	0.0002072207084
3806	0.0004882895846
3807	0.002332378801
3808	0.0005447396773
3809	0.002215702028
3810	0.007179228214
3811	0.002783194357
3812	0.0008513636753
3813	0.004662200298
3814	0.008442306521
3815	0.004571410385
3816	2.479564033e-05
3817	5.767484105e-06
3818	0.002181557628
3819	0.005590976044
3820	0.0001789928504
3821	0.00361909975
3822	0.0001725107655
3823	0.002534076458
3824	0.004146261716
3825	0.002162802523
3826	0.001357725357
3827	0.003737180773
3828	0.004674905165
3829	0.001407431436
3830	0.0003112725906
3831	0.0008142516253
3832	0.001254387517
3833	0.001662105887
3834	0.01560231865
3835	0.0003405406814
3836	0.000581316688
3837	0.0001111716622
3838	0.0001138964578
3839	0.0004463272329
3840	0.001375703257
3841	0.003076709052
3842	0.01534974366
3843	0.007222673197
3844	0.003869139511
3845	0.00118428498
3846	0.002325158007
3847	0.00138092683
3848	0.001076412655
3849	0.005092546066
3850	0.0006877813416
3851	0.001234637805
3852	0.004123818417
3853	0.0006133418568
3854	0.001240495466
3855	0.00898347755
3856	0.004445488911
3857	0.00368087039
3858	0.001177470766
3859	0.003149741053
3860	0.001852949135
3861	0.003765196161
3862	0.003069860491
3863	0.003982485891
3864	0.002246887179
3865	0.001708259782
3866	0.000764557641
3867	0.003965450176
3868	0.0008389559629
3869	0.003364694575
3870	0.004214049496
3871	0.002784512859
3872	0.0005045861029
3873	8.174386921e-07
3874	0.001281035914
3875	0.008014040592
3876	0.009759440885
3877	0.003127141992
3878	0.006143209289
3879	0.002216559701
3880	7.970027248e-05
3881	0.004674472951
3882	0.0002037238874
3883	0.001699992363
3884	0.0003332570376
3885	0.002922276121
3886	0.003977059091
3887	0.002178795008
3888	0.003815662107
3889	0.0005408265214
3890	0.0006327866707
3891	3.549082895e-05
3892	0.002350886671
3893	0.000507421016
3894	0.003256432824
3895	0.0005528815754
3896	0.003943286257
3897	0.004861784944
3898	4.632152589e-05
3899	6.866485014e-05
3900	0.002709101114
3901	0.0002629467847
3902	0.005349694865
3903	0.002133782384
3904	0.003838585771
3905	0.0003892736006
3906	0.0004484295484
3907	0.002300826701
3908	0.0009927556411
3909	0.003533209312
3910	0.004406089198
3911	5.340599455e-05
3912	5.340599455e-05
3913	0.002398658521
3914	0.007045717669
3915	0.0001998242669
3916	0.003689517387
3917	0.0003104223433
3918	0.004037309549
3919	0.004444035769
3920	0.005385251596
3921	0.004369453844
3922	0.002508034658
3923	0.00293023023
3924	0.0002589273157
3925	0.0002235694823
3926	0.00173764508
3927	0.003900341704
3928	0.0003297683924
3929	0.004424304307
3930	0.004428774827
3931	0.005547140987
3932	0.0003683469573
3933	0.001252470141
3934	0.0001341027841
3935	0.0003502724795
3936	0.0006002494942
3937	0.001282311522
3938	0.002294957678
3939	0.005800548031
3940	0.000285013624
3941	0.005779029096
3942	0.003258161771
3943	0.00475408223
3944	0.00492776214
3945	0.001447752974
3946	6.341870491e-05
3947	0.005107554135
3948	0.00345048444
3949	0.001509795762
3950	0.0009482771591
3951	0.004130063126
3952	0.004020387475
3953	0.001282209338
3954	0.0005000802104
3955	0.0009349668983
3956	0.002690931063
3957	0.00104084363
3958	0.0005979381356
3959	0.006744065495
3960	0.006633767679
3961	0.004553420096
3962	0.0005391444052
3963	0.00207819555
3964	0.0004587673516
3965	4.08719346e-07
3966	0.0001065395095
3967	0.001259193956
3968	0.00948424066
3969	9.488909283e-05
3970	0.001520364635
3971	0.002584365652
3972	0.006540705151
3973	0.0008423115734
3974	0.0012016533
3975	0.005070071185
3976	0.001754846008
3977	0.0001182561308
3978	0.0001182561308
3979	0.001982817359
3980	0.001251256925
3981	5.812897369e-05
3982	0.0002105812897
3983	0.0005212079422
3984	0.001019567967
3985	0.0004853426265
3986	0.002124187926
3987	0.0006328339087
3988	0.006464303974
3989	0.01014189203
3990	0.001324078481
3991	0.001667578505
3992	0.003783813468
3993	0.001052447302
3994	0.0002088746327
3995	1.183212601e-05
3996	0.001094418422
3997	0.002072078567
3998	0.001246433387
3999	0.001183751537
4000	0.003869630732
4001	0.001913619956
4002	0.001210396359
4003	0.0002793507337
4004	2.259154406e-05
4005	0.00371666488
4006	0.004696592893
4007	0.002374625245
4008	0.0001466983279
4009	0.001021592123
4010	0.004319731337
4011	0.001145451903
4012	0.0002836464091
4013	0.004162219547
4014	0.003758936124
4015	4.427792916e-05
4016	0.0001321525886
4017	0.0005560326534
4018	0.001028264785
4019	0.001241085729
4020	0.003458753008
4021	0.001170980435
4022	0.002940267699
4023	6.103579993e-05
4024	0.001389143549
4025	0.0004095709375
4026	0.0003083787466
4027	0.0006758855586
4028	0.001985093809
4029	0.002168920737
4030	0.005772413154
4031	0.001646645179
4032	0.006808790642
4033	0.0003003017926
4034	0.006063852155
4035	0.003480005126
4036	0.0003522778916
4037	0.002104024145
4038	0.0002960357024
4039	0.002348307967
4040	0.004637783184
4041	4.694153327e-05
4042	0.001289965018
4043	0.002920127734
4044	0.001106779931
4045	0.003261351738
4046	0.0009615993344
4047	0.006874384029
4048	0.002956311649
4049	4.386920981e-05
4050	7.792915531e-05
4051	0.004666774014
4052	0.007948469817
4053	0.007076677968
4054	0.001404924202
4055	0.004186740968
4056	0.002036263719
4057	0.0002458638971
4058	0.0008271769404
4059	0.0008090601836
4060	0.003020756221
4061	0.002087417429
4062	0.003480248429
4063	0.004615459156
4064	0.002985688622
4065	0.007276773368
4066	0.003452350472
4067	0.002464106535
4068	0.0005957264467
4069	0.0011125625
4070	0.001170433732
4071	0.002416395877
4072	0.001705226983
4073	0.0004791457613
4074	0.00139193148
4075	0.006307479093
4076	0.002578282665
4077	0.0001092930017
4078	0.002115786017
4079	0.002393895555
4080	0.004723351638
4081	0.01691029202
4082	7.057220708e-05
4083	7.057220708e-05
4084	0.01340585104
4085	0.003248726183
4086	0.001603197669
4087	0.006081058399
4088	0.001645134552
4089	0.002930170102
4090	0.01120925045
4091	0.006025203293
4092	0.0009927397953
4093	0.0001954672035
4094	0.0006899466255
4095	0.002219241824
4096	0.006390190897
4097	0.0007283014739
4098	0.00380486866
4099	0.006135343382
4100	0.005243383514
4101	0.0001261580381
4102	0.0001713896458
4103	0.005711501364
4104	0.005183184722
4105	1.321525886e-05
4106	3.705722071e-05
4107	0.006440427085
4108	0.003109721506
4109	0.000740336463
4110	0.002001569026
4111	0.00176348323
4112	0.004229531381
4113	0.0005012931822
4114	0.005253378765
4115	0.002598207856
4116	0.004918232346
4117	0.003610922952
4118	0.000324395997
4119	0.003659151381
4120	0.01080793522
4121	1.171662125e-05
4122	0.001169619757
4123	0.0005105265767
4124	0.006047618113
4125	0.004513429041
4126	0.004862699855
4127	0.00247295089
4128	0.001470852291
4129	0.002996663991
4130	0.006594524796
4131	0.00499094457
4132	0.004411354891
4133	0.002687978678
4134	0.00020760036
4135	0.00791353524
4136	0.004202461649
4137	0.0005234311578
4138	0.001963638656
4139	0.005170676973
4140	0.002986069628
4141	0.002327621337
4142	0.003187666065
4143	0.003342144483
4144	0.002726880145
4145	0.00385143292
4146	0.002713686008
4147	0.002193078169
4148	0.001969183136
4149	0.004801726079
4150	6.722770149e-05
4151	0.0006970390283
4152	0.001992665352
4153	0.005619901736
4154	0.0009067911564
4155	0.001664216467
4156	0.004080672934
4157	0.001542569315
4158	0.000462455178
4159	0.0008186362719
4160	0.005000528474
4161	0.001004475253
4162	0.003984599067
4163	0.003770802084
4164	0.0004725026883
4165	0.0001130790191
4166	0.0001130790191
4167	0.00237805573
4168	0.002917096304
4169	0.004970179653
4170	0.008331684334
4171	0.005499827147
4172	0.003927277859
4173	0.0005739493857
4174	3.242506812e-05
4175	9.019073569e-05
4176	0.0001267029973
4177	0.0001945504087
4178	0.0008367857307
4179	0.0004726512434
4180	0.0006619167874
4181	0.00400972199
4182	0.003343525289
4183	0.00181662194
4184	0.003127366638
4185	0.0003082425068
4186	0.003517134876
4187	0.0004155313352
4188	0.002274060646
4189	0.001121604636
4190	0.002236746404
4191	8.610354223e-05
4192	8.882833787e-05
4193	0.006954910931
4194	0.005304231304
4195	0.0008423289114
4196	0.006513178662
4197	0.00268935767
4198	0.001316987471
4199	0.0005198468716
4200	0.001160321224
4201	0.003862660994
4202	0.005522063796
4203	0.00602550391
4204	0.0001016132941
4205	0.0002521223495
4206	0.002121782689
4207	0.006786138127
4208	0.015287639
4209	0.0008686546157
4210	0.001269565949
4211	0.0007585756209
4212	0.005821376356
4213	0.00239688559
4214	0.0006577908821
4215	0.00303967693
4216	0.0009114117654
4217	0.0003401024661
4218	0.000176700036
4219	0.0008538553062
4220	0.002629884891
4221	0.003682847988
4222	0.01035893752
4223	0.0003634044425
4224	0.0001620012787
4225	0.002506024531
4226	0.0004911102338
4227	0.001132446256
4228	0.006445317229
4229	0.0006684606296
4230	0.0001352151487
4231	0.001617520379
4232	0.0006670485441
4233	0.00220253041
4234	0.0006984559492
4235	0.0003909870768
4236	0.004402380756
4237	0.00224334839
4238	0.01013135741
4239	0.01104366119
4240	0.01030558225
4241	0.003797617041
4242	0.00165120876
4243	0.0002589237057
4244	0.001260963696
4245	0.002283312468
4246	0.002744155462
4247	0.002285101012
4248	0.00145460953
4249	0.003666987031
4250	0.004444141078
4251	0.0007423967259
4252	0.001478157549
4253	0.007860900922
4254	0.0009360286118
4255	0.0001722070845
4256	0.0001320163488
4257	0.001030106462
4258	0.002658115804
4259	0.007400803281
4260	0.003285792477
4261	0.002177703723
4262	0.002433200342
4263	0.00274640784
4264	0.002276042637
4265	0.001810559434
4266	0.001348631198
4267	0.000988852512
4268	0.004536936768
4269	0.001858298677
4270	0.001338547949
4271	0.002803806607
4272	0.002829594748
4273	0.001125146694
4274	0.007954275172
4275	0.001596153311
4276	2.234332425e-05
4277	0.001574696622
4278	0.003347438846
4279	0.0001090644868
4280	0.003999357201
4281	0.0004398096122
4282	0.009252778058
4283	0.001843790439
4284	0.00621405797
4285	0.002522430266
4286	0.004169480398
4287	0.0007630774232
4288	0.001923855939
4289	0.001335490463
4290	0.0007565395096
4291	0.001083350812
4292	6.371249795e-05
4293	0.001985524015
4294	0.01135647466
4295	0.001436690584
4296	0.0004384600938
4297	0.0001846290613
4298	0.005432118304
4299	0.0009471389646
4300	0.005491901485
4301	0.0007889902077
4302	0.002837424327
4303	0.004172798179
4304	0.001765827613
4305	0.001496259996
4306	0.001260034782
4307	0.001176411429
4308	0.005995723985
4309	0.0003841426627
4310	0.009494646513
4311	0.007119719747
4312	0.0007105807089
4313	0.008633422152
4314	0.0002259763851
4315	0.006271665921
4316	0.001091022847
4317	0.002905806204
4318	0.0009349141884
4319	0.001883485168
4320	0.002117542821
4321	0.004549674616
4322	0.005180132303
4323	0.0006521317742
4324	0.0001507170495
4325	0.003312776275
4326	0.0005789362009
4327	0.005444766363
4328	0.01180133499
4329	0.007290878909
4330	0.001845011054
4331	9.843892357e-05
4332	0.001645671441
4333	0.001667889748
4334	0.001958567438
4335	0.002726137158
4336	0.005591047508
4337	0.001683951503
4338	0.00619371946
4339	0.01096988995
4340	0.00400457569
4341	0.0036485581
4342	0.005984039065
4343	0.005664532369
4344	0.001477569576
4345	0.006891023219
4346	0.0005288830201
4347	0.007555775579
4348	0.01874978327
4349	0.001726222767
4350	0.003810163567
4351	0.0006741389019
4352	0.008443730167
4353	0.003778986306
4354	0.0007489130923
4355	3.752611434e-05
4356	0.00534532911
4357	0.0009577029772
4358	0.001034620108
4359	0.003209074111
4360	0.004026226713
4361	0.001443179015
4362	0.001113109051
4363	0.002773793206
4364	0.0003086565903
4365	0.004352057885
4366	0.01332101345
4367	0.004982580268
4368	0.001524181878
4369	8.201634877e-05
4370	8.201634877e-05
4371	8.569482289e-05
4372	0.0007840599455
4373	0.0001197547684
4374	0.001305602111
4375	0.001705187998
4376	0.003505899957
4377	0.008111255385
4378	0.002601323613
4379	0.002729918971
4380	0.00109993188
4381	7.392546911e-05
4382	0.003056834669
4383	0.004571960897
4384	0.002787909381
4385	0.002240042671
4386	0.0003408946413
4387	0.001769563822
4388	0.0006204417533
4389	0.001984428738
4390	0.008368383897
4391	0.004184343217
4392	0.001245856537
4393	0.001001996497
4394	0.0001371632452
4395	0.001569530405
4396	0.002298696744
4397	0.002351423367
4398	0.002059461515
4399	0.002582350162
4400	0.001066396512
4401	0.0005493463201
4402	0.0005717529519
4403	0.0006240690282
4404	0.003141690203
4405	1.097577689e-06
4406	0.006247975704
4407	0.00535128275
4408	0.006429858814
4409	0.004197264626
4410	0.002828618998
4411	0.004676350414
4412	0.00864361164
4413	0.003250518042
4414	0.005005064872
4415	0.003541426019
4416	0.003511281035
4417	0.0005205513473
4418	0.002360227524
4419	0.003035364896
4420	0.0009832099623
4421	1.171662125e-05
4422	0.004324177223
4423	0.002646328759
4424	0.002746153335
4425	0.001153402022
4426	4.455179559e-05
4427	0.001029078981
4428	0.002576205366
4429	0.002269158736
4430	0.008557351541
4431	0.009431524979
4432	0.003573732563
4433	0.009962087981
4434	0.009404391267
4435	0.0001896457766
4436	0.0002649182561
4437	0.004338770279
4438	0.001529197257
4439	0.002819942062
4440	0.0007280664398
4441	0.0001886519355
4442	0.002270287295
4443	0.003847213409
4444	0.0003643856594
4445	0.009248861291
4446	0.00264217172
4447	0.001282273647
4448	0.0006766950563
4449	0.004139276041
4450	6.002059155e-05
4451	0.0001910081744
4452	0.002851421089
4453	0.001380202591
4454	7.683923706e-05
4455	7.683923706e-05
4456	0.00442135817
4457	0.006017164845
4458	0.001406163964
4459	0.0002877047589
4460	0.001162982485
4461	0.007097904033
4462	0.01306565901
4463	0.002458905921
4464	0.003288005838
4465	0.00205444227
4466	0.002716600268
4467	0.006344123837
4468	0.0003753447412
4469	0.002025369116
4470	0.006567443289
4471	0.003145759768
4472	0.002997027709
4473	0.0004450851621
4474	0.00922498454
4475	0.008282572049
4476	0.002070807083
4477	0.008323270368
4478	0.008726149873
4479	0.003516685569
4480	0.006579214055
4481	0.0002509551506
4482	0.001957540238
4483	1.74386921e-05
4484	1.74386921e-05
4485	0.0001191932415
4486	0.0009305971218
4487	0.001913433046
4488	0.006000257504
4489	0.003944336818
4490	0.003281302243
4491	0.002158076531
4492	0.0008499185686
4493	0.002971039449
4494	0.007206622684
4495	0.003349612242
4496	0.000975762095
4497	0.0008902983023
4498	0.00032033828
4499	0.0003157073673
4500	0.0006716405862
4501	0.0006827331704
4502	0.003558163139
4503	0.001731399771
4504	0.003618790132
4505	5.803814714e-05
4506	6.076294278e-05
4507	0.0003003166322
4508	0.004403051995
4509	0.00379364836
4510	0.0005932998447
4511	0.0009781640887
4512	0.006666145606
4513	0.00381462735
4514	0.004687677831
4515	2.437883457e-06
4516	6.634877384e-05
4517	0.002476041365
4518	0.001427014768
4519	0.006149364654
4520	0.00189617016
4521	0.006979969127
4522	0.001535408342
4523	0.002635206585
4524	0.002411087997
4525	0.0008746306431
4526	0.00416296715
4527	0.003128339457
4528	0.002082050932
4529	0.002051390445
4530	0.006662376198
4531	0.001218027092
4532	0.001976539521
4533	0.004570611081
4534	0.003951578791
4535	0.0004101671434
4536	0.0004271798365
4537	0.00568465223
4538	0.01078875832
4539	0.001530384465
4540	5.262755522e-05
4541	0.0005643050994
4542	0.003647673455
4543	0.002148200377
4544	0.004113210888
4545	0.00265417702
4546	0.003086708304
4547	0.003725437973
4548	0.009735306142
4549	0.000690130049
4550	0.002151397888
4551	0.001055468464
4552	0.00540354902
4553	0.004925826267
4554	0.002062452521
4555	0.001159441198
4556	0.0008405927238
4557	0.0007855463795
4558	0.001418416873
4559	0.00211243837
4560	0.0005126408714
4561	9.598092641e-05
4562	0.002548612244
4563	2.970027248e-05
4564	2.970027248e-05
4565	0.001136392704
4566	0.0008909990796
4567	0.005108826544
4568	0.005393661522
4569	0.005922761703
4570	0.003250561619
4571	0.002829248438
4572	0.004543634203
4573	0.005795604937
4574	0.0013483387
4575	0.001215212654
4576	0.005175720932
4577	0.003360391562
4578	0.001558637059
4579	0.0008670929684
4580	0.0009995613976
4581	0.005791898093
4582	0.01003820886
4583	0.0005845948636
4584	0.0007790543481
4585	0.002721439745
4586	0.0024176878
4587	0.0030313069
4588	7.125340599e-05
4589	0.002083598247
4590	0.01159540183
4591	0.001492203658
4592	0.002975658955
4593	0.001288519955
4594	0.006438498907
4595	0.003156120812
4596	0.0002975635334
4597	0.01174692602
4598	0.00339531018
4599	0.0009474542547
4600	0.001944056315
4601	0.002320903873
4602	0.001019096276
4603	0.0001516388288
4604	0.0008623978202
4605	0.0043936193
4606	0.001089581959
4607	0.001896439338
4608	0.001480309751
4609	0.001035918071
4610	0.00151341139
4611	0.002272417768
4612	0.0004920464336
4613	0.00406013514
4614	0.005852310861
4615	0.01284293884
4616	0.000770841105
4617	0.002787535771
4618	0.0002701747176
4619	0.008106733708
4620	0.0001848034285
4621	0.001250996154
4622	0.0005867480589
4623	0.004351730954
4624	0.000132698663
4625	0.00562071566
4626	0.003895056504
4627	0.0003672173811
4628	0.002509019424
4629	0.0047105584
4630	0.000220390554
4631	0.001129513036
4632	0.0009639979717
4633	3.074751658e-05
4634	0.006045531874
4635	0.000121253406
4636	0.000121253406
4637	0.004515718706
4638	0.006103261675
4639	0.001017124444
4640	0.002977788479
4641	0.0004169618529
4642	7.356948229e-05
4643	7.356948229e-05
4644	0.0004933841585
4645	0.00584491154
4646	0.0001114476063
4647	0.0009096730245
4648	0.0009096730245
4649	0.003847392948
4650	0.0003567467118
4651	0.000404395698
4652	0.003266421391
4653	0.00812591625
4654	0.006482299344
4655	0.001465446993
4656	9.145586731e-05
4657	0.0003289274313
4658	0.0003575445972
4659	0.002617857565
4660	0.001536801941
4661	0.007389298045
4662	0.001632917717
4663	0.001451735134
4664	0.0006267135937
4665	0.0003235013624
4666	0.003245322848
4667	0.002198589393
4668	0.0003728421371
4669	0.001519207626
4670	0.002378353254
4671	0.004962795509
4672	0.00245629102
4673	0.003122575065
4674	0.001872706682
4675	0.0124052576
4676	0.0007911783645
4677	0.005044247195
4678	0.001891989718
4679	0.002105129185
4680	0.009484602257
4681	0.004434573332
4682	0.0001590037095
4683	0.002343778383
4684	0.003021088656
4685	0.009109452502
4686	0.001337098454
4687	0.001326087785
4688	0.002094589122
4689	0.001120836114
4690	0.003225046859
4691	5.855665326e-05
4692	0.00746497702
4693	0.0003472074748
4694	0.004127632593
4695	0.001459137576
4696	0.003270025081
4697	0.0002546182758
4698	0.000505645749
4699	0.01287311981
4700	0.003978451482
4701	0.003129251939
4702	0.00200658732
4703	0.0004006564707
4704	0.0001307418915
4705	0.001806929876
4706	0.006310616106
4707	0.0001616485014
4708	0.009861093642
4709	0.00113299524
4710	0.00241338164
4711	0.002156940939
4712	0.001416568008
4713	0.001143010214
4714	0.0005549860142
4715	0.002414207954
4716	0.00315263158
4717	0.007932124111
4718	0.007293648817
4719	0.002526300938
4720	0.004269152241
4721	6.573808226e-05
4722	0.002808227419
4723	4.713896458e-05
4724	0.001627477786
4725	0.0008590479071
4726	0.002293519906
4727	0.003777959662
4728	0.003013014194
4729	0.0003059945504
4730	0.0008913663871
4731	0.009390681066
4732	0.006278264256
4733	0.008863274313
4734	0.00210840045
4735	0.0001434604905
4736	0.0002006811989
4737	0.002794335961
4738	0.008631322768
4739	2.279634115e-05
4740	0.0003195243022
4741	0.001485682676
4742	0.001556682129
4743	0.003105565667
4744	0.001017989376
4745	0.003030753131
4746	0.001239554409
4747	0.004892545344
4748	0.0005451994087
4749	1.979906858e-05
4750	0.001160798554
4751	5.084014532e-05
4752	0.000820824125
4753	0.001061226822
4754	0.009487849404
4755	0.001501444174
4756	0.001658673356
4757	0.0001881471389
4758	0.0001299065219
4759	0.000951907357
4760	4.550408719e-05
4761	0.005221782475
4762	0.003747594063
4763	0.001277747285
4764	0.004674633075
4765	0.00345258299
4766	0.001037202438
4767	0.003804842566
4768	0.001799807032
4769	0.00137336437
4770	0.002366310952
4771	0.005168828501
4772	0.004196650009
4773	0.004363122804
4774	0.001804165021
4775	0.01266897824
4776	0.002131322678
4777	0.01058124739
4778	0.002657531574
4779	0.006551922745
4780	0.000503099649
4781	0.0001083106267
4782	0.003759055122
4783	0.004168825507
4784	0.00616375308
4785	0.006967873771
4786	0.00355449452
4787	0.001305243988
4788	0.006420691982
4789	0.00864158512
4790	0.005362298448
4791	0.001600062244
4792	0.001209722924
4793	0.004263275198
4794	0.007253381465
4795	0.009541138557
4796	0.00199283237
4797	0.00520927569
4798	0.001447275656
4799	0.005439618846
4800	0.001423089918
4801	0.004660079654
4802	0.002008872492
4803	3.514986376e-05
4804	0.002447422958
4805	0.003036646854
4806	0.001051018902
4807	0.001622357921
4808	0.001139877046
4809	0.0005675483398
4810	0.0002871485644
4811	0.002529385428
4812	0.004707974436
4813	0.0008200780262
4814	8.152827988e-05
4815	0.002717846772
4816	0.0006397880444
4817	2.430885993e-06
4818	0.0005675981451
4819	0.001278381277
4820	0.009348934798
4821	7.643051771e-05
4822	0.0002711171662
4823	0.001315368309
4824	0.0004605281126
4825	0.007160400142
4826	0.0006986599532
4827	0.000276475931
4828	9.574911745e-06
4829	0.006714460088
4830	0.009781723924
4831	1.784741144e-05
4832	2.683923706e-05
4833	2.329700272e-05
4834	0.0001485013624
4835	0.007727432726
4836	0.001631915186
4837	0.001802462158
4838	0.0002202997275
4839	0.00220495852
4840	0.003605968876
4841	0.006370959911
4842	0.01311040049
4843	0.003467001721
4844	0.00150470417
4845	0.001827545056
4846	0.0005524070146
4847	0.006202168614
4848	0.002893992923
4849	0.0003063106242
4850	0.005057842411
4851	0.001144721095
4852	0.001790129847
4853	0.0006599687039
4854	0.0004411027854
4855	0.001743470047
4856	4.054956897e-05
4857	0.00404718786
4858	0.001358011034
4859	0.001049632033
4860	0.002800458968
4861	0.005898659651
4862	0.00195482998
4863	0.0002903950954
4864	0.001752491221
4865	0.0003287167621
4866	0.002672540802
4867	0.01035584594
4868	0.0006331951857
4869	0.005779554884
4870	0.006281375768
4871	0.003068332199
4872	0.004472273401
4873	0.005212444838
4874	0.00181393984
4875	0.004163459153
4876	0.001181339527
4877	0.004633908859
4878	0.0009018578733
4879	2.901907357e-05
4880	6.648501362e-05
4881	0.0004127769441
4882	0.005453308575
4883	0.0006973968207
4884	0.002689033958
4885	0.0002374305932
4886	0.0008698168475
4887	0.004262820429
4888	0.001404087964
4889	0.004300598734
4890	0.004432265213
4891	0.002136661013
4892	0.001175065298
4893	0.001619538128
4894	0.001767413191
4895	0.0036189708
4896	0.0001220098424
4897	0.0004428278279
4898	0.00105505547
4899	0.001438520134
4900	0.0007796932058
4901	8.479564033e-05
4902	0.002980716062
4903	1.366241526e-05
4904	0.001404297828
4905	0.0009549273388
4906	0.0007398201358
4907	0.004170412739
4908	9.972752044e-05
4909	0.0001867201594
4910	0.003990777749
4911	0.007406717786
4912	0.003983761378
4913	0.001227917811
4914	0.001482903814
4915	0.009539171382
4916	0.0007149701181
4917	0.000657088593
4918	0.002399103836
4919	0.002897685819
4920	0.0005300410038
4921	0.0008148955495
4922	0.0007689430115
4923	0.002063089604
4924	0.005399406534
4925	0.0002884196185
4926	0.0004844686649
4927	0.000108719346
4928	0.000108719346
4929	0.005076295135
4930	0.007343159315
4931	0.0006800260074
4932	0.002823636955
4933	0.002272687231
4934	0.0005129881737
4935	0.0001145689764
4936	0.006164111941
4937	0.000251775228
4938	0.004610834863
4939	0.0004945347409
4940	0.0001226158038
4941	0.0001198910082
4942	0.004725336491
4943	0.002728325654
4944	0.00325977875
4945	0.00159551773
4946	0.002751755007
4947	0.003534605665
4948	0.0009902487829
4949	0.001108098271
4950	0.001825735767
4951	0.004988885133
4952	0.005119001701
4953	0.0005572523865
4954	0.008297561206
4955	0.008601601331
4956	0.009617339643
4957	0.0007742762871
4958	0.01719506976
4959	0.01848561261
4960	0.004463011091
4961	0.003516197138
4962	0.0007174748983
4963	0.002757267394
4964	0.004865969949
4965	0.001891064796
4966	0.001523271559
4967	0.002624291723
4968	0.003102083645
4969	0.000328785114
4970	0.005792735388
4971	0.002714458207
4972	0.00140974988
4973	0.0004728383372
4974	0.00484561392
4975	0.00262222685
4976	0.005527223697
4977	0.0001793827684
4978	0.008371511153
4979	0.0002632765957
4980	0.0007795640327
4981	0.001235913292
4982	0.001697557475
4983	0.003762260198
4984	0.002199664105
4985	0.003946114853
4986	0.001540333309
4987	0.0003374622146
4988	0.003016361543
4989	0.001853978097
4990	0.0004455698971
4991	0.003216438202
4992	0.009514230151
4993	0.0003900648168
4994	0.003104943781
4995	0.003177043473
4996	0.003814047378
4997	0.002692830802
4998	0.004468090003
4999	3.785981666e-07
5000	0.002712332541
5001	0.001549180358
5002	0.008329150423
5003	0.003984563105
5004	0.001805971414
5005	0.002111239423
5006	0.003443971874
5007	0.0003767618839
5008	0.002332001549
5009	0.004531919108
5010	0.001012186241
5011	0.007724139508
5012	7.302452316e-05
5013	6.294277929e-05
5014	0.0004069670815
5015	0.009049959833
5016	0.003160573431
5017	0.002859126604
5018	0.003052521084
5019	0.000573535971
5020	0.004729446518
5021	0.002987818547
5022	0.001598889076
5023	0.0002318446814
5024	0.002382616751
5025	0.001020183675
5026	0.0002312071743
5027	0.002166205815
5028	0.002111700252
5029	0.001751195424
5030	0.006387704951
5031	0.0001188381019
5032	0.0002589778683
5033	0.006146923005
5034	0.006379986664
5035	0.009632963305
5036	0.0001664685598
5037	0.0004304590191
5038	0.0009055201461
5039	0.002643238374
5040	7.102654612e-05
5041	0.009184648929
5042	0.0005411441518
5043	0.001132537825
5044	0.00160792282
5045	0.001218122194
5046	0.002478372205
5047	0.005178504181
5048	0.001077115038
5049	0.002720170773
5050	0.01050290061
5051	0.001288174596
5052	0.001801313849
5053	0.002793159531
5054	0.003765160911
5055	0.0003222347638
5056	0.00313181157
5057	0.004547405129
5058	0.0006061048829
5059	0.008130773041
5060	0.008573966746
5061	0.006285364114
5062	0.004244834315
5063	0.00368580769
5064	7.918256131e-05
5065	0.004296618747
5066	0.006508425933
5067	0.00630407093
5068	0.001220389625
5069	0.002159188551
5070	0.002590038693
5071	0.007810541796
5072	0.001254319857
5073	0.0002124056444
5074	0.004749016455
5075	0.0008543145811
5076	0.005632996623
5077	0.005485488941
5078	0.001850202034
5079	0.004146766117
5080	0.0008455084023
5081	0.0021243365
5082	0.0002250722283
5083	0.005697674485
5084	0.001146498423
5085	0.002533020889
5086	0.001832387292
5087	0.01032496979
5088	0.006077036322
5089	0.008001832023
5090	0.001197588984
5091	0.001346521228
5092	0.001299657472
5093	0.006204382549
5094	0.0005052724484
5095	0.001158537989
5096	0.001691756376
5097	0.003889282324
5098	0.002225060848
5099	0.000516977037
5100	0.006691675585
5101	8.245998513e-05
5102	0.003657958259
5103	0.0004172462334
5104	0.005614175881
5105	0.009873898793
5106	0.002121891269
5107	0.006818890152
5108	0.0005915465276
5109	0.01031349642
5110	0.0004838832274
5111	0.002736433087
5112	0.001487334072
5113	6.239782016e-05
5114	6.239782016e-05
5115	0.003223341321
5116	0.001609925849
5117	8.719346049e-05
5118	8.719346049e-05
5119	0.004614348646
5120	0.001785330907
5121	0.0001907356948
5122	0.0002501362398
5123	0.01011749231
5124	0.0008872343054
5125	0.003801141245
5126	0.01874953298
5127	0.0003559071228
5128	0.003388591662
5129	1.961852861e-05
5130	1.961852861e-05
5131	0.002729718458
5132	0.005118708907
5133	0.0007214090114
5134	0.00591196217
5135	0.0006605610085
5136	0.003588005915
5137	0.005090716762
5138	0.009261508712
5139	0.003995599538
5140	0.002852457465
5141	0.0003984105359
5142	0.004043043802
5143	0.00300769957
5144	0.001857098387
5145	0.002492374674
5146	0.00155059293
5147	0.0009424222335
5148	0.0034434037
5149	0.001875476839
5150	0.0001247956403
5151	0.009511917357
5152	0.005537115939
5153	0.001353517042
5154	0.002271518283
5155	0.0007455076829
5156	0.005720925856
5157	0.0001414168937
5158	7.002724796e-05
5159	0.0009301089918
5160	0.001967624455
5161	0.005150448812
5162	0.002470137733
5163	0.0003607189854
5164	0.00578111632
5165	0.005784716031
5166	0.0008030246473
5167	0.001650084724
5168	0.0007639373842
5169	0.004179696121
5170	0.004039029647
5171	0.000367663174
5172	0.00325860424
5173	0.001023001817
5174	0.0005972343252
5175	0.006485901598
5176	0.01211336707
5177	0.001347309668
5178	0.0001299583417
5179	0.003962547151
5180	0.001141957428
5181	0.001756628787
5182	0.0006520904653
5183	0.003506576515
5184	0.00101010865
5185	0.0001470027248
5186	0.0001855585831
5187	0.003590691819
5188	0.005824849781
5189	0.003286540146
5190	0.006193036643
5191	0.0008218625704
5192	0.0004158089231
5193	0.0001725703906
5194	0.002119500668
5195	0.0002192438055
5196	0.002965561551
5197	0.001911639766
5198	0.002725371953
5199	0.002184607695
5200	0.008644763535
5201	0.003372440712
5202	0.001234313584
5203	0.004554042683
5204	0.004928425
5205	0.0005207424843
5206	0.01232279838
5207	0.006576894979
5208	0.005064523695
5209	0.003334038047
5210	0.003059376406
5211	0.01239596871
5212	0.0023603493
5213	0.0005742411483
5214	0.005161840278
5215	0.002764445428
5216	0.004252434293
5217	0.002198025019
5218	0.001144754404
5219	0.0007694039356
5220	0.0004350588594
5221	0.002899363723
5222	0.001340428417
5223	0.004346637001
5224	0.0008022893062
5225	0.006665548827
5226	5.946973751e-05
5227	0.001444785452
5228	0.00740906537
5229	0.0009916738262
5230	0.0114877347
5231	0.00765656738
5232	0.003389917317
5233	0.002532965143
5234	0.00186151501
5235	0.001764691676
5236	0.002423955494
5237	0.003258246015
5238	0.001394716018
5239	0.002681897833
5240	0.001226572466
5241	0.000139110251
5242	0.001109473241
5243	0.005949164315
5244	0.003972292867
5245	0.000116665421
5246	0.005495448019
5247	0.001447052727
5248	0.005652468117
5249	0.007918724363
5250	0.002869373594
5251	0.0008676611301
5252	0.000925613079
5253	0.0001520435967
5254	6.274977295e-05
5255	0.001183731459
5256	0.000246283425
5257	0.003342122295
5258	0.0006735424946
5259	0.00712218143
5260	0.0001469849737
5261	0.001676888581
5262	0.008796887666
5263	0.002841278206
5264	0.000567544185
5265	0.001259505216
5266	0.005461863672
5267	0.001071679491
5268	0.0003136305677
5269	0.004303392188
5270	0.001917281905
5271	0.001495700065
5272	0.0003341037646
5273	0.0009619891008
5274	3.814713896e-05
5275	0.008441150333
5276	0.004327105931
5277	0.000395735215
5278	0.001522921621
5279	0.005483603132
5280	0.0007918160048
5281	0.003994275041
5282	0.00194728891
5283	0.008624219627
5284	0.001641149709
5285	0.003709152472
5286	0.004645450157
5287	0.001855624832
5288	0.001373787032
5289	0.002531289317
5290	0.000637271438
5291	0.003749919371
5292	0.00186203109
5293	0.004659000932
5294	0.003093979626
5295	0.009601674453
5296	0.005505193436
5297	0.002436808915
5298	0.003259367263
5299	0.0001431880109
5300	0.0005019300815
5301	0.0004607243596
5302	0.004619648781
5303	0.0008836512262
5304	0.003745366288
5305	0.0002555191725
5306	0.001399934449
5307	0.01325410263
5308	0.004981728164
5309	0.0009926195381
5310	7.905507124e-05
5311	0.002572218474
5312	0.003160084916
5313	0.003944161297
5314	1.648501362e-05
5315	8.511325691e-05
5316	0.0001335832051
5317	0.001216310733
5318	4.705323164e-06
5319	9.645776567e-05
5320	9.918256131e-05
5321	0.001517655327
5322	0.001598498073
5323	0.002330077557
5324	0.008785680968
5325	0.00380321809
5326	0.0007145151863
5327	0.003823704997
5328	0.001018267931
5329	0.007564620683
5330	0.0008495614877
5331	0.0005763124647
5332	0.002466128297
5333	0.003687395523
5334	0.0001133514986
5335	0.0001133514986
5336	0.001753325739
5337	0.001452383836
5338	0.007785403106
5339	0.003576088773
5340	0.0003315395095
5341	0.000501292439
5342	0.0006327528437
5343	0.001721430785
5344	0.008667336915
5345	0.000119346049
5346	0.000119346049
5347	0.004719080104
5348	0.0007517260172
5349	0.004558199373
5350	0.001261951375
5351	0.002840565163
5352	0.004468272875
5353	0.001986942155
5354	0.009171022002
5355	0.0003520208901
5356	0.0008074721569
5357	0.001576441293
5358	0.003932988453
5359	0.001362137111
5360	0.002146609118
5361	0.001793270937
5362	0.0007411978943
5363	0.0001828337875
5364	0.000955554677
5365	0.001694214731
5366	0.01004057044
5367	0.002088494031
5368	0.003189105663
5369	0.003786863511
5370	0.001929701822
5371	0.004316667713
5372	0.001649331669
5373	0.002011967799
5374	0.0001802955465
5375	0.004272867002
5376	0.002097969843
5377	0.000646655011
5378	0.001543653858
5379	0.0006479403035
5380	0.003860738694
5381	0.00137252443
5382	0.002526620602
5383	0.003842419912
5384	0.01082637312
5385	0.003934553141
5386	0.006504246357
5387	0.003045474754
5388	0.00577541193
5389	0.001086782782
5390	0.0001700841903
5391	0.001164969289
5392	0.0005797223547
5393	0.002667400613
5394	0.003198939107
5395	0.0001398428307
5396	0.007883488244
5397	0.0003978526453
5398	0.006093883136
5399	0.004484015835
5400	0.004469708601
5401	0.00689326618
5402	5.885558583e-05
5403	0.004541982782
5404	0.001181462547
5405	0.004475560649
5406	0.006144135318
5407	0.006332209221
5408	0.001317629046
5409	0.001405143995
5410	0.0006853088102
5411	0.0008646056597
5412	0.003978018235
5413	0.0007338601736
5414	0.0001922127392
5415	0.000202178288
5416	0.00553977559
5417	0.005568931889
5418	0.0004289489946
5419	0.002006728978
5420	0.005001357398
5421	0.0003196357206
5422	0.0008878394441
5423	0.001488842839
5424	0.00296797244
5425	0.0001460334817
5426	0.004746260365
5427	0.003488415454
5428	0.001230811697
5429	2.997275204e-05
5430	0.001902083084
5431	0.0007082585542
5432	0.003471057007
5433	0.003651540181
5434	0.001951898084
5435	9.182561308e-05
5436	9.455040872e-05
5437	0.004476704167
5438	0.0006268665738
5439	0.0003542535696
5440	0.0001
5441	0.0001
5442	0.004079007737
5443	0.002789553907
5444	3.923721223e-05
5445	0.0002281424193
5446	0.0004971096619
5447	0.0001434604905
5448	0.0003887658095
5449	0.00251886965
5450	0.002237236147
5451	0.001877572629
5452	0.0006690699939
5453	1.444141689e-05
5454	1.444141689e-05
5455	0.002408537812
5456	4.550408719e-05
5457	0.001163344701
5458	0.002003249883
5459	0.000929082284
5460	0.0003519073569
5461	0.001666788925
5462	0.00101527272
5463	0.00252794403
5464	0.0008990528213
5465	0.0119439365
5466	0.002544690004
5467	0.003443673621
5468	0.003775552621
5469	8.165967288e-05
5470	0.0003193460491
5471	0.002792934547
5472	0.005183394773
5473	0.00143789919
5474	0.0006276436482
5475	0.002854590773
5476	0.005291316361
5477	0.001014517668
5478	0.003893154726
5479	0.001691146857
5480	0.01089989134
5481	0.00722119219
5482	0.005684157379
5483	0.00452380795
5484	0.0008652416934
5485	0.0006711453809
5486	0.001981602033
5487	0.002653898629
5488	0.0005332052069
5489	0.0005067713946
5490	0.002860088551
5491	0.005497239172
5492	0.002266939402
5493	0.002814559514
5494	0.0004787294317
5495	0.01310020181
5496	0.0003673283267
5497	0.0009676713854
5498	0.004163391698
5499	0.002467375336
5500	0.00332953992
5501	0.005447077317
5502	0.0002277607468
5503	0.004316922969
5504	0.002835451556
5505	0.003308080603
5506	6.353571911e-05
5507	0.005187632582
5508	0.002575579752
5509	0.002026721717
5510	0.004679736306
5511	0.001103315374
5512	0.002991719151
5513	0.001942957749
5514	5.722070845e-06
5515	0.007252916782
5516	0.009232403435
5517	0.00186444102
5518	9.346049046e-05
5519	9.346049046e-05
5520	0.0009450802436
5521	0.004095123541
5522	0.005519301148
5523	6.049046322e-05
5524	0.0009396457766
5525	0.002181250139
5526	0.0004394565464
5527	0.005491737626
5528	0.0007407578856
5529	0.00307939301
5530	0.003202345804
5531	0.009340371004
5532	0.01253502583
5533	0.00209981617
5534	0.0003968246386
5535	0.005207877516
5536	0.0003637854082
5537	0.006101595357
5538	1.757493188e-05
5539	0.0001875854732
5540	0.000703930852
5541	0.0002829712484
5542	0.01002555725
5543	0.005661078774
5544	0.0007653137846
5545	0.002294978358
5546	0.0004858399477
5547	0.0002542234332
5548	0.002591956376
5549	0.003079551418
5550	0.000623877664
5551	8.460490463e-05
5552	0.001096278141
5553	6.866485014e-05
5554	6.866485014e-05
5555	0.003606494042
5556	0.002560431475
5557	0.003768818549
5558	0.001999130516
5559	0.0001064032698
5560	0.006717286277
5561	0.003330411903
5562	0.003353956245
5563	0.005284228016
5564	0.000276195823
5565	0.0002943688013
5566	0.003838294545
5567	0.001451206606
5568	0.0002726726149
5569	0.009689668744
5570	0.0002793136115
5571	0.00356313199
5572	0.0006682587778
5573	6.730245232e-05
5574	6.730245232e-05
5575	9.032697548e-05
5576	0.0004908160641
5577	0.001417957832
5578	2.261580381e-05
5579	2.261580381e-05
5580	0.001642773865
5581	0.01025925227
5582	0.0009310099472
5583	0.00118766108
5584	0.00347719377
5585	0.00360030757
5586	7.270102734e-05
5587	0.0004746463872
5588	0.001578960949
5589	0.004462729567
5590	4.536784741e-05
5591	6.811989101e-05
5592	0.001172069037
5593	0.008849573385
5594	0.01360073103
5595	0.001752756615
5596	0.001562824812
5597	0.0001138837622
5598	0.009235823147
5599	0.0001518568428
5600	0.003459428585
5601	0.004014184241
5602	0.003547787672
5603	0.007037155339
5604	0.0001283378747
5605	0.004315680689
5606	0.001021756489
5607	6.403269755e-06
5608	0.005228116029
5609	0.006033340824
5610	0.004538683683
5611	0.003770255125
5612	0.00150304771
5613	0.005428616961
5614	0.003397834379
5615	0.001927396018
5616	0.003337302337
5617	0.00187965105
5618	0.0001699051
5619	0.0006291078121
5620	0.003812475573
5621	0.004929362483
5622	0.006597621878
5623	0.0006782170144
5624	0.003899006011
5625	0.004110116982
5626	0.005469116596
5627	0.004026470315
5628	0.003858248223
5629	0.004602791068
5630	0.0009314713896
5631	7.138964578e-05
5632	0.0009424815098
5633	0.0003072051381
5634	0.00223495156
5635	0.002467138241
5636	0.006787332274
5637	0.0004035046846
5638	0.006182417717
5639	0.0005768750803
5640	0.006190558114
5641	0.0001282016349
5642	0.0001316076294
5643	0.002895567079
5644	0.002467851469
5645	0.0007171779956
5646	0.0002033832879
5647	0.0007836845346
5648	0.006441545014
5649	0.004557197145
5650	0.0001583106267
5651	0.003933990002
5652	0.003303408445
5653	0.0004550778199
5654	0.002496604256
5655	0.005636911845
5656	0.006043730692
5657	0.002254871286
5658	0.0025393741
5659	0.0003340562339
5660	0.001639840562
5661	0.001183776577
5662	0.006820031199
5663	0.004060389422
5664	7.906448683e-05
5665	0.002658898668
5666	0.006295952645
5667	0.01508232539
5668	0.006292447144
5669	0.00260112089
5670	0.001765713313
5671	0.00246104179
5672	0.00254299086
5673	0.003446830062
5674	0.00980249235
5675	0.006114102632
5676	0.009267648438
5677	0.007558571914
5678	0.0008271920078
5679	0.003138827155
5680	0.003579004277
5681	0.00431484473
5682	0.003174913154
5683	0.003155254876
5684	0.000665369935
5685	0.0005784814746
5686	0.001352453652
5687	0.002808012483
5688	0.000346866485
5689	0.009299536702
5690	0.001121696032
5691	0.002388890937
5692	0.003189669156
5693	0.003295632831
5694	0.003772836727
5695	0.008790496501
5696	0.0006011251319
5697	0.0007311908503
5698	2.179836512e-06
5699	5.858310627e-05
5700	0.009676745898
5701	0.008735882623
5702	0.001496998297
5703	0.0005295929984
5704	0.0001792554421
5705	2.520435967e-05
5706	0.003400211461
5707	0.00150593461
5708	0.004181833907
5709	0.001384077666
5710	0.001591033878
5711	0.001840338374
5712	0.000630576552
5713	0.0005465268746
5714	0.00290759075
5715	4.558584582e-05
5716	0.001753568861
5717	0.006150850982
5718	0.000591836898
5719	1.403269755e-05
5720	0.002100347268
5721	0.0009878614633
5722	0.0009299031737
5723	0.001417743803
5724	0.002550228702
5725	0.0008653914528
5726	0.006441992933
5727	0.007602566192
5728	0.001479744591
5729	0.001318895444
5730	0.0009160573826
5731	0.0005566128251
5732	0.0003203193977
5733	0.006963103375
5734	0.0009098826252
5735	0.001193569661
5736	0.0003547086043
5737	0.002719777275
5738	0.000938141906
5739	3.732970027e-05
5740	3.732970027e-05
5741	0.001207455265
5742	0.0007349890474
5743	0.003410949351
5744	0.004286500301
5745	0.0004255628562
5746	0.0003788516472
5747	0.001033362302
5748	0.0006681172088
5749	0.0003917049835
5750	0.004582273156
5751	0.003964680407
5752	0.01003080863
5753	0.005371167749
5754	0.002615326537
5755	0.003316479473
5756	0.0003519009164
5757	0.001943280377
5758	0.008481083818
5759	0.002256421337
5760	0.0002791120372
5761	0.0001809804247
5762	0.002607396158
5763	0.002352453632
5764	0.0004877735662
5765	0.005987479677
5766	0.001151848337
5767	0.00862372972
5768	0.006716596431
5769	9.400544959e-06
5770	0.0007596790695
5771	0.003332962924
5772	0.0001144414169
5773	0.0001485013624
5774	0.0008130790191
5775	0.001226993428
5776	0.003303374761
5777	0.003346346639
5778	0.001490871256
5779	0.001892573955
5780	3.342415985e-05
5781	0.0103612483
5782	0.003416798557
5783	0.0005903176287
5784	0.001226945063
5785	7.19346049e-05
5786	0.0002844686649
5787	0.004701675548
5788	0.0001907404062
5789	0.0008091284229
5790	0.000583195152
5791	0.004400395505
5792	0.002888087631
5793	0.0001799046321
5794	0.001807667385
5795	0.009276626139
5796	0.004330648561
5797	0.0001216621253
5798	0.001224570082
5799	0.001801197428
5800	0.002189649621
5801	0.002236733189
5802	0.001774737137
5803	0.002241525226
5804	0.006083174817
5805	0.0033611944
5806	0.003364398547
5807	0.0009075510266
5808	0.0007600657376
5809	0.0001173024523
5810	0.003785680403
5811	0.001583769791
5812	0.0008733745095
5813	0.004332650037
5814	0.009614079165
5815	0.001045713735
5816	0.003740506368
5817	0.005694059839
5818	0.0002800390026
5819	0.0007290172393
5820	0.001149347892
5821	0.004378831979
5822	0.001356828601
5823	0.001228108232
5824	0.003250689712
5825	0.0001155313351
5826	0.0001719346049
5827	0.00555077288
5828	0.002796712048
5829	0.0001023160763
5830	0.005281781995
5831	0.004774645466
5832	0.0009866984487
5833	0.00260721297
5834	0.001701845112
5835	0.001328702409
5836	1.253405995e-05
5837	0.005023224117
5838	0.001378128366
5839	0.006487002211
5840	0.0006117415197
5841	0.01100940238
5842	0.00424759427
5843	0.005989947638
5844	0.001004978365
5845	0.007573933463
5846	0.001398284002
5847	0.0009258866877
5848	0.002632443125
5849	0.002487197841
5850	0.0009436392984
5851	0.001418784396
5852	0.005825834056
5853	0.0007681689403
5854	0.001003929086
5855	0.003465830404
5856	0.0006086616895
5857	0.001161404726
5858	0.001644810346
5859	0.005273515939
5860	0.004171755182
5861	0.00220494272
5862	0.0107703348
5863	0.003571422933
5864	0.0006993840661
5865	0.001379108844
5866	0.0003660081744
5867	0.0008426430517
5868	0.002047447437
5869	0.0003145988664
5870	0.003206018123
5871	0.0003354337811
5872	0.0007018032764
5873	0.001658690161
5874	0.002802110826
5875	0.001747939234
5876	0.004027048234
5877	0.0004425705543
5878	0.003002827073
5879	0.0003213703449
5880	0.0007820804148
5881	0.01121383662
5882	0.002048599604
5883	9.332425068e-05
5884	0.0001098092643
5885	0.0001098092643
5886	0.001233513694
5887	0.003752715935
5888	0.001044584647
5889	0.0001528792008
5890	0.008052183799
5891	2.014078113e-05
5892	0.0004580750198
5893	0.004214247906
5894	1.505500332e-05
5895	0.0009945289189
5896	0.000741737349
5897	0.0001057220708
5898	0.0009186648501
5899	0.003885639157
5900	0.008537658994
5901	0.0004990666699
5902	0.0006713001693
5903	0.001242349531
5904	0.004644705897
5905	0.003116051315
5906	0.0004951782216
5907	0.001018821218
5908	0.0004885768363
5909	0.01432597215
5910	0.00155736394
5911	0.008240124168
5912	0.002311122201
5913	0.000134032951
5914	0.0005793009554
5915	0.001457768308
5916	0.002171858877
5917	0.0008994550409
5918	0.0004905228407
5919	0.001548506144
5920	0.001507114297
5921	0.000232103998
5922	0.0002083079254
5923	0.003110136406
5924	0.000444261086
5925	0.004763131976
5926	0.003488763023
5927	0.01171521871
5928	0.002596188603
5929	0.003903240505
5930	0.002673160053
5931	0.003046078494
5932	0.01225369131
5933	0.002373272909
5934	0.007417648126
5935	0.004390875318
5936	0.001230392566
5937	0.007626671925
5938	0.001145831789
5939	0.00176263635
5940	0.0003749986163
5941	0.01152493661
5942	0.00262723649
5943	0.0002448764753
5944	0.002310904262
5945	0.001215465924
5946	0.006818005895
5947	0.004669636972
5948	0.0008678915728
5949	0.009218960715
5950	0.00492129148
5951	0.004066188463
5952	0.001623045265
5953	0.001235137124
5954	0.0007166212534
5955	0.006989688763
5956	6.702997275e-05
5957	0.001633699165
5958	0.006088136115
5959	0.009808543191
5960	0.002690446136
5961	0.0002485013624
5962	2.520435967e-05
5963	0.0002727275994
5964	0.005666318787
5965	0.003682967904
5966	0.003003402781
5967	0.004720793702
5968	0.0006377764759
5969	0.0088867336
5970	0.002399718966
5971	0.00016099311
5972	0.001376815428
5973	0.007454053395
5974	0.01074497018
5975	0.00293234037
5976	0.0001852571848
5977	0.00536778704
5978	0.002573177302
5979	0.008549468365
5980	0.002692983609
5981	0.002931014688
5982	0.003923380083
5983	0.006595528994
5984	0.008234540507
5985	0.0005012486127
5986	0.003503528963
5987	0.008052214162
5988	0.004332377596
5989	0.00157666215
5990	0.001166756969
5991	0.004091728903
5992	0.002321527368
5993	0.003237762417
5994	0.002545929162
5995	0.006521605431
5996	0.0001854223433
5997	0.00593584889
5998	0.001057288828
5999	0.0003514532243
6000	0.0008382797588
6001	0.0001593569992
6002	0.001074373756
6003	0.001062959816
6004	0.00238591969
6005	0.0008221458321
6006	0.000557186111
6007	0.00095626703
6008	0.0008527634655
6009	0.000171253406
6010	0.006252562586
6011	0.003800772152
6012	0.002785079906
6013	0.0006425022618
6014	0.006371782854
6015	0.001023520018
6016	0.001788148548
6017	0.004309871842
6018	0.004708585175
6019	0.003886920503
6020	4.604904632e-05
6021	4.632152589e-05
6022	0.009619577356
6023	0.005157053398
6024	0.002369569084
6025	0.001765640861
6026	0.0009105131698
6027	0.0001640191396
6028	0.001869556658
6029	0.002097888746
6030	0.006696984091
6031	0.001501943474
6032	0.002582344144
6033	0.0009450712381
6034	0.004018595275
6035	0.008130975489
6036	0.01212231132
6037	0.0004376021798
6038	0.001676557138
6039	0.0001248092067
6040	0.0004034813512
6041	6.746697728e-05
6042	0.0005876996186
6043	0.0006046883929
6044	0.000257280543
6045	0.000818046495
6046	0.001765526114
6047	0.009033624567
6048	7.792915531e-05
6049	0.0002177111717
6050	0.002972947858
6051	0.007795399921
6052	0.0008077568232
6053	0.001712139698
6054	0.002803129737
6055	0.001823742047
6056	0.004131279962
6057	0.006433132273
6058	0.005176317961
6059	0.0007529972752
6060	0.002976231478
6061	0.00833786737
6062	0.00576922326
6063	0.002418686579
6064	0.01603178215
6065	0.009499193304
6066	0.001778505812
6067	0.003324679799
6068	0.0002638320182
6069	0.001972086882
6070	2.261580381e-05
6071	2.261580381e-05
6072	0.001699596374
6073	5.55404178e-05
6074	0.0003284770985
6075	0.00263004708
6076	0.0001592903999
6077	0.008806932967
6078	0.0001286103543
6079	0.0008688010899
6080	0.0006951264371
6081	0.002938107723
6082	0.002222305828
6083	0.001867745418
6084	9.283946603e-05
6085	0.000353133515
6086	9.727520436e-05
6087	9.727520436e-05
6088	0.001626339291
6089	0.005497751443
6090	0.003325292862
6091	0.002699194372
6092	0.007430720411
6093	0.003719920035
6094	0.003691294886
6095	0.0005285338215
6096	0.003225707851
6097	0.002359291193
6098	0.003405444383
6099	0.0001809264305
6100	0.001084491949
6101	0.003378393225
6102	0.003446993931
6103	0.01130278911
6104	6.539509537e-05
6105	0.006863969663
6106	0.00406861553
6107	0.001946681043
6108	0.002335764655
6109	0.009376109219
6110	0.008859649104
6111	0.00715262513
6112	0.0008785433723
6113	0.01191874306
6114	0.0002049462468
6115	7.452316076e-05
6116	0.002684430148
6117	0.0008715258855
6118	0.0004914168937
6119	0.0008586667271
6120	0.006024838949
6121	0.000418914623
6122	0.003035428069
6123	0.003808840236
6124	0.004728727955
6125	2.819365295e-05
6126	0.0001406365254
6127	0.00146427633
6128	0.00152942559
6129	0.003017221238
6130	0.004292979388
6131	0.005784742052
6132	0.01004844536
6133	0.0002510286742
6134	0.003185358495
6135	0.005629156837
6136	0.002636695488
6137	0.000269109593
6138	0.001236192849
6139	8.583106267e-06
6140	0.006043476982
6141	6.754991692e-05
6142	0.004413902141
6143	0.006085011407
6144	0.004329169663
6145	6.857402361e-05
6146	8.024523161e-05
6147	0.007360234514
6148	0.002007024282
6149	0.001137472765
6150	0.002834199023
6151	2.861035422e-06
6152	0.003529789602
6153	0.0005296693441
6154	0.001971569047
6155	0.0002169539622
6156	0.001251870941
6157	0.004685033906
6158	0.001274254722
6159	0.004129923288
6160	0.005304143023
6161	0.001740511527
6162	0.00769188909
6163	0
6164	8.635342607e-05
6165	0.001325177025
6166	0.001101316712
6167	0.0009031578016
6168	0.007893631899
6169	0.001116071902
6170	0.001672475641
6171	0.004463618439
6172	0.009610938269
6173	0.000433695883
6174	0.0002797416018
6175	0.0009461091034
6176	0.0001513623978
6177	0.0001926430518
6178	0.00121790657
6179	0.001923534102
6180	0.002300212363
6181	0.0002405086285
6182	0.0001519945396
6183	0.001065554042
6184	0.0003284741144
6185	0.001090752814
6186	0.001900172501
6187	4.659400545e-05
6188	0.003171194884
6189	0.0001210961692
6190	0.003682296492
6191	0.0007248657709
6192	0.001519338023
6193	0.007454897783
6194	0.002242025437
6195	0.0009573722103
6196	0.005145624215
6197	0
6198	0.006501878243
6199	0.004607299287
6200	0.003628725579
6201	0.007239121162
6202	0.0005471015649
6203	0.006693571829
6204	0.000228422112
6205	0.001680575939
6206	0.004271039184
6207	0.005009758971
6208	0.001767732655
6209	0.01144518007
6210	0.005629613865
6211	0.0009024069028
6212	0.002077779398
6213	0.003507224791
6214	0.007839528321
6215	0.005171304382
6216	0.0001157150137
6217	4.200548166e-05
6218	9.713896458e-05
6219	2.815953689e-06
6220	0.004934249247
6221	0.001204999854
6222	0.00122190917
6223	0.0003285106412
6224	0.0003224888869
6225	0.0004372085182
6226	0.003737741001
6227	0.004541330538
6228	0.006842614934
6229	0.004739798817
6230	0.003256350844
6231	0.006577283144
6232	0.006137483363
6233	1.307901907e-05
6234	0.005466030168
6235	0.0006914769491
6236	0.0007526682421
6237	0.001683725378
6238	0.007209443073
6239	0.0004324152343
6240	6.675749319e-05
6241	9.100817439e-05
6242	0.0007540871935
6243	0.004401339806
6244	0.01444989796
6245	0.0003563945986
6246	0.007629077217
6247	0.006334079702
6248	0.009053929416
6249	1.444141689e-05
6250	1.444141689e-05
6251	0.001075570849
6252	0.0009165059666
6253	0.001206796662
6254	0.006718155467
6255	0.0001115803815
6256	0.001704564046
6257	0.009491683948
6258	0.001338650419
6259	0.002103701441
6260	0.002022392748
6261	0.003284634786
6262	0.005965299903
6263	0.001976670586
6264	0.005596258192
6265	3.174386921e-05
6266	8.63760218e-05
6267	8.365122616e-05
6268	0.008741498453
6269	0.006391705837
6270	0.005369627553
6271	0.0004378396601
6272	0.0004405206873
6273	0.001705629431
6274	0.000342506812
6275	0.001327656417
6276	0.01047275436
6277	0.000811622561
6278	8.603055184e-05
6279	0.0002194368756
6280	0.0002449095693
6281	0.0004960274437
6282	8.605559792e-05
6283	0.004796796559
6284	0.003264958239
6285	0.0008724568574
6286	0.002222066626
6287	0.0004677960049
6288	0.002524932811
6289	0.0006811617352
6290	0.003210686213
6291	0.005170708749
6292	0.003860498623
6293	3.052825355e-05
6294	0.006089926539
6295	0.0003639395062
6296	0.002515605136
6297	0.002607817903
6298	0.001555170643
6299	0.01234123714
6300	0.0001020150562
6301	0.003393353759
6302	0.005220053267
6303	0.005536564009
6304	0.002385717589
6305	0.005920108815
6306	0.001001157991
6307	0.002412322165
6308	0.001210162012
6309	0.001270226753
6310	3.460490463e-05
6311	3.732970027e-05
6312	0.0007334512857
6313	0.001014766331
6314	0.0007556654308
6315	0.00516368645
6316	0.004530961559
6317	0.005148992667
6318	0.0001485013624
6319	0.0005597615599
6320	0.001302152871
6321	0.001785924245
6322	0.01252595653
6323	0.007988743328
6324	0.001389993231
6325	0.0005972518927
6326	0.003322587442
6327	0.0007083392606
6328	0.001461161629
6329	0.0009958524207
6330	0.004495357708
6331	0.006382268132
6332	0.0002104268552
6333	0.0001043725288
6334	0.004232949732
6335	0.00211490743
6336	0.00416341182
6337	0.005989530498
6338	0.004244807141
6339	0.0005642016119
6340	0.0001133514986
6341	0.0001133514986
6342	0.0024362905
6343	0.005035683002
6344	0.003727634077
6345	2.997275204e-06
6346	2.997275204e-06
6347	0.002770945235
6348	0.001105207106
6349	0.003316891755
6350	0.00449041583
6351	0.008477068183
6352	0.002202097595
6353	0.001489447851
6354	0.0007919041562
6355	0.01015020924
6356	0.003417976972
6357	0.003257417139
6358	0.002386103893
6359	0.01009977228
6360	0.0002002996511
6361	3.160762943e-05
6362	3.160762943e-05
6363	0.001199688989
6364	0.0005304950045
6365	0.001565598722
6366	0.01626842314
6367	0.0005140954494
6368	0.0005627939654
6369	0.004251442444
6370	4.495912807e-05
6371	4.495912807e-05
6372	0.0003188911686
6373	0.005175710658
6374	0.001880740287
6375	0.001074343506
6376	0.0007866501782
6377	0.000100654738
6378	2.72479564e-07
6379	0.005629463208
6380	0.001906719469
6381	0.007238448169
6382	0.00754748836
6383	0.001243782717
6384	0.0001293149373
6385	5.694822888e-05
6386	0.00556356344
6387	0.003455841415
6388	0.0008145776567
6389	0.0003416212534
6390	0.001305216396
6391	0.001672437986
6392	0.00860793524
6393	0.007990113904
6394	0.001648912575
6395	0.003320451861
6396	0.005036838134
6397	0.0009022925534
6398	0.0001164850136
6399	5.749318801e-05
6400	0.005924036508
6401	0.0001910661625
6402	0.001202003215
6403	0.001411248865
6404	6.811989101e-06
6405	6.811989101e-06
6406	0.003946268544
6407	0.0006482268908
6408	0.002876127509
6409	0.006088566669
6410	1.771117166e-06
6411	0.002048228545
6412	0.005994218845
6413	0.00500009836
6414	0.001430673143
6415	0.002687960572
6416	0.001259405707
6417	0.005981412853
6418	0.005388204663
6419	0.01829473206
6420	0.002271291126
6421	0.001443265709
6422	0.001046187372
6423	0.0004188166115
6424	0.005851656765
6425	0.007259657758
6426	0.0001969118982
6427	0.004897678564
6428	0.00113241428
6429	0.00117456302
6430	0.001352227268
6431	0.0001337874659
6432	0.00292785518
6433	0.0007197184374
6434	0.006108379618
6435	0.005470067752
6436	0.0001027247957
6437	0.0001054495913
6438	0.01033607329
6439	6.84657659e-06
6440	0.002193307165
6441	0.0001286103542
6442	0.0008715258856
6443	0.0005670107939
6444	0.001066555775
6445	0.002139382902
6446	0.003125867056
6447	0.0007389023591
6448	0.002130950028
6449	0.0009092113759
6450	7.111716621e-05
6451	0.002229925835
6452	0.001894712549
6453	0.007655509156
6454	7.220708447e-06
6455	0.001441584175
6456	0.003164257069
6457	0.002310451394
6458	0.009605898183
6459	0.0005913466228
6460	0.0007879912386
6461	0.002873904408
6462	0.004478610304
6463	0.002048086045
6464	0.001918490557
6465	0.001781739529
6466	0.0005263742715
6467	0.004846816002
6468	0.007783645247
6469	0.003754217125
6470	0.001971169278
6471	0.001634136735
6472	0.0007031869577
6473	0.0005992721541
6474	0.0008586261551
6475	0.003963190043
6476	0.0001491935279
6477	9.223433243e-05
6478	0.0001297002725
6479	0.003140706932
6480	0.0008213598645
6481	0.0004790354589
6482	0.005450551251
6483	0.002879887208
6484	0.004111007363
6485	0.006232778241
6486	0.0001925976385
6487	0.001033019977
6488	0.00666991913
6489	0.003621187583
6490	0.0001339918256
6491	0.002606776693
6492	0.0002058583106
6493	0.002023654727
6494	0.001574902249
6495	0.002051057106
6496	0.001225999099
6497	0.001911449148
6498	0.009876108817
6499	7.220708447e-06
6500	6.462306994e-05
6501	0.001347482793
6502	0.003056834118
6503	0.005681976625
6504	1.989100817e-05
6505	1.989100817e-05
6506	0.0002678928247
6507	0.0005925506659
6508	0.002305259877
6509	0.001263855972
6510	0.005599060494
6511	0.001355678025
6512	0.002900023192
6513	0.0008791413892
6514	0.002583704156
6515	0.001190134297
6516	0.003690309592
6517	0.001160850195
6518	0.001043183544
6519	2.861035422e-05
6520	2.861035422e-05
6521	0.002353118222
6522	0.001851769623
6523	0.002427009367
6524	0.0006467984122
6525	3.181198911e-05
6526	0.004966086669
6527	0.01505274703
6528	0.0004558261101
6529	0.0008268264505
6530	0.007672461977
6531	0.005035173825
6532	0.00400280373
6533	0.003640885189
6534	0.0055444325
6535	0.0007145678401
6536	0.003795754414
6537	1.357241142e-05
6538	0.001385114794
6539	0.0009915707957
6540	6.062690339e-05
6541	0.00337096226
6542	0.006714836233
6543	0.0008556299304
6544	0.004578751925
6545	0.0004367013527
6546	0.003264180225
6547	0.003191295778
6548	0.0001994550409
6549	6.889191644e-05
6550	0.00167667152
6551	0.004080248745
6552	0.0001251362398
6553	0.006896794842
6554	0.002704776306
6555	0.001245068586
6556	0.003434930816
6557	0.005602026378
6558	0.003549317833
6559	0.008978524504
6560	0.001809894624
6561	0.002155089433
6562	0.00032082198
6563	0.007684717905
6564	7.384196185e-05
6565	7.384196185e-05
6566	0.000667250422
6567	0.002544139805
6568	0.0004643049107
6569	0.0006996268328
6570	0.006444421346
6571	0.008951081394
6572	0.0001027247956
6573	0.001542636549
6574	0.001440422848
6575	0.004613337513
6576	0.001650705123
6577	0.0007806653585
6578	0.0001738419619
6579	3.923705722e-05
6580	0.002155080195
6581	0.003521721439
6582	0.0009646059109
6583	0.004934011897
6584	0.002282945788
6585	0.003831219552
6586	0.003819631388
6587	8.065395095e-05
6588	8.065395095e-05
6589	0.001148413674
6590	0.001868741974
6591	0.003239279566
6592	0.004291076398
6593	0.004060947976
6594	0.003346632724
6595	0.003258787868
6596	7.602179837e-05
6597	0.002044655885
6598	0.001144784833
6599	0.0005370551044
6600	0.001401126077
6601	0.001425871204
6602	0.004251520334
6603	0.006138587595
6604	0.002037157423
6605	0.002664926837
6606	0.002440849681
6607	0.0009279993376
6608	0.004046264795
6609	0.001513492158
6610	0.002002588113
6611	4.741144414e-05
6612	4.741144414e-05
6613	0.001012412915
6614	0.002578001248
6615	0.001715811661
6616	0.0007134210863
6617	0.0008780775553
6618	0.0002251815752
6619	0.004929514879
6620	0.0002838555858
6621	0.001083726849
6622	0.005138300527
6623	0.0003319255223
6624	0.00153490341
6625	0.005456979015
6626	6.403269755e-06
6627	0.004696487551
6628	0.003806566988
6629	0.001246506408
6630	0.003806047525
6631	8.310626703e-05
6632	8.310626703e-05
6633	0.005584995999
6634	0.006352861964
6635	0.0008295419325
6636	0.003189289983
6637	0.00572721875
6638	0.007750316904
6639	0.0006941416894
6640	0.0004934604904
6641	0.001987885661
6642	0.0001705545856
6643	0.004256614927
6644	0.0003571808639
6645	0.001845198866
6646	0.001009007971
6647	0.0004792939847
6648	0.00248911755
6649	0.004519964002
6650	0.0001332425068
6651	0.0001332425068
6652	0.006116511095
6653	0.004576884475
6654	0.01000873867
6655	0.001493410724
6656	0.006118645463
6657	0.001458715833
6658	0.005034936052
6659	0.003987614778
6660	0.0006641655629
6661	0.00189544308
6662	0.0002483060387
6663	0.002556575162
6664	0.003104295649
6665	0.001676429891
6666	0.0008652417666
6667	0.001810939678
6668	0.0003897268462
6669	0.0009237401711
6670	0.002658577708
6671	0.002926495213
6672	0.006035155096
6673	0.007741593638
6674	0.002108967145
6675	0.002397228354
6676	0.002745235059
6677	0.00109308365
6678	0.004254222381
6679	0.0008214982871
6680	0.001092450089
6681	0.001931000765
6682	0.00402771872
6683	0.004166873547
6684	0.001682721513
6685	0.003013653018
6686	0.003659794738
6687	0.003646778174
6688	0.002512094893
6689	0.0007731375757
6690	0.001867524599
6691	0.0005056785059
6692	0.007260972322
6693	0.0002424931013
6694	0.001114308072
6695	0.0007156038462
6696	0.0009675239265
6697	0.002431195296
6698	7.098092643e-05
6699	0.003587533904
6700	0.003666166364
6701	0.002675842742
6702	0.005213302101
6703	0.002905717697
6704	0.003331293191
6705	3.133514986e-05
6706	0.0003114149556
6707	0.009564343263
6708	0.002510100132
6709	0.002054776861
6710	0.0007573991692
6711	0.003203896923
6712	0.001680771524
6713	6.21253406e-05
6714	0.006238394794
6715	0.005387135162
6716	0.003760432664
6717	0.003196882238
6718	3.017711173e-05
6719	0.001256075583
6720	0.0007410603063
6721	0.003731671463
6722	0.002795384456
6723	0.001735088585
6724	0.0008777929155
6725	0.0001223433243
6726	0.003120412294
6727	0.0003970512619
6728	0.0003709128065
6729	0.003371517171
6730	0.001001339767
6731	0.0006861216718
6732	0.001608825546
6733	0.0002355272414
6734	0.0009931461096
6735	0.000481903681
6736	0.000950969681
6737	0.001586388728
6738	0.008122570612
6739	0.002473107023
6740	0.0003532016349
6741	0.001458130412
6742	0.0003342456774
6743	0.001680254424
6744	0.003330102641
6745	0.0001985348747
6746	0.000113760218
6747	0.001425594346
6748	0.001054093475
6749	0.001482272732
6750	0.001628312876
6751	0.001489331567
6752	0.002577023443
6753	0.001353798311
6754	0.005835148062
6755	0.002681238497
6756	0.00139419631
6757	0.006716763733
6758	0.0001201634877
6759	0.003302965366
6760	0.008323149345
6761	0.003985144782
6762	0.00257350564
6763	0.007157886033
6764	0.007196645712
6765	0.006715037321
6766	0.000963357699
6767	0.001762460675
6768	0.009032302671
6769	0.002397522422
6770	0.001953398934
6771	0.003767232089
6772	0.0006484783117
6773	9.246139873e-05
6774	0.005297022813
6775	0.004594827448
6776	0.00411377023
6777	0.0004773964367
6778	0.006473761898
6779	0.0044132342
6780	0.0007753993166
6781	0.007799416736
6782	0.00572727941
6783	0.00387893293
6784	0.005144653916
6785	0.005415866371
6786	0.002803626043
6787	0.002658969292
6788	0.002218759181
6789	3.2761618e-05
6790	0.0002602179837
6791	0.0002588121007
6792	0.001035254108
6793	0.004837420696
6794	0.001671480672
6795	0.008745230455
6796	0.003263605013
6797	0.00463282272
6798	0.002596431879
6799	0.0004374812994
6800	0.00680323395
6801	0.0009865851687
6802	0.0007499075781
6803	0.0046657767
6804	0.002111268614
6805	0.005552257285
6806	0.004426385985
6807	0.008769546854
6808	0.0007332049231
6809	0.0004492506812
6810	0.001015686604
6811	0.005004816605
6812	0.0003531101854
6813	0.002827383058
6814	0.001708817775
6815	0.006714826013
6816	0.0008261580382
6817	0.0007063733123
6818	0.007512698871
6819	0.005466844001
6820	0.003614697141
6821	8.664850136e-05
6822	8.664850136e-05
6823	0.003048709994
6824	0.002467067236
6825	0.005998213089
6826	0.005395032297
6827	0.001251559914
6828	0.001195060321
6829	0.003682196674
6830	0.005401686856
6831	0.005165078422
6832	0.005140117122
6833	0.003423869778
6834	0.0001491825613
6835	0.01329244699
6836	0.001736012443
6837	0.0004949918073
6838	0.001907938656
6839	0.001820577766
6840	0.003188006398
6841	0.01117105246
6842	0.007098311637
6843	0.0005984581786
6844	0.002931190486
6845	0.0004235694823
6846	0.002221043672
6847	0.002665763486
6848	0.003490487879
6849	0.004842821529
6850	0.001110882675
6851	0.003522810695
6852	0.004213229769
6853	0.0009980071721
6854	0.003302590763
6855	0.009917129096
6856	6.36239782e-05
6857	0.001280081737
6858	0.002001073081
6859	0.0002764280078
6860	0.001022801132
6861	0.0007591525995
6862	0.002235016859
6863	0.003039410877
6864	0.0001274079618
6865	0.001882863382
6866	0.001517645939
6867	0.005168987095
6868	0.006305856957
6869	0.006767659514
6870	5.476839237e-05
6871	2.711171662e-05
6872	0.004686626143
6873	0.0001583106267
6874	0.005543725653
6875	0.002133666844
6876	0.00442174902
6877	0.001135760418
6878	0.01139888051
6879	0.0004281554337
6880	0.008294736203
6881	0.005233900512
6882	0.0007488937754
6883	0.001675967801
6884	0.00467624897
6885	0.004058767675
6886	0.005663953397
6887	0.001902669602
6888	0.002606932102
6889	0.0002972297911
6890	0.0003343032369
6891	0.003835092295
6892	0.0008516656078
6893	0.001774975222
6894	0.0002252994642
6895	0.001807343911
6896	0.0004238759797
6897	0.0007994811918
6898	0.003107493641
6899	0.00703436188
6900	0.000853236846
6901	0.0106879111
6902	0.002089337049
6903	0.005716567564
6904	0.01383782666
6905	0.001570971823
6906	0.005882987651
6907	0.0005198266921
6908	0.001529780161
6909	0.005133578191
6910	0.001956872342
6911	0.004652645653
6912	0.000314359176
6913	0.0001171662125
6914	0.0002988442377
6915	0.002413635344
6916	0.003134178628
6917	0.001000061384
6918	0.003775839493
6919	9.277929155e-05
6920	0.006921532181
6921	0.004350957882
6922	0.006125741075
6923	0.004477594688
6924	0.0001264305177
6925	0.0001264305177
6926	0.002274748554
6927	0.001954960261
6928	0.002432739905
6929	0.0003433433714
6930	0
6931	0.001430412934
6932	0.003183518192
6933	0.003655773089
6934	0.0006171221687
6935	0.001086124297
6936	0.0004144844579
6937	0.000451576031
6938	0.01217334579
6939	0.003099594681
6940	0.0003285422343
6941	8.964577657e-05
6942	8.964577657e-05
6943	0.0001070844687
6944	0.0002727622699
6945	0.0009100362636
6946	0.002067231075
6947	0.001374710264
6948	0.006103003527
6949	0.004467749886
6950	0.007058242806
6951	0.001697413876
6952	0.008020711349
6953	0.001519876483
6954	0.0006906766576
6955	0.006730767682
6956	0.0007424148801
6957	0.005961622744
6958	0.0009015356499
6959	0.003213733816
6960	0.002333879845
6961	0.001287749526
6962	0.0001679155313
6963	0.007416210058
6964	0.005873092583
6965	0.0001112624886
6966	8.664850136e-05
6967	8.664850136e-05
6968	0.0005861797234
6969	0.003080433532
6970	0.01022229366
6971	0.0003112332099
6972	0.0001102759334
6973	0.003100551871
6974	0.0004981544571
6975	0.001835824317
6976	0.002368802656
6977	0.001826632194
6978	0.003459092627
6979	0.002870478465
6980	7.407134356e-06
6981	0.003425040031
6982	0.001998155174
6983	0.005934681951
6984	0.0006030447949
6985	0.004076745631
6986	0.00623793482
6987	0.0008380660241
6988	0.001441162871
6989	0.001787148058
6990	0.001188239344
6991	0.00487091293
6992	0.0002556539509
6993	0.004938493362
6994	0.004430999869
6995	0.00519138547
6996	0.001968551876
6997	0.002058576282
6998	0.002574487706
6999	0.004184671671
7000	0.0003333298028
7001	0.002219754173
7002	3.337874659e-05
7003	0.003323566045
7004	0.00236517479
7005	0.002146838072
7006	0.004494260387
7007	0.0001126702997
7008	0.001753826934
7009	8.337420531e-05
7010	0.008041972904
7011	0.00390035285
7012	0.005759299369
7013	0.0001224936859
7014	0.002410896661
7015	9.073569482e-05
7016	9.073569482e-05
7017	0.0004786913689
7018	0.0002498637602
7019	0.002970615691
7020	0.005406922737
7021	0.001782148002
7022	0.003149001758
7023	0.0009095914803
7024	0.002409853289
7025	0.002495041409
7026	0.0001081743869
7027	0.0001054495913
7028	0.003099665535
7029	0.009405782588
7030	0.003970374014
7031	0.001265473634
7032	0.005608209163
7033	0.01028454539
7034	0.0001051168255
7035	0.0008029745686
7036	2.561307902e-05
7037	2.561307902e-05
7038	0.0001810399637
7039	0.002352088661
7040	0.002300220002
7041	0.001497029577
7042	0.002873384207
7043	0.001234465794
7044	0.00329842483
7045	0.00296013922
7046	0.00363004569
7047	0.0007426403247
7048	0.001592676157
7049	0.002883873978
7050	0.003585315398
7051	0.0004418137935
7052	0.004144989918
7053	0.009891015441
7054	0.001990787135
7055	0.002673225662
7056	0.001415920619
7057	0.003414202182
7058	6.948228883e-05
7059	7.220708447e-05
7060	0.004932152356
7061	0.002340477033
7062	0.002481703599
7063	5.112624887e-05
7064	0.0009839699431
7065	0.001341293242
7066	0.0001967785032
7067	8.801089918e-05
7068	8.801089918e-05
7069	0.0002623978201
7070	0.001282799958
7071	0.0001359673025
7072	0.0003859259681
7073	0.004357187853
7074	0.002592897152
7075	0.00882476294
7076	0.001124988048
7077	0.003030582231
7078	0.004453591612
7079	0.000911967568
7080	0.001002037783
7081	0.01375255004
7082	0.0001465810836
7083	0.001834365299
7084	0.0009086668551
7085	0.0004533952718
7086	0.01263457691
7087	0.004772082204
7088	0.003086964945
7089	0.003551652735
7090	0.003644000806
7091	3.113850335e-05
7092	0.003078290494
7093	9.377006177e-05
7094	0.001113728952
7095	0.001051920081
7096	0.003778856091
7097	0.004504171256
7098	0.0003628974828
7099	0.001337658829
7100	6.948228883e-05
7101	6.948228883e-05
7102	0.0002479564033
7103	0.0001938083184
7104	0.002025964795
7105	0.0001138964578
7106	0.006211709443
7107	0.0003400874901
7108	0.001022058298
7109	0.001583258255
7110	0.003089506375
7111	0.0008678228049
7112	0.002528193516
7113	0.003019014158
7114	0.004069975545
7115	0.004310903196
7116	0.000346889559
7117	0.00393422591
7118	0.004525843233
7119	0.0004147568735
7120	8.460490463e-05
7121	0.005516214671
7122	0.0008245014337
7123	0.0001280653951
7124	1.553133515e-05
7125	0.0001008174387
7126	0.0001035422343
7127	0.00335650219
7128	0.001822886648
7129	0.0008455276042
7130	0.001458339344
7131	4.527135017e-05
7132	0.001690011987
7133	0.002146892833
7134	6.049046322e-05
7135	6.049046322e-05
7136	0.006173187134
7137	0.004142257954
7138	3.174386921e-05
7139	0.002833120018
7140	0.00588112729
7141	0.001416912317
7142	0.0003907790524
7143	0.00266656846
7144	0.0001461085084
7145	0.002076222548
7146	0.0008872347273
7147	0.0007892370572
7148	0.002837338988
7149	0.0004419713393
7150	0.005615963215
7151	0.002986294489
7152	0.00051706858
7153	0.0005233331289
7154	0.001460168285
7155	0.00128316753
7156	0.002325718781
7157	2.72479564e-07
7158	0.001587914555
7159	0.0003562436578
7160	0.004708279692
7161	0.0001904405086
7162	0.0003932334241
7163	0.008167777959
7164	0.000330043584
7165	0.0007870024194
7166	0.00482392675
7167	0.003346511715
7168	0.0001258855586
7169	0.0008769754768
7170	0.005182744249
7171	0.0002322105154
7172	0.0003673185608
7173	0.003173614003
7174	0.0001141689373
7175	0.0001141689373
7176	0.000150681199
7177	0.001100066842
7178	0.004644738368
7179	0.001736270945
7180	0.00249888468
7181	0.006351072435
7182	0.003117834299
7183	0.001498529825
7184	0.001011739328
7185	0.0001563699514
7186	0.001139531603
7187	0.003379244837
7188	0.008632215917
7189	7.861035422e-05
7190	0.0002215032661
7191	0.002316472425
7192	0.0006991828242
7193	0.002425603942
7194	0.002677536397
7195	0.005011866423
7196	0.0001708458293
7197	0.001656016973
7198	0.002525158968
7199	0.002912190481
7200	0.0007599493731
7201	0.003875834464
7202	0.0004762034514
7203	0.003143883848
7204	0.002948734363
7205	0.002974312446
7206	0.001074528481
7207	0.002603449299
7208	0.004032508756
7209	0.00190553399
7210	0.001761713843
7211	0.0001272479564
7212	0.000129972752
7213	6.135909328e-05
7214	0.00091755139
7215	0.001695010911
7216	0.007519618329
7217	0.001815249695
7218	0.001778882235
7219	0.0009398676399
7220	0.0004434580805
7221	0.003107168304
7222	0.004256369825
7223	0.001882738149
7224	0.001468675413
7225	0.00160060956
7226	0.002893400474
7227	0.0005665940055
7228	0.001461119415
7229	0.00168974367
7230	0.004579184163
7231	0.002058115783
7232	0.0002471389646
7233	0.002073271305
7234	0.001688337718
7235	0.008160775352
7236	3.114267601e-05
7237	0.002603550945
7238	0.001324534834
7239	0.00957479927
7240	0.002834288192
7241	0.0004083388629
7242	0.003047226182
7243	0.0007060236072
7244	0.003612953062
7245	5.201323159e-06
7246	0.001280927519
7247	0.002255186687
7248	0.001080410678
7249	0.004303495768
7250	0.002682771137
7251	0.0008327114942
7252	0.0001036314342
7253	0.0008842782899
7254	0.001725507376
7255	0.00987179522
7256	0.000841062353
7257	0.003441427569
7258	0.000837401898
7259	0.005048325526
7260	0.001492901154
7261	0.000935802206
7262	0.002953810305
7263	0.003061533767
7264	0.0002271807445
7265	0.004438761646
7266	0.001526251099
7267	0.008831144787
7268	0.00071226973
7269	0.003113757997
7270	0.0005865617812
7271	0.0069657782
7272	0.001421972624
7273	0.001419660604
7274	4.250681199e-05
7275	0.004240562054
7276	0.001116816656
7277	0.001149016999
7278	1.619168104e-05
7279	0.0005698642231
7280	0.007263569523
7281	0.0004452316076
7282	0.002230791769
7283	0.001687864673
7284	0.0004753938821
7285	0.005634023244
7286	0.0002735013624
7287	3.366697547e-05
7288	0.0033693082
7289	0.004424009978
7290	0.0002262864328
7291	0.0001512262292
7292	9.652961701e-05
7293	0.0004263623978
7294	0.001135263559
7295	0.0007866367524
7296	0.004871032469
7297	0.004873428311
7298	0.003547882628
7299	0.007640608341
7300	0.0001081743869
7301	0.001513880018
7302	0.007044742559
7303	0.003281199901
7304	0.0005634827315
7305	0.0006304283714
7306	0.002326208465
7307	0.005362933206
7308	0.001811039089
7309	0.0006961136109
7310	0.003874767548
7311	6.702997275e-05
7312	6.702997275e-05
7313	0.002066445852
7314	0.001162199081
7315	0.005509128241
7316	9.959128066e-05
7317	0.002310592294
7318	0.0009662579475
7319	0.002011348622
7320	0.002437747843
7321	0.001278671521
7322	0.003919565603
7323	0.00034164396
7324	0.003163249099
7325	0.009806669437
7326	0.0008723755631
7327	0.00239623528
7328	0.0010446048
7329	0.0006681129655
7330	0.009934854525
7331	0.001453524532
7332	0.0002647296401
7333	2.384196185e-05
7334	0.0004509899248
7335	0.005644974861
7336	0.005003700588
7337	0.002950899545
7338	0.0001363760218
7339	0.001446212949
7340	0.004884300655