node_id	error
0	0.0003482261221
1	0.003300884251
2	5.980999909e-05
3	0.00162711982
4	0.002882820356
5	0.0008312033861
6	0.009439960603
7	0.002258621678
8	0.0005397256114
9	0.00128987361
10	0.00144587098
11	0.002120940462
12	0.003642804444
13	0.002150914788
14	0.002283739751
15	0.002328558881
16	0.001023148792
17	0.00344028765
18	0.005432956607
19	0.002136548782
20	0.002593998841
21	0.00192231134
22	0.004377984436
23	0.0006366962427
24	0.004612536472
25	0.004844036523
26	0.002358162825
27	0.009520344679
28	0
29	0.002095910418
30	0.001611964018
31	7.725770706e-05
32	0.002431578691
33	0.004682999473
34	0.004299345474
35	0.01253817823
36	0.00404325128
37	0.0008535434476
38	0.002944177656
39	0.002417296414
40	0.0001989219333
41	0.0004139580464
42	0.001343754206
43	0.01527292013
44	0.001439335143
45	0.003122032417
46	0.002434224316
47	0.00260452386
48	0.003162186561
49	0.001413766515
50	0.007157696899
51	0.005440358678
52	0.007897606325
53	0.007253173143
54	0.001527321871
55	0.006514873824
56	0.001450863708
57	0.0008372660627
58	0.0009104254223
59	0.002712110575
60	0.002465724039
61	0.001632629222
62	0.001120061718
63	0.002340982364
64	0.00363614722
65	0.003891720686
66	0.001630319491
67	0.0003637923737
68	0.0006802428193
69	0.007903866657
70	0.001914785502
71	0.002356501065
72	0.001698889727
73	0.003625873509
74	0.002346067506
75	0.008429906348
76	0.004148014446
77	0.000582656224
78	0.002220319403
79	0.01021249946
80	0.0002132214147
81	0.002938707528
82	0.0001426685216
83	0.001342921705
84	0.0009978313042
85	0.001260273201
86	0.00125988317
87	0.00136316176
88	0.003284582719
89	0.0002263024913
90	0.001576778076
91	0.00226178479
92	0.002292023595
93	0.0006756974859
94	0.003050745723
95	0.0009252233502
96	0.002059417979
97	0.002430520948
98	0.002043239275
99	0.002066110523
100	0.002280312787
101	0.002389766184
102	0.001156215463
103	0.001445322522
104	0.0005861319107
105	0.001252766672
106	0.001661498586
107	0.002208878151
108	0.002107422631
109	0.002344965827
110	0.008239986807
111	0.0002557334059
112	0.005146491683
113	0.001034894476
114	0.001763559472
115	0.002798755793
116	0.003094655591
117	0.0008464547343
118	0.002997761786
119	0.001153457826
120	0.002054993435
121	0.004167445563
122	0.003125877996
123	0.00247384699
124	0.003987049752
125	0.000727916035
126	0.001445045813
127	0.001912312861
128	0.002887570702
129	0.001694807911
130	0.008289703087
131	0.001749208606
132	0.003871881971
133	0.002370195228
134	0.001462979398
135	0.0045507928
136	0.004621560056
137	0.008656012562
138	0.006322538262
139	0.008345228493
140	0.0007394316908
141	0.004860810652
142	0.002586695042
143	0.003293630287
144	0.003001652837
145	0.004077080811
146	0.0007108358797
147	0.00329324409
148	0.001661725266
149	0.002233432493
150	0.001104855837
151	0.003015553555
152	0.004578284324
153	0.005762056497
154	0.006449146056
155	0.002210670197
156	0.001788480722
157	0.002014019087
158	0.003746501867
159	0.01591522586
160	0.01376033761
161	0.002672127958
162	0.004540260792
163	0.002859517665
164	0.002399565568
165	0.007132331696
166	0.0004985073547
167	0.0025566048
168	0.004451959393
169	0.004851555455
170	0.002438925971
171	0.008280700653
172	0.0006574394242
173	0.01229790633
174	0.003866194801
175	0.002345326672
176	0.0004802190652
177	0.001314883678
178	0.01043208087
179	0.0002081285661
180	0.0005454018675
181	0.002215382856
182	0.007061074011
183	0.0007171114813
184	0.003727233297
185	0.0003184978505
186	4.743514254e-05
187	5.818346957e-05
188	0.0001896457766
189	0.002376439833
190	0.002198924916
191	0.002796607946
192	0.003942049292
193	0.005984402657
194	0.0007560268753
195	0.002792041131
196	0.006010974806
197	0.00134961926
198	0.01041004407
199	0.0006874737359
200	0.01098313066
201	0.00152306402
202	0.001975715969
203	0.004606281274
204	0.0005538213728
205	0.007204645804
206	0.006296008366
207	0.001417822416
208	0.009208707334
209	0.004900761746
210	0.001223595532
211	0.006523133237
212	0.005841561634
213	0.007113671283
214	0.0002436259754
215	0.001576246534
216	0.0014894757
217	5.658862727e-05
218	0.001855424245
219	0.001427120091
220	0.002380181104
221	0.01646283975
222	0.001389310831
223	0.001553953374
224	0.001470597308
225	0.0119296563
226	0.001762266094
227	0.005118149541
228	0.003719295574
229	0.002284755295
230	0.001404386954
231	0.003476427598
232	0.004239846338
233	0.001197787463
234	0.00205964208
235	0.002901147303
236	7.760341752e-05
237	0.00170237052
238	3.106007526e-05
239	0.0002950953679
240	0.004932908453
241	0.004909835632
242	1.008174387e-05
243	1.008174387e-05
244	0.002074158608
245	0.0004598762291
246	0.001754196397
247	0.002599968153
248	0.003184017944
249	0.003049562363
250	0.00366344609
251	7.602179837e-05
252	3.742052679e-05
253	0.01208701089
254	0.007031264539
255	0.004385860479
256	0.001584518551
257	0.002162546349
258	0.002339640845
259	0.002889662755
260	0.001466154177
261	0.002140547402
262	0.004914977948
263	0.0001943192311
264	0.001526880259
265	0.007243277013
266	0.002573056106
267	0.004140461706
268	0.00210652477
269	0.002624741524
270	0.001430139178
271	0.002112065903
272	0.003690184933
273	0.002431793788
274	0.003933161515
275	0.00216459755
276	0.001685119985
277	0.00300570353
278	0.002456909853
279	0.003967898754
280	0.004068881037
281	0.001969443946
282	0.002387556085
283	0.00208816154
284	0.001565575428
285	0.003830358814
286	0.001075016865
287	0.001081864858
288	0.0002212944641
289	0.004646872997
290	0.003897995992
291	0.001618493753
292	0.0006477186828
293	0.003223190273
294	0.002026119058
295	0.01292192089
296	0.006362910782
297	0.001425038737
298	0.00321323301
299	0.0002101818855
300	0.0003982309374
301	0.0005280585498
302	0.001533129739
303	0.0009679944152
304	0.0007225480792
305	9.532973355e-05
306	0.001892611324
307	0.001948164737
308	0.001948664689
309	0.002848012492
310	0.000835951287
311	0.001751482773
312	0.00233922961
313	0.001967257156
314	0.006129667541
315	0.001909622961
316	0.0008496078433
317	0.002497910308
318	0.001172181679
319	0.00178178533
320	0.002925784591
321	0.004643505505
322	0.002661544968
323	0.00208421897
324	0.001084474324
325	0.001557994052
326	0.001075614424
327	0.00184067492
328	0.002342424649
329	0.0005312640155
330	0.007433778369
331	0.01034760254
332	0.0003637810345
333	0.01457208197
334	0.001953771113
335	0.001596016399
336	0.001463795315
337	0.002210236124
338	0.005851389829
339	0.0005275952673
340	0.005383562087
341	0.002039255629
342	0.001643859284
343	0.00243344114
344	0.008070368221
345	0.002552677797
346	0.001258131316
347	0.001864613567
348	0.003728950119
349	0.004024831994
350	0.00185221365
351	0.001046657483
352	0.00384233672
353	0.00318491809
354	0.004751660567
355	0.002192306134
356	0.002910308155
357	0.001426693757
358	0.002743087879
359	0.001963121188
360	0.00580737169
361	0.00443418566
362	0.002632657513
363	0.0009534549857
364	0.003022216206
365	0.007839659295
366	0.008697158956
367	0.003019700756
368	0.002659932376
369	0.001280535467
370	0.00242293519
371	0.001583104654
372	0
373	0.0002117958322
374	0.003786747536
375	0.0003893193132
376	0.001689329393
377	0.008087106786
378	0.004318533298
379	0.001965666366
380	0.003798733286
381	0.004108867008
382	0.002638808018
383	0.001860104957
384	0.00157347769
385	0.004709550171
386	0.009033028462
387	0.002137127336
388	0.0009487848402
389	0.0003682686148
390	0.0007064883433
391	0.001745033172
392	0.0008377938012
393	0.0009610882591
394	0.006744092491
395	0.001487689098
396	0.004867904524
397	0.01151207599
398	0.01135725327
399	0.004275726392
400	0.001355570273
401	0.0001854960695
402	0.0008019182026
403	0.001351992059
404	0.002302884921
405	0.0008888200287
406	0.0005491810402
407	0.002126072008
408	0.0001664619443
409	0.006196025594
410	0.001173145712
411	0.002468933339
412	0.01351928316
413	0.005066950817
414	0.002909676144
415	0.001197152458
416	0.001996608663
417	0.002459352034
418	0.0005562682733
419	9.30472824e-06
420	0.002363221535
421	0.001295122874
422	0.001712249532
423	0.001918365261
424	0.003090589257
425	0.001563180194
426	0.001855022471
427	0.006905694153
428	0.009490269279
429	0.002377362707
430	8.038147139e-05
431	8.038147139e-05
432	0.002552327393
433	0.0006342145001
434	0.003393823933
435	0.006335682431
436	0.001154322186
437	0.002883670908
438	0.00333481512
439	0.002415116807
440	0.002425037573
441	0.006362811922
442	0.000431376986
443	0.01208291567
444	0.00238115519
445	0.00588377327
446	0.006256725774
447	3.092772804e-05
448	0.0001880108992
449	0.001526187552
450	0.004998672417
451	0.004318031586
452	0.001410105862
453	0.002745186843
454	0.001432239798
455	0.001093583815
456	0.002337982302
457	0.00259374658
458	0.003999844813
459	0.003302238018
460	0.005119008339
461	0.01069895792
462	0.0007960354654
463	0.002818210939
464	0.002117094292
465	0.002547844999
466	0.004594503497
467	0.004495096354
468	0.001910155952
469	0.0017701528
470	3.548988868e-05
471	0.001469909838
472	0.003936055195
473	0.0003381422694
474	0.003272440922
475	0.001924903282
476	0.007290072801
477	0.002079668845
478	0.003157450176
479	0.001275114842
480	0.01270159881
481	0.0002466803531
482	0.009273505686
483	0.001111445149
484	0.002733764323
485	0.004318706172
486	0.001101657022
487	0.002067087491
488	0.001802821046
489	0.0002349848399
490	0.000841213117
491	0.009032569919
492	0.002971082357
493	0.001511109565
494	0.00235088646
495	0.003726478275
496	0.001511085422
497	0.003452195639
498	0.001541507918
499	0.002435704718
500	0.00537524685
501	0.002096040645
502	0.00166091999
503	0.002700454217
504	0.003268752563
505	0.004118222049
506	0.002028647196
507	0.001344926939
508	0.001500209466
509	0.003610501789
510	0.002950984606
511	0.003236031665
512	0.0003975761413
513	0.001668392019
514	0.00604151328
515	0.001393365617
516	0.0004773635894
517	0.005078178326
518	0.00773594061
519	9.938468065e-05
520	0.001866739959
521	0.001766289327
522	0.001954084479
523	0.003953541943
524	0.0008554263378
525	0.001161704923
526	0.0003929802494
527	0.00273185592
528	0.003550734757
529	0.004273614425
530	0.0007535222831
531	0.001724356263
532	0.005130345106
533	0.003187831459
534	0.001342865351
535	0.003201083812
536	0.00111403918
537	0.0019471548
538	0.001073247715
539	0.001300236043
540	0.004789514981
541	0.004293211173
542	0.001458266904
543	0.001508734028
544	0.0005447331052
545	0.006670168151
546	0.003052165264
547	0.01246340668
548	0.009307648593
549	0.0009638678988
550	0.002044408252
551	0.004525964635
552	0.002113930069
553	0.002874396634
554	0.003224261377
555	0.002220031415
556	0.001484794405
557	0.001824918029
558	0.002263373749
559	0.001023505507
560	0.003213253616
561	0.002718481492
562	0.001779240984
563	0.0008997105636
564	0.00150033623
565	0.0004247579987
566	0.0008840052705
567	0.001582244044
568	0.004810342715
569	0.002595168047
570	0.001730166355
571	0.003133824345
572	0.007505539097
573	0.008003152554
574	0.005606059341
575	0.004234743024
576	0.0009677431098
577	0.0003430089578
578	0.002972344617
579	0.00429277339
580	0.002434127505
581	0.00178867185
582	0.005311752615
583	0.002378542613
584	0.002897023066
585	0.003373353393
586	0.00485391625
587	0.006595266432
588	0.001081500448
589	0.003044668406
590	0.001348298682
591	0.004954699873
592	0.0004917378848
593	0.0001320027216
594	0.0009255215065
595	0.001267578056
596	0.002807200401
597	0.005585413851
598	0.002745528444
599	0.004070783674
600	0.0001702556424
601	0.003239233674
602	0.0057694629
603	0.002695206739
604	4.46866485e-05
605	4.46866485e-05
606	0.004557032739
607	0.003281275298
608	0.002424141412
609	0.02050263006
610	0.002388243303
611	0.00348721734
612	0.001652860811
613	0.004452030381
614	0.0008244644564
615	0.002353759378
616	0.003346300662
617	0.002986601938
618	0.003661673461
619	0.00178089617
620	0.00162692544
621	0.0008958809166
622	0.002668195964
623	0.002942356721
624	0.002427063784
625	0.002761724485
626	0.003308512502
627	0.0008624713979
628	0.0007238907108
629	0.003890382187
630	0.003117042648
631	0.002531860429
632	9.192210264e-05
633	0.003736108108
634	0.0008999461817
635	0.001900027414
636	0.0006200979295
637	0.00394969153
638	0.003326147364
639	0.002909690999
640	0.002036482637
641	0.003489649131
642	0.0005318837288
643	0.006832695221
644	0.001370850051
645	0.0002467872667
646	0.01181431221
647	0.003271208134
648	6.026904994e-05
649	0.002452810315
650	0.001627488646
651	0.0009821738492
652	0.0009756449629
653	0.001505388599
654	0.01182398547
655	0.004069288173
656	0.0001550912165
657	0.0006161535891
658	0.001488674031
659	0.004048813184
660	0.007881087335
661	0.01235165438
662	0.004174844769
663	0.001560892868
664	0.002272807148
665	0.00285672478
666	0.002785750271
667	0.004079248349
668	0.004382899125
669	0.005390029574
670	0.001971439171
671	0.002562466208
672	0.0007239289366
673	0.0001911182056
674	0.002878199127
675	0.0005635009004
676	0.0009049981462
677	0.01383989734
678	0.006819264581
679	0.001352562407
680	0.004720421753
681	0.002572167414
682	0.004489700184
683	0.001232497781
684	0.002627939139
685	0.002530822817
686	0.003012300526
687	0.006338473327
688	0.002582048116
689	0.003028457478
690	0.0002511886932
691	0.0009879708871
692	0.000268812264
693	0.00015275592
694	0.003490646075
695	0.01667866818
696	0.01599421522
697	0.001811241896
698	0.009621238933
699	0.001138342209
700	0.003207226689
701	0.003273756759
702	0.001156001304
703	0.006363731932
704	0.01605217452
705	0.009143088942
706	0.001210043737
707	0.0008740843406
708	0.002992318693
709	0.0009518631289
710	0.0002624183387
711	0.002187367609
712	0.0004744505811
713	0.0004246741737
714	0.0002979957977
715	6.321525884e-05
716	0.002454438613
717	0.001553344384
718	0.002630244846
719	0.003112963821
720	0.006456122894
721	0.00951479987
722	0.001736769437
723	0.006794633826
724	0.005197021045
725	0.004275566566
726	0.00231570866
727	0.001863921787
728	0.0008319696137
729	0.004179823215
730	0.005191261595
731	0.01029550052
732	0.01062786535
733	6.693914623e-05
734	0.0001166212534
735	0.01160662874
736	0.007215775265
737	0.001192130609
738	0.002459813701
739	0.00700327423
740	0.001468849108
741	0.0005364333884
742	0.003795040827
743	0.003508574712
744	0.0008888580163
745	3.234029666e-05
746	0.0002130790191
747	0.004066268826
748	0.0001999231198
749	0.003405281319
750	0.001253081946
751	0.00648532383
752	0.008546983757
753	0.00255549489
754	0.001889749831
755	0.00856139901
756	0.002517866297
757	0.002875213781
758	0.008251235593
759	0.006215596972
760	0.005739504212
761	0.01251108968
762	0.01186942867
763	0.006971075982
764	0.00593631804
765	0.004594463522
766	0.006024300613
767	0.001469476554
768	0.001092957585
769	0.001304160331
770	0.0026416625
771	0.0001602579786
772	0.01176161874
773	0.008541787496
774	0.002624042321
775	0.002916199562
776	0.001579231144
777	0.0001158349088
778	0.006107951145
779	0.001370492861
780	0.003520950941
781	0.001829047105
782	0.0001830965404
783	0.002652412562
784	0.0005875920269
785	0.001197925931
786	1.603829792e-05
787	0.003555897234
788	0.001240414498
789	0.002902386167
790	0.0002369118983
791	0.0002429148826
792	0.0001335149864
793	9.282470481e-05
794	0.003536597389
795	0.003730537423
796	0.00191891847
797	0.004853519211
798	0.001430397452
799	0.0006347066198
800	0.002766950965
801	0.0003547466821
802	0.003001547152
803	0.0002747024183
804	0.00100642452
805	0.001038588599
806	0.001724396721
807	0.001924166508
808	0.007240683196
809	0.001102418322
810	0.0007842018831
811	0.004073638332
812	0.003011503683
813	0.00619265441
814	0.001830324269
815	0.003915666402
816	0.003442734799
817	0.00198374181
818	0.01301867774
819	0.001278382675
820	0.003261026933
821	0.002310680787
822	0.002673282258
823	0.001314664989
824	0.002698582255
825	0.002790688602
826	1.799390831e-05
827	0.0003119460503
828	0.00615979416
829	0.002408678775
830	0.003728868592
831	0.004714652672
832	0.002854608072
833	0.0001035422343
834	0.0001035422343
835	0.0001727262602
836	0.00141761955
837	0.001654169719
838	0.00433603968
839	0.004088625331
840	0.001777006241
841	0.003873702863
842	0.002256314242
843	0.001125393984
844	0.00244683308
845	0.002953379012
846	0.003354773618
847	0.005977693248
848	0.001004064891
849	0.005168922926
850	0.001765175638
851	0.002464317359
852	0.001467781598
853	0.001680523504
854	0.002802139536
855	0.002310319376
856	0.005070785272
857	7.988825106e-05
858	0.0004138210898
859	0.004892565562
860	0.002580793792
861	0.004459190771
862	0.007049176564
863	0.00124574394
864	0.001016746143
865	0.001396856027
866	0.003671144637
867	0.004357787912
868	0.005492929077
869	0.002138238386
870	0.001998159425
871	0.001263797746
872	0.002184193404
873	0.0042467958
874	0.009203377866
875	0.004636939017
876	0.00139183245
877	0.003878721021
878	0.01466616153
879	0.00228505222
880	0.001871507866
881	0.003375060472
882	0.001146003794
883	0.001875558335
884	4.76475931e-05
885	0.0002155313351
886	0.002111143348
887	0.003278959891
888	0.004996030649
889	0.00660950319
890	0.001723676743
891	0.01403969341
892	0.01220068393
893	0.0004097203122
894	0.001000837032
895	0.007143645559
896	0.004100921195
897	0.002289712478
898	0.007758218241
899	0.004819780924
900	0.002274708932
901	0.001111254703
902	0.008350831314
903	0.006331362327
904	0.004901895766
905	0.0001615803815
906	3.542234332e-05
907	0.00219860856
908	0.003257919132
909	0.001107658075
910	0.009616879856
911	0.01261754318
912	0.0117107364
913	0.003547563333
914	0.004021946665
915	0.003275506402
916	0.003527106418
917	0.00120994337
918	0.001821111712
919	0.002134431108
920	0.0015540736
921	0.006675736943
922	0.01562547457
923	0.003124365614
924	0.004096272153
925	0.004885831644
926	0.0001684815856
927	0.002932553406
928	0.0004210502732
929	6.811988768e-06
930	0.0003828252083
931	0.008883243401
932	0.005818454414
933	0.001739415393
934	0.0009341104509
935	0.0002100636541
936	0.001444512809
937	0.004135845694
938	0.003920444711
939	0.002393891139
940	0.001336822641
941	4.166861295e-05
942	0.0002123610406
943	0.001115221599
944	0.003929286449
945	0.001183264858
946	0.01009811487
947	0.008247815042
948	0.01017658867
949	0.008457628416
950	0.002065346003
951	0.001338237233
952	0.003019782711
953	0.001310690836
954	0.008209045313
955	0.01245161202
956	0.001308741745
957	0.003349250784
958	0.001258585691
959	0.002485691854
960	0.006234093945
961	0.004358842739
962	0.00429969699
963	0.003583365876
964	0.001028386807
965	0.001683418421
966	0.002977614014
967	0.0006481796478
968	0.006386732886
969	0.001701735503
970	0.003381763471
971	0.001398599975
972	0.002985940067
973	0.006879526438
974	0.002693059219
975	0.001830930206
976	0.002036948743
977	0.002244664437
978	0.003145611172
979	0.004004466021
980	0.01197913181
981	0.01234444685
982	0.004338725473
983	0.002115535261
984	0.001131922301
985	0.002308002635
986	0.001839887674
987	0.01317244717
988	0.002800329118
989	0.00179196547
990	0.006538963793
991	0.005499538377
992	0.004079889748
993	0.0009764532736
994	0.002288947625
995	7.901907357e-05
996	7.901907357e-05
997	0.00117153982
998	0.003094749152
999	0.0009698908579
1000	0.0001883307396
1001	0.003435106825
1002	0.001606732719
1003	0.004128148332
1004	0.001515563806
1005	0.002408254264
1006	0.0001131241902
1007	0.001358190965
1008	0.002237878688
1009	0.002464814374
1010	0.001371364513
1011	0.001713785038
1012	0.003879846314
1013	0.005738542202
1014	0.006545353225
1015	0.001918500116
1016	0.0002621253406
1017	0.0001498819255
1018	0.001234145357
1019	0.002920384436
1020	0.009851849476
1021	0.009619909455
1022	0.01154977205
1023	0.008483311364
1024	0.00284364389
1025	0.001704864659
1026	0.00381816007
1027	0.002532334703
1028	0.0009371750956
1029	0.01192958773
1030	0.003672956291
1031	0.001628134474
1032	0.0001845871143
1033	0.001761072179
1034	0.0007015461103
1035	0.001292924989
1036	0.0008014319248
1037	0.0007816737876
1038	0.004970211604
1039	0.0031043626
1040	0.002172709297
1041	0.001350152353
1042	4.650522142e-05
1043	0.006636621858
1044	0.004117847076
1045	0.000713233166
1046	0.001386472003
1047	0.001999346606
1048	0.004157868615
1049	0.00166146721
1050	0.001552704606
1051	0.006905279015
1052	0.0004656842097
1053	0.001646556565
1054	0.00403616769
1055	0.002134733876
1056	0.00325869892
1057	0.0002814623486
1058	0.004675562221
1059	0.003314159231
1060	0.002599765187
1061	0.000738714487
1062	0.004687093239
1063	0.01104840217
1064	0.00678463548
1065	0.0100412551
1066	7.135110434e-05
1067	0.001687219675
1068	0.0006058561041
1069	0.002008553907
1070	0.001296474108
1071	0.005025214126
1072	0.0003826322661
1073	0.001357677269
1074	0.003373758083
1075	0.009615534224
1076	0.007997996773
1077	0.004192903181
1078	0.001692513834
1079	0.01205204325
1080	0.0009317318411
1081	0.0004610951429
1082	0.0007051076784
1083	0.004903702827
1084	0.004231720116
1085	0.002398881188
1086	0.006605822378
1087	0.005824214083
1088	0.0003686298183
1089	0.002973346291
1090	0.0008605653151
1091	0.007421858155
1092	0.005591867918
1093	0.002328935381
1094	0.002317419139
1095	0.0001560217984
1096	0.0002664850136
1097	0.001473597702
1098	0.0002557543959
1099	9.740999331e-05
1100	0.002747974712
1101	0.003097707953
1102	0.002009679987
1103	0.0001856104618
1104	0.007292555782
1105	0.0009701050993
1106	0.01056219698
1107	0.006146123984
1108	0.0001667874361
1109	0.001142395375
1110	0.01017041421
1111	0.005010637583
1112	0.001333005737
1113	0.006989939728
1114	0.001940972144
1115	0.006339976797
1116	0.002132967817
1117	0.00109447475
1118	0.003976228728
1119	0.000503297896
1120	0.0038796549
1121	0.002240962399
1122	0.000273893852
1123	2.643051769e-05
1124	0.01008488374
1125	0.00578998536
1126	0.003802027505
1127	0.002136300151
1128	0.002202914158
1129	0.002529359649
1130	0.001062814672
1131	7.840907059e-05
1132	0.0002166601492
1133	0.001523761368
1134	0.005492200626
1135	0.003725385194
1136	0.002819728506
1137	0.0001935757308
1138	0.003463488093
1139	0.004770712491
1140	0.006525403951
1141	0.0004983391645
1142	0.001749726383
1143	0.001534971472
1144	0.009997726195
1145	0.002190193595
1146	0.0008878682366
1147	0.002977413639
1148	0.0006224477604
1149	0.002822483194
1150	0.003338022446
1151	0.00403982337
1152	0.004702920152
1153	0.002461018588
1154	0.01384224613
1155	0.00300328215
1156	0.002331866927
1157	0.004814222099
1158	0.001595472386
1159	0.003557062126
1160	0.000429440302
1161	0.0001574691422
1162	0.003470197759
1163	0.004749490333
1164	0.001774990162
1165	0.002932180617
1166	0.002371016941
1167	0.005488998972
1168	0.003548527263
1169	0.002130653339
1170	0.004356154477
1171	0.009140617577
1172	0.0008434688775
1173	0.001016271128
1174	0.004209567949
1175	0.0009612093284
1176	0.005724118074
1177	0.0003374137156
1178	0.004541771449
1179	0.009813014446
1180	0.001924463643
1181	0.002987618256
1182	0.003439348511
1183	4.377838329e-05
1184	6.730245232e-05
1185	0.004435476123
1186	0.00650351941
1187	0.004280394811
1188	0.000153482813
1189	0.0009500324159
1190	0.004362368588
1191	0.002323039304
1192	0.005337000717
1193	0.007307409085
1194	0.0007832533148
1195	0.003048979895
1196	0.009783370754
1197	0.006289576382
1198	0.0002500911481
1199	0.007232196945
1200	0.0002269754768
1201	0.0001569482289
1202	0.001819684314
1203	0.001458746917
1204	0.0002798166582
1205	0.0005584386393
1206	0.001493149553
1207	0.01331662942
1208	0.0002120326194
1209	0.0003601867016
1210	0.000546723596
1211	8.796937853e-05
1212	0.003381387287
1213	0.002042124258
1214	0.00246196783
1215	0.003204798356
1216	0.0009152851831
1217	0.001856391555
1218	0.005204989984
1219	0.001930714921
1220	0.001770591633
1221	0.01092538262
1222	0.006407692606
1223	0.000479628413
1224	0.005858063492
1225	0.002573587252
1226	0.006518150306
1227	0.002462186506
1228	0.005049053013
1229	0.001404947412
1230	0.002147287392
1231	0.0008426646543
1232	0.007393872938
1233	0.003756338202
1234	0.0003117588564
1235	0.002833882809
1236	0.007199489788
1237	0.0003477910873
1238	0.004320238941
1239	0.008028387277
1240	0.002861349803
1241	0.003246093051
1242	0.002039810871
1243	0.004033941275
1244	0.0008851437862
1245	0.002370007492
1246	0.0005576100887
1247	0.0006784224783
1248	0.00303318037
1249	0.0005121096203
1250	0.004597673826
1251	0.0007983583784
1252	0.004882962232
1253	0.0005346799314
1254	0.001812214245
1255	0.003559637724
1256	0.003099041399
1257	0.001941391398
1258	0.0007206869555
1259	0.001444655261
1260	0.001145873599
1261	0.006664528048
1262	0.004071408152
1263	0.00399630698
1264	0.003313185989
1265	0.00180842157
1266	0.01701800624
1267	0.001476282548
1268	7.138964578e-05
1269	7.520435967e-05
1270	0.00309929161
1271	0.003024141929
1272	0.001522765815
1273	0.005982316389
1274	0.003818847771
1275	0.0007489993835
1276	0.002537011957
1277	0.005174350958
1278	0.01060678589
1279	0.005389626732
1280	0.00114426892
1281	0.003446034197
1282	0.007401355691
1283	0.0005918774056
1284	0.009125852534
1285	0.004431119748
1286	9.614537158e-05
1287	0.002728514902
1288	0.001369444303
1289	0.007721841889
1290	0.003518168783
1291	0.004516789662
1292	0.0007045274473
1293	0.0009965329025
1294	0.003994991421
1295	0.01198347955
1296	0.004717520027
1297	0.007615370456
1298	0.001813188678
1299	0.001532075551
1300	0.01349307143
1301	0.003768466011
1302	0.003574348485
1303	0.003644989263
1304	0.0007001034652
1305	0.004034137847
1306	0.004354673585
1307	0.002657083954
1308	0.001269563521
1309	0.000485504684
1310	0.002572456727
1311	0.002307130289
1312	0.003516848175
1313	0.00158879292
1314	0.002553343518
1315	0.002541586055
1316	0.007728868101
1317	0.0001124087102
1318	1.050079101e-05
1319	0.0006693084244
1320	0.007723864985
1321	0.006810878726
1322	0.0007284902135
1323	0.000607841004
1324	0.00110128051
1325	0.002884921155
1326	0.004004569175
1327	0.000360121095
1328	0.009700521328
1329	0.002103765729
1330	0.00503556549
1331	0.004571961977
1332	0.01286392943
1333	0.008660092007
1334	0.006436810599
1335	0.0006105505428
1336	0.001151267774
1337	0.00537606357
1338	0.003420008144
1339	9.081317016e-06
1340	0.003249339033
1341	7.774382841e-05
1342	0.001800812335
1343	0.0001762913768
1344	0.0008319897903
1345	5.83106267e-05
1346	5.83106267e-05
1347	0.006695180069
1348	0.0003632610318
1349	0.001274121383
1350	0.003847214371
1351	0.002872380828
1352	0.001038368089
1353	0.001950724135
1354	0.002666725286
1355	0.003380505689
1356	0.005740083574
1357	0.0002032923183
1358	0.005807281413
1359	0.0002737076567
1360	0.000315967549
1361	0.001612297155
1362	0.001492767175
1363	0.001724784089
1364	0.00744890492
1365	0.003455322981
1366	0.004238308256
1367	0.0002021841673
1368	0.001466620748
1369	0.002000826464
1370	0.006910919769
1371	0.001284796974
1372	0.004470740048
1373	0.00114756808
1374	0.000120208524
1375	0.001754761418
1376	0.001842043026
1377	0.01131308615
1378	0.002337121948
1379	0.005566928981
1380	1.492409498e-05
1381	0.003262355807
1382	0.002355935285
1383	0.00179080073
1384	0.00186652359
1385	0.01352320246
1386	0.00407080746
1387	0.003553117352
1388	0.000179815841
1389	0.004853663955
1390	0.00124481533
1391	0.003848079308
1392	0.01428150433
1393	0.004148584312
1394	0.001119937706
1395	0.004095486754
1396	0.01299447557
1397	0.00360899129
1398	0.001041849389
1399	0.001298832908
1400	0.001906980827
1401	0.0008172750791
1402	0.00506159121
1403	0.007011113948
1404	0.0004075463933
1405	0.005934180363
1406	0.0002888208738
1407	0.0001551208265
1408	0.001858982122
1409	5.000773371e-05
1410	0.0001043596731
1411	0.002942860577
1412	3.738204611e-05
1413	0.003160147327
1414	0.003340228715
1415	0.00440442536
1416	0.005901668802
1417	0.0004722176517
1418	6.865765518e-06
1419	0.007078442062
1420	0.002179358321
1421	0.002620650317
1422	0.002624623135
1423	0.003025386582
1424	0.009961797291
1425	0.002615213092
1426	0.005029560187
1427	0.001042747073
1428	0.001438959624
1429	0.004041541157
1430	8.692098093e-05
1431	8.692098093e-05
1432	0.003462442777
1433	0.003406261417
1434	0.0009016580164
1435	0.001730776884
1436	0.002445069134
1437	0.001341668194
1438	0.005669634365
1439	0.006109856871
1440	0.003929500808
1441	0.001269830517
1442	0.001113708595
1443	0.003720840587
1444	0.003722611921
1445	0.008500638827
1446	0.0002181310424
1447	0.0006257017256
1448	0.006685302351
1449	0.001295530788
1450	0.001551230858
1451	0.001490574421
1452	0.001677426974
1453	0.003194060189
1454	0.004618044542
1455	0.0001370898791
1456	0.001159865152
1457	0.0008682901539
1458	0.003001856992
1459	0.002367429822
1460	0.0009598829501
1461	0.001341436955
1462	0.0003362220717
1463	0.0009752604519
1464	0.008753514956
1465	0.01182389534
1466	0.001605057895
1467	0.002643616683
1468	0.0001271822499
1469	0.008438405832
1470	0.006764612085
1471	0.0009914390675
1472	0.004594515062
1473	0.003066337391
1474	0.003091902405
1475	0.003145542039
1476	0.002286996775
1477	0.004201025552
1478	9.505903724e-05
1479	0.0002938994458
1480	0.001170549504
1481	0.01552831293
1482	0.001846515213
1483	0.001466454839
1484	0.005820100559
1485	0.002298474031
1486	0.01277312722
1487	0.002524792974
1488	0.002485072854
1489	0.001574353364
1490	0.0011224649
1491	3.512041312e-05
1492	0.01055131828
1493	0.003026584615
1494	0.01116982922
1495	0.001288557664
1496	0.006949281331
1497	5.8681162e-05
1498	0.001405767352
1499	0.01013359815
1500	0.005196792905
1501	0.001388246732
1502	0.004967449978
1503	0.000267363841
1504	0.002391535824
1505	0.006591297001
1506	0.004297101508
1507	0.008474642496
1508	0.001095944318
1509	0.002193740419
1510	0.002783399308
1511	0.003449740187
1512	0.004659820021
1513	0.002116702786
1514	0.004536141223
1515	0.002601671213
1516	0.01036388353
1517	0.001572686924
1518	0.001769576175
1519	0.000234011339
1520	0.004114803518
1521	0.01526999386
1522	0.000263803808
1523	0.0009420672679
1524	0.00285968645
1525	0.003336880793
1526	0.004123790788
1527	0.003178944144
1528	0.005478675782
1529	0.009943719891
1530	0.0002272142318
1531	0.005326803075
1532	0.00234037273
1533	0.00238338748
1534	0.004754280845
1535	0.001991703988
1536	0.003817373889
1537	0.006862795095
1538	0.006203369463
1539	0.003237879359
1540	0.008028303316
1541	0.006473312659
1542	0.007535300213
1543	0.003830802113
1544	0.003088513793
1545	0.003496872006
1546	0.00277464698
1547	0.001627312568
1548	0.007371157327
1549	0.009017813474
1550	0.00324183241
1551	0.0002005364862
1552	0.0005931924544
1553	0.00364880424
1554	0.0005311160465
1555	0.004053061054
1556	0.00713940863
1557	0.00142408737
1558	0.001859993356
1559	0.003274435146
1560	0.001051643764
1561	0.0008345493688
1562	7.758241758e-05
1563	0.0002070844686
1564	0.001704352575
1565	0.002476844708
1566	0.0006916484645
1567	0.001171507467
1568	0.003164262784
1569	0.008114274774
1570	0.0001188010899
1571	0.0001188010899
1572	0.001155879271
1573	0.000763877438
1574	0.0002910579749
1575	0.007267827362
1576	0.007354143666
1577	0.01566368184
1578	0.002078617433
1579	0.002134015307
1580	4.928359211e-05
1581	0.0002605843844
1582	0.007289535389
1583	0.002047920145
1584	0.003567982644
1585	0.001390169594
1586	0.01693712911
1587	0.0006843184099
1588	0.005195117756
1589	0.007021293766
1590	0.008996769329
1591	0.005031933508
1592	0.002086231025
1593	0.005465353673
1594	0.01446940524
1595	0.0008244369286
1596	0.002541399835
1597	0.001604104955
1598	0.01192698165
1599	0.0004374473259
1600	0.003059782036
1601	0.01016043726
1602	0.01255364391
1603	0.01434086604
1604	0.01402828055
1605	0.002137957581
1606	0.0009203883483
1607	2.379654859e-05
1608	8.446866485e-05
1609	0.0009147081509
1610	7.651654433e-05
1611	0.00428918683
1612	0.001912928104
1613	0.001112915664
1614	0.004232056042
1615	0.0006736756218
1616	0.00172399669
1617	0.001061588241
1618	0.0009235965564
1619	0.007564880741
1620	0.006374864575
1621	0.004225513447
1622	0.0002644194351
1623	0.0002653129425
1624	0.00185300993
1625	0.002547628607
1626	0.002393254972
1627	0.002985671756
1628	0.0007165678471
1629	0.002371240755
1630	0.0001707641314
1631	0.003201591871
1632	0.0005649387009
1633	0.004412705662
1634	0.000488039218
1635	0.003245679104
1636	0.002418491161
1637	0.0004040788534
1638	0.002267274214
1639	0.007582592024
1640	0.00379900829
1641	0.001335364581
1642	0.001582773281
1643	0.006611375301
1644	0.0005341694902
1645	0.001989944528
1646	0.001767366007
1647	9.192156483e-05
1648	0.0005629076543
1649	2.824704814e-05
1650	0.001039988298
1651	0.009931299682
1652	0.005077365398
1653	0.0008013341422
1654	0.00191357063
1655	0.002609188141
1656	0.01029720613
1657	0.003487203038
1658	5.88381264e-05
1659	0.007388225111
1660	0.00101247733
1661	0.004293277222
1662	0.0003942976843
1663	0.003895866896
1664	0.002495952264
1665	0.006352010349
1666	0.005453726977
1667	0.0004456708831
1668	0.0007124007909
1669	0.005903762741
1670	0.0006750540101
1671	0.003936065813
1672	0.001797550508
1673	0.003718548823
1674	0.002487942432
1675	0.00141771758
1676	0.007070008354
1677	0.005535960376
1678	0.0006734323845
1679	0.008287787887
1680	0.002756516608
1681	0.001568044433
1682	0.00220911047
1683	0.0004171953121
1684	0.003059838028
1685	0.006416378039
1686	0.002091177811
1687	0.001476567994
1688	0.0003386428031
1689	0.001099241764
1690	9.452356596e-05
1691	0.00844390462
1692	0.002878033321
1693	0.009350025038
1694	0.003444566947
1695	0.01085380694
1696	0.0002870818343
1697	0.002399705034
1698	0.002551927349
1699	0.004598688373
1700	0.0005501860918
1701	1.610653986e-05
1702	0.004006081158
1703	0.008690729995
1704	0.005344006761
1705	0.0006344903423
1706	0.009394214309
1707	0.001771832277
1708	0.001360972045
1709	0.007311355438
1710	0.001884902961
1711	0.006095289312
1712	0.0004534940627
1713	0.006298319723
1714	0.009164313501
1715	0.006228364305
1716	0.001886271043
1717	0.01191371523
1718	0.00534645645
1719	0.003999442371
1720	0.002163881032
1721	0.001442581785
1722	0.001291901177
1723	0.01283627634
1724	0.008657086371
1725	0.002119271096
1726	0.003846637445
1727	2.816697314e-05
1728	0.003398007119
1729	0.001991587437
1730	0.0009325485484
1731	0.006524972568
1732	0.001013587052
1733	0.003332582661
1734	0.00441984685
1735	0.00339303409
1736	0.007827485995
1737	0.001952007131
1738	0.0119756217
1739	0.001218960641
1740	0.01591464577
1741	0.003433209728
1742	0.005788591523
1743	0.006557421079
1744	0.005290455609
1745	0.000608246501
1746	0.003536390711
1747	0.004067022809
1748	0.001027067021
1749	0.0001500181653
1750	8.495620862e-05
1751	0.0003062597341
1752	0.0001128224153
1753	0.006613183572
1754	0.005121795391
1755	0.003604450648
1756	0.002480136898
1757	0.005226973725
1758	0.004216296061
1759	0.006998879154
1760	0.003442938513
1761	0.002020194638
1762	0.007278401787
1763	0.007409394781
1764	0.01142315834
1765	0.008213591255
1766	0.002456128978
1767	0.002996206959
1768	0.001271528486
1769	0.005998183289
1770	0.002923755269
1771	0.008075325859
1772	0.002650002511
1773	0.005444523361
1774	0.006068778146
1775	0.003075682974
1776	0.005465159894
1777	0.002234838138
1778	0.004211733828
1779	0.003279015305
1780	0.002170520181
1781	0.01860859352
1782	0.005500471492
1783	0.00763508926
1784	0.0009634027531
1785	0.003356839566
1786	0.001029971221
1787	0.0009646914964
1788	0.001921686604
1789	0.004500993593
1790	0.0001209809264
1791	0.0001209809264
1792	0.005990504376
1793	0.01205948699
1794	0.005028988821
1795	0.001168655168
1796	1.881666018e-05
1797	7.693006358e-05
1798	0.0001430517711
1799	0.001647612467
1800	0.003817960475
1801	0.0009255974488
1802	0.005982392066
1803	0.0007307373915
1804	0.003288393706
1805	0.001512986022
1806	0.003259588751
1807	0.002350538949
1808	0.01443783793
1809	0.01281570384
1810	0.0007279436031
1811	0.002366786302
1812	0.001123248102
1813	0.003455028607
1814	0.002494973309
1815	0.005900500596
1816	0.006690941788
1817	0.002795699732
1818	0.002157264248
1819	0.0007391349092
1820	0.00291508015
1821	0.002387640634
1822	0.002450116069
1823	0.003600964384
1824	0.00627115519
1825	0.004013779528
1826	0.006494421167
1827	0.003677971547
1828	0.0005877731239
1829	0.002070930336
1830	0.007489538689
1831	0.004681029317
1832	0.002081459202
1833	0.003728974418
1834	0.002063424334
1835	0.002336631823
1836	0.001684864555
1837	0.001281007921
1838	0.00386706052
1839	0.005339632849
1840	0.003467839992
1841	0.002706907848
1842	0.002735610815
1843	0.005369046386
1844	0.004194444625
1845	0.002692066543
1846	0.00204622684
1847	0.001653443848
1848	0.003285936041
1849	0.002565982917
1850	0.001878881435
1851	0.001993052796
1852	0.003595828505
1853	0.002071485861
1854	0.001241861613
1855	0.001688160366
1856	0.0005601637978
1857	0.001682909867
1858	0.003205517173
1859	0.001372733241
1860	0.004004664324
1861	0.002035687362
1862	0.0007356005073
1863	0.005116802185
1864	0.00198901578
1865	0.008491342801
1866	0.006277964624
1867	0.0001544540511
1868	0.0002584149532
1869	0.002365121009
1870	0.01538979431
1871	0.001441641845
1872	0.001203820785
1873	0.006848078193
1874	0.002135711557
1875	0.001452683761
1876	0.0008375970637
1877	0.001785564872
1878	0.01094806049
1879	0.004886740276
1880	0.002884616769
1881	0.00346790782
1882	0.001453848579
1883	0.003097365183
1884	0.002906798313
1885	0.0006119736485
1886	0.0009739314416
1887	0.002720505608
1888	0.002658876531
1889	0.004464149665
1890	0.0009874460655
1891	0.006171510552
1892	0.006336992733
1893	0.01148451938
1894	0.01000260835
1895	0.003210451858
1896	0.003116352565
1897	0.002841541321
1898	0.001972675298
1899	0.002636398587
1900	0.0003307892871
1901	0.001330036031
1902	0.002777517162
1903	0.002127196863
1904	0.004989991915
1905	0.002296640841
1906	0.00416603383
1907	0.005158303338
1908	0.004989004233
1909	0.001403874439
1910	0.0001340599455
1911	0.0001340599455
1912	0.0007906408214
1913	0.006628820718
1914	0.001252602816
1915	0.001770572849
1916	0.002647616252
1917	0.002520744735
1918	0.002477763356
1919	0.0004877002174
1920	0.001445075912
1921	0.01626157829
1922	0.0006758700932
1923	0.004981758562
1924	0.0032309467
1925	0.004888296726
1926	0.002406329706
1927	0.003842770824
1928	0.00375361148
1929	0.003870226563
1930	0.0005014973847
1931	0.0005715842283
1932	0.003442485443
1933	0.008334399807
1934	0.003697560223
1935	0.005579066697
1936	0.006013047686
1937	0.002204580076
1938	0.0124637685
1939	0.0006462872499
1940	0.006632925242
1941	0.002648199728
1942	0.004761564107
1943	0.01311040734
1944	0.002077011838
1945	0.002059438368
1946	0.003940090845
1947	0.006599607207
1948	0.002624295606
1949	0.001579267445
1950	0.005805281733
1951	0.0002946665941
1952	0.009279198718
1953	0.00317279715
1954	0.001587946415
1955	8.090028476e-05
1956	0.001942242844
1957	0.001325383963
1958	0.005352243288
1959	0.006605359306
1960	0.003542482809
1961	0.003515446802
1962	0.003586222633
1963	0.001811917151
1964	0.001382628139
1965	0.001405956401
1966	0.005109743079
1967	0.002807989683
1968	0.003461001963
1969	0.0001347849466
1970	0.01219458769
1971	2.770536354e-06
1972	0.001643672231
1973	3.133701325e-05
1974	0.004886733925
1975	0.002300663738
1976	0.002873615004
1977	0.008500844136
1978	0.006221027108
1979	0.001109044176
1980	0.005427001537
1981	0.005859310584
1982	0.003764066975
1983	0.004609553842
1984	0.0002991276062
1985	0.006864592561
1986	0.007361783565
1987	0.001991734822
1988	0.0007990052944
1989	0.003628440725
1990	0.00402082878
1991	0.0009540219181
1992	0.01907503923
1993	0.01116443955
1994	0.001673315691
1995	0.001967124649
1996	5.289878151e-05
1997	0.0002297002725
1998	0.001257430626
1999	0.0003447110953
2000	0.003400957146
2001	0.003810838492
2002	0.003411496614
2003	0.003957720958
2004	0.0100738332
2005	0.009540054641
2006	0.0007902397079
2007	0.0006634606053
2008	0.0004233998973
2009	0.0009544996554
2010	0.00198995417
2011	0.0009095031625
2012	0.005652673118
2013	0.002298394042
2014	0.00367939391
2015	0.001330671848
2016	0.0006336822887
2017	0.001526891732
2018	0.001823594757
2019	0.00756570221
2020	0.002017764134
2021	1.841961853e-06
2022	0.007289328678
2023	0.00181359433
2024	0.003731144525
2025	0.004244524614
2026	0.001806404529
2027	0.008830713616
2028	0.002052254232
2029	0.009583670447
2030	0.004947832525
2031	0.002764767752
2032	0.002249430217
2033	0.01272920914
2034	0.003463651953
2035	0.004320841995
2036	0.004318782025
2037	0.009523293619
2038	0.002740599301
2039	0.002205194334
2040	0.002164565857
2041	0.0003993953633
2042	0.004104727151
2043	0.004373249231
2044	0.003137580138
2045	0.003116106577
2046	0.0009040109233
2047	0.004079452939
2048	0.00360493616
2049	0.006725145611
2050	0.002777995724
2051	0.0001638562346
2052	0.0002833787466
2053	0.006059807582
2054	0.005196308659
2055	0.001344529424
2056	0.002743404245
2057	0.004581664984
2058	0.001133569008
2059	0.003207190733
2060	0.004520300909
2061	0.00174764225
2062	0.0003469022225
2063	0.001592325877
2064	0.00127321138
2065	0.00497689535
2066	0.007944953437
2067	0.00233245751
2068	0.001815202298
2069	0.002381464602
2070	0.004473315591
2071	0.007744386545
2072	0.006444611207
2073	0.002215677362
2074	0.0121975611
2075	0.008429998058
2076	0.002777187807
2077	0.002553358557
2078	0.007386049946
2079	0.007808295834
2080	0.00415284256
2081	0.001913768079
2082	0.004128783935
2083	0.002057676135
2084	0.001824537409
2085	0.002363006787
2086	0.001470329587
2087	0.002662624677
2088	0.008664853561
2089	0.001379899425
2090	0.002673658266
2091	0.0008569579107
2092	0.003564721013
2093	0.00693423676
2094	0.001332424339
2095	0.001736602322
2096	0.002294861214
2097	0.0008782303666
2098	0.005351514211
2099	0.003134957318
2100	0.001471301285
2101	0.001258109078
2102	0.000392504053
2103	0.002596925856
2104	0.0009012889417
2105	0.006956251319
2106	0.0003486635744
2107	0.003024717997
2108	0.004560279153
2109	0.002877521414
2110	0.002502060625
2111	0.005334758245
2112	0.001880114344
2113	0.005083812603
2114	0.003452534733
2115	0.006590679542
2116	0.008777613124
2117	0.0005719110639
2118	0.0001693551317
2119	0.0002482288828
2120	0.006753808506
2121	0.01050968226
2122	0.004512521396
2123	0.002126364669
2124	0.0008661832074
2125	0.005198079939
2126	0.002469541173
2127	0.005744766276
2128	0.003181234937
2129	0.0007169080805
2130	0.004336452485
2131	9.731160465e-05
2132	0.003140146882
2133	0.00509899912
2134	0.0003562844732
2135	0.003732415296
2136	0.01155642224
2137	0.00188457011
2138	0.001903402805
2139	0.0003036073752
2140	0.00142894831
2141	0.006834225989
2142	0.001867793405
2143	0.001263115792
2144	0.001754565693
2145	0.001128612338
2146	0.005122557807
2147	9.781741148e-07
2148	0.000268119891
2149	0.005481072096
2150	0.006108364508
2151	0.01093811677
2152	0.0002125340599
2153	0.0001613987284
2154	0.003137479311
2155	0.01320143746
2156	0.009615964151
2157	0.002132522998
2158	0.002946651776
2159	1.453224342e-05
2160	7.683923706e-05
2161	0.000999646314
2162	0.009086629577
2163	0.00143150465
2164	0.003494436688
2165	0.002021052968
2166	3.409761901e-05
2167	0.0006401725291
2168	0.005514194291
2169	0.003636160706
2170	0.001751508808
2171	0.002126817478
2172	0.001353205294
2173	0.001432747462
2174	7.415478145e-05
2175	0.0012850905
2176	0.003328992421
2177	0.0003819637985
2178	0.004683255899
2179	0.001131178765
2180	0.006166646646
2181	0.003410543483
2182	0.003909989512
2183	0.005394277335
2184	0.005813703236
2185	0.0001584014532
2186	0.0002228882834
2187	0.001014875054
2188	0.001521863681
2189	0.003793066446
2190	0.0005787570143
2191	0.0018222409
2192	0.001124944161
2193	0.001796186782
2194	0.002110154068
2195	0.0006922178442
2196	0.002142361429
2197	0.0006697744231
2198	0.0003071660465
2199	0.001599103292
2200	0.001262414499
2201	0.001117517327
2202	0.01113353228
2203	0.002820054211
2204	0.004424349825
2205	0.002841758944
2206	0.00212693767
2207	4.72707387e-05
2208	0.002434743587
2209	0.0004224787667
2210	0.002642750724
2211	0.002100539888
2212	0.0001708226356
2213	0.001002197645
2214	0.002931456286
2215	0.003616553968
2216	0.001534938529
2217	0.001669507935
2218	0.005328819794
2219	0.00455816988
2220	0.006556473636
2221	0.00175709742
2222	0.003736867221
2223	0.007765465444
2224	0.0007883102702
2225	0.003799612473
2226	0.006983437517
2227	0.00125296898
2228	2.246157685e-05
2229	0.0007570998525
2230	0.002020464318
2231	0.01029568988
2232	0.001125657904
2233	0.003342989541
2234	0.00535855655
2235	0.01277859359
2236	0.004686099828
2237	0.0001071186117
2238	0.004445618486
2239	0.004824287732
2240	0.0003405189577
2241	0.006997072695
2242	0.0008555309429
2243	0.0002061097619
2244	0.007601947066
2245	0.0006980586311
2246	0.0008716643091
2247	0.003129494108
2248	0.005371199461
2249	0.00110484146
2250	0.001038597308
2251	0.001078737276
2252	0.008769814641
2253	0.004681980382
2254	0.01181004029
2255	0.0005516856635
2256	0.002336092862
2257	0.0009617544492
2258	0.009199500135
2259	0.0008085990635
2260	0.001654767576
2261	0.004485790379
2262	0.0004910298299
2263	0.00294492067
2264	0.0007516933636
2265	0.001083020635
2266	0.002537722489
2267	0.000696705359
2268	0.002305306486
2269	0.003906857443
2270	0.004482204572
2271	0.002590486577
2272	0.003822441505
2273	0.002193270039
2274	5.394984614e-05
2275	9.245083811e-05
2276	0.001934483937
2277	0.005414685992
2278	0.002721567358
2279	0.0002424876849
2280	4.632152589e-05
2281	4.632152589e-05
2282	0.0002610216157
2283	0.006635255027
2284	7.629719766e-05
2285	0.00951191972
2286	0.001230740689
2287	0.0008942242555
2288	0.006016380894
2289	0.006831028547
2290	0.002564085147
2291	0.002613448629
2292	0.0004440937499
2293	0.003359900247
2294	0.01078035029
2295	0.005786108102
2296	0.001174516791
2297	0.003382405045
2298	0.0004516206941
2299	0.006819454481
2300	0.002650046735
2301	0.00115310266
2302	0.003611889535
2303	0.003798453003
2304	0.001236055493
2305	0.009262796048
2306	0.0009893703139
2307	0.006469686365
2308	0.002899405326
2309	0.01532814017
2310	0.008992330882
2311	0.002936699743
2312	0.001836859373
2313	0.001616465079
2314	0.01080049892
2315	0.006961982171
2316	0.001210877341
2317	0.000837886556
2318	0.002539467897
2319	0.005479537594
2320	0.009009369279
2321	0.0004513831212
2322	0.0008301520477
2323	0.001685303997
2324	0.001211671825
2325	0.006490121064
2326	0.0001299497547
2327	0.003279053123
2328	0.001426185549
2329	0.002655549315
2330	0.003889593777
2331	0.0001062798843
2332	0.0009467979199
2333	5.404969395e-05
2334	0.002307660947
2335	0.005346810257
2336	0.00525108786
2337	0.006106984862
2338	0.000972093268
2339	0.002496644951
2340	0.00432915461
2341	0.004978741489
2342	0.00119417108
2343	0.001141420059
2344	7.356948229e-05
2345	7.356948229e-05
2346	0.002855423825
2347	0.006280372555
2348	0.004109503524
2349	0.002320198894
2350	0.01213958928
2351	6.230699364e-05
2352	0.002089305773
2353	0.01547222969
2354	0.007535717797
2355	0.001010764831
2356	0.00635474166
2357	0.0008061594244
2358	0.0007669854981
2359	0.0006662898072
2360	0.00666128458
2361	0.0005556093772
2362	0.0001352747464
2363	0.005101656012
2364	0.009328370799
2365	0.004820956686
2366	0.001616736075
2367	0.001076342133
2368	0.007520577625
2369	0.001948160031
2370	0.005699255678
2371	0.00153256542
2372	0.005697726137
2373	0.007907116857
2374	0.0001614823791
2375	0.00389473636
2376	0.002664824031
2377	0.01248492532
2378	0.0001634843444
2379	0.003143854368
2380	0.0003181673017
2381	0.002379316438
2382	0.006547923769
2383	0.005998110558
2384	0.00971721503
2385	0.001735867295
2386	0.004121472082
2387	0.001412076779
2388	0.01279088002
2389	0.003735070319
2390	3.608018684e-05
2391	0.003424301427
2392	6.727281892e-05
2393	0.000321434758
2394	0.01467726278
2395	0.005108304295
2396	0.001354732122
2397	0.002467709988
2398	0.001171398636
2399	5.695467722e-05
2400	0.0001866485014
2401	0.002612712781
2402	0.0006343567767
2403	0.0008521673761
2404	0.003218428743
2405	0.002956915902
2406	0.002781137809
2407	0.001991499935
2408	0.002181561599
2409	2.898728429e-05
2410	2.432404108e-05
2411	0.01289202655
2412	0.006399342019
2413	0.003016718262
2414	0.01033698833
2415	0.001734014567
2416	0.007925044259
2417	0.01847934328
2418	0.004803372575
2419	0.007733462768
2420	0.002918577071
2421	0.0006727928631
2422	0.009630900902
2423	0.006637246305
2424	0.005945114102
2425	0.003744404935
2426	0.001268514757
2427	0.0004118197267
2428	0.005858878413
2429	0.002432238672
2430	0.00042624029
2431	0.00283591057
2432	0.002889773657
2433	0.0002351936384
2434	7.729336966e-05
2435	0.0001957311535
2436	0.0003716207028
2437	0.004668487053
2438	0.003658212441
2439	0.0001051771117
2440	0.0001051771117
2441	0.0004705214618
2442	0.003636607216
2443	0.004139299911
2444	0.007213378027
2445	8.839237057e-05
2446	0.0001217983651
2447	0.004639233163
2448	0.003078671967
2449	0.01096255614
2450	0.009169452196
2451	0.0008054713438
2452	9.929983895e-05
2453	0.0006864887281
2454	0.004758986648
2455	0.01614889973
2456	0.005246460403
2457	0.001775985303
2458	0.005430993343
2459	0.004893643015
2460	0.002370178283
2461	0.006304652913
2462	0.0007905501096
2463	0.002254742051
2464	0.001227849351
2465	0.001146684696
2466	0.009003977942
2467	0.005795322806
2468	0.003628831633
2469	0.00775028474
2470	0.007362217505
2471	3.10626703e-05
2472	3.10626703e-05
2473	0.001080654244
2474	0.00586909688
2475	0.008335643727
2476	0.001471491597
2477	0.001583877466
2478	0.002221196019
2479	0.01284423485
2480	0.001354976742
2481	0.01121284425
2482	0.003182897217
2483	0.007103400354
2484	0.00446911439
2485	0.0009035777313
2486	0.0001255291837
2487	0.007196242025
2488	0.006122256862
2489	0.0007175483805
2490	0.00650344279
2491	0.001645691676
2492	0.001620521207
2493	0.01186846945
2494	0.006437338364
2495	0.002322347746
2496	0.002495018749
2497	9.268290969e-05
2498	0.005115766794
2499	0.004807084763
2500	0.006070240729
2501	4.713896458e-05
2502	4.713896458e-05
2503	8.237346067e-05
2504	0.0007005899733
2505	0.009903721056
2506	1.935328372e-05
2507	0.0002965723842
2508	0.002450960636
2509	0.0007392151854
2510	0.001405572721
2511	0.009820039408
2512	0.001814824806
2513	0.004943311935
2514	0.001513792934
2515	0.005574464299
2516	0.003497331401
2517	0.006367583286
2518	0.001043268731
2519	0.004987842591
2520	7.131676445e-05
2521	0.00148997089
2522	0.002726391156
2523	0.005170365761
2524	0.01576712132
2525	0.007275083289
2526	0.01109366267
2527	0.004222975289
2528	0.0009804374966
2529	0.006856485636
2530	0.00863569251
2531	0.0001683585083
2532	0.002964496068
2533	0.009024805785
2534	0.0008164989739
2535	0.001335356177
2536	0.005684093151
2537	0.006231668389
2538	0.0006965251234
2539	0.0007799826393
2540	0.003540101218
2541	0.01005546351
2542	0.0009403218639
2543	0.006368364829
2544	0.001769945002
2545	0.002758994006
2546	0.001565457004
2547	0.009622666293
2548	0.005746783635
2549	0.002460455914
2550	0.003341780938
2551	0.00282317356
2552	0.004643900415
2553	0.002106747568
2554	0.002239269113
2555	0.001240486223
2556	0.003008929082
2557	0.006591624605
2558	0.005629115511
2559	0.003291580461
2560	0.000308685635
2561	0.000827189669
2562	0.0001046989207
2563	0.002601636642
2564	0.0003013313035
2565	0.003223508307
2566	0.001303104898
2567	0.00107418962
2568	0.005140593811
2569	0.01190100008
2570	0.003355272051
2571	0.001771455695
2572	0.002509942206
2573	0.0009821583207
2574	0.002123582383
2575	0.007136998002
2576	0.008113401998
2577	3.357568865e-06
2578	0.001443794139
2579	0.004145023219
2580	0.00665960944
2581	0.003159228391
2582	0.005467693284
2583	0.005419636338
2584	0.009282703664
2585	0.001434829679
2586	0.003529982933
2587	0.001553792681
2588	0.0008136564279
2589	0.006402183082
2590	0.001989715408
2591	0.001547616431
2592	0.007639669876
2593	0.003304344353
2594	0.004507649925
2595	0.001638680036
2596	0.02274555595
2597	0.008795071293
2598	0.0009720316216
2599	1.622784724e-05
2600	0.00181832169
2601	0.004843450822
2602	8.656454436e-05
2603	0.003277370465
2604	0.007962191823
2605	0.01099191687
2606	0.006234786448
2607	0.004655987048
2608	0.006163397377
2609	0.0003347845494
2610	0.0009501413136
2611	0.002667909462
2612	0.0003152727317
2613	0.003268361786
2614	0.002240132558
2615	0.001811420327
2616	0.002618941868
2617	0.001340184914
2618	0.002967086912
2619	0.003490426975
2620	0.0005882116842
2621	0.001173888023
2622	0.0013219727
2623	0.001510951588
2624	0.0104589587
2625	0.0007186565879
2626	0.004306109136
2627	0.009663065881
2628	0.002086204252
2629	0.001438008949
2630	0.005154684415
2631	0.001687858752
2632	0.0003099194447
2633	0.0008334245568
2634	1.777461415e-05
2635	0.00305651974
2636	0.002385478648
2637	0.001246037596
2638	0.003355221279
2639	0.003734421975
2640	0.005602163378
2641	0.01058941152
2642	0.004403167425
2643	0.005968040676
2644	0.008637706192
2645	0.0113208268
2646	0.009018808684
2647	0.004538362976
2648	0.001536842848
2649	0.001463150314
2650	0.009304265229
2651	5.756689075e-05
2652	0.004012092169
2653	0.0001651226158
2654	0.0002547683924
2655	0.003476205302
2656	0.001455778418
2657	0.003615774865
2658	0.005072454385
2659	0.001513822015
2660	4.457948405e-05
2661	5.691138393e-06
2662	0.008792599762
2663	7.683923706e-05
2664	7.95640327e-05
2665	0.001972658318
2666	0.004351575192
2667	0.006304788428
2668	0.0003356447728
2669	4.532243415e-05
2670	0.0003054314802
2671	0.007116904165
2672	0.005768885588
2673	0.005671807843
2674	0.0007359885086
2675	0.003713786881
2676	0.01081169664
2677	0.006388585022
2678	0.005403016962
2679	0.007806314459
2680	0.0002550794548
2681	0.0003187347022
2682	0.003055903135
2683	0.0001733385234
2684	0.00270345602
2685	0.003150256427
2686	0.004348794905
2687	0.0023458695
2688	0.01069039697
2689	0.005263065838
2690	3.129881926e-05
2691	0.002477522021
2692	0.009644338218
2693	0.01140032436
2694	0.001496567556
2695	0.005336952597
2696	0.0006559910084
2697	0.004860020502
2698	0.00090021742
2699	0.0006390621164
2700	0.006611747001
2701	0.006455630532
2702	0.004924128643
2703	0.004834428181
2704	0.005461841407
2705	0.001366562915
2706	0.004717069071
2707	0.00118183962
2708	0.002672202894
2709	0.001107851055
2710	0.007437458653
2711	0.008888736972
2712	0.001538133571
2713	0.002361815348
2714	0.009876578989
2715	0.004105411065
2716	0.005850662127
2717	0.004034508507
2718	0.004670984167
2719	0.0001747615857
2720	0.001654598996
2721	0.0004051509344
2722	0.007866058608
2723	1.184380464e-06
2724	0.001931932757
2725	0.004888983699
2726	0.001923197934
2727	0.0054657219
2728	0.005412393753
2729	0.001725785383
2730	0.01706221843
2731	0.009671612252
2732	0.0036203675
2733	0.0001337362194
2734	0.00165726854
2735	0.008228658548
2736	0.0002782022054
2737	0.002081819606
2738	0.006433142968
2739	0.002413022902
2740	0.005007549555
2741	0.006158599353
2742	0.0009241507163
2743	0.003241362429
2744	0.003311837393
2745	0.004710669564
2746	0.0002203353171
2747	0.001419250735
2748	0.006704781041
2749	0.002392651727
2750	0.001959824992
2751	0.002847487175
2752	8.475472206e-05
2753	0.001410692583
2754	0.002250769167
2755	0.007806512645
2756	0.00177261702
2757	0.0005513547653
2758	0.0001455949137
2759	0.0001861035422
2760	0.0009169939677
2761	0.009578892853
2762	0.007954759937
2763	0.007109742473
2764	0.001233801388
2765	0.00743303053
2766	4.616449534e-05
2767	0.001536634776
2768	0.01147587924
2769	0.0002132606634
2770	0.001570156594
2771	0.001756149478
2772	0.007477567172
2773	0.002634524785
2774	0.00242728181
2775	0.002032766529
2776	0.007805459788
2777	0.003212322914
2778	0.002901767958
2779	0.01258528231
2780	0.005169261401
2781	0.00220260977
2782	0.002308063914
2783	0.0009544242929
2784	0.00307189853
2785	0.0004281602994
2786	0.004975088878
2787	0.002747570379
2788	0.003658630273
2789	0.00355170305
2790	0.004448570674
2791	0.0009496878725
2792	0.001602845703
2793	0.01182021587
2794	0.002425990192
2795	0.004097423252
2796	0.001411490842
2797	0.002592727049
2798	0.001206741631
2799	0.0002592388191
2800	0.00634916269
2801	0.001487541826
2802	0.001720491142
2803	0.002069804454
2804	0.006030453879
2805	0.003338231925
2806	0.002200552569
2807	0.002321725427
2808	0.007295878336
2809	0.003521107489
2810	0.009702732885
2811	0.004348549973
2812	0.01542233783
2813	0.005694249466
2814	0.001093042436
2815	0.0101269179
2816	0.001442301589
2817	0.00639721184
2818	0.004537864989
2819	0.002776957798
2820	0.0007374731941
2821	0.002161796574
2822	0.001415529038
2823	0.01333082339
2824	0.004072175886
2825	0.0008587018642
2826	0.001414184455
2827	0.002081614117
2828	0.0002629239755
2829	0.005725813229
2830	0.0004318498364
2831	0.008859431358
2832	0.001655929813
2833	0.00253177307
2834	0.002508723722
2835	0.001040765185
2836	0.002152233768
2837	0.001198624443
2838	0.002863713506
2839	0.00880753781
2840	0.005343401755
2841	0.00118388768
2842	0.0005456630367
2843	0.0007007240461
2844	0.002161878392
2845	0.005142600428
2846	0.005721951578
2847	0.002523006645
2848	0.006558612502
2849	0.0001253426731
2850	0.0005981944706
2851	8.664850136e-05
2852	8.664850136e-05
2853	0.004089204893
2854	0.009962047278
2855	7.838328792e-05
2856	0.0001792915531
2857	0.005523359167
2858	2.621977804e-05
2859	0.005786085949
2860	0.004659867888
2861	0.004971505355
2862	0.0005794496349
2863	0.002946688003
2864	0.0009043098483
2865	4.564767963e-05
2866	0.005565835383
2867	0.002271255855
2868	0.004287407206
2869	0.003342724402
2870	0.001659370372
2871	0.0005702753018
2872	0.0004754505336
2873	0.004560004487
2874	0.006037540203
2875	0.0001033605813
2876	0.0002313351499
2877	0.004026416253
2878	0.006122292512
2879	0.001064684628
2880	0.001548481086
2881	0.003787043758
2882	0.003647339484
2883	0.001564089435
2884	0.004022471619
2885	0.0003864544912
2886	0.002160987239
2887	0.01432374234
2888	0.003483567094
2889	0.005685954242
2890	0.000405998121
2891	0.003483871692
2892	0.001358459971
2893	0.002393993683
2894	0.004372315053
2895	0.002335101645
2896	0.0004145584641
2897	0.004193555084
2898	0.006065989952
2899	0.01061722724
2900	0.01236092218
2901	0.004408854817
2902	0.0005232284853
2903	0.004144390845
2904	0.0001209166027
2905	0.003534581656
2906	0.006818887009
2907	0.0004987942762
2908	0.001141239828
2909	0.00137502032
2910	0.002803246766
2911	0.001622432148
2912	0.000583482329
2913	0.005250620855
2914	0.00244186594
2915	0.0007707575484
2916	5.313351499e-05
2917	5.313351499e-05
2918	0.007471948709
2919	0.007779718975
2920	0.002675932105
2921	0.003244757733
2922	0.001064083027
2923	0.0001288519161
2924	1.852861035e-05
2925	1.852861035e-05
2926	0.001009605443
2927	0.001159309408
2928	0.0001081743869
2929	0.0001081743869
2930	0.002469267778
2931	0.008569332166
2932	0.01097898436
2933	0.01168684691
2934	0.00455369699
2935	0.0006649664835
2936	0.0025520337
2937	0.002345820824
2938	0.0002215115327
2939	0.006754560932
2940	0.01075827857
2941	0.006565061352
2942	0.001390484983
2943	0.001695553191
2944	0.0003152959357
2945	0.004572255101
2946	0.001270673219
2947	0.002777694205
2948	0.004567520219
2949	0.0001361671208
2950	0.0002359673025
2951	0.007567218376
2952	0.0002147734668
2953	0.0005038694457
2954	0.002147422776
2955	0.002664788676
2956	0.002930954938
2957	0.00357714808
2958	0.004022405542
2959	0.002952752675
2960	0.002942748222
2961	0.003364024267
2962	0.001736987688
2963	0.004848735462
2964	0.002719920327
2965	0.0041664761
2966	0.006047635172
2967	0.001727935986
2968	0.01051516991
2969	0.003215583797
2970	0.0003273856958
2971	0.005854799961
2972	0.009471295779
2973	0.001849317867
2974	7.218287713e-05
2975	0.005056972694
2976	0.001456285642
2977	0.007110094396
2978	0.005392552117
2979	0.01693594914
2980	0.002640268714
2981	0.003063778339
2982	0.006378309628
2983	0.006070323863
2984	0.01566383092
2985	0.001951579938
2986	0.00105650946
2987	0.009553587115
2988	0.007825270686
2989	0.01137523632
2990	0.01055360842
2991	0.00651172436
2992	0.001819427783
2993	0.003313779651
2994	0.000395393909
2995	0.003516594306
2996	0.004165952374
2997	0.003567604193
2998	0.0142312303
2999	0.004480920923
3000	0.005828003909
3001	0.007829057343
3002	0.004171949699
3003	0.003441103647
3004	0.001966336359
3005	0.002646200557
3006	0.004105441802
3007	0.002382146909
3008	0.004845765699
3009	0.002511959023
3010	0.001862008653
3011	0.007918386795
3012	0.009307796396
3013	0.0007806849271
3014	0.004431149969
3015	0.002036101691
3016	0.002831701667
3017	0.001308751233
3018	0.002473319548
3019	0.003314229219
3020	0.003529012451
3021	0.0007853660575
3022	0.001165811387
3023	0.00356696539
3024	0.007563127735
3025	0.004100582317
3026	0.001674687521
3027	0.001781559885
3028	4.870118074e-05
3029	0.0001539509537
3030	0.002845166192
3031	0.002425686115
3032	0.00145398416
3033	0.01104760903
3034	0.004502816456
3035	0.002982383804
3036	0.005568770276
3037	0.0003458939725
3038	0.002249362417
3039	0.002263985914
3040	5.71243212e-05
3041	0.004178012655
3042	0.001581486128
3043	0.003720833345
3044	0.003812430985
3045	0.001170424938
3046	0.002364732685
3047	0.006395943787
3048	0.00341606168
3049	0.003088379841
3050	0.001732254989
3051	0.002766502878
3052	0.0007648267585
3053	0.005401187764
3054	0.002296856907
3055	0.0007311121011
3056	0.01405963464
3057	0.00579766637
3058	0.004444321732
3059	0.0007030036317
3060	0.0008532033527
3061	0.002581159128
3062	0.001344169566
3063	0.0001036330609
3064	0.0001100817439
3065	9.346049046e-05
3066	9.346049046e-05
3067	0.01162214293
3068	0.001084463748
3069	0.006401272837
3070	0.003690444322
3071	0.002307561005
3072	0.001395000577
3073	0.0009122101923
3074	3.426122773e-05
3075	0.002873013529
3076	0.003480738875
3077	0.003544900365
3078	0.003962156092
3079	0.008550573606
3080	0.002050684436
3081	0.002309088734
3082	0.003557951771
3083	0.0003140576929
3084	0.002614312889
3085	0.0004981270489
3086	0.007315006682
3087	0.00682802693
3088	0.009134803359
3089	0.004951442178
3090	0.005590319815
3091	0.004565785025
3092	0.00206302193
3093	0.003385148542
3094	0.006010918683
3095	0.0008674096123
3096	0.0005826964678
3097	9.863760218e-05
3098	9.863760218e-05
3099	0.00577676416
3100	0.002234303692
3101	0.001224014748
3102	0.004218161741
3103	0.003724044997
3104	0.00807950435
3105	0.002032000187
3106	0.003136244838
3107	0.007139990322
3108	0.006255129174
3109	0.007542679092
3110	0.001294472128
3111	0.004130381595
3112	0.004600511922
3113	0.02158110337
3114	0.0008609399813
3115	0.001051083147
3116	0.002466115203
3117	0.001509190207
3118	0.005472007225
3119	0.001767112871
3120	0.005278631812
3121	0.000243373597
3122	0.01456560166
3123	0.00232948409
3124	0.001439553343
3125	0.001081517292
3126	0.002636245064
3127	0.0001435967302
3128	0.002442434451
3129	0.0006582482742
3130	0.004002671386
3131	0.006276195859
3132	0.001694481744
3133	0.0007572297957
3134	0.00872972236
3135	0.0002960384103
3136	0.0002992914597
3137	0.0002338508532
3138	0.002355861093
3139	0.02076948715
3140	2.098092643e-05
3141	2.098092643e-05
3142	0.002363961772
3143	0.0005727862667
3144	0.001838717959
3145	0.003935905676
3146	0.01371574199
3147	0.008750756559
3148	0.0003884990069
3149	0.004693787062
3150	0.001456654078
3151	0.002480229523
3152	0.002377443224
3153	0.003386138932
3154	0.007342981067
3155	0.00586205295
3156	0.0007511188497
3157	0.009116599262
3158	0.001590812201
3159	0.004994465498
3160	0.002690872216
3161	0.0006542393811
3162	0.0002524536014
3163	0.003698188946
3164	0.003996168632
3165	0.005023216335
3166	0.001974006018
3167	0.004753609498
3168	4.986376022e-05
3169	4.986376022e-05
3170	0.002419453158
3171	0.003185648028
3172	0.001107487221
3173	0.005976055341
3174	0.002343604445
3175	0.002445407297
3176	0.003156514408
3177	1.253405995e-05
3178	1.253405995e-05
3179	0.001035914261
3180	0.0005509170311
3181	0.009076020634
3182	0.0004658866274
3183	0.0002482454216
3184	0.001491592922
3185	0.004210788303
3186	0.002361727422
3187	0.005372001611
3188	0.006471177022
3189	0.01531095959
3190	0.001545804234
3191	0.002314232935
3192	0.00316630203
3193	0.002967816658
3194	0.0009169060648
3195	0.001429053442
3196	0.009560373845
3197	0.00336959197
3198	0.0001176177053
3199	0.003081669598
3200	0.001618074872
3201	0.001337931096
3202	0.006646684879
3203	0.004762347899
3204	0.0004045528966
3205	0.001511014365
3206	0.0002926820125
3207	0.00145453456
3208	0.001857998797
3209	0.004999065193
3210	0.01077660957
3211	0.001143561425
3212	0.00429677673
3213	0.002500536067
3214	0.007756980613
3215	0.002868501755
3216	0.006402711833
3217	0.003255031804
3218	0.001276433185
3219	4.650978449e-05
3220	0.0002906601172
3221	0.00189206602
3222	3.569482289e-05
3223	3.569482289e-05
3224	0.003716509756
3225	0.00110989437
3226	0.001139631691
3227	0.008464678388
3228	0.000589679075
3229	0.0001346049046
3230	0.0001346049046
3231	3.905540418e-06
3232	0.0005487166637
3233	0.006016378385
3234	0.007273894304
3235	0.003013546035
3236	0.00509556547
3237	0.001848132826
3238	0.00625566586
3239	0.005791353404
3240	0.00548808373
3241	0.0002442209439
3242	0.004302503449
3243	0.005201611757
3244	0.0002624964635
3245	5.327713437e-05
3246	0.01436906391
3247	0.004223400486
3248	0.01312884813
3249	0.0001600808628
3250	0.0003092426129
3251	0.007604651203
3252	0.001389395437
3253	0.001951640678
3254	0.008494223672
3255	0.00686092719
3256	0.007123623118
3257	0.000129972752
3258	0.000129972752
3259	0.003969567781
3260	7.384196185e-05
3261	7.384196185e-05
3262	0.002533189421
3263	0.002603982894
3264	0.002628889178
3265	0.009698758532
3266	0.001473830981
3267	0.0001427624994
3268	0.001495283094
3269	0.001927258686
3270	7.57493188e-05
3271	7.57493188e-05
3272	0.003408573866
3273	0.0114292019
3274	0.00379589955
3275	0.007466585768
3276	0.004881934292
3277	0.004137540697
3278	0.00145316046
3279	0.009056819786
3280	0.002549039359
3281	0.001901846693
3282	0.0005448422504
3283	0.001720117379
3284	0.002313942785
3285	0.01384489733
3286	0.0002138639176
3287	0.001530654069
3288	0.003030255624
3289	0.003527864533
3290	0.0114288411
3291	0.0006868119787
3292	0.004740298264
3293	0.008439376257
3294	0.008402659689
3295	0.00212283618
3296	0.001867259
3297	0.00480641304
3298	0.004202624071
3299	0.005850270836
3300	0.0005452096749
3301	0.001936946334
3302	0.005951245897
3303	0.002474640358
3304	0.01049723599
3305	0.001254476573
3306	0.008234299455
3307	0.01057262406
3308	0.00539781723
3309	0.0006481273632
3310	0.003244101147
3311	0.003160863209
3312	0.003523939262
3313	2.655807416e-05
3314	3.299382572e-05
3315	0.007092858022
3316	0.0005755591589
3317	0.002147398921
3318	0.006553794302
3319	0.000673084485
3320	0.01022916478
3321	0.002869448957
3322	0.009513834262
3323	0.009584677494
3324	0.01138249771
3325	0.001114447689
3326	0.001181467375
3327	0.004373062172
3328	0.0005915201654
3329	0.002079923281
3330	0.00098784533
3331	0.008847385865
3332	0.001211327867
3333	0.007708161834
3334	0.002038323487
3335	0.001532253456
3336	3.960431354e-05
3337	0.01151101207
3338	0.0007256198023
3339	0.008153244334
3340	0.002651443578
3341	0.007708609887
3342	0.003554693838
3343	0.01053993564
3344	0.009443365658
3345	0.001881456427
3346	0.003596469784
3347	0.0004788910592
3348	0.001627118995
3349	0.002162086393
3350	0.002649309918
3351	0.004284831471
3352	0.004258456583
3353	0.003555749903
3354	0.003957346533
3355	0.0008149770676
3356	0.001143026197
3357	0.0001239782016
3358	0.0001239782016
3359	0
3360	0.001699997972
3361	0.007174073779
3362	0.008668676063
3363	0.0002015422423
3364	0.001962937306
3365	0.001502929765
3366	0.00411427543
3367	0.002508533698
3368	0.001704743072
3369	0.003196296188
3370	0.0007481433002
3371	0.003246489249
3372	2.759567135e-05
3373	0.002918356367
3374	0.001401573657
3375	0.004414524205
3376	0.002366201666
3377	0.01020764688
3378	0.00145861523
3379	0.003317481574
3380	0.0001777121541
3381	0.001580020517
3382	0.008005871397
3383	5.181612587e-05
3384	0.002371030124
3385	0.001074423906
3386	0.001758570246
3387	0.0001005449591
3388	0.0001005449591
3389	0.01058948554
3390	0.004057775307
3391	0.01103606415
3392	0.00307197269
3393	0.001209667206
3394	3.034185575e-05
3395	0.000328917415
3396	0.003817516767
3397	4.968210718e-05
3398	0.0001166212534
3399	0.002036553177
3400	0.001461913382
3401	0.001398543863
3402	0.00438673993
3403	0.005611112222
3404	0.005135949823
3405	0.01081485275
3406	0.002179357902
3407	0.0002798418803
3408	0.002381098252
3409	0.00202234268
3410	0.01062791043
3411	0.003072861371
3412	0.007134060871
3413	0.0005912041795
3414	0.001716071463
3415	0.005406541556
3416	0.00672390051
3417	0.000103596465
3418	0.0001925800735
3419	0.004864541588
3420	0.005969355796
3421	0.001055083435
3422	0.004238112708
3423	0.0005339610993
3424	0.002618319768
3425	0.004468360629
3426	0.001351177528
3427	0.0005465741693
3428	0.003967808417
3429	0.01020621172
3430	0.0005271751243
3431	0.006572177114
3432	0.001738889521
3433	0.002663893491
3434	0.0003529005504
3435	0.01268410488
3436	0.00309176817
3437	0.001239217504
3438	0.005884738149
3439	0.006295074356
3440	0.005586007205
3441	0.002887646269
3442	0.003600759083
3443	0.0007550667068
3444	0.002762712402
3445	0.01050992224
3446	0.005521219102
3447	0.003635815818
3448	0.01104760782
3449	0.000275408314
3450	0.003046266597
3451	0.001987275515
3452	0.01351538587
3453	0.0008016780558
3454	0.002510140785
3455	0.001207092297
3456	0.002577101278
3457	0.001234882104
3458	0.001847875319
3459	0.001515174915
3460	0.00131748186
3461	0.004234515946
3462	0.002018066405
3463	0.002710246146
3464	0.0105962798
3465	0.003090429571
3466	0.0008244921312
3467	0.0008599280259
3468	0.002219921933
3469	0.003572533612
3470	0.0006968963309
3471	0.002153967847
3472	0.001413701371
3473	0.002942135059
3474	7.629427793e-06
3475	7.629427793e-06
3476	0.0001474437697
3477	0.002712032421
3478	0.002104096118
3479	9.612785602e-05
3480	0.006380398044
3481	0.001649509331
3482	0.0002225271773
3483	0.00071820187
3484	0.002439571097
3485	0.0006297298538
3486	0.001569327703
3487	0.0001092643052
3488	0.0001092643052
3489	0.004519670287
3490	7.747502271e-05
3491	0.0001555858311
3492	0.0002620913214
3493	0.003759860602
3494	0.004303018934
3495	0.001874529887
3496	0.003076183351
3497	0.005572192534
3498	0.001318943523
3499	0.001784648396
3500	0.01055475399
3501	0.0004858269354
3502	0.00513338139
3503	0.002032411002
3504	0.002850848386
3505	4.08719346e-06
3506	4.08719346e-06
3507	0.00352936921
3508	0.007671105791
3509	8.03409458e-05
3510	0.004702217533
3511	0.002150294343
3512	2.509037798e-05
3513	0.00448396158
3514	0.001385801482
3515	0.0004373593705
3516	0.002174389007
3517	0.008566423877
3518	0.00845740416
3519	0.0008344702921
3520	0.001257517144
3521	0.003752501473
3522	0.002753752509
3523	0.006810428704
3524	0.002779376369
3525	0.001011494323
3526	0.002315650641
3527	0.001506889192
3528	0.001139544156
3529	0.002474157877
3530	0.003948343089
3531	0.002816727056
3532	0.01185924523
3533	0.0008376581979
3534	0.00577597429
3535	0.007366242839
3536	0.006772344071
3537	0.000457312984
3538	0.00230825015
3539	0.002118021144
3540	7.525437599e-05
3541	0.002499410776
3542	0.001067151515
3543	0.001309227994
3544	0.0005534452731
3545	0.002092025434
3546	0.008092892464
3547	0.009495405314
3548	0.001510573023
3549	0.001224725297
3550	0.001183023272
3551	0.004789430237
3552	0.008676368004
3553	0.01086130186
3554	0.0007668198055
3555	0.00677082585
3556	0.0002137573683
3557	0.01039644293
3558	0.01077131049
3559	0.008559743274
3560	0.00205890098
3561	0.005084992089
3562	0.00406256041
3563	0.003459586179
3564	0.002760681301
3565	0.004100087835
3566	0.001377607662
3567	0.001184629001
3568	0.0007973297811
3569	0.004832175198
3570	0.009564599455
3571	0.00988425895
3572	0.004454982597
3573	0.01340002286
3574	7.847411444e-05
3575	7.847411444e-05
3576	0.005189241394
3577	0.007158534794
3578	0.007684632318
3579	0.00256027317
3580	0.001389508973
3581	0.007516502726
3582	0.006322208784
3583	0.003744994279
3584	0.005136503692
3585	0.001176714952
3586	0.0080805046
3587	0.004274226311
3588	0.002528075088
3589	0.0001671405284
3590	0.0004220099569
3591	0.004985350863
3592	0.002578417259
3593	0.004257760022
3594	0.004108652146
3595	0.002381172995
3596	0.003250912272
3597	0.0181245236
3598	0.008689252076
3599	0.0005227536807
3600	0.002162641244
3601	0.007663196605
3602	0.005877797758
3603	0.0002103111482
3604	8.170419034e-05
3605	4.032697548e-05
3606	4.032697548e-05
3607	0.005836749844
3608	0.003288568136
3609	0.004477820092
3610	0.0006578471421
3611	0.002171834617
3612	0.003292131177
3613	0.0006730257603
3614	0.0003125088614
3615	3.265978344e-05
3616	3.655755689e-05
3617	0.003207283457
3618	0.001951451444
3619	0.004531310101
3620	0.004822922705
3621	0.002349835939
3622	0.0007936844114
3623	0.003049635442
3624	0.000266833619
3625	0.00550508054
3626	0.001686501179
3627	0.001119678087
3628	0.0001578413054
3629	0.005720419594
3630	0.002461925542
3631	0.001232098667
3632	0.002880968757
3633	0.003570968622
3634	0.0008908142505
3635	0.002176685742
3636	0.00636162692
3637	0.003782539937
3638	0.004015491274
3639	0.002075910525
3640	0.001041900777
3641	0.00714751953
3642	0.005315309866
3643	0.003320515483
3644	0.003682395963
3645	0.01144904691
3646	0.00468339606
3647	0.003845336389
3648	0.0005670757239
3649	0.002694600136
3650	0.0004624961572
3651	0.002780601831
3652	0.007378810332
3653	0.0001448319709
3654	0.00332305322
3655	0.0005735977199
3656	0.0008026729116
3657	0.0004635366179
3658	0.004950593537
3659	0.0001351498638
3660	0.0001351498638
3661	0.008971430004
3662	0.007601164194
3663	0.0002879115509
3664	0.0003691086123
3665	0.0001534978305
3666	0.00254058945
3667	0.003669395424
3668	2.711605923e-05
3669	0.00118252249
3670	6.130790191e-06
3671	0.004106845513
3672	0.006197970954
3673	0.002233915885
3674	0.002937993764
3675	0.001557256229
3676	0.00427357502
3677	0.0004949911743
3678	0.01024505603
3679	0.0003996764967
3680	0.0008889290951
3681	0.004284746153
3682	0.002441557339
3683	0.003074738754
3684	4.126347161e-05
3685	0.004284256396
3686	0.004794460384
3687	0.00418242485
3688	0.009067711383
3689	0.0007840313238
3690	0.0002803579181
3691	0.01325092998
3692	0.00352403557
3693	0.00400957239
3694	0.002748137421
3695	0.004922775039
3696	0.003902959448
3697	0.002028376518
3698	0.002946432814
3699	0.01789887555
3700	0.01003478358
3701	0.005270433015
3702	0.004433709655
3703	0.00305220987
3704	0.00902295606
3705	0.001694949126
3706	0.001342811711
3707	0.001132331716
3708	0.001515834919
3709	0.001383594475
3710	0.003372170036
3711	0.004865602559
3712	0.007934874345
3713	0.005765856233
3714	0.007394273852
3715	0.007011142196
3716	0.01343916411
3717	0.009456281319
3718	0.01131666798
3719	0.0006580976938
3720	0.005247638888
3721	0.002813023754
3722	0.001714392303
3723	0.001517112306
3724	0.003921410475
3725	0.01159504052
3726	4.822888283e-05
3727	4.822888283e-05
3728	9.727520436e-05
3729	9.727520436e-05
3730	0.002351219081
3731	0.001788899646
3732	0.001601180286
3733	0.0010409061
3734	2.457454126e-05
3735	0.003716361997
3736	0.001495146971
3737	0.0008378851048
3738	0.001799015329
3739	4.899269063e-05
3740	0.003054198379
3741	0.001769858233
3742	0.003187293804
3743	0.005260188616
3744	0.0005285810873
3745	0.002296572441
3746	0.002039043073
3747	0.004350332019
3748	0.0001204359673
3749	0.0001204359673
3750	0.010787286
3751	8.143954137e-06
3752	0.003161211552
3753	0.0003380463923
3754	0.001379872729
3755	0.005183811115
3756	0.01250377435
3757	0.008394287621
3758	0.001519101752
3759	0.01030901837
3760	0.002419156632
3761	0.008843480007
3762	0.00855482666
3763	0.003330472597
3764	0.001122275519
3765	0.0003169686775
3766	0.00117065184
3767	0.0003584030303
3768	1.760103869e-05
3769	0.00458220484
3770	1.689373297e-05
3771	1.689373297e-05
3772	0.00830699883
3773	0.004300148959
3774	0.004533658652
3775	0.002758816399
3776	1.615955188e-05
3777	4.495912807e-05
3778	4.495912807e-05
3779	0.0004844903278
3780	0.001959434311
3781	0.003561135418
3782	0.001689231658
3783	0.002076279394
3784	0.0001712010337
3785	0.001454533474
3786	0.00271814706
3787	0.001856523163
3788	5.258855586e-05
3789	5.258855586e-05
3790	0.007579939393
3791	0.0002798882271
3792	0.000305935548
3793	0.005885279014
3794	0.01164629112
3795	0.001492926977
3796	0.006412236858
3797	0.005473059665
3798	0.01122796604
3799	0.002102004794
3800	0.000442270908
3801	0.001365784208
3802	0.001215255887
3803	0.003409940595
3804	0.005827906412
3805	0.0001637939536
3806	0.001686229493
3807	6.763341518e-05
3808	0.0003796491654
3809	0.002189683232
3810	0.003819115821
3811	0.001869643188
3812	0.007130984944
3813	0.01609867965
3814	0.0003781400808
3815	0.004266908862
3816	2.125340599e-05
3817	4.904632153e-06
3818	0.001943211704
3819	0.0003641825037
3820	0.002005435561
3821	0.003871790068
3822	0.0002347421471
3823	0.009418100517
3824	0.001447105284
3825	0.01448546678
3826	0.000326796681
3827	0.003768657601
3828	0.005157653483
3829	0.0005271419803
3830	0.01095762859
3831	0.005863892754
3832	0.003490697414
3833	0.006464709105
3834	0.005147495734
3835	0.0003204190514
3836	0.01103678997
3837	0.000119346049
3838	0.000119346049
3839	0.004714371196
3840	0.002034237962
3841	0.004377090222
3842	0.01069940678
3843	0.006097168326
3844	0.006482535783
3845	0.0007018304731
3846	0.007266467235
3847	0.002434479692
3848	0.003345676076
3849	0.003313476177
3850	0.000870912267
3851	0.0006494567396
3852	0.003559293219
3853	0.001870825557
3854	0.001909725218
3855	0.005051114269
3856	0.005560745346
3857	0.003392179035
3858	0.01744294242
3859	0.002418332209
3860	0.002345924267
3861	0.004772815411
3862	0.004178298466
3863	9.688156515e-05
3864	0.001851139925
3865	0.008961536931
3866	0.001701077127
3867	0.0003110339838
3868	0.001042439034
3869	0.002082752728
3870	0.003193669086
3871	0.00365067383
3872	0.001755536785
3873	0.0001110420333
3874	0.005315455031
3875	0.0002686534549
3876	0.002446992841
3877	0.003643742579
3878	0.004229213667
3879	0.0004260173283
3880	7.912028026e-05
3881	0.001382054658
3882	0.0001478644001
3883	0.003682785347
3884	0.001707837731
3885	0.001905998571
3886	0.003854013561
3887	0.0002208899691
3888	0.001940782753
3889	0.0003104477531
3890	0.003142159349
3891	0.002016434727
3892	0.002800088723
3893	0.0022722327
3894	0.008359110968
3895	0.002300257777
3896	0.0005453926054
3897	0.007259699988
3898	4.223433243e-05
3899	6.59400545e-05
3900	0.00223005599
3901	0.007398063097
3902	0.00302720069
3903	0.005075956534
3904	0.002023551349
3905	0.002959387159
3906	0.005225148103
3907	0.002466932078
3908	0.005373543745
3909	0.002031942322
3910	0.005961015967
3911	5.422343324e-05
3912	5.422343324e-05
3913	0.002879448393
3914	0.01358400267
3915	0.0006333655789
3916	0.004087349847
3917	0.0002651605572
3918	0.007409574902
3919	0.009864634893
3920	0.0009726710636
3921	0.01536282337
3922	0.01233253731
3923	0.00275553896
3924	0.0003886348342
3925	0.00024538494
3926	0.003849265201
3927	0.002026075835
3928	0.0001056646654
3929	0.002132903619
3930	0.002852078906
3931	0.004601037902
3932	0.0005185231394
3933	0.003005059635
3934	0.000219098411
3935	0.0005903585365
3936	0.003819647723
3937	0.01079949355
3938	0.003182849336
3939	0.004542644009
3940	2.643696604e-05
3941	0.0006527923298
3942	0.003992211815
3943	1.754394322e-05
3944	0.01089746904
3945	0.01191123606
3946	0.0007266224113
3947	0.001443388467
3948	0.0008277820598
3949	0.0003537610816
3950	0.005577665762
3951	0.002159642624
3952	0.004947908807
3953	0.007445110803
3954	0.0002170357668
3955	0.004236671378
3956	0.001967741337
3957	0.01571360695
3958	0.0001144303312
3959	0.000564652736
3960	0.003069999632
3961	0.004237892146
3962	0.001149360183
3963	0.0008380358464
3964	0.005884122916
3965	1.453224342e-06
3966	0.000108719346
3967	0.0006248895841
3968	0.004185712392
3969	0.003499355015
3970	0.00246429332
3971	0.01140440221
3972	0.002059063291
3973	0.004026194263
3974	0.00107673308
3975	0.00239672608
3976	0.006153900235
3977	0.0001217983651
3978	0.0001217983651
3979	0.002367804333
3980	0.002413167247
3981	0.0001226462956
3982	5.552679386e-05
3983	0.001320937115
3984	0.004726800024
3985	0.00137848444
3986	0.003586756718
3987	0.0008170797638
3988	0.01522471474
3989	0.004951422194
3990	6.455736547e-05
3991	0.002780147128
3992	0.0005900773901
3993	0.004928838828
3994	0.005675087043
3995	0.0009982769616
3996	0.001215479889
3997	0.01061627931
3998	0.003884654477
3999	0.001939802559
4000	0.003139971126
4001	0.01013581208
4002	0.005842094328
4003	0.003841423785
4004	0.007421169561
4005	0.009189349643
4006	0.003747449684
4007	0.0006201250949
4008	0.001791901913
4009	0.001020267627
4010	0.0004735952882
4011	0.001127766699
4012	0.004031494452
4013	0.005942784677
4014	0.004304347275
4015	4.114441417e-05
4016	0.0001310626703
4017	0.003909163918
4018	0.00677509609
4019	0.003006448939
4020	0.0003943187888
4021	0.004831024269
4022	0.0003588064484
4023	0.003372706663
4024	0.001190085378
4025	0.01238856316
4026	0.0001724432334
4027	0.000321253406
4028	0.001483760133
4029	0.004352639747
4030	0.008925726879
4031	0.01201583059
4032	0.000926070729
4033	0.001221560575
4034	0.003358186093
4035	0.0002630006852
4036	0.0004048587267
4037	0.008550159882
4038	0.002252555712
4039	0.002348245855
4040	0.002120086812
4041	0.002114379055
4042	0.002435440746
4043	0.005911328873
4044	0.003804039434
4045	0.004721255238
4046	0.006454987553
4047	0.001813451303
4048	0.0005308515292
4049	3.605812897e-05
4050	7.384196185e-05
4051	0.006807158863
4052	0.009756498343
4053	0.004927769192
4054	0.001051748258
4055	0.002615831893
4056	0.002039205477
4057	0.002998527779
4058	0.001770429225
4059	0.003781060803
4060	9.435000105e-05
4061	0.004198112522
4062	0.004338141133
4063	0.01334416673
4064	0.002223347672
4065	0.004386390966
4066	0.01149381069
4067	0.003436561777
4068	0.007201884179
4069	0.0007442170024
4070	0.003441752006
4071	0.003475924546
4072	0.0009575098097
4073	0.00652929584
4074	0.001099674913
4075	0.002714675486
4076	0.003605620749
4077	0.001006302373
4078	0.0008109672633
4079	0.004410146815
4080	0.003854407174
4081	0.00489505645
4082	7.629427793e-05
4083	7.629427793e-05
4084	0.005323413255
4085	0.00335944324
4086	0.004916312457
4087	0.007192160597
4088	0.002901482711
4089	0.002236654839
4090	0.0001457073589
4091	0.00383087041
4092	0.001590985482
4093	0.0002220224067
4094	0.002230479174
4095	0.003410150011
4096	0.001775407285
4097	0.002475600025
4098	0.004894366489
4099	0.009709255404
4100	0.006132727588
4101	0.0001169845595
4102	0.0001760217984
4103	0.0009779722138
4104	0.00279428112
4105	1.553133515e-05
4106	4.032697548e-05
4107	0.006077650645
4108	0.006492502436
4109	0.001843722992
4110	0.001690331274
4111	0.003095968077
4112	0.008818979515
4113	0.002349447822
4114	0.0007495255012
4115	0.005487764852
4116	0.006914012744
4117	0.001205228214
4118	0.001346951787
4119	0.002924579735
4120	0.001213951553
4121	9.918256131e-06
4122	0.001885748178
4123	0.001244897238
4124	0.002305941383
4125	0.005126682915
4126	0.004507696321
4127	0.0004028993798
4128	0.002283653137
4129	0.002738344151
4130	0.0094484883
4131	0.00335937173
4132	0.0144774059
4133	0.005654439712
4134	0.001125402578
4135	0.002893441832
4136	0.002294852482
4137	0.001086965817
4138	0.002198915195
4139	0.006517698691
4140	0.003362572259
4141	0.001731822324
4142	0.002842087472
4143	0.008933619476
4144	0.001689967984
4145	0.002304216153
4146	0.001428130556
4147	0.003315092057
4148	0.005472291335
4149	0.01255716836
4150	0.000757439907
4151	0.000605557612
4152	0.003009985797
4153	0.01083832305
4154	0.004219549459
4155	0.001035316902
4156	0.003344844923
4157	0.001729052132
4158	0.005224836923
4159	0.002240126932
4160	0.006316295154
4161	0.02215548029
4162	0.008287741708
4163	0.008989337733
4164	0.000375008694
4165	0.0001103542234
4166	0.0001103542234
4167	0.004113431727
4168	0.004220504221
4169	0.00516186429
4170	0.006833492109
4171	0.002680991482
4172	0.002389624099
4173	0.00653068979
4174	2.9791099e-05
4175	9.400544959e-05
4176	0.0001152951862
4177	0.0001948228883
4178	0.0001124787837
4179	0.00275917086
4180	0.001927106704
4181	0.001690278726
4182	0.01073121979
4183	0.002531977123
4184	0.005696011765
4185	0.0007456524042
4186	0.005579390784
4187	0.0003720707656
4188	0.01632514385
4189	0.02117530688
4190	0.002182713354
4191	0.0001029972752
4192	0.0001029972752
4193	0.003487096652
4194	0.008756946167
4195	0.000756886387
4196	0.003894979547
4197	0.001136175102
4198	0.005237879223
4199	0.003912481467
4200	0.005537409634
4201	0.0006658794197
4202	0.007594785814
4203	0.0006519688714
4204	0.002580156639
4205	0.001323747739
4206	0.003416013921
4207	0.004306232269
4208	0.00409354658
4209	0.002028456388
4210	0.01063571952
4211	0.001756937473
4212	0.001423619334
4213	0.001347319581
4214	0.008118368362
4215	0.02110299719
4216	0.002808158614
4217	0.002608240166
4218	0.00566827035
4219	0.003243543824
4220	0.001483413812
4221	0.007539993151
4222	0.01089492516
4223	0.002730256032
4224	0.001538357869
4225	0.00455277855
4226	0.00107803391
4227	0.0007299920954
4228	0.004214568745
4229	0.0003470528368
4230	0.007983131537
4231	0.001782375924
4232	0.0009365799469
4233	0.002266498222
4234	7.05549452e-05
4235	0.003712500206
4236	0.003581284184
4237	0.005164786086
4238	0.001055278942
4239	0.004641467915
4240	0.002541274214
4241	0.003411592896
4242	0.01163649671
4243	1.785421362e-05
4244	0.002855098084
4245	0.0043050791
4246	0.004322826862
4247	0.004191528768
4248	0.002239383735
4249	0.001351623912
4250	0.0008551930927
4251	0.0016842949
4252	0.001254187268
4253	0.004648197064
4254	0.0006983747729
4255	0.0001702997275
4256	0.0001232515895
4257	0.00206742314
4258	0.004366896597
4259	0.00724588923
4260	0.0005005965086
4261	0.002918793305
4262	0.0004201752925
4263	0.00128459455
4264	0.002853085134
4265	0.004923171425
4266	0.001870840683
4267	0.002626599551
4268	0.002459238878
4269	0.0009293372008
4270	0.001061211123
4271	0.0006337533067
4272	0.001332927551
4273	0.007284982223
4274	0.004125925783
4275	0.005202176186
4276	1.083301023e-05
4277	0.004853289088
4278	0.002100541365
4279	4.780218109e-05
4280	0.002391046998
4281	0.005883382041
4282	0.00265332132
4283	0.006982903657
4284	0.003354160016
4285	0.004099215896
4286	0.001074447804
4287	0.01789747457
4288	0.002593612508
4289	0.0001501362398
4290	0.0002474114441
4291	0.0008463235918
4292	0.003616551628
4293	0.01346985796
4294	0.0003793910573
4295	0.003083712001
4296	0.004164529817
4297	0.003171159529
4298	0.001907926736
4299	7.163517076e-05
4300	0.0008956369163
4301	0.002939483033
4302	0.00319243282
4303	0.003522947499
4304	0.003180190888
4305	0.004529071487
4306	0.002086363516
4307	0.002371893192
4308	0.005883598741
4309	0.008795077734
4310	0.0006915336735
4311	0.009038089514
4312	0.006221790503
4313	0.003863945291
4314	1.650707152e-05
4315	0.009888106463
4316	0.004482865378
4317	0.001306583383
4318	0.001346953309
4319	0.005619344721
4320	0.0008176607369
4321	0.0006515485984
4322	0.007249948873
4323	0.002098326526
4324	0.002145841255
4325	0.008204560024
4326	0.00331735803
4327	0.001164188164
4328	0.001795903648
4329	0.001972272604
4330	0.001656154858
4331	0.0003010055097
4332	0.01031459494
4333	0.007911926745
4334	0.0003324811849
4335	0.007591139279
4336	0.004109970891
4337	0.008630482697
4338	0.01431710182
4339	0.01324302833
4340	0.002376305484
4341	0.003917418159
4342	0.009664340123
4343	0.00717536406
4344	0.002024142045
4345	0.001467138807
4346	0.001461904219
4347	0.01225228257
4348	0.01372152202
4349	0.009829903605
4350	0.002796088461
4351	0.0004695933204
4352	0.0005666443733
4353	0.002838313544
4354	0.001757221536
4355	0.006938251649
4356	0.009800442537
4357	0.0002851592558
4358	0.003351941909
4359	0.005297279334
4360	0.002580932664
4361	0.002520177204
4362	0.003054316247
4363	0.005204549232
4364	0.0005747796872
4365	0.005572733498
4366	0.001578722992
4367	0.002883613096
4368	0.009266260514
4369	8.501362398e-05
4370	8.501362398e-05
4371	5.238614247e-05
4372	0.0002100817439
4373	0.0001065758401
4374	0.003524756683
4375	0.007105840889
4376	0.0004007275038
4377	0.004439593562
4378	0.0005178823581
4379	0.004743440399
4380	0.000285523319
4381	0.002608022182
4382	0.0007457497263
4383	0.004354306335
4384	0.001667443852
4385	0.001023678101
4386	0.0001238916052
4387	0.001204135571
4388	0.007076746046
4389	0.004064586955
4390	0.003114111795
4391	0.004653321946
4392	0.001601794258
4393	0.0004674275403
4394	0.006741599354
4395	0.002238488291
4396	0.000331881515
4397	0.003321366949
4398	0.01003704594
4399	0.003416969087
4400	0.008425210106
4401	0.005066202984
4402	0.0002148133493
4403	0.0003639506146
4404	0.0005638303536
4405	0.001071189316
4406	0.002906252772
4407	0.005851958068
4408	0.003046634327
4409	0.003504732348
4410	0.0001590222892
4411	0.009891310664
4412	0.007047502178
4413	0.0001039643008
4414	0.002028116164
4415	0.004192084417
4416	0.001147659979
4417	0.0009678498028
4418	0.002038572013
4419	0.00627450602
4420	0.0005498459808
4421	4.612414533e-06
4422	0.002924013559
4423	0.005974598481
4424	0.00462700629
4425	0.01008293418
4426	0.0007807734041
4427	0.000397948105
4428	0.01007409003
4429	0.007778564658
4430	0.006228869436
4431	0.01136929613
4432	0.0002309402384
4433	0.002611768857
4434	0.007861462645
4435	0.0001686648501
4436	0.0001234224444
4437	0.002173980084
4438	0.006164464233
4439	0.007144027305
4440	0.0004715509727
4441	0.0009708407501
4442	0.01147257001
4443	0.0001128534103
4444	0.0001959880628
4445	0.004984277661
4446	0.005836848457
4447	0.003877224466
4448	0.0009933521463
4449	0.001623369492
4450	0.003796316367
4451	0.0002665152438
4452	0.004836575797
4453	0.003508911889
4454	7.411444142e-05
4455	7.411444142e-05
4456	0.003037962901
4457	0.005610502288
4458	0.0004991721072
4459	0.000407449475
4460	0.0002736902472
4461	0.0003188940443
4462	0.002608081517
4463	0.002334821718
4464	0.0002986556065
4465	0.003367166188
4466	0.009251454901
4467	0.01758190257
4468	0.0006025457246
4469	0.001538992509
4470	0.007789961618
4471	7.979444973e-05
4472	0.005802095917
4473	0.003214524296
4474	0.01086351977
4475	0.006209130405
4476	0.004692977864
4477	0.002792678285
4478	0.01216399999
4479	0.004719351455
4480	0.004556954473
4481	0.009998562025
4482	0.002668742461
4483	1.880108992e-05
4484	1.880108992e-05
4485	0.001945978416
4486	0.003101959049
4487	0.001017653938
4488	0.001431716911
4489	0.007670919938
4490	0.007617129343
4491	0.008478974591
4492	0.004792522204
4493	0.004401898163
4494	0.004461047152
4495	0.005523043891
4496	0.002725805215
4497	0.001606983846
4498	0.0029019205
4499	0.0002336635675
4500	0.001669029531
4501	0.000152853262
4502	0.004689009499
4503	0.003653183527
4504	0.002226906076
4505	6.348773842e-05
4506	6.348773842e-05
4507	0.01034992707
4508	0.001437786109
4509	0.002065759515
4510	0.001945775662
4511	0.001593485457
4512	0.008453154557
4513	0.0002518865179
4514	0.005878285536
4515	0.001112272068
4516	6.38328792e-05
4517	0.001360583015
4518	0.003410901932
4519	0.008506358923
4520	0.009515471279
4521	0.006274532871
4522	0.005324337778
4523	0.004095769544
4524	0.007741195263
4525	0.0007984720562
4526	0.001753789082
4527	0.004109341293
4528	0.001041490815
4529	0.002845725478
4530	0.0001540499773
4531	0.002819188618
4532	0.005158639577
4533	0.0009169047419
4534	0.001665719235
4535	0.001921691232
4536	6.225249773e-05
4537	0.005587743304
4538	0.007079756462
4539	0.002555205234
4540	0.002908487723
4541	0.0001200071706
4542	0.004660893149
4543	0.005167490263
4544	0.0005890186158
4545	0.001070646705
4546	0.008648574114
4547	0.006562041357
4548	0.007001407757
4549	0.004032482604
4550	0.004830151564
4551	0.006322924624
4552	0.01001866712
4553	0.01938521452
4554	0.002616787702
4555	0.005388976567
4556	0.0009382223889
4557	0.001405504745
4558	0.003575529472
4559	0.01006126499
4560	0.001155712532
4561	0.0004363959274
4562	0.002476693706
4563	2.697547684e-05
4564	2.697547684e-05
4565	0.00436986868
4566	0.001211110136
4567	0.00985146148
4568	0.002572389801
4569	0.003672632271
4570	0.001130486521
4571	0.004914459521
4572	0.01132018453
4573	0.001636778788
4574	0.002548897639
4575	0.001700483831
4576	0.002389407847
4577	0.0009684878178
4578	0.002548142122
4579	0.00460428737
4580	0.004040365143
4581	0.01111028387
4582	0.00220651963
4583	0.002841871732
4584	0.002842541345
4585	0.001197426649
4586	0.00653961975
4587	0.001680074782
4588	6.684831971e-05
4589	0.008002689793
4590	0.003769081842
4591	0.001526428127
4592	0.007152314063
4593	0.0007307661436
4594	0.00139199678
4595	0.00942805378
4596	0.00142639262
4597	0.001054031774
4598	0.005634575347
4599	0.001877188194
4600	0.002157096617
4601	0.00538356066
4602	0.001098571142
4603	0.004180413336
4604	0.0001585214906
4605	0.002810518634
4606	0.002484682289
4607	0.004316260059
4608	0.003919984392
4609	0.00226720623
4610	0.0011188643
4611	0.0001107344311
4612	0.00324861118
4613	0.003671215454
4614	0.007894514255
4615	0.0004314391557
4616	0.0003906619582
4617	0.001327992037
4618	0.002222915396
4619	0.008503342906
4620	0.000165855812
4621	0.001099792951
4622	0.0013978321
4623	0.02477490951
4624	0.01024740412
4625	0.002178554615
4626	0.002255502411
4627	0.008873304507
4628	0.002644144157
4629	0.02098654777
4630	2.386333905e-05
4631	0.001233835496
4632	0.00109769977
4633	0.0005907316841
4634	0.008424535912
4635	0.0001190735695
4636	0.0001190735695
4637	0.01100738663
4638	0.003002927212
4639	0.002239472951
4640	0.01136079228
4641	8.142208382e-05
4642	7.302452316e-05
4643	7.302452316e-05
4644	0.008408603851
4645	0.002817645333
4646	0.003546738228
4647	9.918256131e-05
4648	9.918256131e-05
4649	0.001670538671
4650	0.003795143845
4651	0.001356355613
4652	0.004196338705
4653	7.202577155e-05
4654	0.0103973372
4655	0.002122337519
4656	0.003545113448
4657	0.001533065398
4658	0.002584331688
4659	0.007743582348
4660	0.0009438224449
4661	0.0003261685592
4662	0.002447188841
4663	0.005482931645
4664	0.0005656028308
4665	0.0003970716142
4666	0.004423760388
4667	0.005310790169
4668	0.008248320678
4669	0.001971747512
4670	0.007843527295
4671	0.003147942317
4672	0.002658146453
4673	0.002907307566
4674	0.007459700331
4675	0.006335160472
4676	0.0003318134406
4677	0.01049794335
4678	0.003456147
4679	0.005872470637
4680	0.004771063757
4681	0.006478527141
4682	0.0001533413504
4683	0.01044581671
4684	0.0002179478889
4685	0.008499957303
4686	0.01118423521
4687	0.0008736716607
4688	0.01234680745
4689	0.001655422102
4690	0.006657887431
4691	0.001706373594
4692	0.007987521904
4693	0.003504553674
4694	0.005095244351
4695	0.005920242291
4696	0.007780394295
4697	0.002841439188
4698	0.004986910839
4699	0.0004731894505
4700	0.001972582818
4701	0.003862641122
4702	0.003869198284
4703	0.0004511927154
4704	0.002609516965
4705	0.007295814776
4706	0.001757490619
4707	0.0005398388054
4708	0.002043371417
4709	0.002521198317
4710	0.0003101612158
4711	0.003407230099
4712	0.002041210234
4713	0.001800192817
4714	0.002983246392
4715	0.001532099567
4716	0.003397702444
4717	0.007303514275
4718	0.008871614942
4719	0.001144123715
4720	0.003492123512
4721	2.256071019e-05
4722	5.367629915e-05
4723	6.408849959e-07
4724	0.0001505982781
4725	0.0002879551939
4726	0.001095280813
4727	0.004602161186
4728	0.004612627233
4729	4.593106564e-05
4730	0.005874726756
4731	0.00568382091
4732	0.004447735694
4733	0.002574716043
4734	0.0003483793745
4735	0.0001320954976
4736	0.000189137148
4737	0.001628335812
4738	0.004410827047
4739	0.006741085347
4740	0.002685626375
4741	0.004099223878
4742	0.00752016859
4743	0.0039876046
4744	0.0006823939095
4745	0.007579971294
4746	0.0006092276991
4747	0.00927002929
4748	0.006165507775
4749	0.007539965635
4750	0.00483334214
4751	3.899831322e-05
4752	7.224056201e-05
4753	0.0002273572768
4754	0.00196968038
4755	0.00315660379
4756	0.006115414205
4757	2.40712358e-06
4758	0.004459039009
4759	4.822888283e-05
4760	4.822888283e-05
4761	0.003386615728
4762	0.004415082422
4763	0.008271583471
4764	0.007190691019
4765	0.01425451105
4766	0.004787409733
4767	0.002588191321
4768	0.007149720584
4769	0.004834207192
4770	0.003380014838
4771	0.002207574438
4772	0.01028257214
4773	0.005868300091
4774	0.003873594435
4775	0.01433654706
4776	0.004246879598
4777	0.0007666567767
4778	0.007928494023
4779	0.002422188498
4780	0.001775720888
4781	0.0001309439577
4782	0.002144006028
4783	0.002137301741
4784	0.004475274957
4785	0.004802438119
4786	0.005055444023
4787	0.008304200067
4788	0.007650198169
4789	0.01043482884
4790	0.01156112186
4791	0.003605697568
4792	0.001075411653
4793	0.004537734419
4794	0.002072706311
4795	0.0140477621
4796	0.004653235451
4797	0.00977012121
4798	0.004109865236
4799	0.005440100715
4800	0.008138454959
4801	0.005641292903
4802	0.00548616426
4803	6.816078257e-06
4804	0.006278092796
4805	0.004345517113
4806	0.003121047523
4807	0.003284047966
4808	0.002410432753
4809	0.0005991248142
4810	0.0002451712819
4811	0.005981537535
4812	0.001537856267
4813	0.005855942452
4814	0.001840602591
4815	0.0002590107845
4816	0.0008114226043
4817	0.001986444372
4818	0.001732242484
4819	0.003457587542
4820	0.004191764081
4821	4.845205657e-05
4822	0.0002343324251
4823	0.01036468678
4824	0.004470412933
4825	0.01253899322
4826	0.0008296684511
4827	5.535134968e-05
4828	0.003623277732
4829	0.01103851921
4830	0.00602868034
4831	2.188919164e-05
4832	3.325833265e-05
4833	2.025431426e-05
4834	0.0001504087193
4835	0.002544069287
4836	0.005480646664
4837	0.01041268657
4838	8.03632409e-05
4839	0.004285246441
4840	0.004528310453
4841	0.005574893964
4842	0.008754421656
4843	0.001940044544
4844	0.00138557311
4845	0.001679683686
4846	0.007034309626
4847	0.0001155130515
4848	0.002333272339
4849	0.003817947068
4850	0.01334479368
4851	0.005469019985
4852	0.0001947507743
4853	0.005976985628
4854	1.857164067e-05
4855	0.004446798186
4856	0.003030943807
4857	0.007713016344
4858	0.005701281065
4859	0.002497031998
4860	0.009855020806
4861	0.01537984836
4862	0.00156798642
4863	1.116993208e-05
4864	0.00400516157
4865	0.002316338689
4866	0.0206270503
4867	0.0004335745451
4868	0.001732698887
4869	0.001466476541
4870	0.007174522886
4871	0.006368301081
4872	0.01095161078
4873	0.007094473667
4874	0.0009387135987
4875	0.008414049351
4876	0.002295568954
4877	0.001880704172
4878	0.0001382466403
4879	2.813805631e-05
4880	7.138964578e-05
4881	0.003753004906
4882	0.001466525499
4883	0.001456690819
4884	0.007547541808
4885	0.006129447395
4886	0.0014653549
4887	0.001238089022
4888	0.0001712082458
4889	0.0009056231832
4890	0.002677866089
4891	0.002052903309
4892	0.003572454993
4893	0.001442086036
4894	0.002196196364
4895	0.004007262127
4896	0.001698703465
4897	0.005086397865
4898	0.0021202875
4899	0.006106394762
4900	0.003234591885
4901	2.733411671e-05
4902	0.004291651569
4903	0.002686209718
4904	0.004100008357
4905	0.001093924089
4906	0.0009017021994
4907	0.007689315429
4908	9.464123524e-05
4909	0.002940952827
4910	0.006809676061
4911	0.003885474458
4912	0.003120882659
4913	0.002292268953
4914	0.005737353035
4915	0.008251432998
4916	0.007538232714
4917	0.009016843716
4918	0.00108721782
4919	0.001508228581
4920	0.001380158985
4921	3.546840536e-05
4922	0.0005370628084
4923	0.001856789813
4924	0.007076261079
4925	2.335538714e-07
4926	0.000223705722
4927	0.0001079019074
4928	0.0001079019074
4929	0.0007065441047
4930	0.002393184003
4931	0.00350605465
4932	0.004673559941
4933	0.007071475964
4934	0.008556390503
4935	0.004488425584
4936	0.001648841267
4937	0.006530888663
4938	0.003873730086
4939	0.00200324288
4940	0.0001234332425
4941	0.0001234332425
4942	0.001300268968
4943	0.01128612584
4944	0.001851049797
4945	0.003176604126
4946	0.00269328364
4947	0.001438879146
4948	0.00451650093
4949	0.01360719973
4950	0.009375457625
4951	0.001496933727
4952	0.002407796757
4953	0.00354046638
4954	0.006328232633
4955	0.005461922249
4956	0.0003785572083
4957	0.002757836879
4958	0.001669362826
4959	0.004402128528
4960	0.003072914473
4961	0.003421206273
4962	0.0008365109642
4963	0.00110963828
4964	0.002189017515
4965	0.0010501585
4966	0.004624299476
4967	0.0004221160387
4968	0.001171072576
4969	0.003417746164
4970	0.004574874516
4971	0.006262290632
4972	0.002174914005
4973	0.006468396099
4974	0.005503882538
4975	0.006824909304
4976	0.0001475600625
4977	0.001783762196
4978	0.01273225371
4979	0.00178096614
4980	0.0002501789498
4981	0.0005309314503
4982	0.003790359182
4983	0.004807122525
4984	0.0001464789054
4985	0.005166033151
4986	0.006145287837
4987	0.0002863650371
4988	0.01030189356
4989	0.001682840697
4990	0.001053656512
4991	0.008103861135
4992	0.01391157939
4993	0.0001393434578
4994	0.0009026367097
4995	0.008010371846
4996	0.01163223769
4997	0.0081405127
4998	0.004414126255
4999	0.007045966639
5000	8.999860512e-05
5001	0.001585213022
5002	0.0002722621267
5003	0.004254729386
5004	0.01403474629
5005	0.0009621078284
5006	0.00481261069
5007	0.004568938916
5008	0.009443869624
5009	0.00138963314
5010	0.0009910505385
5011	0.002364932058
5012	7.465940054e-05
5013	6.203451408e-05
5014	0.005664953682
5015	0.01335920842
5016	0.00302594232
5017	0.001673313024
5018	0.004907764838
5019	0.003171489995
5020	0.003266846418
5021	0.008952783483
5022	0.004438347806
5023	0.001290881917
5024	0.004585043288
5025	0.004802407961
5026	0.001513779319
5027	0.005426042799
5028	0.004677202513
5029	0.001787668476
5030	0.02051141007
5031	0.008452004258
5032	0.008095335367
5033	0.01203844174
5034	8.19864147e-05
5035	0.0145840773
5036	0.0003480883679
5037	0.004900601783
5038	0.001587435621
5039	0.006053812818
5040	0.007602986484
5041	0.002996827028
5042	0.001025409843
5043	0.0008440495386
5044	0.01068228737
5045	0.007538143627
5046	0.001571173528
5047	0.003750304928
5048	0.006083571201
5049	0.00436837603
5050	0.00668531889
5051	0.003551451389
5052	0.005747131914
5053	0.008055461025
5054	0.003056181623
5055	0.007039210276
5056	0.003660323385
5057	0.005766390244
5058	0.002237804167
5059	0.001716308848
5060	0.004895273619
5061	0.003757177709
5062	0.00513160297
5063	7.994494794e-05
5064	1.353028656e-05
5065	0.001461347392
5066	0.004019326486
5067	0.0004272713215
5068	0.0006539662403
5069	0.0008309775233
5070	0.008490680851
5071	0.009913609811
5072	0.001048939269
5073	0.00709108326
5074	0.006096926582
5075	0.004136707129
5076	0.003026068371
5077	0.004328161621
5078	0.004137369692
5079	0.00470516347
5080	0.001085825402
5081	0.004047595927
5082	0.008052198911
5083	0.003523125166
5084	0.0006538584153
5085	0.002195305654
5086	0.003490016435
5087	0.002565133278
5088	0.009928455231
5089	0.002213534802
5090	0.002269718879
5091	0.0007392181959
5092	0.002838739028
5093	0.002351956451
5094	0.006173804343
5095	0.009136161253
5096	0.006911033744
5097	0.00239925405
5098	0.001193466048
5099	0.004884838577
5100	0.0001814116805
5101	0.0004900203257
5102	0.001666267173
5103	0.001002496862
5104	0.002904871264
5105	0.005598713581
5106	0.01139773941
5107	0.009747182552
5108	6.530832856e-05
5109	0.005908630812
5110	0.005445805712
5111	0.0006112590294
5112	0.008771306424
5113	6.103542234e-05
5114	6.103542234e-05
5115	0.005621362423
5116	0.004485608578
5117	8.147138965e-05
5118	8.147138965e-05
5119	0.001011735769
5120	0.001651084096
5121	0.0001750227066
5122	0.0002542234332
5123	0.002454157882
5124	0.0002364715494
5125	0.00146306795
5126	0.002519048665
5127	0.002109562665
5128	0.008112742034
5129	1.389645777e-05
5130	1.389645777e-05
5131	0.001408799352
5132	0.01475149834
5133	0.00559506869
5134	0.001083627566
5135	0.002529949361
5136	0.002438068538
5137	0.0043636763
5138	0.001825641338
5139	0.004515652956
5140	0.00462982967
5141	0.000517768506
5142	0.002111154834
5143	0.00333826783
5144	0.001998363046
5145	0.004716667183
5146	0.001625061
5147	0.00277556442
5148	0.01845239461
5149	0.0001286103542
5150	0.0001286103542
5151	0.0004959176145
5152	0.006049210635
5153	0.006633039954
5154	0.004388630541
5155	0.004302042892
5156	0.004171035221
5157	0.0001306085377
5158	6.294277929e-05
5159	6.294277929e-05
5160	0.0007017360267
5161	0.006045229927
5162	0.003381401935
5163	0.004155098836
5164	0.001139271332
5165	0.007830136069
5166	0.001809411908
5167	0.006007290706
5168	0.0007673288583
5169	0.003366011602
5170	0.002661073986
5171	0.004098258289
5172	0.005738238267
5173	0.001031356565
5174	0.008993230305
5175	0.01609675158
5176	0.001631321299
5177	0.001185662889
5178	0.00103118447
5179	0.0004000187315
5180	0.006107919845
5181	0.0002063365071
5182	0.00409476986
5183	0.003351467766
5184	0.008261963377
5185	0.0001357856494
5186	0.0001798365123
5187	0.002759073454
5188	0.0006132458419
5189	0.001173660027
5190	0.005134471607
5191	0.004478249201
5192	0.009017904319
5193	2.458282574e-05
5194	0.005095806115
5195	0.0003775211328
5196	0.005093549126
5197	0.00311856508
5198	0.0001042783845
5199	0.00320521031
5200	0.006222176553
5201	0.004619551535
5202	0.003239903183
5203	0.0001393839328
5204	0.001150419811
5205	0.001868704929
5206	0.001011675163
5207	0.002375465777
5208	0.0007951163059
5209	0.002588137427
5210	0.005371490869
5211	0.008406602293
5212	0.007152969584
5213	0.003256327252
5214	0.004500566759
5215	0.003299835541
5216	0.009600396115
5217	0.0005552998374
5218	0.0009393412629
5219	0.003360238601
5220	0.006857019825
5221	0.001972692187
5222	0.003702764088
5223	0.01292579787
5224	0.009520830573
5225	0.002311263151
5226	0.003143267484
5227	0.006882227569
5228	0.020139505
5229	0.001921681482
5230	0.008773333178
5231	0.004693196277
5232	0.004470610873
5233	0.003148786941
5234	0.005916636163
5235	0.001237468552
5236	0.01184115942
5237	0.004239780375
5238	0.003911608648
5239	0.003773582091
5240	0.01243814083
5241	0.001796074292
5242	0.00343786298
5243	0.0008010929082
5244	0.004669278516
5245	0.0054226066
5246	1.964128008e-06
5247	0.009386384783
5248	0.006866178714
5249	0.0004829994685
5250	0.003803042283
5251	0.004819967765
5252	7.075386013e-05
5253	0.0001490463215
5254	3.387375116e-05
5255	0.006385257412
5256	0.0002004374303
5257	0.003116893954
5258	0.0001963235493
5259	0.006534579058
5260	0.005224599111
5261	0.000830715654
5262	0.0003955864112
5263	0.003000351969
5264	0.004223056797
5265	9.813670235e-05
5266	0.0005074421341
5267	0.001308480663
5268	0.00128595033
5269	0.001006663144
5270	0.0004538480923
5271	0.0006089188052
5272	0.003176358813
5273	2.970027248e-05
5274	2.970027248e-05
5275	0.00249187303
5276	0.002217908355
5277	0.003497593726
5278	0.0006822196555
5279	0.00419990656
5280	0.005618710766
5281	0.001464498023
5282	0.001134727426
5283	0.003429638824
5284	0.009962309995
5285	0.007008115954
5286	0.003096221303
5287	0.001015913885
5288	0.001373711126
5289	0.006270312194
5290	0.001578217227
5291	0.00251483355
5292	0.001692621972
5293	0.004043801492
5294	0.001382103432
5295	0.01046310409
5296	0.007289366987
5297	0.003832283348
5298	0.01149904745
5299	1.206796232e-05
5300	0.003889671954
5301	0.0002758942826
5302	0.005936568969
5303	0.0001042688465
5304	0.003799839277
5305	0.004778825434
5306	0.0006510074658
5307	0.004121346492
5308	0.002218691707
5309	0.002332248304
5310	0.001540428241
5311	0.00975025762
5312	0.003214605088
5313	0.004279177385
5314	1.687556767e-05
5315	0.003213006583
5316	0.000304827897
5317	0.0002092313074
5318	0.002927046267
5319	9.31880109e-05
5320	9.31880109e-05
5321	0.005184531615
5322	0.007073581681
5323	0.003118298174
5324	0.009425578274
5325	0.006690547794
5326	0.007170140316
5327	0.008482365549
5328	0.001914013757
5329	0.01236044118
5330	0.007831381335
5331	0.001167367388
5332	0.000465512326
5333	0.003535732005
5334	0.0001147138965
5335	0.0001147138965
5336	0.004982474896
5337	0.0004809044692
5338	0.004049130556
5339	0.01395734584
5340	8.342262643e-05
5341	0.002435538124
5342	0.00306589422
5343	0.01098163007
5344	0.008360847742
5345	0.0001166212534
5346	0.0001166212534
5347	0.009870830263
5348	0.0109564735
5349	0.002298831791
5350	0.00449510427
5351	0.005767938835
5352	0.008954628182
5353	0.006158555365
5354	0.002336083989
5355	5.700791488e-05
5356	0.005256737869
5357	0.0001296453148
5358	0.004916912868
5359	0.001698415475
5360	0.001372871063
5361	0.002824324119
5362	0.004103601399
5363	0.0001605226929
5364	0.001897704925
5365	0.009432513164
5366	0.001978455229
5367	0.0009981810802
5368	0.006874147484
5369	0.006530499859
5370	0.01241044566
5371	0.0003338285046
5372	0.0001193174472
5373	0.00922075482
5374	0.006605886386
5375	0.004526974425
5376	0.008790445454
5377	0.007425257378
5378	0.0006684347786
5379	0.002317283769
5380	0.001977171325
5381	0.003973685091
5382	0.00329591007
5383	0.00209624947
5384	0.002241350263
5385	0.0005671857804
5386	0.004861884877
5387	0.003706659546
5388	0.003984562611
5389	0.0004679595161
5390	0.00158109415
5391	0.002265498936
5392	0.000421125188
5393	0.00395151922
5394	0.001521413576
5395	0.002067746374
5396	0.004795842431
5397	0.009055360862
5398	0.00158852879
5399	0.00242230022
5400	0.00968699839
5401	0.004384327726
5402	6.630336058e-05
5403	0.009903769295
5404	0.005984096218
5405	0.007695197069
5406	0.002451284792
5407	0.005941659991
5408	0.003718492968
5409	0.005289459558
5410	0.0008888451862
5411	0.0002027596435
5412	0.002892267302
5413	0.005340221743
5414	0.002628528734
5415	0.000442616524
5416	0.01080423667
5417	0.009013316277
5418	0.0001236392378
5419	0.00048782122
5420	0.001757693016
5421	0.001579066332
5422	0.001258793058
5423	0.002503400035
5424	0.001325634297
5425	0.001465230018
5426	0.007024146737
5427	0.003927486537
5428	0.003474673011
5429	2.970027248e-05
5430	0.006996003002
5431	0.004381937292
5432	0.0008546847152
5433	0.01091049811
5434	0.001684035323
5435	9.673024523e-05
5436	9.673024523e-05
5437	0.001128906834
5438	0.0003221886653
5439	0.0005192096464
5440	9.564032698e-05
5441	9.564032698e-05
5442	0.0009990123557
5443	0.004076525146
5444	0.0008246022307
5445	0.003565617048
5446	0.006935782103
5447	0.0001401453224
5448	0.003403522802
5449	0.0128275253
5450	0.000840663404
5451	0.003135331916
5452	0.0003250111628
5453	1.144414169e-05
5454	1.144414169e-05
5455	0.002594244818
5456	4.396003633e-05
5457	0.002403543615
5458	0.0006426753718
5459	0.005569002736
5460	0.0001170158252
5461	0.001109742759
5462	0.007710604077
5463	0.01091452759
5464	0.003960048427
5465	0.001683720377
5466	0.002899904322
5467	0.01197925547
5468	0.003639318438
5469	0.01281230167
5470	0.0003456498392
5471	0.001081268383
5472	0.004082493025
5473	0.001754426414
5474	0.005604647012
5475	0.001860345156
5476	0.004085849673
5477	0.003298324396
5478	0.006644407123
5479	0.002626886049
5480	0.00489298931
5481	0.001312207869
5482	0.01121558427
5483	0.0001510323552
5484	0.0002202612468
5485	0.02290373074
5486	0.002362943491
5487	0.000774293603
5488	0.0004105661809
5489	0.005110137813
5490	0.009798671917
5491	0.006275299999
5492	0.0008450464763
5493	0.001708577951
5494	0.0001556952642
5495	0.004585939539
5496	0.004302956925
5497	0.001236143642
5498	0.004381578117
5499	0.001746337707
5500	0.0008202216402
5501	0.007840817858
5502	0.008184438861
5503	0.004752283808
5504	0.006792007549
5505	0.009123551655
5506	0.004800084446
5507	0.004806856545
5508	0.003699829546
5509	0.0008199326477
5510	0.02036833143
5511	0.005791733835
5512	0.01038089003
5513	0.002754727553
5514	4.904632153e-06
5515	0.005743365047
5516	0.002404525126
5517	0.004627563485
5518	8.719346049e-05
5519	8.719346049e-05
5520	0.002035117653
5521	0.004872625666
5522	0.003226698808
5523	6.130790191e-05
5524	6.130790191e-05
5525	0.003602848194
5526	0.003071872365
5527	0.0009327208868
5528	0.005326751442
5529	0.0050049657
5530	0.003579479924
5531	0.009865304096
5532	0.01042585738
5533	0.0008242974299
5534	0.0004185389607
5535	0.003683308715
5536	0.002499940458
5537	0.006077590444
5538	1.841961853e-05
5539	0.002494062227
5540	0.0007521615914
5541	0.006914089809
5542	0.007064675476
5543	0.0001704006279
5544	0.01059790951
5545	0.008475168308
5546	0.0002492948429
5547	6.935560954e-05
5548	0.001170781066
5549	0.002420479645
5550	0.004561237927
5551	8.183469573e-05
5552	0.0005886565211
5553	7.57493188e-05
5554	7.57493188e-05
5555	0.003724815225
5556	0.0007266097446
5557	0.003001893384
5558	3.353941505e-08
5559	0.0001079927339
5560	0.0001129695079
5561	0.001192585468
5562	0.001055458248
5563	0.0064236325
5564	0.01399448084
5565	0.002523879943
5566	0.0002073884205
5567	0.003672958189
5568	0.008392084252
5569	0.006327871758
5570	0.003519530714
5571	0.001663837651
5572	0.00122097999
5573	7.247956403e-05
5574	7.247956403e-05
5575	7.720254314e-05
5576	0.002819149848
5577	0.003540657864
5578	1.961852861e-05
5579	1.961852861e-05
5580	0.007387975157
5581	0.005326664345
5582	0.0005601443773
5583	0.002029688196
5584	0.0001549952371
5585	0.005327747109
5586	0.003475168021
5587	0.003136785836
5588	0.009384062072
5589	0.009870106924
5590	4.287011807e-05
5591	7.384196185e-05
5592	0.004865792182
5593	0.003947484192
5594	0.01298220136
5595	0.0002519291432
5596	0.002619743781
5597	0.002830524088
5598	0.01210483542
5599	0.002702278053
5600	0.003095445147
5601	0.002580553707
5602	0.002529745804
5603	0.008689184108
5604	0.0001215440509
5605	0.007772566333
5606	9.467892129e-05
5607	9.196834047e-06
5608	0.007842119827
5609	7.352654422e-05
5610	0.00201979796
5611	0.008106373834
5612	0.006148177887
5613	0.002446835409
5614	0.005018634239
5615	0.01098097422
5616	0.003921496745
5617	0.0001383564159
5618	0.001031803866
5619	0.003315601618
5620	0.0005670114899
5621	0.0008626844585
5622	0.004203740951
5623	0.0008340974107
5624	0.002382668756
5625	0.002746455071
5626	0.0009029832324
5627	0.007918243721
5628	0.004396824138
5629	0.002308637366
5630	7.302452316e-05
5631	7.302452316e-05
5632	0.006337602106
5633	0.001070401404
5634	0.001101596835
5635	0.001546489502
5636	0.006034575293
5637	0.01017203876
5638	0.0004702184656
5639	0.001804191665
5640	0.0008058432904
5641	0.0001280653951
5642	0.0001343324251
5643	0.006549888075
5644	0.001851428094
5645	0.0006960297882
5646	0.0001665214888
5647	0.01158850059
5648	0.006456753592
5649	0.01186238181
5650	0.0001044288742
5651	0.005159649345
5652	0.001274377519
5653	0.0007725584584
5654	0.0009804041264
5655	0.002962888422
5656	0.004450243359
5657	0.009138186784
5658	0.0007987448216
5659	0.003014096897
5660	0.009692075395
5661	0.01362940577
5662	0.0003175721027
5663	0.00918029874
5664	0.0002671926256
5665	0.005144230603
5666	0.009232968451
5667	0.003349022807
5668	0.01199415229
5669	0.001346086631
5670	0.006848128251
5671	0.00501107701
5672	0.02215181318
5673	0.002702187722
5674	0.007910876439
5675	0.002416793805
5676	0.0166819127
5677	0.009011493677
5678	0.007981677356
5679	0.002815982531
5680	0.001971832788
5681	0.00247435709
5682	0.001460772441
5683	0.004335819017
5684	0.004453822292
5685	0.01396650048
5686	0.002608603254
5687	0.002771432383
5688	0.0003082481854
5689	0.00666578653
5690	0.00170983516
5691	0.00381145001
5692	0.0007647412177
5693	0.0004388724508
5694	5.441990831e-05
5695	0.001666820693
5696	0.01072018921
5697	0.001413813282
5698	1.634877384e-06
5699	5.613079019e-05
5700	0.0005257062807
5701	0.00322804058
5702	0.0005083940849
5703	0.007753076615
5704	3.894240475e-05
5705	4.223000737e-06
5706	0.006254521003
5707	0.002587502663
5708	0.0004708068661
5709	0.001887097532
5710	0.0023797931
5711	0.003028150757
5712	0.002284316135
5713	0.003213609978
5714	0.008116135805
5715	0.001704058148
5716	0.0002204920905
5717	0.003771245801
5718	0.001431099571
5719	1.118812696e-05
5720	0.01345800935
5721	0.001106916172
5722	0.006717502681
5723	0.003729646713
5724	0.005482059236
5725	0.0008638817216
5726	0.00422866924
5727	0.004180710362
5728	0.003551835837
5729	0.002327674367
5730	0.001104290403
5731	0.0005145375276
5732	0.0002286210649
5733	0.00373176144
5734	0.0002695693877
5735	0.002879097816
5736	0.00170291697
5737	0.0005006573382
5738	0.0009447681063
5739	2.970027248e-05
5740	2.970027248e-05
5741	0.001555459936
5742	0.003894350521
5743	0.01005235923
5744	0.005169680072
5745	0.003390964192
5746	0.01220572961
5747	0.008923180011
5748	0.009040048462
5749	0.001399107205
5750	0.002717383692
5751	0.002274819691
5752	0.006058934094
5753	0.003996183089
5754	0.0004879439338
5755	0.006909217952
5756	0.0003646547272
5757	0.001987978042
5758	0.007884737615
5759	0.003460480766
5760	0.001991887552
5761	0.0007591275255
5762	0.004958036598
5763	0.003914621921
5764	0.00528305695
5765	0.01791029357
5766	0.002006943211
5767	0.00913756746
5768	0.009685480259
5769	1.498378098e-05
5770	0.001698011128
5771	0.007832623042
5772	0.0001094459582
5773	0.0001446866485
5774	0.0001713896458
5775	0.01033378295
5776	0.001476035014
5777	0.001628201334
5778	0.001645652486
5779	0.0005958296828
5780	2.573764111e-05
5781	0.008580902309
5782	0.002798503189
5783	0.003623910761
5784	0.00505434691
5785	6.670299728e-05
5786	0.0002861035422
5787	0.0012081305
5788	0.002682362267
5789	0.003512554315
5790	0.0003450502671
5791	0.0004887400692
5792	0.002068824092
5793	0.0008112980778
5794	0.0002345947114
5795	0.01455664045
5796	0.002519474337
5797	0.0001165485922
5798	0.0006274436539
5799	0.001790144247
5800	0.01259854351
5801	0.00657568111
5802	0.0007976508266
5803	0.002270336292
5804	0.004092440263
5805	0.006715219466
5806	0.006515631078
5807	0.002328330098
5808	0.001654869555
5809	0.0001019981835
5810	0.001536752179
5811	0.0004693612508
5812	0.004324455297
5813	0.009338087081
5814	0.0009489688528
5815	0.006904409581
5816	0.002252164015
5817	0.004157243137
5818	0.001716518842
5819	4.753360933e-05
5820	0.003755070659
5821	0.01987303168
5822	0.0002491385222
5823	0.002919868853
5824	0.009781808435
5825	0.0001029972752
5826	0.000170027248
5827	0.003389145002
5828	0.004037835537
5829	1.06385047e-05
5830	0.002631406434
5831	0.0007978040339
5832	0.001101575005
5833	0.003564463079
5834	0.001314799172
5835	0.001290930741
5836	1.358497391e-05
5837	0.005723559504
5838	0.002268349314
5839	0.001633958785
5840	0.001604109958
5841	0.002494418546
5842	0.002993117567
5843	0.00139956556
5844	0.01222704509
5845	0.001678366937
5846	0.000472619363
5847	0.006708419441
5848	0.002636123208
5849	0.003334795613
5850	0.003512703594
5851	0.0002267842801
5852	0.005140073448
5853	0.003594036331
5854	0.001095845307
5855	0.01181051403
5856	0.003112685065
5857	0.003501619224
5858	0.00231997931
5859	0.008050790796
5860	0.0005447797032
5861	0.004712190647
5862	0.01588621373
5863	0.01121454974
5864	0.0098416598
5865	0.001534183151
5866	0.0001259763851
5867	0.0001558583106
5868	0.001441347412
5869	0.006018945521
5870	0.0007318774994
5871	0.006234569576
5872	0.0005978052405
5873	0.0135457306
5874	0.006959221047
5875	0.003989186591
5876	0.00339722771
5877	0.008011619857
5878	0.005323190807
5879	0.009647539507
5880	0.0009938054907
5881	0.004080146056
5882	0.006510035749
5883	8.543142598e-05
5884	0.0001117166213
5885	0.0001117166213
5886	0.002062385301
5887	0.01057599729
5888	0.004394572659
5889	4.030103718e-05
5890	7.223057243e-05
5891	0.0004458432161
5892	0.0005267460327
5893	0.003522421045
5894	0.00190691951
5895	0.003554927405
5896	0.001096349466
5897	9.972752044e-05
5898	7.257039055e-05
5899	0.0002930838825
5900	0.004089965262
5901	0.001115318016
5902	0.004693895528
5903	0.01453506661
5904	0.001333531137
5905	0.001626243102
5906	0.002783069546
5907	0.001339558324
5908	0.003569191913
5909	0.005282817584
5910	0.004079366162
5911	0.004402201556
5912	0.003764237422
5913	0.0008964503344
5914	0.000979669546
5915	0.001986476247
5916	0.004919666776
5917	4.996441644e-05
5918	0.004579613007
5919	0.005800457695
5920	0.0002710675657
5921	0.004309151222
5922	0.01520971538
5923	0.001423053917
5924	0.0002108625574
5925	0.003616192032
5926	0.001954959504
5927	4.990937653e-05
5928	0.002324216956
5929	0.01478924724
5930	0.005463621327
5931	0.009476314731
5932	0.006640192651
5933	0.000182847986
5934	0.005974454759
5935	0.0006591237437
5936	0.01024748243
5937	0.006888556331
5938	0.003765322565
5939	0.00403459595
5940	0.005383468853
5941	0.01420148238
5942	0.0008814834722
5943	0.003952204723
5944	0.0008668227529
5945	0.004551132058
5946	0.003023365317
5947	0.002340700927
5948	0.002455538739
5949	0.005127532827
5950	0.00887587699
5951	0.002596252767
5952	0.005259528351
5953	0.001313538576
5954	4.139094371e-06
5955	0.007156383155
5956	7.420526794e-05
5957	0.005032904978
5958	0.007021371269
5959	0.004141331974
5960	0.002226671792
5961	3.364080671e-05
5962	2.643051771e-05
5963	7.94501232e-05
5964	0.003082815858
5965	0.003182624028
5966	0.001865489078
5967	0.003725856523
5968	0.0007824370108
5969	0.007603128204
5970	0.002199655228
5971	0.0002648895141
5972	0.00631213606
5973	0.005350755679
5974	0.001405341328
5975	0.0008743706226
5976	0.001221030748
5977	0.005871205388
5978	0.0002158196534
5979	0.007303259939
5980	0.00243818533
5981	0.002757071959
5982	0.0056277098
5983	0.00135918945
5984	0.0007391351072
5985	0.005752190961
5986	0.005000192462
5987	0.005010642505
5988	0.013504869
5989	0.001236266676
5990	0.005492339478
5991	0.006306880587
5992	0.005518895391
5993	0.005853555122
5994	0.002621921236
5995	0.01969808039
5996	0.0001665213442
5997	0.008083766556
5998	0.001023353855
5999	0.0003805977718
6000	0.005230438442
6001	0.0004915296231
6002	0.0006210625497
6003	0.002572765679
6004	0.007215487296
6005	0.001957441391
6006	0.003726315005
6007	3.932788374e-05
6008	0.001547568046
6009	2.833307772e-05
6010	0.00133750913
6011	0.002974812109
6012	0.0002489677897
6013	0.002661100665
6014	0.01371665827
6015	0.003251795363
6016	0.002578386287
6017	0.01117949155
6018	0.001704121743
6019	0.0047231658
6020	4.423251589e-05
6021	4.495912807e-05
6022	0.008043505971
6023	0.001218687935
6024	0.01024352467
6025	0.003453833564
6026	0.000840634606
6027	0.008175456016
6028	0.003835524718
6029	0.003980822568
6030	0.008810054725
6031	0.006799143372
6032	0.00115240645
6033	0.00196812734
6034	0.007630811041
6035	0.009308829319
6036	0.00579781108
6037	0.0002448758164
6038	0.00689621611
6039	0.01506138464
6040	1.025838869e-05
6041	0.01118335453
6042	0.001469324856
6043	0.001030429672
6044	0.003229376766
6045	0.006063556292
6046	0.01828862215
6047	0.006156864897
6048	7.385753211e-05
6049	0.0002346049046
6050	0.00174024114
6051	0.007385234688
6052	0.00851536454
6053	0.001508592891
6054	0.003857690606
6055	1.864780128e-05
6056	0.003006378248
6057	0.004678762562
6058	0.006059185758
6059	8.235835008e-05
6060	0.01092980726
6061	0.005494203259
6062	0.001525404159
6063	0.008538897718
6064	0.008615978019
6065	0.002255381488
6066	0.002462254093
6067	0.004996186713
6068	0.003625452043
6069	0.003011807595
6070	2.261580381e-05
6071	2.261580381e-05
6072	0.001113832912
6073	5.734072916e-06
6074	0.0007626799836
6075	0.001672263133
6076	0.006155448758
6077	0.01305810736
6078	0.0001288828338
6079	0.0001288828338
6080	0.001962548205
6081	0.006914299919
6082	0.00276744261
6083	0.003506553029
6084	0.0009857164047
6085	0.0001717878464
6086	9.482288828e-05
6087	9.482288828e-05
6088	0.00320541763
6089	0.004906846557
6090	0.00639144174
6091	0.002473531381
6092	0.006886934935
6093	0.003166084039
6094	0.0002966789428
6095	0.002562749637
6096	0.006863200824
6097	0.005535605509
6098	6.246983113e-05
6099	0.0002738202155
6100	0.0006220555988
6101	0.00106388049
6102	0.008212243562
6103	0.00571184899
6104	1.483240344e-05
6105	0.008725304395
6106	0.0007749254114
6107	0.003193657367
6108	0.005275017574
6109	0.003997189414
6110	0.01663280372
6111	0.01011673884
6112	0.003545405521
6113	0.00239538383
6114	0.002656268183
6115	4.275216156e-05
6116	0.001832374177
6117	0.0001253587648
6118	0.0004164992613
6119	0.001756396331
6120	0.004168025404
6121	0.0002201342383
6122	0.001299789595
6123	0.007714146292
6124	0.01305009771
6125	0.004002386879
6126	0.006372642712
6127	0.005307674267
6128	0.007030879187
6129	0.003873307714
6130	0.00311524952
6131	0.001984576207
6132	0.001187317529
6133	0.002291855696
6134	0.0008260195025
6135	0.004255449712
6136	0.001191688367
6137	0.0005810690231
6138	0.0002631656324
6139	1.171662125e-05
6140	0.00337899762
6141	0.004424597698
6142	0.007022816277
6143	0.003795273567
6144	0.006413375132
6145	6.811989101e-05
6146	8.174386921e-05
6147	0.002473079175
6148	0.004933474422
6149	0.0001780047229
6150	0.002372098222
6151	2.924613987e-06
6152	0.002259229077
6153	0.00128262771
6154	0.01163515856
6155	0.003865827207
6156	0.006470805539
6157	0.0003986719408
6158	0.0002995112121
6159	0.002965937645
6160	0.007929364849
6161	0.009558133536
6162	0.002738766324
6163	0.000140093039
6164	0.003170697702
6165	0.004155253296
6166	0.005809640824
6167	0.001750715777
6168	0.006912232649
6169	0.003942348115
6170	0.001597932455
6171	0.001480836404
6172	0.003301088341
6173	0.003317950748
6174	0.0026113901
6175	0.0006401302874
6176	0.0001435059037
6177	0.0001953678474
6178	0.001245138376
6179	0.00287484223
6180	0.005397111342
6181	0.0001422923981
6182	0.006199747121
6183	0.001068033011
6184	1.962778366e-05
6185	0.001659309212
6186	0.003468639444
6187	2.401474644e-05
6188	0.0002101404317
6189	0.008222062694
6190	0.00310928858
6191	0.0005500584118
6192	0.001767634129
6193	0.00420814399
6194	0.0007966397141
6195	0.002158274636
6196	0.003454791873
6197	0
6198	0.001055801313
6199	0.001860082318
6200	0.01242081694
6201	0.005260240664
6202	0.002763691286
6203	0.01017612583
6204	0.0001269467742
6205	0.000861761575
6206	0.001293816426
6207	0.0002923021098
6208	0.004099260344
6209	0.002507079745
6210	0.003818292967
6211	8.422706532e-05
6212	0.001660001188
6213	0.0001298171297
6214	0.0005351620226
6215	0.0007285116814
6216	0.007954187035
6217	0.00895085927
6218	7.965485922e-05
6219	0.002217962417
6220	0.0056311129
6221	0.003188696133
6222	0.001581628898
6223	0.003462527936
6224	0.008724279854
6225	0.001552947002
6226	0.000794768942
6227	0.02055930014
6228	0.008183914402
6229	0.007512705869
6230	3.334928967e-05
6231	0.006813780373
6232	0.005601157989
6233	1.099000908e-05
6234	0.002541770379
6235	0.001274579052
6236	0.0006131549239
6237	0.001711882824
6238	0.001527893956
6239	0.001293641157
6240	4.421481031e-05
6241	8.68119891e-05
6242	0.0002441416894
6243	0.01086332758
6244	0.01030248132
6245	0.0006420649364
6246	0.0100610773
6247	0.02097597315
6248	0.002400520869
6249	7.356948229e-06
6250	7.356948229e-06
6251	0.0008242579106
6252	0.008148537321
6253	0.0004987927317
6254	0.001528553719
6255	0.0001057220708
6256	0.0002127954449
6257	0.003454058583
6258	0.003120756683
6259	0.0004072508355
6260	0.0101673808
6261	0.006881847644
6262	0.005695175793
6263	0.001215991972
6264	0.001670674758
6265	2.38328792e-05
6266	9.645776567e-05
6267	9.645776567e-05
6268	0.001263121844
6269	0.004515839014
6270	0.003742598246
6271	0.001412733583
6272	0.003557920533
6273	0.005688670695
6274	0.0003320555149
6275	0.0004278494257
6276	0.006676412408
6277	0.0005028987508
6278	0.0006840603703
6279	0.0002780893641
6280	0.004114258521
6281	0.001625395123
6282	0.006672331665
6283	0.001514426787
6284	0.002120813023
6285	0.0005997598214
6286	0.01124156965
6287	0.005525338456
6288	0.0005836347218
6289	0.00198037571
6290	0.009603689259
6291	0.002256139656
6292	0.006707901913
6293	0.003427088821
6294	0.005839704749
6295	0.0005441873303
6296	0.006697073308
6297	6.414920009e-05
6298	0.01028452269
6299	0.001025730701
6300	0.005669616885
6301	0.01043621478
6302	0.003173204178
6303	0.01148583709
6304	0.005409849838
6305	0.009991203632
6306	0.004953848139
6307	0.004028874957
6308	0.006940561904
6309	0.01660939274
6310	4.414168937e-05
6311	4.414168937e-05
6312	0.007383697167
6313	0.008178425961
6314	0.0005560628467
6315	0.006190286544
6316	0.005334998021
6317	0.006163989566
6318	0.0001365849228
6319	0.002295035853
6320	0.00700638335
6321	0.0007655436285
6322	0.00848452755
6323	0.008947970419
6324	0.001408212203
6325	0.004049899108
6326	0.004873099106
6327	0.002718988184
6328	0.005695384071
6329	3.028427662e-05
6330	0.001390994367
6331	0.008512571202
6332	0
6333	0.004619393716
6334	0.004179599962
6335	0.00459477341
6336	0.002777586923
6337	0.003055968
6338	0.0101530021
6339	0.005473979385
6340	0.0001103542234
6341	0.0001103542234
6342	0.00594418955
6343	0.001278554055
6344	0.004658774108
6345	2.72479564e-06
6346	2.72479564e-06
6347	0.0008810732041
6348	0.004006485296
6349	0.001463840517
6350	0.005201796817
6351	0.0007288396209
6352	0.00115657721
6353	0.005493245202
6354	0.001369613618
6355	0.003429532356
6356	0.0023401142
6357	0.001882979134
6358	0.00884703219
6359	0.006372558362
6360	0.01879876726
6361	2.861035422e-05
6362	2.861035422e-05
6363	0.003040470484
6364	0.0002744772588
6365	0.00932429225
6366	0.01295490736
6367	0.001751989009
6368	0.001310460131
6369	0.002991342246
6370	4.822888283e-05
6371	4.822888283e-05
6372	0.0006680510395
6373	0.001266592692
6374	0.009669524794
6375	0.006468677253
6376	0.001333092751
6377	0.005358488619
6378	9.082652134e-07
6379	0.005526571442
6380	0.002617814947
6381	0.005829924582
6382	0.002051864884
6383	0.000531155612
6384	0.003550608123
6385	5.504087193e-05
6386	0.003747373343
6387	0.01163380174
6388	0.0001871934605
6389	0.0001497729337
6390	0.004545137435
6391	0.0003369420484
6392	0.001755176093
6393	0.0009179848426
6394	0.009995966409
6395	0.00210837906
6396	0.006855434733
6397	0.0004547861374
6398	0.0001104813806
6399	5.240690282e-05
6400	0.004290822849
6401	0.00228541361
6402	0.002855626547
6403	0.0004376612401
6404	7.356948229e-06
6405	7.356948229e-06
6406	0.004326902417
6407	0.0001409539236
6408	0.0009612390972
6409	0.004518854294
6410	4.783445437e-06
6411	0.004061158885
6412	0.007155276117
6413	0.003046036317
6414	0.00600275973
6415	0.0004499663757
6416	0.001083167191
6417	0.002541880177
6418	0.003542637892
6419	0.006534562728
6420	0.004304971123
6421	0.001253672403
6422	0.000442919418
6423	0.002481921378
6424	0.001272073632
6425	0.004481106038
6426	0.0001404500041
6427	0.01554942839
6428	0.002936483563
6429	0.004355709326
6430	0.0004533751138
6431	0.000123524069
6432	0.0008978416465
6433	0.0002951516396
6434	0.0007212832225
6435	0.003485942949
6436	0.0001016348774
6437	0.0001016348774
6438	0.01279597511
6439	0.001706415528
6440	0.00651288417
6441	0.0001294277929
6442	0.0001294277929
6443	0.0002991233386
6444	0.003207646319
6445	0.005215961904
6446	0.003403570985
6447	0.006077984685
6448	0.001243959531
6449	0.003986610054
6450	5.849227975e-05
6451	0.00895588871
6452	0.007267508982
6453	0.002727022314
6454	1.02028459e-05
6455	1.273236177e-05
6456	0.002096254155
6457	0.001692289716
6458	0.0004266903
6459	0.006225614178
6460	0.003107449935
6461	0.003263995325
6462	0.005925319209
6463	0.003175302126
6464	0.006678689638
6465	0.002144704014
6466	0.0005033079269
6467	0.001181773057
6468	0.003495512777
6469	1.858638802e-05
6470	0.004704532254
6471	0.001496796222
6472	0.004137304394
6473	0.005185908563
6474	0.002964830831
6475	0.003584105349
6476	0.003850737451
6477	8.564940963e-05
6478	0.0001237057221
6479	0.0001039186442
6480	0.0001344853042
6481	0.00384324505
6482	8.130030498e-05
6483	0.004074851267
6484	0.00836288795
6485	0.004245565572
6486	0.0001082164938
6487	0.000703246057
6488	0.002492655349
6489	0.0162692831
6490	0.0003841226531
6491	0.001685527181
6492	0.0001870481381
6493	0.005613489613
6494	0.0006193129067
6495	0.01318685649
6496	0.001117570221
6497	0.003219747579
6498	0.004157893811
6499	8.171791878e-06
6500	8.035906817e-05
6501	0.0002994666098
6502	0.002309096303
6503	0.004680933116
6504	2.016348774e-05
6505	2.016348774e-05
6506	0.0001871260646
6507	8.727909693e-05
6508	0.01304700757
6509	0.008593130844
6510	0.006890235659
6511	0.001718288345
6512	0.00313490968
6513	0.003125845544
6514	0.003836759296
6515	0.01445088377
6516	0.003870885528
6517	0.000372308152
6518	0.0002019846259
6519	2.125340599e-05
6520	2.125340599e-05
6521	0.004643181415
6522	0.0004064416066
6523	0.00627151108
6524	0.001265949166
6525	0.0003627882204
6526	0.001931517535
6527	0.02401548145
6528	0.001408331866
6529	0.001624041533
6530	0.001732096571
6531	0.002103686165
6532	0.006296369803
6533	0.0003348851022
6534	0.002030328607
6535	0.01020751017
6536	0.00711535012
6537	0.001189928662
6538	0.00256084095
6539	0.002525172416
6540	0.001327444671
6541	0.002708864239
6542	0.006255698399
6543	0.003634263436
6544	0.003820425517
6545	0.002037445837
6546	0.004233918644
6547	0.006467355177
6548	0.0001849227975
6549	5.70390554e-05
6550	0.003856498981
6551	0.005422879857
6552	0.0007710273635
6553	0.0006532154487
6554	0.001182294925
6555	0.0009313278035
6556	0.004058637418
6557	0.01189270612
6558	0.001500302674
6559	0.01477202152
6560	0.005693135036
6561	0.001187216708
6562	3.355131696e-05
6563	0.01072213253
6564	7.329700272e-05
6565	7.329700272e-05
6566	0.002854109323
6567	0.01083196295
6568	0.0007441662457
6569	0.0005594144763
6570	0.002024709768
6571	0.003063588532
6572	9.19164396e-05
6573	0.00251442213
6574	0.0004649476194
6575	0.0005702098427
6576	0.0002349635688
6577	0.01049471496
6578	0.0001578564941
6579	2.101578447e-05
6580	0.001883228514
6581	0.006758887337
6582	0.003288754121
6583	0.001674389904
6584	0.003922085966
6585	0.01493541968
6586	0.004808610928
6587	8.392370572e-05
6588	8.392370572e-05
6589	0.002874380463
6590	0.00143346456
6591	0.0003543343032
6592	0.004402788065
6593	0.005933087822
6594	0.001624740262
6595	0.005182797989
6596	0.0001204548219
6597	0.01356928426
6598	0.004645883872
6599	0.0004633798009
6600	0.001266110717
6601	0.002298136426
6602	0.01117735727
6603	0.003832049836
6604	0.0009261317189
6605	0.009000409397
6606	0.003641749201
6607	0.005660124323
6608	0.0002501634657
6609	7.105841975e-05
6610	0.003572860189
6611	4.332425068e-05
6612	4.332425068e-05
6613	0.0009325290355
6614	0.004227845068
6615	0.002849019761
6616	0.006987927795
6617	0.0006615051119
6618	0.001160629922
6619	0.01862309573
6620	0.0002170499262
6621	0.007908968683
6622	0.002180844245
6623	0.0005809079812
6624	0.008014039596
6625	0.003202397977
6626	4.904632153e-06
6627	0.002189374752
6628	0.0002179098596
6629	0.002222890738
6630	0.002154204214
6631	8.446866485e-05
6632	8.446866485e-05
6633	0.009453277088
6634	0.007477178226
6635	0.004346954587
6636	0.008963333474
6637	0.0001907871401
6638	0.005656073088
6639	1.666017903e-05
6640	0.000170895114
6641	0.0008191265323
6642	0.01192069814
6643	0.005458107032
6644	0.001519807557
6645	0.005103015647
6646	0.002693111403
6647	0.004475998861
6648	0.008071453227
6649	0.00375746609
6650	0.0001324250681
6651	0.0001324250681
6652	0.005857877968
6653	0.009056475834
6654	0.004095931983
6655	0.0004882050407
6656	0.01790063664
6657	0.003122207813
6658	0.003157590122
6659	0.01019432064
6660	0.0008480308025
6661	0.008364323634
6662	0.003590933365
6663	0.002197049542
6664	0.001141968921
6665	0.003924369941
6666	0.00615965978
6667	0.004776413949
6668	0.0007619596263
6669	0.002567312277
6670	0.01338058734
6671	0.004836494343
6672	0.004570992133
6673	0.004838911252
6674	0.005970596559
6675	0.004609585522
6676	0.005035210688
6677	0.004063659501
6678	0.004550436871
6679	0.005496330284
6680	0.002115399896
6681	0.009132789776
6682	0.001687574451
6683	0.003082683215
6684	0.00212278103
6685	0.005039628335
6686	0.003324044991
6687	0.003457185109
6688	0.004062247932
6689	0.002029894942
6690	0.001084981117
6691	0.003219586336
6692	0.007371183315
6693	0.006992755057
6694	0.004505078592
6695	0.002668800237
6696	0.01446919926
6697	0.0001832176753
6698	3.805513288e-05
6699	0.0001463421032
6700	0.0005245536693
6701	0.001195375165
6702	0.001416870923
6703	0.003183901509
6704	0.007445853908
6705	3.476839237e-05
6706	0.004844316842
6707	0.0009762231042
6708	0.0009733331296
6709	0.001221828772
6710	0.003508901054
6711	0.005638096227
6712	0.0159399255
6713	5.549500454e-05
6714	0.001801173074
6715	0.000749325626
6716	0.009798609933
6717	0.005282620128
6718	0.0003243705315
6719	0.001360370969
6720	0.0001309074713
6721	0.001505510716
6722	0.005983373852
6723	0.002429399425
6724	0.0001258855586
6725	0.0001258855586
6726	0.004206602956
6727	0.005269839536
6728	0.0001160217984
6729	0.007225367812
6730	0.004990195614
6731	0.0006280375269
6732	0.005159630157
6733	0.0001848116408
6734	0.005083186817
6735	0.003198007113
6736	0.004491641187
6737	0.0006976800636
6738	0.006163943223
6739	0.0008576191329
6740	0.0001321344233
6741	0.003085139442
6742	8.392436006e-06
6743	0.003249633629
6744	0.0009254463985
6745	0.0171042909
6746	0.0001071130141
6747	0.002175202059
6748	0.0005966643417
6749	0.001168864629
6750	0.002514185094
6751	0.00148414585
6752	0.01082034249
6753	0.006117648941
6754	0.0121017073
6755	0.009342062989
6756	0.003671225023
6757	0.004949915653
6758	9.200323174e-05
6759	0.008067131202
6760	0.005018912734
6761	0.00754775105
6762	0.003184756525
6763	0.01077627138
6764	0.005146342298
6765	0.001124636959
6766	0.002376064577
6767	0.004252658601
6768	0.01116383525
6769	0.002661491719
6770	0.001971258307
6771	0.008663186684
6772	0.001253246927
6773	7.739068379e-05
6774	0.007051533228
6775	0.0109486873
6776	0.02031087354
6777	0.006834718477
6778	0.001466015088
6779	0.002003192742
6780	0.005307364232
6781	0.008372272416
6782	0.01130195836
6783	0.0003952945998
6784	0.01157750065
6785	0.001799327769
6786	0.001464914619
6787	0.007044492685
6788	0.008234990536
6789	0.00307059383
6790	0.0001787709702
6791	0.001038727178
6792	0.004065211382
6793	0.0005305117882
6794	0.002056748938
6795	0.001595425965
6796	0.007746611003
6797	0.006094209578
6798	0.007640554681
6799	0.007602041976
6800	0.0006015894358
6801	0.001566515426
6802	0.001008696194
6803	0.0008130917244
6804	0.005830872044
6805	0.00570558924
6806	0.0004239292829
6807	0.002879526027
6808	0.0008331454077
6809	0.0001239168407
6810	0.004088904223
6811	0.004281119424
6812	0.002188778348
6813	0.007062538972
6814	0.001114325793
6815	0.01050254804
6816	0.000162924614
6817	0.0008110427693
6818	0.004297268464
6819	0.01113839579
6820	0.003434629289
6821	8.773841962e-05
6822	8.773841962e-05
6823	0.01896097372
6824	0.004540355771
6825	0.004692197488
6826	0.0004987617563
6827	0.0003308302372
6828	0.0006513653603
6829	0.002746014502
6830	0.0075147252
6831	0.002432405435
6832	0.004204561479
6833	0.0002431430685
6834	0.0001361126249
6835	0.007776662238
6836	0.00571366857
6837	0.000176248099
6838	0.004260252366
6839	0.00456670082
6840	0.001602176824
6841	0.01392753295
6842	0.004406927919
6843	0.001960214447
6844	0.003240971432
6845	0.0001202366444
6846	0.0008334255137
6847	0.001560760012
6848	8.911955705e-05
6849	0.01186233163
6850	0.003850022522
6851	0.003531236352
6852	0.004854810437
6853	0.00574168231
6854	0.004586764861
6855	0.003353924242
6856	5.567665758e-05
6857	0.0002733172008
6858	0.001866240484
6859	1.444141689e-06
6860	0.01026420898
6861	0.008118055451
6862	0.001115271542
6863	0.01072586495
6864	0.002157296327
6865	0.001024370037
6866	0.0002803915236
6867	0.00524285469
6868	0.002576890244
6869	0.004146057445
6870	5.504087193e-05
6871	2.933696639e-05
6872	0.0008978774417
6873	0.0001338419619
6874	0.003155146975
6875	0.0003571635825
6876	0.003566578201
6877	0.004839647749
6878	0.001316496138
6879	0.0004067727238
6880	0.007775842903
6881	0.008982562601
6882	0.002917538267
6883	0.0004865253993
6884	0.003059020795
6885	0.001354085794
6886	0.002953450782
6887	0.001381841187
6888	0.0001801200306
6889	0.000352772895
6890	0.001565119661
6891	0.001443743597
6892	0.001481598919
6893	0.005060549545
6894	0.0002263172408
6895	0.007049168659
6896	0.0009957763541
6897	0.003455943944
6898	0.004500676634
6899	0.0006103887906
6900	0.004124975409
6901	0.007683762676
6902	0.005275173575
6903	0.00142270218
6904	0.004831333033
6905	0.003647626711
6906	0.007519870398
6907	0.003033381981
6908	0.005441842878
6909	0.005279294445
6910	0.002758112228
6911	0.007767764541
6912	0.001675979847
6913	8.265775399e-05
6914	0.004336738349
6915	0.001828766932
6916	0.007492940442
6917	0.005637072749
6918	0.0006082651573
6919	8.047229791e-05
6920	0.005332357772
6921	0.007824117128
6922	0.007935205269
6923	0.01109107515
6924	0.0001215258856
6925	0.0001215258856
6926	0.007592040858
6927	0.001733686571
6928	0.008564716884
6929	0.002121706062
6930	0.0001623282711
6931	0.005718228684
6932	0.002380521289
6933	0.008111799396
6934	0.0002465405792
6935	0.002699842882
6936	0.001337422449
6937	0.002596360821
6938	0.00538746265
6939	0.003217055799
6940	0.0001580381471
6941	8.882833787e-05
6942	8.882833787e-05
6943	0.0001085921889
6944	6.776047745e-05
6945	0.002407617321
6946	0.001173544708
6947	0.0009706913118
6948	0.003028908089
6949	0.005659249841
6950	0.0006177875277
6951	0.00320937588
6952	0.005465018859
6953	0.00421216601
6954	0.0001641154755
6955	0.00103080207
6956	0.001629138012
6957	0.003654297216
6958	0.000874993066
6959	0.004979539775
6960	0.004937623856
6961	0.0009135519358
6962	0.0002336617546
6963	0.004567767236
6964	0.002609731585
6965	6.145712652e-06
6966	8.882833787e-05
6967	8.882833787e-05
6968	0.005303396599
6969	0.0005367929377
6970	0.006821679144
6971	0.007713101151
6972	0.0001037483639
6973	0.001034106141
6974	0.003848252766
6975	0.000274665714
6976	0.01283701944
6977	0.004013549302
6978	0.0001639445628
6979	0.005485712925
6980	0.001362049153
6981	0.008169258779
6982	0.002186167809
6983	0.006893972774
6984	0.008102017694
6985	0.009018047344
6986	0.003243133544
6987	0.008274006177
6988	0.001638961123
6989	0.001839051306
6990	0.005936533334
6991	0.007467920559
6992	0.0004537945787
6993	0.004136580023
6994	0.002653191039
6995	0.002567571092
6996	0.001720771551
6997	0.00624699965
6998	0.005144920244
6999	0.01216793255
7000	0.001014284124
7001	0.001650061221
7002	2.988192552e-05
7003	0.01090003895
7004	0.003443404927
7005	0.004644107205
7006	0.000272770508
7007	9.582198002e-05
7008	0.01446913054
7009	6.696794329e-05
7010	0.0168523093
7011	0.00052943875
7012	0.004299988008
7013	0.001495791882
7014	0.007179276346
7015	8.991825613e-05
7016	8.991825613e-05
7017	0.0004497075134
7018	2.693655117e-05
7019	0.004118455468
7020	0.0004034203525
7021	0.001953439205
7022	0.004841686851
7023	0.002817495302
7024	0.0009913367366
7025	0.002192206443
7026	0.000110626703
7027	0.000110626703
7028	0.00620283626
7029	0.002565636043
7030	0.0006988511034
7031	0.006411836504
7032	0.002237448345
7033	0.0007213939145
7034	0.004810437696
7035	0.0001221618237
7036	2.316076294e-05
7037	2.316076294e-05
7038	6.235246771e-05
7039	0.001664992664
7040	0.008578526008
7041	0.002480954512
7042	0.003166352022
7043	0.002329627493
7044	0.009670872375
7045	0.000501818617
7046	0.008940781128
7047	0.00244822265
7048	0.00130044468
7049	0.004855528604
7050	0.0008696943606
7051	0.002746923134
7052	0.01108209536
7053	0.004215325101
7054	0.002254673754
7055	0.006375965691
7056	0.000862676206
7057	0.002448945921
7058	6.920980926e-05
7059	6.920980926e-05
7060	0.003576473719
7061	0.001168630343
7062	0.0009715559061
7063	9.834826089e-05
7064	0.001250619443
7065	0.007844747972
7066	0.004387926158
7067	8.337874659e-05
7068	8.337874659e-05
7069	2.673759829e-06
7070	0.001499793265
7071	0.0001372388738
7072	1.198769333e-05
7073	0.009225855385
7074	0.0004828863705
7075	0.00614809976
7076	0.0001718176763
7077	0.008422293237
7078	0.0006974519083
7079	0.002117929083
7080	0.002793137511
7081	0.0001241254671
7082	0.003599008722
7083	0.001013937543
7084	0.00169453273
7085	0.0003767085724
7086	0.0004257871281
7087	0.01214877012
7088	0.005596483636
7089	0.00663989596
7090	0.004305535561
7091	0.002072535173
7092	0.006626255805
7093	0.0001764854414
7094	0.005835606438
7095	0.002373484846
7096	0.0001256134823
7097	0.001839455289
7098	0.001092803226
7099	0.01568124368
7100	7.438692098e-05
7101	7.438692098e-05
7102	0.0003602403189
7103	0.0008136971083
7104	0.009882212673
7105	0.0001066303361
7106	0.003114652119
7107	0.0003233892505
7108	0.004670074482
7109	0.001303461308
7110	0.0008646209331
7111	0.0004525377165
7112	0.001011012822
7113	0.0065800174
7114	0.003223930484
7115	0.009257045766
7116	0.00234955286
7117	0.007763006462
7118	0.002172958382
7119	0.0003860255588
7120	7.266121708e-05
7121	0.006673506341
7122	0.00833130006
7123	0.0001221798365
7124	1.571298819e-05
7125	9.264305177e-05
7126	9.264305177e-05
7127	0.0006905853078
7128	0.001049901649
7129	0.002705802568
7130	0.0001518750069
7131	0.01031303939
7132	0.003239902634
7133	0.006700420542
7134	5.994550409e-05
7135	5.994550409e-05
7136	0.009201461355
7137	0.001646736382
7138	3.66030881e-05
7139	0.008115037423
7140	0.007220342923
7141	0.008886546961
7142	0.006489341284
7143	0.002295719135
7144	0.0005481730164
7145	0.006443780529
7146	0.002368151436
7147	0.0001703152978
7148	0.002755401397
7149	0.001875201898
7150	0.002783145212
7151	0.004254822633
7152	0.00513242064
7153	0.0008869673011
7154	0.006854314058
7155	0.009651433632
7156	0.0005291989167
7157	0.000103369001
7158	0.002298914705
7159	0.00154003595
7160	0.01429332256
7161	0.0001331796269
7162	0.0003974663104
7163	0.008441343103
7164	0.007120130591
7165	0.01074146621
7166	0.0003536985287
7167	0.003526962852
7168	0.0001272479564
7169	0.0001272479564
7170	0.001532382955
7171	2.134821716e-05
7172	0.00332244567
7173	0.004533273884
7174	0.0001122615804
7175	0.0001122615804
7176	0.0001463007655
7177	0.001437178869
7178	0.005665692215
7179	0.0006728168059
7180	0.003401750494
7181	0.00344684381
7182	0.003429807539
7183	0.001041970767
7184	0.001091580154
7185	0.00116590564
7186	0.005273726608
7187	0.009665226947
7188	0.0008010534747
7189	7.004541326e-05
7190	0.00195629496
7191	0.005755415958
7192	0.0009358789625
7193	0.001907564548
7194	0.01471196227
7195	0.0006095563035
7196	0.001568876236
7197	0.0006437999143
7198	0.001562789235
7199	0.006888632248
7200	0.002411860018
7201	0.005892485617
7202	0.0004335913665
7203	0.005016523798
7204	0.001127144453
7205	0.003231782688
7206	0.003170503516
7207	0.004678901843
7208	0.002882724921
7209	0.005410744545
7210	0.003915503601
7211	0.000127520436
7212	0.000127520436
7213	0.0001961420131
7214	0.007429730896
7215	0.005527048095
7216	0.003676894701
7217	0.003280213515
7218	0.007950322757
7219	0.0008079453181
7220	0.00132432084
7221	0.004710932004
7222	0.003295995254
7223	0.00758788091
7224	0.00120396866
7225	0.005269486068
7226	0.006627960684
7227	0.000158770702
7228	0.000941044206
7229	0.0003826897315
7230	0.0007703157338
7231	0.01234872359
7232	6.524065094e-05
7233	0.00085629262
7234	0.01169263905
7235	0.0001757971442
7236	0.0008452566084
7237	0.00100679158
7238	0.004447882973
7239	0.002012626356
7240	0.007661576805
7241	0.0002382811144
7242	0.0009974857218
7243	0.007855871861
7244	0.001372102465
7245	0.001820120548
7246	0.003824484605
7247	0.002240177883
7248	0.002828302594
7249	0.005171630855
7250	0.001471118548
7251	0.01286087102
7252	0.001312563882
7253	0.005642372702
7254	0.003811839201
7255	0.01355171794
7256	0.001456628201
7257	8.456294626e-05
7258	0.001657435711
7259	0.002182584264
7260	0.01079631178
7261	0.009190233701
7262	0.000114640313
7263	0.004275467943
7264	0.0007433427106
7265	0.00479263868
7266	0.001616316649
7267	0.001321795414
7268	0.002563194438
7269	0.005416905606
7270	0.005424974944
7271	0.003232636277
7272	0.003267096037
7273	0.003947730228
7274	3.907356948e-05
7275	0.001769260703
7276	0.007584297563
7277	0.001267189223
7278	0.009406944826
7279	0.001133699072
7280	6.151607389e-06
7281	0.0004437751842
7282	0.003266062808
7283	0.00027777284
7284	0.0001147922814
7285	0.005329542544
7286	0.0002037783833
7287	0.007316892699
7288	0.01124457748
7289	0.00255141984
7290	0.01409923046
7291	0.003802577336
7292	0.01066055421
7293	6.63941871e-05
7294	0.004582065972
7295	0.003945357112
7296	0.006362867574
7297	0.002547086054
7298	0.0003036158952
7299	0.00698260536
7300	0.0001019073569
7301	0.0008648879146
7302	0.00168635474
7303	0.005936251008
7304	0.001689236
7305	0.0003248307289
7306	0.0001556775239
7307	0.002462692915
7308	0.001505095994
7309	0.002502844163
7310	0.003243540195
7311	6.757493188e-05
7312	6.757493188e-05
7313	0.006332132932
7314	0.0009869857617
7315	0.004249840583
7316	0.0001049020371
7317	0.004517953134
7318	0.0008781779248
7319	0.002971075266
7320	0.001406696842
7321	0.00339728564
7322	0.005585976151
7323	8.702899683e-05
7324	0.0002717322874
7325	0.004836079083
7326	0.007844698062
7327	0.01498505979
7328	0.0005719732573
7329	0.008585097223
7330	0.009321418296
7331	0.003120704419
7332	0.0009911225589
7333	1.633709615e-05
7334	0.006453306555
7335	0.005821575473
7336	0.003900866641
7337	0.004787611231
7338	8.397993165e-05
7339	0.005873707735
7340	0.002371520053