node_id	error
0	0.002490687177
1	0.003457326606
2	0.005690474856
3	0.003735621415
4	0.00531237303
5	0.005531578685
6	0.005676631707
7	0.005894120833
8	0.000682910487
9	0.00145047784
10	0.003788750641
11	0.004473444166
12	0.003063263642
13	0.003747573575
14	0.004270061616
15	0.00488550037
16	0.004287385084
17	0.003943831171
18	0.003106015222
19	0.00292776219
20	0.003939345316
21	0.001181238969
22	0.001745429994
23	0.0009650411665
24	0.004732169667
25	0.000952331557
26	0.00219805515
27	0.005833427111
28	0
29	7.741839101e-05
30	0.002843025668
31	0.003264472973
32	0.02613549901
33	0.003944487497
34	0.004801563301
35	0.004352760069
36	0.00403551085
37	0.006668184948
38	0.00434109659
39	0.004920454897
40	0.0001927305159
41	0.0002133137023
42	0.00277156923
43	0.004336212619
44	0.004559149472
45	0.00415282445
46	0.002446263942
47	0.002079292747
48	0.0003927537096
49	0.002958133297
50	0.006893547968
51	0.01819428419
52	0.003912264256
53	0.01236236535
54	0.002175691398
55	0.005627637396
56	0.001972255049
57	0.005925218222
58	0.004658796406
59	0.004115803398
60	0.005888815544
61	0.002840636492
62	0.004781800813
63	0.00394058902
64	0.004068571758
65	0.003955708279
66	0.004314832129
67	2.485698951e-05
68	1.24995884e-05
69	0.009157903198
70	0.00364933737
71	0.01609808014
72	0.003180754618
73	0.005227417044
74	0.003374369442
75	0.01186190182
76	0.004960151893
77	0.005811280403
78	0.004098738462
79	0.004322709502
80	0.0003328419084
81	0.00106145
82	0.002802560878
83	0.0004415756109
84	0.002329417432
85	0.007226185768
86	0.005136952621
87	0.003988244604
88	0.004329466959
89	0.006766630411
90	0.004840799571
91	0.004237452501
92	0.004318182713
93	0.01329443338
94	0.0001581282719
95	0.003524319628
96	0.0009603189281
97	0.004087067344
98	0.005612565388
99	0.004330315732
100	0.003220255325
101	0.003532204354
102	0.003257078471
103	0.003885433173
104	0.003896530314
105	0.00249944018
106	0.003035220516
107	0.002991640888
108	0.002447061485
109	0.007045385968
110	0.004738879805
111	0.0005057405361
112	0.01773192071
113	0.003967063267
114	0.003468645043
115	0.003489101102
116	0.001126445119
117	0.005773705831
118	0.002441230868
119	0.003251935515
120	0.00369720882
121	0.004484493802
122	0.003736458761
123	0.006033905765
124	0.00391403237
125	0.01443531537
126	0.003481421714
127	0.004235847734
128	0.003401364729
129	0.003534822661
130	0.009698864046
131	0.0006320411353
132	0.0116854584
133	0.005488178536
134	0.0009074989381
135	0.003683530838
136	0.00500182874
137	0.0007596765013
138	0.002728044092
139	0.01084556833
140	0.003019145119
141	0.006940771748
142	0.004613280805
143	0.003889380504
144	0.006847054699
145	0.002163481351
146	0.005216287379
147	0.004324416548
148	0.00172086471
149	0.003098662507
150	0.007757424851
151	0.001619497681
152	0.005177364009
153	0.000867228635
154	0.00695256621
155	0.003302637411
156	0.00444943948
157	0.004020384922
158	0.005443262542
159	0.0003202815168
160	0.0007925216943
161	0.0001331719939
162	0.002068563456
163	0.003764162717
164	0.004400887039
165	0.009993484189
166	0.005173760153
167	0.003405845026
168	0.004439741665
169	0.00216174648
170	0.004572669009
171	0.002186318773
172	0.0018300877
173	0.006065679436
174	0.004092584142
175	0.0004960861888
176	0.003287909085
177	0.002251185822
178	0.003777921337
179	0.002643116275
180	0.001808934492
181	0.002480603659
182	0.0003888240553
183	0.002090149781
184	0.003731428041
185	2.559638003e-05
186	6.463602611e-05
187	1.128065395e-05
188	1.634877377e-06
189	0.00227775799
190	0.001897877795
191	0.002663526081
192	0.001988808351
193	0.005736670243
194	0.002970465365
195	0.004474025354
196	0.00195389977
197	0.0006386330305
198	0.008815478292
199	0.004383434796
200	0.01131557324
201	0.004714431019
202	0.0001258217323
203	0.003750260381
204	0.001768993108
205	0.01018719976
206	0.001550614727
207	0.003628503381
208	0.01200910047
209	0.001078052992
210	0.008581020861
211	0.004923339092
212	0.001998790235
213	0.007409111456
214	0.003162331656
215	0.001373253436
216	0.003696987305
217	0.007395967676
218	0.009256507433
219	0.003916960625
220	0.004363655021
221	0.005646341058
222	0.002474166572
223	0.002391183504
224	0.002686958429
225	0.003494983246
226	0.005546716598
227	0.004400746604
228	0.002051320423
229	0.003260176755
230	0.003437126471
231	0.003805274413
232	0.0001063316459
233	0.003476987893
234	0.003613106075
235	0.003294817218
236	0.006543064785
237	0.003121783168
238	1.146490204e-05
239	1.798365126e-05
240	0.01058972639
241	0.007226767777
242	1.117166213e-05
243	1.117166213e-05
244	0.01031327587
245	0.004838719735
246	0.001050610041
247	0.00395004467
248	0.003361173195
249	0.0007377226617
250	0.003701655347
251	4.141689374e-05
252	3.051771117e-05
253	0.003109559591
254	7.436267058e-05
255	0.004713024802
256	0.00388157065
257	0.00759633751
258	0.008204302849
259	0.000120903974
260	0.003860826229
261	0.003775976532
262	0.002969156034
263	9.197217887e-05
264	0.002724915331
265	0.00985016876
266	0.004395542688
267	0.001542356684
268	0.004286575852
269	0.004397569393
270	0.002177476274
271	0.002954730371
272	0.004960021076
273	0.00349099018
274	0.005371101308
275	0.009359413887
276	0.00115650137
277	0.004876482004
278	0.004551312113
279	0.003838489335
280	0.0009311547867
281	0.002333605967
282	0.003063818051
283	0.002818229287
284	0.003441849418
285	0.002457221504
286	2.025521102e-05
287	9.385897455e-05
288	0.00288582262
289	0.0024813373
290	0.003074204827
291	0.0009557297731
292	0.00339963385
293	0.002584927487
294	0.003920490258
295	0.007646795851
296	0.01594536432
297	0.03026005597
298	0.002667866536
299	0.003134892308
300	0.003033448436
301	0.001670212824
302	0.00233648456
303	0.007693704086
304	0.003268684836
305	0.00214123501
306	0.004241047264
307	0.003315669002
308	0.004589622291
309	0.00303949994
310	0.003537316598
311	0.001726646711
312	0.001583208756
313	0.008654009152
314	0.003844683669
315	0.002847905918
316	0.004215095513
317	0.001867928504
318	0.002255102826
319	0.001727699365
320	0.00427717428
321	0.004628304868
322	0.00291172627
323	0.004003699749
324	0.0037782415
325	0.002923174262
326	0.0005234822604
327	0.002423509548
328	0.005278089352
329	0.003624542307
330	0.005606931448
331	0.006183515107
332	0.002709702639
333	0.005082387953
334	0.003970761199
335	0.003692737834
336	0.003920444434
337	0.0008516246902
338	0.00795650335
339	0.002451239031
340	0.002625705896
341	0.009727154824
342	0.003773647248
343	0.003886355152
344	0.006412246846
345	0.004154355806
346	0.005110719268
347	0.002404420805
348	0.004412047994
349	0.005113607379
350	0.003916945599
351	0.004542610599
352	0.002084817669
353	0.00543316048
354	0.006965322282
355	0.004788186465
356	0.002880569213
357	0.003013577987
358	0.00443359686
359	0.003492938446
360	0.004596155905
361	0.00145564875
362	0.003995127596
363	0.002570480886
364	0.0151021586
365	0.008489696462
366	0.005105316395
367	0.001574212601
368	0.002349371203
369	0.003460671762
370	0.00427411195
371	0.004073348808
372	0.0001621055045
373	0.003155501593
374	0.01007905339
375	0.0009422498562
376	0.004313382336
377	0.0005887401347
378	0.002244689688
379	0.005457588702
380	0.002332393416
381	0.003081657317
382	0.003650426043
383	0.003228469134
384	0.0113449644
385	0.005686056121
386	0.005172659215
387	0.003803806817
388	0.0004329848967
389	0.002434336668
390	0.0009061380731
391	0.004147758785
392	1.479840312e-05
393	2.985326044e-05
394	0.007062003859
395	0.001432850277
396	0.002906514394
397	0.007966035699
398	0.01719814726
399	0.007867566794
400	0.0004997003665
401	0.002297174563
402	0.001433877727
403	0.003241233632
404	0.004203462691
405	0.001009737056
406	0.004407823308
407	0.004664802893
408	0.004589226571
409	0.01272450135
410	0.01455813426
411	0.01255201573
412	0.004271409017
413	0.0001329299711
414	0.0007273592229
415	0.0001522064706
416	0.007173881161
417	0.006351947647
418	4.020505501e-05
419	2.623151706e-05
420	0.003821109765
421	0.002450695899
422	0.001603982953
423	0.004257460987
424	0.005673371141
425	0.001526898771
426	7.610630566e-05
427	0.003675216372
428	0.01051315405
429	0.004791427184
430	7.084468661e-06
431	7.084468661e-06
432	0.007651397171
433	0.002908947215
434	0.002124902625
435	0.007725696197
436	0.0003485776712
437	0.001139264218
438	0.002287738905
439	0.001899561456
440	0.01089987085
441	0.00157748105
442	0.0001926369874
443	0.001341717787
444	0.002100852556
445	0.005016901919
446	0.003897523938
447	7.433069508e-06
448	3.324250683e-05
449	0.004014606728
450	0.0006212376502
451	0.005213371925
452	0.002399259443
453	0.004742625557
454	0.002535224845
455	0.0001008844057
456	0.001250107662
457	0.003671514153
458	0.006864662236
459	0.002954640209
460	0.004168526461
461	0.008229712543
462	0.005548422233
463	0.003255705259
464	0.004918135517
465	0.002118421668
466	0.001557166252
467	0.002432822592
468	0.00407707167
469	0.003881470809
470	0.002932049745
471	0.004208094058
472	0.004263853501
473	0.002991442459
474	0.008460406784
475	0.003783212071
476	0.003920800121
477	0.001712277314
478	0.00124197369
479	0.002142433547
480	0.003733485131
481	0.004384321178
482	0.004366023537
483	0.002242027443
484	0.01078803673
485	0.001274693177
486	0.00521066057
487	0.004156348977
488	0.001251591147
489	0.001987245675
490	0.009215108039
491	0.0004800210685
492	0.007831056776
493	0.003108438084
494	0.002737772382
495	0.007861657215
496	0.003546016395
497	0.005408696451
498	0.0002136665573
499	0.001093068302
500	1.258473726e-05
501	0.005087740695
502	0.002913079207
503	0.002502375646
504	0.001235615219
505	0.001294525707
506	0.003575390905
507	0.002704829884
508	0.003875019421
509	0.005149534382
510	0.005814102447
511	0.003776239701
512	0.01342709887
513	0.01211087526
514	0.004627676635
515	0.002228197807
516	0.006239498931
517	0.00735538344
518	0.007337178883
519	0.0005201406812
520	0.0002065086861
521	0.004280379524
522	0.01020318891
523	0.004289473596
524	0.01122656518
525	0.001645743249
526	0.0007206870106
527	0.002852604485
528	0.005729391176
529	0.002922069004
530	0.004565994686
531	0.001493971078
532	0.002295687453
533	0.007182154331
534	0.004012559185
535	0.001912531937
536	0.002850239405
537	0.00619358918
538	0.003741478283
539	0.004282209481
540	0.001939291785
541	0.001768575099
542	0.002954398929
543	0.005073362579
544	9.857306203e-05
545	0.008161049489
546	0.00493454857
547	0.005838285398
548	0.004743859311
549	0.01103870573
550	0.00482592282
551	0.003596813593
552	0.003132304453
553	0.002831489113
554	0.002860511045
555	0.003569928323
556	0.001628862211
557	0.002061744293
558	0.004408203619
559	0.0002889785512
560	0.002726581663
561	0.003693305897
562	0.01226365683
563	0.003372307965
564	0.002536989476
565	0.003189461407
566	0.004319394811
567	0.00381110592
568	0.003625353522
569	0.004981059515
570	0.003919673886
571	0.005557029873
572	0.000530255274
573	0.006340079858
574	0.004504702379
575	0.005128204857
576	0.0027338489
577	0.003989616384
578	0.0044238571
579	0.01196110609
580	0.004642170159
581	0.001442241496
582	0.003638374337
583	0.003679286308
584	0.003269090249
585	0.002736540923
586	2.275603714e-05
587	0.002619175957
588	0.003422297855
589	0.00387363484
590	0.003232276358
591	0.007504365529
592	0.002173282349
593	0.0157367472
594	0.003064258239
595	0.003807901534
596	0.001903514888
597	0.001420062809
598	0.005309398586
599	0.003908139666
600	0.001341212134
601	0.002038527377
602	0.007889652967
603	0.001495749804
604	4.359673026e-06
605	4.359673026e-06
606	0.004265238768
607	0.004207669101
608	0.0001330249694
609	0.01661824591
610	0.001778852899
611	0.00307494809
612	0.003287210558
613	0.002790121911
614	0.0002365965008
615	0.003310381991
616	0.003613141073
617	0.00164226438
618	0.0006665391529
619	0.004442880051
620	0.00927179763
621	0.006974177181
622	0.005237061824
623	0.008301116189
624	0.007648135715
625	0.002618098872
626	0.00207616802
627	0.00913531103
628	0.004503025009
629	0.00467149565
630	0.005012828246
631	0.003105964169
632	0.0006238296924
633	0.01696782667
634	0.003622130083
635	0.001010022443
636	0.004628621772
637	0.003197956114
638	0.0009360050916
639	0.003040530215
640	0.003704908042
641	0.0008967180301
642	0.0006392561231
643	0.008072363013
644	0.002394038125
645	0.01429158311
646	0.01428902824
647	0.003563084139
648	0.003326403006
649	0.004396856415
650	0.003774266597
651	0.0002394675799
652	0.002994848747
653	0.00365930595
654	0.004156270179
655	0.0009876568004
656	0.002001065115
657	0.002943148389
658	0.006087039512
659	0.004629420375
660	0.005393337463
661	0.01066812354
662	0.001788211357
663	0.006455634414
664	0.008068689815
665	0.009063352383
666	0.004259956012
667	0.0008134752624
668	0.001514414625
669	0.002120904748
670	0.00359977855
671	0.004212152726
672	0.008626638254
673	0.02279457726
674	0.003890475806
675	2.397820166e-05
676	3.079019078e-05
677	0.002121319394
678	0.0003498618593
679	0.002106932108
680	0.007441939616
681	0.004540111134
682	0.001195971039
683	0.001463108352
684	0.002613935921
685	0.003220085269
686	0.002353983873
687	0.004656462973
688	0.005730908858
689	0.000984507757
690	0.003834867138
691	0.004031384905
692	4.703959439e-05
693	1.738697187e-06
694	0.004283793042
695	0.005479423678
696	0.001293500244
697	0.003616722663
698	0.005121492401
699	0.002677164599
700	0.002484055359
701	0.001646325314
702	0.00347676618
703	0.007507901984
704	0.002856184659
705	0.0009127913768
706	0.003665188824
707	0.003678410061
708	0.00480536027
709	0.000781649799
710	0.003771655539
711	0.003814651984
712	0.0003530907173
713	6.092513299e-05
714	0.0001120976571
715	1.253405993e-05
716	0.0038812254
717	0.005261412092
718	0.003880003298
719	0.004363492929
720	0.002698048979
721	0.01542176709
722	0.005035971362
723	0.001886473446
724	0.004967725844
725	0.005665044644
726	0.003599115599
727	0.003096365338
728	0.006753261356
729	0.003486916331
730	0.002750890354
731	0.0004105607315
732	0.0005674359565
733	1.425976385e-05
734	2.070844682e-05
735	0.002044470337
736	0.009333485857
737	0.002899072764
738	0.003123795178
739	0.007542617779
740	0.008922664535
741	0.003932500875
742	0.002135556796
743	0.009019068117
744	0.006105787422
745	5.564638207e-05
746	3.024523165e-05
747	0.008098277707
748	0.004718531043
749	0.007197445349
750	0.004134150395
751	0.01057459678
752	0.007441743204
753	0.004008117376
754	0.004406220375
755	0.008029766957
756	0.008963675389
757	0.001077876409
758	0.008547932443
759	0.006078674785
760	0.003786510267
761	0.0004585897694
762	0.0007907515914
763	0.006595762438
764	0.005425205365
765	0.002776430515
766	0.0001728214465
767	0.003713526531
768	0.003566485383
769	0.004206064683
770	0.004737940272
771	0.004158736904
772	0.01179784091
773	0.01440044409
774	0.007910442131
775	0.000574400694
776	0.001183591595
777	2.361489555e-06
778	0.003460686247
779	0.000309812071
780	0.004777025623
781	0.003790292477
782	0.004637933148
783	0.004661130613
784	0.005402898853
785	0.007649356846
786	0.003327375945
787	0.002922408095
788	0.004809073719
789	0.003831576731
790	3.577894558e-05
791	2.93577267e-05
792	2.997275202e-05
793	4.414168938e-05
794	0.004558308853
795	0.003554045589
796	0.00589057006
797	0.005348361189
798	0.004577135086
799	0.004208142252
800	0.0005937133264
801	0.006056190318
802	0.004524817694
803	0.002551889662
804	3.749315664e-05
805	1.260221519e-07
806	0.008730280243
807	0.005950335515
808	0.001034803887
809	3.084607584e-05
810	0.01323994711
811	0.005029398459
812	0.002076552223
813	0.01201009846
814	0.001707821802
815	0.002232949587
816	0.005119441895
817	0.003383482928
818	0.008227334389
819	0.002308841141
820	0.005331808619
821	0.009019383226
822	0.002582438583
823	0.01511488811
824	0.01192013233
825	0.00800165745
826	0.001883405185
827	0.002296437595
828	0.003978250492
829	0.004263305746
830	0.01438415693
831	0.005849188967
832	0.01409876833
833	5.449591131e-07
834	5.449591131e-07
835	0.002280439934
836	0.002443830598
837	0.003751166192
838	0.002427864557
839	0.001003476114
840	0.003792105656
841	0.004950850388
842	0.005319814145
843	0.0007646266894
844	0.006555732072
845	0.003253681446
846	0.008537237432
847	0.01063938694
848	0.002025105412
849	0.002366880725
850	0.004234946533
851	0.001301816079
852	0.001367254613
853	0.002085118728
854	0.003779534398
855	0.002630077462
856	0.008905477076
857	0.01106582205
858	0.0001586210757
859	0.005974975637
860	0.00919816439
861	0.005538404717
862	0.002829662579
863	0.008568983012
864	0.001941557483
865	0.004008745292
866	0.005487212543
867	0.01564224133
868	0.005347052436
869	0.004815267431
870	0.003712860004
871	0.003802176677
872	0.004164626018
873	0.005415151178
874	0.01120203391
875	0.007137937761
876	0.004449874139
877	0.008066910144
878	0.002166114252
879	0.003875603247
880	0.001059742922
881	0.002099731001
882	0.002607801392
883	0.003228221261
884	5.78564941e-05
885	2.288828343e-05
886	0.003034677289
887	0.001635763956
888	0.004710289643
889	0.001032961512
890	0.003812114537
891	0.002185724942
892	0.001525476815
893	0.002698564891
894	0.001089780081
895	0.001918591407
896	0.002752219514
897	0.008689140069
898	0.00954177806
899	0.002729527003
900	0.002761312152
901	0.0005012544555
902	0.01049643313
903	1.268407508e-05
904	0.004547148085
905	2.45231612e-06
906	2.543142598e-06
907	0.01323803674
908	4.430084382e-05
909	0.002021698601
910	0.009090040421
911	0.006272481607
912	0.008997634177
913	0.01124983135
914	0.003198200749
915	0.005202914987
916	0.002540505282
917	0.001317790348
918	0.005556954654
919	0.006304820801
920	0.0021396023
921	0.001710561173
922	0.01269941182
923	0.002100908462
924	0.003779078373
925	0.005644766445
926	0
927	0.003824794231
928	0.0001514572367
929	1.93460491e-05
930	0.004146967267
931	0.0004733836381
932	0.003089199303
933	0.002388703064
934	0.001814965164
935	0.007828584249
936	0.007935185048
937	0.00147348502
938	0.001055876959
939	0.002327736365
940	7.685811597e-05
941	1.418005394e-05
942	0.0001115585821
943	0.002548512545
944	0.02157088617
945	0.003356773417
946	0.01191219123
947	0.005295969711
948	0.004000621076
949	0.007386314541
950	0.00521788495
951	0.009979062607
952	0.00402670303
953	0.005568580839
954	0.004589244044
955	0.00151669204
956	0.003467231436
957	0.003811992445
958	0.001990167975
959	0.003560812731
960	0.01807466091
961	0.004097342749
962	0.00728256575
963	0.002179936793
964	0.003776817606
965	0.003632182422
966	0.01402587568
967	0.003808611856
968	0.004182243454
969	0.0001756975532
970	0.00366744495
971	0.003911335139
972	0.004785314229
973	0.009134344526
974	0.00575584574
975	0.003378882597
976	0.003413723371
977	0.005347283348
978	0.003529816846
979	0.005698618554
980	9.938671234e-06
981	6.969663597e-05
982	0.002240495562
983	0.005104006791
984	0.002970295305
985	0.007005710175
986	0.002713489682
987	0.008026067544
988	0.002889355761
989	0.003182798364
990	0.00599635638
991	0.0002082694028
992	0.0008501528947
993	0.001413004571
994	0.001840736828
995	1.280653951e-05
996	1.280653951e-05
997	0.006917539656
998	0.005298879246
999	0.004525230358
1000	0.0004772213901
1001	0.003162975492
1002	0.004038380033
1003	0.001363152821
1004	0.006617557233
1005	0.00161690621
1006	0.005035029906
1007	0.002605024995
1008	0.01058959565
1009	0.002149852987
1010	0.0005446131571
1011	0.003383002434
1012	0.00297098202
1013	0.001608455619
1014	0.000760079729
1015	0.002554833624
1016	3.351498634e-05
1017	9.173478694e-06
1018	0.0008872217418
1019	0.001718108537
1020	3.403506664e-05
1021	0.003356129921
1022	0.008439162284
1023	0.0003004799684
1024	0.003521914906
1025	0.002426141761
1026	0.000386721456
1027	0.003235354593
1028	0.004994128747
1029	0.005102673487
1030	0.006797248128
1031	0.003309277918
1032	0.002603339105
1033	0.005765140106
1034	0.000810996992
1035	0.001142114943
1036	0.0004128762597
1037	0.003334289728
1038	0.003170040826
1039	0.002532831217
1040	0.004273575794
1041	0.001524228546
1042	0.002962817383
1043	0.00499413849
1044	0.0007652007496
1045	6.207965525e-05
1046	0.002220620486
1047	0.004254750246
1048	0.004283633946
1049	0.003792703125
1050	0.00601674094
1051	0.006462277862
1052	0.002822268687
1053	0.003968846637
1054	0.001438338214
1055	0.000678997438
1056	0.00367748564
1057	0.003522862071
1058	0.001797915741
1059	0.002786693787
1060	0.004784524397
1061	0.002664555037
1062	0.001375308896
1063	0.01526816414
1064	0.002957956401
1065	0.009519827883
1066	0.004366492991
1067	0.004895415442
1068	0.01167877844
1069	0.00356882402
1070	0.00269465002
1071	0.00975690783
1072	0.001490659744
1073	0.005378364276
1074	0.003767889128
1075	0.004555170658
1076	0.007660774602
1077	0.006527206431
1078	0.003508363532
1079	0.01071788711
1080	0.001564991248
1081	0.007639748228
1082	0.001799922233
1083	0.01099686921
1084	0.0006478335107
1085	0.008871271777
1086	0.002060540867
1087	0.001812197195
1088	0.003520143315
1089	0.001895810031
1090	0.001364056279
1091	0.0009616452964
1092	0.003808948092
1093	0.005183176411
1094	0.002697314383
1095	1.743869206e-05
1096	1.961852857e-05
1097	0.003975189525
1098	0.005716542235
1099	0.003848062235
1100	0.004419576413
1101	0.006225824819
1102	0.002526543503
1103	0.02020082313
1104	0.002401514437
1105	0.01279496297
1106	0.003341311829
1107	0.00726792446
1108	0.003735397345
1109	0.003060011919
1110	0.0003803837378
1111	0.01114439555
1112	0.004168820448
1113	0.009233855988
1114	0.003169745529
1115	9.69702013e-05
1116	0.0004346452261
1117	0.0001134745348
1118	0.005352044082
1119	0.004823923552
1120	0.02404702058
1121	0.003981188934
1122	2.060621474e-05
1123	1.416893729e-05
1124	0.004117407602
1125	0.002184168975
1126	0.00130272003
1127	0.00436406955
1128	0.004433922816
1129	0.004709976658
1130	0.001964451401
1131	0.0002841669255
1132	0.000289177993
1133	0.008392148678
1134	5.401637308e-05
1135	0.003934717015
1136	0.004217832882
1137	0.003287078519
1138	0.002029042497
1139	0.003255154688
1140	0.0003197278017
1141	0.002311469595
1142	0.00129921024
1143	0.0007279593469
1144	0.005885790672
1145	0.003703219355
1146	0.0008462654437
1147	0.00427693765
1148	0.003890297345
1149	0.006491502417
1150	0.004410897949
1151	0.006859586831
1152	0.0006473479971
1153	0.003547438135
1154	0.009258949902
1155	0.002803639037
1156	0.005026972757
1157	0.004182611901
1158	0.01089225355
1159	0.01060165831
1160	0.001171501233
1161	0.005966215726
1162	0.003120845797
1163	0.004555194639
1164	0.003929832717
1165	0.001072063174
1166	0.003780586579
1167	0.004048618409
1168	0.00361598123
1169	0.002893756152
1170	0.0056561538
1171	0.001458558042
1172	0.01056088092
1173	0.00143040865
1174	0.005331151324
1175	0.004921123145
1176	9.475626186e-06
1177	0.001902998245
1178	0.03093522957
1179	0.00631789379
1180	0.002801405063
1181	0.006381034277
1182	0.002248698544
1183	5.631244322e-06
1184	1.743869209e-05
1185	0.001110777228
1186	0.001705257242
1187	0.004701441175
1188	0.0002909681974
1189	0.005684978886
1190	0.00603953314
1191	0.004208123423
1192	0.01044445621
1193	0.001697611399
1194	0.0001924222302
1195	0.0001576736219
1196	0.004998940701
1197	0.005410799437
1198	0.000373865403
1199	0.001064550785
1200	5.449591274e-06
1201	1.63487735e-07
1202	0.005283132713
1203	0.002705434648
1204	0.003675308718
1205	0.001756235976
1206	0.02007571728
1207	0.003053223927
1208	0.004555678047
1209	0.0006978779595
1210	0.0004374321863
1211	3.113792655e-05
1212	0.002434786727
1213	0.003952863929
1214	0.005110515797
1215	0.009064053684
1216	0.005291987211
1217	0.003126887903
1218	0.004618317889
1219	0.002050380709
1220	0.001635031018
1221	0.008136695994
1222	0.0001753023049
1223	0.004626498161
1224	0.001379193594
1225	0.006365736484
1226	0.0004749567823
1227	0.002100089263
1228	0.0002552918959
1229	0.0008773264285
1230	0.00289596987
1231	0.003174689035
1232	0.008686030696
1233	0.008552873345
1234	0.00638408884
1235	0.008750698891
1236	0.002802283819
1237	0.001494860931
1238	0.002731320885
1239	0.002984594846
1240	0.004340973284
1241	0.003273042946
1242	0.004336256782
1243	0.006115471797
1244	0.003238467968
1245	0.00403724182
1246	0.0004182842563
1247	0.000488935432
1248	0.005409933838
1249	0.0001326431367
1250	0.001378607593
1251	0.001288165233
1252	0.004890458797
1253	0.003107377426
1254	0.0001259924328
1255	0.00669821429
1256	0.003094093873
1257	0.005561188817
1258	0.003657986708
1259	0.002278506107
1260	5.363725318e-05
1261	0.003507523523
1262	0.00598982389
1263	0.002870403992
1264	0.003777828631
1265	0.003845642895
1266	0.003067391053
1267	0.001265225095
1268	3.814713899e-06
1269	2.179836509e-06
1270	0.004171446167
1271	0.001247046659
1272	0.003222975588
1273	0.001717688781
1274	0.002759069231
1275	0.003394561727
1276	0.004006442572
1277	0.001008774739
1278	0.006593901541
1279	0.0005149896374
1280	0.001422827396
1281	0.003823856905
1282	0.006485727208
1283	0.003348127954
1284	0.003168066772
1285	0.01384617557
1286	5.194269933e-05
1287	0.001877207838
1288	0.002541557139
1289	0.005983311668
1290	0.003086492427
1291	0.001750535631
1292	0.001596631798
1293	8.423411767e-05
1294	0.0002333638944
1295	0.0002951721328
1296	0.008135321436
1297	0.007011719305
1298	0.003122034781
1299	0.003002001022
1300	0.009673311707
1301	0.005322140065
1302	0.005050453768
1303	0.0003929175499
1304	0.005568408915
1305	0.004663313493
1306	0.001264781052
1307	0.007021634051
1308	0.009600708488
1309	0.002377504564
1310	0.001851419478
1311	0.0008998983714
1312	0.0007346272736
1313	0.004005960813
1314	0.003065772276
1315	0.00142619704
1316	9.828441611e-05
1317	5.311909706e-05
1318	7.83488535e-05
1319	0.002555614343
1320	0.004067011544
1321	0.002929891005
1322	0.004042784098
1323	0.002167497369
1324	0.004518196836
1325	0.002922948008
1326	0.008466975679
1327	0.004195238777
1328	0.01196662605
1329	0.01022074138
1330	0.001043488778
1331	0.004035888687
1332	0.02065913685
1333	0.008130624218
1334	0.0004648808292
1335	0.001832459394
1336	0.003972421651
1337	0.007562090143
1338	0.004391837742
1339	1.1459807e-05
1340	8.909363465e-05
1341	0.0009188644701
1342	0.002350317641
1343	0.00188002654
1344	0.003239945631
1345	1.335149864e-05
1346	1.335149864e-05
1347	0.002874963275
1348	0.002967023285
1349	0.002179987078
1350	0.006253864829
1351	0.004269952274
1352	0.003462746662
1353	0.02032424942
1354	0.000594023668
1355	0.002881400356
1356	0.0004669622847
1357	0.004584743903
1358	0.0004712698036
1359	0.002727415403
1360	0.0136662468
1361	0.003322473395
1362	0.003404845398
1363	0.004948123567
1364	0.01091743584
1365	0.007582551103
1366	0.002933714189
1367	0.001832356653
1368	0.01574667061
1369	0.0008239082673
1370	0.001385185693
1371	0.0004271395896
1372	0.002364535377
1373	0.004499958642
1374	0.0002589427921
1375	5.660445958e-06
1376	0.00383843233
1377	0.01518650486
1378	0.002932128323
1379	0.01422185212
1380	1.048570564e-05
1381	0.003116410438
1382	0.007684692845
1383	0.01051028539
1384	0.0008923721838
1385	0.01644166814
1386	0.001687179886
1387	0.0028907547
1388	0.002235886461
1389	0.005292474513
1390	0.00207113469
1391	0.005192979544
1392	0.01029768562
1393	0.006091742396
1394	0.0002584140469
1395	0.005414318972
1396	0.009324112917
1397	0.005982497783
1398	0.001186328928
1399	0.002618180083
1400	0.01344817823
1401	5.107906041e-05
1402	0.01029812287
1403	0.003584514828
1404	0.004277641862
1405	0.004256486131
1406	6.344549986e-06
1407	3.39179454e-05
1408	0.00174291295
1409	3.862969607e-05
1410	4.959128064e-05
1411	0.001725472633
1412	0.01478500995
1413	0.003267026854
1414	0.003323348625
1415	0.008383905328
1416	0.00161343909
1417	0.0009875991378
1418	0.004213278659
1419	0.004389264963
1420	0.003771678491
1421	0.005927897666
1422	0.0110113192
1423	0.01260927021
1424	0.0008987829093
1425	0.003432836978
1426	0.0009937169657
1427	0.0006532497491
1428	0.003648895025
1429	0.009951549537
1430	7.08446866e-06
1431	7.08446866e-06
1432	0.002452130019
1433	0.0009756168102
1434	0.005666892156
1435	0.004399281714
1436	0.01280379161
1437	0.005375851421
1438	0.002967208518
1439	0.002506814589
1440	0.004887176137
1441	0.005620098869
1442	0.002538718272
1443	0.01368246966
1444	0.002433178834
1445	0.000691849492
1446	0.003122578149
1447	0.004824140947
1448	0.003982674827
1449	0.00169549987
1450	0.003345195205
1451	0.003520606611
1452	0.006366421494
1453	0.0004034427475
1454	0.01227944077
1455	0.002567676902
1456	0.01473159589
1457	0.01423889083
1458	0.004105279999
1459	0.01378707193
1460	0.001496989596
1461	0.0004174621012
1462	0.0003462004818
1463	0.004443565132
1464	0.004280280058
1465	0.01235728875
1466	0.003115032034
1467	0.002373450735
1468	0.009306264405
1469	0.001246874214
1470	0.004961387837
1471	0.003553229046
1472	0.009806890423
1473	0.002117784682
1474	0.004265864191
1475	0.004170645991
1476	0.008803087714
1477	0.004802033805
1478	1.45322434e-06
1479	0.00511251409
1480	0.001812811418
1481	0.003589851341
1482	0.006059136538
1483	0.00148232034
1484	0.000422588212
1485	0.009445513946
1486	0.0006177789483
1487	0.002096848203
1488	0.01307643899
1489	0.005098244454
1490	5.156469007e-05
1491	0.004479237986
1492	0.01253149845
1493	0.004438090963
1494	0.005963853549
1495	0.005570210352
1496	0.003357638554
1497	0.004009184437
1498	0.003361770257
1499	0.0003205026544
1500	0.0005948964619
1501	0.003927101926
1502	0.004838025791
1503	3.329395337e-05
1504	0.007087347923
1505	0.0009209128505
1506	0.0008289971454
1507	0.001203055174
1508	0.004100433232
1509	0.007560628698
1510	0.0006941052641
1511	0.001854982342
1512	0.002198321742
1513	0.003090218595
1514	0.003203599326
1515	0.00298898996
1516	0.005155693561
1517	0.007986823049
1518	0.003678993885
1519	0.0003566586589
1520	0.0008406728412
1521	0.01115832651
1522	0.002693009829
1523	0.002044684144
1524	0.01078373181
1525	0.002234744348
1526	0.002832951638
1527	0.003581047318
1528	0.008113563195
1529	0.001365487701
1530	0.0003762652204
1531	0.001112585388
1532	0.005106944326
1533	0.006229267366
1534	0.003619203665
1535	0.003954274275
1536	0.00848277998
1537	0.008144298806
1538	0.02009375683
1539	0.003707871642
1540	0.01021355889
1541	0.003031162582
1542	0.002782588961
1543	0.004900284439
1544	0.004504614418
1545	0.00429374213
1546	0.005446393897
1547	0.003951852529
1548	0.003370862018
1549	0.007466465733
1550	0.003527647827
1551	0.004568980501
1552	0.003563111365
1553	0.00470020824
1554	0.004595270441
1555	0.01393601044
1556	0.006292887195
1557	0.003482595181
1558	0.001082822478
1559	0.007152182298
1560	0.008266954874
1561	0.005615710838
1562	3.626415361e-05
1563	2.724795678e-07
1564	0.001975144144
1565	0.001456632587
1566	0.002724719664
1567	0.002863560138
1568	0.006749888684
1569	0.009053421986
1570	5.994550415e-06
1571	5.994550415e-06
1572	0.002981479847
1573	0.00246165137
1574	0.007646265043
1575	0.008593505634
1576	0.01005839184
1577	0.006297120538
1578	0.006853779568
1579	0.008422601733
1580	0.004827947549
1581	0.0001020277559
1582	0.00100836109
1583	0.005497586817
1584	0.0002474765122
1585	0.0003247455999
1586	0.01759364071
1587	0.00227275658
1588	0.001065140552
1589	0.003355545991
1590	0.001347168828
1591	0.007866974375
1592	0.0002652712765
1593	0.007914493352
1594	0.002822504345
1595	0.002527931579
1596	0.01094708601
1597	0.003788572922
1598	0.005787533588
1599	0.005608852772
1600	0.0008133642035
1601	0.009129206841
1602	0.008136674746
1603	0.004365118803
1604	0.001323108396
1605	0.004593762896
1606	0.003675131609
1607	2.415985468e-05
1608	2.615803814e-05
1609	0.006970999698
1610	1.115471876e-05
1611	0.001385980378
1612	0.003111771249
1613	0.002357669372
1614	0.003947004757
1615	0.006655355677
1616	0.005052019293
1617	0.0008349668951
1618	0.004122673197
1619	0.004133487873
1620	0.003818992361
1621	0.001836810139
1622	0.002424213668
1623	0.0001332531431
1624	0.004171505535
1625	0.003844061888
1626	0.01324166515
1627	0.007139870634
1628	0.003745357503
1629	0.004473569767
1630	0.002195273811
1631	0.005333869353
1632	0.00358752392
1633	0.001161074725
1634	0.009551206982
1635	0.001857735283
1636	0.0070282976
1637	0.02233825238
1638	0.008530112355
1639	0.01095719203
1640	0.001819575691
1641	0.003912690817
1642	0.003434133283
1643	0.001776389701
1644	0.002977690992
1645	0.005514396498
1646	0.003570648391
1647	0.001013426534
1648	5.258496583e-05
1649	1.162579473e-05
1650	0.002556816289
1651	0.005704735037
1652	0.003529243803
1653	0.001999984505
1654	0.003022889873
1655	0.002925442145
1656	0.007019491112
1657	0.005771796237
1658	0.001708193818
1659	0.008268035122
1660	0.001651280812
1661	0.01276012863
1662	0.0123022408
1663	0.002967927141
1664	0.005759236901
1665	1.051828799e-05
1666	0.006831775231
1667	1.993058084e-05
1668	0.00124914146
1669	0.005059989432
1670	0.00354744613
1671	9.014357324e-05
1672	0.006609853464
1673	0.01292838554
1674	0.004436012112
1675	0.009972612523
1676	0.01106956275
1677	0.007669278221
1678	0.0007852263869
1679	0.00329158477
1680	0.001718835613
1681	0.002677282212
1682	0.003710243221
1683	0.007952409719
1684	0.008344298195
1685	0.002564596823
1686	0.003228372145
1687	0.002903743254
1688	0.0006407815648
1689	0.003740232904
1690	0.008127919824
1691	0.001766044981
1692	0.004451194109
1693	0.01105200899
1694	0.003117479284
1695	0.00329041318
1696	0.006650139349
1697	0.01332053511
1698	0.002240145304
1699	0.005431424475
1700	0.006841058308
1701	0.0139489529
1702	0.004754249642
1703	0.005541390455
1704	0.007035187065
1705	0.003012341828
1706	0.001137512233
1707	0.006037693005
1708	0.003299863418
1709	0.0004392103924
1710	0.005031751564
1711	0.005850918807
1712	0.001517493875
1713	0.012518615
1714	0.002766862167
1715	0.01780936854
1716	0.004011199291
1717	0.005827751031
1718	0.004765176642
1719	0.01109512543
1720	0.004722930539
1721	0.008131135771
1722	0.001177291271
1723	0.0005140953156
1724	0.006635196976
1725	0.005812506385
1726	0.004483461064
1727	0.01232316852
1728	0.005614498532
1729	0.004911052214
1730	0.002116257991
1731	0.007823328106
1732	0.0009298769729
1733	0.003622764922
1734	0.004924896646
1735	0.01644788918
1736	0.003617216954
1737	0.003658860939
1738	0.001721021214
1739	0.00454427558
1740	0.00691216822
1741	0.003862861159
1742	0.009076687904
1743	0.007621052129
1744	0.005577160562
1745	0.007777271529
1746	0.004160111273
1747	0.002668702035
1748	0.0004392205269
1749	8.651226183e-06
1750	4.835214782e-06
1751	0.0001329668124
1752	2.932407062e-05
1753	0.003806042181
1754	0.002428804327
1755	0.0028462779
1756	0.0007878878277
1757	0.001043308609
1758	0.004688328283
1759	0.00455968729
1760	0.009624256486
1761	0.001320443028
1762	0.007833600631
1763	0.008674266977
1764	0.003033449883
1765	0.004164980997
1766	0.01055662768
1767	0.004181367428
1768	0.002489615125
1769	0.009173916204
1770	0.0005252438177
1771	0.003636236097
1772	0.001468135785
1773	0.0004293629327
1774	0.006511746254
1775	0.004864083282
1776	0.0056508527
1777	0.002531711033
1778	0.001121646366
1779	0.004030726347
1780	0.003670010621
1781	0.002158346688
1782	0.003592672601
1783	0.008849983864
1784	0.001214169939
1785	0.003227221211
1786	0.002764505552
1787	0.0006749455616
1788	0.003723112294
1789	0.003182833343
1790	3.269754815e-06
1791	3.269754815e-06
1792	0.005398487777
1793	0.0006945059574
1794	0.004054990394
1795	0.006220911322
1796	3.607846851e-06
1797	1.198910081e-05
1798	2.016348772e-05
1799	0.003585509574
1800	0.001574315753
1801	0.01166051716
1802	0.002657142223
1803	0.003644964048
1804	0.004741167218
1805	0.001128172507
1806	0.003452002061
1807	0.004027272904
1808	0.005912630285
1809	0.00470576293
1810	0.00235054514
1811	0.01825085949
1812	0.002125489493
1813	0.005662462273
1814	0.002792954596
1815	0.01804490683
1816	0.02018667877
1817	0.003057937789
1818	0.003003542539
1819	0.001943108869
1820	0.002487557331
1821	6.040145372e-05
1822	0.0005787249066
1823	0.001899051099
1824	0.003010026105
1825	0.002352155067
1826	0.008919299316
1827	0.0003230088802
1828	0.003417830935
1829	0.007567029037
1830	0.004066292632
1831	0.001557156593
1832	0.005523549698
1833	0.002427165872
1834	0.004406752085
1835	0.002213662384
1836	0.004392333687
1837	0.002518417823
1838	0.002904548112
1839	0.003522053908
1840	0.00307517721
1841	0.003461539772
1842	0.005028523028
1843	0.00700999138
1844	0.009871465025
1845	0.006242980904
1846	0.007359096405
1847	0.003417733553
1848	0.005876947218
1849	0.003967962194
1850	0.001003963092
1851	0.001306603461
1852	0.002719987904
1853	0.003706899742
1854	0.003634407271
1855	0.004417597952
1856	0.003002331209
1857	0.0005090155628
1858	0.004758539516
1859	0.002122167495
1860	0.004892368444
1861	0.005229198857
1862	0.004124098254
1863	0.005862012862
1864	0.0005476393109
1865	0.0005404587951
1866	0.007685043969
1867	0.006062365811
1868	0.006617832598
1869	0.01147807289
1870	0.004983564843
1871	0.004410943543
1872	0.0004303969523
1873	0.002756501563
1874	0.00380024289
1875	0.0001298009748
1876	0.004991124328
1877	0.007200830336
1878	0.009547463187
1879	0.004038960361
1880	0.01628295779
1881	0.003973730342
1882	0.001712448175
1883	0.009495984019
1884	0.0066127305
1885	0.001318592802
1886	0.003763338785
1887	0.003131121867
1888	0.002573079395
1889	0.0005120848939
1890	0.002018661503
1891	0.001155894975
1892	0.00249708313
1893	0.0001780265643
1894	0.001533705894
1895	0.002281923514
1896	0.000321151735
1897	0.001981957357
1898	0.00840165613
1899	0.001496296459
1900	0.0005311021107
1901	0.004449343512
1902	0.00324846373
1903	0.004223696198
1904	0.006195902438
1905	0.004029440488
1906	0.004491232347
1907	0.006346136654
1908	0.003438327351
1909	0.003071303329
1910	5.177111716e-06
1911	5.177111716e-06
1912	0.0004884419221
1913	0.0006747633174
1914	0.003626798767
1915	0.003732179738
1916	0.003090280354
1917	0.0009430582163
1918	0.01175972135
1919	0.003280145167
1920	0.0048875
1921	0.004884473408
1922	0.01560613957
1923	0.002807443549
1924	0.003988424412
1925	0.006787190663
1926	0.0007580596354
1927	0.002515494787
1928	0.005373204877
1929	0.004286085266
1930	0.002254705671
1931	0.006781251218
1932	0.01550463644
1933	0.005146074622
1934	0.002073746016
1935	0.00184527882
1936	0.005133057371
1937	0.006746111408
1938	0.01126135976
1939	0.003471645218
1940	0.004289144859
1941	0.002154428843
1942	0.0007151352747
1943	0.006590829522
1944	0.0001320662602
1945	0.005707405989
1946	0.003293547313
1947	0.007655656405
1948	0.001771047982
1949	0.004129121867
1950	0.006433790572
1951	0.002915200945
1952	0.005319503197
1953	0.002992731685
1954	0.005641915005
1955	0.000173603255
1956	0.0006282688685
1957	0.001142115579
1958	0.00953112396
1959	0.008148623168
1960	0.004628524175
1961	0.002099673345
1962	0.000380241966
1963	0.003972534958
1964	0.00197682954
1965	0.0016148304
1966	0.001842723353
1967	0.003666488579
1968	0.001441203457
1969	8.400055759e-05
1970	0.002768584116
1971	0.007591866694
1972	0.003921385016
1973	0.0003625308251
1974	0.005227674519
1975	0.002213966987
1976	0.004351551017
1977	0.004309298648
1978	0.0004544845324
1979	0.003867214461
1980	0.00520170375
1981	0.004564758542
1982	0.008691228321
1983	0.005877715364
1984	0.001615421792
1985	0.003042214779
1986	0.001003064589
1987	0.001099458308
1988	0.000476180557
1989	0.006282950682
1990	0.004929454048
1991	0.0006301478607
1992	0.002877264294
1993	0.003971706167
1994	0.006439689137
1995	0.007260296302
1996	3.681564575e-05
1997	1.934604905e-05
1998	0.001762532032
1999	0.004055374632
2000	0.002359213249
2001	0.004567067531
2002	0.001000764496
2003	0.003222878144
2004	0.005523818794
2005	0.006208484264
2006	0.0004372329313
2007	0.0004191449897
2008	0.0001508226233
2009	0.001920998981
2010	0.006807611277
2011	0.003756270052
2012	0.004062431693
2013	0.004376374424
2014	0.00281482742
2015	0.006451214419
2016	0.004215760969
2017	0.006887750781
2018	0.002803863664
2019	0.007032891587
2020	0.004515057054
2021	0
2022	0.007970701166
2023	0.002938764081
2024	0.006216283668
2025	0.007397810329
2026	0.007387819523
2027	0.005064098409
2028	0.00034728876
2029	0.0011483544
2030	0.004753136218
2031	0.003481738261
2032	0.01558068081
2033	0.001597705424
2034	0.001960418776
2035	0.001575625173
2036	0.004596498043
2037	0.009676314098
2038	0.006258355326
2039	0.01209496078
2040	0.002102385223
2041	8.160241761e-05
2042	0.0009467544184
2043	0.007503910229
2044	0.001221615349
2045	0.002223937383
2046	0.01165552516
2047	0.004919737566
2048	0.005489801386
2049	0.004403118566
2050	0.002438705835
2051	1.089918524e-07
2052	7.084468667e-06
2053	0.0026515015
2054	0.0188073918
2055	0.001989453008
2056	0.005387239148
2057	0.002899648896
2058	0.002162210555
2059	0.001147800534
2060	0.01013607635
2061	0.002929190669
2062	0.003528568606
2063	0.004494205294
2064	0.003727839711
2065	0.0004058996989
2066	0.008821362127
2067	0.003088729831
2068	0.004349892654
2069	0.003271220951
2070	0.004221710531
2071	0.01112104043
2072	0.0112250805
2073	6.694853174e-05
2074	0.001940947536
2075	0.009331239011
2076	0.002909463488
2077	0.005385365245
2078	0.006494554748
2079	0.01173964354
2080	0.003660744276
2081	0.003033813454
2082	0.003054066201
2083	0.004100608689
2084	0.001389517746
2085	0.002349755666
2086	0.001682347807
2087	0.00264338393
2088	0.02033772867
2089	0.001881992465
2090	0.00364088006
2091	0.003467735308
2092	0.005081385907
2093	0.006914849375
2094	0.003900417333
2095	0.01282454517
2096	0.003603123143
2097	0.003686993049
2098	0.006411312367
2099	0.001009216224
2100	0.004462445907
2101	0.00305759653
2102	0.001304919288
2103	0.003286573027
2104	0.003489115395
2105	0.001175997651
2106	0.009244010076
2107	0.004440927976
2108	0.005635477018
2109	0.002695391184
2110	0.001890370868
2111	0.00123132574
2112	0.003186786161
2113	0.0006884705827
2114	0.002716677266
2115	0.002478630125
2116	0.003471045097
2117	0.002769902251
2118	7.247956394e-06
2119	1.880108993e-05
2120	0.005263968691
2121	0.004325050931
2122	0.003164016461
2123	0.004413742311
2124	0.0015405892
2125	0.002973418934
2126	0.002194601092
2127	0.004889273642
2128	0.002318830185
2129	0.003193993478
2130	0.0005712892142
2131	0.005304593181
2132	0.005352260867
2133	0.005992798509
2134	0.004671281984
2135	0.0008202741587
2136	0.001771766193
2137	0.001102153738
2138	0.002135766646
2139	0.006679143227
2140	0.001162119595
2141	0.001086113375
2142	0.002236001911
2143	0.00811708689
2144	0.003891809606
2145	0.002421727049
2146	0.0059459625
2147	1.767235489e-05
2148	3.542234341e-06
2149	0.001819129095
2150	0.0145898599
2151	0.00314912225
2152	4.359673026e-06
2153	1.45322432e-06
2154	0.005186846245
2155	0.006401388186
2156	0.004013414029
2157	0.005878277744
2158	0.00129131052
2159	1.571298819e-05
2160	3.651226158e-05
2161	0.008871750591
2162	0.004295319757
2163	0.003354590313
2164	0.004370317501
2165	0.007607049753
2166	0.009730827053
2167	0.008190745839
2168	0.003189454554
2169	0.01110712251
2170	0.003709553464
2171	0.004355388084
2172	0.001928810842
2173	0.001719203731
2174	0.003793254077
2175	0.001005791088
2176	0.005310118886
2177	0.0003353000484
2178	0.00030286984
2179	0.0003592842938
2180	0.00828143436
2181	0.009165382791
2182	0.005570734732
2183	0.001296721285
2184	0.01509439415
2185	1.117166212e-05
2186	1.553133513e-05
2187	0.01150570596
2188	0.003129124947
2189	0.008482073301
2190	0.004554521895
2191	0.001332018302
2192	0.005124497533
2193	0.004356937085
2194	0.002291147563
2195	0.003322980396
2196	0.004080002729
2197	0.001835086493
2198	0.006472853325
2199	0.005326176973
2200	0.002561162961
2201	0.0002776559598
2202	0.007646123141
2203	0.003121292445
2204	0.003453918513
2205	0.0005249926597
2206	0.004933359368
2207	0.002811955917
2208	0.01675674509
2209	0.01175588981
2210	0.004533944231
2211	0.001651127996
2212	0.005184677913
2213	0.002823717714
2214	0.0001491080324
2215	0.01205217716
2216	0.001780684448
2217	0.004170826244
2218	0.004180818176
2219	0.009002330383
2220	0.005190555962
2221	0.002142138511
2222	0.00758985193
2223	0.006855332905
2224	0.0004604487932
2225	0.00384851385
2226	0.005979668522
2227	0.006593381869
2228	3.511102161e-05
2229	0.005996822935
2230	0.005408867046
2231	0.01033484053
2232	0.0003810280752
2233	0.0232170328
2234	0.005231632131
2235	0.008948494531
2236	0.002574935872
2237	5.668875107e-05
2238	0.007339255597
2239	0.003105636955
2240	0.006168552689
2241	0.005510865825
2242	0.01060826011
2243	5.754577248e-05
2244	0.005264592473
2245	0.001047944367
2246	0.0001043818048
2247	0.001674835205
2248	0.0005747742779
2249	0.0004751146087
2250	0.005560353464
2251	0.001212557507
2252	0.008011574997
2253	0.001718007411
2254	0.00313025487
2255	0.002898919981
2256	0.002948487106
2257	0.00388004972
2258	0.009422990246
2259	0.002219784993
2260	0.001904972613
2261	0.004736930471
2262	0.004497876765
2263	0.003969492445
2264	0.002431398502
2265	0.003137072314
2266	0.001153016646
2267	3.090483817e-05
2268	0.004624230138
2269	0.003621432817
2270	0.007161236545
2271	0.00432903742
2272	0.01033448861
2273	0.003067143717
2274	0.004769698641
2275	0.000130147307
2276	0.004639375182
2277	0.01531375422
2278	0.001798711268
2279	0.01997913807
2280	1.662125341e-05
2281	1.662125341e-05
2282	0.008440485003
2283	0.007024140055
2284	0.001649517197
2285	0.004099420539
2286	0.001591685386
2287	0.002786891256
2288	0.005863720996
2289	0.006209731324
2290	0.01257071863
2291	0.004916976517
2292	0.001775790456
2293	0.001090377737
2294	0.001351852809
2295	0.0005584381318
2296	8.369849223e-05
2297	0.007415649981
2298	0.0009654181584
2299	0.002350361935
2300	0.002288659676
2301	0.001533137178
2302	0.003528241603
2303	0.007710669121
2304	0.001066774913
2305	0.0179098372
2306	0.007345122805
2307	0.002915982106
2308	0.0001176249102
2309	0.007363191805
2310	0.005757572273
2311	0.001844111166
2312	0.005785053405
2313	0.004187032911
2314	0.009027247118
2315	0.001149405143
2316	0.001814416116
2317	0.004390299419
2318	0.007195024674
2319	0.005951406911
2320	2.577287485e-05
2321	8.764183145e-05
2322	0.008851467552
2323	0.004768536669
2324	0.002639677869
2325	0.004131923543
2326	0.003806153288
2327	0.01140893732
2328	0.004382791507
2329	0.004091937694
2330	0.003199808513
2331	0.006562167228
2332	0.006700096816
2333	0.00399470533
2334	0.00283919932
2335	0.005475064396
2336	0.00510209789
2337	0.001408822584
2338	0.002329602621
2339	0.004299168839
2340	0.01387767971
2341	0.004471715326
2342	0.003036379203
2343	0.003614958067
2344	1.144414169e-05
2345	1.144414169e-05
2346	0.003784981546
2347	0.001721900534
2348	0.0005172336732
2349	0.000207649471
2350	0.0170432014
2351	8.174386923e-06
2352	0.002150592012
2353	0.004840999599
2354	0.001428786119
2355	0.01971630234
2356	0.01105096116
2357	0.001171668613
2358	0.001358973073
2359	0.003988755728
2360	0.008186410785
2361	0.007218994296
2362	3.85362866e-05
2363	0.008912218355
2364	0.005824612323
2365	0.007772043688
2366	0.006448648365
2367	0.003404088649
2368	0.006438748989
2369	0.004389358513
2370	0.0001618905145
2371	0.003324940699
2372	0.005918266018
2373	0.0009478828374
2374	0.005012740499
2375	0.009859508627
2376	0.00789333345
2377	0.01088040335
2378	0.0009860147679
2379	0.004396829167
2380	0.007470412825
2381	0.005598686774
2382	0.002612481586
2383	0.003752845828
2384	0.003211238394
2385	0.003371113576
2386	0.005125541391
2387	0.006884911243
2388	0.02492199087
2389	0.004544938852
2390	3.983391765e-07
2391	0.004152386713
2392	0.009175122324
2393	0.01036868986
2394	0.02014721409
2395	0.007882201028
2396	0.004913272906
2397	0.009542404829
2398	0.0006580393401
2399	3.392704779e-05
2400	4.059945506e-05
2401	0.001783081896
2402	0.0024504604
2403	0.006006841059
2404	0.01013171506
2405	0.004360084971
2406	0.01092715045
2407	0.0001640534667
2408	0.000992002819
2409	1.021127979e-05
2410	1.439949696e-06
2411	0.007847266591
2412	0.0143121844
2413	0.007189747851
2414	0.008943292918
2415	0.0009358200592
2416	0.008937434285
2417	0.005694285211
2418	0.01354498611
2419	0.009281004977
2420	0.002237329951
2421	0.00219530662
2422	0.004873962668
2423	0.007344987817
2424	0.0002701826762
2425	0.001157908346
2426	0.004292986882
2427	0.0127485685
2428	0.005247979161
2429	0.003613086216
2430	0.001825610469
2431	0.004022677235
2432	0.003942456651
2433	0.003019919019
2434	2.143505904e-05
2435	3.596730246e-05
2436	0.009334353863
2437	0.00355482541
2438	0.01071234832
2439	1.035422341e-05
2440	1.035422341e-05
2441	0.002236875046
2442	0.004021288789
2443	0.003576430127
2444	0.004246052523
2445	3.511353315e-05
2446	4.277929159e-05
2447	0.003295554566
2448	0.0003457475475
2449	0.003561670668
2450	0.00808614517
2451	0.003292948343
2452	0.001806774154
2453	0.001608710442
2454	0.001133123533
2455	0.00855919734
2456	0.0008277358056
2457	0.003668329892
2458	0.00382325603
2459	0.02228813731
2460	0.006772607914
2461	0.008519187759
2462	0.002236276424
2463	0.003561792622
2464	0.00379782445
2465	0.001455422444
2466	0.01643834408
2467	0.006033741588
2468	0.0102619192
2469	0.004154328584
2470	0.0009689846444
2471	7.901907358e-06
2472	7.901907358e-06
2473	0.004858208987
2474	0.002167650289
2475	0.0100487507
2476	0.004921897859
2477	0.001560988955
2478	0.001743214646
2479	0.0007868774143
2480	0.003182432134
2481	0.003066956227
2482	0.002777935423
2483	0.008335938229
2484	0.004108198423
2485	0.002306400517
2486	0.005065960718
2487	0.01226306819
2488	0.01250997796
2489	0.01796941645
2490	0.002741510066
2491	0.0008040890732
2492	0.00201112472
2493	0.01116708369
2494	0.001468612745
2495	0.005988645451
2496	0.008657618675
2497	0.005907485347
2498	0.003422331118
2499	0.003237740291
2500	0.004291597468
2501	7.356948225e-06
2502	7.356948225e-06
2503	0.002481071742
2504	0.001007765441
2505	0.002647083695
2506	7.821696907e-06
2507	0.004626443369
2508	0.00308353796
2509	0.0004725528261
2510	0.001928518672
2511	0.01144339575
2512	0.002282201644
2513	0.0007193095086
2514	0.006977204176
2515	0.003364714108
2516	0.006191139284
2517	0.005751974892
2518	0.01271932222
2519	0.002948733207
2520	1.310779587e-05
2521	0.003501213805
2522	0.002501417029
2523	0.0067917342
2524	0.00216344656
2525	0.003668923072
2526	0.006914971535
2527	0.004393110844
2528	0.000886535381
2529	0.001246017712
2530	0.004291181147
2531	0.002801393931
2532	0.002873325152
2533	0.01020443181
2534	0.008983259456
2535	0.003834250062
2536	0.007741667458
2537	0.007383833016
2538	0.001697931408
2539	0.004432862467
2540	0.003411900602
2541	0.001698714508
2542	0.009312379658
2543	0.01128803618
2544	0.003384538677
2545	0.003877628345
2546	0.01573187104
2547	0.01444655255
2548	0.01147401823
2549	0.006184225427
2550	0.003384999214
2551	0.005939317238
2552	0.005355671747
2553	0.005059089421
2554	0.001680960642
2555	6.421436279e-05
2556	0.004259093863
2557	0.008300276267
2558	0.006093963176
2559	0.01142037334
2560	0.001994756048
2561	0.01390197658
2562	0.01171750655
2563	0.005437269061
2564	3.505903729e-06
2565	0.001956738498
2566	0.003438056135
2567	0.001067730825
2568	0.001763051101
2569	0.00150784614
2570	0.004887825353
2571	0.0008287466845
2572	0.002430588056
2573	0.0006850180723
2574	0.0001913860897
2575	0.003012072147
2576	0.01045594772
2577	1.265470224e-05
2578	0.00299955956
2579	6.464717674e-07
2580	0.003903928466
2581	0.004842973289
2582	0.004084189735
2583	0.002832442161
2584	0.0008194760972
2585	0.005396093852
2586	0.00357925527
2587	0.004450028667
2588	3.66652787e-05
2589	0.01600480376
2590	0.0006216749422
2591	0.004152161324
2592	0.01475705237
2593	0.00377442389
2594	0.005435257984
2595	0.003153286101
2596	0.004615948836
2597	0.01354891102
2598	0.004523451811
2599	9.15227068e-06
2600	0.007222911656
2601	0.005916786909
2602	0.00191957625
2603	0.00829909755
2604	0.002490769001
2605	0.003482136945
2606	0.01111702152
2607	0.009797176657
2608	0.005475360469
2609	9.814104032e-07
2610	0.003649299856
2611	0.007047201833
2612	0.0004435614167
2613	0.01301759753
2614	0.002895287688
2615	0.002553027649
2616	0.01360563048
2617	0.003180759233
2618	0.002416527919
2619	0.0005128512946
2620	0.005490915472
2621	9.384202573e-05
2622	0.003186027157
2623	0.008669842473
2624	0.008674545426
2625	0.01101154627
2626	0.007924061536
2627	0.002736855454
2628	0.002065657724
2629	0.0002209360269
2630	0.004909922551
2631	0.00556915823
2632	8.464833301e-05
2633	0.01339800644
2634	0.00242027216
2635	0.005994869761
2636	0.002074796188
2637	0.004214667772
2638	0.008987579564
2639	0.001728373142
2640	0.001413470937
2641	0.007432493665
2642	0.005241426124
2643	0.004708769515
2644	0.002211358852
2645	0.01470287341
2646	0.002721423165
2647	0.004451407658
2648	0.00577123889
2649	0.003504923807
2650	0.008110014617
2651	0.002133737897
2652	0.02332592366
2653	2.061762038e-05
2654	1.607629427e-05
2655	7.485073281e-05
2656	0.004702700948
2657	0.01109938382
2658	0.01519384965
2659	0.005177891473
2660	2.288964187e-05
2661	3.745641199e-06
2662	0.02343861867
2663	7.629427792e-06
2664	1.144414169e-05
2665	0.003456495697
2666	0.002101032271
2667	0.005178834079
2668	0.004507392675
2669	1.689373297e-05
2670	0.01242023834
2671	0.006531665255
2672	0.003599313725
2673	0.003327678266
2674	0.007681504619
2675	0.0007449583235
2676	0.005672657172
2677	0.01107520942
2678	0.00144159869
2679	0.009707469337
2680	0.01395130304
2681	0.0163655486
2682	0.002279402785
2683	2.039963672e-05
2684	0.006856695441
2685	0.001938496934
2686	0.002703418502
2687	0.00431556342
2688	0.01098857999
2689	0.0145077851
2690	2.586739328e-05
2691	0.003741910595
2692	0.01309970382
2693	0.007662499238
2694	0.007525646698
2695	0.01074199983
2696	0.001700759901
2697	0.001605808511
2698	0.003340806593
2699	0.001181774527
2700	0.004938530187
2701	0.007098260269
2702	0.006040775234
2703	0.003143860674
2704	0.002511513512
2705	0.001522213353
2706	0.01375583599
2707	0.002050950255
2708	0.002176974077
2709	0.009468453985
2710	0.006115148493
2711	0.003091590039
2712	0.00270713022
2713	0.002071708736
2714	0.01037224224
2715	0.002163174674
2716	0.007210702509
2717	5.602233237e-06
2718	0.008572407287
2719	1.610149538e-05
2720	0.0006526013877
2721	0.003670384038
2722	0.01205217764
2723	0.002604747855
2724	0.004973678184
2725	0.004794452885
2726	0.0002204528462
2727	0.006970939642
2728	0.001618740779
2729	0.002781808561
2730	0.006395484521
2731	0.006196795138
2732	0.001531533128
2733	0.001993800789
2734	0.003925236927
2735	0.01401832335
2736	0.001144674852
2737	0.009474325294
2738	0.005757721992
2739	0.005604384632
2740	0.008093613103
2741	0.007951973655
2742	0.000775373801
2743	0.004061191773
2744	0.00260842669
2745	0.006227439964
2746	0.003350907672
2747	0.001706454322
2748	0.005373717891
2749	0.007300929099
2750	0.002354449187
2751	0.001457429223
2752	0.00706727306
2753	0.007235636864
2754	0.002999378364
2755	0.003356790094
2756	0.01145119429
2757	0.002340608559
2758	2.497729335e-05
2759	5.068119893e-05
2760	0.001583235992
2761	0.004450635759
2762	0.0007312800006
2763	0.00442707255
2764	0.004331361392
2765	0.006430363873
2766	0.002533424148
2767	0.004781409574
2768	0.001494063191
2769	0.005750855149
2770	0.0007465704588
2771	0.003482146167
2772	0.01506887386
2773	0.001376094865
2774	0.01135630067
2775	0.004403144322
2776	0.007125979082
2777	0.00570224958
2778	0.003782445303
2779	0.009658803005
2780	0.008492411095
2781	0.008084180206
2782	0.007956040704
2783	0.003663734513
2784	0.001820158664
2785	0.009680137306
2786	0.004139574056
2787	0.0003458442074
2788	0.00340815075
2789	0.00926023088
2790	0.01042086541
2791	0.005352196388
2792	0.002809998424
2793	0.02006334859
2794	0.007505392523
2795	0.001429439167
2796	0.003512165027
2797	0.01461314621
2798	0.003267634788
2799	0.00649343383
2800	0.003623003124
2801	0.004189494616
2802	0.004405045774
2803	0.001368879696
2804	0.000844174598
2805	0.004133661114
2806	0.003134030944
2807	0.01074618623
2808	0.0008823124845
2809	0.005392755583
2810	0.002876470809
2811	0.0009880772165
2812	0.005825487564
2813	0.01436416253
2814	0.003561299123
2815	0.0128206232
2816	0.0008926779807
2817	0.000212905307
2818	0.006863696358
2819	0.004166107968
2820	0.005872367683
2821	0.002075626547
2822	0.01422371429
2823	0.009783027562
2824	0.01094555993
2825	0.0001685705498
2826	0.001460994662
2827	0.0005161807185
2828	0.002178883779
2829	0.007453020592
2830	0.003544050226
2831	0.002296174505
2832	0.005826125969
2833	0.005701884131
2834	0.009187284715
2835	0.001002803116
2836	0.01168686975
2837	0.002214916779
2838	0.008128608578
2839	0.009826945366
2840	0.002939616362
2841	0.001618328045
2842	0.002274392827
2843	0.00278255755
2844	0.004399917664
2845	0.002393755571
2846	0.007233088493
2847	0.009612520278
2848	0.001039588248
2849	0.002239447972
2850	0.002378976664
2851	2.42506812e-05
2852	2.42506812e-05
2853	0.003039836956
2854	0.00647389865
2855	2.606721162e-05
2856	7.084468623e-06
2857	0.001699408484
2858	4.637963868e-05
2859	0.004773585316
2860	0.0005494892401
2861	0.00556188271
2862	0.02113945354
2863	0.003976270275
2864	0.002448790036
2865	2.296267465e-05
2866	0.006129041182
2867	0.005206666515
2868	0.002628665121
2869	0.01367195865
2870	0.003097395823
2871	0.006166324408
2872	0.004851346425
2873	0.003775892573
2874	0.01139092409
2875	1.671207992e-05
2876	3.460490468e-05
2877	0.003017519983
2878	0.002021063297
2879	0.01578721349
2880	0.003996588896
2881	0.01497915007
2882	0.003182403668
2883	0.005700664211
2884	0.005440112773
2885	0.004157722362
2886	0.006875798752
2887	0.007101669358
2888	0.007626290144
2889	0.009682980068
2890	0.01251192297
2891	0.006400088123
2892	0.0008851581588
2893	0.006491311841
2894	0.004909152457
2895	0.0004545891358
2896	0.00659604769
2897	0.01140821974
2898	0.009737410894
2899	0.0002563799048
2900	0.0005036478956
2901	0.006131067066
2902	0.0009101479217
2903	0.002676303651
2904	0.002867909382
2905	0.004083732216
2906	0.006321067458
2907	0.0001081021496
2908	0.003804852772
2909	0.0008418066992
2910	0.005805798786
2911	0.002509052972
2912	0.003374725737
2913	0.01004111751
2914	0.01253036014
2915	0.0007964631369
2916	1.089918254e-06
2917	1.089918254e-06
2918	0.006558352282
2919	0.0009899734006
2920	0.003908164275
2921	0.006250779126
2922	0.002471504737
2923	0.0001973998923
2924	5.449591316e-07
2925	5.449591316e-07
2926	0.001997900957
2927	0.008414160837
2928	5.994550413e-06
2929	5.994550413e-06
2930	0.001848043613
2931	0.005245107406
2932	0.01689924519
2933	0.005658160441
2934	0.01009617861
2935	0.005732364832
2936	0.0005658555741
2937	0.0103013959
2938	8.866035204e-05
2939	0.01220052938
2940	0.002658189122
2941	0.009219986033
2942	0.006486899888
2943	0.00835189814
2944	0.01368532505
2945	0.003030854558
2946	0.0006409313837
2947	0.01738299362
2948	0.01180962006
2949	4.050862847e-05
2950	2.724795637e-05
2951	0.0006694288781
2952	0.004166860508
2953	0.004289827647
2954	0.001718541825
2955	0.002888472408
2956	0.006146988349
2957	0.002727807223
2958	0.0004736599305
2959	0.011471812
2960	0.001640621261
2961	0.006139925449
2962	0.004961768067
2963	0.004197560035
2964	0.00419367244
2965	0.01565975194
2966	0.007863317244
2967	0.00454027505
2968	0.0002111196552
2969	0.007815606206
2970	0.01339228452
2971	0.007856312826
2972	0.00644716992
2973	0.01073400536
2974	0.01367379865
2975	0.005040443109
2976	0.002987173442
2977	0.002288286451
2978	0.001141010629
2979	0.01019165684
2980	0.005367804569
2981	0.005458805724
2982	0.009378734763
2983	0.000313925509
2984	0.01148638222
2985	0.01286728542
2986	0.0007683033113
2987	0.001874007901
2988	0.00460823724
2989	0.0001719260776
2990	0.00885046253
2991	0.01458459467
2992	0.004155923692
2993	0.001927516671
2994	0.002213140879
2995	0.003045544993
2996	0.00247855129
2997	0.01263938781
2998	0.004855985802
2999	0.005219810865
3000	0.009281046079
3001	0.005689679276
3002	0.002448496899
3003	0.0007473035473
3004	0.001451355793
3005	0.005620625219
3006	0.007273059464
3007	0.0005024033563
3008	0.008453078858
3009	0.004654400155
3010	0.0008407309982
3011	0.00520626307
3012	0.0006040899719
3013	0.009319316513
3014	0.003908302761
3015	0.0005405076425
3016	0.01510987303
3017	0.003760316597
3018	0.002306960652
3019	0.003529019714
3020	0.002133269265
3021	0.003368737322
3022	0.009335026941
3023	0.003875423139
3024	0.006126481346
3025	0.003017616066
3026	0.0001461786714
3027	0.004037756177
3028	1.965485922e-05
3029	6.811989082e-06
3030	0.001746728327
3031	0.002809506112
3032	0.003444514593
3033	0.01016005352
3034	0.004072048086
3035	0.006601046701
3036	0.0003615663345
3037	0.005672588877
3038	0.004725088011
3039	0.00330461698
3040	0.001024557773
3041	0.001638001046
3042	0.002718996192
3043	0.01022568164
3044	0.002048630346
3045	0.001045971248
3046	0.009871294882
3047	0.003687143386
3048	0.01217077683
3049	0.009584005083
3050	0.004061667656
3051	0.00320496041
3052	0.006473648612
3053	0.001245539375
3054	0.001927603905
3055	0.001232801778
3056	0.0033727187
3057	0.002902455135
3058	0.0003998998445
3059	0.00786413994
3060	0.004399883877
3061	0.000149191756
3062	0.002839101568
3063	8.810172566e-06
3064	1.226158039e-05
3065	1.907356951e-06
3066	1.907356951e-06
3067	0.01261074047
3068	0.00358818687
3069	0.01163056779
3070	0.008646655099
3071	0.002052131176
3072	0.003648454973
3073	0.002545139683
3074	1.982763225e-05
3075	0.0009648158453
3076	0.002066499214
3077	0.008640310804
3078	0.002552874415
3079	0.004605196572
3080	0.003863340702
3081	0.004050694887
3082	0.01279176285
3083	0.001583260723
3084	0.008925175863
3085	0.004898124807
3086	0.003873055483
3087	0.003035227442
3088	0.00237517393
3089	0.0007934724328
3090	0.01816467174
3091	0.01156040607
3092	0.003159580865
3093	0.003053677804
3094	0.006206224675
3095	0.004540654519
3096	0.00212901025
3097	9.536784743e-06
3098	9.536784743e-06
3099	0.002655212564
3100	0.00370009353
3101	0.007030961597
3102	0.001573091807
3103	0.003312232701
3104	0.001214706132
3105	0.003596243645
3106	0.01803329215
3107	0.0004676229178
3108	0.0004352987014
3109	0.005278227987
3110	0.003617682998
3111	2.864725351e-05
3112	0.0007150350228
3113	0.006453584938
3114	0.001432667531
3115	0.001809425613
3116	0.01674070511
3117	0.003209742955
3118	0.005357429508
3119	0.0006317962752
3120	0.005278793644
3121	0.009204016617
3122	0.005238824068
3123	0.003355987834
3124	0.001102792749
3125	0.002860450545
3126	0.002119114882
3127	1.180744751e-06
3128	0.005669611196
3129	0.002176221867
3130	0.00394731704
3131	0.003572521699
3132	0.00340304063
3133	0.003381077638
3134	0.007172755519
3135	3.722904393e-06
3136	6.817931147e-06
3137	0.004450281979
3138	0.00751143976
3139	0.003664153128
3140	8.174386918e-06
3141	8.174386918e-06
3142	0.0003775707374
3143	0.01284254392
3144	0.009180689777
3145	0.009973108539
3146	0.002839705086
3147	0.001233450903
3148	0.0004544029613
3149	0.003474135335
3150	0.004401924134
3151	0.001126477415
3152	0.003183830243
3153	0.000580225367
3154	0.002243651055
3155	0.01312577671
3156	0.008025444309
3157	0.00454848348
3158	0.001316084769
3159	0.0002217530782
3160	0.003710351155
3161	5.068039189e-05
3162	3.557907556e-05
3163	0.00367962091
3164	0.005336887338
3165	0.005699836101
3166	0.006719200987
3167	0.002279199852
3168	1.634877387e-06
3169	1.634877387e-06
3170	0.002966889143
3171	0.001208616302
3172	4.506005948e-05
3173	0.004518032659
3174	0.01429097943
3175	0.005333187903
3176	0.007706688697
3177	5.449591284e-07
3178	5.449591284e-07
3179	0.004085867802
3180	0.004995107914
3181	0.01386007214
3182	0.001257574449
3183	0.0004617651456
3184	0.004327643109
3185	0.002834262922
3186	0.000528619196
3187	0.001160643893
3188	0.01116130069
3189	0.004971481361
3190	0.001213665087
3191	0.0007569326801
3192	0.001958219345
3193	0.002957010981
3194	0.001447172393
3195	0.006328426399
3196	0.005103388059
3197	0.007464017523
3198	0.003972982586
3199	0.001430078534
3200	0.004234676874
3201	0.003290480515
3202	0.01576364645
3203	0.0003478891748
3204	0.002868469756
3205	0.004853555563
3206	0.003693169604
3207	0.01106166619
3208	0.005890098524
3209	0.004819815203
3210	0.01511088102
3211	0.007810647275
3212	0.0009530738298
3213	0.003224155857
3214	0.005072743742
3215	0.0002958212008
3216	0.001864988908
3217	0.002411961165
3218	0.003521249561
3219	1.545532276e-05
3220	0.00333341717
3221	0.01001731308
3222	2.670299728e-05
3223	2.670299728e-05
3224	0.001658816385
3225	5.46143447e-05
3226	0.00417436446
3227	0.002112060031
3228	0.004532091289
3229	3.542234284e-06
3230	3.542234284e-06
3231	8.101725703e-06
3232	0.002019423846
3233	0.008148609397
3234	0.007212471368
3235	0.01233015642
3236	0.0009306454577
3237	0.01905093926
3238	0.01012563322
3239	0.00407256297
3240	0.005139114497
3241	0.01077576943
3242	0.002160023111
3243	0.0006161129115
3244	0.000236742303
3245	0.0002304714385
3246	0.000196423728
3247	0.0005071776088
3248	0.003196105417
3249	0.002911245421
3250	0.0001873025501
3251	0.004597731658
3252	0.001318580461
3253	0.002776936246
3254	0.0008938848297
3255	0.0004299365591
3256	0.005945908877
3257	1.089918216e-06
3258	1.089918216e-06
3259	0.009360691051
3260	1.771117166e-05
3261	1.771117166e-05
3262	0.001170652663
3263	0.003185063936
3264	0.0022499699
3265	0.008296278509
3266	0.003424953797
3267	3.724722166e-06
3268	0.002439405258
3269	0.001180374883
3270	2.207084468e-05
3271	2.207084468e-05
3272	0.000402909488
3273	0.00394783808
3274	0.002783664032
3275	0.01113013343
3276	0.007269385774
3277	0.002787384458
3278	0.01042639882
3279	0.0006034699267
3280	0.0007833448613
3281	0.002926912724
3282	0.01121257312
3283	0.004570906962
3284	0.0007094751798
3285	0.002485062967
3286	0.002524150354
3287	0.01152865134
3288	0.005125243919
3289	0.0001231350921
3290	0.006158832732
3291	0.005337471997
3292	0.005114702309
3293	0.00460796491
3294	0.007997205117
3295	0.002973729787
3296	0.005456729941
3297	0.002620434071
3298	0.006058240408
3299	0.0104025905
3300	0.004455989965
3301	0.002667718647
3302	0.003994946386
3303	0.00203776906
3304	0.007616182239
3305	0.002341229709
3306	0.002630545037
3307	0.001055862331
3308	0.001582411963
3309	0.002892070788
3310	0.001063785156
3311	0.001035063145
3312	0.00485469326
3313	5.628776219e-05
3314	0.008595799025
3315	0.009930681622
3316	0.003521188669
3317	0.007798876789
3318	0.004290044278
3319	0.0003693975396
3320	0.001277998597
3321	0.0002758718095
3322	0.005314398908
3323	0.004521451051
3324	0.006399492998
3325	0.00331423395
3326	0.001402434582
3327	0.006091135971
3328	0.0007986655261
3329	0.001029312031
3330	0.004616460261
3331	0.0008159586093
3332	0.003296463439
3333	0.000168299947
3334	0.0005316444187
3335	0.003539344553
3336	0.00224431857
3337	0.0005001626301
3338	0.02070470924
3339	0.004381509934
3340	0.001839301033
3341	0.003614568521
3342	0.01174775204
3343	0.002296345006
3344	0.003188081836
3345	0.008419683576
3346	0.003878825384
3347	0.001289437479
3348	0.003451075369
3349	0.001442911585
3350	0.002480711343
3351	0.003230861384
3352	0.004417317261
3353	0.001842408726
3354	0.003611803989
3355	0.005657734256
3356	0.00238222703
3357	4.904632116e-06
3358	4.904632116e-06
3359	0
3360	0.0003671088145
3361	0.007804698741
3362	0.004691446007
3363	0.001280128669
3364	0.004758882636
3365	0.005629675247
3366	0.004721189209
3367	0.00929110883
3368	0.003642366242
3369	0.006786261329
3370	0.00450375298
3371	0.02087134258
3372	0.002221062212
3373	0.001733845026
3374	0.0004431757855
3375	0.008920382685
3376	0.002385510287
3377	0.003969529979
3378	0.0003145660821
3379	0.0006621461075
3380	0.0001583798589
3381	0.007330922706
3382	0.003417753843
3383	0.009691010759
3384	0.003838765449
3385	0.01358900787
3386	0.01478463874
3387	2.452316072e-06
3388	2.452316072e-06
3389	0.005147360228
3390	0.01203597659
3391	0.002610302478
3392	0.01119399267
3393	0.00157435238
3394	0.003702143536
3395	6.277585834e-07
3396	0.01003171825
3397	3.996366936e-06
3398	2.016348772e-05
3399	0.007059254375
3400	0.001624392174
3401	0.00300978567
3402	0.01069300453
3403	0.00708784534
3404	0.002228450732
3405	0.005117291448
3406	0.001075223302
3407	0.004770611693
3408	0.007912794539
3409	0.004890109578
3410	0.005133381115
3411	0.01789145633
3412	0.007383235403
3413	0.0005182668275
3414	0.0001745043663
3415	0.01391226077
3416	0.01017352494
3417	0.00660696994
3418	0.002389564642
3419	0.004204727224
3420	0.002889767255
3421	0.004606192765
3422	0.01337649475
3423	0.005015280524
3424	0.0004417315415
3425	0.00563117614
3426	0.009173249269
3427	0.002723041283
3428	0.003448240674
3429	0.006908927972
3430	0.004568084816
3431	0.001741590705
3432	0.006775488019
3433	0.0007764409403
3434	0.0004359267287
3435	0.00593296687
3436	0.003014882383
3437	0.002873401492
3438	0.0009129394401
3439	0.007266040357
3440	0.003718504257
3441	0.01515665759
3442	0.001986777901
3443	0.002107040449
3444	0.0002155898223
3445	0.0037607872
3446	0.006042747193
3447	0.01095314256
3448	0.009014270391
3449	0.0003978185164
3450	0.01339667045
3451	0.0008480395606
3452	0.002630999991
3453	0.002925406254
3454	0.00182217445
3455	0.001288330522
3456	0.00446852553
3457	0.01212266575
3458	0.009755132711
3459	0.004343662197
3460	0.004840001869
3461	0.002973733256
3462	0.002643463535
3463	0.001247949763
3464	0.006625542027
3465	0.0002340924093
3466	0.003281256543
3467	0.007182008731
3468	0.002150752016
3469	0.0008066705665
3470	0.009290321799
3471	0.002324689902
3472	0.002527844706
3473	0.007461450882
3474	6.811989101e-06
3475	6.811989101e-06
3476	2.052941213e-05
3477	0.0007582813731
3478	0.001431238468
3479	0.002725519142
3480	0.006669778221
3481	0.001957775467
3482	0.00024046466
3483	0.008085793565
3484	0.002615512978
3485	0.003537012737
3486	0.001820763049
3487	1.498637599e-05
3488	1.498637599e-05
3489	0.002403782741
3490	1.571298819e-05
3491	1.880109566e-14
3492	0.005666829728
3493	0.006855915258
3494	0.003823058696
3495	0.001915587399
3496	0.004019917916
3497	0.005203177015
3498	0.00150115853
3499	0.004777532911
3500	0.01892408633
3501	0.006069847981
3502	2.303233059e-05
3503	0.002203750338
3504	0.01107516484
3505	2.452316076e-06
3506	2.452316076e-06
3507	0.00174460647
3508	0.006395944487
3509	0.004720733665
3510	0.01619250619
3511	0.0006567382379
3512	0.003495079911
3513	0.0001376083333
3514	0.002103435588
3515	0.0002150608303
3516	0.0005239290143
3517	0.002845725134
3518	0.0004106127684
3519	6.676844204e-05
3520	0.001516745429
3521	0.0008988713422
3522	0.003481574555
3523	0.004703391634
3524	0.005497618013
3525	0.006771304724
3526	0.01825116516
3527	0.008519892582
3528	0.003557807625
3529	0.004026566581
3530	0.001251726961
3531	0.00491871936
3532	0.0003712566282
3533	0.003985192768
3534	0.005713718573
3535	0.00219199169
3536	0.004309893574
3537	3.515230648e-05
3538	0.01700208126
3539	0.002208707102
3540	0.003967033787
3541	0.001127113102
3542	0.005484476838
3543	0.002709405591
3544	5.262489553e-05
3545	0.003698509844
3546	0.003195350907
3547	0.01654943091
3548	0.00161637178
3549	0.001602955274
3550	0.002863651482
3551	0.006568957877
3552	0.01446615888
3553	0.002411765151
3554	0.006097521806
3555	0.008629162189
3556	0.00144844133
3557	0.01346186036
3558	0.003325417125
3559	0.005326796355
3560	0.009798599308
3561	0.006511361295
3562	0.0009305861605
3563	0.003352811688
3564	0.002815228099
3565	0.002272820448
3566	0.0004598339191
3567	0.003169406722
3568	0.001920269328
3569	0.008615422019
3570	0.01450926632
3571	0.006679415366
3572	0.0004631934489
3573	0.01326004385
3574	2.098092643e-05
3575	2.098092643e-05
3576	0.001402413054
3577	0.003088082335
3578	0.002034139444
3579	0.0004357764401
3580	0.002980855778
3581	0.004739348338
3582	0.0003474417837
3583	0.01178734789
3584	0.003660704941
3585	0.003901388708
3586	0.001626884257
3587	0.01601810623
3588	0.002085019363
3589	0.001998083454
3590	0.000465378051
3591	0.007739665122
3592	0.0006930677142
3593	0.005360613499
3594	0.003411699816
3595	0.002858814459
3596	0.0043630552
3597	0.001418905514
3598	0.003878006436
3599	0.001958207935
3600	0.0009550652574
3601	0.002332940942
3602	0.006021270074
3603	1.781657593e-06
3604	0.00239083522
3605	1.634877384e-05
3606	1.634877384e-05
3607	0.005778595026
3608	9.188835716e-05
3609	0.007830898433
3610	0.01816011948
3611	0.003651713135
3612	0.005007438718
3613	0.01464533384
3614	0.003377328828
3615	0.01234548393
3616	1.926151324e-06
3617	0.0001051220865
3618	0.0006463145116
3619	0.001469384325
3620	0.01213515049
3621	0.002405822886
3622	0.002779113316
3623	0.0145629026
3624	0.001319440897
3625	0.003037037636
3626	0.004842436437
3627	5.977411767e-05
3628	0.004543730349
3629	0.006384763538
3630	0.001983411852
3631	0.002621961048
3632	0.0172612873
3633	0.006107599464
3634	0.006866721692
3635	0.007254956017
3636	0.008606728924
3637	0.0015965692
3638	0.0001805019314
3639	0.001445085537
3640	0.01628108608
3641	0.000749580969
3642	0.001445041211
3643	0.005015048078
3644	0.001082175375
3645	0.001172730943
3646	0.0008012370001
3647	0.008814928181
3648	0.00135416037
3649	0.009333211191
3650	0.003661829447
3651	0.00501426284
3652	0.005253592812
3653	4.268846498e-06
3654	0.00714813506
3655	6.619972175e-05
3656	0.009167233683
3657	0.006337328826
3658	0.003330930289
3659	1.362397816e-06
3660	1.362397816e-06
3661	0.002690474746
3662	0.01146444068
3663	0.00521877317
3664	0.006318394257
3665	0.002772134791
3666	0.002306493018
3667	0.002083292488
3668	3.589777978e-06
3669	0.00197128697
3670	8.174386921e-06
3671	0.003960866757
3672	0.008730316469
3673	0.000282232401
3674	0.003463623521
3675	0.001239755205
3676	0.0016498902
3677	0.009438489216
3678	0.002082255936
3679	0.01032709828
3680	0.002575345912
3681	0.002149083561
3682	0.009261330266
3683	0.004780908791
3684	3.32362158e-05
3685	0.001919912495
3686	0.0004651795459
3687	0.003040708022
3688	0.004036601739
3689	0.006632582015
3690	1.782579205e-05
3691	0.001275539774
3692	0.004265682296
3693	0.004322481913
3694	0.002476779579
3695	0.004378843048
3696	0.008699401112
3697	0.007460623845
3698	0.001189266228
3699	0.001722430936
3700	0.006341689574
3701	0.007493263319
3702	0.003894374956
3703	0.0004955067125
3704	0.01038566462
3705	0.003632150469
3706	0.003291282578
3707	0.004559358148
3708	0.0005301020383
3709	0.001943189138
3710	0.01134822134
3711	0.0008483185403
3712	0.006624683579
3713	0.005105489343
3714	0.01137708065
3715	0.004338825369
3716	0.004339504516
3717	0.006493903428
3718	0.001989041
3719	0.0001518462069
3720	0.001427948626
3721	0.004543278762
3722	0.001694229504
3723	0.01184689614
3724	0.006590768955
3725	0.0006934143614
3726	1.74386921e-05
3727	1.74386921e-05
3728	4.632152592e-06
3729	4.632152592e-06
3730	0.002765685697
3731	0.001499051691
3732	0.0009417888279
3733	0.0006177917203
3734	0.0012860446
3735	0.00658862667
3736	0.00399689673
3737	0.008934032337
3738	0.003921784116
3739	3.320704118e-05
3740	0.005922635005
3741	0.0004308137045
3742	0.006951735552
3743	0.003363934164
3744	0.004883689297
3745	0.006807128584
3746	0.01206233046
3747	0.002356503748
3748	2.452316115e-06
3749	2.452316115e-06
3750	0.004167584974
3751	8.015490417e-06
3752	0.002830891768
3753	0.004895825877
3754	0.004011925647
3755	0.004345101455
3756	0.002718130416
3757	0.001831031037
3758	0.008754276395
3759	0.004940851473
3760	0.009862028409
3761	0.006089668018
3762	0.007513494604
3763	0.005124053807
3764	0.008625644456
3765	0.01091842495
3766	0.00355194241
3767	0.0003779406001
3768	0.005872216238
3769	0.005792061219
3770	1.062670299e-05
3771	1.062670299e-05
3772	0.002096776621
3773	0.01522170419
3774	0.000924722947
3775	0.0005965403275
3776	2.317590069e-05
3777	2.234332425e-05
3778	2.234332425e-05
3779	0.00295924752
3780	0.003113084402
3781	0.002422461678
3782	0.0007270749158
3783	0.00485996091
3784	0.002057249962
3785	0.001184956543
3786	0.003797666325
3787	0.004940047395
3788	1.362397821e-05
3789	1.362397821e-05
3790	0.002899600232
3791	0.01073477131
3792	0.009793949925
3793	0.0006521635464
3794	0.001373543593
3795	0.01297920777
3796	0.005826918898
3797	0.008112368614
3798	0.00183074971
3799	0.002431176731
3800	0.003016174448
3801	0.002641244621
3802	0.0005228669952
3803	3.212591156e-05
3804	0.0005152034942
3805	2.249902642e-06
3806	0.003330745099
3807	0.00296814025
3808	0.0003752531943
3809	0.003808468914
3810	0.003320486223
3811	0.008353790034
3812	0.003196708693
3813	0.007586408876
3814	0.01085684787
3815	0.003118097475
3816	4.078110808e-05
3817	8.0835604e-06
3818	0.003450999759
3819	0.00416213788
3820	0.008803246737
3821	0.004421137746
3822	0.01128608989
3823	0.01066289202
3824	0.0005849612227
3825	0.001729446533
3826	0.0006235166023
3827	0.00955653113
3828	0.001777053448
3829	0.0007735097658
3830	0.004693375438
3831	0.004552115388
3832	0.005696032625
3833	0.002093608088
3834	0.002600270682
3835	0.0001832391444
3836	0.005857534361
3837	8.446866516e-06
3838	8.446866516e-06
3839	0.001042430324
3840	0.001507497161
3841	0.004507094287
3842	0.01539658377
3843	0.00868716486
3844	0.004627839742
3845	0.007498020851
3846	0.01533600668
3847	0.001085471682
3848	0.009581283406
3849	0.0003729905861
3850	0.003597939083
3851	0.001286254365
3852	0.0001406232592
3853	0.006730517727
3854	0.002714347892
3855	0.001700409539
3856	0.006886813738
3857	0.0022606567
3858	0.006854647919
3859	0.006631376562
3860	0.005035368426
3861	0.003907593179
3862	0.006122785422
3863	0.00469966046
3864	0.002412449531
3865	0.0006201052391
3866	0.001634851966
3867	0.0002686158972
3868	0.002490306133
3869	0.006345635603
3870	0.009025756894
3871	0.003178644858
3872	0.001725418713
3873	0.000123829482
3874	0.002901974103
3875	0.002359196828
3876	0.0043546939
3877	0.002462175305
3878	0.005075389269
3879	0.003583800636
3880	1.239219757e-05
3881	0.004630890691
3882	7.629569759e-05
3883	0.002968571637
3884	0.00303175937
3885	0.004350341153
3886	0.01027523665
3887	0.008652446677
3888	0.001170455366
3889	1.013256343e-05
3890	0.0002452778926
3891	0.002720331573
3892	0.005469780084
3893	0.001006399035
3894	0.01137727584
3895	0.004271924786
3896	0.01083016964
3897	0.002629937687
3898	3.941871026e-05
3899	4.46866485e-05
3900	0.004522486816
3901	0.01705922499
3902	0.001868711047
3903	0.003034346074
3904	0.008634505769
3905	0.005003394809
3906	0.003679556332
3907	0.01089478622
3908	0.006738651318
3909	0.00744694823
3910	0.001255582481
3911	1.498637602e-05
3912	1.498637602e-05
3913	0.0003188570678
3914	0.01086641939
3915	3.988888252e-06
3916	0.01267107026
3917	0.0001605754342
3918	0.00235520865
3919	0.009338786367
3920	0.003830849699
3921	0.003604278744
3922	0.005115603969
3923	0.01008100757
3924	0.0003521901958
3925	2.453730664e-05
3926	0.009042004859
3927	0.007730124924
3928	1.707429763e-06
3929	0.008531109193
3930	0.001944286604
3931	0.003216129414
3932	0.000174582015
3933	0.00187891748
3934	0.003021024443
3935	6.921592188e-05
3936	0.004267785932
3937	0.002766993582
3938	0.01307261857
3939	0.01128005363
3940	1.580074786e-05
3941	0.00436620965
3942	0.002343743429
3943	0.002707841137
3944	0.006405485997
3945	0.01071900969
3946	0.004103565363
3947	0.003180734241
3948	0.007020216845
3949	0.001133617647
3950	0.002379054153
3951	0.001186843687
3952	0.001713837292
3953	0.0004178580254
3954	0.01604027552
3955	0.004196308376
3956	0.003623345116
3957	5.110626691e-05
3958	0.0002641046356
3959	0.003659489692
3960	0.00610553088
3961	0.001941351745
3962	0.003889302594
3963	0.002536705922
3964	0.002208847532
3965	2.72479564e-07
3966	1.307904251e-14
3967	0.004646753073
3968	0.0003373492518
3969	0.00332870904
3970	0.005234308552
3971	0.003304360457
3972	0.003797345524
3973	0.0006324922932
3974	0.001439949118
3975	0.00256604128
3976	0.001125983098
3977	8.446866516e-06
3978	8.446866516e-06
3979	0.006085408575
3980	0.003640588072
3981	4.33307385e-06
3982	1.531789284e-05
3983	0.003731469472
3984	0.006901490886
3985	0.0004950025718
3986	0.0008027142933
3987	0.001934880118
3988	9.860955033e-05
3989	0.004291358178
3990	0.0005447733469
3991	0.001062309187
3992	0.002776262757
3993	0.002357056919
3994	0.000487391574
3995	0.002305575399
3996	0.0004535716606
3997	0.001808722251
3998	0.01664945698
3999	0.003688816746
4000	0.001852476447
4001	0.0003417631228
4002	0.0002350770642
4003	0.005311060828
4004	0.006258488464
4005	0.01266846973
4006	0.007963582216
4007	0.003302781612
4008	0.003603164646
4009	0.004032183343
4010	0.007562560902
4011	0.0082766186
4012	0.002122301047
4013	0.0007798240403
4014	0.003039173318
4015	1.144414169e-05
4016	1.907356985e-06
4017	0.01255594664
4018	0.005680919365
4019	0.00658637118
4020	0.01163176029
4021	0.006172935304
4022	0.00476224135
4023	0.000593076449
4024	0.002367154809
4025	0.003498066554
4026	4.072661219e-05
4027	3.542234337e-05
4028	0.001302571915
4029	0.002568040463
4030	0.005064077528
4031	0.001616746974
4032	0.003403715269
4033	0.000720139915
4034	0.009506049916
4035	0.009426556136
4036	0.0004002111769
4037	0.003387795837
4038	0.0001379019136
4039	0.00578744155
4040	0.0007437281743
4041	0.004408961909
4042	0.002619096208
4043	0.006518823714
4044	0.01181889979
4045	0.0001040627639
4046	0.007720607003
4047	0.001126743106
4048	0.003403126839
4049	4.29609446e-05
4050	3.324250681e-05
4051	0.0002613127857
4052	0.006786383662
4053	0.00295212048
4054	0.003103181849
4055	0.007434631724
4056	0.0002955455559
4057	0.008571748844
4058	0.006702448269
4059	0.001661680944
4060	0.0004433469294
4061	0.007126122618
4062	0.003786614359
4063	0.004339544985
4064	0.008694440026
4065	0.00510633233
4066	0.0003050413153
4067	0.004723925374
4068	0.006688029726
4069	0.0002938410381
4070	0.0009743702133
4071	0.0005282619821
4072	0.003032001569
4073	0.0003083965257
4074	0.005871314888
4075	0.01740558374
4076	0.00399692337
4077	0.001776280032
4078	0.005816843008
4079	0.005906669718
4080	0.009512964855
4081	0.01211425772
4082	8.17438691e-07
4083	8.17438691e-07
4084	0.003351417591
4085	0.006335164746
4086	0.003774603736
4087	0.007602219997
4088	0.0013962792
4089	0.002743689553
4090	0.005519593016
4091	0.009463014416
4092	0.002542801718
4093	0.004479250063
4094	0.01009565938
4095	0.002276218135
4096	0.005142061035
4097	0.001759480974
4098	0.003099115596
4099	0.001584732165
4100	0.009159168983
4101	1.326067215e-05
4102	1.307901912e-05
4103	0.002121915079
4104	0.001790284805
4105	7.62942779e-06
4106	9.536784737e-06
4107	0.00427920832
4108	0.002777368248
4109	0.0005245492711
4110	0.009696792307
4111	0.003474383204
4112	0.01150836518
4113	0.003907333738
4114	0.003800837546
4115	0.003373563955
4116	0.007389272716
4117	0.004022399148
4118	0.004837293665
4119	0.001996657789
4120	0.01366077713
4121	1.113533152e-05
4122	5.87452745e-05
4123	0.001334437176
4124	0.003798098231
4125	0.005427654682
4126	0.001207401858
4127	0.002116946931
4128	0.003953840323
4129	0.002004711453
4130	0.001847205192
4131	0.003685431127
4132	0.002096393357
4133	0.0009873747954
4134	0.004833541571
4135	0.00640375671
4136	0.002314295983
4137	0.009576560173
4138	0.003463088409
4139	0.001949712519
4140	0.007937969182
4141	0.001361956587
4142	0.001856419781
4143	0.008933131303
4144	0.003456546676
4145	0.007006883914
4146	0.004640029488
4147	0.004525160307
4148	0.01208168702
4149	0.001291921827
4150	0.002895323289
4151	5.860347651e-05
4152	0.003416293944
4153	0.003559097614
4154	0.00122856429
4155	0.007910153978
4156	0.00174698949
4157	0.003849883398
4158	0.007074280675
4159	0.0005331674219
4160	0.0144569648
4161	0.007347488355
4162	0.00197968287
4163	0.005150004298
4164	0.007016737818
4165	1.335149859e-05
4166	1.335149859e-05
4167	0.001386943719
4168	0.01119825676
4169	0.006917297885
4170	0.01230021914
4171	0.006400642664
4172	0.008642753328
4173	0.003166342396
4174	1.435059037e-05
4175	1.089918256e-05
4176	1.28428701e-05
4177	3.351498633e-05
4178	0.009312786918
4179	0.00176006477
4180	0.01406284199
4181	0.0001891316906
4182	0.0005864137904
4183	0.003652236937
4184	0.00027990862
4185	1.346989404e-05
4186	0.00156800139
4187	1.567649571e-05
4188	0.002014612461
4189	0.005870504911
4190	0.001106663284
4191	6.267029971e-06
4192	6.267029971e-06
4193	0.0128396349
4194	0.003352974026
4195	0.001158836556
4196	0.005682843489
4197	0.003580742357
4198	0.007750854454
4199	0.003143031003
4200	0.003341464489
4201	0.001935488044
4202	0.01669513405
4203	0.00774217025
4204	0.0004428641471
4205	0.00490666325
4206	0.005469787948
4207	0.002655899581
4208	0.004933086512
4209	0.0007629189781
4210	0.0007240485433
4211	0.003454825228
4212	0.01213795203
4213	0.0007891675936
4214	0.006281781835
4215	0.009266088436
4216	0.009645655323
4217	0.001380536745
4218	0.0003234696369
4219	0.002148962939
4220	0.00571375645
4221	0.007262571395
4222	0.0100808723
4223	0.003506888237
4224	0.001797296457
4225	0.009580240178
4226	0.008509835267
4227	0.001227593008
4228	0.00157865571
4229	0.002888669899
4230	0.009117427041
4231	0.006291987484
4232	0.003114492064
4233	0.003580674669
4234	5.774597226e-07
4235	0.00182856805
4236	0.002338252445
4237	0.003667699801
4238	0.008274512735
4239	0.01099592053
4240	0.00488084621
4241	0.006220746863
4242	0.01013640147
4243	2.165194172e-05
4244	0.0006015010343
4245	0.0072395904
4246	0.008585906425
4247	0.002843918479
4248	0.007930051543
4249	0.00536448142
4250	0.005180245035
4251	0.0007110424457
4252	0.01816576367
4253	0.002792049518
4254	0.0007715019798
4255	1.498637602e-05
4256	2.070844682e-05
4257	0.002552080517
4258	0.00503929271
4259	0.003711331566
4260	0.004056414308
4261	0.001711309349
4262	0.001095543167
4263	0.003896656193
4264	0.002203822733
4265	0.002088111266
4266	0.009761231959
4267	0.006941462905
4268	0.006021539725
4269	0.002938489893
4270	0.003215761719
4271	0.003288392347
4272	0.007489362084
4273	0.01409921368
4274	0.007084101633
4275	0.00357246278
4276	3.677868393e-05
4277	0.002538798918
4278	0.007581763724
4279	5.852608575e-06
4280	0.007669224028
4281	0.0163534923
4282	0.003515283656
4283	0.00355435317
4284	0.004876694955
4285	0.001195578356
4286	0.001551738989
4287	0.01683474408
4288	0.004900665913
4289	1.089918252e-06
4290	1.362397771e-06
4291	0.001794943442
4292	0.005162399925
4293	0.001661748794
4294	0.0004960557072
4295	0.003249981289
4296	0.003682354328
4297	0.007670698844
4298	0.004995934795
4299	7.861675107e-06
4300	0.01175398616
4301	0.004122245963
4302	0.0006083056291
4303	0.004030255033
4304	0.006041110562
4305	0.01196951756
4306	0.001183831783
4307	0.0009285890488
4308	0.01633169458
4309	0.004147771311
4310	0.004752211179
4311	0.0001184583303
4312	0.01295803648
4313	0.009746187125
4314	7.437394582e-06
4315	0.008556873983
4316	0.003077140543
4317	0.0183482019
4318	0.004952341867
4319	0.001672358873
4320	0.0007183621681
4321	0.001985703415
4322	0.01277282034
4323	0.0031945732
4324	0.004914875996
4325	0.003929131886
4326	0.002582008632
4327	0.005911364263
4328	0.004517117699
4329	0.004265941524
4330	0.003629957772
4331	0.0001574948784
4332	0.007612701989
4333	0.00343090074
4334	0.004540055803
4335	0.001078334294
4336	0.004431530171
4337	0.0009579541842
4338	0.007779806428
4339	0.009367516412
4340	7.434342153e-07
4341	0.00789833503
4342	0.002575246711
4343	0.001415252359
4344	0.002900327101
4345	0.01058687466
4346	0.001931074794
4347	1.872151832e-05
4348	0.01053296138
4349	0.004229986644
4350	0.001038520864
4351	0.004281912239
4352	0.00404111662
4353	0.0002770761395
4354	0.003707455255
4355	0.002171087136
4356	0.002140419633
4357	2.067802274e-05
4358	0.004726607257
4359	0.003034936686
4360	0.003633010528
4361	0.0005981591558
4362	0.01030788546
4363	0.005949595234
4364	0.0008067384924
4365	0.01522737688
4366	0.01110153076
4367	0.01016023808
4368	0.003209449124
4369	8.174386898e-07
4370	8.174386898e-07
4371	3.468016089e-05
4372	2.997275208e-05
4373	6.975476888e-06
4374	0.006270467812
4375	0.0009008454978
4376	0.004678128263
4377	0.0001785200932
4378	0.002714432684
4379	0.002712049541
4380	1.896981708e-06
4381	0.001906034149
4382	0.006232531826
4383	0.01325574964
4384	0.006216953712
4385	0.00137911702
4386	0.0002025400585
4387	0.00655071813
4388	0.003855235276
4389	0.001796191322
4390	0.01109815938
4391	0.006538896426
4392	0.002103840737
4393	0.001414323358
4394	0.004706419681
4395	0.004647616012
4396	0.01098619359
4397	0.007624001769
4398	0.005588316239
4399	0.002397294429
4400	0.001734917661
4401	0.01235017555
4402	9.482610931e-06
4403	2.406718997e-05
4404	0.002591960314
4405	0.002765500714
4406	0.005177976022
4407	0.002939427271
4408	0.0007863650647
4409	0.004581165125
4410	0.004581629126
4411	0.008446281639
4412	0.002050822787
4413	0.001571899915
4414	0.003902534423
4415	0.004193678062
4416	0.00146592987
4417	0.0007915776395
4418	0.006255038574
4419	0.01378047468
4420	0.004164837304
4421	2.271417955e-05
4422	0.005323846607
4423	0.0002147412113
4424	0.004079113157
4425	0.005850961334
4426	0.006543035596
4427	0.00557908453
4428	0.003259392317
4429	0.003873432842
4430	0.006541428783
4431	0.002217437154
4432	0.001662111353
4433	0.01533250864
4434	0.0110420005
4435	6.72116258e-06
4436	1.213341273e-05
4437	0.0008853215722
4438	0.01158998525
4439	0.002132637854
4440	0.003727677328
4441	0.0004452454453
4442	0.009843890133
4443	0.0054677601
4444	1.155313351e-05
4445	0.005647733269
4446	0.004794140583
4447	0.004692578311
4448	0.002770201381
4449	0.0108516679
4450	0.002893668518
4451	8.834445651e-06
4452	0.008581030094
4453	0.006189875596
4454	5.44959128e-06
4455	5.44959128e-06
4456	0.001353280886
4457	0.002307069226
4458	0.0007537315433
4459	0.0001251554357
4460	0.0009632523095
4461	0.0006256759244
4462	0.01824148869
4463	0.003371251801
4464	0.0005989772901
4465	0.003077895197
4466	0.003400553388
4467	0.004628405216
4468	0.0009741394733
4469	0.0009078318085
4470	0.005409849986
4471	0.02260289206
4472	0.008829122557
4473	0.0042058336
4474	0.006787666244
4475	0.001150590076
4476	0.0001798152222
4477	0.006439322221
4478	0.01399923384
4479	0.003441733008
4480	0.0064381214
4481	0.009586617057
4482	0.008843031823
4483	5.449591278e-06
4484	5.449591278e-06
4485	0.0005665582478
4486	6.412965595e-05
4487	0.001049300997
4488	0.006083366856
4489	0.001080224468
4490	0.009213221586
4491	0.00471784985
4492	0.002669450717
4493	0.009105585251
4494	0.00297431306
4495	0.009858066789
4496	0.00421381564
4497	0.001648572405
4498	0.00358745407
4499	0.008554177555
4500	0.001863772167
4501	0.004683226936
4502	0.005251695759
4503	0.0007149775828
4504	0.005158198576
4505	2.724795637e-06
4506	2.724795637e-06
4507	0.006921614986
4508	0.002629762137
4509	0.002474956994
4510	0.004037438752
4511	0.003307019018
4512	0.008874202644
4513	0.01111456134
4514	0.000502665477
4515	0.004322213143
4516	2.942779291e-05
4517	0.007278140678
4518	0.00674664206
4519	0.01680315417
4520	0.006843722705
4521	0.007901136607
4522	0.003232219961
4523	0.01182374668
4524	0.001232456383
4525	0.0008173893463
4526	0.01600778016
4527	0.01106403727
4528	0.002284607945
4529	0.003392620384
4530	0.01282659357
4531	0.001220950716
4532	0.01048309447
4533	0.01183034677
4534	0.007593036247
4535	0.001222540477
4536	2.04541326e-05
4537	0.01192528882
4538	0.005054427933
4539	0.001713445251
4540	0.0002588769632
4541	0.002767016893
4542	0.0008467365562
4543	0.008138352055
4544	0.001920083714
4545	1.336296611e-05
4546	0.003539064561
4547	0.002660315578
4548	0.00557401296
4549	5.948639593e-05
4550	0.003437499766
4551	0.002335200832
4552	0.01003110636
4553	0.01346858019
4554	0.004241364808
4555	0.004352714475
4556	0.001126427799
4557	0.00169653434
4558	0.006341288375
4559	0.00891419695
4560	0.0009902593318
4561	2.532206886e-05
4562	0.002128039702
4563	1.089918253e-06
4564	1.089918253e-06
4565	0.0001304793439
4566	0.005362814024
4567	0.001676191199
4568	0.001682510963
4569	0.006907034918
4570	0.001627112435
4571	0.005272203686
4572	0.01012230923
4573	0.009219533577
4574	0.001067486454
4575	0.0004320140217
4576	0.01161728952
4577	0.006204065032
4578	0.002139759964
4579	0.002673314078
4580	0.006571780671
4581	0.005139766714
4582	0.00102700149
4583	0.003853852127
4584	0.0032803848
4585	0.002257315237
4586	0.001197786447
4587	0.01070017141
4588	1.217075386e-05
4589	4.619349709e-05
4590	0.007411316444
4591	0.003542481934
4592	0.004072352675
4593	0.0002543951699
4594	0.001984760772
4595	0.006137623274
4596	0.00117322488
4597	0.001775441222
4598	0.006027383686
4599	0.001379628441
4600	0.01118312481
4601	0.002940277345
4602	3.520282896e-06
4603	0.003870783699
4604	2.45403401e-05
4605	0.0005020551259
4606	0.002317622567
4607	0.008483241226
4608	0.003636301168
4609	0.003690167524
4610	0.004313914077
4611	0.0009585647288
4612	0.01064612739
4613	0.001991691277
4614	0.004189926396
4615	0.005258082182
4616	0.002097446008
4617	0.003459063672
4618	0.001208859378
4619	0.00352403417
4620	0
4621	0.005034173394
4622	0.00174862739
4623	0.0004532618512
4624	0.006271882074
4625	0.001796426219
4626	0.005155711343
4627	0.004908333862
4628	0.001778417828
4629	0.003285069833
4630	4.265133636e-05
4631	0.0155724688
4632	0.002717260569
4633	2.207084465e-05
4634	0.003456822742
4635	5.177111686e-06
4636	5.177111686e-06
4637	0.01338522912
4638	0.002673409849
4639	0.004331779664
4640	0.003429680407
4641	7.865576751e-06
4642	6.811989102e-06
4643	6.811989102e-06
4644	0.0004278018529
4645	0.0116742956
4646	0.003244552251
4647	1.607629427e-05
4648	1.607629427e-05
4649	0.008732290304
4650	0.003031857451
4651	0.003780747882
4652	0.007440619912
4653	0.01107671446
4654	0.003848561959
4655	0.0004628985405
4656	0.002540402006
4657	0.002574472506
4658	0.0004574941031
4659	0.002360977616
4660	0.02426060831
4661	0.00101372454
4662	0.0005210715911
4663	0.01701159945
4664	4.221429266e-05
4665	6.772912006e-05
4666	0.003749923797
4667	6.460719063e-05
4668	0.0004908423592
4669	0.003012409782
4670	0.0006320182304
4671	0.01259481447
4672	0.002040152792
4673	0.002045666008
4674	0.001607269976
4675	0.01406977818
4676	0.00396242895
4677	0.004182131106
4678	0.01219800137
4679	0.003368445925
4680	0.004072578637
4681	0.002469695777
4682	0.0001738708809
4683	0.0163844772
4684	0.002504917719
4685	0.003451393143
4686	0.004561538954
4687	0.007962827109
4688	0.01369622508
4689	0.002529361955
4690	0.001515878355
4691	0.002884344087
4692	0.008926643715
4693	0.0009762668465
4694	0.002436748275
4695	0.009968163998
4696	0.02316357712
4697	0.00221417201
4698	0.000753249548
4699	0.009558642244
4700	6.051950972e-05
4701	0.002382202994
4702	0.001387494806
4703	0.01074601921
4704	0.002948234135
4705	0.004128835685
4706	0.01163317709
4707	1.003659031e-05
4708	0.01198069119
4709	0.0007102135625
4710	0.01005226695
4711	0.003168884378
4712	0.009937139388
4713	0.004439916393
4714	0.0002908837619
4715	0.003118116352
4716	0.005034405484
4717	0.005293786193
4718	0.005465331914
4719	0.003531927016
4720	0.003683461417
4721	0.002974376288
4722	0.01512417639
4723	2.333633669e-05
4724	0.009399902687
4725	0.003160406759
4726	3.371576424e-05
4727	0.006163142429
4728	0.001792457396
4729	3.25533685e-05
4730	0.01034397905
4731	0.005644827036
4732	0.005466608318
4733	0.004212593402
4734	0.006928369458
4735	5.585831057e-06
4736	2.669391463e-05
4737	0.001372686958
4738	0.01762142871
4739	0.01195620676
4740	0.007316150843
4741	0.01018424007
4742	0.003610943651
4743	0.002449702468
4744	0.00580565898
4745	0.002082428059
4746	0.01436667755
4747	0.01197291101
4748	0.003180569586
4749	0.008281358392
4750	0.003653924203
4751	1.361100298e-05
4752	0.001844484692
4753	0.001710475388
4754	0.009375533206
4755	2.907503849e-05
4756	0.001735845065
4757	7.640394736e-06
4758	0.002664461945
4759	1.144414169e-05
4760	1.144414169e-05
4761	0.0141050091
4762	0.005341470222
4763	0.01301646545
4764	0.006924351845
4765	0.0004254313696
4766	0.002894460441
4767	0.00055477901
4768	0.01025765211
4769	0.01143181595
4770	0.00649561489
4771	0.004611956514
4772	0.01018445251
4773	0.00307697449
4774	0.005261404054
4775	0.003300063284
4776	0.01569971774
4777	0.01247348405
4778	0.002345526499
4779	0.002487851878
4780	0.005506182173
4781	2.760620552e-05
4782	0.001806121508
4783	0.01090101247
4784	0.0008348324833
4785	3.681554418e-05
4786	0.007144094938
4787	0.007269629188
4788	0.0009166595108
4789	0.005250858023
4790	0.0003526071605
4791	0.001907374304
4792	0.003643476084
4793	0.005805606684
4794	0.006106662627
4795	0.003240274683
4796	0.002251458873
4797	0.007829446464
4798	0.005489953598
4799	0.0007197648364
4800	0.003426529751
4801	0.00131339835
4802	0.005722662974
4803	1.925372841e-05
4804	0.002318526123
4805	0.001341683933
4806	0.003541988279
4807	0.004852506553
4808	0.001737395179
4809	0.01085460078
4810	0.002197514137
4811	0.001193044904
4812	0.001132671062
4813	0.001950530453
4814	0.002081593074
4815	0.006088161115
4816	2.613154356e-05
4817	0.00478727162
4818	0.001524277916
4819	0.01119521766
4820	0.005365910285
4821	1.445698715e-05
4822	2.125340597e-05
4823	0.0215603842
4824	0.001634504452
4825	0.002735713172
4826	0.003543067592
4827	4.306359661e-05
4828	0.006091652759
4829	0.002290366803
4830	0.004208644619
4831	7.246376825e-07
4832	1.361364351e-05
4833	2.361489555e-05
4834	1.852861032e-05
4835	0.009235575376
4836	0.006461556476
4837	0.005210477346
4838	4.677905957e-05
4839	0.009123147572
4840	0.007487355867
4841	0.003824875199
4842	0.004983336344
4843	0.002104400345
4844	0.001252417618
4845	0.0002747126153
4846	0.01122035878
4847	0.01092942989
4848	0.0003957478978
4849	0.004561651857
4850	0.005810162687
4851	0.003390767899
4852	0.005531967238
4853	0.002177963685
4854	0.0001881193416
4855	0.009270158621
4856	0.007699580021
4857	0.0008083194284
4858	0.001787465569
4859	0.002449080718
4860	0.003847451165
4861	0.00486208458
4862	0.0009097435581
4863	4.528956358e-05
4864	0.01295562865
4865	0.002957262617
4866	0.01754485086
4867	0.005392129181
4868	0.004328549083
4869	0.001956633198
4870	0.003407619975
4871	0.003226844788
4872	0.005876070621
4873	0.0004391596031
4874	0.006027612184
4875	0.003081558165
4876	0.003152755712
4877	0.003970817856
4878	0.004639342136
4879	2.452316076e-05
4880	2.397820163e-05
4881	0.0013017948
4882	0.01727362843
4883	0.003841572701
4884	0.009607771185
4885	0.002336888722
4886	0.003395205722
4887	0.005132993538
4888	0.002085099192
4889	0.001513105215
4890	0.005250128092
4891	0.004224776184
4892	0.003276825217
4893	0.00264649489
4894	0.006959509481
4895	0.002074791412
4896	0.00451093796
4897	0.005023366496
4898	0.007834754215
4899	0.006205794717
4900	0.001797922969
4901	7.042446498e-05
4902	0.008450940073
4903	0.003560515934
4904	0.001251224295
4905	4.384880635e-05
4906	0.002219389614
4907	0.003317337133
4908	7.266121706e-06
4909	0.000652257337
4910	0.003734241804
4911	0.00264510821
4912	0.002744591529
4913	0.003318365625
4914	0.006436371467
4915	0.005877610438
4916	0.001615774666
4917	0.005747008773
4918	0.01094421005
4919	0.001677795421
4920	0.004545029882
4921	1.531789286e-05
4922	0.0003722719616
4923	0.004934412846
4924	0.00707605309
4925	2.033995069e-05
4926	3.487738416e-05
4927	2.425068119e-05
4928	2.425068119e-05
4929	0.01048021901
4930	0.003785060005
4931	0.008549561484
4932	0.00408439979
4933	0.0009428940194
4934	0.008994253942
4935	0.002479192379
4936	0.001093366392
4937	0.001630203027
4938	0.008313847873
4939	0.0005615074167
4940	2.452316116e-06
4941	2.452316116e-06
4942	0.001085020326
4943	0.007607703415
4944	0.004815950409
4945	0.001828572562
4946	0.001009071934
4947	0.002832807593
4948	0.001800845667
4949	0.002436794781
4950	0.004207727258
4951	0.005555093514
4952	0.004114444455
4953	0.007715966925
4954	8.238652655e-05
4955	0.01819672558
4956	0.002328799446
4957	0.001468734725
4958	0.009762088428
4959	0.01252841984
4960	0.001585553046
4961	0.0001513048895
4962	0.002079863734
4963	0.00105744686
4964	0.01941810923
4965	0.003781805555
4966	0.003417590441
4967	0.002087905054
4968	0.00196538558
4969	0.003270428785
4970	0.01431828948
4971	0.01257458994
4972	0.003687043295
4973	0.003344523257
4974	0.01120914342
4975	0.01041785985
4976	0.005434713995
4977	0.003779008014
4978	0.004251774605
4979	0.0007021524572
4980	1.450939917e-05
4981	0.01263994687
4982	0.005163736698
4983	0.02243509124
4984	0.003653898913
4985	0.004514369865
4986	0.002557256985
4987	0.0001515222854
4988	0.0007994821341
4989	0.01228270501
4990	0.0001281903498
4991	0.008478653025
4992	0.00291975092
4993	0.0002465964655
4994	0.0016502801
4995	0.008569769829
4996	0.01384166059
4997	0.00386928025
4998	0.01018851546
4999	0.01004966468
5000	0.004672215186
5001	0.000227071326
5002	0.003957707207
5003	0.006765048108
5004	0.003951170068
5005	0.000254246638
5006	0.001287761572
5007	0.008292245139
5008	0.003522268977
5009	0.002384330767
5010	0.006358293909
5011	0.01048407739
5012	1.362397819e-06
5013	9.082651736e-08
5014	0.00953008827
5015	0.001850328067
5016	0.0002135779362
5017	0.002161639361
5018	0.003004413363
5019	0.003904959657
5020	0.003293014618
5021	0.004145276072
5022	0.005571876408
5023	0.009150036918
5024	0.00732925264
5025	0.001208227245
5026	0.005053878181
5027	0.001836959746
5028	0.003586903522
5029	0.01426401766
5030	0.01668443211
5031	0.0001533078052
5032	0.002062281477
5033	0.00200263098
5034	0.003481076091
5035	0.0002732886525
5036	0.00170536037
5037	0.007706945184
5038	0.003243204013
5039	0.006051417323
5040	0.01046093991
5041	0.001446681773
5042	0.004776728024
5043	0.003462113625
5044	0.007716806571
5045	0.008457918236
5046	2.512933894e-05
5047	0.007665736098
5048	0.004416074698
5049	0.009993484362
5050	0.008191977719
5051	0.006284559868
5052	0.004222202718
5053	0.0002059100823
5054	0.001098320895
5055	0.008956968812
5056	0.00538636697
5057	0.009238282248
5058	0.002580250786
5059	0.005165907706
5060	0.009271789562
5061	0.003088813978
5062	0.002661877143
5063	0.002403698365
5064	1.55975899e-05
5065	0.006834071814
5066	0.001862215257
5067	0.005276397668
5068	0.002317384418
5069	8.857876675e-05
5070	7.157361472e-05
5071	0.004416747263
5072	0.006423242112
5073	0.001591066368
5074	0.005543468941
5075	0.007509673272
5076	0.005126787316
5077	0.003046918583
5078	0.001717365314
5079	0.004956587374
5080	0.001305081605
5081	0.008668751744
5082	0.001617426863
5083	0.004490457903
5084	0.003427863714
5085	0.009217137832
5086	0.00143997703
5087	0.009868058342
5088	0.001902777758
5089	0.005205914733
5090	0.003063764102
5091	0.004148464175
5092	0.006346681239
5093	0.003716562053
5094	6.569005449e-05
5095	0.0054517948
5096	0.01657894334
5097	0.009604682446
5098	0.01017586533
5099	0.002035923853
5100	0.002963323161
5101	0.001754823791
5102	0.003270341883
5103	0.003206218571
5104	0.002615703611
5105	0.003059545418
5106	0.002927699524
5107	0.01520807809
5108	0.00279629663
5109	0.008893639364
5110	0.0008997791977
5111	0.01688851999
5112	0.01038204263
5113	8.991825609e-06
5114	8.991825609e-06
5115	0.002473001414
5116	0.006046880006
5117	8.991825611e-06
5118	8.991825611e-06
5119	0.006105516575
5120	0.001903880672
5121	1.316984555e-05
5122	1.062670297e-05
5123	0.003265730047
5124	1.395436273e-05
5125	0.003252408236
5126	0.001318683493
5127	0.0008283075201
5128	0.0007974986085
5129	1.362397818e-06
5130	1.362397818e-06
5131	0.002841477111
5132	0.02072829411
5133	0.004805697945
5134	0.005890458045
5135	0.002396532034
5136	0.00572046085
5137	0.004371847159
5138	0.0007479954867
5139	0.004830198286
5140	0.003316539379
5141	0.0001011275175
5142	0.005351191711
5143	0.008405556511
5144	0.002114033499
5145	0.008999435894
5146	0.00450894829
5147	0.004230348037
5148	0.004980780633
5149	2.997275216e-06
5150	2.997275216e-06
5151	0.002417222671
5152	0.008433359427
5153	0.004982378921
5154	0.001892134119
5155	0.003713207437
5156	0.01051905547
5157	9.246139839e-06
5158	1.117166212e-05
5159	1.117166212e-05
5160	0.004484553496
5161	0.03007740187
5162	0.004647156661
5163	0.003734503054
5164	0.009116327319
5165	0.01764245688
5166	0.007092752201
5167	0.007384993047
5168	0.0003132431479
5169	0.003525865217
5170	0.0007407346045
5171	0.01138749691
5172	0.007182656648
5173	1.11335551e-05
5174	0.003459791544
5175	0.002973832912
5176	0.002790827929
5177	0.0007381512827
5178	0.006553189998
5179	0.01948281055
5180	0.01086003402
5181	0.01262857287
5182	0.003342869732
5183	0.001990465764
5184	0.004591743006
5185	4.359673017e-06
5186	2.452316123e-06
5187	0.001967184197
5188	0.008005808791
5189	0.001111953931
5190	0.009660250603
5191	0.001260174095
5192	0.003675372486
5193	2.252022139e-05
5194	0.00914389548
5195	0.0007058296524
5196	0.0006202884978
5197	0.005037458009
5198	0.005196412735
5199	0.002743405596
5200	0.004223125825
5201	0.0008532654753
5202	0.003326534659
5203	0.008039518248
5204	0.008520302275
5205	0.0004705974328
5206	0.003961469442
5207	0.001290063526
5208	0.0078591195
5209	0.02092632781
5210	0.006885049285
5211	0.01328484853
5212	0.002106493021
5213	0.005099379176
5214	0.0002434197143
5215	0.00246005154
5216	0.005804527244
5217	0.006290320332
5218	0.002690139733
5219	0.006519399555
5220	0.001304741588
5221	0.003298657241
5222	0.0005534204468
5223	0.001945897541
5224	0.003938507345
5225	0.009686344856
5226	0.002570885609
5227	0.01257327992
5228	0.007653634128
5229	0.01256645937
5230	0.009039044908
5231	0.01283684098
5232	0.01216398598
5233	0.000956332202
5234	0.001395384692
5235	0.003538624415
5236	0.0001796747981
5237	0.01392927656
5238	0.003700259554
5239	0.002560396223
5240	0.009999311627
5241	0.01065177381
5242	0.002900819688
5243	0.004245663832
5244	0.01278427291
5245	0.005468889872
5246	0.01553677594
5247	0.009568789804
5248	0.00541763822
5249	0.007837610936
5250	0.003000280205
5251	0.005593178431
5252	2.098092643e-05
5253	2.833787462e-05
5254	7.529518659e-06
5255	0.008140213538
5256	0.003359465357
5257	0.005786974468
5258	0.0002982204413
5259	9.818382813e-05
5260	0.001210145249
5261	0.005451882062
5262	0.008496388085
5263	0.003141226675
5264	0.005274133597
5265	0.004621217806
5266	0.007730470813
5267	0.003238179816
5268	0.0006873892796
5269	0.0002781297093
5270	0.002843793015
5271	3.563069602e-05
5272	0.0008301815875
5273	6.539509534e-06
5274	6.539509534e-06
5275	0.004167406219
5276	0.006126991098
5277	0.01509866552
5278	0.0005406514637
5279	0.008161189808
5280	0.005722191557
5281	0.009889778306
5282	0.0005226802876
5283	0.004631164626
5284	0.007396750045
5285	0.00671690346
5286	0.0153402419
5287	0.001485530575
5288	0.002085025392
5289	0.00719834601
5290	0.00347338984
5291	0.001851892622
5292	0.01105349938
5293	0.003520260993
5294	0.003896231455
5295	0.002350225127
5296	0.007537416047
5297	0.01106358502
5298	0.005083235416
5299	1.300716235e-05
5300	0.005631821604
5301	0.006460248968
5302	0.004048477212
5303	1.934604902e-05
5304	0.007624481166
5305	0.0007861183106
5306	0.003437129067
5307	0.02033741865
5308	0.002724641437
5309	0.002393952925
5310	0.002426742724
5311	0.00619533143
5312	0.00225856019
5313	0.002292732052
5314	5.812897365e-06
5315	0.002239824776
5316	0.000164724188
5317	0.006890626562
5318	0.008097396021
5319	1.335149864e-05
5320	1.335149864e-05
5321	0.006120438178
5322	0.0007161013351
5323	0.004507828064
5324	0.007553400777
5325	0.008103300308
5326	0.005122694176
5327	0.01282975693
5328	0.003985759556
5329	0.0008877807454
5330	0.002128289264
5331	8.096229877e-05
5332	0.0008833884732
5333	0.009104578132
5334	1.307901909e-05
5335	1.307901909e-05
5336	0.003974707615
5337	0.001636648466
5338	0.01048983716
5339	0.002764358209
5340	1.987694416e-06
5341	0.00381705933
5342	0.0009849978782
5343	0.008662899481
5344	0.003153280936
5345	1.035422342e-05
5346	1.035422342e-05
5347	0.01324234852
5348	0.007604820533
5349	0.006787659051
5350	0.0002762549989
5351	0.0002413015574
5352	0.002979557063
5353	0.009621093869
5354	0.000485971046
5355	1.710393148e-05
5356	0.001565209708
5357	0.01090869889
5358	0.0005786695479
5359	0.001774306774
5360	0.001757557668
5361	0.003703583323
5362	0.005322765474
5363	5.017708483e-05
5364	0.0006169436562
5365	0.003351875224
5366	0.003433321231
5367	0.003712600838
5368	0.01008832048
5369	0.001924436762
5370	0.007566969494
5371	0.000931908097
5372	0.008845726439
5373	0.002959235342
5374	0.00683040797
5375	0.0003281410385
5376	0.005905629721
5377	0.005846246442
5378	0.004117033529
5379	0.0007356090696
5380	0.009932776999
5381	0.0008351347777
5382	0.006254376069
5383	0.001427434116
5384	0.01290203764
5385	0.00819656518
5386	0.0001033907522
5387	0.007677323769
5388	0.005435434061
5389	0.0008745874027
5390	0.001780789765
5391	0.00908580347
5392	0.003819602671
5393	0.008230288846
5394	0.004997608416
5395	0.003203188398
5396	0.0033208383
5397	0.003581157589
5398	0.003434312622
5399	0.005249100593
5400	0.003483086382
5401	0.003044883415
5402	2.497729337e-05
5403	0.001616422888
5404	0.008074032929
5405	0.0126973481
5406	0.004035412805
5407	0.01050563636
5408	0.0007390348313
5409	0.01069576322
5410	5.9833224e-06
5411	0.002562771995
5412	0.002407594291
5413	0.007235264996
5414	0.002998563306
5415	0.0008720714449
5416	0.003081677935
5417	0.001829858204
5418	2.285490166e-05
5419	0.002070933837
5420	0.005532092625
5421	0.003916798056
5422	0.007860590516
5423	0.001758589861
5424	0.003334686026
5425	0.01011930769
5426	0.006276742802
5427	0.00704258969
5428	0.004532693413
5429	1.217075386e-05
5430	0.001292241018
5431	0.003666862262
5432	0.01415802378
5433	0.00503552566
5434	0.003481299838
5435	5.994550412e-06
5436	5.994550412e-06
5437	0.01602645462
5438	0.0006378988367
5439	0
5440	1.362397819e-06
5441	1.362397819e-06
5442	0.008620087866
5443	0.007253185784
5444	0.004094164281
5445	0.001179217253
5446	0.002134111568
5447	6.721162584e-06
5448	0.0001641058446
5449	0.01221093364
5450	0.009543864906
5451	0.005513219283
5452	0.0003411631532
5453	1.307901907e-05
5454	1.307901907e-05
5455	0.00409953447
5456	7.175295189e-06
5457	0.0008543578384
5458	0.001985012662
5459	0.0150276482
5460	1.263221509e-05
5461	0.008609381856
5462	0.006284440175
5463	0.0138024573
5464	0.007073345308
5465	0.004664759708
5466	0.0009251871257
5467	0.006396694578
5468	0.003651821944
5469	0.004532345456
5470	1.294839582e-05
5471	0.0002633082972
5472	0.0001744320563
5473	0.00266045257
5474	0.005251924586
5475	0.002054934575
5476	0.01075200206
5477	0.0006641145654
5478	0.0004889984459
5479	0.001152782244
5480	0.002985521952
5481	0.0002388407815
5482	0.008427326924
5483	0.01137078123
5484	0.004004546012
5485	0.006553534169
5486	0.008877958879
5487	0.0007703243048
5488	0.004104671481
5489	0.0041886428
5490	0.006711667068
5491	0.01011985502
5492	0.000633423204
5493	0.007976941825
5494	4.732812499e-05
5495	0.002576431025
5496	0.00341362651
5497	0.00543140097
5498	0.006322367134
5499	0.01063871992
5500	0.003141480952
5501	0.0002024580833
5502	0.00293099908
5503	0.009200824469
5504	0.01129064888
5505	0.002752548881
5506	0.001458315653
5507	0.008712252388
5508	0.007620749883
5509	0.001172089897
5510	0.01759625739
5511	0.002292330564
5512	0.006249757359
5513	0.004546126058
5514	4.904632153e-06
5515	0.001141201415
5516	0.0005934237043
5517	0.002615017866
5518	4.904632149e-06
5519	4.904632149e-06
5520	0.002764446724
5521	0.01339385425
5522	0.002217259641
5523	2.261580381e-05
5524	2.261580381e-05
5525	0.00316091005
5526	0.006128755177
5527	0.0008166566798
5528	0.0121038747
5529	0.01195071238
5530	0.007020847193
5531	0.004127896649
5532	0.002267393819
5533	0.01014423184
5534	0.001002715511
5535	0.01101871793
5536	0.0006075346893
5537	0.004436712257
5538	2.091691536e-05
5539	0.004129311355
5540	0.004106762802
5541	0.0007073980341
5542	0.006304039335
5543	0.007364888428
5544	0.009881195148
5545	0.002032499425
5546	0.008841608817
5547	1.4805346e-05
5548	0.004651269134
5549	0.005031874552
5550	0.003200938529
5551	1.598546776e-05
5552	0.006155818958
5553	3.024523161e-05
5554	3.024523161e-05
5555	0.003981845341
5556	0.004758011623
5557	0.01142546759
5558	0.004407349416
5559	2.724796131e-07
5560	0.006821803092
5561	0.006650465503
5562	0.006578447938
5563	0.01323911984
5564	0.0005232966171
5565	0.02480908138
5566	0.004969984911
5567	0.006882685166
5568	0.005589236183
5569	0.00373062979
5570	0.0006362678477
5571	0.0009179788867
5572	0.00213078877
5573	1.498637602e-05
5574	1.498637602e-05
5575	5.712988192e-05
5576	0.006882961776
5577	0.001201292767
5578	1.416893733e-05
5579	1.416893733e-05
5580	0.005910405906
5581	0.0008166828646
5582	9.453930712e-05
5583	0.0007738931604
5584	0.00169041188
5585	0.0008353402285
5586	0.004459313199
5587	0.006210654483
5588	0.008135788984
5589	0.01282611124
5590	2.279745685e-05
5591	2.643051771e-05
5592	0.003174759229
5593	0.00526010063
5594	0.01105178086
5595	0.01557093786
5596	0.006158288061
5597	0.01691940977
5598	0.005590617451
5599	0.008151649453
5600	0.002061116061
5601	0.001843517377
5602	0.006622211062
5603	0.002680936124
5604	1.344232519e-05
5605	0.01040635284
5606	0.001504305672
5607	2.724795636e-06
5608	0.009137112153
5609	0.01257239001
5610	0.001671972461
5611	0.009423556183
5612	0.001231845379
5613	0.00425198046
5614	0.002245135508
5615	0.0005488956223
5616	0.0008665363987
5617	0.0008191548079
5618	0.001030053741
5619	0.000604884133
5620	0.002152226306
5621	0.01240382995
5622	0.004938933834
5623	0.005562211908
5624	0.0007947783961
5625	0.002089513241
5626	0.006606156643
5627	0.007798114879
5628	0.001952463418
5629	0.001722903869
5630	6.811989102e-06
5631	6.811989102e-06
5632	0.002788895318
5633	7.59459167e-05
5634	7.543941841e-06
5635	0.001004736808
5636	0.01310184324
5637	0.003230139016
5638	0.00528127126
5639	0.004561405247
5640	0.001454046213
5641	2.270663049e-06
5642	2.724795163e-07
5643	0.008245565777
5644	0.0009160532719
5645	0.00116934444
5646	6.286146855e-05
5647	0.002391677988
5648	0.006179767875
5649	0.00351014936
5650	3.047619047e-05
5651	0.002560057101
5652	0.006415710224
5653	0.002983304987
5654	0.002854682888
5655	0.007260591512
5656	0.005993465643
5657	0.005280764274
5658	0.004777258531
5659	0.002520291111
5660	0.003879728734
5661	0.01217267052
5662	0.002671456677
5663	0.007043144882
5664	2.155607324e-05
5665	0.004829087041
5666	0.02049638708
5667	0.01122929548
5668	0.001783067483
5669	0.007477203803
5670	9.169536101e-05
5671	0.001930705825
5672	0.016653639
5673	0.00977593778
5674	0.004130721372
5675	0.0003495604998
5676	0.00756501445
5677	0.0007135249932
5678	0.007382671709
5679	0.01297151527
5680	0.006621597544
5681	0.002817893826
5682	0.003765167413
5683	0.0008319581022
5684	0.01357346066
5685	0.00249772174
5686	0.004143304153
5687	0.006917976423
5688	6.941100088e-06
5689	0.0226819536
5690	0.006181968392
5691	0.003324798814
5692	0.006168251439
5693	0.004139586598
5694	0.007268029759
5695	0.003460286713
5696	0.01134155523
5697	0.003752295295
5698	2.089009991e-06
5699	2.643051771e-05
5700	0.00518285214
5701	0.001972475015
5702	0.0002340794472
5703	0.001016993269
5704	0.001950979043
5705	1.090177761e-05
5706	0.004799402694
5707	0.0009768276599
5708	0.000465607415
5709	0.002341243835
5710	0.002806491944
5711	5.444229083e-05
5712	0.003577002646
5713	0.006359381125
5714	0.01720015565
5715	0.001823982447
5716	0.008099391461
5717	0.001218988408
5718	0.0003212376242
5719	1.549056649e-05
5720	0.003756024695
5721	0.008301919044
5722	0.002140590282
5723	0.007257599939
5724	0.007331936029
5725	0.006423001101
5726	0.009618038005
5727	0.01737515259
5728	3.274698122e-05
5729	0.0006413560265
5730	0.001063592078
5731	0.003400641183
5732	0.005241726938
5733	0.005406866313
5734	0.00538084321
5735	0.001178883086
5736	0.01049906013
5737	0.005583777207
5738	0.004259843019
5739	6.267029974e-06
5740	6.267029974e-06
5741	0.004460654399
5742	0.006256613558
5743	0.01834657452
5744	0.01205220082
5745	0.001890148844
5746	0.003111621293
5747	0.004991967249
5748	0.004804575097
5749	0.002634446234
5750	0.01408946264
5751	0.003653576737
5752	0.009097183789
5753	0.007003117859
5754	0.00879610289
5755	0.001205177019
5756	0.001154917968
5757	0.005312206035
5758	0.009924143662
5759	0.01370903211
5760	0.003852620076
5761	0.001862949058
5762	0.00320072844
5763	0.0003383928184
5764	0.003921417353
5765	0.003673790663
5766	0.01742181317
5767	0.005396566161
5768	0.01127382584
5769	1.821980018e-05
5770	0.003292604847
5771	0.01375345212
5772	5.358764721e-06
5773	8.174386884e-06
5774	3.542234347e-06
5775	0.00134492359
5776	0.01033496402
5777	0.007167643966
5778	0.0001146240502
5779	0.00247014757
5780	3.540417802e-05
5781	0.00319474596
5782	0.002676157742
5783	0.002569509211
5784	0.01049576764
5785	1.669391462e-05
5786	1.553133517e-05
5787	0.002621682012
5788	0.002916726266
5789	0.002471142448
5790	0.0005273414413
5791	0.003715974762
5792	0.009058809165
5793	0.0001358673967
5794	0.001131940495
5795	0.006675004278
5796	0.004711817359
5797	4.686648499e-05
5798	0.004878048127
5799	0.006340932628
5800	0.0002622478605
5801	0.01456374061
5802	0.005552474758
5803	0.008535849649
5804	0.001945277656
5805	0.01852655473
5806	0.004964853193
5807	0.00245366725
5808	0.002264208705
5809	5.812897413e-06
5810	0.001050601907
5811	0.0003863810983
5812	0.001883087715
5813	0.002757165137
5814	0.008302939875
5815	0.002694358394
5816	0.002521966768
5817	0.009037279838
5818	0.001317642179
5819	0.001348957799
5820	0.001571819576
5821	0.005064414603
5822	0.0007919750766
5823	0.001161736585
5824	0.003128517069
5825	2.543142647e-06
5826	5.722070821e-06
5827	0.003020594829
5828	0.001873366341
5829	2.949624399e-05
5830	0.01164749363
5831	0.009673422458
5832	0.003232014405
5833	0.01548403929
5834	0.005735122105
5835	0.001708047206
5836	6.600846915e-07
5837	0.00429134531
5838	0.001285356745
5839	3.895351914e-05
5840	0.00350393396
5841	0.003832096552
5842	0.01251050163
5843	0.01708171711
5844	0.02102310935
5845	0.005181084603
5846	0.009485999191
5847	0.01252041475
5848	0.003396004817
5849	0.005605315126
5850	0.001662533807
5851	0.002659814898
5852	0.005103795268
5853	0.001221614873
5854	0.003863028782
5855	0.01164473016
5856	0.007760632643
5857	0.0009255711785
5858	0.002265741781
5859	0.01086661358
5860	0.006567860026
5861	0.007813437405
5862	0.0007641053033
5863	0.004065641503
5864	0.008332111867
5865	0.0006585205788
5866	1.943687559e-05
5867	2.915531338e-05
5868	0.005628992504
5869	0.01317554751
5870	0.00193723512
5871	0.005970106703
5872	0.001489540164
5873	0.004397886902
5874	0.0007796600219
5875	0.003126414062
5876	0.009693191645
5877	0.002232326905
5878	0.0008699561502
5879	0.005153686184
5880	0.0009558484078
5881	0.008784437734
5882	0.01346933858
5883	1.042688465e-05
5884	3.814713915e-06
5885	3.814713915e-06
5886	0.004928129522
5887	0.001050051777
5888	0.000976034583
5889	4.392130085e-05
5890	0.006672800604
5891	3.187486434e-07
5892	0.009484255804
5893	0.005736441592
5894	0.002314499972
5895	0.001005492945
5896	0.002810368538
5897	5.449591288e-06
5898	1.834695732e-05
5899	0.0004758307342
5900	0.004265990318
5901	0.001551486783
5902	0.001509823155
5903	0.007783123681
5904	0.002092871629
5905	0.008650860023
5906	0.005742502382
5907	0.02025617744
5908	0.003354335429
5909	0.005951157193
5910	0.001194207099
5911	0.001463534349
5912	4.364954253e-05
5913	0.007070668991
5914	0.002804865342
5915	0.002429235991
5916	0.01316875763
5917	4.190759286e-06
5918	0.009781733644
5919	0.011225575
5920	0.001217765114
5921	0.0004149572158
5922	0.0165873998
5923	0.01080310737
5924	0.00846141131
5925	0.01039681943
5926	0.007722329838
5927	0.001162188507
5928	0.002912866897
5929	0.00199275467
5930	0.007912891228
5931	0.02202309071
5932	0.002460417604
5933	0.002088351503
5934	0.01496265299
5935	0.004456483134
5936	0.002051393757
5937	0.006384673818
5938	0.003065387161
5939	0.004739125513
5940	0.002679269846
5941	0.01166767499
5942	0.0046168434
5943	0.009684606713
5944	0.002335119128
5945	0.01591254562
5946	0.006450552177
5947	0.003584007882
5948	0.001241505463
5949	0.002795618112
5950	0.01134665527
5951	0.002730948776
5952	0.004474918488
5953	0.009859780582
5954	3.957700788e-05
5955	7.238675342e-05
5956	3.197093552e-05
5957	0.009458796471
5958	0.005424246219
5959	0.02063051041
5960	0.006575186912
5961	3.490718785e-05
5962	9.536784741e-06
5963	0.002785560522
5964	0.003908030299
5965	0.004468807402
5966	0.0006784493241
5967	0.01969885136
5968	0.00206533736
5969	0.005094754656
5970	0.003463031162
5971	0.005239564514
5972	0.007526208543
5973	0.008971213206
5974	0.008366378535
5975	0.0005215940773
5976	0.004687585202
5977	0.002376412179
5978	0.0004677851385
5979	0.01146316864
5980	0.00358366346
5981	0.00873855461
5982	0.008226007385
5983	0.006995235721
5984	0.003057465796
5985	0.003244207387
5986	0.006926071633
5987	0.004631673321
5988	0.01660991499
5989	0.002966477511
5990	0.005628015056
5991	0.002361547159
5992	0.0004522675894
5993	0.002847625138
5994	0.01291244225
5995	0.00229505379
5996	9.427792889e-06
5997	0.002688733952
5998	4.593525614e-06
5999	3.023270036e-05
6000	0.008613209481
6001	0.0004136192721
6002	0.002904900029
6003	0.0009400711243
6004	0.0006293436721
6005	0.0006721854286
6006	0.0002981774833
6007	3.124432335e-05
6008	0.002174156066
6009	3.442969993e-05
6010	0.001045605612
6011	0.006938441018
6012	0.002432298109
6013	0.001308805378
6014	0.006824641441
6015	0.001374386601
6016	0.003647749343
6017	0.008146084792
6018	0.005536525152
6019	0.006662645058
6020	6.267029975e-06
6021	6.811989105e-06
6022	0.003163589932
6023	0.007054424964
6024	0.00152111614
6025	0.006466505912
6026	0.000100616931
6027	0.002132062283
6028	0.002614423457
6029	0.003915410618
6030	0.005239069581
6031	0.01268543147
6032	0.003132290489
6033	0.01188023686
6034	0.007181756771
6035	0.01993275663
6036	0.0006543644502
6037	1.982349073e-05
6038	0.0002667877072
6039	0.005626726219
6040	2.526989328e-07
6041	0.01469348501
6042	0.0006820912333
6043	0.0008032966032
6044	0.009830008089
6045	0.002766746332
6046	0.001712384835
6047	0.003769608731
6048	2.107175295e-05
6049	1.498637597e-05
6050	0.001353967656
6051	0.001817660362
6052	0.008951138191
6053	0.00238776315
6054	0.0006813279539
6055	0.0049766344
6056	0.005751490704
6057	0.007831655615
6058	0.004209512706
6059	6.058471958e-05
6060	0.009685838008
6061	0.004783467766
6062	0.009574202957
6063	0.002784886958
6064	0.01724167458
6065	0.0007082721318
6066	0.008756399581
6067	0.01141326942
6068	0.003823349763
6069	0.003074402151
6070	1.907356948e-06
6071	1.907356948e-06
6072	0.008391790143
6073	3.403940142e-06
6074	0.002457877922
6075	7.249450079e-06
6076	0.002492418641
6077	0.001726991569
6078	6.267030016e-06
6079	6.267030016e-06
6080	0.00626234158
6081	0.002440289704
6082	0.004425138119
6083	0.000884089873
6084	0.004432560146
6085	8.609412395e-05
6086	2.098092643e-05
6087	2.098092643e-05
6088	0.006189118868
6089	0.002777193844
6090	0.0004584463513
6091	0.007195742335
6092	0.01370516137
6093	0.004560062284
6094	0.005943348576
6095	0.001392208458
6096	0.005559898305
6097	0.001853688525
6098	0.003587623337
6099	1.393869223e-05
6100	0.0007312166642
6101	0.003457269609
6102	0.003785191174
6103	0.01517470702
6104	2.01608927e-05
6105	0.0001593250752
6106	0.002899623082
6107	0.0005334728792
6108	0.007476189318
6109	0.002387820975
6110	0.00146130956
6111	0.002511005257
6112	0.007983666407
6113	0.003195826604
6114	0.002000756164
6115	1.869977434e-05
6116	0.006107446301
6117	2.870118116e-06
6118	2.99922002e-05
6119	0.001287971533
6120	0.001307267446
6121	3.555267747e-05
6122	0.0008684730911
6123	0.0003531122173
6124	0.01355560153
6125	0.00658378165
6126	0.00759822238
6127	0.005282095854
6128	0.01125163064
6129	0.009070106321
6130	0.00356165926
6131	0.001748825551
6132	0.009849755841
6133	0.001072779353
6134	0.01015786631
6135	0.007207635613
6136	0.007541924078
6137	0.0007955881262
6138	0.005896466712
6139	3.451407816e-06
6140	0.009797590732
6141	0.005036926701
6142	6.905236149e-06
6143	0.007191213295
6144	0.00559674584
6145	2.089009991e-05
6146	3.614895549e-05
6147	0.01013597089
6148	0.004311092572
6149	0.0003154127902
6150	0.007032230714
6151	8.537693006e-07
6152	0.00293240714
6153	0.004012460834
6154	0.01027686439
6155	0.0052022916
6156	0.007845665678
6157	0.003090597079
6158	0.00300253241
6159	0.0003590727953
6160	0.005090784554
6161	0.005752828766
6162	0.003792061034
6163	0
6164	0.003681584842
6165	0.007608328389
6166	0.001922781367
6167	0.001416748372
6168	0.007041185448
6169	0.001335658198
6170	0.003354682968
6171	0.004933440216
6172	0.003130409703
6173	0.0004001022258
6174	0.002746678013
6175	0.008689405576
6176	1.607629432e-05
6177	7.084468677e-06
6178	7.080749508e-05
6179	0.003982664544
6180	0.002079428338
6181	0.0002388354794
6182	0.00416533294
6183	3.13226929e-05
6184	1.720192004e-05
6185	0.00179673945
6186	0.0017833423
6187	4.171726018e-05
6188	0.0007984731961
6189	0.008508825717
6190	0.009810412742
6191	0.0002290799582
6192	0.003896240058
6193	0.001877664324
6194	0.001926990382
6195	0.002732147123
6196	0.006836520429
6197	0
6198	0.006033907183
6199	0.006660357623
6200	0.01775890157
6201	0.007170987107
6202	0.004551186855
6203	0.003592133633
6204	0.0001003242141
6205	0.001345589127
6206	0.001942092211
6207	0.00159573433
6208	0.0007876850582
6209	0.0004383142789
6210	0.004726557352
6211	5.989825267e-05
6212	0.003132657342
6213	0.01102897655
6214	0.00872848894
6215	0.008408188295
6216	0.003769630435
6217	0.0001223671814
6218	2.724795594e-07
6219	0.006658920707
6220	0.0007563469496
6221	0.006844255571
6222	0.00218141447
6223	0.004872450314
6224	0.004947797675
6225	0.0004287566007
6226	0.0008960015941
6227	0.002202429879
6228	0.0004489563715
6229	0.002162709481
6230	0.003488483486
6231	0.01099168286
6232	0.002893617113
6233	4.178019986e-06
6234	0.007397759018
6235	0.0004127603315
6236	0.001394643871
6237	0.0008494248171
6238	0.006247309156
6239	0.001416949516
6240	2.999498231e-05
6241	1.816530427e-05
6242	7.356948231e-06
6243	0.0001423097854
6244	0.001291801051
6245	0.0007020720419
6246	0.01878846742
6247	0.01857183931
6248	0.003042762627
6249	2.452316076e-06
6250	2.452316076e-06
6251	0.00882001859
6252	0.001775182792
6253	2.049034816e-05
6254	0.008154648044
6255	7.901907313e-06
6256	0.001501766333
6257	0.007694962212
6258	0.00299670073
6259	0.001749707308
6260	0.007212897891
6261	0.007093583207
6262	0.0005108655804
6263	0.00503361601
6264	0.006521029024
6265	3.936421435e-05
6266	2.288828338e-05
6267	2.288828338e-05
6268	0.006224142623
6269	0.003259862384
6270	0.006727797098
6271	0.002562651786
6272	0.01118796924
6273	0.007177568096
6274	0.0001012425364
6275	3.929939726e-05
6276	0.003098956893
6277	0.0008232885701
6278	0.006556254545
6279	8.196257758e-05
6280	0.002738538759
6281	0.002543288068
6282	0.002536346664
6283	0.006441385346
6284	0.01283047093
6285	1.418019223e-06
6286	0.005106144728
6287	0.005829587246
6288	0.002188539701
6289	0.003717155692
6290	0.005408791283
6291	0.001514010223
6292	0.007471387474
6293	0.005627374731
6294	0.007741333448
6295	0.0009386875047
6296	0.008502137789
6297	0.002104822517
6298	0.002804326017
6299	0.01303906672
6300	0.007669607088
6301	0.004800380243
6302	0.005596199427
6303	0.01651898106
6304	0.001749127907
6305	0.004526445022
6306	0.00729185168
6307	0.001817972007
6308	0.004487337471
6309	0.005341337901
6310	1.36239782e-05
6311	1.36239782e-05
6312	0.006753056483
6313	0.0007610820117
6314	0.0002780443304
6315	0.00978885432
6316	0.0004335737052
6317	0.0001767154113
6318	3.633060884e-06
6319	0.007023579301
6320	0.003897118641
6321	0.001771518102
6322	0.01072798657
6323	0.008826953874
6324	0.005243314784
6325	0.001069673145
6326	0.004296007451
6327	0.004070338217
6328	0.00127340701
6329	0.003801196446
6330	0.006382006123
6331	0.006374140556
6332	0
6333	0.007694377217
6334	0.01709665185
6335	0.00348578876
6336	0.002690014656
6337	0.0003386290474
6338	0.003011425598
6339	0.01194248222
6340	1.825613082e-05
6341	1.825613082e-05
6342	0.01002304221
6343	0.01211275555
6344	0.00317469716
6345	1.36239782e-06
6346	1.36239782e-06
6347	0.00277415343
6348	0.004280906992
6349	0.004273341582
6350	0.01016265249
6351	0.004233613422
6352	0.00262297659
6353	0.007285223544
6354	0.002486944203
6355	0.008162073314
6356	0.0001734385684
6357	0.0003496456929
6358	0.002933058321
6359	0.005897014805
6360	0.01271441503
6361	1.525885559e-05
6362	1.525885559e-05
6363	0.001168522526
6364	0.000295161452
6365	0.002005420777
6366	0.01484813573
6367	0.006771873143
6368	0.016685315
6369	0.004749063118
6370	1.362397816e-06
6371	1.362397816e-06
6372	0.0006066839469
6373	0.002731060206
6374	0.00488701499
6375	0.0002335130039
6376	0.003184715534
6377	0.0003523487131
6378	5.449591281e-07
6379	0.001833677051
6380	0.01147138203
6381	0.0008430956012
6382	0.02023820635
6383	0.0004489106313
6384	0.002855349144
6385	2.815622162e-05
6386	0.002665625241
6387	0.007111646375
6388	7.901907378e-06
6389	1.371480475e-05
6390	0.005945989801
6391	0.0008511726079
6392	0.005819553342
6393	0.00652103239
6394	0.0197129633
6395	0.00103030559
6396	0.004370367826
6397	0.004165805087
6398	2.446866487e-05
6399	1.970935514e-05
6400	0.002833164208
6401	0.0005914797769
6402	0.006225728444
6403	4.53417618e-05
6404	8.719346049e-06
6405	8.719346049e-06
6406	0.001112670299
6407	0.00294909292
6408	0.002377594175
6409	0.01687016981
6410	0.0001315571253
6411	0.002827645566
6412	0.005153090262
6413	0.00331453673
6414	0.00379321014
6415	0.0005079956488
6416	0.0007551831171
6417	0.004343824681
6418	0.004463681987
6419	0.006938724502
6420	0.003145768462
6421	0.009251495889
6422	0.0002016109611
6423	0.001880612342
6424	0.001859465268
6425	0.006056850482
6426	2.289819177e-05
6427	0.003649933596
6428	0.00262495039
6429	0.003496651821
6430	0.002767088415
6431	1.362397822e-05
6432	0.002593480747
6433	0.0006281722328
6434	0.00281930035
6435	0.004081496911
6436	1.062670301e-05
6437	1.062670301e-05
6438	0.001295504675
6439	0.002102395938
6440	0.009411445221
6441	6.267029985e-06
6442	6.267029985e-06
6443	0.0003762102359
6444	0.01191300749
6445	0.006694597687
6446	0.003437745162
6447	0.005535408767
6448	0.006378456057
6449	0.01495332218
6450	3.178928246e-06
6451	0.008937638443
6452	0.00509938977
6453	0.006358625557
6454	6.29730548e-06
6455	0.006079519994
6456	0.0003040011533
6457	0.00175571767
6458	0.004182098536
6459	0.002306201192
6460	0.001457133383
6461	0.005132920118
6462	0.009761616319
6463	0.001364379049
6464	0.001727481021
6465	0.0005852804751
6466	0.0006325983917
6467	0.001836681434
6468	0.005976705918
6469	0.001075155048
6470	0.002483535903
6471	0.0004153500359
6472	0.00322471418
6473	0.008510485663
6474	0.00809731128
6475	0.0009285555396
6476	0.001824090026
6477	1.61671208e-05
6478	1.607629429e-05
6479	0.001448211691
6480	0.004892906726
6481	0.009724455477
6482	0.01335692503
6483	0.00169224732
6484	0.01339119243
6485	0.004586391609
6486	4.088845698e-05
6487	0.0004671632705
6488	0.003718109494
6489	0.00344926932
6490	5.290423945e-05
6491	0.007257663551
6492	1.106267025e-05
6493	0.00522724162
6494	0.002290521458
6495	0.01935800078
6496	0.0001335139363
6497	0.0009598181412
6498	0.007585809091
6499	5.376930063e-06
6500	1.228788469e-05
6501	0.007174874064
6502	0.004781190316
6503	0.004995190677
6504	2.997275202e-06
6505	2.997275202e-06
6506	3.068851288e-05
6507	0.0002578378748
6508	0.0009980427883
6509	0.002377928324
6510	0.005789268368
6511	0.006846016487
6512	0.003019209204
6513	0.006123549333
6514	0.005443447385
6515	0.003501799538
6516	0.003200590147
6517	0.0271448004
6518	0.004510598717
6519	1.634877388e-06
6520	1.634877388e-06
6521	0.001100787234
6522	0.003372910548
6523	0.002263178138
6524	0.003067386094
6525	4.051947743e-05
6526	0.003533051252
6527	0.002477797227
6528	0.0002972011012
6529	0.003031463894
6530	0.004708435511
6531	0.0006947423416
6532	0.001965839692
6533	0.004730451443
6534	0.003341532853
6535	0.009787170646
6536	0.01058828959
6537	0.0009115825811
6538	0.005884622277
6539	0.007349192939
6540	0.0009809011564
6541	0.005278343785
6542	0.002361355945
6543	0.004888361287
6544	0.009842917626
6545	0.0005310260216
6546	0.004392303417
6547	0.002320139772
6548	4.541326067e-05
6549	2.888283379e-05
6550	0.004332114705
6551	0.002872394326
6552	3.018081061e-05
6553	0.01997530812
6554	0.001187755981
6555	0.0009276668342
6556	0.005532937585
6557	0.00872868291
6558	0.01501302501
6559	0.002906078225
6560	0.01189166422
6561	0.0001564727676
6562	9.886466881e-06
6563	0.01093847718
6564	8.174386922e-06
6565	8.174386922e-06
6566	0.01108870642
6567	0.01299637453
6568	0.003381741608
6569	0.00108737149
6570	0.003099544575
6571	0.005193015343
6572	5.449591285e-06
6573	0.001335717281
6574	0.001024861823
6575	0.008280628115
6576	0.001965158165
6577	0.007699100947
6578	3.633060484e-07
6579	1.760227142e-05
6580	0.004452839632
6581	0.0006606075264
6582	0.002257325478
6583	0.0007258961118
6584	0.003433258403
6585	0.000205694601
6586	0.01270939906
6587	5.722070841e-06
6588	5.722070841e-06
6589	0.003282325387
6590	0.001214576045
6591	0.00296289612
6592	0.006777030343
6593	0.001223005533
6594	0.001238760815
6595	0.0009450517179
6596	1.849640526e-05
6597	0.009368994804
6598	0.003909929061
6599	5.893686297e-05
6600	0.007247448182
6601	0.007722628868
6602	0.007518933768
6603	0.008606941526
6604	0.001479977339
6605	0.004048527103
6606	0.006765679124
6607	0.008491888312
6608	0.005679883635
6609	0.0004172694566
6610	0.0009812321756
6611	5.449591276e-06
6612	5.449591276e-06
6613	0.001419569131
6614	0.009686546207
6615	0.007729527905
6616	0.01398214164
6617	0.0006689169772
6618	0.0005480615578
6619	0.008806341368
6620	3.791848612e-05
6621	0.005172787169
6622	0.001566076902
6623	4.223141752e-05
6624	0.009192282708
6625	0.007166719884
6626	2.179836512e-06
6627	0.002517250892
6628	0.001830986088
6629	0.001350492784
6630	0.00401563329
6631	1.66212534e-05
6632	1.66212534e-05
6633	0.003551795735
6634	0.001094537952
6635	0.0004620543768
6636	0.008249037475
6637	0.01143994948
6638	0.003486138711
6639	2.217464638e-05
6640	0.0001449291227
6641	0.00814431259
6642	0.009818348931
6643	0.01236448486
6644	1.073050523e-06
6645	0.002480665023
6646	0.003721414986
6647	0.001502462561
6648	0.0109511013
6649	0.0008936401986
6650	5.177111684e-06
6651	5.177111684e-06
6652	0.009959502332
6653	0.00620366014
6654	0.004121739662
6655	0.009345745656
6656	0.009437490317
6657	0.00289947148
6658	0.004930686763
6659	6.328373962e-05
6660	0.01388171848
6661	0.005047982462
6662	0.0007942337854
6663	0.002318895626
6664	0.001728162745
6665	0.009743776638
6666	0.004159241113
6667	0.002531967581
6668	0.0002121241549
6669	0.0001372047752
6670	0.0005579394105
6671	0.006600426138
6672	0.0007052907883
6673	0.00412529506
6674	0.002072757329
6675	0.002460922525
6676	0.006282089805
6677	0.002620952713
6678	0.006865158915
6679	0.008826037529
6680	0.006088460423
6681	0.007192317082
6682	0.009632551844
6683	0.007095410526
6684	0.002122782543
6685	0.008549540044
6686	0.0008337294503
6687	0.001201977706
6688	0.01561307327
6689	0.001075069578
6690	0.006804892369
6691	0.001072028421
6692	0.01396018042
6693	0.005660567035
6694	0.003281539099
6695	0.001775404854
6696	0.005035593451
6697	0.004249200894
6698	1.132582222e-05
6699	0.005538253568
6700	0.001560236081
6701	0.005751499596
6702	0.006346304858
6703	0.002135936275
6704	0.0003885833666
6705	2.906448688e-06
6706	0.004537746422
6707	0.00632110724
6708	0.001120245108
6709	0.003411110317
6710	0.005729361593
6711	0.002173380077
6712	0.011569383
6713	4.768392371e-05
6714	0.001952382974
6715	0.001021154486
6716	0.004108599515
6717	3.905296597e-05
6718	9.819940616e-06
6719	0.001180924878
6720	0.003384416691
6721	0.005762096677
6722	0.004161088776
6723	0.000135200758
6724	5.177111685e-06
6725	5.177111685e-06
6726	0.00523882476
6727	0.00599564511
6728	3.226158042e-05
6729	0.001771088955
6730	0.005439323416
6731	0.002682228872
6732	0.002316769366
6733	9.074788451e-05
6734	0.007801427306
6735	0.01254262604
6736	0.002387752504
6737	0.001082425794
6738	0.009573941724
6739	0.006156218216
6740	7.901907318e-06
6741	0.00255354095
6742	5.718249053e-05
6743	0.004021471584
6744	0.005872827769
6745	0.007348399399
6746	2.351455389e-05
6747	0.002700519842
6748	0.00230888488
6749	0.001197336835
6750	0.005047617304
6751	0.002412487703
6752	0.002817690563
6753	0.001201029132
6754	0.009465643344
6755	0.0003506494316
6756	0.01073838485
6757	0.0008367178922
6758	5.129481555e-05
6759	0.01420686371
6760	0.007548179572
6761	0.006040538338
6762	0.008576294283
6763	0.004464045575
6764	0.002783874662
6765	0.001012108114
6766	0.0004602840491
6767	0.0026922232
6768	0.005229371972
6769	0.004841291059
6770	0.001354727414
6771	0.007070570657
6772	0.01038967417
6773	1.952770209e-05
6774	0.002523774635
6775	0.00710894666
6776	0.001399948839
6777	0.007166527098
6778	0.008555398897
6779	0.01516343932
6780	0.0001214948876
6781	0.01346418119
6782	0.0113884564
6783	0.0005008415592
6784	0.01344016377
6785	0.009037501713
6786	0.004238246981
6787	0.01472670499
6788	0.002179941898
6789	0.0009589306913
6790	6.542431637e-05
6791	0.001092385511
6792	0.002788848133
6793	0.008429331807
6794	0.0004154290556
6795	0.004310419501
6796	0.004492427721
6797	0.006840823005
6798	0.009514892515
6799	0.01639200852
6800	0.001959350934
6801	0.002403796539
6802	0.004139536364
6803	0.00244670808
6804	0.005212936435
6805	0.002377281254
6806	0.00362010912
6807	0.002180640859
6808	0.004363262862
6809	2.140661353e-05
6810	0.008683856072
6811	0.0004209755055
6812	0.005419285689
6813	0.0001157085109
6814	0.01288246233
6815	0.01524416127
6816	7.266122207e-07
6817	0.00803355326
6818	0.007535839958
6819	0.006504248486
6820	0.009391186486
6821	1.362397821e-06
6822	1.362397821e-06
6823	0.0002926517411
6824	0.007120873019
6825	0.01152182256
6826	0.002609353188
6827	0.001281406783
6828	0.002400515689
6829	0.01290357494
6830	0.003791024684
6831	0.001215600028
6832	0.001711775542
6833	0.0008876026366
6834	6.793823824e-06
6835	0.007269808364
6836	0.006386591316
6837	0.002768708593
6838	0.007871133097
6839	0.01024822217
6840	0.002396834104
6841	0.007811997876
6842	0.003576654686
6843	0.004614692678
6844	0.008468540997
6845	9.627343324e-05
6846	0.0003419372147
6847	0.003517585537
6848	0.005809273113
6849	0.00563674613
6850	0.002063583199
6851	0.01366923963
6852	0.004214591211
6853	0.002266794575
6854	0.008842063068
6855	0.004018575272
6856	1.18074478e-06
6857	0.008298386034
6858	0.01172573112
6859	0.0005572149653
6860	0.0006338590954
6861	0.00977678084
6862	0.0009502742636
6863	0.0003725354056
6864	0.005341680727
6865	0.005188023991
6866	0.001221069729
6867	0.006025970276
6868	0.001529084171
6869	0.01448287402
6870	1.74386921e-05
6871	1.235240691e-05
6872	0.01396196717
6873	2.156221619e-05
6874	0.007365133295
6875	5.251624233e-05
6876	0.01383119214
6877	0.004726621378
6878	0.009070103482
6879	0.0005390420783
6880	0.01014694868
6881	0.00585734218
6882	0.0008779575149
6883	5.516512225e-05
6884	0.007083238828
6885	0.00251817785
6886	0.008175238882
6887	4.130963654e-06
6888	0.004806339829
6889	7.215042017e-06
6890	0.005554135565
6891	0.004430001892
6892	0.00391219168
6893	0.006890747641
6894	0.0003254727977
6895	0.00097297512
6896	0.0008549181511
6897	0.004862812059
6898	0.00274459665
6899	0.007489022673
6900	0.002208523887
6901	0.0140618735
6902	0.005662939437
6903	0.008686394184
6904	0.007430123827
6905	7.591434034e-05
6906	0.00462752796
6907	0.002068494715
6908	0.002558992762
6909	0.008919990076
6910	0.01182529448
6911	0.01401711341
6912	0.001731554299
6913	5.553027052e-05
6914	0.006417116815
6915	0.0002111690394
6916	0.0004051944457
6917	0.004995890561
6918	0.01472727841
6919	1.90735695e-06
6920	0.006313177853
6921	0.0002211090522
6922	0.004166323744
6923	0.005851619128
6924	5.449591147e-07
6925	5.449591147e-07
6926	0.009543343754
6927	0.001076752564
6928	0.0006162807187
6929	0.003159474195
6930	0.0001574722597
6931	0.001965418898
6932	0.001971661841
6933	0.005375117049
6934	0.002871272263
6935	0.001542079519
6936	0.00158467888
6937	0.0005192343659
6938	0.006202665634
6939	0.009938414372
6940	9.082652182e-06
6941	1.771117166e-05
6942	1.771117166e-05
6943	5.831062648e-06
6944	0.0001253844725
6945	0.002386137977
6946	0.000854517383
6947	0.004052591082
6948	0.005639808395
6949	0.001877767535
6950	0.009031523467
6951	0.004805788817
6952	0.008429992084
6953	0.006769093383
6954	4.26575594e-05
6955	0.009365235248
6956	0.0007691761596
6957	0.008234360894
6958	0.00445419398
6959	0.00589049379
6960	0.006464417602
6961	0.001890975074
6962	6.627034516e-05
6963	0.005960381787
6964	0.0008057235988
6965	3.970761355e-05
6966	5.72207084e-06
6967	5.72207084e-06
6968	0.007057579655
6969	0.005569195997
6970	0.01364667598
6971	0.0009440865237
6972	7.750583746e-05
6973	0.007954775632
6974	0.008070204288
6975	0.005223570166
6976	0.002787809867
6977	0.002484058542
6978	0.002546767404
6979	0.002778649297
6980	0.003866036963
6981	0.007403076705
6982	0.001606058508
6983	0.003846170652
6984	0.002731406127
6985	0.008194241107
6986	0.004210421117
6987	0.006572268479
6988	0.004243786222
6989	0.00291320715
6990	0.00309067596
6991	0.003706420186
6992	5.189961677e-06
6993	0.004541219105
6994	0.003841562016
6995	0.01135123988
6996	0.002298079302
6997	0.002571893807
6998	0.001192562338
6999	0.006483888596
7000	0.002684699527
7001	0.00452399683
7002	6.357856499e-06
7003	0.008333038741
7004	0.002600626037
7005	0.007156008088
7006	0.01063676898
7007	1.280653948e-05
7008	0.000142474656
7009	0.0001172005891
7010	0.00682227722
7011	3.639894794e-05
7012	0.011773565
7013	0.001497296171
7014	0.002693164405
7015	5.449591279e-06
7016	5.449591279e-06
7017	0.00289937344
7018	3.846892431e-05
7019	0.02056630668
7020	0.002546238462
7021	0.000269436865
7022	0.002109633218
7023	0.008691547445
7024	0.00461978969
7025	0.006270376119
7026	1.117166209e-05
7027	1.117166209e-05
7028	0.0009749566533
7029	0.006738278231
7030	0.003448971578
7031	0.005833166265
7032	0.0030073691
7033	0.006468031616
7034	0.0006439315965
7035	2.399540495e-05
7036	7.356948228e-06
7037	7.356948228e-06
7038	0.0002229246658
7039	0.009024728646
7040	0.002776701132
7041	0.002837602192
7042	0.001283421874
7043	0.001695795027
7044	0.0004387579707
7045	0.001488003934
7046	0.002453038439
7047	0.001947569884
7048	0.008395416527
7049	0.009643901812
7050	0.001601148716
7051	0.0110686707
7052	0.001288099192
7053	0.004561120855
7054	0.003208375765
7055	0.00225478799
7056	0.006250969794
7057	0.005284578862
7058	2.016348773e-05
7059	2.016348773e-05
7060	0.00704260563
7061	0.004047808916
7062	0.004344877331
7063	3.317631496e-05
7064	0.0007147909276
7065	0.007061750316
7066	0.003852659151
7067	1.580381471e-05
7068	1.580381471e-05
7069	4.44703952e-06
7070	0.002165271882
7071	1.534968209e-05
7072	2.975520091e-05
7073	0.009004789264
7074	0.004177239583
7075	0.002731858198
7076	0.0008592970652
7077	0.01611139862
7078	0.002260050344
7079	0.006200690644
7080	0.006065448989
7081	0.01147556362
7082	0.0005928858342
7083	0.003599428889
7084	0.008248590453
7085	0.005776441659
7086	0.004589129663
7087	0.006660710083
7088	0.004862977727
7089	0.01037910413
7090	0.001520706399
7091	0.006518467972
7092	0.001489398028
7093	0.0003435347567
7094	0.006894389256
7095	0.002912521728
7096	0.01291192349
7097	0.007712413387
7098	0.01000160903
7099	0.001231757888
7100	5.449591282e-06
7101	5.449591282e-06
7102	9.816934676e-05
7103	0.0006294921385
7104	0.01177040073
7105	1.752951859e-05
7106	0.003376891192
7107	0.0002674596916
7108	0.003255603128
7109	0.004116308307
7110	0.002746418682
7111	0.0006090344664
7112	0.001358247928
7113	0.001793859454
7114	0.002105152042
7115	0.002375712937
7116	0.008954942768
7117	0.01002312861
7118	0.005403677037
7119	0.001926574132
7120	3.633060874e-07
7121	0.007426748754
7122	0.001571356106
7123	3.115349678e-05
7124	2.361489558e-06
7125	1.771117166e-05
7126	1.771117166e-05
7127	0.001369406962
7128	0.006851808062
7129	0.001200807745
7130	0.003824963154
7131	0.000862723211
7132	0.005575845825
7133	0.002733735632
7134	1.634877383e-06
7135	1.634877383e-06
7136	0.001095996515
7137	0.003252464158
7138	7.266121711e-06
7139	0.0009965453399
7140	0.004944539726
7141	0.005148840537
7142	0.005137237064
7143	0.007073385343
7144	0.004539738659
7145	0.002223093817
7146	0.001985165118
7147	9.775528725e-06
7148	0.007799942518
7149	0.008818492371
7150	0.007951506459
7151	0.00566131149
7152	0.005699846334
7153	0.0003218579741
7154	0.01721711164
7155	0.005389426837
7156	0.006167001706
7157	5.449591281e-07
7158	0.005724002511
7159	0.003196151767
7160	0.0002941520235
7161	3.701367059e-05
7162	2.24358231e-05
7163	0.002561969244
7164	0.006196731857
7165	0.002053300967
7166	0.01765975831
7167	0.003938525033
7168	8.719346016e-06
7169	8.719346016e-06
7170	0.004572619434
7171	1.435914329e-05
7172	0.005737017575
7173	0.0008584547511
7174	4.904632115e-06
7175	4.904632115e-06
7176	1.81652911e-08
7177	0.007652059625
7178	0.001203294544
7179	0.001081513834
7180	0.002170109939
7181	0.007510925962
7182	0.01013892142
7183	0.00924350134
7184	2.698470284e-05
7185	0.0024947467
7186	0.005885302284
7187	0.004135071827
7188	0.006175431199
7189	1.371480473e-05
7190	0.00288407432
7191	7.639398073e-06
7192	0.002255983584
7193	0.006521220246
7194	0.01143791247
7195	0.009678802948
7196	0.001751945189
7197	0.000290749442
7198	0.00173746869
7199	0.01251729565
7200	0.006208975116
7201	0.01249334637
7202	2.407645127e-05
7203	0.006026548384
7204	0.01248296965
7205	0.002707963004
7206	0.009204685261
7207	0.001889019587
7208	0.001477196361
7209	0.001076970985
7210	0.0004992714179
7211	5.449590845e-07
7212	5.449590845e-07
7213	0.003819199898
7214	0.001233452319
7215	0.00375495915
7216	0.008880070002
7217	0.0004399280949
7218	0.005928390015
7219	0.004525088861
7220	0.003113924026
7221	0.006032153194
7222	0.0008375941784
7223	0.009892737626
7224	0.005804507168
7225	0.01397816532
7226	0.001112222522
7227	3.977996632e-05
7228	0.005079336669
7229	0.0001330341487
7230	0.003887289046
7231	0.001272183523
7232	3.751347653e-05
7233	0.001221728968
7234	0.007989697095
7235	0.002343732177
7236	0.002171789851
7237	0.007470862593
7238	0.007101137219
7239	0.01048813313
7240	0.005514729027
7241	0.002188550801
7242	0.0006367542726
7243	0.002073906427
7244	0.001691346443
7245	0.0003377954257
7246	0.004866913319
7247	0.0001987973773
7248	0.003229260641
7249	0.01043725622
7250	0.005455738473
7251	0.01649493029
7252	0.003545399098
7253	0.007627265906
7254	0.0002624589314
7255	0.008750318702
7256	0.004644800982
7257	0.00367197363
7258	0.001363072462
7259	0.0009756878913
7260	0.003674199392
7261	0.01731543787
7262	0.00042898525
7263	0.0001598315982
7264	0.001857474392
7265	0.0009395960923
7266	0.003167884721
7267	0.01564129715
7268	0.0008274123222
7269	0.008122264845
7270	0.004196179948
7271	0.01032385198
7272	0.001179612141
7273	6.135709661e-05
7274	9.318801093e-06
7275	0.006024686271
7276	0.0005402375947
7277	0.0007001733773
7278	0.0006954230733
7279	0.002283525219
7280	0.01398791514
7281	0.0001175594209
7282	0.002005710655
7283	0.003862454814
7284	0.003613570097
7285	0.006449363928
7286	1.629427795e-05
7287	0.009064716179
7288	0.009420394661
7289	0.003384805709
7290	0.004039470983
7291	0.005585763887
7292	0.004179696144
7293	1.480472298e-05
7294	0.003585173499
7295	0.002785036508
7296	0.00473974207
7297	0.002609654836
7298	0.00772885684
7299	0.006458060823
7300	1.262488647e-05
7301	0.009407075086
7302	0.01141065729
7303	0.001088022393
7304	0.001398418439
7305	1.508874576e-05
7306	0.001660474139
7307	0.001540092889
7308	0.001828031168
7309	0.0003820041902
7310	0.002226867581
7311	1.008174387e-05
7312	1.008174387e-05
7313	0.006763605825
7314	0.02452642383
7315	0.005228721359
7316	1.333333338e-05
7317	0.005079798146
7318	4.488463396e-05
7319	0.01018089193
7320	0.001995288027
7321	0.003811999752
7322	0.00801256762
7323	0.0001556681149
7324	0.00103191292
7325	0.0004647051372
7326	0.01082516451
7327	0.005095544219
7328	0.001639889818
7329	0.0004529328883
7330	0.003677292368
7331	0.003696077163
7332	0.001318199104
7333	4.795640326e-06
7334	0.00513683229
7335	0.0006269541422
7336	0.006476053873
7337	0.006825273056
7338	5.112235593e-06
7339	0.003323744026
7340	0.005705411694