node_id	error
3	0.0007389876437
216	0.000536007606
377	6.24494744e-05
524	0.00404367727
564	0.0005527613385
684	0.0007800771098
735	0.0007301702171
822	0.0004798681759
966	0.002398711464
993	0.001755007074
1024	0.001508552985
1109	0.0008565862672
1127	0.0005295875272
1143	0.001186384303
1335	0.0009321743465
1714	0.0008561571475
1745	0.002000474352
1857	0.0002455545275
1897	0.001604809394
2033	0.002422797997
2194	0.00708530882
2223	0.0007650929945
2497	0.001175370128
2601	0.0004713164732
2734	0.0006550693469
2786	0.00068129089
2887	0.001747707984
3060	0.0002255660922
3099	0.000177440654
3142	0.001418525149
3150	0.003256509557
3257	0.0002899826101
3335	0.000333748606
3400	0.0008371447391
3409	0.001142655268
3492	0.004107053036
3783	0.001477234912
3939	0.001983802961
3948	0.0004397811429
3965	0.001888975405
3994	0.001195079341
4001	0.0005859175185
4030	0.001590047327
4035	0.00211078507
4489	0.003172132449
4493	0.002302272713
4515	0.00100084213
4617	0.001511763922
4757	0.0001916462128
5109	0.0007654929412
5168	0.0004194987989
5254	0.0003199626271
5428	0.001747184901
5488	0.00226241084
5561	0.0007761723711
5711	0.002224005157
5778	0.0003144007534
5983	0.0003883090578
6088	0.0007515139783
6486	0.0006586827529
6581	0.0007503855053
6793	0.0008467114358
6835	0.002068128787
6900	0.0005494867927
6944	7.575726613e-05
7073	0.002281083938
7162	0.004293005183
7201	0.001636787555
7449	0.001592002821
7562	0.0002196452049
7597	0.001817010657
7700	1.816890355e-05
7748	0.000977384008
7838	0.0003570291499
7910	0.001473530355
7959	0.001632645295
8030	0.001023492601
8101	0.001001835378
8109	0.001606583854
8313	0.001033154913
8431	0.002152321856
8465	0.00110608606
8502	0.002398410361
8560	0.002921074971
8561	0.002668393332
8668	0.001066734031
8729	0.0007307656716
8761	0.003939312122
8918	0.001355915163
8958	0.001784796054
8981	0.00181694728
9042	0.0005854686638
9045	0.001243148155
9078	0.0009323209296
9258	0.00121501531
9304	0.001474643493
9337	0.0006488690288
9434	0.001430766971
9448	0.001425090829
9459	0.001765846364
9535	0.0003353787603
9546	0.0003784276268
9656	0.0002628503394
9873	0.0008350716052
9881	0.0008776288041
9895	0.000597931132
10050	0.0005171663323
10073	0.0001998766349
10168	0.0009003260784
10178	0.000536609739
10200	0.0007948073235
10261	0.001164258564
10288	0.00105606279
10333	0.001833927143
10354	0.003254995087
10408	0.001133056307
10463	0.001102683074
10497	0.003097265456
10664	0.004810819081
10827	0.0004476346876
10971	0.0003672741351
11039	0.0004696528006
11071	0.0002141089436
11093	0.0002752324818
11097	0.0003056235405
11116	0.0003392919809
11454	0.001405513606
11472	0.0005231438056
11503	0.0004292839255
11542	0.002285487174
11809	0.002337596007
11858	0.002074651391
11931	0.001508553794
11939	0.001347947632
11995	0.001281756202
12071	0.0009357890758
12190	0.007009379619
12232	0.0007367009546
12246	0.0006985551035
12255	0.000718023724
12325	0.0009894013755
12401	0.001891129235
12476	0.001621526073
12843	0.0009573379845
12892	0.001227155259
12932	0.0009699505501
12949	0.0003259876896
12967	2.8504673e-05
13009	0.0004348813323
13154	0.001000939158
13168	0.001027967206
13214	0.002589891381
13261	0.00511549221
13370	0.0005091272011
13420	0.003808256523
13430	0.001094071627
13582	0.0006172124358
13742	0.001676825169
13801	0.0005657545558
14041	0.002052484242
14105	0.0001753291885
14115	0.001816738402
14119	0.0003378559804
14169	0.001094381011
14170	0.002004029506
14311	0.0006762353971
14397	0.0007814504211
14486	0.001192404804
14509	0.0004355837681
14551	0.004323514002
14891	0.0004372341109
14928	0.001708639259
14966	0.00136258589
15062	0.001558634681
15098	0.00190677531
15176	0.001111003318
15196	0.0004635926831
15221	0.000841533974
15233	0.0007393765116
15288	0.001923551764
15322	0.0001962706327
15580	0.004466259299
15743	0.001895379176
15975	0.0006774063948
16026	0.0007028080765
16034	0.0003898544352
16039	0.001441869621
16098	0.000125781016
16522	0.0004289694394
16529	0.0001697585242
16622	0.002132506964
16728	0.001016537782
16803	0.002346061087
16822	0.0007967887375
16823	0.001576053423
16988	0.001416479736
16991	0.001172398109
17143	0.003036410061
17356	0.001321373259
17488	0.001301205328
17559	0.0008998720591
17862	0.0005955996151
17973	0.00195324242
17992	0.008698707525
18043	0.0003777104541
18341	0.001443107433
18414	0.0007322254071
18488	0.001675921881
18544	0.0002606315605
18611	0.0005495935772
18801	0.0003047898883
18873	0.005907872192
18972	0.001876484503
19103	0.0004790458976
19109	0.001334299029
19125	0.0001895486049
19234	0.00102752863
19248	0.0005665904901
19269	0.000469151749
19302	0.0001472651218
19465	0.001928144372
19574	0.0004909604643
19709	0.002652441272
19736	0.001152402126
19841	0.001062692133
20174	0.0003178256709
20189	0.0002158182625
20257	0.0004855896987
20325	0.0004525394419
20436	0.0008357384473
20455	0.000528580174
20497	0.00086262954
20612	0.0007594264876
20636	0.002118362184
20727	0.001709345744
20761	0.004396778752
21040	0.00145132871
21073	0.001074042492
21467	0.0006917217676
21632	0.002456530124
21680	0.001597381222
21694	0.001431825058
21698	0.001057221738
21903	0.0001583476366
22009	0.001605343048
22046	0.001286715875
22378	0.001985585771
22468	0.001730789727
22538	0.002785137731
22547	0.001557630189
22591	0.0001876907878
22652	0.0006309013816
22663	0.003980523343
22674	0.0006893183934
22809	0.001327162981
22861	0.0002895859642
22864	0.0008169207578
23054	0.0003332158025
23084	0.0001925064787
23264	0.001387926263
23298	0.001139877542
23302	0.00102587154
23429	0.0005446592032
23549	0.0005366202772
23666	0.001108618001
23693	0.0005743799511
23756	0.0007989345247
23757	0.001038483318
23796	0.001144594707
24102	0.0005788620576
24107	0.0005735848276
24195	0.001824817531
24233	0.001115724247
24240	0.0002276885043
24255	0.001586305533
24334	0.002533001337
24516	0.004824342944
24517	0.001926466512
24580	0.000901964581
24630	3.395249698e-05
24835	0.002431590756
24860	0.001659071119
24875	0.001009352006
25326	0.0007380072866
25391	0.001441901222
25606	0.0003940074057
25666	0.0003740581221
25767	0.007168172895
25818	0.006093721595
25922	0.0001279352475
25975	0.001315252657
26045	0.0001256507674
26317	0.0003106526695
26400	0.001485638609
26443	0.0008841278697
26477	0.0002872533041
26518	0.001525219248
26622	0.00119513744
26673	0.0004516747607
26710	0.001602115032
26735	0.000398805567
26935	0.000218828615
26970	0.00145954079
27560	0.001755880555
27692	0.003552277837
28069	0.006413429863
28196	0.00383845737
28368	0.0008002454159
28376	0.001990680701
28514	0.01638064917
28566	0.0006280245945
28624	0.0002479468266
28681	0.0005996571092
28980	0.0001626181037
29012	0.001046088589
29018	0.0006079289027
29105	0.000240329589
29302	0.0002900324654
29573	0.0003416501218
29668	0.0003993993219
29794	0.001132508716
30019	0.0007849671812
30072	0.00161290526
30074	0.001962934843
30126	0.0006000048246
30154	0.0008648252347
30402	0.0007433247524
30536	0.0001233138222
30552	0.0005786919528
30615	0.001214656531
30817	5.751998887e-05
31039	0.001565171783
31178	0.001917040541
31201	0.001614134882
31414	0.001649559636
31512	0.0005839773801
31656	0.002112376043
31844	0.001383527022
32055	0.001262596043
32130	0.001159757208
32146	0.001571281535
32194	0.0008722821518
32245	0.00179662729
32279	0.001325045234
32377	0.0004423091823
32489	0.0001158736499
32502	0.001189921779
32504	0.0009262616133
32520	0.001149675622
32548	0.0003275652198
32638	0.001328335608
32688	0.0001629840718
32865	0.001244862004
32952	0.002136501701
33031	0.0002854360236
33140	0.0004600358628
33150	0.0006773718458
33167	0.0001409812442
33190	0.001135735375
33247	0.002349462023
33339	0.0009523869721
33487	0.001755504935
33493	0.001003227211
33630	0.003738422007
33694	4.263119337e-06
33721	0.0003821630637
33776	0.002994756502
33872	0.0005014526896
33915	0.0009579652045
34063	0.0005194933216
34206	0.001120246527
34341	0.002476021334
34464	0.001083729571
34760	0.001640207775
34798	0.0008043257215
34926	0.0009501756965
35041	0.0006748913547
35147	0.0006888359949
35151	0.0005526755697
35247	0.0005012436205
35405	0.001399358485
35500	9.954179203e-05
35690	0.0008714743282
35725	0.0008307867194
35845	0.0008787424174
35847	0.001292560639
35911	0.000308751802
36000	5.008278946e-06
36304	0.001185958361
36355	0.001164343994
36405	0.003409553309
36408	0.0007430389047
36437	0.0006213385108
36522	0.0006167226412
36658	0.0003607669357
36702	7.454103412e-05
36761	0.00381101446
37039	6.033860972e-06
37044	0.0001982940138
37066	0.0005786962672
37202	0.000983031428
37267	0.001327301494
37331	0.001232134521
37445	0.0003760229019
37496	0.001189614702
37580	0.002000045759
37621	0.0009208808486
37628	0.0003225564497
37689	0.0005678071322
37860	0.002132181152
37922	0.0007228645983
38028	0.003360935077
38063	0.0005386007664
38072	0.001479592234
38416	0.0009317567145
38418	0.001024474857
38463	0.0006400190237
38531	0.0002068086118
38642	0.001403535626
38674	0.001584679485
38749	0.00629104993
38771	0.0009281953693
38810	0.001326418333
38934	0.0009760537832
38950	0.0009275408488
38978	0.001507921162
39235	0.001235787812
39429	0.0003733977783
39433	0.00451629756
39542	0.001523233672
39629	0.0006046922294
39649	0.004206393041
39707	0.001275541173
39728	0.00133868354
39735	0.00166178425
39871	0.0008297430405
39979	5.243128312e-06
40027	0.001227154672
40082	0.0006505893076
40482	0.0002904738869
40680	0.001585108369
40716	0.0008183438358
40819	0.001018593357
40989	1.719002252e-05
41117	0.0007923535136
41143	0.00192303533
41267	2.236811105e-05
41327	0.0005883442315
41430	0.001115469129
41494	0.001852668381
41798	0.001455855876
41823	0.001006328369
41836	0.0004124625376
41846	0.001287055701
41881	0.001171255246
41968	1.066041408e-05
42099	0.001842487647
42124	0.001879130532
42384	7.935818721e-05
42404	0.0004140996314
42416	0.0001212029608
42483	0.0004358010429
42548	0.001166613887
42654	0.0007283680844
42830	0.001262632218
42846	0.001735834387
42919	0.001031099989
42951	0.0007902677924
43031	0.0008355006161
43049	0.009195768383
43063	0.0009665216057
43246	0.002129345226
43311	0.00121484101
43412	0.0006931674362
43444	0.00110998495
43627	0.001917394019
43738	5.916947688e-05
43742	0.008072710587
43755	0.0007806027559
43785	0.001245494278
43941	1.143222125e-05
44082	0.002923057658
44110	0.0007701343551
44141	0.0003939868073
44206	0.0008965785764
44211	0.0001329192286
44226	0.0003533005427
44228	0.001525966279
44278	0.0003736020637
44430	0.002093890774
44582	0.0004754395524
44618	0.0001322629164
45139	0.001572931804
45553	0.0002793103414
45607	0.002075669343
45610	0.002437941413
45612	1.461473924e-05
45643	0.003672389332
45696	0.0008978822991
45792	0.000606918676
46013	0.001053073157
46078	0.0006715135025
46125	0.000485899227
46138	0.001017491219
46169	0.0005045516713
46181	0.003330916052
46314	0.001172525618
46323	0.001206346177
46346	0.001384573186
46404	0.001100019306
46520	0.004040202271
46604	0.0007093750287
46784	0.000801420686
46822	0.0002529536596
46877	0.000255974719
46921	0.0001051821808
47053	9.814244174e-05
47099	0.001309442249
47325	0.00055239536
47401	0.0006259099037
47568	0.001660781324
47597	0.001448430502
47632	0.0001119133497
47757	0.0001763815154
47888	0.001225549559
47989	0.000493983542
47992	0.001809328894
48023	0.002312806824
48088	0.0009794772288
48107	0.0004971401552
48188	0.001144684057
48292	0.0003176790702
48295	0.001468834476
48343	0.0006959015269
48403	0.001082179501
48448	0.002066489628
48527	0.0006261178995
48544	0.001082901767
48640	0.002843408221
48718	0.0005916306322
48734	0.0007636633593
48765	0.0004280187287
48907	0.001033115663
48935	0.001138253879
48994	0.0003306285028
49009	0.0004783770396
49210	0.001683322569
49550	0.002300575254
49665	0.004076742799
49780	0.0004207654009
49785	0.003305480429
49787	0.0006816460558
49803	0.0001432354487
49844	0.002936808068
50359	0.01169900485
50435	0.0001951052271
50503	0.000224082888
50546	0.0009892639416
50547	0.001844739768
50625	0.0006800264434
50695	9.364794457e-05
50915	0.001292906892
50930	0.001226827064
51016	0.0002090708794
51132	0.001546822953
51171	0.002365079053
51231	0.0006199850268
51330	0.0003216824717
51420	0.0008169568145
51467	0.0006150926936
51492	0.001811319348
51507	0.001351532708
51640	0.0005673694737
51764	0.003129148538
51778	0.001968046866
51876	0.000317857272
51991	0.0001339995775
52016	0.0007479571495
52124	0.0004526622251
52168	0.0004535009941
52390	0.001456137565
52428	0.0005061768173
52469	0.000689910562
52504	0.00107690158
52522	0.00010946044
52579	0.0008159349103
52965	0.0009868247536
53156	0.0009178406259
53260	0.001063466833
53265	0.001120272831
53311	0.0006030620473
53334	0.0002183187196
53427	0.0007172396567
53483	0.005615553006
53535	0.001072917304
53627	0.001681024966
53840	0.0005862254164
53881	0.0005625728365
53920	0.0002951931241
53930	0.0002550591451
54162	0.0009480523718
54234	3.689839589e-05
54250	0.002620483335
54272	0.0006717160676
54291	0.0004280704323
54445	0.000506002617
54552	0.0006139847144
54688	0.0007510240303
54750	0.0005065649808
54881	0.0001054798948
54910	0.0005623007377
54912	0.0005557410143
54967	0.0002944460004
54986	0.00837680979
55025	0.001694766465
55168	0.0009954200072
55485	0.003010139638
55541	6.494180394e-05
55632	0.0007533917401
55655	0.0002885307861
55749	0.003232586955
55805	0.000457241763
55840	0.0006767828242
56188	0.0007879776116
56246	0.0005735783997
56324	0.001368810099
56385	0.0003141289838
56457	0.001354425105
56635	0.0006339875144
56801	0.005009802182
56806	0.001414422444
56992	0.0002892255666
57172	0.002503006092
57488	0.001454940188
57504	0.0009664801808
57548	0.002717928408
57591	0.001465352038
57835	0.002575527012
57849	0.001111899107
58052	0.001779070327
58128	7.160591712e-06
58142	0.0005152195272
58181	0.001046998519
58420	0.001930234097
58501	0.001043534753
58563	1.55758971e-06
58569	0.001819689124
58607	0.001618661598
58657	0.001453309824
58696	0.001197707549
58737	0.001995795152
58756	5.581023731e-05
58887	0.0007969859542
58943	0.0005545544929
59010	0.0002912346815
59092	0.001780714485
59137	0.005789374017
59235	0.0007388202495
59345	0.0004795085352
59367	0.001611534927
59377	0.004161243614
59388	0.0009810773201
59451	1.013481568e-05
59586	0.001272961473
59591	0.001918128132
59628	0.001588702217
59721	0.002152338005
59754	0.003557163664
59862	0.002179664319
59905	3.227661048e-05
60134	0.0005853517128
60164	0.001131475231
60167	0.00108626319
60191	0.0009259521434
60203	0.001392563229
60264	0.0004188259731
60410	0.0007614951536
60573	0.000990737737
60737	0.0005251991533
60767	0.008111464092
60779	0.001227153609
60906	0.000255101141
61060	0.0001243703435
61069	4.817982485e-05
61177	0.0005743915703
61193	0.00145885395
61213	0.002350126726
61358	7.317118556e-05
61535	0.0009967497194
61595	0.001785965124
61630	0.007378412254
61689	0.00686480639
61698	0.00198098202
61717	0.002251570454
61729	0.001909908749
61933	3.760010037e-05
62121	0.002417002709
62317	0.003105327284
62409	0.002193301948
62604	0.0008304515067
63294	0.001838903711
63328	0.0008867979436
63350	0.0006997697044
63594	0.0005136654838
63649	0.001565862507
63965	0.001968661847
63969	0.001543002713
64324	0.0007349289527
64448	0.001797235061
64533	0.0007039580793
64623	1.975295697e-05
64656	5.021814393e-06
64739	0.0008211702304
64801	0.0004132121052
65145	0.0008328430843
65254	0.001618286554
65273	0.002888013342
65293	0.001075164763
65522	0.0001417183682
65590	0.001033395779
65633	0.001350101634
65744	0.001216987193
65822	0.001341817377
65832	0.0007829054069
66105	0.0001163728195
66166	0.003581175489
66197	0.001577348761
66207	0.002078767277
66555	0.001137583525
66602	0.001166963584
66645	0.001831306201
66768	0.004523641442
66923	0.001353652871
66926	0.001455788375
67012	0.000132757649
67191	0.0006537429933
67389	0.000286059426
67396	0.00110929908
67426	0.001460023135
67449	0.00101334548
67611	0.0006364418014
67630	0.0003430013733
67673	0.0007077754218
67674	0.0009615857783
67690	2.979254692e-05
67735	0.001504052068
67820	3.605694514e-05
67970	0.0009716470903
67995	7.246866423e-05
68406	0.001217670755
68436	0.001134805799
68442	0.001776880544
68616	0.001153460498
68627	0.0004503764823
68953	0.001342580054
69015	0.003037726043
69067	0.004688389118
69156	0.0008209383367
69177	0.0005483446932
69210	0.0003425796977
69245	0.0006186785562
69247	0.001873658167
69277	0.0001680686016
69292	0.001478694233
69331	0.00284958489
69415	0.001397779678
69453	0.001622604736
69476	0.0007807893191
69746	0.000343784166
69779	0.001628879541
69823	0.001772356642
70078	0.001135405312
70200	0.0005374808372
70273	0.004432565664
70653	0.002229991115
70703	0.0008183229224
70710	0.002249855315
70721	0.0005097242502
70881	0.0009273367485
71321	0.0009664144037
71503	0.0004840994134
71664	1.389202844e-05
71665	0.0008240738658
71667	0.0009890859928
71842	0.0008368167297
71904	0.0002608152833
72025	0.0009975210193
72101	0.001208475923
72152	0.002670429778
72202	0.0006682262751
72299	0.00100991808
72508	0.001861055271
72523	0.0009721326652
72632	0.0007414107352
72791	0.0008902862685
73126	8.10688397e-05
73255	0.001243946885
73459	0.0004966266367
73467	0.00178952497
73529	0.0002540290965
73564	0.001215614764
73631	0.0003445439275
73792	0.000338858782
74129	0.001291110687
74178	0.002639441738
74207	0.0005240877627
74333	0.001020314085
74673	0.0004925583024
74828	0.0003342211585
74830	6.136849056e-05
75001	3.037364724e-05
75019	0.0008732632415
75044	0.0003214570087
75064	0.0009520785875
75134	0.00161150686
75156	0.001702532286
75164	0.000256141962
75316	0.0180446786
75351	0.0001494233775
75366	0.00309728121
75393	0.000223007255
75473	0.00103213536
75497	0.0007354181176
75622	0.0003631974702
75635	0.0001855711444
75642	0.0006080015931
75704	0.0002723300646
75741	0.0005205748303
75745	0.0004562773191
75790	0.0002592884828
75829	0.0009579911073
75855	0.0009728578685
75969	0.0002004539325
75985	0.001104569462
76008	0.003044187368
76192	0.00133533245
76305	0.0003099856084
76312	9.427536481e-05
76469	0.002063102584
76564	0.003548453286
76620	0.0002713912491
76750	0.0004223780238
76919	0.002762894737
76977	0.0008086837825
76982	0.002551825618
77020	0.001335554962
77075	0.001124278097
77082	0.0003729017517
77087	0.0009033053164
77132	0.0005980357108
77176	0.0007579999276
77250	0.0008437590756
77381	0.006792087018
77489	0.001905268787
77608	7.586409426e-05
77642	0.001716022021
77719	0.000216361181
77838	0.003967899126
77876	0.003335611631
77928	0.001120401589
78005	0.001195524992
78109	0.0003761955042
78132	0.0003222922957
78551	0.0009390294274
78570	0.0004797631768
78591	0.0003267489465
78924	0.0001635380117
78930	0.0009683237275
79090	9.182513707e-05
79127	0.003558895851
79195	0.0005924336893
79421	0.002079358522
79573	0.001222006007
79589	0.004243288314
79672	0.001850646522
79707	0.0006610559034
79724	0.0005945654443
79834	0.001530208116
79884	0.001093086871
79925	0.0009776281798
80113	0.001572061739
80177	0.0003968742455
80240	0.0006026326401
80278	0.002822226025
80297	0.001345323628
80439	0.0002972973307
80469	0.001464776247
80533	0.001131642548
80718	4.190228624e-05
80720	0.001688840946
80744	0.0003610478748
80769	0.002745269404
80794	0.0007122019339
80931	0.0006500668041
80959	0.000519188958
80978	0.001085984342
81090	0.001813955641
81148	0.0003554944844
81218	0.001005455219
81224	0.002624836029
81332	0.00122361227
81353	0.003999915069
81373	0.0002380886869
81426	0.001716647364
81444	0.001546098482
81470	0.004148161767
81477	0.001641314701
81552	0.0001840981276
81658	0.001443399104
81756	0.0005658457709
81774	0.001123337625
81851	0.001053021416
81879	0.0004583114634
81955	8.053862419e-05
81974	7.30098631e-05
82011	0.0001572797085
82032	0.0003594419305
82165	0.001078539947
82242	0.003989547788
82272	0.0009524663584
82302	0.0009078349155
82405	0.001852356632
82422	0.00247093987
82507	0.001322270549
82541	0.0042945312
82566	0.002310281163
82655	0.001688870399
82657	0.0002688156817
82787	8.839079838e-05
82815	0.000829564532
82894	0.00150172461
83048	0.000995455738
83057	0.0005171543031
83133	0.003012510182
83238	0.0001137121393
83318	0.001897051071
83327	0.0002752980104
83338	0.00165231895
83485	0.0007524320618
83512	0.0005994364482
83517	0.003829498941
83715	0.007083426309
83790	0.0008540737173
84063	0.002665834201
84307	0.0003229174205
84530	0.001028942061
84738	5.523629258e-05
84743	0.002919335492
84900	0.0004545833321
84963	0.0004470259026
85078	0.0008458601724
85131	0.001279375402
85140	0.0001986388439
85209	0.0009371347468
85317	0.0006237820139
85436	0.000409364738
85470	0.0005894670512
85475	0.0002804985554
85496	0.0009721239879
85514	0.001166828013
85706	0.0005651565504
85754	8.565360177e-05
85856	0.0009066314586
85944	0.006294472979
85956	0.0003212863375
86026	0.0004742080295
86158	0.001577144455
86250	0.0002649403876
86256	5.632921209e-05
86301	0.0001680192767
86404	0.003529791666
86833	0.001110767652
86911	0.0007522756713
87161	0.002045037864
87162	0.0009128143867
87285	0.001044985133
87352	0.000681813733
87444	0.0002047517694
87868	0.0002150585279
87957	0.0006447706457
88073	0.002300475156
88082	0.001310007292
88344	0.000328506759
88370	0.0002026572426
88383	0.004922046589
88399	0.001999070105
88410	0.0009560182826
88536	0.0009750807749
88603	0.0008179215875
88604	0.001083771082
88689	0.0004939037829
88887	7.421039589e-05
89007	0.0002427220681
89008	0.0002557680024
89237	0.0001152378406
89261	0.0009295328881
89316	0.006309178552
89334	0.005408710958
89388	0.0007795171704
89397	0.0005607786337
89411	0.002030918604
89523	0.001044278138
89649	0.001340494262
89679	0.0005838889016
89721	0.0005256428906
89794	0.0004168702189
89795	7.581651846e-05
89846	0.002503956921
89883	0.004340001235
89937	6.01741079e-05
90027	0.0003411357376
90038	0.0007520185933
90060	0.0004928453905
90063	0.0009773854595
90163	0.00216354688
90378	0.002762991125
90877	0.001223544258
90916	0.0005874132774
91142	0.001061764729
91213	0.00228129189
91392	4.122755769e-05
91471	0.0003331182228
91502	0.009707597696
91524	0.0007733217065
91626	0.001190114415
91804	0.01496070978
91822	0.001651320696
92060	7.298539001e-05
92081	0.0003742684548
92101	0.0009781150745
92156	0.0007478629956
92295	0.0005725340239
92331	0.0009409447764
92507	0.0006473807884
92573	0.006226951478
92574	0.005137944019
92627	0.001268579628
92656	0.001160766426
92722	0.002014314702
92834	0.0005538280282
92865	0.001106227376
93050	0.0005355090278
93111	0.001637939919
93309	0.003686532483
93504	4.845788853e-05
93838	0.002156675087
93846	0.0002773170189
93853	0.0009407736445
93910	0.00114457918
93955	0.001272217046
94100	0.002020426095
94216	0.002715476731
94274	0.0002400688622
94313	0.000111876702
94455	0.0004443846746
94515	0.003141299126
94631	0.002028148165
94711	0.001424091401
94822	0.000239593709
94926	2.660628087e-05
94977	0.001699119068
95048	0.001562630147
95082	0.001559980846
95103	0.00100244489
95106	0.0006796714356
95114	0.001015895518
95141	0.0006206761685
95172	0.003246200889
95226	0.0006783160675
95402	0.002517930566
95421	0.0009328749772
95728	0.003444278892
95908	0.0003972960765
96120	0.004747044137
96311	0.0002972803045
96428	8.137055653e-05
96465	0.002173208584
96600	0.0001589116789
96753	0.0173889623
96870	0.0004482937473
97071	0.0008914351253
97097	0.0004108318808
97197	0.002430069268
97206	2.832660448e-05
97220	0.0001572636228
97291	0.0009782345823
97407	0.006655620582
97431	0.001725982969
97694	0.0009841885202
97742	0.001129665219
97823	0.0002738034579
97912	0.0008682638316
97919	0.0009364031974
98023	0.004659254305
98111	0.001676076288
98115	0.001078100349
98208	0.0006854470419
98226	0.0004326685418
98227	0.0008201935946
98259	0.001108678586
98279	5.620074484e-06
98295	0.001207576922
98310	0.0007858068575
98420	0.001003443004
98597	0.0002351986574
98787	0.01218376111
98883	0.0008541766619
98955	0.002436535489
98982	0.000361385418
98989	0.002844117682
98995	0.0003942060275
99067	0.00176145515
99200	0.001054973919
99232	0.0008154876162
99245	0.0009413820784
99268	0.0005140496851
99296	0.002886599201
99307	0.001414246088
99369	0.0007175688257
99414	0.001248058034
99421	0.001600593374
99444	0.001530533868
99676	0.001020027497
99734	0.001204538027
99844	0.0010955046
99870	0.004947117111
99957	0.001338668099
100001	0.001869933355
100050	0.001096415617
100084	0.0007704469099
100154	0.000929931016
100173	0.0006031371153
100422	0.0001161599533
100501	0.001378715241
100587	0.0007094754478
100614	0.001253748634
100617	0.001056494579
100693	0.0006694784876
100923	0.000375665015
101229	0.0003005753777
101344	0.003316502609
101530	0.0003928450055
101570	0.001007611011
101574	0.0005632882784
101690	2.528815635e-05
101983	0.0008880810218
102237	0.0007609662572
102276	0.002051459877
102277	0.001176951068
102330	0.0009187097348
102343	0.002590870393
102412	0.0007869066684
102475	0.001231964171
102744	0.00196201785
102759	0.0007615251978
102938	0.0009902232874
102977	0.002142219511
103151	0.0003763763142
103269	0.0007141713493
103307	0.0008258213724
103350	0.0001083471439
103424	0.0007660839456
103689	0.001708618491
103966	0.0009759098478
104144	0.000668221958
104153	0.002161946866
104155	0.001543272553
104185	0.007321806674
104260	0.001460335372
104383	0.0001663586189
104395	0.001054007744
104406	0.004757091324
104457	0.0005076947994
104480	0.0008134871047
104514	0.0003309782036
104528	0.0001668326703
104620	0.0007363446083
105059	0.0002191836827
105090	0.006409714828
105150	0.001060779184
105595	0.0007050658751
106047	0.002322654621
106057	0.0006927376056
106171	0.000606231662
106211	0.001358039685
106241	0.0004812494172
106320	0.001747945924
106343	0.000733097234
106362	0.00139530921
106677	0.0003457489357
106690	0.0002424551815
106796	6.191616717e-05
106822	0.0008941648637
107121	0.0006035668636
107173	0.0002556059638
107244	2.333189111e-05
107382	0.002613006204
107616	0.003111649446
107622	0.0008758447909
107791	0.0005758773417
107933	0.0005051346429
108049	0.001130652743
108106	0.005539205872
108134	0.004807968861
108152	0.000684469751
108196	2.73748895e-05
108283	0.002208948068
108310	0.001260451047
108385	1.824800848e-06
108400	0.0002838994759
108533	0.0001537747975
108823	0.005826302524
108888	0.003088080621
108951	0.005712152505
109134	0.000840147064
109164	0.0005360743886
109216	0.0137686288
109268	0.0009140649458
109327	0.001292412872
109340	0.001227512615
109396	0.0008592082952
109398	0.0008938835246
109466	0.0002587445541
109539	0.0005252574666
109689	0.0001961576956
109760	0.0006068999557
109787	0.0001357258466
109919	0.007261688878
109969	0.003960067879
109972	0.00118860244
110714	0.0003203594455
110738	0.0003609805858
110850	0.001349212287
110866	0.0003176979989
110998	0.0009267095858
111071	0.0007878281841
111139	0.0007692342392
111286	0.001417936663
111545	0.001734867608
111548	0.00111205522
111585	0.000252896008
111684	0.0002818817923
111837	0.0005134483319
112026	0.0002074237039
112081	0.000585758316
112086	0.001147876324
112098	0.001119091729
112227	0.0004944633095
112310	4.385026482e-05
112444	0.0006945676918
112552	0.0007857934809
112706	0.00124963668
112799	0.005686264305
112806	0.0007085437856
112989	1.292662428e-06
113008	0.001970637417
113050	0.004240457374
113265	0.001804820206
113329	0.0001643762332
113365	0.0002357285481
113535	0.0003304142041
113616	0.001408480797
113621	0.001035954621
113641	0.0009537457006
113658	0.0008499385697
113778	0.005167578926
113885	0.003176645214
113947	0.003967187539
114122	3.023089176e-05
114153	0.003652244013
114534	0.001296665712
114577	0.004214134966
114631	0.001219016188
114663	0.002207579172
114699	0.0007222204009
114740	0.0003871052387
114745	0.002071781045
114767	0.00158200806
114821	0.001096293256
114824	0.0001022134955
115144	0.0002252916523
115206	0.001946484606
115229	0.0008641720465
115242	0.0001933935319
115518	4.353505445e-05
115562	0.0005315576371
115593	0.001109674666
115599	0.0001863746645
115665	7.130704083e-05
115678	0.0009299156668
115865	0.001146245375
115912	0.0006007285166
115930	0.001267707157
115968	0.002680518198
116059	0.001045172635
116178	0.0006836163025
116243	0.0002152800346
116287	0.003368906098
116338	0.001052484242
116395	0.002918097218
116409	5.354728495e-05
116477	0.003976137438
116495	0.001996234566
116637	0.00104881137
116650	0.004630507432
116691	0.002919653965
116726	0.0006453707804
116860	0.0007547785297
116913	0.0007880169782
116933	0.0004806947978
117061	0.0007783777087
117102	0.003200298981
117118	0.0008905703913
117125	0.001806006049
117294	0.0009740243802
117313	0.001976994175
117325	0.005634860783
117429	0.0007675386624
117431	0.0005992273173
117539	0.001063907773
117586	0.0001095612001
117611	0.0005991281847
117708	0.001421201517
117900	0.0005373243779
118243	0.0003035879105
118341	0.003060286901
118360	0.0009695828857
118692	0.0002107974952
118705	0.0003181504755
118725	0.0004000062371
118754	0.002428710177
118948	0.001154669341
119060	0.001027392644
119066	0.001866054794
119152	0.0002095708892
119186	0.0006818730041
119297	0.001207636911
119365	0.001356218605
119727	0.00103222036
119958	1.107834765e-05
120037	0.0006142476008
120101	0.0007036802028
120196	0.0006599479279
120225	0.0005930063243
120483	0.0004382407583
120618	0.005600608259
120656	0.0001562471844
120729	0.001608732044
120835	0.001429259316
120840	0.000416311952
120944	0.001224639867
120990	0.0006522639914
121139	1.843126679e-05
121221	0.00122052175
121288	0.000315431515
121369	0.001164887558
121509	0.001757545353
121557	0.0002803938172
121582	0.001972108089
121882	0.01129042215
121897	0.0007007235206
121947	0.0009521197168
122019	0.004253825238
122035	0.00109280715
122093	0.00159525965
122311	0.002076855146
122532	0.001838024696
122547	0.0003858650659
122647	0.002060304263
122811	0.00261682579
122887	9.954669116e-05
122947	0.0006261793931
123030	0.003675119253
123055	0.0003964675588
123109	0.0004031529512
123192	0.0003943298368
123291	0.0007332916761
123339	0.001033134964
123381	0.001319164853
123419	0.003147503502
123451	0.00202834736
123518	0.0004903499625
123558	0.0008309906616
123879	0.001722731909
123930	0.002448329725
123942	0.003012744166
124093	0.001713293667
124113	0.0034139755
124154	0.0004584091291
124255	0.0008451033139
124406	0.001777834221
124425	0.0003861888146
124474	0.000675901257
124489	0.002998155576
124646	0.002332506275
124685	0.006375824926
124702	0.002816281626
124738	1.689672708e-06
124745	0.001075826408
124800	0.001023609634
125099	0.00137970016
125124	0.001353873953
125188	0.002278535983
125254	0.001887237529
125346	0.001373420974
125394	0.0008204624835
125400	0.0009293127512
125463	0.0001586601562
125478	0.0001467216942
125530	0.0006973873242
125803	0.0012782899
125822	0.0006327256238
125823	0.001420738474
125840	0.00044211012
125879	0.0002244721772
125881	0.0001211468732
125981	0.001974764869
125992	0.0001239287966
125999	0.0002012674521
126064	0.003146134767
126075	0.00172010025
126087	0.0005690411373
126143	0.0003867702405
126147	0.0006235963345
126200	0.0004013528621
126319	0.001125753526
126335	0.00202605889
126342	0.0006178149882
126362	0.0006810695245
126631	0.0001380527975
126637	0.001495712387
126783	6.241717045e-06
126825	0.003392427224
126867	0.0036523145
127025	2.032058254e-05
127035	0.0004613523552
127104	0.002057325113
127114	0.000255619757
127188	0.002886633251
127190	0.001254611034
127223	0.0004559180231
127237	0.0005004842074
127259	8.776244674e-05
127292	0.001314785212
127306	2.727905038e-05
127504	0.001921058489
127532	0.0003313915185
127568	0.0005413477615
127605	0.0002190095487
127646	0.000824143154
127718	0.000942053484
127857	0.0007556862012
128126	0.001209821869
128170	0.0003939826315
128244	0.001755915063
128379	0.0008384932421
128615	0.0006210522297
128688	0.0006371168224
128696	0.0007579010348
128743	0.0007485104246
128772	0.004435253714
128930	0.001433536457
128967	0.001212852179
129048	0.0002505349708
129298	0.0001109858569
129464	0.002174741834
129531	8.757276472e-05
129666	0.0003073448118
129673	0.0006401458963
129820	0.001533085524
129902	9.959834295e-05
129966	0.0004906697029
130073	0.002240214611
130118	0.001137954138
130564	0.0007914730591
130923	0.001780127576
130933	0.0004307382927
130975	0.0004885221939
131114	0.0004273366971
131132	0.0005856752492
131134	0.0011175637
131262	0.0005311502004
131418	0.001350269193
131498	0.0008382919186
131504	0.001031117591
131604	0.0014514002
131675	0.000794823621
131733	0.0003494314154
131783	0.004901562642
131969	0.001050690164
132165	0.0002542938522
132221	0.001014953545
132223	0.001109092692
132359	0.002695618147
132380	0.001752762244
132434	0.001958511888
132481	0.001360753315
133001	0.0008742788194
133023	0.001540730824
133128	0.002783723419
133196	0.0003230325475
133485	1.423658633e-05
133529	0.0001402713014
133691	0.0009646304616
133828	0.0007528201057
133870	0.002132615501
133927	0.00137909065
133992	0.007340753145
134009	0.001335837548
134021	0.00432161989
134063	0.004259605472
134071	0.00102311256
134180	0.001365756658
134279	0.0039450399
134382	0.00813889319
134433	0.001102022502
134522	0.001248890769
134574	0.001094563861
134604	0.001070239684
134667	2.608140071e-05
134744	0.0003437148125
134800	0.000725653846
134911	0.00080837158
135008	0.002093409214
135085	0.0004064699983
135115	0.0002150638525
135400	0.0008164318603
135455	0.001013230007
135549	0.002488146256
135611	0.002872825174
135616	4.431906356e-05
135859	0.002937113289
135985	7.031853585e-05
136174	0.001928011883
136186	0.0008810977936
136355	0.0003216082877
136426	0.001083827529
136453	0.001741286467
136548	0.001549437792
136665	0.000450610531
136690	0.001619046592
136738	0.000306842204
136900	0.0006404288665
137156	0.0001106215771
137195	0.001990051256
137413	0.0008697695409
137416	0.0002074724923
137511	0.001803052198
137619	0.0007811765358
137666	0.0007859286819
137678	0.0007353760112
137695	0.006959266545
138039	0.001020301226
138126	0.0005678714881
138153	0.0009039939687
138162	0.000853143226
138176	0.0009035816381
138231	7.406001822e-05
138513	0.002155616058
138521	0.004225208084
138664	0.001296913126
138722	0.000663439792
138844	0.0004017803491
138880	0.0007534012454
138931	0.0002219951695
139027	0.0009884212752
139063	0.0006869466564
139091	0.0007596168218
139258	0.0003521283493
139302	0.0004696758933
139382	0.001986584916
139507	0.001084134058
139514	0.002064772511
139550	0.0009128990528
139566	3.666755259e-05
139590	0.00263118734
139622	0.001795812498
139720	0.002249840221
139804	0.0004273138329
139824	0.0004519655495
139854	0.0008804905679
139978	0.0004280870946
139979	0.0004228897336
140063	0.00061619784
140456	0.0001346532334
140566	0.00043365335
140885	0.001925340155
141184	3.902357828e-05
141279	0.001251468713
141768	0.004456502684
141943	0.004700694261
142032	0.00191267132
142047	0.000476152886
142068	0.0009271937302
142250	0.003492929835
142385	0.0001868325023
142393	9.668825815e-05
142440	0.001116720638
142706	0.0008149117184
142963	1.311935482e-05
142994	0.001303440972
143104	0.002434442395
143180	0.0008540926559
143208	0.002133878702
143444	0.0009928904604
143452	0.001371486684
143512	0.001359097549
143521	0.0005599249895
143919	0.0008106912223
144148	0.0002998672147
144378	0.001310204244
144380	0.0001006465416
144525	0.0008908041932
144581	0.0006165104446
144584	0.0009944487655
144645	0.002356678211
144706	0.0006900855774
144717	0.00757781361
144802	0.0003681601393
144806	0.0006895209864
144929	0.006065402036
144961	0.001061775026
144993	0.001024841617
145199	0.000743737878
145211	0.0007070978755
145223	0.002304770408
145228	0.003374498264
145349	0.0006035746063
145566	0.0006280461337
145597	0.001259015802
145605	0.001329863835
145625	0.001883314403
145641	0.000508953844
145655	0.001519204585
145688	0.00101321371
145694	0.001066877392
145721	0.003261943077
145815	0.0008366003425
145932	0.0009343873934
146104	0.0008557202812
146136	0.0009232942396
146311	0.00137116238
146347	6.451773249e-05
146422	0.0005925879471
146508	0.001610881924
146589	0.0003092709203
146698	0.00269383383
146751	0.0004993307303
146840	0.001663284302
146844	0.000570928619
146905	1.208891519e-05
147068	0.002454286297
147091	0.001446204107
147129	0.0007285413996
147325	0.0003296418173
147353	0.001385901471
147400	0.001514173076
147452	0.0001199273467
147602	0.0001071614817
147754	0.000472600888
147917	0.0006495590283
147973	0.0002870154631
148095	0.0002149901844
148175	0.0005919947361
148264	0.0004469603786
148306	0.006979922005
148401	0.001675485921
148548	0.001158018992
148584	0.00315330038
148615	0.001336966328
148672	0.002221825412
148687	0.005499136117
148939	0.0006663966964
149039	0.001638899028
149130	0.001583289085
149134	0.0009904091993
149172	0.0008908671932
149223	0.001948105759
149230	0.004191837605
149533	0.001375219501
149589	0.0002754462298
149626	0.0003020380919
149709	0.0004444986694
149760	0.001874232895
149830	0.0004722196569
149950	0.0007515360113
150014	0.0008898443064
150061	0.002605317968
150187	0.001587334344
150271	0.0008636020987
150274	0.0002758380131
150484	0.004893842435
150551	0.001405770779
150645	0.004773795352
150652	0.001124837699
150654	0.002405571963
150674	0.001895291793
150708	0.003358598098
150736	0.0006591708536
150757	0.001707088606
150791	0.001917592262
151092	0.001223892119
151185	0.005629957548
151275	0.0007598702622
151546	0.0008181046249
151587	0.000554135772
151723	0.0002173360441
151732	0.0006142420648
151786	0.0003457378712
151900	0.002412331501
151923	0.0001240463508
151975	0.005304209766
152122	0.0001211669234
152168	0.012672103
152265	0.001724247676
152334	0.001146649666
152340	0.0007128365089
152348	0.001317101802
152432	0.003161187986
152449	0.0004337913278
152764	0.002033751297
152785	0.0003104521782
152834	0.0002623897527
152853	0.002063939193
153177	0.001966990151
153199	8.384584343e-05
153423	0.0001702423942
153460	0.001560313874
153604	0.0001344554602
153732	0.0009970457944
153848	0.001008444116
153870	0.0002274904203
153936	0.00115403298
154018	0.002907737796
154044	2.973371989e-05
154067	8.832721342e-05
154068	0.0003103133661
154132	0.001293485044
154143	0.0004488508632
154190	0.0056573763
154346	0.0005587419645
154363	0.001020981356
154527	0.000167932874
154681	0.001336064069
154760	0.0008593536975
154892	0.000949942763
154903	0.001673543831
154984	0.0007924822514
155070	0.001519698621
155110	0.001186265443
155132	0.001034962851
155228	0.0008470840026
155231	0.003645602445
155267	0.001817449793
155443	0.0002216251837
155671	0.002291325404
155694	0.001682119234
155885	0.0003149130411
156127	0.0002319419486
156293	0.001280959009
156314	0.0008422085042
156340	0.001474406243
156354	0.0007419433242
156631	0.001211925884
156667	4.45724598e-05
156674	0.00195317505
156706	0.0006295904111
156784	0.004765026488
157014	0.01149476378
157136	0.01292413895
157414	0.001248885942
157416	0.0001651730816
157481	0.0004695620426
157482	0.0005944819327
157620	0.002840794792
157641	0.0001383596419
157710	0.001660675916
157790	0.001144344973
157843	0.001109910477
157864	0.00507559812
157950	0.0006146381355
157989	0.0001311631219
158062	0.001013072146
158211	0.000706030356
158401	0.001845970994
158476	0.001030213704
158479	0.0008710381805
158570	0.0001411043533
158664	0.004180458913
158759	0.0006385727286
158794	0.0005775389779
158849	0.003024724657
158895	0.001157610803
159093	0.0007427780995
159107	0.0004416339354
159121	0.0004633996125
159212	0.0001548055677
159299	0.001133968495
159320	0.002264787984
159555	0.001425091665
159648	0.0009436625605
159683	0.0008932475301
159704	0.001148196882
159711	0.001195717016
159891	0.0005598745705
159893	0.002303384261
160014	6.962158245e-05
160060	0.0008216058151
160154	0.0007325537478
160321	0.0003298187165
160430	3.035641124e-05
160432	0.0004093431989
160507	0.0003763203935
160606	0.001048217223
160704	3.504241642e-05
160735	0.0009341724434
160850	0.001036832617
160886	0.0008827147777
160918	0.001078202139
160970	0.001307146625
161061	0.0002964999346
161063	0.002188262031
161149	0.0007156853351
161151	0.0005378012622
161169	0.001584425195
161204	0.001445472348
161237	0.001330999997
161294	0.002074476091
161318	0.001093776784
161360	0.0003130126281
161556	0.0002220388151
161615	0.001021759577
161748	0.0001356224793
161982	0.0003189839294
162191	0.0006448775847
162268	0.0004620966614
162278	0.0007442996196
162445	0.01227280709
162530	0.0002136384762
162653	0.0001539513018
162681	0.000608388911
162715	3.871494665e-06
162725	0.00220755404
162821	0.002143960363
162929	0.006798190846
163121	0.002192577213
163129	0.0007563703768
163154	0.00502357628
163229	0.0006916624158
163365	0.0008409501821
163454	3.432434074e-05
163603	2.649011636e-06
163715	0.0005743803781
163792	0.001266578958
163858	0.0004616072896
163869	0.0003660120301
163944	0.0009920599708
164069	0.0008265573429
164147	0.003108456637
164205	0.001496899658
164286	0.0008243761688
164337	0.001093053509
164455	8.019264741e-05
164512	0.0002283395108
164517	0.007542196887
164532	0.002589216911
164567	0.001011607367
164610	0.0006775960421
164685	0.001075147705
164717	0.0002597998281
164765	0.0001928822379
164933	0.000965039332
164981	0.0008827397069
165140	0.006678557312
165258	0.002665568171
165305	0.0007316373365
165356	8.691464184e-05
165387	0.001200451785
165464	0.001347280074
165473	7.948817259e-05
165479	0.003226078337
165509	0.001845021481
165604	0.001426847946
165673	0.01003522955
165690	0.0003936326567
165747	0.002451545705
165810	0.0006629150211
166010	0.0005702688538
166060	0.0008387448832
166131	0.005064991919
166196	0.00103830676
166491	0.001172561241
166499	0.00104303348
166508	0.0005809518909
166554	0.002485169387
166594	0.0005635657089
166675	0.0003829551267
166761	0.001432705314
167012	0.003755602965
167659	0.00240883319
167733	0.0004724880832
167899	0.001418471031
167983	0.001701510188
168053	0.00111731964
168224	0.003649555357
168256	0.001706444172
168274	0.0007894740809
168279	4.786667202e-05
168329	0.0007458418608
168454	0.003323196329
168529	0.0006353368997
168717	0.0002877256233
168776	0.0007455670437
168816	0.000372384058
168830	0.002112270472
168969	0.0009558085267
169003	0.00142224324
169130	0.001744424134
169171	0.000502501339
169282	0.0002627121231
169340	0.00042093848
169492	0.0007064229205
169650	0.0008463263
169715	0.0004832537714
169771	0.0003772084852
169821	0.0009048928782
169823	0.00209893867
170051	0.001838015393
170208	0.005652290227
170305	0.0004086054631
170315	0.0001170238023
170362	0.001428274894
170426	0.0004790235248
170633	9.824499964e-05
170828	0.001749983466
170857	0.0001834617038
170878	0.002733658861
170958	0.001290128413
170959	0.0009795782339
170977	0.0011172783
171000	0.003092982684
171029	0.004214190424
171309	0.001507238056
171492	0.0008510375447
171549	0.0002007723715
171798	0.0002909305197
171846	0.0003291789035
171960	0.00155572402
172012	0.001144758581
172073	0.0009434241997
172103	0.00293246048
172228	0.002303567976
172276	0.002481195373
172290	0.0009744741674
172477	8.909004803e-05
172616	0.0008755470596
172733	0.00128810194
172768	0.001959353461
172808	0.0001867304986
172820	0.000714519963
172901	0.000797521546
173005	0.0005705009624
173074	0.000231381614
173175	0.0005156236037
173231	0.0007222435793
173237	0.001617287604
173317	0.0003685609908
173320	0.0005268647935
173334	0.0004245673473
173380	3.049206209e-05
173483	0.00084175597
173561	0.001496313754
173563	0.001280968906
173602	0.002404968369
173762	0.0007737005163
173855	0.0009107453912
173913	0.0005813376559
174108	0.0009433276544
174207	0.001398285859
174388	0.0006392083237
174608	0.0007833232406
174653	0.0005800872689
174683	0.0002116688433
174746	0.001328526044
174871	0.0002603265004
174916	0.001212011137
174973	8.497847085e-06
175052	0.0005962457333
175084	0.001937888311
175148	0.002932071634
175197	0.0009973289729
175241	0.0005085079897
175521	0.0006111614441
175545	0.0004683193914
175586	9.149149362e-05
175598	4.122446592e-05
175692	0.0005620879883
175797	0.003746293418
175854	0.001926073646
175917	0.002221588991
175970	0.006474523819
176006	4.005883213e-06
176127	0.0003276052216
176223	0.0009989799371
176301	0.001186625568
176359	0.0005077441457
176559	0.0007376899297
176717	0.001043993935
176780	0.0005794099081
176782	8.66024679e-05
176795	0.0005024935106
177194	0.003213107587
177423	0.000320176328
177449	0.001487364253
177490	5.238377336e-05
177538	0.001226169654
177793	0.0001085587602
177860	0.0002893410725
177897	0.0001091292835
177957	0.0005982413343
177981	0.0004354493148
178007	0.0005706660222
178042	0.0004531823347
178210	0.000927405185
178264	0.0003199927385
178343	0.002324572418
178395	0.001943795996
178534	0.001248144242
178588	0.002494902822
178627	0.0008904653683
178718	0.001558921442
178805	0.0008979123163
179030	0.001008056731
179096	0.001091316036
179297	0.001171263732
179513	0.0005758881726
179681	0.0007320926881
179792	0.00202566738
179825	0.0006196974406
179837	0.0001427294118
179959	0.001027725406
180080	0.0009679621424
180137	0.001928330985
180240	5.718935185e-05
180378	0.0009910596789
180700	0.0003618408479
180794	0.002834261147
180941	0.0006135618609
181049	0.001556727827
181078	7.683374333e-05
181098	0.002021156603
181172	0.005601195542
181222	0.002597171089
181224	0.003327543654
181234	0.0004284453878
181265	0.002245671906
181412	0.0001399680878
181472	0.001734448966
181525	0.0001461080509
181626	0.001225611794
181667	0.0002954256003
181734	5.38733594e-05
181863	0.0007541628266
181913	0.0001022838433
182204	0.001337043482
182617	0.0004238359882
182618	0.0005149698411
182692	0.0003703205469
182757	0.000145028005
183010	0.001618703362
183015	0.002439656708
183028	0.002278704776
183247	0.0006170859313
183542	0.0007632143495
183644	0.0001891461319
183657	0.00256981971
183671	0.002778921661
183940	0.001216959392
183992	0.005104510956
184229	0.001973387693
184235	0.001060604394
184525	0.0004808563348
184560	0.001887600208
184567	0.007859435213
184611	0.0001729387723
184802	0.001024259213
185046	0.002019302037
185052	0.0009964423931
185133	0.0006445604031
185388	0.0001263527473
185453	0.001267263927
185471	0.001450284908
185549	4.746935735e-05
185696	0.0006528683727
185768	0.0007332097104
185842	0.0008330183756
186038	0.0008032048297
186050	0.0006106539571
186226	0.0002807712686
186287	0.0008902562906
186480	1.623159122e-05
186542	0.0003516975111
186689	0.002321368977
186809	0.0007980147173
186933	0.001049466726
187076	0.001666825172
187114	0.0009337236618
187131	0.007400995185
187195	0.000495857888
187444	0.001576099296
187464	0.000194894727
187509	0.001818523872
187520	0.002220448751
187558	0.0006996072763
187611	0.001672949319
187684	0.006402173507
187723	0.001077484148
187831	0.001813572552
187850	0.00223017887
187858	0.0005052929272
187861	2.728539368e-05
187879	0.0006492868323
187904	0.001093921321
187945	0.001088010473
187957	0.0005098941393
187994	0.005905818264
188000	0.0005967678759
188008	0.001948009904
188125	0.001559370925
188127	0.0008089056228
188211	0.001756733501
188315	0.0008402282465
188316	0.000783388992
188496	0.0001897755388
188567	0.002659208427
188620	0.0006298706359
188843	0.001077893378
188856	0.0006594678906
188985	0.0003006741208
189205	0.0001037530665
189357	0.006825219359
189372	0.0001987817317
189506	0.0003902258133
189544	0.001090914614
189545	0.001630525876
189655	0.003142731449
189694	0.001120880814
189785	0.001984596417
189788	0.0006198736582
189818	0.0001299541073
189824	0.001528475365
189990	0.0007358748027
190020	0.002048617643
190023	0.01005820229
190060	0.001898285988
190069	0.001270975481
190263	0.0001946606311
190330	0.00122962669
190340	0.001537353756
190360	0.0007427139333
190410	0.001220618911
190713	0.001087671034
190840	7.941942547e-05
190876	0.005607047918
190937	0.0006352751659
191003	0.001765846587
191050	0.00145458761
191208	0.00385082205
191453	0.000214441729
191456	0.0005201905157
191522	0.002173682505
191919	0.0006390007503
191925	0.0008602258836
192052	0.0005472202451
192199	0.001778968367
192224	0.000137995016
192305	0.003486538808
192360	0.0006975534731
192410	0.00130396457
192616	0.001408505967
192760	0.0008822791183
192795	0.0005461492256
192955	0.0002710541186
192957	0.002157553324
193015	0.002492676295
193044	0.0004161041239
193241	0.0009355214277
193261	0.001592381041
193277	0.002183305929
193289	0.0003917237339
193436	0.0006954927583
193452	7.551981701e-05
193550	6.792467116e-05
193674	0.004319080079
193914	0.0004181824956
193959	0.000864245255
194007	0.0007375155254
194201	0.0002725921535
194217	0.000383667985
194515	0.0004541082272
194563	0.0008183472307
194680	0.0005114537754
194782	0.0009091558453
194839	2.625262003e-05
194917	0.0003621036685
195042	0.002729047105
195132	0.002650913929
195215	0.0004934116923
195242	0.001421111101
195358	0.000214446402
195460	0.001355635112
195486	0.0008973491721
195567	0.0005995500628
195572	0.0009555404971
195692	0.001312843938
195809	0.0005901945117
195929	0.0007403156764
195957	1.298711081e-05
195965	0.001375574655
196042	0.0002064863659
196264	0.0008038643821
196275	0.0007634396257
196305	7.130244601e-05
196308	0.0004304664295
196403	0.0006536432333
196407	0.0005812295877
196883	0.0001815426638
196889	0.0008471339287
196923	0.001160244544
196928	0.0004636012632
197072	0.001365451133
197200	0.002907742742
197217	0.0008579967426
197354	0.0006675132628
197432	0.005672899421
197600	0.001135568523
197648	0.002813983428
197689	0.0008869379057
197703	0.002075421205
197777	0.002984900276
197816	0.000238131656
197936	0.001085589287
197960	0.0008034315476
198054	0.0005832983684
198103	0.0009162850703
198227	0.0007696751428
198300	0.0001221957065
198310	0.004196868371
198442	0.002180863692
198510	0.00213980327
198549	0.0005655012147
198613	0.0008629230995
198742	0.0009533482131
198770	0.0004257284373
198771	0.0004811836762
198867	0.00134771789
198877	0.0001061793029
198937	0.003566205737
198946	0.0005429480606
199006	1.804724538e-05
199042	0.001997478596
199128	0.001044930573
199135	0.0001252270246
199164	0.0009641673543
199275	0.0008998885697
199375	0.001754853492
199389	0.001488781535
199479	0.001059906561
199791	0.000882371461
199941	0.001601902518
200281	0.000574604929
200305	0.0009076405969
200457	0.001099736232
200519	0.005520802783
200606	0.002156017339
200684	0.0002160775478
200946	0.00118723765
201028	0.0009967471576
201361	0.001014015656
201374	0.0001972879455
201515	0.0008545227011
201528	0.001195021373
201987	0.004967524313
202019	0.008191669725
202183	0.0006750279093
202820	0.004930976926
202853	0.0004566370806
203045	0.0002352650733
203078	0.004317795435
203169	0.0006605784537
203253	0.002991425565
203538	0.0008838562882
203539	0.0003405519741
203576	0.001450937939
203738	0.002838403147
203795	0.001571826765
203802	0.00018398505
203909	0.000340828784
204030	0.000879769722
204238	0.0002068167787
204370	0.001419476925
204666	0.000584586766
204806	0.0005539093766
204954	0.001018097712
204968	0.0001371369104
205022	0.001443992495
205083	0.0002119693256
205110	0.0007127945367
205200	0.000107871502
205258	0.004516183024
205281	0.000694263641
205299	8.888698535e-05
205352	0.0001726468977
205361	0.0004108927818
205450	0.0003817717916
205553	0.001770987306
205752	0.003087188602
205875	0.008601810182
205897	0.003362211174
206004	0.001790130183
206076	0.002233932363
206120	0.003029005413
206145	0.0004244391318
206223	2.539615193e-05
206273	0.002200074537
206330	0.00178189535
206353	0.0005227123834
206510	0.0001698981116
206605	0.0003269882156
206629	0.0003613756144
206660	0.001481323577
206971	0.00245693155
207008	0.0001752578816
207032	0.001220432062
207147	0.0009711563921
207151	0.004357772298
207165	0.005072084572
207259	0.00212517871
207268	0.0002355050477
207372	0.000894899268
207502	0.00159719519
207572	4.77167624e-06
207604	0.0008606031776
207671	0.0009097010485
207679	0.0006986319404
207813	0.002321918772
208052	0.006227328951
208083	0.001528451053
208097	0.002131659983
208181	0.0001160230356
208258	0.001166291062
208364	0.0007192100369
208472	0.003115980297
208479	0.0004992923837
208652	0.0005961480085
208742	0.0004117991517
208753	6.11558721e-05
208951	0.001412013906
208963	0.001930821181
208968	0.001282002132
209024	0.0009863323227
209190	0.0006497854981
209319	0.002193753255
209346	0.0001649600514
209366	0.0006131336653
209463	5.590574679e-06
209482	0.000625900864
209518	1.237316987e-05
209695	0.0007847655941
209899	0.00170318427
209912	0.001881212704
210006	0.001099509393
210010	0.0006026696627
210302	0.0007173488362
210535	0.0003319207155
210942	0.0001428713752
211353	0.001232977652
211612	7.192019134e-06
211675	0.0006613336691
211681	0.00301073289
211775	6.86755463e-06
211794	0.001417029464
211935	0.0009593666209
212056	0.00453068388
212390	0.000552125967
212439	0.001128014515
212527	0.003132687206
212529	0.004066218385
212556	0.0001806409114
212617	0.001954621756
212648	0.003032865799
212679	5.166021584e-05
212718	0.007375194887
212795	0.001440124393
212883	0.0004647314859
212933	4.948932173e-05
212985	0.001141699076
213040	0.001932176646
213105	8.500105199e-06
213126	0.003976449508
213141	0.0005313000147
213194	0.0002099877006
213365	0.0003284868672
213532	0.0003320305573
213566	0.0002960578933
213634	0.001904824218
213749	0.001194421045
213936	0.0007796428681
213992	0.001824757771
214311	0.000896914723
214323	0.0003993665956
214331	0.003284744482
214374	0.000238393298
214375	0.001730104828
214567	0.001557475111
214591	0.0003034110439
214607	0.001684637216
214652	0.0003678107151
214854	0.00118260792
214941	0.001928331176
215050	0.001300402436
215099	4.752393396e-05
215164	0.001299708613
215184	0.001885356247
215404	0.001494814662
215530	0.000828890513
215531	0.001114252141
215640	0.0001694053884
215720	0.001013019702
215767	0.002736333145
215786	0.0007827959258
215873	0.001974556666
215884	0.0003133158086
215975	0.0007800325896
216044	3.714504681e-05
216128	7.926646695e-05
216171	0.001021076665
216180	0.0007762781166
216252	0.0021056406
216270	0.003042402732
216311	0.0007548904206
216648	0.001701382151
216667	0.0007742265883
216717	0.001049591775
217035	0.0009709439455
217413	0.0001348064518
217472	0.00764444509
217480	0.001931275784
217568	0.0008280772713
217651	0.002283768504
217771	0.0007044769826
217867	0.0008725299459
218157	0.0008118645662
218215	0.002488545525
218295	0.0007836025602
218356	0.002744523007
218490	0.001206918774
218522	0.0009240542985
218528	0.00111047211
218617	1.085624186e-05
218640	0.0005930824295
218772	0.001143880778
218798	0.0002855848628
218838	0.0001011222694
218910	0.000693485111
219009	0.001721258494
219079	0.0003607015951
219087	0.001079451923
219170	0.0009890210803
219575	0.001379663233
219628	0.001503364706
219729	0.0006774673737
219773	0.001003474746
219861	0.0001244601199
220241	0.0003629485119
220329	0.002316452486
220476	0.00174511202
220542	5.549250253e-05
220603	0.0005526026744
220624	0.0003414536
220653	0.000828514369
220691	0.0002425449705
220724	0.002282935278
220874	0.00145140401
220881	0.0002952324762
221000	0.00109682116
221156	0.002126376692
221202	0.0005148036
221208	0.0002955095188
221261	0.001058902419
221777	0.001786480225
221786	0.001085466803
221836	0.00239324388
221907	7.835433084e-05
221933	0.0002004669804
221970	0.001167647297
221995	0.003783982144
222162	0.001254652449
222173	0.001304946003
222214	0.002156059927
222275	0.004721305402
222311	0.003577785325
222324	0.002276523684
222456	0.0007707919413
222472	0.0001843203927
222495	0.000348711116
222701	0.001806174315
222708	0.0007284576134
222798	0.0004086021222
222845	0.0003868776955
223013	0.004861406115
223018	0.000520705185
223032	0.002147094242
223287	4.011686887e-05
223383	0.0007961340369
223390	0.01046693594
223420	0.00135576089
223473	0.00023852431
223508	0.002064519468
223704	0.001980154869
223708	0.0002623699237
224052	0.000372355942
224078	0.0006944218423
224115	0.002513788635
224213	0.0008271140068
224392	0.001478259119
224393	0.001361669467
224413	0.0004651562865
224420	0.001109079943
224674	0.006258118552
224710	0.002743610375
224795	0.0004980301157
224806	0.001043882754
224902	0.001819022731
224955	0.0008149227038
224963	0.002475669694
225032	0.0005635716355
225056	0.003582063008
225087	0.001226365618
225107	0.001048971045
225169	0.0005314342615
225215	0.0007855026643
225221	0.0006385824952
225255	0.002215755272
225275	0.0002647225112
225484	0.001496533857
225885	0.0006689085779
225965	0.0007697171971
225986	7.652245664e-05
226004	0.001325729946
226063	0.002064605231
226095	0.004140822235
226145	0.0001018293505
226172	0.001015235548
226188	0.003277080808
226544	0.003982492582
226845	0.001955701701
226960	0.0004940750977
227031	9.968906904e-05
227362	0.002767882686
227408	0.0006495699775
227427	0.001052565997
227600	0.001790562281
227669	0.0005447515589
227744	0.0009243416744
227799	0.003163918029
227801	0.001016431927
227842	0.001023973416
227934	0.0005350668968
228027	0.000536694552
228139	0.0007524498343
228151	0.0002824134674
228278	0.001317467057
228435	0.00163704297
228444	0.0014142568
228603	0.00690460375
228671	0.001182048694
228673	0.001202628892
228790	0.003546649049
228889	0.0001439761581
228933	0.0004097494283
228966	0.0004809043422
228975	0.00372466487
229027	0.001309393053
229105	0.0003909653933
229115	0.001204863367
229116	0.0005859952442
229218	0.0006845540788
229281	0.0005130451231
229304	0.000770037918
229306	0.001106967846
229488	0.0002963848828
229735	0.001543478925
229773	0.000709624407
229995	0.001833207677
230009	0.002825877116
230163	0.001184291971
230319	0.006430728627
230325	0.001375753064
230335	0.001412038614
230359	0.001472126148
230369	0.003341268499
230547	0.001347132765
230599	0.0002161534803
230650	0.0007441380022
230810	0.0004940439312
230824	2.803496894e-05
230990	0.0008044290731
231026	0.0003767832161
231027	0.001214129155
231102	0.004401213441
231152	0.001762000189
231282	0.004062118852
231335	0.001231401824
231344	0.001225440853
231378	0.0005943402539
231542	0.01325302214
231601	0.0007233873936
231748	0.001263598077
231792	0.0004766496079
231812	0.00046597682
231936	0.003181189206
232041	0.0007711302621
232058	0.001712550364
232104	0.0001354818697
232118	0.002457388698
232255	0.00141261458
232264	0.001034949174
232450	0.000298701763
232514	0.001641372996
232633	0.001861879748
232708	0.000380517701
232795	0.0005459177813
232832	0.002053149587
232878	0.003381160975
233057	0.003696447649
233219	0.0001649541358
233229	2.03283527e-05
233304	0.001807263266
233373	4.779034132e-05
233376	0.000443418483
233378	0.0006799349438
233418	0.001029226207
233521	0.0008089756749
233529	0.002445550916
233568	3.509216091e-05
233632	0.0001940120102
234039	0.001929046729
234185	0.0004911304844
234346	0.0005527473977
234373	0.0006481766595
234469	0.002542061656
234524	0.008773070839
234942	0.0007767955847
235369	0.0009226804586
235374	0.001640970283
235446	0.007547801057
235482	7.727045726e-08
235510	0.001973743865
235567	0.00121428337
235683	0.000354983367
235715	8.054568016e-05
235820	0.0005552335693
235829	0.001157293624
235854	0.002128192347
235921	0.0009386887148
236120	0.005217538109
236267	0.0001192025975
236301	0.002296768078
236349	0.001519295018
236385	0.001148679828
236394	0.006922149469
236411	0.0007827602361
236554	0.006768738697
236562	0.0003201908872
236615	0.002092576014
236718	0.001255815398
236853	0.003926365435
236938	0.0003836036999
237100	0.0001263851912
237272	0.0004222216606
237275	0.0002505502742
237280	1.803934072e-05
237313	1.756285171e-06
237473	0.001326256223
237697	0.002954630124
237775	1.63214871e-05
237821	0.0004341482635
237958	0.0005041967191
237972	0.0007044441916
238496	0.002595625772
238513	0.0004165615895
238569	0.001911182325
238597	0.001378716029
238618	0.006049731897
238619	0.001055205565
238712	0.0001498372399
238745	0.001419156535
239245	0.0008852268422
239277	0.001316415876
239312	0.000756818345
239428	0.002822040625
239517	0.001636708707
239528	0.001156912951
239720	0.001035498329
239736	0.001388216768
239753	0.002094407277
239779	0.0008963346259
239850	0.005947418021
239887	0.000441257957
239895	0.0005363141892
240053	0.0008737928828
240082	0.0002211610515
240177	0.002234353229
240223	0.003435017098
240281	0.002151014466
240312	0.002571538189
240413	0.0007434739361
240426	0.002484046588
240520	0.001348509499
240598	0.0002164220037
240654	0.0008979767089
240666	0.0003508223571
240745	0.001160123704
240757	0.002086038045
240925	0.003699576577
241079	0.00082916506
241235	0.0003475269174
241558	0.00382873163
241565	0.0003282639502
241600	0.002061317871
241605	0.001588597705
241641	0.0003642543226
241735	0.0107375595
241785	0.0009558253501
241804	0.001852728874
241847	0.0007006005257
241854	0.002370467717
241952	0.00205194581
241994	0.0009503943829
242009	0.002206165792
242048	0.008974596532
242322	0.002162230125
242346	0.001785382234
242402	0.001092120871
242556	0.0007141420067
242731	0.008022535526
242751	0.0009069695241
242835	0.001304252553
242887	0.0001026805819
242896	0.000130585413
242987	0.0006151691239
243123	0.00150337536
243151	0.001093183325
243171	0.0002485174238
243315	0.0007752044247
243330	0.001389868171
243377	0.001379965793
243493	0.001219452897
243686	0.001133873616
243881	0.0001381391982
243975	0.0011392382
244164	0.00112818108
244240	0.002602632218
244253	0.006458351881
244339	0.0003752740907
244373	1.11635256e-05
244431	0.001139722325
244596	0.0006265691948
244632	0.0009336201212
244664	0.002360833348
244919	0.001297494268
244944	0.0005919799181
245155	0.0002670192916
245245	0.0005120872334
245270	0.0002895557685
245315	0.0004305608036
245317	0.0003168361228
245345	0.000649388067
245384	0.004808668563
245405	0.001324198817
245490	0.0002509018932
245665	0.0001690529888
245735	0.002074971126
245770	0.0002474140859
245837	6.406574004e-05
245985	0.0005977260039
246002	0.0008032727904
246028	0.004117360283
246101	0.0003705776296
246256	0.0008300954682
246354	0.0006513645929
246424	0.0008111468795
246507	0.001343633228
246926	0.0002108184667
247112	0.002921586329
247183	0.001862367094
247490	0.000287220241
247575	0.0006223266377
247576	0.002129888358
247599	0.001196071866
247755	0.005817374543
247819	0.0002894633941
247822	0.0009068496074
247887	0.0002074917508
248136	0.002227144315
248210	0.00025317794
248224	0.001258864964
248239	0.002087252657
248303	0.001429521347
248496	0.0004910325948
248990	0.004152620656
249046	0.002202435803
249063	0.0006601663191
249137	0.0009061933809
249152	0.002367701594
249228	0.006422767257
249295	0.000568548424
249354	0.001169837512
249443	0.001009176496
249475	0.0002050253257
249587	0.000587718293
249631	0.0004749108219
249873	0.0003522996023
249875	0.007721695564
249987	0.0001616026389
250017	0.003336906987
250084	0.002687643181
250107	0.0003342524815
250179	0.003341721357
250182	0.0009643162753
250206	0.001146642156
250207	0.002214247887
250216	0.004256092517
250410	0.001182783271
250460	0.001377915537
250608	0.0003744452088
250822	0.000294707409
250936	0.004041265876
251088	0.0007573694814
251150	0.002429955784
251184	0.00148688659
251303	0.000274231764
251422	0.0006578363645
251503	0.002865586592
251507	0.0004820801487
251517	0.001495414046
251526	0.001018110394
251584	0.001450666467
251642	0.0002267888824
251672	0.0004844498163
251804	0.002260022911
251840	0.002130253848
251891	0.002367366489
252005	0.004780250253
252034	0.0002493931281
252161	0.001123759744
252186	0.00121671306
252297	0.006048634962
252305	0.0005260932417
252346	0.006378557368
252501	0.0003122200901
252515	0.0008102537192
252652	0.0002732732053
252729	0.003834135025
252767	0.000620964744
252901	0.00168858792
252944	0.0005289646197
253025	0.0007710307256
253059	2.842986149e-05
253222	0.000864733504
253320	0.0013237531
253334	0.003320922751
253369	0.0002230135281
253374	0.0007170734855
253429	0.001203430125
253438	0.001133593563
253537	0.0009739588099
253540	0.002173630538
253611	0.00370663696
253666	0.0008382431069
253760	0.000774722408
253824	0.005440265225
253960	0.001044590617
254149	0.001532042601
254179	0.0001136301027
254275	0.00252144925
254314	0.007096639834
254323	0.0009032833132
254337	0.00152041513
254395	0.0007498475819
254598	0.001643837171
254673	0.002678457929
254740	0.002995590073
254773	0.002122756731
254829	0.0009211186713
254938	0.0007512058809
254967	0.001459695975
254983	5.370015729e-05
255111	0.001567989285
255175	0.0004482799531
255289	0.0009432542782
255318	0.003583615944
255328	0.0007333445106
255330	0.0005209334245
255340	0.00257377256
255853	0.0002616966774
256041	0.001217118733
256178	0.000180848367
256185	0.001719227378
256356	0.0001511202952
256441	0.002381908615
256515	0.0005112258583
256818	0.00191841134
256862	0.0003149784343
256944	0.0006213817576
257055	0.0001127114969
257058	0.001308641393
257084	0.001223312962
257086	0.0005690597448
257213	0.0006693552538
257260	0.0004628561819
257317	0.001660377598
257356	0.0006639736074
257383	0.0008332473666
257425	0.001645037844
257478	0.0003952392245
257603	0.001222259381
257611	0.001174237936
257635	0.001141561794
257786	0.0007244584682
257805	0.0002892829756
258240	7.584190541e-06
258435	0.002801502399
258476	0.0009441921788
258573	0.001095109917
258670	0.001636348645
258689	0.0009133825742
258759	0.0007213215172
258771	8.498171533e-05
258849	0.002520441254
258910	0.001548862104
258956	0.0006494122908
259181	0.0003522114331
259249	0.002484876648
259347	0.002142263355
259614	0.0001165242039
259689	0.001420303476
259742	0.0002258048117
259752	0.001101463961
259802	0.0007746570243
260052	0.000570359442
260068	0.0004911773482
260092	0.001006533999
260430	0.0002692651399
260448	0.0001110485716
260488	6.237301546e-05
260555	0.0009216482823
260614	0.0002440027973
260650	0.004980337791
260786	0.0004210411373
260834	0.005878949775
260872	0.0006155270666
260907	0.0008766027514
260931	0.0002560826588
260971	0.0007997067007
261031	0.0002669711722
261116	0.001285393432
261258	0.001195736876
261405	0.001322898223
261496	0.000454012842
261497	0.003353389403
261553	0.002394366586
261566	0.004880452139
261813	0.002452945015
261819	0.003349828429
261833	0.0004195169628
261945	9.638020786e-05
261979	0.002266412683
262015	0.0001063754032
262024	0.0007529891706
262056	0.0005561529232
262149	0.006043340227
262223	0.006860190491
262229	0.002538579197
262306	0.0008065118272
262408	0.0002089103813
262434	0.0005878069665
262449	0.0008555947615
262667	0.0009326075238
262701	0.0008515930789
262808	0.002326054257
262831	0.003372873819
262865	6.751529309e-05
263037	0.0009189421834
263149	0.001053318975
263229	0.00215759486
263239	0.002001414007
263343	0.005246557709
263344	0.004975610961
263347	0.003627848777
263367	5.385648098e-05
263424	0.001250976521
263459	0.000578501878
263594	0.004702739349
263596	0.005477503784
263748	0.0079075375
263792	0.00534804525
263828	0.0004716035936
263949	0.0004613972621
264001	0.001412786036
264109	0.001972434664
264187	0.0003127576024
264211	6.508989257e-08
264224	0.0009861454105
264293	0.0007621111196
264395	0.000386193831
264398	0.0001728534783
264438	0.003488626827
264482	0.001840274374
264484	0.0004952385061
264485	0.001477141348
264542	0.00111513129
264627	0.001332431192
264728	0.002310552964
264848	0.000609325397
264925	0.003321661887
264944	0.006044699782
265144	0.000502994541
265209	0.004494843281
265397	0.002624778352
265401	0.002036515323
265447	0.001463498903
265555	0.003093481543
265585	0.0006686467736
265601	6.878056822e-05
265792	6.493095895e-05
265986	0.001813742722
266167	0.001629198923
266367	0.0008555809009
266368	0.0007594689293
266416	0.00363302324
266436	0.003256262692
266574	0.0009861542633
266741	0.000212585353
266798	3.795290691e-05
266937	0.0001010437408
266948	0.0008264098064
267062	0.0009992130701
267129	0.0001984924155
267233	0.001568731195
267288	0.006833548305
267405	0.0006481347199
267445	0.0003102242817
267465	0.0005886460984
267479	0.001334000209
267672	0.00150143772
267751	0.002955057231
267808	0.004526000351
267906	0.002403233525
268039	0.002982110835
268105	0.001087470347
268170	0.0009421877982
268221	0.0008325017739
268257	0.001057042248
268346	0.001435363143
268529	0.001094972142
268620	0.001300292309
268902	0.0007026114496
269015	0.001819808776
269059	9.428582848e-05
269069	0.00386280361
269085	0.0002613137742
269091	0.0004202346837
269107	0.0008320169346
269143	0.0006967057761
269185	0.001176438826
269269	0.0002821240302
269283	0.005282283282
269318	0.0006834673215
269366	7.953373904e-05
269404	0.001439348199
269467	0.0004346955155
269526	4.336364818e-05
269545	0.0008735922748
269591	0.0008391310541
269650	0.0008633313776
269657	0.002084221353
269760	0.001987447252
269792	0.001346692706
269895	0.0001710110477
269997	0.005552074879
270009	0.0004631185856
270120	0.001892953527
270196	0.0006251423476
270206	0.0009182411784
270303	0.0090640575
270557	0.01336746705
270560	0.001621782927
270568	0.002821840481
270588	0.002128924842
270638	0.0006107109212
270669	0.003442470704
270783	0.0005984599247
270865	0.001445949649
270963	0.0003400182669
271047	0.0006396869284
271194	0.0007772315636
271266	0.0005038783393
271278	0.001651609218
271393	0.0005692017558
271465	0.001274173379
271472	0.002075800519
271502	0.003400844262
271727	0.001265280755
271865	0.001127524275
271887	0.0005550793745
271958	0.0005582548844
272284	0.000226490095
272361	0.001829589512
272496	0.0008345340527
272556	0.002003401469
272821	0.0006323478259
272855	0.0008293424277
272876	0.0007623132386
273027	0.002577530252
273139	0.001046550672
273203	0.001188623548
273206	0.0003577529747
273274	0.0006893856241
273340	0.00176118396
273395	0.00276415437
273552	0.001770740802
273787	0.003282138455
274057	0.0003733840981
274123	0.0041920518
274176	0.0002360655292
274407	9.060032643e-05
274485	0.001618101123
274536	0.004120370373
274574	0.0021104448
274604	6.265554744e-05
274798	0.0006425757709
275041	0.0005959427019
275103	0.000338676891
275224	0.0008274725033
275525	0.0001369579025
275549	0.0007992423533
275568	0.002444975656
275637	0.005814526371
275641	0.0008832882435
275727	0.001390201154
275880	0.0006757631742
276111	0.0007367817074
276157	0.001834525943
276182	0.0002570393173
276189	0.0009148873932
276262	0.0008953271222
276268	0.00590281125
276278	5.66145034e-06
276340	0.0008802253478
276438	0.0003783116747
276465	0.0007587256736
276466	0.002230709494
276554	0.001259996634
276677	0.0008622155963
277110	0.001099746092
277134	0.002313879499
277222	0.001433655138
277261	0.007157601174
277304	0.0001857099274
277310	0.0001029697671
277317	0.0006503470519
277439	0.00138738626
277577	5.867773842e-05
277617	0.0009586026025
277636	0.0004162125721
277679	0.000307842903
277761	0.0008670194311
277816	0.0003694954044
278244	0.0005739570659
278263	0.001083376972
278475	0.0009456065257
278627	0.004041851077
278644	0.001049683677
278862	0.002703635199
279296	0.003433578307
279303	0.001030066887
279469	0.0009821129793
279594	0.003069060745
279709	0.0002213697623
279713	0.001609386542
279745	0.002334600427
279746	0.0009129297077
279770	0.001306761345
279808	0.0004429188885
279905	0.003973948249
279979	0.0005235733875
280023	0.00116528001
280049	0.001913511229
280162	0.0008043067234
280210	0.0005973743263
280337	0.002402093879
280568	0.0001027331063
280697	0.0006473589384
280981	0.0004483659058
281324	0.0003651528725
281407	0.0001435742808
281546	0.002288918457
281558	0.001863908578
281648	0.000860100324
281713	0.0001946143084
281753	0.005455658841
281777	0.0003775800537
281868	0.0007250566317
281911	1.422842213e-06
281920	0.0005167465746
281998	0.001923458968
282006	0.001036227406
282064	0.002465054895
282092	0.001872208325
282097	0.001401792991
282100	0.0002517125954
282101	0.003306583985
282103	0.007155440449
282118	6.366189103e-05
282205	0.0007503229197
282220	2.156370507e-05
282283	0.004036180472
282468	0.007799552823
282565	0.0003673599363
282665	0.002050454564
282774	0.0008923570981
282851	0.002559040617
282918	0.000974520173
283203	0.001060746886
283434	0.0002487991386
283868	0.0008098943134
283876	0.0006196451892
283969	0.001273784755
284144	8.239018711e-05
284149	0.001070169967
284161	0.001475740983
284279	0.001338038334
284598	0.0004173112428
284679	0.0004982109771
284737	0.0008243362743
284834	0.0003728086298
284957	0.002823522065
285101	0.0008992923986
285151	0.0002833567899
285206	0.0002353433783
285207	0.0007330993281
285251	0.0009201964208
285295	0.000580546893
285399	0.004910921401
285515	0.005598347359
285516	0.004355412889
285532	0.002931285987
285614	0.001826623484
285626	0.001410423392
285739	0.0001706606399
285873	0.0002931583439
286070	0.0005967959797
286280	0.0003890342086
286289	0.0007040802823
286354	0.0007438990061
286375	0.0001887309462
286571	0.005736707578
286659	0.0004631456527
286813	0.0007428412056
287026	0.001516910935
287217	0.001312380863
287514	0.001015632956
287563	0.000203274912
287624	1.949928202e-05
287787	0.00130034342
287984	0.0058791148
288180	0.0001580202227
288187	0.0006125838201
288326	0.001086053409
288475	0.0001268232783
288556	0.000383037052
288673	0.0006067844838
288701	0.0003458402582
289081	0.007756261582
289122	0.0009048219624
289170	0.001231576363
289409	0.0006521115529
289444	0.002867506377
289454	0.002463874424
289501	0.001269381753
289595	0.0001011310964
289738	0.002408565047
289796	0.001487217814
290020	0.0004203979458
290023	0.0003882792263
290032	0.001384870729
290094	0.00014372843
290283	0.003701436987
290356	0.000898192588
290401	0.001136157463
290464	5.203280615e-05
290826	0.0009447217905
290848	0.0005131179691
290874	0.00176044516
290911	0.001549054172
291179	0.002112652528
291181	0.0002657951526
291389	0.001429417532
291440	0.001283750406
291645	0.0004311898236
291739	0.0007886004032
291843	0.002319948976
291911	3.002408867e-05
292380	0.0004500102668
292402	0.000949145397
292452	0.004844324067
292654	2.974930578e-06
292803	0.0001731565193
293045	0.003236740011
293048	0.0001068243894
293057	0.002158885005
293148	0.001523243239
293212	0.003427064863
293523	0.001772986343
293529	0.001237232838
293595	0.0003870911641
293871	0.0009562940257
293878	0.0001886677469
294082	0.0004881543286
294348	0.004562754815
294494	0.0003327085815
294588	0.0004048959372
294609	0.003978759994
294668	0.0003989342305
294723	0.001445334967
294907	0.0008820312977
294985	0.001388655109
295284	0.001944701941
295285	0.00180915221
295515	0.001287681831
295572	0.002230903379
295629	0.003118373132
295695	0.002325177892
295855	0.000788175873
295898	0.000287713813
295933	0.004631967563
296081	0.004479859969
296143	0.0009995790517
296174	0.006339488815
296520	0.001893731976
296758	0.001150273755
296824	0.0002046753552
297068	0.000599189355
297073	0.0001200530922
297118	0.0005367596385
297155	0.001468296816
297198	0.005020457576
297221	0.001068670876
297320	0.001803485244
297700	0.001360149014
297712	0.00340473074
297759	0.005245995113
297767	0.0003819575554
297784	0.0009968365788
297830	6.790607666e-05
298108	0.00142128018
298253	0.0009507837065
298260	3.643520835e-05
298487	0.0008030945875
298511	0.002775789632
298528	0.001065626863
298564	0.001145138027
298663	9.72077578e-06
298679	0.0007819371098
298944	0.0002706528687
298960	0.002052501812
299225	0.001957836662
299338	0.001837581398
299364	0.001319923114
299374	0.001146569733
299400	0.004120434848
299521	0.003695012104
299537	0.002068117569
299553	0.0005656950502
299557	0.0003965239405
299636	0.001016584524
299681	0.0007270164163
299752	0.0008134761145
299862	0.00152549742
299910	7.919592007e-05
300028	5.967113866e-05
300142	0.002672548705
300174	0.0006481569588
300276	1.718393198e-05
300340	2.29314632e-05
300378	0.000980727224
300387	0.0009373550768
300444	0.001406996823
300445	0.001233050202
300642	0.001823511869
300806	9.637131488e-05
300924	0.005533193503
300944	0.002084400332
301059	0.001732792932
301088	0.0006612448877
301113	0.000235173569
301202	0.002056496855
301529	0.006390468928
301608	0.001365394301
301628	0.00713850619
301876	0.0007242875737
301904	0.000688362241
301945	0.0003360226546
301991	0.001399996544
302039	0.003475559862
302074	0.001156513552
302284	0.001033320797
302490	3.752122143e-05
302499	0.0001411547795
302681	0.0005933229184
302693	0.009107993329
302719	0.0001154203948
303202	0.001597794122
303218	0.001709732378
303253	0.001895262655
303349	0.001989742527
303423	0.003026345895
303510	0.001483761972
303605	0.003227200067
303640	0.0002671321133
303684	0.0005453789482
304071	0.00276883474
304074	0.00586782168
304143	0.001023318178
304187	0.0004803881652
304214	0.001044490566
304225	0.001100603826
304306	0.000945550165
304315	0.00113428864
304330	0.007727526825
304333	0.001365933186
304335	0.01197586268
304463	0.0007864329502
304621	0.002923245509
304652	0.0005592900103
304914	3.051354059e-05
305004	0.001637033138
305071	0.002777355504
305207	0.003899972093
305366	0.0001471513254
305610	0.0004725971496
305634	0.001579958075
305672	0.0007810968319
305712	0.002338567465
305719	0.00068101605
305733	9.010776297e-05
305919	0.0007111207135
305934	0.001671378314
305970	0.0009840211487
306094	0.0008480861013
306119	0.0002167588182
306153	0.001325268496
306167	0.0001699275662
306196	5.655729973e-05
306292	3.083929895e-05
306319	0.0002435600251
306493	0.001256919054
306549	0.0004263822235
306624	0.005256481405
306742	0.001122514337
306818	0.0004953885664
306853	0.001489677329
306881	0.003757676503
306967	0.0009012611301
307059	0.003878303481
307103	0.0002296577338
307118	0.001471297149
307121	0.004930823145
307186	0.001531168643
307339	0.0009975966928
307351	0.0005614935761
307497	0.0006045258825
307641	0.0006990794131
307950	0.0008861517256
308058	0.0003865193164
308085	0.001593602305
308111	0.002374121844
308275	0.0002814521776
308316	0.004508590078
308345	0.0002268144818
308443	0.001174805933
308556	0.0004637038077
308657	0.004477698726
308919	0.002396969988
308983	0.001946494278
309058	0.003383961162
309206	0.00558706593
309268	0.0004317414721
309418	0.0009039825588
309606	0.001837618178
309626	0.0005819775024
309696	0.0007280397037
309777	0.0009415231076
309942	0.001143626619
310190	0.0007702340516
310202	0.0005662871551
310228	0.001730715074
310232	0.0006856979032
310235	0.0008513221232
310283	0.0007222376623
310458	0.0009784409562
310460	0.0014254047
310699	0.001790657305
310850	0.001987655303
310976	0.002573248983
310986	0.0004870702636
311309	0.00505355488
311334	0.0003119677913
311361	0.0008719727947
311379	0.001134483052
311428	0.002595972359
311481	0.0003163861033
311512	0.0007127600521
311714	0.0008447127722
311766	0.0004185221425
311956	0.001112909964
312068	0.0008716914264
312186	0.001545353658
312412	0.002343909797
312838	0.0008407520515
313054	1.768200827e-05
313200	0.0002429601545
313280	0.0003461572115
313362	0.0001271075329
313509	0.0002953850126
313526	0.001188527166
313558	0.003472743862
313597	0.0009006825388
313598	0.0005363539854
313647	0.001074843371
313765	0.0001006995829
313787	0.001063770273
313858	0.001292168339
314143	7.854793506e-05
314204	0.0007911175493
314268	0.0002790878896
314379	0.0001632529066
314407	0.0005007414427
314635	0.001148081977
314755	0.0005265207479
315201	0.000532766008
315210	0.004021206535
315364	0.005085167815
315507	0.0002530204786
315603	0.004831934492
315659	0.0007262099
315751	0.004786559324
315881	0.003926224542
315918	0.001498206398
316001	0.01169229915
316146	0.003225730575
316220	0.0007979285631
316230	0.00414405129
316355	0.002542353009
316382	0.0009095649619
316384	0.0001513103942
316406	0.002117055664
316436	0.0007105018417
316460	0.0008915528923
316487	0.00432545118
316689	0.0004465134039
316810	0.0007974239065
316882	0.004610861356
316978	0.0002416710699
317104	0.0007810546489
317108	0.001495349349
317141	0.001071237368
317228	0.001990239208
317239	0.001587250788
317357	0.0005347388508
317499	0.001573731533
317607	0.0009603238829
317762	0.0007371561707
317784	0.001061638144
317847	6.76877926e-05
318045	0.001026334106
318273	0.0009684197321
318371	0.001461317553
318480	0.0005086205129
318488	0.001203170188
318604	0.0002280675397
318808	0.0002221485313
318950	0.0007622732979
318954	0.0005671178295
319005	0.0008441136259
319025	0.0009498397236
319032	0.0004409895406
319055	0.0006231245596
319125	0.002414196105
319372	0.000119929982
319623	0.001080070947
319842	0.0001652073748
319960	0.002187720629
320041	0.001658858713
320227	0.0006400623533
320392	0.001087962924
320403	5.49781609e-06
320440	0.004210830377
320686	0.001341345027
320715	0.001566289144
321009	0.004557056834
321160	0.0008743404944
321183	0.0016578306
321263	0.001132735062
321513	0.001788714952
321556	0.0005350421085
321646	0.0002366857583
321657	0.001721247548
321674	0.001806912225
321677	0.002207549155
321747	0.0005527819547
321800	0.002127949668
321904	0.0002849665747
321933	0.001666629531
322031	0.002795465751
322122	0.001169828702
322270	0.002890248162
322290	0.000762437914
322387	0.0007262235484
322427	0.003417651391
322480	0.0005071472847
322517	0.0007585835916
322543	0.0001108057572
322633	0.002422113755
322940	0.004155002103
322967	0.000116879694
323150	0.001960558553
323197	0.0009393485662
323223	0.001442526746
323277	0.001377313813
323355	0.004969292719
323386	0.0005163163333
323430	0.0004634672746
323559	0.001988056453
323575	0.002027857205
323610	0.002118228029
323639	0.00060618212
323685	0.001087196144
323850	0.0009278180697
324012	0.001590719725
324080	0.002825268872
324161	0.001628345243
324177	0.005326415608
324266	0.0003342365631
324267	0.0008590720559
324415	0.0001323016708
324569	0.0006784432008
324677	0.001330796184
324704	0.0004941841645
324878	0.00146429248
324915	0.000143871416
324976	0.005996884427
325071	0.00177104708
325075	1.235185388e-06
325095	0.001496139614
325135	0.003699875599
325161	0.0003569284875
325321	0.001209175959
325588	0.0002973722468
325654	0.002412556602
325728	0.0009058688743
325854	0.0006463575125
325989	0.0006600168159
326110	0.00347888526
326236	0.0005232928222
326353	0.00232310844
326413	0.0004044183624
326446	0.001307770726
326550	0.0008681875336
326597	0.0007638572549
326663	0.0008547424565
326689	0.00022225282
326695	0.001049278859
326824	0.003437257209
326866	0.0002741636766
326872	0.0009427697896
326964	0.0004620232687
327068	0.003499949185
327084	0.0006802247392
327366	0.001294984422
327391	0.00636447708
327421	0.005861053721
327443	0.004719402084
327471	0.001705542027
327557	0.001143794314
327669	0.001514908444
327686	0.002377533036
327691	0.001477160278
327733	0.0008785697458
327766	0.003024816498
327802	0.001599985444
327818	0.001057787046
327846	0.001461331311
327991	0.0005073537544
327995	0.0008085478258
328009	0.006415292618
328028	0.00404231509
328047	0.001304693224
328160	0.001114554421
328492	0.001515692357
328667	0.008910304502
328727	0.002679879451
328906	0.001570082932
328914	0.001998928671
328915	0.001818405858
329014	0.0004808626112
329061	0.0004330817697
329130	0.004226674114
329156	0.004661991146
329216	0.001473265971
329273	0.0007552845105
329357	0.001627545159
329495	0.00189634903
329712	0.003353318682
329931	0.001148091561
329944	0.0008399417719
329969	0.0005862565204
330000	0.001593673587
330139	0.000848073874
330178	0.000812092252
330240	0.001791647936
330339	0.004123336698
330381	0.0005728382653
330453	0.0004471639577
330514	0.00207832019
330531	0.0005993720062
330585	0.006429828621
330750	0.0007391435876
330807	0.00319274358
330809	0.0006893986757
330842	0.0004049457967
330845	0.0001260719429
330993	0.0008735066954
331041	0.0004589802234
331053	0.002805986882
331057	0.001684722333
331134	0.003437553975
331206	0.01596384077
331415	0.002025250487
331507	0.0001293272541
331782	0.002505278114
331998	0.001338617376
332080	0.000237212474
332411	0.0009557937794
332633	0.0002857752452
332873	0.0005727513956
332954	0.002981748852
333193	0.001474297888
333453	0.004775759438
333715	0.000230693724
333953	0.0004923248123
334008	0.001523867762
334154	0.0031399242
334190	0.003593753989
334270	0.001545818825
334317	0.002887751924
334318	0.002438948543
334614	0.001126589676
334626	0.0006937114751
334657	0.0009642215245
334725	0.0008368007163
334763	0.0002640648049
334847	0.005870187574
334861	0.002598290134
334863	0.001986873305
334865	0.001393531624
335098	0.001581658262
335119	0.001529369428
335221	0.000512925036
335245	4.575000322e-05
335315	0.000764655999
335377	0.005967078845
335433	0.00162812039
335455	0.002425105906
335484	0.0008769364538
335746	0.00129113885
335807	4.901918482e-05
335906	0.0007749676334
336226	0.005820425348
336391	0.001825406357
336543	0.001425085556
336581	0.001208408999
336588	0.001128974414
336645	0.0006897642133
336732	0.003124515208
336756	0.0004420793763
336833	0.001311625441
337022	0.0003008972376
337291	0.0007206510742
337389	0.001176702044
337411	0.0005788196954
337500	0.00162000985
337529	0.0004218880931
337537	0.0003040876922
337682	0.001541574877
337780	0.00114012026
337794	0.0003777131478
337814	0.002718637321
337836	0.001143482574
337856	0.004243143902
337920	0.006716508894
338094	0.0008163725973
338102	0.001225819939
338143	0.002303802999
338292	0.0004699969832
338308	0.0005792902199
338362	0.0003082168649
338423	0.00322077883
338452	0.0001218834877
338473	0.00779660305
338839	0.002095857891
338878	0.0003847717061
339020	0.0004642028806
339123	0.001079697618
339203	0.0003797182227
339331	0.0006481045157
339473	0.0007964618929
339585	0.0001670980683
339604	0.0005301045992
339628	0.001099983
339789	0.003848230366
340003	0.002288867276
340009	0.003432625597
340016	0.0009175244464
340201	0.004324988656
340363	0.000795831987
340408	0.0004080102979
340445	0.001769402259
340510	0.00122123809
340567	0.003663610474
340595	0.001529715851
340781	0.001131526207
340904	0.000476311113
340954	0.0005718704115
340962	0.001086160989
341062	0.0003345835925
341089	0.0003445660407
341264	0.01152823019
341281	0.0009081282247
341437	0.0005408394847
341537	0.0006935232613
341833	0.002383170616
341837	0.0008355082093
341915	0.0004604737889
342011	0.001013975178
342050	0.001001889176
342179	0.006785030469
342209	0.0007602436526
342393	0.0008708513513
342422	0.001702936169
342434	0.001208379116
342446	0.0006441222593
342449	0.001399705457
342474	0.0001998961651
342599	0.0002691071254
342945	0.0006307969459
342957	0.0008349777826
343000	0.001812508507
343018	0.0005761963999
343047	0.004529586043
343079	6.396623547e-06
343090	0.001156855234
343096	0.002450786276
343319	0.006080683066
343583	0.00114870397
343592	0.0006411592216
343677	0.0005570848603
343684	0.00122469564
343721	0.0008539613541
343791	8.343772832e-05
343821	0.002489379781
343842	0.004989840841
344271	0.004317963322
344320	0.001548839715
344328	0.0008305771668
344440	0.0007047079272
344442	0.001140312089
344707	0.0007873507123
344761	0.0003151712643
344836	0.002235308317
344837	0.004235699001
345103	0.001644010061
345145	0.000880297508
345304	0.001450373603
345325	0.000589002453
345390	0.002444756334
345491	0.001839557581
345567	0.001723226628
345688	0.0008777238069
345731	0.0003437063841
345778	0.00234705228
345948	0.000315283354
346074	0.001694048695
346300	0.003971128379
346586	0.0009926875242
346654	0.0002839148333
346829	0.001239635534
346840	0.0007101024503
347131	0.001745034409
347209	0.0009674712381
347312	0.001078141752
347463	0.00120953999
347476	7.571341977e-05
347489	0.002850223049
347689	0.00059988393
347716	0.0003243106502
347770	0.0002681267797
347810	0.0002802290855
347909	0.002050985404
347957	0.0003891938068
348002	0.0001268213126
348069	0.0003988346196
348203	0.0008472133895
348290	9.869711975e-05
348415	0.001587961732
348471	0.001183823496
348495	0.0003037530606
348547	0.0009679889194
348638	0.0002277622685
348651	0.0003180219007
348695	0.00024343072
348830	0.001193926273
348855	0.003697656014
348916	0.001212825555
349044	0.006864895715
349116	0.0002626622892
349134	0.0007040792595
349146	0.003125326006
349202	0.0003387882409
349303	0.0008959986485
349365	0.0009582073274
349553	0.001277301393
349566	0.002844500878
349601	0.0006404928799
349724	0.0004646206601
349874	0.01053889241
349971	0.0005073828244
350134	0.0008826836936
350323	0.0007801986635
350396	0.005717043974
350399	0.0001734720533
350439	0.0004361766445
350454	6.363683345e-05
350512	0.001945713919
350535	0.004079161584
350692	0.003983222292
350783	0.003101541198
350904	0.0002162276492
350939	0.0006876999226
350963	0.001693971493
350992	0.0001718023609
351100	0.005613514627
351112	0.001396083855
351199	0.004316782818
351262	0.0002380974504
351458	0.0004630852996
351490	0.001437153012
351666	0.0008280221908
351852	0.0006336415397
351937	3.514897085e-05
352228	0.003615637456
352265	0.001284533863
352270	0.0001388773839
352318	0.0009566714699
352420	0.001226975026
352643	0.0002617912842
352677	0.005697406495
352733	0.0006046478794
353011	0.0007371580154
353383	0.0003461358787
353626	0.0003764151888
353851	0.00117073923
353982	0.002268130018
354038	0.003165232583
354206	0.006271255693
354220	0.0005813991858
354347	0.001192753394
354499	0.01554694487
354847	0.001706935436
355127	0.0006134680078
355243	0.005480952944
355448	0.0006781517698
355537	6.015053211e-05
355551	0.0001348347068
355560	0.003207041996
355564	0.001245040159
355622	0.001426696026
355687	0.001989780262
355805	0.0007379157703
356075	0.0003665537061
356100	0.007922434516
356163	0.002569428665
356187	0.0004702309883
356416	0.0006659633293
356448	0.0004829672984
356765	0.001342180863
356884	0.0007394740427
356979	0.004394395112
356987	0.001556171801
357024	0.003343818281
357036	0.002117266492
357091	0.002237350541
357111	0.001714064851
357283	0.00300476324
357336	0.0002625801767
357587	0.0003025151115
357686	0.0001833961596
358077	0.003567710625
358084	0.0006863683106
358212	0.005175037588
358232	0.001059674195
358278	0.002946030833
358367	0.001232375776
358387	0.003481036907
358470	0.009425807506
358599	0.0004214170988
358715	0.0003526789488
358814	0.005463082929
359135	0.0007598095379
359190	0.00503375824
359358	0.0003929253584
359390	0.000647451758
359403	0.003957827311
359458	0.004859138716
359481	0.001059274041
359561	0.001390335117
359611	7.775607354e-05
359629	0.0003169820464
359743	0.0008058732832
359756	0.006218189407
359767	0.002567837434
360056	0.003827485895
360113	0.004034251225
360162	0.002094577697
360196	0.002468268896
360405	0.002203574455
360416	5.606633749e-05
360839	0.00121843598
360972	0.0003825123648
361213	0.001833673657
361261	0.002632604379
361463	0.001804253577
361544	0.001059876055
361578	0
361581	0.001811254856
361599	0.0001878117848
361754	0.0005821058526
361759	0.002770215454
361797	0.0008526821972
361815	0.002087434833
361931	0.003793463143
361984	5.153977247e-06
362069	0.000112427079
362077	0.0009401131735
362331	0.000167073013
362337	0.002291148533
362361	0.0008971683145
362446	0.003859505529
362447	0.0009943454009
362491	0.002324320622
362603	0.0006494422459
362643	0.0008574637363
362744	0.001107536711
362746	0.0002499953493
362849	0.0009097596515
362939	0.002383611864
363142	0.006828648773
363329	0.001629982249
363333	0.002420259056
363468	0.001157820674
363498	0.0008792901243
363635	0.00193704503
363840	0.0007319310694
363885	0.001345095614
363899	0.002135323742
363906	0.003146397945
363907	0.0008774203894
363982	0.001190587402
364030	0.0011813751
364205	0.0037258407
364324	0.0006400400662
364541	0.0005342708194
364679	0.001096469094
364728	0.0008330257795
364827	0.003121818063
364871	0.0004638813426
364916	0.0001761424083
364939	0.006077947317
364969	0.001684699167
365058	1.793968793e-06
365074	0.003246117863
365121	0.0003909504092
365236	0.0007293832617
365327	0.000623999602
365508	0.001623262798
365685	0.0002648606498
365909	7.992420853e-05
365995	0.0004520554965
365998	7.441195365e-05
366136	0.001632698532
366191	0.001726012012
366356	0.00149548101
366478	0.001410531924
366498	0.00110726625
366604	0.0005731661057
366642	0.0007407847096
366695	0.0002713798267
366696	0.0145177073
366769	0.001362729163
366825	0.001398572755
366908	8.420547653e-05
367004	0.002417246024
367008	0.002171637054
367072	0.001815969602
367079	0.001136637656
367100	1.876568248e-07
367239	0.001104742793
367648	0.003981879485
367961	0.0002970661385
368037	0.0006992949995
368100	0.0003854094811
368105	0.002992913513
368300	0.0001849245284
368475	0.0009262799585
368544	4.614415029e-05
368585	0.0003134459384
368615	0.0004792961879
368621	0.00145798425
368653	0.004988230348
368855	0.0002448909133
369025	0.001279431048
369111	0.001896565632
369313	0.0003320760846
369341	0.0006555273296
369365	0.003625673587
369450	0.001091374332
369532	0.0007489544565
369662	0.001234693203
369663	0.001116606854
369682	0.005501594962
369757	0.001009790014
369788	0.000217404796
369803	0.00188992553
369968	0.0004764441153
369983	0.0007152904403
370104	0.001066567054
370109	0.001564845776
370129	0.000903644741
370131	0.0002231162296
370147	0.00354574297
370163	0.0008943980066
370429	0.002394496568
370435	0.000196965191
370445	0.001678547602
370567	0.001216973578
370757	0.0008355605955
370767	0.003413536191
370786	0.0009451349057
370833	0.0001164516521
370974	0.0009565931843
371020	0.001416294516
371069	0.0004784603133
371095	0.0009596392081
371203	0.002115837884
371215	0.001183032907
371259	0.001070197961
371284	3.281061155e-05
371373	0.002441901591
371390	0.005188065138
371417	0.002278566339
371566	0.003507439977
371610	0.001379446085
371611	0.001096722488
371643	0.001949219526
371666	0.004765896531
371676	0.002057738385
371723	0.0004774722727
371852	0.0003797288066
371943	1.969800713e-05
372052	3.287229896e-06
372135	0.0006497510509
372277	0.000898994384
372327	0.0004443779072
372408	0.001917026977
372460	0.0004592301537
372580	0.002544624862
372604	0.0009031657017
372666	0.0007290887215
372709	0.0002615884772
372760	0.00113142086
372813	0.001979676085
372818	0.0003608439963
372836	0.0009800848775
372871	0.0008369855604
372891	0.001364072501
372918	0.002008858807
372963	0.002595356092
373174	0.0008090425635
373240	0.0003829881037
373404	0.0001992696832
373420	0.003221539475
373467	0.004441778386
373484	0.001142298881
373567	0.0007667397661
373629	0.0006276448174
373927	0.001344868822
374022	0.0005348873355
374042	0.0007545106796
374062	0.0007951358745
374178	0.001156193084
374292	0.001636940334
374342	0.0005723686393
374458	0.0007107702228
374516	0.003777872731
374522	0.002129428019
374598	0.0003245995541
374616	0.0002953053143
374904	0.001344724122
374944	0.000144209904
374952	0.001600804665
374992	0.001687439856
375059	0.0003402924198
375167	3.337284404e-06
375425	0.0005894618451
375463	0.0007306748619
375500	0.003248478285
375683	0.001784892634
375711	0.00147024485
375721	0.0001098766387
375855	0.00114903628
375934	0.0005097324356
376128	0.001252062973
376142	0.0007525216749
376198	0.003076968851
376226	0.007890031247
376339	0.001133660953
376353	0.003833738876
376535	0.0002296071009
376826	0.0001184566036
376894	0.0005521905153
377044	0.001616836906
377189	0.001406103312
377350	0.0008950682969
377401	0.001001837647
377410	0.001659983151
377814	0.001518109252
377818	0.002669433858
377896	0.0002617911239
377917	0.0001481326948
377919	0.002444077779
377926	0.002344681271
377940	0.001387290057
378253	0.0001994617244
378286	6.296924757e-05
378415	0.0001174167629
378551	0.001803216894
378907	0.0004536106373
379073	0.0009720608134
379225	0.0007351918081
379227	0.0005964916714
379269	0.0009119255607
379318	0.003180091305
379338	0.0004900980543
379402	0.0008948498957
379449	5.138994455e-05
379629	9.389441127e-05
379682	0.0006527785286
379832	0.0005972772555
379834	0.002098177026
379836	2.962161076e-06
379890	0.002375250445
379905	8.740050001e-06
379988	0.0008491576366
380033	0.005667932881
380074	0.0001628782798
380086	0.006512672589
380177	0.00171781772
380353	0.004956676564
380455	0.0006591319458
380475	0.007545089724
380630	0.0004155047045
380978	0.005883820506
380983	0.0005738771114
381080	0.001246629898
381126	0.000676044229
381281	7.576580955e-05
381309	0.00383742092
381420	0.0011069036
381441	0.0002918391894
381491	0.0002554666307
381496	0.001178224972
381650	0.0004751848788
381818	9.545029963e-06
381833	0.0005160051596
381846	0.001986848638
381963	0.002620918918
382033	8.984600615e-05
382065	0.0003913896384
382186	0.0003626895012
382281	0.002692766078
382404	0.0008895465044
382495	0.000225223076
382537	0.001550874746
382665	0.001042553151
382684	0.0005624690425
382762	0.002024762486
382796	0.0008946364533
382801	0.0005146681379
382867	0.003348112387
382971	0.001358146495
382977	0.003305744583
383038	0.0004275485268
383176	0.001606488661
383202	0.001149529293
383272	0.0005793086974
383285	0.0006345404232
383359	0.007663694471
383412	0.0007986188345
383499	0.0004463488808
383847	0.001133452958
383881	0.0003219009422
383938	0.001406482147
383942	0.007145351002
384023	0.001406869996
384203	0.002502501153
384220	0.001962750293
384395	0.003637940395
384540	0.002039927536
384575	0.001560391059
384637	1.26749328e-05
384802	0.0005713123804
384850	0.001208548032
384900	0.002181653258
384982	0.0008448041978
384996	0.005411216792
385257	0.003295685805
385273	0.001803754188
385286	0.01097145001
385734	0.001594436396
385895	0.0008107580413
385990	0.001805144369
386095	0.003054053857
386149	0.00266364051
386392	0.002307590493
386415	1.106218852e-05
386527	0.00448198324
386648	0.000705603602
386803	0.0002166238589
387015	0.001588987519
387113	0.0005391407586
387128	0.0004360033878
387136	0.00159936668
387412	0.01029852054
387435	0.0005148532284
387541	0.00166490579
387630	0.002257356647
387809	0.001501445428
387841	0.0008485690093
387919	0.000583837448
387920	0.0009340629646
388012	0.003446930514
388034	0.003614621321
388091	0.0003465537525
388165	0.0003276641859
388220	0.0005054147032
388244	0.000199327221
388293	0.002043802506
388403	0.0004386888208
388414	0.0003010773826
388419	0.0007956383677
388595	0.0004932643191
388606	0.0008143263672
388734	0.001117161877
388745	0.0004249834935
388748	0.000521384224
388868	0.001662641725
388937	7.803364576e-06
389275	0.001101898245
389560	0.0005591527205
389649	0.003853973853
389673	0.0009591821764
389746	0.0006310348805
389782	0.0002969039402
389798	0.001437325833
389907	0.006277303037
389908	0.006829530247
389938	0.0009717599212
390148	0.0005238433308
390273	0.001286012712
390388	0.0019766114
390414	0.00015586823
390417	0.002428587864
390454	0.001006967538
390713	0.000623749874
390882	0.0003110033765
391006	0.0009539369575
391071	0.0004340003875
391115	0.002334136051
391134	0.001251254287
391147	0.00160618305
391175	0.0004877849568
391197	0.0002399353753
391222	0.0001521178343
391526	0.0021779256
391712	0.0004479758904
391799	0.003520312128
391821	0.003725195146
392015	0.006986528349
392022	0.007281864763
392171	0.001251028004
392185	0.0006113059718
392204	0.001309000668
392227	0.0006645547044
392252	0.002494979476
392286	0.00335609705
392318	0.0008408753696
392340	0.0001581958644
392393	0.001689887908
392420	7.042892406e-05
392471	0.001196218066
392508	0.002751560919
392511	0.002186815443
392566	0.003202038747
392663	0.002462430556
392750	0.003874527737
392868	0.006138376878
392921	0.002485064238
392995	0.00115753251
393009	0.0001245820207
393017	0.0002782105251
393030	0.0004649859148
393031	0.001851650729
393215	0.0007469510983
393283	0.009162733758
393375	0.001373682087
393442	0.002731997337
393460	0.0006391012785
393483	0.0005631533046
393536	0.001553127078
393568	1.547442007e-05
393661	0.0004930135084
393798	0.0007754778922
393809	0.0003482805181
393852	0.001481571069
393872	0.001269841942
393934	0.002085234715
394034	0.003107329069
394332	0.005711431368
394396	0.0006959479429
394462	0.0005032837909
394464	0.0005835723677
394487	0.001566816981
394522	0.001478090149
394535	0.00131969681
394562	0.001338744079
394602	0.000341736292
394642	0.0002538536348
394656	0.002126323849
394684	0.0004804170897
394815	0.005345452799
394857	0.001662561275
394896	0.0007663083042
394963	0.0005932088117
394965	0.0004712262428
394968	0.0001308710204
395004	0.0002005559659
395032	0.005456191507
395118	0.0006896292705
395150	0.0008046641849
395190	0.0008068561741
395220	0.001200488781
395248	0.00158197278
395338	0.0009087387822
395461	0.0002901500794
395558	0.0007100962464
395573	0.004798894836
395735	0.003188866812
395756	0.0008460436656
395785	0.0008750186686
395813	0.002691345045
396256	0.0005747501391
396263	0.001297443036
396394	0.001559586867
396427	0.0004902805879
396442	0.0004839049032
396453	0.0004528841173
396505	0.001184712227
396529	2.045827915e-05
396536	0.000191766477
396547	0.001480511149
396555	0.001732428901
396697	0.004135210504
396803	0.0001045784812
396824	0.0002206220203
397157	6.652722046e-05
397299	0.001494730169
397346	0.0006772243105
397471	0.00352958277
397494	0.0004117795084
397614	0.003432893844
397659	0.0002519734903
397743	0.000806713693
397772	0.001139183157
398025	0.001491506679
398122	0.001502617887
398261	0.0006143310149
398315	0.005562132956
398534	0.001446240048
398631	0.003163846278
398746	0.003128673946
398870	0.00128108616
398886	0.002066888228
399118	0.001084083742
399159	0.0005140059112
399233	0.001769718884
399290	0.001754552393
399373	0.00388808965
399423	0.001518129744
399433	0.001280690973
399461	0.002972864559
399498	0.000824980253
399556	0.003176427766
399579	0.0005588621639
399593	0.0006311938887
399611	0.001557011014
399634	0.0003499505528
399671	0.001872347213
399682	0.003574078502
399955	0.0001427279902
400132	0.00146102316
400166	0.0001087127331
400255	0.001072757531
400325	0.001068618294
400345	0.0009993927907
400556	0.0022182937
400564	0.001959965034
400591	0.002348485145
400603	0.00169052405
400646	0.0002447283025
400812	0.00283667992
400847	0.003976385231
400943	0.002292190615
400961	0.001260067508
401001	4.059495601e-07
401025	0.001418848951
401047	0.001036586197
401111	0.0002494592557
401166	0.00053798524
401208	0.000806961205
401213	0.0006500242303
401259	0.001196938033
401332	0.0003613081372
401337	0.0007938342007
401431	0.0001157590768
401436	0.001387166628
401487	0.0007854215263
401558	0.0007720372934
401626	0.0002158852353
401661	5.617382462e-05
401666	0.0008028200924
401788	0.000186895287
401839	0.004732591423
401939	0.001538983741
402017	0.0004835633974
402021	0.0003775224317
402047	0.0001296629895
402119	0.003088274508
402241	0.004521756513
402539	0.0005348890927
402640	0.006161890187
402693	0.001717780108
402844	0.00428005934
403008	0.002976361817
403029	0.002088914597
403255	0.003003229296
403298	0.001639075228
403331	0.0001404530927
403337	2.225093894e-05
403418	0.0005531760669
403453	0.001619827987
403867	0.002590270853
403939	0.003577771219
403946	0.001075161983
403958	0.0002678779074
403965	0.0002886333244
403995	0.00104609188
404166	0.003610332013
404219	0.0006624268079
404406	0.001437061862
404481	0.007449024149
404605	0.002786050477
404729	0.003169882947
404778	0.0001500191607
404979	0.0001928675546
405023	0.001266010985
405160	0.0009869164599
405164	0.003787060684
405290	0.001176977541
405355	0.001963914404
405358	0.001432965199
405377	0.001727388666
405440	0.000601253346
405500	0.002090280767
405521	0.0001878739771
405562	0.001504386523
405762	0.0008449853093
405924	0.001939355604
405928	0.001290543137
406229	0.0004411539361
406239	0.001169915729
406287	0.001099922751
406362	0.007527331573
406398	0.0009129162433
406464	8.67693945e-06
406487	0.001916886986
406495	0.0005025556898
406584	0.00073658427
406749	0.001272323852
406910	0.0002131003442
406917	0.008425520042
406927	0.0002116543103
406988	0.0009592188655
407096	0.001004772588
407155	0.0008211002303
407293	0.003506553585
407346	0.0007844495199
407414	0.000933644627
407432	0.000713304331
407452	0.00196889943
407527	0.0008262842778
407672	0.0006888977366
407860	0.0008531709077
407872	0.001151760185
407877	0.0007239222572
408014	0.00276783144
408018	0.003190871006
408038	0.0008155795016
408114	0.004529008313
408273	0.0009425981467
408312	0.006025414477
408397	0.001309779959
408513	0.0002104636827
408592	0.001295074094
408595	0.003316230027
408598	0.0001256376613
408700	0.002065531851
408727	0.001560435579
408761	0.0001804960106
408926	0.003023777291
408957	0.0005948541863
409024	2.652698604e-06
409096	0.00227025433
409125	0.00267072642
409131	0.0001642879264
409620	0.001530508669
409639	0.001262719977
409871	0.001552550345
409985	0.002162554526
410015	0.001076521767
410041	0.0005641390263
410089	0.0009008978007
410155	0.002029275338
410163	0.00113520046
410283	0.0007432492081
410311	0.0004632786923
410625	0.003541879874
410635	0.002055611317
410675	0.002994836013
410686	0.002762996788
410951	0.001406461549
411137	0.0004539824547
411169	0.002094579662
411207	0.0009045969646
411293	0.0009319544462
411310	0.002014139472
411403	0.006887517711
411526	0.0007250972529
411637	0.002480997605
411640	0.001402948747
411730	0.001177964724
411833	0.002486656125
411884	0.000856151214
411959	0.001889496093
412067	0.0009995897271
412292	0.0002186040206
412315	0.002186305635
412332	0.0003117098044
412501	0.006008774881
412502	0.0008271226528
412623	0.002678815712
412624	0.001701735604
412748	0.001128564738
412772	0.002826281159
412775	9.924310841e-06
412813	0.002895353424
412827	0.0001241415605
412845	0.0006489460014
412879	0.0003099750205
413050	0.004166141309
413060	0.0008088902389
413183	0.0004688094225
413379	0.0006212595564
413403	0.002168372436
413598	0.002252226343
413636	0.0008865607097
413685	0.002898837636
413692	0.007622597167
413697	0.006198358852
413800	0.001325041492
413830	0.004113713208
413958	0.000859445544
414230	0.0009669057261
414317	0.006032563538
414333	1.366012266e-06
414362	0.001272995151
414745	0.004566010098
415024	0.001827159301
415036	0.003176543979
415085	0.0006892672292
415167	0.002021108893
415319	0.003136785127
415377	0.0005277755309
415423	0.002197738102
415522	0.0007261175362
415547	0.001398646542
415619	0.001883417827
415622	0.00170403855
415654	0.001421097836
415781	0.0008167235738
415834	0.003249218187
415848	0.001149070493
415889	0.00113539791
416054	0.003118224793
416113	0.002756005855
416135	0.0005415126484
416225	0.002924788729
416270	0.0009424985888
416639	0.008564575148
416674	0.0009645466529
416785	4.413959944e-05
416923	0.0009408986599
416985	0.0001480938978
417030	0.003696944349
417274	0.0004880600469
417389	0.001677528703
417496	0.0007917440707
417596	0.002716539105
417613	0.0001695929099
417712	0.0003026538862
417757	0.0005500866616
417950	0.0018696103
417963	0.001401694832
418017	0.007010322909
418046	3.093986925e-06
418192	0.003114715869
418200	0.001104846768
418226	0.001386945748
418276	0.001142917566
418290	4.070973105e-07
418473	0.00099581401
418511	0.001027644579
418537	0.0009969479685
418607	0.0003787485582
418661	0.01146058168
418734	0.0002618366259
418747	0.0001547951004
418785	0.001862401744
418854	0.0004864926143
419024	0.001036251874
419159	0.001539871662
419186	0.00389625485
419240	0.003820860156
419248	0.001099300528
419286	0.001196154939
419287	0.003134713439
419342	0.002608830257
419370	0.001061754009
419389	0.006198557917
419468	0.0005215395056
419599	0.0003389403354
419613	0.001176897135
419727	0.001101338371
419753	0.0009525223105
419812	1.244146347e-05
419837	0.0001502912205
419982	0.000387371861
420030	0.0002874025347
420133	0.001079285446
420164	0.000207534405
420237	0.002840893666
420321	0.0002396613183
420451	0.0005710626071
420613	0.002543385352
420708	0.001383127076
420771	0.0002380605665
420985	0.001343916482
420988	0.00389127737
421156	0.001109278849
421224	0.0007929413722
421431	0.0008032596713
421496	0.0008426276819
421509	0.0001563762824
421533	0.00095908249
421584	0.001955661404
421663	0.002065800765
421838	0.002108298336
421859	0.001802039288
421868	1.379448951e-06
422241	0.00301865428
422442	0.0003690520658
422535	0.002982693658
422549	0.001188416846
422578	0.002049026671
422647	0.004991930876
422787	0.0005848127176
422991	0.0006571261041
423026	0.0008703342023
423027	0.0007610918637
423139	0.001895949965
423633	0.0007291433741
423637	0.006230252345
423642	0.002527115901
423714	0.0007125372911
423742	0.001966910961
423753	0.004095330054
423772	0.0007221006563
423916	0.008603681155
423950	0.003130020106
424020	0.0009115289193
424120	0.00260245352
424169	0.003964688419
424210	0.0009401443749
424427	0.002261001616
424555	0.001492341511
424633	0.001776765795
424668	0.002870798969
424675	0.00525854663
424687	0.001280286132
424717	0.0002958842352
424875	0.0001081449329
424995	0.001776991543
425075	0.001428945687
425209	0.01149982464
425415	0.0001232739676
425676	0.005034607364
425721	0.001480433886
425818	7.136970609e-05
426015	0.000699506193
426105	0.0001890182439
426151	0.0008126459737
426205	0.005612012084
426268	0.00156639471
426324	0.002880633346
426352	4.099380066e-05
426429	9.975067885e-05
426431	0.001198753909
426568	0.0005789109911
426799	0.0002272113876
426813	0.0007144834955
426852	0.001991658594
426877	0.0005162088876
426934	0.003387748841
427053	0.002203902963
427248	0.003110731448
427364	0.0007455464398
427402	0.001646808295
427451	0.001604271594
427501	0.0009175762473
427507	0.00097025467
427515	0.001301547646
427517	0.00160379285
427596	0.002413754714
427683	0.0004573760394
427708	0.001603381064
427773	0.0006876484059
427890	0.002320972563
427957	0.00128986365
428114	8.316347937e-05
428125	0.005243547284
428193	0.001799143061
428251	0.001339081337
428304	0.003624576011
428306	0.001336503739
428335	0.001771097797
428448	0.0007558505051
428474	0.001407292359
428579	0.003810769758
428591	0.0005489081865
428627	0.0006652894725
428715	0.001486306308
428821	0.00345700793
428838	0.002618129875
429015	0.005951782297
429137	0.001332192521
429212	0.0005193564271
429288	0.0004095660803
429297	0.0003391755651
429622	6.136168891e-05
430004	0.005219993251
430163	0.0001281136087
430194	0.001056881253
430254	2.46085471e-06
430291	0.0003735055255
430413	0.0003397512287
430801	0.004196273531
430858	0.005942221239
430894	0.000949425402
430977	0.00188356819
431006	0.0004875743664
431197	0.0005746061103
431209	0.001195474862
431410	0.0004099029849
431640	4.794106822e-05
431658	0.001900346494
431662	0.005148726009
431726	0.0002883702936
431755	0.0005983353097
431859	0.001458292804
431932	0.002634282119
431941	0.001513846266
431999	0.003400983933
432077	0.002064985572
432267	0.001142167442
432344	0.005302204149
432377	0.001109046975
432383	0.007151660795
432622	0.002498434091
432673	0.001462993565
432733	0.001928099557
432791	0.001713567282
432851	0.001900030495
432899	0.001073753471
432902	0.003784659487
433030	0.001095858876
433120	0.001500198156
433202	0.0004858613615
433444	0.001558263757
433466	0.001336376445
433596	0.002769018088
433610	0.002232049123
433665	0.001071206362
433695	0.006464407289
433773	0.001124874051
433943	0.0006259030869
433969	6.272229531e-06
434065	0.001532618844
434171	0.003381665019
434179	0.001261185123
434332	0.0001251126945
434409	0.001384758264
434723	0.00110498185
434885	0.0003416673001
434975	0.001719208023
434980	0.004700837075
435046	0.0005523621908
435203	0.0006853798466
435305	0.000762157629
435459	0.002104981956
435469	0.0006410573045
435511	0.007135662486
435512	0.004464731832
435610	0.002419698041
435712	0.0008176265505
435777	0.0008047616051
435831	0.004604285478
435890	0.001032277495
436009	0.004092853752
436055	0.0006900190058
436073	0.0006162512249
436145	0.00141627317
436198	0.002225157227
436314	0.005382376484
436342	0.0007684258948
436664	0.002204987344
436786	0.0003733161921
436792	0.001972682325
436796	0.001481902976
436814	0.001785018682
436894	0.001894878068
436900	0.002279913817
436912	0.001617859565
436963	0.0003506935078
437033	0.00363791197
437037	0.001097510676
437043	0.001065115043
437176	0.001671506137
437274	0.001750508493
437425	0.00180130804
437474	0.0009141782961
437475	0.0008592117218
437530	0.001091284561
437755	0.000264434411
437830	0.00179561754
437862	0.00198815045
437865	0.001890315427
437892	0.002354960257
437982	0.0001561609775
438017	0.000521279424
438198	0.0001556888326
438202	0.007097741526
438408	1.302432425e-05
438550	0.00119567591
438864	0.000643049271
439239	0.0008556523012
439290	0.001638627613
439396	0.001933168448
439414	4.273286316e-05
439467	0.0007602885255
439474	0.002726200359
439492	0.0006576394285
439857	0.0001316369722
439871	0.0004760499347
439875	0.002555582637
440019	0.0002805313185
440097	0.0003376864776
440218	0.006050413989
440231	0.002411774451
440262	0.00116627151
440266	9.86750989e-05
440307	0.001115910388
440439	0.003381313524
440454	0.001682694839
440497	0.005149978219
440815	0.001816111934
440877	2.098901319e-05
440939	0.0004133091493
441118	0.0006846640393
441208	0.007170362749
441320	0.004325780583
441503	0.0003570904038
441688	0.0007665206286
441736	0.0004814141025
441808	0.001508276026
441888	0.0004618615964
441895	0.0006101792831
442174	0.000858548809
442185	0.002463412739
442284	2.875755195e-06
442399	0.0009612428147
442412	0.001107650442
442424	0.0009698307465
442466	0.0004422794907
442494	0.001574807863
442672	0.0006190994183
442755	0.00443775331
442897	0.005003610592
443174	0.0006245406134
443183	0.0006339662989
443212	0.0009334713829
443361	0.005696199363
443500	0.003911565104
443573	0.001685477679
443752	0.0007385046702
444098	0.002622120968
444206	0.0001038264191
444467	0.0007805370972
444547	0.0006104934601
444570	6.052056377e-05
444655	0.001352902403
444665	0.0005786238271
444722	0.0005743242322
444733	0.001075341647
444850	0.000846204351
444851	0.002285304478
444855	0.0005535091617
444985	0.0002040277016
445131	0.001392704367
445191	0.00385198787
445234	0.000677052882
445252	0.0001600168684
445288	0.001225737668
445428	0.000307348808
445584	0.001233114462
445809	0.004646620947
445946	0.0004897017549
446006	0.0001270650648
446018	0.001824275202
446346	0.001402968862
446459	0.001708872481
446476	0.001736577713
446555	1.112237813e-06
446579	0.0008964266169
446604	0.0004302806385
446618	0.001122893528
446630	0.0005133089973
446666	7.998015665e-05
446748	0.001605380975
446789	0.0001032702581
446927	0.004304995434
446967	0.002713193918
446988	2.474158878e-05
447124	0.0001887426894
447142	0.0005340696923
447214	0.001957954341
447650	0.002126626159
447725	0.003157773163
447749	0.001041437068
447773	0.0003919923102
447968	0.003176985617
448034	0.001561515747
448142	0.007721708237
448196	0.001934695894
448390	0.0001389580012
448391	0.001607293173
448743	0.0003167910538
448758	0.000879477471
448760	0.005822123993
448805	0.0003808952929
448820	0.001878652258
448920	0.00150704081
448938	0.0001128617696
449003	0.003325021826
449115	0.001461034795
449133	0.004730767612
449172	0.009934199855
449316	1.446442057e-08
449383	0.001105379813
449572	0.0009479093414
449611	0.000115202216
449766	0.0009631181793
449820	0.001429698998
449863	0.005476083015
449886	0.0006518347729
450038	0.002287404158
450083	0.0003531684346
450160	0.001118498758
450235	0.00334021478
450360	0.002924555482
450395	0.001634760468
450498	0.0006849477788
450504	0.00220134028
450557	0.0005452591925
450590	0.0003826904598
450630	0.003252500865
450691	0.0004393599247
450714	3.738862396e-06
450773	0.01046462928
450870	0.0009794470182
450916	0.0008625198191
451039	3.068186007e-05
451063	0.0001617859319
451100	0.006254407249
451200	8.183652256e-05
451249	0.002636300754
451271	0.0004044516794
451473	0.001187871949
451539	0.001245999852
451586	0.003197383165
451591	0.0003986283428
451629	0.0001915051354
451689	0.000584546254
451830	0.001750869858
451862	0.0002981557345
451918	0.0008367903661
452087	0.001181361023
452096	4.258654647e-06
452109	0.0008478062176
452171	0.0002471317581
452248	0.0004300986881
452270	0.0002880028386
452273	0.004674358395
452284	0.001158552688
452387	0.002872375748
452417	0.0006676115127
452496	0.002691885033
452704	0.0004536199088
452799	1.902371951e-05
452953	0.0003390587941
452993	0.002309826085
453065	0.0008947839709
453083	0.001173229737
453192	0.0001162300656
453280	0.003700682324
453337	0.001899038794
453384	0.0004825641565
453472	0.0008267417394
453484	0.0008274968061
453780	0.001822271295
453844	0.0008014784044
453967	0.0004833731936
453979	0.0006711170066
454081	0.00180007154
454148	0.006598293935
454223	3.003536931e-06
454271	0.0008204225268
454278	0.002291825512
454290	0.001604273517
454318	0.002786262666
454651	0.002120218173
454682	0.00451699908
454751	0.0003048419647
454913	0.001290926017
455002	0.0008876903429
455088	0.000260786396
455179	0.00374218969
455193	0.00142896132
455252	0.0008835683062
455323	0.002826988814
455458	0.001722563006
455477	0.001212877411
455514	0.00229294598
455597	0.0004365863921
455776	0.001174809528
455782	0.001857271193
455877	0.003802633034
455881	0.001098053817
455926	0.0008407126414
456080	0.00152269633
456120	0.0001892373682
456178	0.002264571755
456194	0.001803208508
456374	0.001253680064
456529	0.0004732930806
456604	0.001945698963
456612	0.001036597566
456628	0.0005893732888
456636	8.848700367e-05
456712	0.002182048204
456725	0.002155653811
456743	0.004387008689
456769	0.0003596563357
456785	0.0004958332953
456957	0.006011434785
456965	0.001384629636
456984	0.0006960341363
457101	0.0005565764351
457158	0.00136846174
457502	0.003316353803
457520	0.0001100685821
457587	0.0008781580173
457630	0.0007559834889
457661	0.00247450539
457760	0.0005983672351
457778	0.005005489153
457791	0.0002548068655
457800	0.0006546675478
457859	0.0008431984065
458153	1.95307742e-06
458177	0.004018644592
458191	0.002034703553
458348	0.0004569346183
458437	0.001987163277
458501	0.0002650316883
458661	0.001687478631
458827	0.002126718354
458880	0.0003000557258
458903	0.0005214250776
459035	1.447332397e-05
459082	0.005444792157
459269	3.400077158e-05
459348	0.002383913322
459372	0.0005536171985
459466	0.001221795104
459535	0.0003532474207
459612	0.001612730462
459637	0.0004727741326
459701	0.0009950617631
459714	0.0004118196445
459719	0.001725362771
460142	0.004526861455
460157	8.273755819e-05
460287	1.83086124e-05
460383	0.0006142970314
460394	0.0006609951517
460559	0.001695360434
460611	0.001358873841
460690	7.171081238e-06
460817	0.0002508060929
461038	0.006201781658
461069	0.0006057388306
461103	0.0003867773736
461165	0.00125222415
461219	0.001287013031
461447	0.005609541287
461538	0.008644056622
461706	0.0005832321119
461828	0.002081970109
461839	0.001285506538
461905	0.001089481185
462025	0.003326776333
462026	0.002086834546
462062	0.0029583796
462070	0.001072852474
462095	0.002450269348
462183	0.00305541504
462288	0.0007342505103
462303	0.0003743710732
462313	0.0005788970605
462383	0.002801769672
462515	0.0009489797211
462657	0.000796872652
462937	0.000183205365
463040	0.003129517805
463048	0.0006974341055
463192	0.001332294835
463238	0.0008106388831
463248	0.005035922664
463336	0.004986881816
463414	0.001595025245
463584	6.560323328e-05
463781	0.003585352515
463851	2.942244866e-05
463962	0.001756290392
464019	0.003396029632
464049	0.0006372400746
464104	0.001397803458
464147	0.001003846329
464190	0.0009686052611
464449	0.001942874259
464511	0.002931984984
464563	0.0006473003316
464570	0.001889905796
464611	0.001307306544
464698	0.002710405192
464700	0.0004685099161
464722	0.001359943138
464758	0.000585398489
464783	0.0004005787115
464848	0.001944788226
465004	0.0008512066023
465033	0.0001689613733
465067	0.004199179876
465143	0.0002171205239
465226	0.0003657497533
465498	9.575218498e-05
465585	0.001031379704
465679	0.00428471456
465682	0.0005954976687
465691	0.001586649523
465726	0.0002584765946
465991	0.001717949161
466047	0.000288540178
466106	3.189484385e-05
466141	0.002662752396
466237	0.0006122913793
466280	4.116456909e-06
466370	0.0009517597609
466454	0.0001908156122
466593	0.0007653388361
466726	0.005712563083
466805	0.0002539725001
466857	0.01142160898
466958	0.001235119812
467185	9.787725878e-06
467190	0.004971647626
467199	0.008523524166
467320	0.001997173532
467347	0.002470679335
467430	0.002196137
467458	0.0008633379269
467486	0.003667041541
467794	0.005948556817
467981	0.001061094695
468009	0.001155822754
468208	0.002654074582
468270	0.000512013007
468330	0.005897331007
468365	0.006104521807
468588	0.006414106348
468673	0.0006454899767
468913	0.001392757726
468963	0.0003984560041
469039	0.006268768873
469193	0.001078222717
469255	0.0003407856714
469378	0.002400114954
469568	2.364544504e-05
469569	0.00129553073
469655	0.0002899551566
469807	0.0003512505743
469815	1.188746985e-06
469817	1.01974165e-06
469890	0.0005953308855
469908	0.001799840372
469986	0.001895424895
470014	0.0004548233875
470032	0.0005917085392
470113	0.0009679562841
470218	6.364287221e-05
470394	0.003351597087
470439	0.001797123606
470611	0.00417449399
470692	0.005952250181
471027	0.0007715438514
471109	0.0008802717379
471518	0.001323787457
471632	0.0005023523511
471832	0.0002533966248
471917	0.002450164692
471925	0.005397322725
471973	0.0009853505831
472064	0.0006078324819
472121	2.882972372e-05
472316	0.006621349574
472363	0.002024636289
472512	0.001686662126
472533	0.000661196292
472786	0.0004420510431
472918	0.0005689255216
472919	0.0006389330138
473030	0.0002998191737
473073	3.854725286e-06
473171	0.005295023811
473247	0.002131364754
473302	0.001595379653
473526	0.001609501257
473772	0.001375496788
473823	0.005232343246
473944	0.002679621346
474146	0.002328012551
474210	0.004451378506
474452	3.21168941e-05
474487	0.00504046046
474534	0.0005920730424
474692	0.001150737404
474700	0.00279263106
474767	0.004399154868
475048	0.0002635382289
475113	0.001938357777
475116	0.002477686061
475159	0.0004740766132
475251	0.0007443833258
475479	0.000466594765
475512	0.007489716546
475659	0.0006130274199
475687	0.003948946923
475704	0.00205561191
475779	0.0006009663156
475918	0.002508783036
475972	0.0003019860857
476086	1.763664286e-05
476133	0.003710152685
476446	0.001674477134
476480	0.0002199888985
476634	0.0006339104417
476884	0.001712461665
476975	0.0004671737857
477059	0.006909457986
477073	1.33034605e-06
477164	6.400670697e-05
477301	0.004643490257
477323	0.0001427608929
477328	0.0001997357044
477414	0.0009416424657
477664	0.0006750528636
477666	0.003108574098
477689	0.001308944675
478000	1.408042186e-05
478020	0.001157251894
478190	0.001084260906
478366	0.0001558678389
478388	0.001632319242
478465	0.0004502160317
478506	7.120328724e-05
478536	0.0001852273379
478582	0.0005477632501
478853	0.00374459384
478854	0.0005433607324
478902	0.0002337484769
478960	0.0003003793539
479023	0.0005503244258
479108	0.000237947426
479126	0.001592479353
479136	0.002867059771
479156	0.0003048894996
479307	0.0007847706725
479366	0.0004473188928
479369	0.0004489144143
479624	0.0001900238723
479695	8.718106912e-05
479760	0.0006985964687
479762	0.002410863656
479841	0.003149742412
480248	0.002644487862
480277	0.002995718685
480410	0.0005817918027
480463	0.003285870274
480651	0.0008559482282
480719	0.000458278317
480762	0.002140692586
480865	0.001974539075
480869	0.003187348185
480897	0.001857349082
480957	0.001017522404
481070	0.003005894304
481077	0.0008900352156
481242	0.004666043268
481405	0.004481224301
481541	0.0007216953615
481629	0.0004097357624
481669	1.867052182e-06
481735	0.002241888287
481827	0.001967534271
481856	9.557064255e-05
481900	0.0003969659358
482092	4.735955809e-06
482173	0.004004359428
482231	0.00153942646
482285	0.0015442315
482320	0.001265426664
482333	0.00152090632
482365	0.001261047339
482410	0.0006754699935
482469	0.007855574915
482688	0.003067707665
482791	0.001689529546
482804	0.002389887368
482841	0.0005584490415
482881	0.000464545516
482978	0.0001276235641
483107	0.0006545789017
483151	0.001046515841
483195	0.001363856239
483212	0.001365426706
483236	0.000526404578
483393	0.0005056327411
483462	0.000313157797
483652	0.0018648454
483827	0.005517485553
483854	0.00154169649
483981	0.0009875069742
483996	0.001218838716
484100	0.0008711896599
484101	0.003442327375
484117	0.001452555647
484170	0.0003307473894
484331	0.0006678420033
484374	0.004577990011
484440	0.001669022552
484599	0.002117144597
484611	0.0004691242325
484624	0.005771038506
484632	0.001017069006
484745	0.001678465941
484847	0.0009412313817
484960	0.005789765457
485136	0.003488345333
485196	0.0006811076711
485310	0.004646854724
485324	0.003380403934
485331	0.0001228555791
485803	0.001326935136
485911	0.002774574932
486019	0.0002629091077
486049	1.902166042e-06
486085	0.001231613414
486226	0.0003742796307
486227	8.4407817e-06
486322	0.001144945351
486365	0.00194430164
486404	0.002177029022
486418	0.0003345922728
486538	0.007067160172
486635	0.003097589851
486704	0.006272644405
486843	0.003116871818
486972	0.0007988661958
487123	0.002954994651
487427	0.001321957572
487596	0.004069248916
487615	0.001117498004
487637	0.002005021614
487764	0.002136042045
487798	0.0004026012689
487858	0.001161324913
487875	0.0001689380992
488041	0.001425067709
488162	0.003170861403
488164	0.0004742364669
488208	0.002273861207
488226	0.0002667354476
488299	0.005641830983
488392	0.001223996351
488417	0.003210129624
488463	0.009752934969
488564	0.000621678717
488633	0.000791974135
488653	0.0006675864011
488674	0.001241690449
488743	0.004433409612
488900	0.001253923706
488920	0.001798884649
488961	0.001008468766
489169	0.001492116283
489202	0.001804574922
489246	0.007901472906
489333	0.003596539012
489348	0.0004219161997
489377	0.0003587263062
489473	0.0006004559675
489505	0.00141591749
489627	0.004517965315
489669	0.0008492474288
489698	0.0004928523181
489854	0.001338145392
489894	0.0005934406239
489962	0.001114834082
490035	0.002231240613
490086	0.00591002164
490181	0.0004041826934
490392	0.00195106432
490503	0.002418715527
490523	0.00050597905
490528	2.058534465e-05
490973	0.0006904145976
490974	0.00178489796
490995	0.001069335706
491007	6.521655002e-05
491226	0.001583896119
491300	0.00274586015
491404	0.005519945057
491714	0.002684794366
491717	0.001367426176
491726	0.0005350117473
491727	0.0006651026187
491811	0.00121321215
491922	0.0001433267445
492010	0.0008634841264
492159	0.00020347729
492160	0.001784133916
492188	0.001104016557
492266	0.001000647053
492371	0.0005419732722
492607	0.0005566308956
492731	0.003483562004
492893	5.248500613e-05
492918	0.003431861461
493024	0.001141211365
493203	0.001393478018
493644	0.002126154449
493692	0.001931607577
493719	0.001301083958
493915	0.001679491309
493949	0.001348690818
494064	0.001884542015
494115	0.0007652630978
494133	0.00293650775
494407	0.001862227293
494445	0.007198880116
494450	0.0004577246782
494534	0.001026517896
494544	0.007944182277
494572	0.001804941244
494597	0.001452123836
494721	0.002620259487
494826	0.004096174934
494968	0.001296107334
495475	0.002389748346
495559	0.0004943605511
495609	2.408287961e-06
495639	0.00130503383
495657	0.001241868385
495710	0.0008940935962
495749	0.003180325317
495755	0.0007275868674
495772	0.004169129566
495867	0.0068990124
495875	9.899394391e-05
495988	0.005175426262
496051	0.0009784240976
496155	0.005368671981
496347	0.0004404876292
496372	0.0022898584
496541	0.001416256537
496647	0.0005883007336
496720	0.0006416057535
496805	0.00161275891
496810	0.0008203198352
496823	0.002791943144
497045	0.0004905851743
497190	0.0009447895394
497371	0.0004312561888
497596	0.001591499713
497693	0.001252368467
497697	0.0009514627953
497909	0.004575231049
498019	0.002984054744
498020	0.003084478122
498083	0.0001276733442
498178	0.001880553621
498559	0.001566871919
498594	0.001391296369
498607	0.0008867835279
498846	0.0007488796617
498869	0.001212442536
498893	0.003772522004
499004	0.001679690129
499058	0.00313077345
499079	0.001155564476
499134	0.0003850617404
499156	0.00120727685
499168	0.000645350512
499197	0.0006626731966
499259	0.0004756456552
499292	0.004827302356
499343	0.001939238996
499370	0.002053281748
499398	0.005019882316
499420	0.001280024884
499442	0.00095429836
499466	0.001277284252
499567	0.001493946877
499631	0.0009304299566
499668	0.0005133232263
499827	5.729672906e-05
500039	0.0008104583335
500052	0.001899687388
500068	0.001085920466
500100	0.002206316044
500167	0.002274744577
500222	0.001563045212
500230	0.006865679118
500328	0.000330070655
500360	0.001847737547
500476	0.00448200115
500550	0.0007354022538
500700	0.001004576375
500867	0.002941170559
500902	0.0005739005602
501016	0.0002138902734
501056	0.0008539996275
501140	0.001325951885
501413	0.001812750949
501461	0.004133336154
501827	0.001167745589
502067	0.002835538367
502185	0.0002423056047
502543	0.001533077964
502549	0.003112995233
502560	0.0002111687828
502565	0.0005067218452
502664	0.0002605448945
502715	0.001643173003
502730	0.002869942832
502918	0.002020066007
502977	0.0009918113558
503019	0.0003730408999
503057	0.004536549714
503086	0.0008721606759
503203	0.002381633817
503217	0.002385920499
503264	0.0009536191695
503394	0.0002750357116
503451	0.001113748225
503535	0.0005027837585
503652	0.001014956083
503706	0.0007077263933
503713	0.00457427435
503716	0.002837050331
503835	0.00111089907
503933	0.002887072078
503946	0.007445824452
504006	0.0004550636607
504315	0.002618159839
504347	0.003309956743
504380	0.0002843347945
504424	0.00064860698
504508	0.007113636165
504564	0.0003730236096
504660	0.002017986112
504754	0.001247570508
504799	0.0009072074365
504807	0.003800814018
504980	0.005193411014
504999	0.004500283312
505204	0.001365149274
505232	0.001503314482
505387	0.000309778503
505432	0.0001846080166
505841	0.004502101371
505853	0.007222985886
505953	0.000131055636
505962	0.0005374815466
506011	0.0007573982057
506149	0.00254206995
506237	0.003843660628
506246	0.00454074831
506570	0.007493449582
506656	0.0001697864647
506869	0.002652163524
507161	0.002329598275
507394	0.006187262327
507433	0.0005424377746
507606	0.0001905517122
507625	0.0001166627975
507858	6.004448549e-05
507865	0.003611508964
507871	0.004657825318
507934	0.001247537791
507947	0.003371306008
507957	0.000264001753
507963	0.001765814175
508050	0.002377414641
508303	4.829974543e-06
508319	0.0002513408541
508325	0.0004300260635
508524	0.002463359614
508526	0.001108272447
508545	0.001342424806
508676	0.0009058846212
508698	0.01304956616
508728	0.002002035088
508814	0.008616603551
508850	0.0003537776269
509125	0.002512437435
509168	0.0004419151325
509175	0.0005241914254
509231	6.894521289e-05
509249	0.0001389805992
509261	3.370383429e-05
509358	0.001650491254
509541	0.0005948464955
509594	0.0007975528214
509837	0.003125540543
509876	0.0005708588465
510021	0.001085731868
510066	0.000497719672
510155	0.0006876766449
510320	0.001098076843
510327	1.104472703e-05
510347	0.0008111239146
510398	0.0009530798136
510440	0.0006447585616
510457	2.159812705e-05
510468	0.0005993979883
510531	0.0009136866966
510573	0.001290811769
510683	0.001498685377
510689	0.005465875377
510832	0.0003023470211
510938	0.0006048054098
510986	0.000302496593
511036	0.0004595048174
511231	0.002271848254
511489	0.0001670537437
511521	0.001736331231
511650	0.0004957667159
512093	0.0002765500591
512124	0.003956885378
512215	0.004414896818
512240	0.002592462737
512314	0.0007347044194
512454	0.001905579618
512591	0.001564568936
512599	0.001018838536
512611	0.009357049834
512638	0.001036970817
512711	0.003014454882
512957	0.0003463493111
512974	0.0008660095718
513055	0.00145254078
513102	0.0002073077811
513144	0.001327236272
513342	2.871094024e-05
513349	0.005263336498
513429	0.001261763397
513447	0.001117761752
513557	0.004905304212
513581	0.001100130356
513598	0.000723107309
513874	0.001607738457
513953	0.004304219323
514081	6.817541405e-05
514169	0.0009923218879
514206	0.001411675751
514326	0.0005583658347
514338	0.001367010425
514505	0.0001694918814
514525	0.001705907036
514549	0.01127375556
514564	0.004617487082
514589	0.004497584486
514601	0.0004449732718
514647	0.0002559278695
514662	0.005084870402
514669	0.002130918356
514713	0.001272690184
514832	0.0002959431997
514869	0.0006941859086
515064	0.003180826198
515168	0.001337680883
515182	0.003470382414
515276	0.004166409352
515400	0.0037552958
515528	0.005484959011
515716	0.001028679199
515932	0.005809569314
515981	1.450248484e-06
516055	0.0005362652802
516123	0.0003240580021
516258	0.001312716576
516423	3.810477591e-06
516431	0.002277234154
516472	0.0005672094399
516510	0.001341921856
516581	0.0007609448365
516720	0.0006315299781
516736	0.001436807745
516764	4.939789946e-06
516852	0.001072487373
517038	0.001189578007
517061	0.002137189071
517126	0.0001961728946
517169	0.0007605103295
517286	0.0005067664435
517326	0.001044713335
517376	0.001886162014
517418	0.000465265171
517436	0.002928422432
517442	0.001230415506
517558	0.0002743819825
517578	0.001055659304
517594	0.0004113179488
517726	0.00108344239
517869	0.0009187811003
518076	0.001750732631
518133	0.0006883805509
518230	0.006159033505
518471	0.0007382271237
518503	0.0002404336515
518571	0.00251582114
518660	0.002565756411
518695	0.004800776142
518748	0.0003640990566
519092	0.0005417171816
519174	0.003381222135
519208	0.0005897852269
519242	0.001765031925
519384	0.001834345697
519429	0.003239387922
519482	0.001613464484
519531	3.595805514e-05
519557	0.0007487790075
519641	0.001045265403
519693	0.002816720946
519745	0.00094952941
519983	0.003284441159
520177	2.426098823e-05
520179	4.025857944e-05
520338	0.00181630399
520389	0.0003500680934
520662	0.002279812218
520718	0.001171708658
520885	0.004354285794
520998	0.009158430196
521024	0.0005858459183
521032	0.0001467819866
521115	0.003087418487
521159	0.002074251967
521277	0.001294536291
521445	0.0009778034155
521650	0.002091884501
521707	0.001973713548
521847	0.0006509861522
521877	0.0006043165205
521922	0.001029249625
521987	0.002011642552
521989	0.003879069303
522050	0.00096380961
522102	0.003732368636
522115	0.001151297338
522365	0.001271174628
522399	0.001800019547
522453	0.0008390992197
522484	0.006331256163
522769	0.01172254909
522802	0.00056473546
522839	0.001976328543
522860	0.000947412559
522933	0.003239506925
523014	0.0003955283315
523072	0.0007581699715
523173	0.0003034857553
523187	0.004256773809
523485	0.0040594194
523513	0.0008604117226
523584	0.0004036138601
523608	0.001464904093
523702	0.004338735424
523715	0.00473285106
523787	0.003053067968
523791	0.005124949202
523822	0.001074658198
523853	0.001436851846
524171	0.01018468566
524207	0.001409121721
524299	0.000148427955
524397	0.0008991346342
524780	0.0006147452171
524793	0.003041523568
524893	0.000672557339
524938	2.648733673e-05
524993	0.004181890567
525157	0.000476286379
525337	0.004786015683
525375	0.003650161981
525561	0.003593433411
526013	0.001966074176
526055	0.00201511848
526105	0.0005425977149
526154	0.001934295454
526253	0.00183572198
526269	0.0007744535475
526316	0.001309740494
526472	0.001935885416
526543	0.005510469007
526674	5.204084547e-06
526772	0.00036195472
526840	0.004369708069
526850	0.0007400202916
526883	0.003572476877
526925	0.001336664834
527178	0.006441845673
527216	0.004013573439
527227	0.003245757308
527231	0.0007414553975
527258	0.00211398256
527314	0.001333458451
527502	0.002289601434
527668	0.003397214947
527674	0.001687774286
527677	0.0002177750449
527704	0.00226339381
527706	0.0009344400635
527817	4.446993663e-06
527899	0.003259728147
528024	0.003095506504
528031	0.0003910221911
528232	0.001095694256
528604	0.001402748387
528642	1.163053607e-05
528652	0.001859856975
528795	0.0011710832
528863	0.001578914752
528913	0.000210134353
528942	0.002259734688
529057	2.584198901e-05
529098	0.003752413202
529100	0.0005128859713
529181	0.0006080372675
529242	0.002230043336
529286	0.01138274412
529382	3.979999513e-06
529561	0.004956222777
529576	0.003476118133
529604	0.0002313374863
529730	0.005541111384
529843	0.0003994645659
529880	0.001514936178
529931	0.01002645151
529990	0.0004970885607
529998	0.0004812287184
530083	0.0006348449306
530105	0.00339248748
530127	0.006723196115
530175	0.001351611423
530367	0.0004193846756
530428	0.007477495527
530439	0.004271053694
530452	0.001746824233
530457	0.002014046147
530492	0.0006564862929
530616	0.0049078693
530676	0.0006105996592
530724	0.0005616929021
531008	0.001006070234
531295	0.003658443544
531349	0.004277697951
531351	0.002642055281
531378	0.004213859718
531381	0.0003509581001
531401	0.001205700162
531569	0.001188631127
531764	0.004231121785
532040	0.0003221546694
532138	6.325798138e-05
532229	0.0009274371036
532337	0.001055509834
532404	0.008024910099
532437	0.001044161171
532442	0.0004666016996
532493	0.004957228575
532651	0.0005879124186
532687	0.003429337476
532839	0.003119764572
532847	0.0003247390744
533002	2.078509236e-05
533183	0.001511574995
533206	0.002292645195
533462	0.00150895822
533481	0.001470056036
533650	0.001350251236
533652	0.002353097187
533756	0.005179012429
533760	0.0031526326
534104	0.005394980631
534209	0.002655849165
534277	0.004095307481
534372	0.000518426808
534392	0.004046128131
534406	0.005483346485
534505	0.001033233534
534535	0.0007940915879
534631	0.001654132596
534640	0.0011443352
534769	0.0001541042998
534832	0.002966699995
534865	0.0003581495946
535020	0.0001712830355
535085	0.001273004346
535351	0.001318350849
535403	0.0005886809729
535405	0.0001324835257
535411	0.004702107027
535624	5.869192527e-06
535662	0.000507573088
535747	0.0009367711575
535934	0.004706901113
535972	0.001185881068
536162	8.265464749e-06
536227	0.005979547712
536269	0.001735821022
536312	0.000253970549
536323	0.001393888543
536337	0.001716010302
536347	0.0006871665632
536481	0.003527399992
536607	0.002681669131
536635	0.001778388065
536694	0.0008737245154
536724	0.0003563979082
536734	0.0008371290079
536778	0.0008698672877
536924	0.003216629297
537030	0.002462518925
537226	4.347553099e-05
537287	0.0007738944241
537369	0.000633620045
537492	0.002536004648
537516	0.0008087186165
537797	0.00517830643
537824	0.002155204813
537845	0.0008120366158
537856	0.001909355446
537877	0.0008480490957
537968	0.002727854079
538010	0.0007256568605
538027	0.0007101550277
538136	0.000763346944
538322	0.004476301294
538334	0.001767357386
538429	0.0001327862357
538500	0.001932274177
538545	0.0002964942365
538575	0.00371801049
538784	0.0009897278065
538811	0.00117261442
538830	0.005237853545
538842	0.00118737134
538956	2.53335789e-05
539159	0.002158802925
539169	0.002555111074
539191	0.0003507024397
539275	0.0004151143163
539384	0.001356203787
539669	0.0003187488428
539772	0.002283066751
539774	0.002077099769
539797	0.00302644539
539858	2.366229073e-05
539997	0.001827119277
540088	0.002223391414
540168	7.834166706e-06
540496	0.005325889639
540546	0.002294937966
540873	0.0001895873423
540888	0.00134471301
540904	8.764966564e-05
541005	3.539557906e-06
541163	0.002244416044
541198	0.001198482969
541206	0.009386056475
541320	0.0003776487284
541361	0.00207080578
541363	7.544024868e-05
541454	0.001407304164
541468	0.000110078421
541574	0.002032043762
541675	0.000620182736
541848	0.002926072412
541944	0.001808492317
542109	0.00132076267
542252	9.637871812e-07
542377	0.0003792228771
542460	0.004432149799
542474	0.004926036428
542513	0.0005947120687
542660	5.470756613e-06
542799	0.0001755865198
542863	0.001503270657
542900	0.0003005056655
542932	0.006563951258
542966	0.001595771677
543025	6.434633435e-06
543050	0.001702824302
543128	0.00131046054
543155	0.006059147406
543396	0.0002902379139
543496	5.252253285e-06
543565	0.00153092018
543629	0.001480197815
543656	0.003133330712
543812	0.00869376103
543814	8.399959287e-05
543951	0.003432259796
543986	0.001758205937
544130	0.0001268592445
544453	0.0003972590957
544529	0.001818023875
544567	0.0006944937606
544681	0.001025832956
544780	0.001558449801
545001	0.0002017079742
545012	0.006515206007
545053	0.001252485554
545214	0.001681806573
545420	0.001014291484
545481	0.000160715748
545513	0.0009325373877
545602	0.001498432264
545656	0.004991942905
545674	0.001139026673
545720	0.0006422748352
545746	0.0006698354752
545754	0.0008880744145
545831	0.0003872554317
545879	0.00098338351
545899	0.002363415534
545935	0.006500795149
546043	0.002470834975
546065	0.001891269325
546104	0.0003581224096
546265	0.003325584892
546409	0.0005196572984
546524	0.004801812561
546775	0.0004483709979
546858	2.59575453e-05
546917	0.006072967771
547049	0.0005154067981
547128	0.002316600255
547210	0.001313447312
547227	3.400129517e-05
547844	0.0002129662832
548135	0.001383863268
548148	0.001762532806
548373	0.002435845515
548399	0.0007349429189
548579	0.0003843200173
548757	0.00140499347
548989	0.0008249175407
548991	0.00088425766
549002	0.001846207614
549042	0.0002377121892
549093	0.0001394991405
549171	0.0008520015749
549176	9.974222574e-05
549270	0.004786388066
549404	0.0008964039416
549454	0.0005345115354
549523	0.002488475348
549616	0.002361091421
549808	0.0008301340225
549966	0.001234992877
550032	0.001790040106
550104	0.001425775199
550313	0.0001520539844
550393	0.001346614265
550426	0.001757388332
550486	0.00263612023
550528	0.001297793621
550578	0.0002605936785
551056	0.0005105118675
551127	0.0006741946626
551152	0.003098324479
551357	0.0006282305529
551434	0.0009889166376
551473	0.0008815358847
551481	0.00023836219
551507	0.001274130905
551675	0.001163865508
552017	0.002389965445
552137	0.001325966522
552288	0.002985231301
552326	5.862087079e-06
552417	0.002905677037
552616	0.0009607209194
552620	0.001148018029
552628	0.0004670879833
552652	0.001430766287
552791	0.00326176999
552822	0.0006347816052
552870	0.0003003524146
553033	0.001622545876
553035	0.0005900193333
553170	0.00150271247
553230	0.006828106387
553286	0.005065966642
553302	0.004752558524
553388	0.0001349623518
553390	0.0003444600409
553397	0.000285185968
553689	0.0003278442509
553770	0.001397811047
553773	0.004636321681
553887	0.0007019253596
553927	0.00109864479
553991	0.001948716857
554090	0.003719032874
554427	0.001378322499
554511	0.001527723435
554635	8.285070394e-05
554871	0.001008927858
554929	0.001620647687
554992	0.0003207134946
555032	0.0003827234477
555186	0.0003412428261
555229	0.004327516064
555255	0.002479502216
555462	0.002308243161
555491	0.0004052424612
555757	0.0005757311373
555841	0.002359595272
556006	0.001016288336
556033	0.004709234433
556143	0.001477588556
556210	0.003809196063
556301	0.0009590366338
556393	0.001180350914
556695	0.003084527475
556942	0.000837790913
556958	0.0002367250171
557048	0.001018714881
557135	0.002137301277
557142	0.001180003617
557143	0.0009263769627
557196	0.000610142529
557244	0.001441570633
557342	0.004290811818
557620	0.003395687017
557901	0.0007529982609
557960	0.0007646607703
558013	0.0001843266602
558028	0.001778534993
558057	0.0008395140396
558206	0.001949619335
558343	0.001295530284
558396	0.0005402084934
558489	0.003298832889
558808	0.0008261200429
558826	0.002982702823
558920	0.0007680198859
558928	0.001557029229
559011	0.0004796617049
559103	0.001555178886
559347	0.0009327324985
559405	0.006684289911
559408	0.0008385011315
559605	0.0004390814568
559675	0.003498467447
559805	0.006121304899
559822	0.001548643213
559931	0.0005659456082
560000	0.001050787615
560020	0.0023668596
560044	0.0005044134893
560163	0.002811886184
560575	0.0004066315032
560581	1.664285354e-05
560584	0.0002579825649
560594	0.003764341249
560617	0.0002759681249
560653	4.692371919e-05
560760	0.002252484506
560851	0.0009932175146
560983	0.001196506149
561127	0.007610581995
561189	0.001146358564
561249	0.001379775821
561295	0.0004301724671
561324	0.0005594436986
561364	0.001249876493
561435	0.004033533038
561603	0.000233315595
561642	0.0007941866161
561715	0.005296161694
561738	0.003887478187
561744	0.0005921312371
561762	0.001338162983
561822	0.001237958162
561896	0.0004036353343
561959	0.0001917031195
562013	0.0008896817557
562052	0.007797234987
562204	0.005570178501
562238	0.008253354762
562389	0.002464069527
562466	0.0002981611624
562568	0.001184296848
562734	0.0001997407649
562781	0.002916108542
562889	0.0005953535241
562980	0.001711625455
563048	0.002493758616
563157	0.0003542018518
563289	0.0009892897441
563371	5.074727764e-06
563373	0.000246284452
563380	5.99740554e-06
563484	9.305837231e-06
563770	0.002183731769
563771	0.0004515050175
563779	0.0006208276423
563823	0.002066300276
563827	0.002460598494
563865	0.001022423355
563928	0.003094341991
564067	0.001239382446
564149	0.002637488692
564185	0.003241395371
564255	2.599598955e-05
564279	0.003202353666
564282	0.002984665135
564301	0.002114322637
564433	0.003776104148
564451	5.698745093e-06
564560	0.0005863114503
564862	0.0006399718727
564971	0.0007024273107
564975	0.001015310808
564982	0.003507592515
564989	0.004087653701
564996	0.001420811022
565070	0.001617034448
565190	0.00147763547
565282	0.004670156741
565295	0.001366623507
565342	0.001276547534
565439	0.0003122390418
565700	0.0003707990648
565772	0.0003974490305
565821	7.608000789e-05
565938	0.005053521439
566209	3.629304601e-05
566282	0.001466131893
566290	0.0001604049966
566356	0.001835067977
566427	0.007432828081
566440	0.002998255547
566636	0.004890796861
566741	0.0006340384845
566870	0.002811848404
566947	0.0005742268373
567002	0.003726827173
567008	0.0002742495516
567026	0.004298578537
567097	2.707625338e-06
567101	0.00181808077
567243	0.0003255230886
567292	0.001249522125
567312	0.000515236258
567327	0.005331787176
567344	0.0007909240102
567436	0.0007523600372
567447	0.00421061297
567497	0.00362642921
567544	4.70097538e-05
567587	0.004736013792
567728	0.005474928972
567947	0.0005921619463
567991	0.001762432605
568019	0.004201602641
568042	0.007202746339
568197	0.0007487231395
568335	0.00155120524
568629	0.0002649555952
568664	5.810900746e-05
568692	0.001396674578
568706	0.0006525630357
568720	0.001348101704
568744	2.612540805e-06
568766	0.00344756015
569047	0.001694176607
569178	0.00144704391
569412	0.00180552523
569438	0.001056331852
569504	0.002357641688
569513	0.001886085628
569740	0.006418370879
569835	0.009006392299
569847	0.001224722077
569950	0.0006046094441
570029	0.0001719966392
570140	0.005056097121
570416	0.00224895385
570446	0.003477831269
570600	0.0006376119752
570612	0.0004991102896
570641	0.002336127936
570730	0.001987503966
570755	0.0003306255712
570838	0.0004012508447
570847	0.0007078222045
570862	0.0007422403273
571183	0.001719272812
571214	0.0004375320822
571279	0.000377852793
571419	0.002892950947
571491	0.000707395594
571669	0.0049627779
571681	0.007739765155
571752	0.003508311042
571762	0.001231017079
571802	3.669276848e-05
571855	0.003154104405
571865	0.001386113937
571889	0.0007375187003
571980	0.0007695821984
571991	0.003725179028
572042	0.002168760699
572137	0.001391637235
572188	0.0005899629692
572320	0.002019830873
572395	0.002824355777
572459	0.002209951491
572670	0.00186863577
572708	0.002358793894
572710	0.0003435307913
572742	0.004513066857
572747	0.001873316386
572851	0.001029920487
572867	0.003110274504
573025	0.0006574345453
573044	0.0020137455
573201	0.004874254523
573278	0.004510321502
573388	0.007018915648
573481	0.004691662472
573568	0.0002383891983
573665	0.001433014169
573683	0.00196864473
573697	0.001287944559
573991	0.0003380497964
574026	0.0006050748319
574054	0.0003683488029
574068	0.00188703425
574104	0.005797006754
574168	0.003605276807
574482	0.005575780649
574579	0.0009486352695
574638	0.0003306751457
574644	0.004500306625
574861	0.001610109072
575018	0.005516416731
575048	0.007202501883
575065	0.001333580551
575070	0.0002290409659
575265	0.001015991385
575270	0.007741310709
575495	0.0004730993854
575539	0.004584396786
575766	0.004844134821
575898	0.0009024682151
575938	0.000166967902
576110	0.005178247188
576159	0.0004150662285
576299	0.0003130650758
576302	1.759687198e-05
576309	0.0004460468131
576375	0.0001914676262
576382	5.426631891e-06
576383	5.285413469e-06
576505	0.0002579254344
576617	1.042531632e-05
576636	0.0003533192686
576679	0.00186026393
576768	0.001429331519
576802	0.0002863205887
577034	0.0001871773838
577072	0.00400262608
577079	0.0003190099393
577173	0.002763515212
577317	0.002793038886
577427	0.0005001918238
577432	0.001278069887
577470	0.003096778669
577475	0.0001382238548
577477	0.005182769621
577516	0.0002120939455
577518	0.0005914155604
577871	0.0005575373145
577915	4.68152391e-06
578052	0.004099549795
578076	9.720573789e-05
578588	0.003968276241
578625	0.0006694877333
578655	0.001394687429
578907	0.001221347218
578918	0.001637410434
579219	0.002114142773
579275	0.001416888051
579442	1.01108203e-05
579444	0.009558271836
579455	0.001532969414
579547	4.798735627e-05
579548	0.0007393271108
579611	0.001371006653
579651	0.001114816718
579757	0.00514232763
579787	0.0006208160812
579996	0.000877257731
580011	0.001157721963
580056	0.0012273211
580067	0.002071702789
580203	0.002526819443
580226	0.001527492008
580367	0.0003266336321
580446	0.0039475569
580564	0.0008800370503
580788	0.002963636918
580811	0.007377778388
580843	0.003668017152
580890	0.002493256017
580909	0.0007604880247
580924	0.0005139746578
580948	0.001501105468
580997	1.163624571e-06
581141	0.001541497764
581194	0.001574327955
581305	0.002588144302
581313	0.0002026436392
581326	0.004474161787
581501	0.00722192403
581609	0.0006571376894
581664	0.001159687993
581698	0.0002966731558
581820	0.000828889628
582065	0.0009683503776
582084	0.000525050739
582107	0.002514272466
582341	0.00359093037
582355	0.00180635075
582524	0.005744051082
582591	0.0004601682222
582765	0.00237202347
582800	9.193618511e-05
582851	0.002008860954
582857	0.004910648982
583111	0.004686039084
583335	0.003410021229
583425	0.0005608496685
583443	0.0004320699281
583449	0.001201510783
583501	0.0001050140232
583544	0.001438795187
583595	0.004951487083
583633	0.0009663823664
583728	0.0006311981564
583888	0.008351341094
583907	0.005067846093
583955	0.002198858101
584016	0.004208645797
584023	0.001220242237
584143	0.0002440853926
584151	0.0005855976397
584282	0.00337275337
584395	0.001289243169
584581	0.002290837761
584587	0.0002540587078
584597	0.003716001828
584598	0.001293743987
584600	0.001211207755
584652	0.0006254664324
584749	0.003086892038
585095	0.001245011853
585149	0.0007194697481
585250	0.0005239607398
585319	0.00141487117
585426	0.008039496226
585570	6.032058054e-05
585777	0.001986928051
585801	0.001865784864
585912	0.000439949533
585981	1.011389263e-06
586001	0.003605500849
586050	0.0009960490457
586091	0.0002454117761
586092	0.0006213206703
586175	0.0001234753282
586238	0.0007594778677
586330	0.00536471697
586355	0.001098034319
586409	0.008412359563
586590	0.001210580905
586591	0.0001578827444
586685	0.0003289991501
586722	0.0009993742398
586941	0.0002061722173
586957	0.0004109281898
587152	0.0004137259261
587190	0.0008604474984
587226	0.00266379372
587323	0.001340030183
587385	0.0002767447162
587414	0.002194260596
587435	0.0007754286847
587587	0.0002626870814
587638	0.01026439208
588388	3.180960308e-05
588506	0.000913692207
588565	0.005433100349
588695	0.001075165725
588767	0.0008901328473
588778	0.0006658062916
588868	0.002495937094
588954	0.005351232354
588981	0.0018055501
589113	0.003199942308
589191	0.001164738475
589265	0.002316082127
589514	0.002982752202
589538	0.0003809684974
589592	0.0004212038005
589618	0.0003913162344
589669	0.005129609392
589748	0.001097890444
589822	0.001200013901
589863	0.0065315426
589911	0.0006226517691
590122	0.003296993777
590212	0.003422645678
590361	0.002683720883
590365	0.002779271833
590529	0.001195006706
590574	0.000866135544
590661	0.001106522833
590673	7.942561967e-06
590820	0.003962065236
590830	0.005951862371
590877	0.0002348718118
591074	0.002166503598
591104	0.000262436362
591133	0.000533318361
591158	0.00229614545
591227	0.0002609087101
591231	0.001711722972
591254	0.0002010695332
591267	0.001370379265
591307	0.0005361570583
591489	0.002309744514
591554	0.0004533966697
591641	0.00149651449
591655	0.00176761411
591785	0.002997002418
591838	0.0006357219283
591846	0.00264859183
591995	0.00158990845
592016	0.00230338412
592073	0.0005471389684
592083	0.005153596926
592086	0.000361296393
592262	0.002209062858
592420	0.0003857824539
592702	0.001228391877
592963	2.310251347e-05
592982	0.0006007764445
593002	0.005793778739
593226	0.002482183454
593228	0.002229200789
593343	0.002525129095
593423	0.002050783498
593471	0.0003562669516
593487	0.001607959674
593764	0.001821126342
593798	0.0002551704922
593804	0.0004867306114
593824	0.005758515364
593990	0.001851157475
594031	0.0001498355008
594177	0.005374606334
594201	0.004740795292
594219	0.001151670161
594222	0.001624799008
594315	0.002961865342
594332	0.004551470032
594382	0.0008907391205
594585	0.001564283715
594852	0.003465319175
594984	0.0002918279961
595006	0.001111280627
595083	0.0004864255333
595123	0.003646033979
595214	0.0005975919116
595300	0.001030877328
595375	0.0007309216643
595406	0.0008621762017
595423	0.005006873844
595526	6.398350776e-05
595576	0.001144153651
595886	0.0001401460972
595923	3.048947599e-06
596013	0.001356982962
596014	1.989877968e-05
596023	0.00205347608
596056	0.0006423809325
596242	0.0005602614944
596300	0.0001580429971
596381	0.001975221449
596425	6.26958668e-05
596541	0.0005651301536
596673	0.0004538214626
596793	0.005187561423
596867	0.009872183761
596937	0.0007354123007
596972	0.001321858746
597054	0.01548926986
597108	0.002263148314
597185	0.000540994111
597294	0.002425095358
597456	0.0007230862868
597505	0.0009733679222
597512	0.001454432681
597561	0.000911207433
597640	0.001541149357
597691	0.002443670069
597988	0.004636529681
597994	0.01019601396
598065	0.004923555838
598198	0.002571215184
598233	0.001079034524
598239	0.004822914903
598274	0.0009317995594
598325	0.001743810661
598362	0.00100284988
598603	0.001370113047
598940	0.0008205902018
598970	0.001834222045
598976	0.002665756907
599001	0.0008941830952
599017	0.005351734404
599034	0.000678669268
599165	0.001219738571
599329	0.0004238419345
599436	0.00187195393
599437	0.001819581697
599438	0.00230971278
599453	0.0003397195404
599689	0.008027772114
599748	0.0007013617965
599771	1.850368713e-05
599833	0.000174820589
599942	0.007494367513
599990	0.0009425180061
599991	0.001157983876
600171	0.0002264094291
600358	0.001763016722
600375	0.0001008185313
600397	0.003002562922
600459	5.480906345e-05
600525	0.005274981258
600545	0.001203336078
600752	0.009076948919
600822	0.002099587628
600831	0.0002183568686
601002	0.003747371019
601066	0.002765451059
601125	7.801788682e-05
601136	0.000506749259
601179	3.85802184e-05
601258	0.002625476831
601327	0.001633878725
601361	0.001145152718
601384	0.003088227387
601562	0.001439594305
601666	0.001953226601
602101	0.001886097252
602103	0.001513386113
602126	0.001427151535
602233	0.0004058389535
602396	0.00220731359
602513	0.01269299403
602631	0.0003216618145
602731	0.003439849377
602848	0.003268989152
602951	0.0003479011343
602984	0.0005874599413
603015	0.0002785159459
603017	2.603595703e-07
603047	0.002084623867
603229	0.001547592691
603321	0.0009257204632
603606	0.004872285582
603633	0.002101180472
603674	0.0009305257329
603689	0.0009293248546
603910	0.004293988201
603919	0.004113015399
603963	0.00172185001
603988	0.001247855391
604000	0.003762967048
604196	0.0003252729333
604305	0.001203891617
604397	0.001298622967
604547	4.079536234e-05
604645	0.004619723088
604746	0.001535593228
604873	0.000266058462
604956	0.001808065854
604960	0.00267955596
604965	0.0008171960829
604972	0.002959438074
605195	4.871858772e-05
605324	0.0007669333591
605428	0.0001061654679
605444	0.0005461588577
605447	0.001362606164
605705	0.0105034145
605765	0.0004730865285
605840	0.001526557105
606000	0.001031323626
606160	0.0003387924979
606275	0.003096178541
606376	0.002841167342
606469	0.002590117805
606706	0.001717014834
607091	0.002754221149
607188	0.002348984289
607339	0.00303838547
607541	0.0009893309598
607598	0.001057978065
607604	0.0008709505005
607733	0.002877448005
607735	0.0005624951846
607745	0.0009457445266
607821	0.001071517775
607915	0.004385231422
607954	0.001355160953
608179	0.004952224701
608279	0.0001728025926
608282	0.001373109342
608289	0.0008273078763
608342	7.004459314e-05
608365	0.0009760123173
608376	0.0003774410796
608401	0.002490557087
608535	6.358961676e-06
608593	0.0004229621045
608769	0.0026744152
608978	1.971348267e-06
609001	0.001035681481
609041	3.629617957e-06
609111	0.001709084084
609272	0.0003962383389
609286	0.001912893739
609303	0.00273938002
609305	0.001030100624
609347	0.006410612341
609474	0.0009864938838
609597	0.001740576161
609701	0.00463571199
609713	0.005988498551
609936	0.0002327515072
610058	0.002688028858
610083	0.001802629103
610280	0.001641224366
610488	0.002149529613
610505	0.001318336002
610552	0.0008414005574
610643	0.0005428524341
610899	0.002971245012
610952	0.001780363865
611209	0.001189669195
611250	0.001310177894
611280	0.001542389047
611364	9.121651997e-05
611541	0.0006028808738
611583	0.0005619740237
611694	0.002192341031
611700	0.00165229452
611713	0.003043354665
611911	0.001893646489
611989	0.0007704289553
612021	0.005971743234
612195	0.0004571973665
612545	0.000570595611
612763	0.0003120534234
612835	0.006031401337
612865	0.0005706077177
612880	0.004132613062
612910	3.157985247e-06
612948	0.001159760809
613013	0.0003657784814
613115	0.001009129206
613275	0.001480813832
613451	0.0002623470668
613463	0.007445302616
613484	0.001023605223
613513	0.002420162784
613605	0.002634887394
613750	0.0006899254767
613752	0.0001010856895
613827	0.001824894892
613829	0.001091951495
613830	0.0009191924963
613944	0.004179384454
614130	0.003415934708
614203	0.003426118549
614234	0.0002655114969
614277	0.003782356595
614332	0.001223661956
614341	0.00611350567
614470	0.001579236301
614492	0.003237704789
614546	0.00246784599
614651	0.001543943585
614695	0.003791349882
614783	0.0003194205824
614858	0.0006466794699
615119	0.001485486155
615150	0.001833828948
615173	6.288152195e-05
615202	0.00797283198
615300	0.004268596887
615314	0.005471953012
615470	0.001546913447
615484	0.000187546551
615514	0.002948146833
615560	0.001082029444
615578	0.001455119309
615619	0.001480590616
615737	7.308338815e-08
615887	0.001706154428
615935	0.005925167047
615970	0.004151713131
616055	0.001491649771
616098	0.002807383043
616265	6.087874202e-05
616360	0.001006034541
616416	0.002095896793
616493	0.004389846408
616567	0.003651527452
616742	0.001682173169
616797	0.0007644887398
616815	0.001019124418
617024	0.001498611864
617080	0.003306902334
617098	0.0004643263636
617144	0.00172686949
617145	0.000562141946
617208	0.0002972177472
617233	0.001668097861
617473	0.0005279352395
617534	0.001357893957
617602	0.001902848645
617696	0.001151637812
617739	0.003535080224
617741	0.002376203562
617754	0.001924806305
617795	0.0003077965489
617836	0.000173878947
617841	0.0004597958982
617852	0.00106215138
617920	0.0005357766467
617922	0.001000651438
617934	0.0002503575271
617943	0.002238664505
617970	0.008089190229
617979	0.0001966088092
617996	0.005248953551
618066	0.001166207162
618190	0.0004477485953
618291	0.002263509727
618490	0.0004525912431
618715	0.0007852843411
619000	0.006386255682
619026	0.0005949253737
619113	0.0007929088212
619130	0.001731981852
619369	0.0008335992826
619672	0.002008325636
619775	0.0002804335363
619781	0.0005089399226
619789	0.00249281121
619922	0.0003348825927
619948	0.0002404163957
620001	0.0006236963247
620059	0.0001686563756
620274	0.0006165230414
620288	0.0009078581536
620474	0.003587464589
620501	0.001813749523
620542	0.001279583285
620770	0.0008474383491
620794	0.0008573480621
620888	8.363903408e-05
620966	0.003272583848
621109	0.0004443259721
621113	0.0007889111274
621151	0.004612225537
621452	0.0006841654954
621485	0.002316566422
621502	0.002580231617
621503	0.0002515595844
621516	0.0006859303545
621531	0.001443522504
621559	0.003589758264
621621	0.01042495463
621736	0.0008942972254
621743	0.001546052719
621804	0.0004901626812
621956	0.0005508815997
621973	0.001071909037
622049	2.541183948e-05
622211	0.004876985656
622294	0.0001536041404
622481	0.0003456612838
622536	0.0002757307496
622647	0.001149804066
622656	0.004113225615
622708	0.0002965033972
622780	0.002166848737
622859	0.0003443937802
623067	6.337928451e-05
623103	0.005815438031
623236	0.001659293812
623287	0.0007954807647
623371	0.002305796494
623395	0.004565480191
623607	0.002128305627
623691	0.004317507457
623890	0.001316523442
623959	0.00334767759
624001	0.001253058075
624126	0.001843216686
624345	0.0008554460074
624546	0.000510142248
624578	0.002404002161
624623	0.0005741709928
624656	0.001422525826
624762	0.002770181176
624904	0.0006255959091
625132	0.0006058978355
625145	0.0005126056818
625311	0.0007735395621
625323	0.001639212579
625493	0.0003420968442
625700	0.001244209311
625740	0.002660378258
626105	0.00159825324
626179	0.002525435511
626215	0.001854047247
626236	0.002127653987
626400	0.003241825976
626591	0.0004813666011
626815	0.001763756786
627037	0.0009471002622
627039	7.893265563e-05
627070	0.001492273112
627170	0.0005445214656
627216	0.001161544769
627282	0.004521940099
627372	0.001076217814
627407	0.0004423697916
627433	0.00254152277
627487	0.001820880966
627592	0.0003212738824
627597	0.0008214061191
627743	0.0003469648039
627794	0.001924430111
627841	0.00476681455
628144	0.0001430961513
628245	0.0006820776655
628261	0.001705219413
628552	0.005032288213
628617	0.0005649452359
628771	0.00146598196
628791	0.002349591455
628814	0.0007143193157
628902	0.006733980344
628949	0.007547524929
628975	0.001518511126
628979	0.003503953035
629102	0.003054684099
629216	0.0007805784784
629340	0.002467338885
629350	0.001627594031
629455	0.0008799880025
629463	7.735109703e-05
629532	0.002197187175
629547	0.00152873253
629581	0.0008860601669
629653	0.002367153276
629730	0.0004557054486
629758	0.0008300659139
629771	0.006792025338
629867	0.001009516539
629975	0.000526549665
629991	0.002794535226
630083	0.0003591302288
630105	0.001403672382
630245	0.001251690894
630370	0.001139434332
630409	0.0003403610408
630544	0.001157870499
630676	7.867609665e-05
631008	0.002331621415
631094	0.001600586923
631178	0.001148163249
631512	0.003788288596
631557	0.00115138629
631579	0.0006651939564
631744	0.001380792416
631818	0.003168335294
632091	0.002926957397
632198	0.0001139449708
632232	0.0001870219643
632233	0.0003267476318
632296	0.001829256343
632337	0.006032079792
632458	0.0003416639552
632469	0.00192808538
632561	0.0005268565408
632594	0.001141788451
632685	0.0003566390215
632733	0.002332202672
632745	0.003929789097
632765	0.001862622425
632853	0.003017983225
632962	0.001211738577
632977	0.001823520237
633207	0.000312342643
633242	0.001115471055
633278	0.002670096472
633334	0.002766629497
633378	0.0007526139855
633527	0.001450241169
633563	0.001242381376
633630	0.0003966716451
633637	0.003312359301
633796	0.0004799598377
633973	0.0008294244079
634047	0.001708473791
634072	0.001493677473
634118	8.116847192e-06
634269	0.0007468099358
634284	0.002343528536
634379	0.002755488893
634383	0.0004268718929
634457	0.0003236273697
634466	0.001758565404
634499	0.005365908432
634566	0.00431377949
634749	0.002754184291
634838	0.0006096824163
634843	0.002062064387
634903	0.009364037925
634907	0.0007909631674
634952	0.0009656302942
634996	0.00282652396
635028	0.0003750404565
635155	0.002977176708
635203	8.527145904e-05
635230	0.00418956699
635258	0.001641601132
635445	0.0005485564027
635451	0.00417677691
635481	0.0005116677964
635500	0.001750923486
635706	0.0009834020125
635741	0.0006978559613
635872	0.003724597174
636324	0.0008064392842
636340	0.002165321271
636585	0.004672679462
636657	0.001109027573
636790	0.004456384947
637161	0.0001767334885
637173	0.004717761294
637223	0.001538825862
637329	0.001458716978
637418	0.002799956175
637525	0.005487493025
637553	0.0002493294082
637818	0.004055841508
638286	0.0003848042998
638336	0.007022728933
638439	0.006063870712
638474	0.00543794178
638605	0.0003234400339
638614	0.001874728244
638617	0.0001380799871
638661	0.003695400516
638774	0.001128182886
638915	0.003734998781
638954	0.0001691735394
638956	0.001025372428
639047	0.00030643627
639099	0.006418038197
639515	0.002919367779
639580	0.004686984775
639761	0.005492986907
639799	0.008391330726
639899	0.0007572266954
640051	0.004389681457
640095	0.0009124309369
640116	0.004238066506
640151	0.004582536965
640185	0.005110579116
640296	0.008727881706
640345	0.001886236046
640384	0.001562221799
640460	0.001136303734
640535	0.0004580439348
640578	0.001218077877
640592	0.0009143815808
640631	0.001072519402
640755	0.0005970579347
640798	0.0009404498778
640853	5.024482935e-07
640887	0.006842329216
640945	0.0007984256549
641111	0.007341520899
641184	0.003262769875
641264	0.0001488930649
641333	0.0007815236835
641335	0.001106998447
641350	0.004537786614
641843	0.001132808582
641876	0.00457204705
642088	8.929087616e-05
642102	0.001320192418
642147	0.001435070544
642346	0.002491140518
642445	4.478979736e-06
642457	0.0008433040629
642501	0.0003100328001
642515	0.006281504345
642587	0.006752373094
642612	0.001732376599
642796	0.001639819227
642807	0.0006535689185
642895	0.0002508113971
642897	0.001910523915
643023	0.001281899295
643169	0.0009205618973
643258	0.003363182508
643296	0.001288664682
643305	0.002167260123
643374	0.001719403381
643399	0.007786919731
643533	0.00455573938
643581	0.0008313057032
643600	0.005744306249
643680	0.00125825902
643720	0.000948899017
643946	0.001160799041
643994	0.005821902387
644013	0.002122791221
644017	0.0007748041751
644163	0.002620667776
644193	0.0001754627347
644200	0.001362951027
644205	0.003860095344
644259	0.004050526145
644277	0.003416883529
644308	0.0006357683843
644326	0.002943554274
644385	0.0002998491835
644406	0.001376853138
644427	0.001484569946
644432	0.0004672989801
644457	0.0007408434884
644468	0.003443469538
644563	0.001319256433
644576	0.001176421679
644613	5.310726205e-06
644660	0.0004383189095
644662	0.002045183821
644677	0.003554921657
644773	0.0009881196708
644896	0.001679037897
645037	0.002169446258
645074	0.0006461124757
645111	0.005924331323
645168	0.001033124272
645224	0.0006615864889
645232	0.001573929361
645274	0.001879952863
645346	0.003741275967
645401	0.001890780899
645816	0.004737859603
645819	0.002348170731
645935	0.004884428489
646010	0.004329954565
646160	0.001680507944
646352	0.002132422485
646502	0.0006188815115
646525	0.002666355508
646779	0.0003288763864
646780	0.002922016204
646853	0.00370402333
646882	0.0022640116
646892	0.00157613587
646937	0.0003126866841
646942	0.003034172066
647017	0.0002274779311
647088	0.001104505089
647091	9.579988732e-05
647094	0.0009107425858
647172	0.001985896989
647269	5.535800202e-06
647296	0.001621930943
647317	0.00309599654
647399	0.006736120727
647744	0.004542459021
647765	0.001856907838
647852	0.008734246128
647875	0.002068800183
647883	0.002567863943
647941	0.008800021056
648051	0.004867647964
648230	0.003818419303
648243	0.0005068459209
648354	0.00195106816
648358	0.003627533301
648401	0.001294309018
648434	0.0017816075
648580	0.003597184913
648623	0.006728363732
648635	0.005170525901
648720	0.0006821113661
648744	0.0006730640934
648783	0.005650552145
648932	0.007707693022
648933	0.0007467200394
649014	0.0003051052804
649138	0.003774715268
649212	0.004979155616
649247	0.002456477368
649248	0.002013512521
649286	1.482457429e-05
649307	0.001005998999
649361	0.002694471678
649570	0.0003504685353
649633	0.002681004395
649679	0.0003109383309
649746	0.002655761329
649811	0.0003020063501
649829	5.27943771e-05
649948	0.0005904174958
650053	0.0003988982212
650154	0.0003650503568
650384	0.0007466892103
650405	0.0002604400733
650444	0.001933295005
650572	0.0006779169305
650657	0.0002427268952
650671	0.001145291311
650707	0.002631931006
650739	0.003395498493
650806	0.01250689966
650807	7.05231857e-06
650862	0.0002726549209
650889	0.0009133327629
651046	0.0004748323984
651067	0.001284055632
651214	0.002413535595
651248	0.000732435373
651364	0.001307447099
651368	0.001092115515
651387	0.005307278516
651640	0.002240868216
651794	0.0003152001793
652020	0.0005297866442
652026	0.0005819294057
652125	0.0003502347585
652167	0.001294558772
652268	0.0005226868954
652530	0.001787136209
652582	6.535789956e-05
652860	0.001545698809
652948	0.0007841865546
652980	4.110940583e-07
653131	0.007184007389
653212	0.000392772657
653301	4.361288003e-05
653446	3.975051158e-06
653469	0.003974429557
653518	0.0007558480383
653571	0.002243056687
653587	0.001745843069
653643	0.0002500158496
653733	0.006195606486
653771	0.0001312898924
653772	0.0004410907411
653811	0.00283617556
653815	0.007589766209
653964	0.001229278775
653985	0.0003732654028
653998	0.002503499715
654037	0.0008153833276
654064	0.001392637304
654203	0.005457553195
654287	0.003945531566
654467	0.001309544267
654578	3.822413457e-07
654636	5.500393515e-06
654695	0.003810431701
654733	0.001698227948
654996	0.00139513527
655027	0.0008121023599
655296	0.0001829619134
655605	0.004656919678
655611	0.001328484645
655793	0.001498845966
655861	0.001515614686
655893	0.001583664001
656105	0.0004471199808
656111	0.0001364743865
656137	4.328643635e-05
656196	0.008615373152
656260	0.001155782021
656365	0.00468662176
656468	0.004727382421
656623	0.002503637034
656640	0.0004681682733
656696	0.002746833714
656765	0.001623101537
656778	0.001781142875
656914	0.0001070562774
657034	0.0004427202305
657232	0.003176297424
657250	0.004491813228
657258	4.433132833e-06
657330	0.002735972123
657368	0.0003826852486
657413	0.00287652738
657430	0.002892252922
657600	0.0002112297364
657634	0.001104967126
657635	0.0006453401237
657651	0.001355167847
657794	0.002555797038
657878	0.0005760988176
657998	0.001111057128
658201	0.003999874161
658279	0.0002243085331
658449	0.004290563946
658591	0.0001422949053
658962	0.009976652574
659036	0.0007422154373
659088	0.001126875223
659210	0.00439379448
659264	0.001586590605
659314	3.199632805e-05
659363	0.002780382312
659447	0.01014435319
659497	0.0005079589733
659775	0.001547096386
659779	0.00808104176
659831	0.0007387898924
659886	0.0003314899542
659894	0.0006212865076
659901	0.001583900797
659960	0.002346338972
659986	0.00417260113
659999	0.001728852416
660017	0.01054310418
660077	0.003896380189
660159	0.0002393803807
660181	0.005773017607
660216	0.003075984233
660239	0.003114177168
660397	0.001112887503
660411	0.007071236704
660735	0.00431106504
660739	0.001743057738
660772	0.002037454799
660865	0.001957215597
661072	0.001141286256
661241	0.0005702525978
661437	0.005269297557
661480	0.001407769314
661667	0.0008659366705
661671	0.0003437576989
661679	0.0005036320886
661762	0.001005773065
661878	0.0009588899145
662118	0.001433276549
662346	0.001374538154
662423	0.0005203169995
662496	0.000696413259
662561	0.001882626441
662598	0.0006438736355
662648	0.009214465115
662752	0.002059796165
662941	0.0009618233672
663023	0.0001052098281
663078	0.001435992395
663111	0.001241473661
663257	0.0005193710154
663334	0.001110586096
663339	1.450248484e-06
663389	0.0001704207572
663564	0.001145803072
663659	0.001433417465
663670	0.001280041648
663682	0.004304140769
663711	0.002925592642
663810	0.002562349013
663813	0.001788023879
664041	0.0008707888671
664182	5.72778332e-05
664312	0.0008614118512
664315	0.007816753516
664352	3.311591025e-08
664452	0.0003895506836
664461	0.0004093909469
664496	0.002303289116
664558	0.004555554901
664632	0.003113534842
664785	0.004607703485
664897	0.000176947166
665057	0.008615864585
665125	0.0008125848083
665139	0.003541659507
665140	0.002344386301
665213	0.0007308275607
665251	0.001247159912
665350	0.0008035754348
665596	0.0002730986649
665674	0.007218289179
665768	0.002074883667
665834	0.002853057876
665858	0.006867294272
665896	0.0001951328316
665947	0.0004169422256
666018	0.0008620900373
666078	0.0003879365707
666080	0.001415649883
666082	0.003161610173
666090	0.0001785056458
666112	0.0007951435873
666140	0.0006925630734
666186	0.0008739900595
666291	0.001109997659
666323	7.656636095e-05
666371	0.0008393764489
666382	0.0002024542152
666416	0.004474214359
666427	0.008762411693
666735	1.756488996e-05
666805	0.0007728499881
666966	0.005487684712
666996	0.0001013820624
667033	0.000776144789
667078	0.003627857051
667131	0.0009875495409
667176	0.001538039794
667303	0.0002615019056
667333	0.0006676471244
667374	0.001954777509
667398	0.0005368178589
667464	0.009668254023
667738	0.0009416452073
667808	0.0008224449581
667876	0.0009838163934
668210	0.0001564487865
668221	0.0008854149575
668264	0.002059530031
668308	0.0005101359062
668392	0.005703834182
668436	0.000187026671
668477	0.000191796766
668623	0.00141403402
668796	1.894458452e-06
668821	0.0007677367998
668891	0.002262843366
668909	0.000258947341
668978	0.001020714445
668983	3.654169407e-07
669002	0.0110742199
669027	0.003525867146
669031	9.802201073e-05
669081	0.005516516794
669083	0.0007459466792
669181	0.00211676936
669259	0.001030143259
669354	0.001124081924
669429	4.656256394e-05
669480	0.001219195518
669524	0.0007579898406
669569	0.01032197104
669573	8.14714452e-05
669709	0.005718555418
669880	0.0004750520131
669891	0.0001026924782
669911	7.177968708e-06
670059	0.004419625162
670284	0.005526538289
670332	0.001020897223
670498	0.001282490892
670546	9.983206333e-05
670551	0.003085905664
670759	0.0005367659042
670983	0.001441527836
671091	0.01502911575
671201	0.0005055081222
671289	0.001470672279
671363	0.0003951665374
671390	0.004254480371
671439	7.26669124e-05
671521	0.000372923425
671694	0.004401497439
671716	0.004868014095
671805	0.004079059518
671892	0.0004517595094
671912	0.004872363338
671964	0.002401435898
671989	0.001335349541
671994	0.002487361582
672032	0.001222068462
672159	0.0008237731369
672245	0.002725106651
672317	0.001545499533
672343	0.001983357601
672375	0.0007511304973
672513	0.002462586993
672522	0.002854771648
672571	0.0004267367411
672607	0.002652846912
672636	0.001258691188
672690	8.918100814e-05
672986	0.0006805822072
673100	0.001889872604
673185	4.273274623e-05
673419	0.006366536962
673482	0.002514360666
673590	0.01176123076
673830	0.0001173755947
673844	0.003347716572
673904	0.00369485733
674125	0.001174918449
674154	0.0002668011365
674256	0.00488167509
674297	0.00155083881
674406	0.002496447433
674717	0.001345391254
674751	0.001185904919
674805	0.001168109854
674894	0.001112754352
675030	0.008447952628
675090	0.004501787585
675224	0.00135618227
675502	0.0003669114091
675732	0.000100194453
675789	0.002179206427
675798	0.001070209229
675855	1.704898414e-06
675865	0.0003600290894
676045	6.352289555e-06
676149	0.002662683447
676151	0.00110965728
676200	0.0008852621867
676207	0.002264098595
676296	0.001293730028
676469	0.0001716731473
676477	0.0009274236185
676499	0.001911969218
676598	0.001465396982
676612	0.0005976727344
676738	0.001698057733
676987	0.0008806780324
677067	0.004499703723
677182	0.001905634071
677459	0.003354486068
677507	0.001216235026
677514	0.003359116724
677542	0.005944239105
677599	0.003119426879
677620	0.001418462151
677668	0.002834377243
677783	0.003555024041
677796	0.005972957512
677835	0.0002246994908
678090	2.997522778e-06
678178	0.0001985936019
678297	0.001542314529
678323	0.000469198081
678367	0.0009341490325
678400	0.002491471523
678489	0.001214402705
678546	0.002870754542
678732	1.009726127e-05
678765	0.0009505880259
678787	0.004021050806
678799	4.644694203e-05
678814	0.0004862431413
678820	0.0006687420522
678870	0.0004283953438
678919	0.001749166375
678977	0.0001695964706
679231	0.001366360591
679458	0.001945717706
679599	0.001100218427
679773	0.004847967032
679817	7.491047285e-07
679963	3.035244464e-06
680065	0.00122808624
680248	0.002757611703
680266	0.002585456596
680476	0.003151313769
680525	0.001575190258
680605	0.001578733843
680784	0.0003399970243
680901	0.007151644529
680912	0.008740972866
680965	0.002602214174
681351	0.0002841578411
681627	0.002114570219
681737	0.001620205421
681847	0.00296322955
681949	0.0007986453816
682022	0.005309633802
682070	0.00279676751
682304	1.20663719e-06
682631	0.0007956725479
682678	0.005563225074
682723	0.00306450668
682730	0.0003848512792
682804	0.00206251301
682820	0.003279396484
682953	0.006712294762
683015	0.00691301939
683064	0.002851258529
683271	0.004660799246
683295	0.003072123059
683382	0.0001715568153
683458	0.0001328614695
683667	0.004459204509
683689	0.003973305896
683717	0.005057090609
683728	0.0002275285432
683753	0.004598774734
683943	0.001568751878
683988	0.002704066239
684033	0.0008324713697
684046	0.003201648939
684368	0.001536535539
684393	0.0001966593171
684555	0.001190562404
684640	0.0007705510066
684711	0.003181990309
684824	0.0005779287061
684835	0.01351064352
684842	0.001221631151
684898	2.273578528e-06
684906	0.001086112877
684986	0.004413320858
685177	5.132805592e-05
685188	0.00607022454
685399	0.001149756273
685415	0.001015703447
685534	0.003896686687
685733	0.000560886729
685816	0.002571726597
685930	0.0005482268501
685988	0.001078236557
686125	0.0008825703147
686209	0.003802078716
686244	0.004213288581
686306	0.004506542726
686628	1.911131129e-05
686720	0.00233077401
686851	0.003257451909
686893	0.000201386715
686910	0.001218032089
687073	0.003256825008
687125	0.0008890056885
687200	0.0009583213453
687241	0.003199115706
687333	0.0003634131079
687637	0.001815762993
687700	0.0003313015868
687854	2.759849509e-06
687899	0.0005900648063
687927	0.0005798361114
688111	0.000741874918
688163	0.001155850557
688182	0.002480863936
688230	0.002075301723
688363	0.001818655861
688449	0.0003985085903
688492	0.005170767655
688595	0.001848972363
688644	0.002839629377
688659	0.0001463924864
688688	0.003676504351
688788	0.0005226076568
688978	0.002755666075
688991	0.006170499719
689047	0.001687168035
689163	0.002928142261
689263	0.0005466815119
689357	0.003514277981
689383	0.00161164922
689460	0.0007585648569
689559	0.004309222614
689579	0.005715924179
689779	0.0008223169012
689791	0.0001691678768
689883	4.591069545e-05
689885	0.0001410711398
689898	0.003008176044
689964	0.003209552246
690061	0.0001994526201
690206	0.001267818792
690519	0.002090994916
690634	0.0004103204809
690700	0.002850628612
690715	0.003538157376
690973	0.003045481329
691058	0.001389195311
691291	8.421388217e-05
691328	0.00215351464
691379	0.0001814584956
691400	0.002303294576
691541	0.001351623382
691602	0.000751329924
691692	0.0005852567268
692012	2.007509318e-06
692016	0.001001717554
692031	0.001098898201
692044	0.002693007805
692092	0.000375134529
692252	0.0003921596359
692277	0.00195218576
692344	0.002641791541
692376	0.004353141598
692466	0.001927175782
692493	0.002941340124
692539	0.002746282189
692686	0.001966070825
692794	0.009078427469
692852	0.001081762563
692855	0.0004496776781
693217	0.001308286943
693317	0.001519958877
693462	0.0009742931269
693545	0.001653311841
693570	0.001781838669
693788	0.003965153123
693793	0.0004668400667
693921	0.0008117411735
693966	0.003081551886
693996	0.001649228188
694041	0.0004408130482
694044	0.0001546935955
694131	1.908168036e-05
694166	0.002127446253
694203	0.001844152143
694220	0.0009794827685
694315	0.001079766286
694407	9.946192355e-07
694518	0.001334171675
694559	0.0004612757614
694579	0.000615747846
694784	0.003097731323
694859	0.001363489441
694913	0.001260572449
694918	0.004092902857
695215	0.00230573851
695225	0.003045654678
695293	0.0003645749226
695345	0.002228741505
695347	0.001025548431
695512	0.0004553996294
695649	0.001816072264
695684	0.001451527891
695894	0.003280226477
695936	0.004097624844
696045	0.002029713328
696056	0.001586576703
696107	0.0002903076785
696281	0.001364229332
696544	0.003843475169
696633	3.340731939e-06
696677	0.005592042635
696687	0.006619858305
696719	0.0002850199058
696860	0.004172177279
696979	0.003569268935
697029	0.001506096428
697142	0.00227983712
697181	0.0008569326774
697362	0.003285513893
697562	0.0009090278504
697714	0.002421837298
697761	0.001285777866
697794	0.009693328578
697988	0.005106431908
698001	0.001266804739
698057	0.000176569321
698128	0.001001018666
698145	0.002733322081
698189	0.001959961962
698287	0.0004082974803
698294	0.000881172728
698509	0.0009602495152
698715	0.0001759530596
698821	0.0008866056252
698868	0.0008610535149
698941	0.00231597261
699124	0.00164242972
699356	0.002772480245
699452	0.0002757833621
699482	0.003128473482
699651	0.001424107073
699735	0.0006751819881
699757	0.00174051798
699918	0.004709922261
699930	0.0006517982893
700014	0.003105875244
700032	0.0003081205784
700100	0.002560847775
700117	0.001603431677
700122	0.0008133054581
700182	0.005284363497
700335	0.0007373627241
700587	0.006152906895
700620	0.00114326695
700623	0.0001504409299
701048	0.002103927706
701126	0.001519300608
701216	0.00325375231
701257	0.003799925688
701340	0.0007160685167
701353	0.002843573435
701381	0.009447644663
701521	0.01027164959
701878	0.0001292599622
701938	0.004365078446
702071	0.0003248327579
702088	0.000236627886
702381	0.003570971748
702387	0.0003054284252
702421	3.31722185e-05
702439	0.00108837232
702542	0.003378404038
702552	0.001968167745
702707	0.00102809685
702923	0.003798130874
703042	0.0002104778207
703435	0.0001801602795
703444	0.0002205242187
703511	0.002247023008
703549	0.004099140998
703587	0.001820854464
703664	0.003426602292
703686	0.001176208111
703798	0.005523236052
703925	0.00205959919
703929	0.0006195771914
703978	0.001247434432
704009	0.0004364790432
704030	0.001143333911
704040	0.006749769731
704115	0.002980283196
704127	0.001579827412
704131	0.002961937158
704205	0.0003290954534
704359	0.002152129803
704438	0.005217014793
704445	0.00232128152
704463	0.0004211684864
704503	0.007907533827
704504	0.0007312704392
704533	0.001027806858
704574	0.001272955024
704648	0.003469594313
704667	0.001019553171
704702	0.0003792764028
704772	0.004303637871
704978	0.002777130809
705101	0.0009891078472
705112	0.001297701571
705113	0.004956137289
705126	0.002206386425
705230	0.004936875617
705255	0.002491173469
705397	0.004915006414
705403	0.0006853947693
705406	0.004761329829
705464	0.0009218185367
705714	0.0002056406224
705822	0.001215291751
705889	0.00302752944
705981	0.0009324652074
706058	0.001026828949
706091	0.0006687236125
706192	0.001119787231
706256	0.0002055023571
706342	0.0001514519627
706379	0.004689718136
706457	0.0008014045959
706498	0.001467359731
706518	0.001356606468
706600	0.001222932935
706688	0.0002325527974
706965	0.00407888938
707003	5.294042983e-05
707112	0.001102659616
707120	0.0007969995889
707189	0.0002186927801
707274	0.003521405252
707617	0.0001312799807
707630	0.001818898197
707650	0.0006631662219
707666	0.001526105796
707921	0.0007596331429
707936	0.003493646483
707937	0.002005505735
708061	0.002934986034
708104	0.005536695465
708126	0.001408554244
708265	0.001715272744
708424	0.003292741856
708494	0.001108837799
708506	0.0003474740272
708630	0.001058757385
708780	0.001578271462
708821	0.0007638314343
708861	0.002637028718
708934	0.000533070515
709149	0.004485383997
709282	0.00319155109
709646	0.002327290992
709666	0.0007283748369
709673	0.001700530234
709753	0.003291871464
709778	0.002209818018
709819	0.003899451892
709886	0.0007591629044
709901	0.0005680155018
710171	0.000839775199
710190	0.004104624166
710195	0.0008632135772
710275	0.004609776687
710292	4.308741817e-05
710322	0.003665753298
710499	0.000511997887
710526	2.248456113e-06
710554	0.005677312134
710564	0.00403993328
710705	0.003094636446
710708	0.002384942344
710712	0.001233168912
710781	4.620022929e-07
710826	0.000443721244
710910	0.0003771161787
710952	0.000836591749
711249	0.0004695043905
711255	0.0009418742334
711640	0.002029335436
711660	0.002391444757
711977	0.001390149289
711991	0.001594237178
712077	0.0004775744493
712082	0.0001177255277
712182	0.0004986636385
712433	0.0003740276769
712541	0.000914160435
712565	0.004157695911
712580	0.001073580446
713018	0.002328604744
713214	0.004494034138
713274	0.0007326538854
713360	1.757084521e-06
713515	0.009493640811
713531	0.002444791677
713610	0.00205382419
713681	6.608428964e-06
713813	0.002670836961
713853	0.005812070041
714031	0.0002702859272
714127	0.00184655779
714248	0.0005870193974
714353	0.000626545915
714402	0.0002755747842
714538	0.0003843654382
714614	0.001654274374
714768	0.0009786588702
714863	0.0002860004196
714910	0.003252381508
714911	0.0003463829297
715001	0.005804672521
715166	0.0005027768652
715305	0.006566835466
715333	5.28410529e-05
715440	0.001139496339
715590	0.0009422887299
715748	0.0009947592394
715815	0.0003833868867
715865	0.001360820832
715982	0.003024109203
716046	0.003544596224
716336	0.001378198102
716468	0.0003125403923
716490	1.564280887e-05
716611	0.004230410741
716634	0.0008805330217
716637	0.001233332834
716649	0.002822360688
716735	0.0007474635403
716736	0.004451763634
716832	0.003387361515
716902	0.0005735254644
716906	0.0007302768078
717192	0.006035309722
717226	0.001125989328
717302	0.008056156262
717338	0.002250352789
717370	0.002313146567
717384	0.001884584762
717467	0.003155642027
717469	0.003440397002
717535	0.002373285898
717878	0.003206188457
718134	0.0008995802497
718156	0.002469943588
718340	0.001653247957
718487	3.614558572e-06
718522	0.001124054202
718529	0.003619568021
718778	0.005747274521
718823	0.001863819228
718931	0.002298518693
718939	0.002571051078
718992	0.001797417035
718995	0.004429696323
718998	0.0008334972815
719141	0.001592198053
719205	0.00448222101
719296	0.003401139794
719434	0.002844740548
719463	0.006575128136
719638	0.002004252416
719817	0.002170113371
719841	0.01004290487
719874	0.002825382455
719922	0.003878141627
719990	5.793270057e-05
720045	0.000437452317
720289	0.003736676182
720302	0.004032989462
720382	0.0009926783321
720428	0.002947740474
720632	0.00199333538
721021	0.000182877386
721111	0.005213377714
721115	0.002781533858
721197	0.0006251732628
721246	0.0009407452806
721287	0.0008901175681
721289	6.147282251e-05
721341	1.576812164e-06
721477	0.0007774882006
721478	0.000605599508
721532	2.360365052e-06
721592	0.001129265469
721735	1.877367597e-05
721844	0.002446248839
721962	0.004669498876
722031	0.0006068324508
722070	0.002871186072
722125	0.002916360867
722402	0.003003256535
722468	0.004032987301
722519	0.0001949237279
722677	0.0008080198486
722828	0.0001863834677
722878	0.000483860499
722996	0.002708275421
723018	0.001691921592
723111	8.499767917e-05
723204	0.002073837551
723238	0.001487582464
723243	0.0005026272666
723257	0.003739295904
723343	0.002658645957
723481	0.0004694626719
723531	0.002269868582
723627	0.001931241916
723640	0.004261786319
723818	0.0006491662006
724011	0.005222782289
724198	0.001000183806
724233	0.002995302083
724376	0
724482	0.0002571104949
724501	0.0002771512093
724556	0.003225656535
724674	0.0008382892558
724681	0.003746554653
724689	0.001281232966
724696	0.0001804863742
724714	0.001472164514
724827	0.001280605654
724865	0.003669164314
724869	0.0006431529659
724902	0.001270333217
725074	6.597450608e-06
725113	0.001544417056
725125	0.003083418088
725280	0.008310134736
725313	0.0003393473956
725403	0.0004502505077
725516	0.0008974508443
725569	0.001526208334
726223	1.504485388e-05
726471	0.001360498769
726577	0.0004134086563
726586	0.000182587332
726650	0.0009277798775
726663	0.0009619995568
726834	0.005840134833
726954	0.006045681791
727066	0.000920270072
727094	0.0003689617749
727121	0.007447196174
727136	0.002369557045
727435	0.0005483761578
727600	0.001474039196
727637	0.003971918957
727700	0.001391078485
727778	0.0005497199521
727925	0.001449560719
727954	1.632956954e-07
728022	0.0008107087308
728338	0.0006548411035
728459	0.0026300125
728530	0.0001850350733
728558	0.002433469313
728817	0.0008418005509
728841	0.007473321124
729051	0.000740452615
729251	0.002312067703
729306	0.001469013544
729326	0.0002250015715
729454	0.0001027744821
729692	0.004518240064
729695	0.008013170543
729745	0.0007286738954
730218	0.009994844737
730247	0.006180308202
730370	0.003130179481
730541	0.003025355128
730604	0.001206116916
730638	0.0008884181991
730802	0.004877829987
730838	0.0005221044578
730944	0.0005814426517
731013	0.001112746136
731056	0.006035297835
731148	0.006279226696
731169	0.002884886128
731347	0.001809263745
731362	0.0009040420719
731522	0.001236271612
731590	0.003560132425
731657	0.0009665237538
731797	0.000426231998
731869	0.00255803511
731983	0.002203867716
731994	0.004062111187
732100	0.0007705151841
732244	7.989201741e-05
732343	0.0009151395573
732349	0.001615902534
732369	0.005858575299
732445	4.577927149e-05
732533	0.00222346594
732555	0.005551691007
732560	0.002005470957
732611	0.00115929551
732730	0.001186893821
732775	0.006338053399
733016	0.0003065105508
733195	0.001199785831
733379	0.000556436353
733412	0.001390011687
733515	0.003054894257
733601	0.0005409364826
733668	0.0009137145081
733945	0.004668587126
734083	0.005249728023
734263	0.0003421491123
734326	0.0006998315024
734542	0.0004856860755
734548	0.0003423396092
734555	0.002587589522
734687	0.0003784099396
734710	0.001442051957
734734	0.00623937339
734769	0.00934800697
734965	0.0006608305279
735049	0.004298428327
735068	0.001840809921
735095	0.0008872220322
735097	4.437326954e-05
735105	0.001420352767
735261	0.00102026692
735398	0.00082164232
735692	0.002954647165
736005	0.001196916642
736061	0.002970404452
736238	7.278038806e-05
736355	0.006553052207
736434	0.002315102487
736616	0.002954616054
736620	0.00141066859
736742	0.001101249098
736785	0.0004581776987
736952	0.003425786428
736966	0.001578716564
736972	0.0005421171931
737030	2.866239129e-07
737181	0.000487173008
737210	0.00333271914
737453	0.001292574247
737613	0.003514095701
737871	0.001698250238
738033	1.023928719e-07
738208	0.003014093355
738487	0.0005038898991
738497	0.002307956823
738509	8.736032172e-05
738639	0.001661152392
738799	0.001078704194
738836	0.001464044132
738962	0.001809527952
739128	0.0009835811226
739220	0.001352288745
739432	0.002407902251
739982	0.0004148259961
740017	0.004849946468
740094	0.0008814384488
740135	0.003965100578
740144	0.002552669858
740191	0.002284856016
740413	0.006585280582
740416	0.0023815707
740441	0.001846305128
740486	1.923006651e-06
740555	0.0003381015565
740708	0.0005119756138
740935	0.0004156645389
740951	0.003303438221
741046	0.0008485207096
741103	0.002143790931
741113	0.0004534958303
741153	0.009129327497
741260	0.001084892033
741314	0.005158262001
741366	0.0002893356005
741456	0.001847448828
741555	0.007121569722
741561	0.001907029506
741737	0.002192182367
741771	0.0007048125641
741801	3.257920412e-06
742031	0.0006151643468
742161	0.0004957895993
742265	0.006781962944
742306	0.0009009117332
742342	0.004898745929
742356	0.001431810394
742430	0.001489953522
742436	1.196475399e-05
742738	0.007858749662
742787	0.002090777802
742831	0.0008429224592
742887	0.001417718589
742922	0.004168039097
743019	0.002795223875
743075	0.0008596501273
743132	9.363809106e-08
743365	1.754001316e-06
743559	0.001182293691
743680	0.001000316469
743792	0.001412417395
743842	0.0015746979
743947	0.00150706145
744068	0.004983284663
744130	0.0002977479475
744174	0.001564934261
744211	0.0006687713037
744224	0.000414404782
744234	0.005083624891
744267	0.0005807171094
744269	0.001661769517
744476	0.0004712663704
744551	0.001678053631
744583	0.0004193801612
744642	0.00417351658
744679	0.01115077927
744769	0.0005341055665
744781	0.002101246052
744982	0.002919024729
745073	0.0001391440916
745323	0.002097577088
745336	0.0001835595601
745494	0.002805682126
745644	0.0003992835853
745943	0.0009237186631
745969	0.001966396334
745995	0.001728821654
746599	0.005633520588
746620	0.0007408782087
746648	0.00276282251
746720	0.003833898352
746898	1.532467295e-06
746974	0.000848826113
746997	0.0006035525129
747022	0.0005926340126
747036	0.001228581444
747116	0.0007103434498
747181	0.0001956389127
747189	0.001195691517
747234	0.001442589881
747800	0.001641087668
747823	0.005481347859
747927	0.007880959454
748007	0.0006534582874
748030	0.002408649774
748085	0.0007540646289
748227	0.005549964976
748415	0.002805668235
748624	1.508486808e-06
748672	4.629460238e-05
749328	4.520131428e-07
749331	0.01556711044
749581	0.001595774479
749627	0.005149655614
749788	0.0006989794656
749840	0.001736370948
749873	0.006501764403
750097	0.0002392092399
750311	0.00683460922
750444	1.710608054e-06
750547	0.001144257333
750824	0.0008256205716
750827	0.0007796883589
750995	0.006149126581
751003	0.008259408678
751044	1.650314259e-05
751052	0.009637812738
751058	0.01244946388
751063	0.001319915523
751199	0.001055340333
751248	0.003374218574
751422	1.279738766e-05
751628	0.001457635915
751639	0.0004762243951
751793	0.0002977392379
751861	2.901795417e-06
751879	6.513937611e-06
752018	0.0004966170855
752359	0.001488246432
752363	0.001566234671
752430	0.00135345472
752475	1.105386246e-06
752578	0.00274859149
752819	0.003174660934
752841	0.0003244828831
752847	0.001494025487
752943	0.001395237149
752994	0.001609810691
753130	0.0004020049327
753240	0.003586301806
753463	0.0009045907891
753547	8.939377388e-05
753634	0.002655818206
753832	0.003094050239
753918	0.00434761778
753986	3.688427245e-07
754009	0.0001216901325
754026	0.001775877369
754094	0.002696164315
754103	0.0007152149223
754113	0.0006964708321
754235	0.003888867269
754404	0.005252972333
754425	0.00110413811
754493	0.0004180252795
754526	0.01002050854
754670	0.0005668960294
754800	0.001785947781
754875	0.0004575394227
755018	7.342085981e-05
755026	0.003046144085
755069	0.002693324953
755155	0.0002293542982
755439	0.001545980085
755618	0.0008090735561
755623	0.001874755838
755652	0.002636783549
755674	0.009329269073
755681	0.005396592085
755795	0.001398496172
755871	0.001585128624
755940	0.002041353251
756032	0.006957605371
756064	0.0008418104904
756065	0.0009053579151
756120	0.003912079119
756195	0.002426170625
756673	0.003244387034
756731	0.005367344023
756743	0.001385916019
756852	0.009201783971
756993	0.00591171431
757203	0.0006522486251
757282	0.000119175034
757347	0.001478336289
757351	0.003913480642
757358	0.0004346052415
757453	0.001283718962
757464	0.0008364940147
757550	2.561591305e-05
757588	0.002258164455
757731	0.0056887283
757770	0.0001010351027
757827	0.001778816
757909	0.001677989785
758007	0.0004150001627
758190	0.000528092598
758202	0.0006422400619
758621	0.007249147728
758742	0.001858889638
758813	0.005364505207
758853	0.002102419071
758942	0.007547975076
758951	0.00025358504
759189	0.005227547937
759256	0.000586663029
759425	5.379622524e-06
759643	0.001249999518
759700	0.002187896343
759769	0.0003975956563
759947	6.157275451e-06
759950	0.005053172943
760066	0.00495612301
760091	0.0009304868577
760205	0.0006147272095
760331	0.001831235064
760390	0.001520801988
760408	7.468208726e-06
760456	0.003137753472
760474	0.004684026191
760566	0.0001992373103
760773	0.000211783502
760801	0.0002175050974
760856	0.0004185002263
761154	0.001198180164
761221	0.0005524253004
761224	1.236181131e-05
761329	0.0003935420565
761370	4.647266072e-06
761672	0.0002036009947
761901	0.001208757345
762126	0.001642011558
762169	0.0005351002796
762286	0.001492251806
762326	0.0001637222697
762388	0.000904340839
762555	0.003232869888
762572	1.953153548e-05
762704	6.221413737e-06
762737	0.001590158652
762914	0.0002986444921
762938	0.0006837969093
762940	0.001099455527
763000	7.628423356e-05
763035	0.0005115688748
763052	9.969030914e-07
763103	0.005474111197
763157	0.002836064134
763216	0.001153405461
763360	0.0001684401548
763536	0.005072465906
763574	0.006022459337
763597	0.0009377938285
763642	0.0001513114851
763667	0.00153120328
763830	0.0006633845038
763857	0.001630138645
763899	0.000175159209
763931	0.0004644609928
764011	5.785862581e-05
764142	0.003987542038
764784	0.002733065987
764786	0.001206295393
764887	0.0009332405963
764952	0.004220285027
765194	0.0008172858696
765349	0.003788420099
765359	0.006565249615
765369	0.00116908688
765433	0.002074803546
765609	0.002032584288
765648	0.0003785601969
765654	0.002422145122
765712	0.0004857311476
765989	0.0003176795256
766078	0.0009947916642
766112	0.001181763316
766206	0.0001749796079
766212	0.003768143405
766229	0.00224916663
766246	0.00496636769
766378	0.0007154889561
766615	2.330674925e-07
766688	0.0006169415131
766714	0.0002372151832
766919	0.0005891988837
766927	0.002764684001
766944	0.009972215698
767073	0.003444066572
767130	0.001618697517
767203	3.893103073e-05
767462	9.9366211e-05
767797	0.0006746182059
768082	0.001741873236
768101	0.0009850509657
768153	0.003265854451
768272	0.001764862221
768305	0.0008158602525
768320	0.0005662863882
768371	0.0004100706806
768676	0.00502129373
768859	0.001644371578
768863	0.0005050827878
769143	0.00291695151
769160	0.005728180678
769281	0.005102215749
769291	0.004171560008
769316	0.005760589798
769423	0.008543507478
769776	0.009428894593
769827	0.001235657675
769844	0.001261960052
769968	0.001022214393
769974	0.0003965224677
770149	0.0003696490078
770179	0.0007021897842
770323	0.00268306941
770328	0.000372150613
770494	0.0003245495373
770610	9.822969125e-05
770708	0.0008172088763
770734	1.621537674e-07
770768	0.0004649456263
770884	0.00182245909
770938	0.002061873081
770977	0.0008228151786
771040	0.0002148741877
771044	0.001783113602
771054	0.0002689209331
771092	1.16933421e-06
771206	0.002483628641
771327	0.002442623189
771356	0.001202474204
771537	0.002347504006
771696	0.0004141530877
771791	0.007874138987
771970	0.001987776594
772005	0.0005783735965
772048	0.004743502871
772326	0.004579079629
772418	0.001563777071
772530	0.001671887806
772569	0.00122858294
772779	0.0003157306051
772808	0.001680608271
772897	0.001194852233
772918	0.003361421165
772938	0.002382717941
772940	0.001896623057
773207	0.001408817143
773276	0.001384006615
773384	0.003412615289
773397	0.001086965626
773408	0.001174740677
773435	0.005810799598
773437	0.002046712403
773445	4.453518965e-07
773594	0.00165939011
773696	0.00179619451
773768	0.0007233667031
773821	0.001785367249
773857	0.0004218411932
774009	0.0008120742189
774182	0.007666734755
774217	0.002678168721
774306	0.003882317024
774317	0.003662513585
774348	0.002989637899
774411	0.005365892818
774425	0.002745504092
774464	0.000208795843
774465	0.002107062028
774485	0.003059963936
774509	0.001881541323
774538	0.002128632204
774707	0.003700400194
774854	0.002782317125
774866	0.000677067388
774890	0
774988	0.001507134803
775059	0.006130256877
775273	0.001443425711
775381	0.0008110048544
775475	0.001065179658
775476	0.002379809561
775564	0.001991661111
775604	0.002977210253
775645	0.002493095208
776223	0.001081605436
776468	0.006750232748
776539	0.0008065840546
776612	0.007062926833
776821	0.0008658890214
776868	0.004064664696
777055	0.001823946624
777061	0.000875098122
777131	0.001128483199
777340	0.001726129797
777401	0.003026088911
777491	0.00275491281
777498	0.00221226213
777629	0.004202181954
777756	0.0003106630634
777798	0.004711915919
777921	0.001145063745
777925	0.0002931310278
777932	0.000701461479
778012	0.000663531236
778030	0.003764516401
778104	0.001821943854
778279	0.002347733964
778359	0.003266081332
778422	1.788259154e-06
778426	0.001466550632
778438	0.001977925089
778448	0.001059988511
778486	0.0006533593745
778525	0.003422178733
778613	0.0001189702249
778848	3.340139224e-06
778929	0.0006797662827
779121	0.005175338835
779242	0.0008170669846
779301	0.001414234026
779303	0.002457337012
779479	0.005972191774
779492	0.001354628927
779498	0.002150885723
779526	0.001695676222
779538	0.002156242164
779542	0.002412120234
779546	0.0003442735135
779554	0.001637675459
779569	7.01574425e-06
779595	0.002082644752
779639	0.001213031834
779886	0.0002574125592
779921	0.002532093016
780017	0.00140779084
780072	0.0008293798606
780290	0.001589886965
780386	0.004104705592
780471	0.002930035091
780914	0.003270770635
780992	0.001853211785
780999	0.009901005013
781343	0.0003145644721
781530	0.001677512747
781563	0.000770126125
781694	0.001453732211
781763	0.0009241793484
781826	0.002187065773
781880	0.001677578171
781897	0.0006471409264
781945	0.003380819154
781968	0.00319871222
782021	0.0007019750589
782052	0.0001863924475
782069	0.0004240954043
782172	0.00247310649
782192	0.00556012947
782281	0.002423942843
782303	0.001024782325
782358	0.001667373962
782433	0.003420594899
782476	0.0006254073175
782730	0.002821783868
782823	0.00214149084
782972	0.007987271274
783067	1.532467295e-05
783240	0.001115529659
783268	0.002787683075
783383	0.0005777901287
783393	0.0019457263
783628	1.41128742e-05
783640	0.001610277921
783766	0.004162351267
783806	0.004216413133
783862	0.005838226652
784091	0.000338694762
784138	0.0006921121573
784201	0.0005664999462
784307	0.003256805222
784325	0.0001273915283
784380	0.002587149867
784408	0.001569431323
784415	0.001828374313
784501	0.007888264464
784544	0.004992803999
784759	0.0006137718688
784835	0.003294805677
784877	0.002547693575
785007	0.001559282137
785026	0.0009209380591
785126	0.000583092051
785272	0.001357580877
785360	0.002518315867
785511	3.040954104e-06
785531	0.009635619986
785642	0.002962776908
785667	1.679350907e-05
785669	0.0004627297216
785699	0.0002069261157
785765	0.00134860677
785784	0.0007679445658
785787	0.0008584084292
785831	0.002014144391
785837	0.000325495908
785889	0.001573406785
785940	0.0008509181616
786087	0.00102997742
786243	0.0009920065868
786470	0.0005116780501
786477	2.391880585e-05
786491	0.001823886993
786509	0.0007331245663
786674	2.567581087e-05
786914	0.001032612269
786962	0.0003604815494
787011	0.0009355424169
787138	0.001922586641
787215	0.0006329470976
787257	0.00362861015
787293	0.003253682772
787387	1.08677282e-05
787426	3.594951521e-05
787708	1.461667763e-07
787861	1.148551122e-05
787955	0.007895326339
788001	0.001894793706
788185	0.002638530708
788201	1.032759629e-05
788302	0.002288444637
788324	0.002133992043
788356	0.000939039197
788471	0.003466996077
788530	0.000910236674
788553	0.001726057275
788641	2.728065848e-06
788777	0.004270684397
788811	0.003365614581
788817	0.001221220508
788818	0.0004331999334
788886	0.003553990757
789156	0.0006259340168
789300	0.000816340799
789309	0.003556767555
789314	7.924979902e-07
789421	0.0008612929018
789470	0.0006968833983
789472	0.004648954963
789509	0.0006578265732
789551	0.0003564168292
789564	0.006294727775
789786	0.0004860381086
790020	5.781961802e-07
790075	0.002580811135
790117	0.007992712243
790122	0.001055571779
790223	0.0003136919175
790417	0.003208018761
790485	0.005124204429
790582	0.002197397514
790638	0.0002952442941
790696	1.446993989e-05
790803	0.001413917891
790869	0.001545645046
790932	0.003693810929
790975	0.006018930263
791205	0.002646609266
791334	0.0007275627896
791432	0.003269728872
791454	0.0009553444005
791811	0.005402065632
791848	9.506415129e-05
791864	0.0006919630603
791866	0.000427701565
791916	0.0002196408891
792016	0.0045046299
792031	0.0001513408967
792112	0.001237090655
792351	0.005152549057
792364	0.0006362382743
792383	0.003720283863
792641	0.0004438500452
792866	0.0006190878957
792942	0.002643552252
793088	0.001415440964
793191	0.001316258781
793220	0.001347022481
793258	0.0008717114069
793467	0.00088050843
793556	0.00376643037
793946	0.001765018591
793961	0.0003840621541
793976	0.0006365102026
794132	0.001132834143
794151	0.00181801793
794164	0.000500793459
794211	0.0007756172277
794334	0.0004557876922
794336	0.000368870291
794378	3.769123487e-06
794404	0.003631031876
794489	0.002041186611
794535	0.001891341193
794693	1.728878901e-06
794888	0.003824629279
795046	0.003619656457
795113	0.0008024948037
795237	0.001364667418
795419	0.005112425279
795813	0.006417627024
795850	0.0009003749167
795940	0.001757466303
795968	0.001682631534
796054	0.01021442885
796104	0.005681810287
796123	0.0002612636695
796204	0.0002782936928
796386	0.002582009447
796566	0.005947642206
796579	8.815683695e-07
796585	0.0007073506486
796700	0.002979020233
796866	0.001146849844
797004	0.0001853828202
797119	0.001945457875
797184	0.0008214066321
797187	0.0001855940326
797234	0.004205011354
797293	8.198673858e-05
797352	4.841774465e-07
797377	0.001941320969
797440	0.0002811542894
797580	0.003833195802
797619	0.0006533598451
797772	0.00316942672
797793	0.00225754645
797922	0.007664239429
798035	0.006703101865
798052	0.0003797612189
798073	0.001874798017
798199	0.003147016259
798261	0.001650590171
798416	0.0009514743361
798480	9.436050766e-05
798486	0.007018645183
798761	0.00658050252
798952	0.0006361122659
799076	0.0003783955827
799325	0.007441273775
799381	6.986236748e-05
799423	0.0001647198863
799441	0.0001106330795
799462	0.001232032992
799476	0.001735402925
799577	0.0004082538284
799579	0.002934881187
799646	0.0001016612552
799666	0.001006406514
799681	0.001006236804
799832	0.002192590052
799884	0.00231429323
800043	0.0005090199296
800049	0.001500292954
800103	0.003320811467
800163	0.001465824747
800319	0.001981709793
800350	0.0002410256746
800408	0.00333924311
800461	0.0003749998068
800523	0.002283614284
800529	0.00139687066
800563	0.0008638673137
800706	0.000430768175
800742	1.709466126e-06
800900	0.0005435589401
801136	0.002369764242
801268	1.640265293e-06
801341	0.001888500708
801448	0.0002361932075
801576	0.00227033188
801650	9.885403128e-05
801824	0.0010725322
801880	0.001822998886
801900	0.002391987475
802012	0.0007165677804
802103	0.0004313264357
802217	0.0005029273831
802258	5.048806e-06
802267	0.001973965476
802431	0.001491316052
802688	0.0008820402525
802793	0.003447702287
802844	0.0002528456007
803086	0.008927290672
803147	0.001560915112
803200	0.0007432522734
803363	0.005303112591
803537	0.005614830042
803542	0.0002387957266
803582	0.004390163345
803651	0.0009524186638
803784	0.0003101941409
803871	0.0004061576681
803980	0.002060598189
803993	0.001832249593
804109	0.000307041425
804113	0.0004667746917
804252	0.0005796672375
804303	0.0006733341494
804315	0.005092438774
804694	0.003113302549
804702	0.002175354449
804704	0.001443608672
804733	0.000465589385
804859	0.002126544727
805072	0.0002397099039
805114	0.0003157585625
805277	0.0002367294784
805308	0.0007513508452
805327	0.001505489105
805378	0.001103719447
805482	0.005436020513
805548	0.004168537649
805770	0.002433834229
805887	0.0007843470312
805902	0.0004177638291
805905	0.001041247097
805958	0.0009241601218
805970	0.001267114138
806057	0.001030186272
806076	0.003060351677
806190	0.005351022794
806284	0.00264580049
806337	0.0009255139793
806360	0.0007558148081
806409	0.00401160226
806740	0
806841	0.00137422714
806877	0.0001474493362
806883	0.001353061223
806955	0.001775872278
806964	0.006780246658
806988	0.0006940105206
807053	0.003092468938
807156	0.0006682252897
807304	0.002563104667
807307	0.00314816487
807437	0.00134259291
807484	0.003796876309
807631	0.003889146934
807639	0.01058496135
807694	0.009246883727
807715	0.001419711864
807827	0.003173004208
807920	0.001831637452
807956	0.003284559068
807970	0.004758158344
808040	0.001133940296
808065	0.004755289175
808066	0.0004081029238
808239	0.006895556201
808247	0.001020687666
808428	0.001481049039
808455	0.001024603958
808551	0.005070894647
808791	0.001628555916
808818	0.00187629413
809027	0.006424029396
809105	0.003544375027
809214	0.000583554928
809413	0.003755730757
809516	0.001365395309
809550	0.001614164049
809669	0.00448616105
809712	0.0005775258759
809825	0.0002674811623
809827	0.003053925961
809838	0.0001219370862
809856	0.0004863815291
809952	0.001203248263
810047	0.001970804325
810089	0.00420279223
810174	0.006015193219
810216	0.001527538866
810289	0.0001531772361
810711	0.001704082879
810813	0.0002906311934
810850	0.0006756546942
810921	0.002495616009
811055	0.0009914800395
811093	0.005852640064
811208	1.322352554e-06
811256	0.0001677605047
811379	0.001789875679
811416	0.001674807874
811431	0.0004800381052
811600	0.001137926961
811700	0.004489418925
811870	0.0009382961779
811908	0.002237145643
811935	0.001182157729
812080	0.0002360089119
812122	0.0008869665333
812168	0.002009451086
812314	0.001864775062
812420	0.000908900522
812489	0.002960594638
812588	7.280818351e-05
812610	0.005134243132
812624	0.003440608363
812794	0.001948854541
812945	0.00156627837
812954	0.002003245491
813281	0.002119228783
813346	0.00368340074
813368	0.002867242525
813437	0.0004853933232
813465	0.001631611631
813481	0.0009542600053
813529	0.0001993538219
813572	0.006989055423
813656	0.00187247827
813671	0.0009685684198
813705	0.0005485795123
813801	0.0001550829299
813809	0.005507044745
813836	0.001517911309
813984	0.0005931969737
814043	0.0010574655
814058	0.0002623906958
814148	0.004094850337
814278	0.001423425754
814547	0.005811378889
814587	0.001782001091
814772	0.003369293447
815018	0.004477914913
815046	0.001405231314
815069	0.003287501918
815096	0.003087246236
815136	0.005752386754
815219	0.001013129331
815292	0.006072654506
815380	0.003401124588
815384	0.003642430616
815628	0.0004064067473
815710	0.001432796703
815767	0.000909483222
815769	0.00196730727
815781	0.00106091222
815788	0.0002698357117
816103	0.001924325031
816108	0.002299565478
816220	0.0003786615007
816236	0.001523507058
816260	0.0008073872831
816292	0.001769600302
816320	0.004096394007
816367	0.002584978032
816387	0.003509333168
816452	0.006198523582
816565	0.002683538991
816619	0.0001481225621
816634	0.0008234811152
816695	0.0003300143452
816708	0.00964904834
816733	0.0002522860715
816900	0.002195742838
816943	0.007832517038
816983	0.0002556416182
816989	0.001216071715
817048	0.001841424229
817051	0.0004946646681
817136	0.002138028823
817184	0.001180765585
817187	0.001092964572
817190	5.431921817e-05
817338	0.001490754949
817378	0.001824466602
817407	0.0005331740206
817448	0.0008648291388
817519	0.0002582115476
817617	0.001587882801
817636	0.000986353605
817758	0.001631807017
817763	0.001678302313
818052	0.002488481183
818573	0.001488869168
818611	0.003539515243
818654	0.004958379607
818696	0.0009635057529
818708	4.289757541e-05
818777	0.002075196458
818805	0.007049350745
818822	0.001125029256
818892	0.0007316635634
818903	0.006887221321
818916	0.00309111471
818936	0.0003967791125
818974	0.002520453869
818987	0.000343096082
819163	0.001552016215
819205	0.001288597092
819356	0.001673532283
819555	0.001145382603
819616	0.0006547957512
819727	0.003592577021
819825	0.003949758012
819845	1.352042681e-06
819906	0.0009126548518
819943	0.0004297146363
820099	0.003179469245
820125	0.0036620682
820268	0.003433454889
820624	0.003997007469
820638	3.908915764e-06
820688	4.708685044e-05
820811	0.001079404478
821010	0.005855258711
821063	0.001216268339
821093	0.002836172414
821151	0.002207774514
821218	0.001588401516
821307	0.0008171202975
821540	0.0001153133909
821615	0.002613689345
821709	0.0004414027256
821777	9.940447609e-05
821838	0.002188318947
822132	0.001903085087
822148	0.0004726311382
822186	0.0007329776085
822202	0.0007489480092
822403	0.007270798722
822485	0.000280854167
822489	0.003584486068
822542	0.002204629449
822668	0.004814080205
822772	0.0004702677676
822790	0.0008477847485
823007	0.001864578422
823017	0.001108024399
823070	0.001762582712
823262	0.002205488962
823350	0.006718969832
823358	0.003866485771
823359	0.001751926607
823389	0.0002825024159
823397	0.0006195494146
823520	0.001779603438
823661	0.001372530945
823757	0.0004055907847
823792	0.001948841567
823820	0.0003351872817
823889	0.001638627907
824010	0.0006901376256
824018	0.0007521795715
824214	0.002016460925
824399	0.002815592584
824470	1.025831933e-06
824608	0.001015931168
824620	0.002089105805
824627	2.996154721e-05
824635	0.01212126536
824728	0.0008953399332
824829	7.102791785e-07
825006	0.002242606292
825017	0.0006274857622
825111	0.002601122408
825235	1.679775999e-06
825257	0.0001598407849
825290	0.001641687711
825301	0.003506639335
825317	0.003420348071
825418	0.0003092794752
825437	0.0002083212697
825817	0.001757559745
825875	0.002652034005
825959	2.860603257e-05
826098	0.0001133239605
826111	0.001187059473
826324	0.0009651925392
826419	0.006621713748
826427	0.00620205532
826436	0.0006200786455
826520	0.0003957792276
826563	0.0004998614948
826753	0.0003674942589
826780	0.00122617627
826901	0.001661718288
826905	0.002888220045
826987	0.001859597028
827111	0.0004462056272
827193	0.0002364117952
827230	0.0003118786595
827454	0.0002311432762
827573	0.00320426619
827679	6.319899918e-05
827682	0.006037748084
827788	0.003136089122
827793	0.002910542668
827815	0.001218569802
827832	0.0005969556285
827873	0.0005562995837
827879	0.001273700274
827900	8.883247765e-06
827971	0.001522596798
828134	0.002008444636
828155	0.0003925946158
828592	0.001889937289
828623	0.0006289640827
828731	0.00145049438
828866	0.000594464832
828936	0.0005158288563
829011	0.001865627456
829338	0.002815265039
829432	0.005991429353
829494	0.002856414055
829640	0.001565372506
829680	0.003372332184
829777	0.002328921152
829944	0.0004616505107
829949	0.003059036446
830010	0.0004624708436
830028	0.001029120762
830154	0.001927460571
830272	0.001654404881
830337	0.002720083316
830514	0.00104551635
830538	0.001227000827
830561	0.003618491797
830597	0.0004769623319
830645	0.002265657548
830668	0.0001545445838
830815	0.005415048732
830957	0.0004671457647
831043	0.003814171545
831095	0.0006872188795
831103	0.01068495558
831216	2.634427757e-06
831340	0.002496767296
831379	0.003227282779
832100	0.002600816974
832123	0.002886964439
832458	0.001414288511
832512	0.0003716995309
832539	0.007321827503
832581	0.002762243783
832651	0.004073431496
832658	2.005225462e-06
832689	0.003984956708
832782	0.0009644832919
832899	0.002921076979
833050	0.002008640868
833110	0.008704926846
833236	0.0007295803949
833258	0.0004609643873
833391	0.0003171382065
833482	0.0009472372694
833497	0.004103186074
833532	0.0007576966917
833591	0.001692277406
833631	0.0002272782925
833686	0.0003860530054
833834	0.001190192339
833894	0.00517943314
833946	1.879613389e-06
834025	0.001068953176
834144	0.0004757737319
834216	5.322335806e-06
834226	0.0008403044076
834378	3.934648998e-05
834492	0.003963517662
834561	0.005166137056
834650	0.0008599885989
834732	0.002245739526
834736	0.001121299483
834906	0.001818047358
835035	0.0004988504843
835197	0.002359195652
835432	0.002064532553
835528	0.01096457291
835655	0.0005804869814
835768	0.001433229999
835819	2.047476796e-06
835825	0.001318845141
835897	0.001055097928
836064	0.0007080766363
836123	0.002243888606
836156	3.277333187e-07
836283	0.001696242268
836525	0.001766205352
836555	0.0003460992968
836671	0.0004300742622
836723	0.001605966818
836852	0.0001019262644
836996	0.001571097707
837015	0.007880800576
837085	0.001494452738
837202	0.001359270037
837372	0.002247351841
837422	0.0007893266674
837516	0.0001216775607
837547	0.001762292572
837848	0.001804717247
837867	0.001832154235
837884	0.0004607650103
838082	0.004819641071
838192	0.003074130762
838202	0.001029860609
838227	0.000215215414
838270	0.001517353325
838383	0.0001556579787
838395	0.0003315216493
838424	0.001934537453
838514	0.000293208752
838781	0.00025816643
838841	0.002761483286
838850	0.007852658228
838893	0.0002558391509
839238	0.001249474504
839386	0.001356302385
839393	0.001946781601
839456	0.000839612384
839667	0.001164361096
839711	0.0007761452858
839734	9.246099583e-05
839838	2.831981291e-07
839889	2.115316168e-05
839905	0.00160928148
839963	0.0001150835698
839998	0.002893561682
840126	0.0007242877968
840182	0.0009516088919
840321	0.0004188696968
840323	3.747411786e-05
840351	0.002295178643
840482	0.000364857617
840526	0.002385418567
840586	0.002764047986
840646	3.03752832e-07
840657	0.001326015736
840671	3.206343334e-06
840678	0.00192113862
840786	0.00264185374
840998	0.0005240788934
841003	0.006389947483
841031	2.20191435e-05
841040	0.00259305117
841089	0.002566196696
841201	0.002098148985
841454	0.0007230243961
841507	0.0004256070651
841665	0.005298697796
841831	0.002522269643
841841	0.001034369858
841992	0.003761165838
842041	0.002798436234
842053	8.241835164e-05
842227	0.0005565616628
842403	0.0004684109624
842409	8.460353785e-06
842533	0.001066945139
842641	0.008996487053
842800	0.001178100621
842863	0.0009013550856
842949	0.002379972844
843169	0.002180595462
843225	0.0001970025884
843341	4.659065994e-06
843406	0.0016267459
843459	2.17315153e-05
843700	0.00598507687
843840	0.00346015311
843847	0.0009117777339
843860	0.001630044855
843919	0.00013343132
843975	0.005868046883
844112	0.005359283334
844179	0.002828050047
844238	3.928232113e-07
844373	0.0009556964406
844423	0.0003050332346
844502	0.002767300392
844688	0.001781696045
844973	0.006465277225
845166	0.00324680409
845284	0.001036932665
845305	0.0007219385078
845545	0.00137291857
845706	0.001542682134
845883	0.0005936265957
846063	0.001410174117
846121	0.0007824124875
846276	0.001397335059
846335	0.0005270389572
846379	0.0001381080461
846625	0.000405436061
846654	0.00118843727
846825	0.002128835441
846906	0.003401510683
847004	0.0009620444331
847187	0.009114598649
847343	0.001102903807
847404	0.0007555176166
847518	8.885079961e-05
847663	0.006026527239
847665	0.000519658632
847668	0.001781922716
847744	0.0006239300702
847863	0.0007300370328
848037	0.0005652810442
848052	0.0008530907639
848208	0.002885022662
848239	2.552090798e-05
848251	0.0007399558526
848285	0.00141401942
848340	0.001551812914
848379	0.001737307622
848555	0.002790656471
848611	0.0001314224538
848632	1.726595045e-06
848634	1.696904919e-06
848714	0.001026229952
848718	0.0008189696384
848765	0.003557785484
848816	7.567975164e-06
848849	1.033444786e-06
849010	0.0009883499041
849018	0.001370479985
849091	0.001643038267
849193	0.00221893017
849207	0.003803126215
849268	0.00581160917
849300	0.005504287014
849495	0.00240115018
849503	0.0003465778345
849520	0.003208277358
849720	0.0005264128677
850146	0.0004234022989
850172	2.292073577e-05
850228	0.0009267372455
850476	0.004257563662
850489	0.0007674305776
850515	7.925643251e-05
850773	0.0009884277925
850833	0.001246128742
850908	0.0003585954793
851012	0.0006919704823
851058	1.541602719e-07
851158	1.772440257e-05
851207	0.003018682519
851249	0.002053643975
851263	0.001147439835
851555	0.001762920888
851662	0.002686298547
851769	0.006128743918
851961	0.005837462616
851981	0.0009029401653
851994	0.003593786492
851996	0.0009963687669
852093	0.0001040780886
852171	0.004700058249
852317	0.002761547671
852479	0.002186839766
852627	1.430169584e-05
852721	0.0004775806807
852738	0.001858085735
852767	0.000850758221
853073	3.790184469e-05
853090	0.0006223831268
853177	0.0037531768
853207	0.003740425057
853268	0.00368562612
853338	0.0002013786665
853390	1.192172769e-06
853499	0.0009441773728
853535	0.002024836398
853556	0.001431614827
853576	6.813122731e-06
853688	1.360036176e-06
853771	0.004624015561
853794	0.002244180206
853918	0.0004987326181
853942	5.347648542e-06
854059	0.006387594056
854306	0.0003427724144
854355	0.004548565658
854452	0.002740718882
854536	4.977661214e-05
854802	0.00165586956
854803	0.005060797301
854818	0.003308898066
854900	0.002232864692
854977	0.001644076914
854987	0.001797158128
855000	7.01143755e-06
855048	0.001154286149
855052	0.0004419917758
855191	0.002035604096
855358	0.001729394686
855432	0.001278384139
855435	0.0001975696068
855562	0.002997653447
855603	0.0009497467348
855674	0.0009610197204
855876	0.0007163083441
856091	0.004961704893
856183	0.003342513887
856223	1.752859388e-06
856278	0.001103349141
856395	0.004020197535
856445	1.24698531e-06
856561	0.0001782486025
856583	0.002902147932
856691	0.00659171743
856720	0.005569959996
856745	0.0007398232792
856761	0.001374112165
856899	0.002757742998
856945	0.0007396628107
857142	0.0006498027467
857191	0.003380258618
857210	0.002002302316
857241	1.048765652e-05
857245	0.004118598512
857318	0.002708931216
857485	0.001330758269
857502	0.002791847238
857526	0.001005436636
857577	0.008397273065
857595	0.0007301353672
857689	0.005840245888
857705	0.0002647450562
857735	0.0009009042628
857756	0.0002347065731
857786	0.001705590108
857868	0.0008126249596
857910	0.0003321840433
857914	0.01247482336
858243	0.0008798678006
858290	0.003806237216
858349	0.0005716803199
858362	0.0001794961363
858383	3.538736858e-05
858465	0.001374849913
858552	0.0006983638028
858640	2.396526103e-06
858689	0.0005122223878
858810	0.001502422821
858845	0.003051205341
858969	0.002390451296
859018	0.01189056304
859034	0.002461976665
859076	0.001049909318
859223	0.0009075425906
859246	0.006547951608
859280	0.0009100806426
859660	0.001664894822
859781	4.038999123e-06
859804	1.822516992e-06
859813	0.002719862725
859871	0.005546921429
859901	0.001199785841
859962	0.004687746624
860145	0.002159654346
860169	9.385505737e-06
860241	0.001724237466
860245	0.004103217145
860313	0.007072975859
860606	0.002237307645
860621	2.6606921e-07
860778	0.00378498926
860815	0.0004763291597
860903	0.002462718149
860920	0.0001783332688
860941	0.000294798772
861234	0.0003049676001
861328	0.0007778205409
861384	0.002411224383
861423	0.001067579637
861449	0.001938334253
861569	0.0004992096615
861599	0.001388756016
861604	0.003874782511
861700	0.002157592827
861972	1.869792809e-05
862044	9.880886509e-05
862098	0.002611271773
862444	0.001378127664
862491	0.007697560585
862650	0.001084619169
862656	1.13050866e-06
862794	0.0009339440521
862795	0.001353898534
862880	0.0009540017332
862988	0.00109473159
863000	0.0001620707809
863016	5.165310473e-05
863038	0.007306335645
863050	0.001113166791
863288	0.0005324890321
863366	0.0003093935858
863418	0.001063777267
863647	0.0005695105708
863684	0.002140096183
863757	1.32463641e-06
863844	0.0003927423022
863950	0.0150853201
863954	0.002167380905
864054	0.002422799132
864468	0.00257446761
864617	0.0006243216753
864721	0.0005493989509
864951	0.003166120579
865021	1.033444786e-06
865082	0.004653237533
865090	0.001779506674
865187	0.007861752967
865301	0.000807356191
865343	0.000776238591
865357	0.004577739824
865418	0.0003609073168
865444	0.002107065603
865615	0.003886431771
865631	0.001862464612
865700	0.003223446799
865853	0.002092154428
865937	0.001235177627
865943	0.0003141851808
865952	0.0008704632579
866051	0.002150678645
866123	0.001748502482
866144	0.004089034152
866295	0.0003972941775
866313	0.0009748537318
866468	3.775213769e-06
866604	0.001391127035
866637	0.003049098521
866657	0.003281991938
866671	0.0001946249835
866764	0.001813355414
866862	0.002463647096
867237	0.0006279944112
867303	0.002699197616
867320	0.007193345599
867627	0.001124499075
867660	1.294946284e-06
867788	0.00214348244
867944	0.0002011171495
868094	0.001596170478
868220	0.00949727875
868243	0.002830909296
868244	0.0009231338698
868280	0.008446572176
868331	0.0005765882118
868452	1.476512826e-06
868458	0.0007887735822
868518	0.0005195997327
868584	5.462354089e-05
868604	0.0005545536156
868668	0.003440479492
868697	1.494783673e-06
868823	0.005384245461
868957	0.0006548660421
869085	0.0002531319561
869140	0.007997964829
869182	0.001307372687
869342	0.0003615150133
869445	0.008145363264
869511	0.002166916928
869550	3.040363682e-05
869601	0.0004879079932
869608	0.004233115182
869613	0.002873192875
869648	0.0003844749242
869787	0.0003933057396
869860	0.002650778091
869902	0.001828884129
870054	0.0001840781631
870152	0.001174158169
870331	0.001661281228
870402	0.0007735670343
870525	0.0005556185308
870563	0.0004591938251
870600	0.0002215313837
870895	0.0004995877653
870906	0.000422679649
870990	1.511912592e-06
871015	0.0007548529204
871085	0.0007676806667
871176	0.001641042699
871220	8.725468075e-05
871352	0.001037802235
871387	0.001697473453
871584	0.0006234095862
871758	0.0007460301572
871782	0.001230329455
871988	1.221862896e-06
871995	0.0009972963139
872201	0.0002736794212
872270	0.0004669208139
872339	0.002616555227
872528	0.0001080967212
872610	0.002428131077
872647	0.0008716311136
872749	6.788457088e-06
872833	0.00112723062
872872	0.003173613381
873170	0.001860954264
873174	0.003491244069
873209	4.695988331e-06
873217	0.001345013538
873228	5.846671052e-07
873284	0.0002417355919
873324	0.0004623872034
873387	0.007756344394
873605	0.00405709197
873624	0.0004925481405
873782	0.0005577058757
873867	0.002647235175
874022	0.0009421939419
874112	0.0005300425122
874302	0.008194665095
874360	0.001417702818
874476	1.695762991e-06
874485	4.475215596e-06
874562	2.364704378e-05
874660	0.0004359696072
874912	0.0001250088887
875330	0.0002881334494
875385	1.057425272e-06
875468	0.0001542896407
875501	0.004324078303
875546	6.236068479e-06
875625	0.003780912481
875677	0.003794708259