node_id	error
3	0.001315076253
216	0.0007901311723
377	0.0005397996789
524	0.003340921911
564	0.0009623425971
684	0.00109487433
735	0.001201331049
822	0.0001423139718
966	0.001640812948
993	0.00141539655
1024	0.0001997702681
1109	0.0003219079584
1127	0.00034368097
1143	0.0002114884792
1335	0.0007706154677
1714	0.0008674705207
1745	0.001712431748
1857	0.0009964426371
1897	0.0008368861972
2033	0.001622697499
2194	0.008965451064
2223	0.000641183504
2497	0.002549986222
2601	0.0001663232903
2734	0.0002750461598
2786	0.0002500470091
2887	0.003017980499
3060	0.0007290454061
3099	0.0002328544786
3142	0.000381385431
3150	0.002391887179
3257	0.001070815963
3335	0.001325507109
3400	0.0004710814596
3409	0.0003199079577
3492	0.003678248826
3783	0.002325946324
3939	0.002534747925
3948	0.0006961879148
3965	0.002039821322
3994	0.000993393048
4001	1.632885375e-05
4030	0.001686861756
4035	0.002322954665
4489	0.003827052494
4493	0.002393812553
4515	0.0008881013259
4617	0.00137635151
4757	0.000156288494
5109	0.001360877892
5168	0.0005534769925
5254	0.001221024357
5428	0.001652301626
5488	0.003454248378
5561	0.0006605818264
5711	0.001610166255
5778	0.0001122986873
5983	0.001661779178
6088	0.0003755492774
6486	0.0007806540295
6581	0.001079559631
6793	0.0009514660499
6835	0.00245778183
6900	0.001101513207
6944	0.0009504663208
7073	0.002230486524
7162	0.004435013873
7201	0.00121504506
7449	0.0009362922037
7562	0.0002548608331
7597	0.00181577114
7700	0.0004138482529
7748	0.0009886586209
7838	0.001120934806
7910	0.001369036695
7959	0.00158097412
8030	0.001177312392
8101	0.0007689338618
8109	0.001293456279
8313	0.001041320276
8431	0.001942967032
8465	0.001949121913
8502	0.001188888309
8560	0.002674045591
8561	0.002718490071
8668	0.001012683095
8729	0.0008411054695
8761	0.004092471001
8918	0.001477512133
8958	0.001745712322
8981	0.002328791628
9042	0.0004246330466
9045	0.001164914794
9078	0.001068570673
9258	0.00109325318
9304	0.001400975097
9337	0.0009436805093
9434	0.001514069695
9448	0.00165787334
9459	0.001217194155
9535	0.001203390809
9546	0.0004813388721
9656	0.0004829806733
9873	0.0005934005511
9881	0.00145485846
9895	0.0005989364679
10050	0.001046324428
10073	0.000531887149
10168	0.001542999156
10178	0.0003764889709
10200	0.0009817039888
10261	0.001551277453
10288	0.001336189487
10333	0.001303901512
10354	0.002832040009
10408	0.000888879831
10463	0.0008027415377
10497	0.0013047322
10664	0.005049959754
10827	0.001008480622
10971	0.001196773215
11039	0.001074461537
11071	0.001003912388
11093	0.0009454276182
11097	0.0009013748863
11116	0.0001056128964
11454	0.001782060653
11472	0.000533178535
11503	0.0009821534181
11542	0.002183869188
11809	0.002743254663
11858	0.002242590963
11931	0.001831335304
11939	0.001500874239
11995	0.001352920889
12071	0.0008245048779
12190	0.004907393996
12232	0.001490291779
12246	0.0008970986628
12255	0.0007204524545
12325	0.0008303837777
12401	0.002793255825
12476	0.001981704539
12843	0.0001340722476
12892	0.001293091802
12932	0.001367778897
12949	0.0007494715378
12967	0.0003159918833
13009	0.0004364619189
13154	0.001055739403
13168	0.0006387544967
13214	0.002403983217
13261	0.005785343489
13370	0.001031453343
13420	0.003484254257
13430	0.0009692433854
13582	0.0002680338576
13742	0.001473582104
13801	0.0009255066082
14041	0.003203109709
14105	0.0005672193736
14115	0.001664543075
14119	0.0001034285736
14169	0.0009271849426
14170	0.002150037294
14311	0.0004743028571
14397	0.001062649354
14486	0.001517284873
14509	0.0008302335762
14551	0.004206963801
14891	0.0002703929044
14928	0.002232333784
14966	0.001254862051
15062	0.0003692230663
15098	0.001363231512
15176	0.001197846805
15196	9.838157891e-05
15221	0.001298368527
15233	0.001606215627
15288	0.00273609604
15322	0.0009675463291
15580	0.005609959441
15743	0.001483003265
15975	0.0004321687598
16026	0.0007028080765
16034	0.0006062929334
16039	0.001719859326
16098	0.0001249788947
16522	0.0008932464705
16529	0.0006655787839
16622	0.003460405313
16728	0.0006956096827
16803	0.003523473306
16822	0.001403958063
16823	0.00150584097
16988	0.001170061604
16991	0.001471910885
17143	0.003283254849
17356	0.0007797049852
17488	0.001072000055
17559	0.0008557898367
17862	0.001024340237
17973	0.001463554296
17992	0.008200165851
18043	0.0005017583247
18341	0.0009603226675
18414	0.0008313834276
18488	0.001336504102
18544	8.813121324e-05
18611	0.0003560673333
18801	0.0007297625809
18873	0.004748856061
18972	0.001523777125
19103	0.0003765569538
19109	0.000882055379
19125	0.0001240618767
19234	0.001238520887
19248	0.0009266873206
19269	0.0003840351527
19302	0.0007370032101
19465	0.001872140873
19574	0.000574471537
19709	0.002971179705
19736	0.001373380878
19841	0.00148328411
20174	0.0003129821867
20189	0.0006359306354
20257	0.0001604406356
20325	0.0007680620329
20436	0.0006690918978
20455	0.0006124204852
20497	0.0002111247607
20612	0.0006768094801
20636	0.001974476547
20727	0.002019053096
20761	0.003953470963
21040	0.001141311619
21073	0.001224017911
21467	0.001341758003
21632	0.002444815484
21680	0.001705005122
21694	0.001551419045
21698	0.001017370904
21903	0.0002827948522
22009	0.001501582658
22046	0.001156815029
22378	0.00188706965
22468	0.001271922968
22538	0.002777564783
22547	0.001592442481
22591	0.0002945690414
22652	0.0006619622612
22663	0.003485241102
22674	0.0001354741557
22809	0.002275243796
22861	0.001228376531
22864	0.0002897606599
23054	0.0002536069808
23084	0.0003069283626
23264	0.0009986846734
23298	0.001282081743
23302	0.0007753123696
23429	0.0005526211637
23549	0.0008121176201
23666	0.002424594567
23693	0.002378470711
23756	0.001614269731
23757	0.001548969065
23796	0.001351653166
24102	0.0006922018293
24107	0.0006869245993
24195	0.001851472835
24233	0.00128744691
24240	0.0003589934073
24255	0.002037571099
24334	0.003072907728
24516	0.004183083578
24517	0.002044753933
24580	0.001394859748
24630	0.0003481817832
24835	0.001615329661
24860	0.002023266026
24875	0.000458183202
25326	0.0008805756445
25391	0.002290932669
25606	9.602036404e-05
25666	6.438007087e-05
25767	0.006007000125
25818	0.004637630842
25922	0.000989215781
25975	0.0005484121712
26045	0.001359507567
26317	0.001107619333
26400	0.0008796639528
26443	0.001160161669
26477	1.551796097e-05
26518	0.000913919798
26622	0.001521030241
26673	3.309299253e-05
26710	0.00172415273
26735	0.0005106924346
26935	4.487573696e-05
26970	0.001523276575
27560	0.002160570704
27692	0.00366662961
28069	0.005309695846
28196	0.003729706925
28368	0.0001956749394
28376	0.0009723428469
28514	0.01679835309
28566	0.0005018326316
28624	0.0001442200146
28681	0.0005287409223
28980	0.0007875678383
29012	0.0008525738894
29018	0.0006731578911
29105	0.0003373625574
29302	0.0005195738873
29573	0.0002768994199
29668	3.216468189e-05
29794	1.51633441e-06
30019	0.001574036849
30072	0.001722446653
30074	0.001190653626
30126	0.0003641600821
30154	0.0006750551732
30402	0.001206877659
30536	0.0005003314922
30552	0.001427142453
30615	0.00214111687
30817	0.0004767291517
31039	0.001303134027
31178	0.001070616142
31201	0.001634845331
31414	0.00172709996
31512	0.0008289129507
31656	0.002179749392
31844	0.001813880464
32055	0.001095164305
32130	0.000855797709
32146	0.002268211605
32194	0.0001797467454
32245	0.002182742117
32279	0.001941107186
32377	0.0008861125953
32489	0.0001452003152
32502	0.0008806138508
32504	0.001308325181
32520	0.001180683098
32548	0.0007306217512
32638	0.0013589932
32688	0.001361998982
32865	0.001803216252
32952	0.002406048019
33031	0.0001676410766
33140	0.0002164968374
33150	0.0007319312455
33167	0.0003097407473
33190	0.001348721552
33247	0.002682628187
33339	0.0009523869721
33487	0.001817754522
33493	0.001840641363
33630	0.003883592717
33694	0.0005535268508
33721	0.001817355867
33776	0.001133495428
33872	0.001069749176
33915	0.001219203508
34063	0.001282551586
34206	0.001139804663
34341	0.001997174744
34464	0.0005485563651
34760	0.001485372961
34798	0.0003465110989
34926	0.001475400215
35041	0.0007191570211
35147	0.0009977868913
35151	0.0009633085922
35247	0.000424228384
35405	0.001154199974
35500	0.0009847619534
35690	0.001056818901
35725	0.0003107674738
35845	0.00104209871
35847	0.0024324343
35911	0.0008173102689
36000	0.0002620919183
36304	0.001528912364
36355	0.000917611937
36405	0.004437548877
36408	0.001549396643
36437	0.0009197699818
36522	0.0009517852053
36658	0.0009577018042
36702	2.024090909e-05
36761	0.003424580772
37039	0.0008666119433
37044	0.0007851222705
37066	0.001269970754
37202	0.001152249498
37267	0.001123536506
37331	0.0005756264167
37445	0.001005570243
37496	0.001604749122
37580	0.002074823552
37621	0.0006326804955
37628	0.0001154994282
37689	0.0006658141718
37860	0.001973690505
37922	0.00173217001
38028	0.0029718647
38063	0.0004415056687
38072	0.001282906276
38416	0.0008941075457
38418	0.00100642462
38463	0.0008756043401
38531	0.0001045697033
38642	0.001522306125
38674	0.001547935063
38749	0.004794138382
38771	0.0005106598383
38810	0.0001704745687
38934	0.0009467108782
38950	0.0009058709185
38978	0.002641320276
39235	0.001163239404
39429	0.0009785223427
39433	0.003180324221
39542	0.001549757238
39629	0.0005647876165
39649	0.002920758195
39707	0.001111889523
39728	0.001244163552
39735	0.001753484292
39871	0.001548673326
39979	4.420505338e-05
40027	0.001094036316
40082	0.001015351403
40482	0.000249895005
40680	0.001503826182
40716	0.0007742425537
40819	0.001255287529
40989	0.002349010109
41117	0.001030843279
41143	0.003375630194
41267	0.0007564123266
41327	0.0004401181104
41430	0.0006983568517
41494	0.001980735455
41798	0.001330054258
41823	0.001398373906
41836	0.001025580871
41846	0.001301755245
41881	0.0005979507842
41968	0.0001598849852
42099	0.001859176933
42124	0.002134204431
42384	0.00039712197
42404	0.0001804162185
42416	9.957455344e-05
42483	0.0001547417363
42548	0.001229308994
42654	0.0006721805441
42830	0.001420557199
42846	0.0007124715905
42919	0.0008006266858
42951	0.0005733680726
43031	0.0009145988464
43049	0.009153054751
43063	0.001486484722
43246	0.001699586471
43311	0.0004463882174
43412	0.001012208698
43444	0.001185501058
43627	0.00367482347
43738	0.00057490012
43742	0.007722149119
43755	0.0007402487178
43785	0.001527060319
43941	1.143222125e-05
44082	0.002313436835
44110	0.0008476506746
44141	0.0008139233714
44206	0.0009184773587
44211	7.195087044e-06
44226	0.0002075318194
44228	0.00128579834
44278	0.0001215430836
44430	0.001568287702
44582	0.00153330442
44618	0.0003788745422
45139	0.001698582708
45553	4.090657168e-05
45607	0.001355124566
45610	0.002080664011
45612	0.0001799363864
45643	0.003643841138
45696	0.001166606603
45792	0.0004337916698
46013	0.001243756919
46078	0.0008748087386
46125	0.001035281561
46138	0.0009812560771
46169	0.000898993121
46181	0.003460380568
46314	0.001117395561
46323	0.002057163974
46346	0.002283221814
46404	0.0004797849866
46520	0.004211689872
46604	0.001153591296
46784	0.0007478935427
46822	0.0007429172836
46877	0.0006024255783
46921	0.001206600313
47053	0.0006553376476
47099	0.001648171453
47325	0.0004321096221
47401	0.001037961173
47568	0.0020940617
47597	0.001181144432
47632	2.76241885e-05
47757	0.0004752258587
47888	0.0009898935787
47989	0.0007948098529
47992	0.001923986579
48023	0.00186297099
48088	0.001963804898
48107	0.001495866389
48188	0.001543237861
48292	0.0001934233408
48295	0.001864237913
48343	0.001573559981
48403	0.0007401043196
48448	0.002102615941
48527	0.0006312210603
48544	0.0001085618152
48640	0.002291536923
48718	6.623467936e-05
48734	0.001642877081
48765	0.0003192656785
48907	0.001095093198
48935	0.001532855549
48994	0.0007997987522
49009	0.000954570187
49210	0.002775934245
49550	0.002123256566
49665	0.003016609653
49780	0.0003292269555
49785	0.00357523176
49787	0.0007436876177
49803	0.0001548377445
49844	0.004159435301
50359	0.01163443501
50435	4.114019626e-05
50503	0.0005013651336
50546	0.001120848529
50547	0.002031378108
50625	0.0007971678743
50695	0.0002710354502
50915	0.001146741776
50930	0.0007717996711
51016	0.0005438644068
51132	0.001905371565
51171	0.002569395516
51231	0.001102058888
51330	0.0005265178663
51420	0.0006577645731
51467	0.001221195298
51492	0.001835818426
51507	0.001104901048
51640	0.0003414597467
51764	0.0009516710965
51778	0.002138278172
51876	0.0001808054834
51991	0.0003842858899
52016	0.001454667076
52124	0.0004329306688
52168	0.0001902733754
52390	0.001287023441
52428	0.0006852489076
52469	0.001189700871
52504	0.001184728262
52522	0.0004972225451
52579	0.0003441467666
52965	0.0009742919796
53156	0.0008304340593
53260	0.001310116042
53265	0.001222839775
53311	0.001544538848
53334	0.0007794927831
53427	0.001115054756
53483	0.006901383019
53535	0.0004702155764
53627	0.00102419092
53840	0.001389720919
53881	0.001284159447
53920	0.0002740787013
53930	0.0002569019537
54162	0.001132373119
54234	0.000121071273
54250	0.002867576227
54272	0.0004061810538
54291	0.000590126002
54445	0.0005708804142
54552	0.0006539710714
54688	0.00174163154
54750	0.001342710753
54881	0.0006835005977
54910	0.0004636380727
54912	0.0008913980737
54967	0.0001210985894
54986	0.009413059555
55025	0.002691348654
55168	0.001044971858
55485	0.00234526506
55541	0.0002347799536
55632	0.00110038821
55655	0.0006391593932
55749	0.004373578409
55805	0.002166889416
55840	0.0007118134121
56188	0.0008122524009
56246	0.0004306067318
56324	0.001334361434
56385	0.0002784248147
56457	0.001377763282
56635	0.0004735575996
56801	0.005400928465
56806	0.001275401773
56992	0.0003812542214
57172	0.002387422773
57488	0.001226373967
57504	0.0004357652342
57548	0.003586722339
57591	0.001589119935
57835	0.003063846839
57849	0.001064621146
58052	0.001114416428
58128	7.471890634e-05
58142	0.0006254090399
58181	0.0008652342788
58420	0.00249279405
58501	0.001403325422
58563	1.55758971e-06
58569	0.002058605437
58607	0.002027876847
58657	0.001483256435
58696	0.001418837495
58737	0.001762961092
58756	0.0002285986846
58887	0.0015596657
58943	0.0009762799427
59010	8.066416376e-05
59092	0.001649720608
59137	0.00828955019
59235	0.001092651498
59345	0.0006392621655
59367	0.001947572589
59377	0.004310426221
59388	0.002533604195
59451	0.000239718104
59586	0.002053064419
59591	0.002126368168
59628	0.001700223003
59721	0.002850802153
59754	0.004984916992
59862	0.002575571127
59905	6.98339077e-05
60134	0.0009692613659
60164	0.001496931987
60167	0.001478348947
60191	0.001790404411
60203	0.00191252834
60264	0.0006769636374
60410	0.0007089544946
60573	0.000967402759
60737	0.0003802601346
60767	0.008704506625
60779	0.0005844407721
60906	0.00149363348
61060	0.0007676904228
61069	8.266449847e-05
61177	0.0003288535739
61193	0.0009828922905
61213	0.001726414643
61358	0.0009256828925
61535	0.0006566508117
61595	0.001797884419
61630	0.007155154358
61689	0.006153084779
61698	0.002819862042
61717	0.001815352709
61729	0.002007032639
61933	0.0002982169266
62121	0.003347639951
62317	0.003257366304
62409	0.001759523542
62604	0.0007321664272
63294	0.002101521661
63328	0.0006926258151
63350	0.0008208018191
63594	0.0008496893299
63649	0.001592971264
63965	0.001636884344
63969	0.001505937218
64324	0.001164225083
64448	0.001904914261
64533	0.0006497898661
64623	0.0002231221353
64656	0.0005541792262
64739	0.001087550082
64801	0.0001278982139
65145	0.001324989547
65254	0.001261731672
65273	0.002562653801
65293	0.001371911477
65522	7.332752679e-05
65590	0.001063205399
65633	0.001431206256
65744	0.001238065115
65822	0.001754895351
65832	0.001001024876
66105	0.0002680200504
66166	0.002976115371
66197	0.001066088012
66207	0.003251168035
66555	0.001149395816
66602	0.001077726083
66645	0.001640166948
66768	0.00429074788
66923	0.002136093786
66926	0.002618614419
67012	0.0007858073682
67191	0.0003488529527
67389	0.001436053444
67396	0.0002527484614
67426	0.001270330769
67449	0.001624064456
67611	0.001318645062
67630	0.0001505417435
67673	8.013503738e-05
67674	0.0005590596192
67690	0.0002504466248
67735	0.001970876312
67820	0.0002318885801
67970	0.002189623567
67995	0.0008264188113
68406	0.001639498691
68436	0.001371301961
68442	0.002736682121
68616	0.0008412242714
68627	0.0001216929251
68953	0.001745456084
69015	0.003614155318
69067	0.005432324898
69156	0.0003398934598
69177	0.0004066803583
69210	0.0006178236776
69245	0.0003254135421
69247	0.00187756286
69277	0.0008116726707
69292	0.001521599444
69331	0.00138106715
69415	0.001816835036
69453	0.001211200867
69476	0.00134664486
69746	0.0003058678851
69779	0.001674864951
69823	0.001222747213
70078	0.001446557995
70200	0.0006361821302
70273	0.004301061261
70653	0.001465115894
70703	0.001349258952
70710	0.002369647493
70721	0.0004302401094
70881	0.001772281458
71321	0.001126512533
71503	0.0006327541902
71664	0.0005224229101
71665	0.001298041094
71667	0.000546021838
71842	0.0001658951354
71904	0.0009722737944
72025	0.001318982403
72101	0.001574486937
72152	0.003848072617
72202	0.000947636465
72299	0.0004828580066
72508	0.001680081889
72523	0.0009178630863
72632	0.001374359997
72791	0.001076779256
73126	0.0004961500629
73255	0.0006031500592
73459	0.001275285804
73467	0.001881937482
73529	3.633850125e-05
73564	0.001535857597
73631	1.669127812e-05
73792	0.0005588751804
74129	0.001139928019
74178	0.0017176686
74207	0.00040661873
74333	0.0007530067308
74673	0.0006522457278
74828	0.000381325827
74830	0.000248616384
75001	0.0005850442332
75019	0.001328224485
75044	0.001135621593
75064	0.0007860474743
75134	0.0007113990137
75156	0.000106496194
75164	0.0002289965454
75316	0.01641180183
75351	8.491858258e-05
75366	0.003753257807
75393	0.0003686934111
75473	0.0006217370307
75497	0.0001584438909
75622	0.0001676250472
75635	5.125910547e-05
75642	0.0003120136091
75704	0.0001598098873
75741	0.001003875219
75745	8.264390345e-05
75790	0.0003382877721
75829	0.001882040992
75855	0.001600383623
75969	0.0005649082251
75985	0.001326704793
76008	0.002161483087
76192	0.001940847525
76305	0.0002686911822
76312	0.001482823965
76469	0.003944349196
76564	0.003409088816
76620	0.001094635657
76750	0.000418023775
76919	0.002321086014
76977	0.000845782459
76982	0.002324620866
77020	0.001502606541
77075	0.0009233675387
77082	0.0006031067522
77087	0.0003911088356
77132	0.000427398858
77176	0.0003424835912
77250	0.0003168109075
77381	0.0059904851
77489	0.002169905746
77608	0.0001236783225
77642	0.0007259810506
77719	0.0007621383433
77838	0.004365703183
77876	0.00297134968
77928	0.0009182363292
78005	0.001439813228
78109	0.0002549124796
78132	8.766727619e-06
78551	0.001188958274
78570	3.974807632e-05
78591	0.000125239027
78924	0.001223362593
78930	0.001801564871
79090	0.000507590645
79127	0.002899475301
79195	0.0006297585428
79421	0.001255917636
79573	0.001747039731
79589	0.002110110441
79672	0.001910590409
79707	0.0007273387175
79724	1.818260479e-06
79834	0.001635613687
79884	0.001462984929
79925	0.0005144131186
80113	0.001746861254
80177	0.000398307567
80240	0.001646176303
80278	0.002505286359
80297	0.001183079781
80439	0.0004748602027
80469	0.001662716483
80533	0.001071189691
80718	0.0003485573653
80720	0.00177606578
80744	0.0004602121963
80769	0.001694207547
80794	0.001535695627
80931	0.000203418838
80959	0.0008465046051
80978	0.0009673897051
81090	0.002120357863
81148	0.0006501531999
81218	0.001349487043
81224	0.003516525877
81332	0.001679725883
81353	0.003199865122
81373	1.546804568e-05
81426	0.001636605278
81444	0.001067857921
81470	0.004437796939
81477	0.001632381575
81552	0.0003820944579
81658	0.00170484851
81756	0.001297026526
81774	0.0009006377184
81851	0.001176189923
81879	0.000601503647
81955	0.0002427097149
81974	2.773179434e-05
82011	0.0008229688994
82032	0.0004388412088
82165	1.158539817e-05
82242	0.005136993019
82272	0.001337104348
82302	0.0009602716965
82405	0.001945189122
82422	0.001722416364
82507	0.001136383016
82541	0.003444261206
82566	0.002554733855
82655	0.001763299634
82657	0.0004477806283
82787	0.0001342386636
82815	0.0008334900371
82894	0.001082148299
83048	0.0001145036353
83057	3.068073648e-05
83133	0.003513611652
83238	0.0001632017768
83318	0.00188141911
83327	0.000125200215
83338	0.002399895237
83485	0.0004933314476
83512	0.0009533870466
83517	0.002578386542
83715	0.007711253645
83790	0.001118250554
84063	0.002183201872
84307	1.54137858e-05
84530	0.001931172664
84738	0.0002666275842
84743	0.002452057709
84900	0.0006753896801
84963	0.001459907078
85078	0.0006520060935
85131	0.0001104532304
85140	0.0002911382959
85209	0.001140079346
85317	0.0004411866207
85436	0.001010269581
85470	0.0005862334729
85475	0.0004227886952
85496	0.001043631366
85514	0.001226542025
85706	0.0009067436474
85754	0.0006438599614
85856	0.0008721584319
85944	0.0052497783
85956	0.0008058417191
86026	0.001168680135
86158	0.001491031395
86250	0.0004800129443
86256	0.0007986512774
86301	0.0007603623566
86404	0.004954652941
86833	0.001219048355
86911	0.0006810616911
87161	0.002167871956
87162	0.0007689883691
87285	0.000821439077
87352	0.0001807199848
87444	0.0001036029461
87868	0.0003315237038
87957	0.001604921592
88073	0.002581338264
88082	0.001659246771
88344	0.001212097821
88370	0.0008139440648
88383	0.006099683916
88399	0.001623878052
88410	0.001070399357
88536	0.001563298995
88603	0.001019901449
88604	0.001179048243
88689	0.0007820482035
88887	0.000322590503
89007	3.1731002e-05
89008	0.00067251028
89237	4.627900517e-05
89261	0.001172687376
89316	0.007255985801
89334	0.004216171964
89388	0.001230851457
89397	0.0005833864585
89411	0.002074632138
89523	0.0006450433859
89649	0.002170579942
89679	0.0005843856517
89721	0.001080639915
89794	0.0002704257596
89795	0.0007265634213
89846	0.002524009222
89883	0.003863708029
89937	0.0004358753382
90027	0.0005377272114
90038	0.0003525308098
90060	0.0004884290388
90063	0.0005123946212
90163	0.002650957649
90378	0.003159810877
90877	0.0009382948789
90916	0.001242761928
91142	0.0007626689587
91213	0.003254903077
91392	0.0003722060414
91471	0.0009640731416
91502	0.01094139472
91524	0.0009947878993
91626	0.001270944148
91804	0.01425977561
91822	0.001115087159
92060	0.00058163151
92081	0.001072619027
92101	0.002335449867
92156	0.001561281176
92295	0.0007083048827
92331	0.001471377612
92507	0.0003405384241
92573	0.006490056828
92574	0.0043606818
92627	0.0004615365776
92656	0.001847965947
92722	0.002785395865
92834	0.0009760322033
92865	0.0006872353067
93050	0.000296247165
93111	0.0009628553597
93309	0.003719333833
93504	9.661574928e-05
93838	0.001702338243
93846	0.000291280881
93853	0.00137858661
93910	0.001320227639
93955	0.0009021997702
94100	0.002490053661
94216	0.001815345068
94274	0.001757942724
94313	0.0002196548179
94455	0.0002020913532
94515	0.005241824129
94631	0.001571226856
94711	0.001173138212
94822	0.001109621086
94926	0.000783184091
94977	0.002758181418
95048	0.00169403196
95082	0.001968137081
95103	0.001365402948
95106	0.001301994276
95114	0.001392786779
95141	0.001335779329
95172	0.005085231601
95226	0.0004829646413
95402	0.002775612954
95421	0.001554491175
95728	0.002957389749
95908	1.856948643e-05
96120	0.004962470093
96311	0.0004807487869
96428	1.741755509e-05
96465	0.002831997895
96600	0.0001468795133
96753	0.01742070666
96870	0.0006443364151
97071	0.0004297251146
97097	0.000343241565
97197	0.003150262038
97206	0.0004867467674
97220	0.0003966641202
97291	0.0006648143613
97407	0.006872006449
97431	0.001308522779
97694	0.001145760546
97742	0.0009569953331
97823	0.0005731581335
97912	0.0009196914167
97919	0.0006214543646
98023	0.003659489907
98111	0.002103268337
98115	0.001511518222
98208	0.001143213544
98226	0.000721179883
98227	0.0007638273337
98259	8.661773089e-05
98279	5.620074484e-06
98295	0.001377052708
98310	0.0004983522335
98420	0.002224052875
98597	0.0009347489806
98787	0.01173818516
98883	0.001075516309
98955	0.00223384597
98982	0.000267089436
98989	0.00275502801
98995	0.0005795051162
99067	0.002095441058
99200	0.0004891524652
99232	0.0007144996458
99245	0.00322431792
99268	0.0005272425521
99296	0.001946586358
99307	0.001609267302
99369	0.0007235809042
99414	0.001047426949
99421	0.001442500313
99444	0.001493560106
99676	0.0001895657169
99734	0.001209220843
99844	0.0009253419372
99870	0.005699577898
99957	0.001282818039
100001	0.00223005862
100050	0.001376017776
100084	0.001033332982
100154	0.0008069513153
100173	0.0007361297446
100422	0.0001856743185
100501	0.001956453003
100587	0.001498798816
100614	0.001712299822
100617	0.001643335129
100693	0.0004710547116
100923	0.0004305253617
101229	0.0001826994048
101344	0.002305573027
101530	0.0009670742036
101570	0.001478759647
101574	0.00081791111
101690	0.000528369696
101983	0.0009788909781
102237	0.0007386414097
102276	0.002131128997
102277	0.0004551890914
102330	0.001536759102
102343	0.002695837599
102412	0.0008819289291
102475	0.001423502013
102744	0.001918309582
102759	0.001271351446
102938	0.0006921950707
102977	0.001825647615
103151	0.0004066410139
103269	0.0004922386729
103307	0.0005371200338
103350	0.0009821777771
103424	0.002046303575
103689	0.001599893734
103966	0.0009233934755
104144	0.001382469486
104153	0.001018500992
104155	0.0008983667263
104185	0.007050042211
104260	0.001332660054
104383	0.0009550174847
104395	0.0007356670205
104406	0.004921956639
104457	6.279471069e-05
104480	0.001761071049
104514	0.000637064766
104528	0.0005010363513
104620	0.001331984524
105059	0.0003864553631
105090	0.007658733439
105150	0.0008159923884
105595	0.001924297835
106047	0.002033474351
106057	0.0002129709427
106171	0.0007786955917
106211	0.00118015601
106241	0.0005742248897
106320	0.001720957121
106343	0.00118631565
106362	0.00144553691
106677	0.000597957519
106690	0.0008691778559
106796	0.0001663539219
106822	0.0001733834111
107121	0.0007519140929
107173	0.001124401609
107244	0.0003829689372
107382	0.002646305951
107616	0.004077006796
107622	0.0009636161477
107791	0.0002761108009
107933	0.0005493087989
108049	0.001697038107
108106	0.00526738704
108134	0.006054394439
108152	0.001283293819
108196	0.0005169089197
108283	0.001906074247
108310	0.001385008651
108385	1.824800848e-06
108400	0.0004881300782
108533	0.001056949607
108823	0.004958484703
108888	0.003033785707
108951	0.005139285126
109134	0.0006731702571
109164	0.001313738884
109216	0.01408448975
109268	0.0005656144392
109327	0.000854242345
109340	0.0007954404153
109396	0.000188360047
109398	0.0006389868778
109466	0.0004647017655
109539	0.001316002783
109689	0.0001069079733
109760	0.0007091657202
109787	0.0003335104176
109919	0.006178512717
109969	0.004616621043
109972	0.001641416844
110714	0.000986612116
110738	0.0005719204318
110850	0.001360013567
110866	0.0003720712737
110998	0.002341605111
111071	0.0005981140955
111139	0.0007190952752
111286	0.001187810413
111545	0.001704630948
111548	0.0009786763002
111585	1.368689735e-05
111684	0.0007147519405
111837	0.0006000291485
112026	5.211047051e-05
112081	0.0006427265015
112086	0.0009030236141
112098	0.001028660075
112227	0.0002392826216
112310	0.000389440591
112444	0.001172143293
112552	0.001012127581
112706	0.001158087548
112799	0.005672456273
112806	0.001034589323
112989	1.292662428e-06
113008	0.002031920455
113050	0.004947625518
113265	0.001734745527
113329	4.395700792e-05
113365	7.969117956e-05
113535	0.0003120000343
113616	0.001688122471
113621	0.001397343023
113641	0.001152437548
113658	0.001040457089
113778	0.005509682209
113885	0.002577653483
113947	0.004048472197
114122	0.0003584196945
114153	0.004004230984
114534	0.001269980174
114577	0.003556601261
114631	0.001249424254
114663	0.001837932239
114699	0.001298209386
114740	0.0007740382261
114745	0.002178219845
114767	0.001893909992
114821	0.001175342419
114824	9.633457249e-05
115144	0.0004792943362
115206	0.0008925484469
115229	0.001684733472
115242	0.0006297192148
115518	0.0002162055727
115562	0.0006194084057
115593	0.001969335157
115599	0.001065555046
115665	0.0004905673017
115678	0.0006972507979
115865	0.000793427474
115912	7.782601008e-05
115930	0.0009416000279
115968	0.001625052554
116059	0.0008118800483
116178	0.0004592255387
116243	0.0001900968143
116287	0.00162938727
116338	0.001440967775
116395	0.003188067707
116409	0.000446453286
116477	0.002808998722
116495	0.001331547297
116637	0.0007189270265
116650	0.003963753054
116691	0.002712639682
116726	0.0008794764573
116860	0.0008373173603
116913	0.0009530329276
116933	0.0008295725977
117061	0.001458324182
117102	0.00325454848
117118	0.001755276937
117125	0.00237356972
117294	0.0006994859625
117313	0.001800781136
117325	0.005682860924
117429	0.001019289822
117431	0.000682160333
117539	0.0006468101924
117586	4.965321834e-05
117611	0.0005164138145
117708	0.001641102756
117900	0.001052846725
118243	0.00128769941
118341	0.002639004589
118360	0.001031622681
118692	0.0001387136884
118705	0.0004858067915
118725	0.001021278609
118754	0.001980808871
118948	0.001089044446
119060	0.000776549418
119066	0.002011997645
119152	0.0004111592791
119186	0.00139359441
119297	0.001491036826
119365	0.001003243661
119727	0.0005212377509
119958	0.0004948734314
120037	0.001063950234
120101	0.001216751684
120196	0.0005920616683
120225	0.0001966197903
120483	0.0006012032009
120618	0.004102012171
120656	0.000459396805
120729	0.001835960574
120835	0.002344332227
120840	0.001583905742
120944	0.001327258735
120990	0.0008056784952
121139	0.0008997403008
121221	0.00111994318
121288	0.0006162771296
121369	0.0005347580671
121509	0.001222193905
121557	0.0007288426746
121582	0.002073541151
121882	0.0110578879
121897	0.0006662200705
121947	0.001017979371
122019	0.003972370592
122035	0.0004691785203
122093	0.002078116006
122311	0.002906197974
122532	0.002218810333
122547	0.0007776408731
122647	0.001554443839
122811	0.002742196186
122887	0.0002553838091
122947	0.0009339747335
123030	0.00446825863
123055	0.0001769087653
123109	0.0002787069713
123192	3.802376054e-05
123291	0.000587922488
123339	0.001617092388
123381	0.0002729193061
123419	0.002437723538
123451	0.001526049675
123518	0.0007754770154
123558	0.001793354362
123879	0.001419492381
123930	0.001771380625
123942	0.005598331703
124093	0.001542145246
124113	0.001481552826
124154	0.0001149723568
124255	0.0001354303825
124406	0.001743827578
124425	0.0007038717049
124474	0.0004443807308
124489	0.00271244455
124646	0.002860462027
124685	0.006159064604
124702	0.003540192457
124738	1.689672708e-06
124745	0.001308895144
124800	0.001639242804
125099	0.001679283533
125124	0.001397094131
125188	0.001755566047
125254	0.002148948718
125346	0.001295028601
125394	0.0002746114076
125400	0.0004974445299
125463	0.0001330090129
125478	1.980042279e-05
125530	0.001219071515
125803	0.001265586979
125822	0.0006971956595
125823	0.001262417913
125840	9.583333296e-05
125879	6.783331278e-05
125881	0.0005991884844
125981	0.0008461069939
125992	0.0003089170276
125999	0.0003520533024
126064	0.001959640594
126075	0.001306940608
126087	0.0008366173633
126143	7.383978234e-05
126147	0.0008983819285
126200	2.338312339e-05
126319	0.001011399504
126335	0.002590067362
126342	0.0008981185909
126362	0.0006495938253
126631	0.001294507149
126637	0.00147871301
126783	0.0004919982016
126825	0.00320736208
126867	0.003627190686
127025	0.0007306902422
127035	0.0003312519382
127104	0.002032062455
127114	0.000593974446
127188	0.003216932447
127190	0.001432108263
127223	0.0005453111132
127237	0.0005044766445
127259	1.230608084e-05
127292	0.001587798616
127306	0.0003389567736
127504	0.002204748658
127532	0.0004732488853
127568	0.0005954505589
127605	0.0007054362952
127646	0.001114632376
127718	0.001462151388
127857	0.001026801401
128126	0.001065243164
128170	0.001811164936
128244	0.001919575966
128379	0.0008749072515
128615	0.001171998016
128688	0.0004796429775
128696	0.0003906584425
128743	0.0001451061078
128772	0.003036346451
128930	0.002263989171
128967	0.00186184875
129048	0.0003027765559
129298	0.0004945359175
129464	0.002192030863
129531	6.838904491e-05
129666	0.000231638713
129673	0.0007855170853
129820	0.0005203184496
129902	6.362325918e-05
129966	0.000544093168
130073	0.001958173807
130118	0.001136137016
130564	0.00207042079
130923	0.001764946857
130933	0.001135019158
130975	0.0001533439411
131114	0.000448482853
131132	0.0008537311128
131134	0.001318614201
131262	0.0003598452628
131418	0.001501346246
131498	0.001543568968
131504	0.0006545697577
131604	0.001960897398
131675	0.0001677390364
131733	0.001070169962
131783	0.003317624753
131969	0.001197922791
132165	9.955841665e-05
132221	0.001173845763
132223	0.0009937158074
132359	0.002824022491
132380	0.001549393477
132434	0.002109551962
132481	0.001004358425
133001	0.0012007345
133023	0.001908093108
133128	0.002366704555
133196	0.0003400654724
133485	0.0007439686482
133529	0.0004332839158
133691	0.0008186390763
133828	0.001836144919
133870	0.002422332502
133927	0.001468433031
133992	0.009017936455
134009	0.001388152443
134021	0.005857249785
134063	0.005901589345
134071	0.0005964677065
134180	0.0009478640497
134279	0.003572921453
134382	0.007131230068
134433	0.0005297650003
134522	0.001441843002
134574	0.001034669952
134604	0.0007170615822
134667	0.001292156838
134744	0.0002057655751
134800	0.001762151036
134911	0.001434301997
135008	0.001929542316
135085	0.000713830698
135115	0.0005906168007
135400	0.001242800263
135455	0.0007054430853
135549	0.002778079914
135611	0.00284114051
135616	0.0005486516076
135859	0.002823092323
135985	0.0004664039876
136174	0.001161673315
136186	0.001008446759
136355	0.001117784398
136426	0.0008961703002
136453	0.001522838291
136548	0.001770329023
136665	0.0007642556284
136690	0.001567748128
136738	0.001150776084
136900	0.000220437875
137156	0.000157976753
137195	0.00137189471
137413	0.000993157633
137416	0.0003026391938
137511	0.00173476788
137619	0.001233818119
137666	0.00111404753
137678	0.0001844518897
137695	0.006855355868
138039	0.0008351858458
138126	0.0001783172472
138153	0.00121893327
138162	0.0009231474805
138176	0.0007504977048
138231	0.0007767714919
138513	0.002529297115
138521	0.005049792812
138664	0.0007958901623
138722	0.001194657277
138844	0.0009605745326
138880	0.0002247813116
138931	7.1233198e-05
139027	0.0008157727494
139063	0.0005779260643
139091	0.0003868117807
139258	0.00172666291
139302	0.0007231331232
139382	0.002386494061
139507	0.001895416373
139514	0.002533742602
139550	0.0002176770463
139566	0.0006840176308
139590	0.00337213323
139622	0.002322569326
139720	0.001958753838
139804	0.0007985702043
139824	0.0009378342268
139854	0.0007481170457
139978	0.0008858817981
139979	0.001107132598
140063	0.001812281451
140456	0.0002179690026
140566	0.001096489472
140885	0.00170459565
141184	0.0006966274448
141279	0.0006347202976
141768	0.00467338349
141943	0.004400940465
142032	0.0019632251
142047	0.0009659217267
142068	0.001562783818
142250	0.003670352449
142385	0.0003709081111
142393	0.0003070697453
142440	0.0007679258736
142706	0.001333151463
142963	0.001269546923
142994	0.001025179552
143104	0.003468191155
143180	0.001268262149
143208	0.003415064388
143444	0.0003533421327
143452	0.002168767722
143512	0.0008992194393
143521	0.0008689485426
143919	0.001351027669
144148	0.0004710200166
144378	0.001356831908
144380	0.0003712652355
144525	0.001072501111
144581	0.0009278862687
144584	0.001134902175
144645	0.003066369296
144706	0.0007934736427
144717	0.007220479976
144802	0.001317187699
144806	0.0001341188429
144929	0.002816123129
144961	0.001603975677
144993	0.000437296599
145199	0.001063306262
145211	0.0008042313995
145223	0.0025359952
145228	0.003650224591
145349	8.655139551e-05
145566	0.0003183585925
145597	0.001755932293
145605	0.001554138665
145625	0.00098397977
145641	5.194457217e-05
145655	0.001534470578
145688	0.00114069059
145694	0.00111586119
145721	0.00298390199
145815	0.001486701232
145932	0.001071407696
146104	0.001390693079
146136	0.0007705982773
146311	0.0004117633514
146347	0.0001949151215
146422	0.0001638638844
146508	0.001657936639
146589	1.099366996e-05
146698	0.002910252809
146751	7.654472801e-06
146840	0.001889648849
146844	0.0004596305655
146905	0.002179968997
147068	0.002408318001
147091	0.001818147662
147129	0.0006920497016
147325	0.0005714066419
147353	0.002237106942
147400	0.001036919533
147452	0.0004202058121
147602	0.0003622679828
147754	0.0005619674609
147917	0.002098102244
147973	0.0007611045021
148095	0.0008498733874
148175	0.001831085447
148264	0.0009066697644
148306	0.006763135401
148401	0.001967302741
148548	0.001040642767
148584	0.003030471208
148615	0.001002322842
148672	0.002129732823
148687	0.003714838081
148939	0.0008651343678
149039	0.001337998323
149130	0.000822451252
149134	0.0006021722423
149172	0.00119382729
149223	0.003068924821
149230	0.006634243687
149533	0.001331809454
149589	0.0002299672714
149626	0.0008661341388
149709	0.0007116536766
149760	0.001849170855
149830	0.0005317748524
149950	9.835266853e-05
150014	0.001901789555
150061	0.001869277472
150187	0.002168127186
150271	0.0006642540795
150274	0.0003989259456
150484	0.005743561571
150551	0.0003321216249
150645	0.005309335262
150652	0.001165740818
150654	0.002435516469
150674	0.001134841724
150708	0.00172528671
150736	0.0006768682271
150757	0.001398664993
150791	0.001881133906
151092	0.001127516194
151185	0.00597081726
151275	0.001090553644
151546	0.001083503066
151587	0.0006792995623
151723	0.000723344647
151732	0.001743702078
151786	0.0002761341653
151900	0.003307783576
151923	0.0004891981083
151975	0.009604515025
152122	0.000156674447
152168	0.01287680834
152265	0.002403958311
152334	0.001648218045
152340	0.001115714563
152348	7.875181748e-05
152432	0.002472497243
152449	0.0009744879651
152764	0.002221110731
152785	0.0001489577512
152834	0.0008382617542
152853	0.002864607135
153177	0.001983679082
153199	0.0009125422578
153423	0.0002661213179
153460	0.001270106078
153604	0.0004446000875
153732	0.001096518276
153848	0.001343062846
153870	0.0008786314826
153936	0.0008955188754
154018	0.001301970474
154044	0.0005444701694
154067	0.001176094615
154068	0.0005579967171
154132	0.001729548624
154143	0.0002989262233
154190	0.006157905561
154346	0.0006419781772
154363	0.0009192622413
154527	0.0008786103602
154681	0.0005404070818
154760	0.0006501009152
154892	0.0007830379552
154903	0.00139016674
154984	0.0007757827552
155070	0.001858657298
155110	0.001355371067
155132	0.002079811914
155228	0.0002928254966
155231	0.002746376901
155267	0.001766436935
155443	0.0003744912368
155671	0.002922340151
155694	0.00158351014
155885	0.0009490011147
156127	0.000617859584
156293	0.001384915157
156314	0.0007906790821
156340	0.002012332935
156354	0.001449829081
156631	0.0008559209862
156667	0.0006278361523
156674	0.002632059072
156706	0.0005880393479
156784	0.005025640029
157014	0.01078577014
157136	0.01407518439
157414	0.001729037789
157416	0.0002292189151
157481	4.488374043e-05
157482	0.001037925617
157620	0.003263579771
157641	0.0006505754681
157710	0.002661794513
157790	0.001238101829
157843	0.001665568482
157864	0.004478836349
157950	0.0009337295133
157989	0.0002086734882
158062	0.0005099375596
158211	0.001139175803
158401	0.001314829776
158476	0.0009253323063
158479	0.0008475829184
158570	0.0002685963678
158664	0.004239195266
158759	0.0009030003961
158794	0.0005725718736
158849	0.002032975145
158895	0.001543998968
159093	0.00101157168
159107	4.284805517e-05
159121	2.043869359e-05
159212	9.18599309e-05
159299	0.0008620799607
159320	0.002845432314
159555	0.002130456307
159648	0.0015155774
159683	0.0007998146158
159704	0.00122828229
159711	0.001081574436
159891	0.0001624137178
159893	0.002597843429
160014	0.0001900051556
160060	0.0009646830709
160154	0.000847522248
160321	2.77574795e-05
160430	9.936241329e-05
160432	0.0009127523545
160507	0.0004829194417
160606	0.0004145061026
160704	0.0004805280106
160735	0.001051538882
160850	0.001211617938
160886	0.0008176738043
160918	0.001407519775
160970	0.001092504098
161061	0.0004503991965
161063	0.002051380807
161149	0.0006356451336
161151	0.0005588270654
161169	0.001414519952
161204	0.001058906543
161237	0.0003269337334
161294	0.001826465899
161318	0.001105523367
161360	0.0001734444467
161556	7.750285826e-05
161615	0.001781320924
161748	6.617235421e-05
161982	0.0005673216566
162191	0.0007163471683
162268	0.0006689637621
162278	0.0008476149676
162445	0.01148685919
162530	0.0001451694233
162653	0.0006695171484
162681	0.0001009529816
162715	9.22463876e-05
162725	0.002404769882
162821	0.002044925549
162929	0.006497737348
163121	0.001920063081
163129	0.0007849491795
163154	0.006258744587
163229	0.0003916337985
163365	0.001268236755
163454	0.000158578382
163603	2.343122371e-05
163715	0.001060433841
163792	0.002390718056
163858	0.0005531634812
163869	0.001132734795
163944	0.002335233139
164069	0.0006289219842
164147	0.002831004115
164205	0.001734905184
164286	0.0007516740017
164337	0.001739485676
164455	0.0002570436883
164512	0.0007042160089
164517	0.007515036838
164532	0.00310946147
164567	0.0009220004097
164610	0.0008953509189
164685	0.001385074109
164717	5.086913795e-05
164765	0.001137148502
164933	0.0006755723893
164981	0.000494914428
165140	0.005396855771
165258	0.003420697078
165305	0.0009334549078
165356	0.0002308359787
165387	0.003015692872
165464	0.001475658225
165473	0.0001461827135
165479	0.003895709902
165509	0.001633782049
165604	0.001536090697
165673	0.009662412017
165690	0.0008454363347
165747	0.003760552129
165810	0.001477663531
166010	0.0001843218161
166060	0.0002244958243
166131	0.004220058049
166196	0.00122984877
166491	0.0007165784154
166499	0.0005858811236
166508	0.0004732061803
166554	0.003595002442
166594	0.0004658334018
166675	0.0007098006428
166761	0.001753310839
167012	0.004106759536
167659	0.002189066355
167733	0.0002423017564
167899	0.001599713703
167983	0.001219317811
168053	0.001290494798
168224	0.00350390783
168256	0.002962341139
168274	0.001117810033
168279	0.0007416942732
168329	0.0007007616836
168454	0.002433275327
168529	0.000381775434
168717	0.0005464079078
168776	0.002417466673
168816	2.998155619e-05
168830	0.003043160372
168969	0.001916446514
169003	0.001960110274
169130	0.002019991213
169171	0.001150226907
169282	0.000178442093
169340	7.006503334e-05
169492	0.001089829087
169650	0.000986435313
169715	0.001466055092
169771	0.001303606165
169821	0.0006614165378
169823	0.002210047371
170051	0.002575738281
170208	0.004960298631
170305	0.0002202409232
170315	0.0006503829656
170362	0.001196450083
170426	0.0009137447356
170633	0.0004141152682
170828	0.002015737038
170857	0.000848974105
170878	0.002932810436
170958	0.0005135402794
170959	0.0005719229831
170977	0.0001460633576
171000	0.003077204142
171029	0.003180988488
171309	0.001182334682
171492	0.001424136671
171549	0.0003899313319
171798	0.0001293138073
171846	4.990219185e-05
171960	0.001852797199
172012	0.001240816749
172073	0.0005120888847
172103	0.002495968562
172228	0.00261056053
172276	0.002090544805
172290	0.001628144299
172477	0.0006811253825
172616	0.001037785693
172733	0.002894866162
172768	0.001968619779
172808	0.0005663689252
172820	0.0005417985601
172901	0.0007038761277
173005	0.0002822149623
173074	0.0002183475093
173175	0.0006882508719
173231	0.0009614138653
173237	0.001836665268
173317	0.0005486026412
173320	0.000846209073
173334	0.00068465292
173380	0.0001152764874
173483	0.0004801922116
173561	0.001427419603
173563	0.0005239008455
173602	0.002879402957
173762	0.0003426352481
173855	0.001217745406
173913	0.001018548869
174108	0.001490473941
174207	0.0007215044183
174388	0.0006981921941
174608	0.0009433131922
174653	0.002290294917
174683	0.001974663818
174746	5.310147147e-05
174871	0.0008934899576
174916	0.002055544583
174973	8.497847085e-06
175052	8.355263222e-06
175084	0.002051588845
175148	0.005297624368
175197	0.0005243059864
175241	0.0002403637305
175521	0.0006341055054
175545	0.0001639874704
175586	0.0002646061389
175598	0.0003560606166
175692	0.000827117844
175797	0.003170515984
175854	0.001439148428
175917	0.002161794908
175970	0.007096970441
176006	4.005883213e-06
176127	0.0008952351057
176223	0.001180053284
176301	0.001436968592
176359	0.0004459406213
176559	0.0005114977099
176717	0.001083704643
176780	0.0005489371355
176782	3.045659781e-05
176795	0.0002687705193
177194	0.004488098596
177423	0.0001588725797
177449	0.0005559746834
177490	6.388343789e-05
177538	0.002678416988
177793	0.001293019756
177860	0.0006082970085
177897	0.0002638648349
177957	0.0009929866958
177981	1.644808691e-05
178007	0.0006467646598
178042	0.001184630771
178210	0.001430216497
178264	0.0006714506443
178343	0.0008979596933
178395	0.001665120693
178534	0.001242724284
178588	0.003586888071
178627	0.0006476830348
178718	0.001785432274
178805	0.0009576003326
179030	0.001066471731
179096	0.0007998843192
179297	0.001476998367
179513	0.0006114788286
179681	0.0005442447468
179792	0.0004296691772
179825	0.001487074105
179837	0.00120964008
179959	0.001073978944
180080	0.001980298679
180137	0.0005370607072
180240	0.0002720648333
180378	0.0009941437666
180700	8.763029481e-05
180794	0.001976779484
180941	0.0005447707086
181049	0.001531964435
181078	7.222584719e-05
181098	0.002177953993
181172	0.006202756079
181222	0.001597623997
181224	0.003114366875
181234	0.0007786692937
181265	0.001735351687
181412	0.0003136799111
181472	0.001846887286
181525	0.000577100913
181626	0.001534560673
181667	0.000853506271
181734	0.001507857873
181863	0.001157149797
181913	0.0002018607686
182204	0.001581047904
182617	0.0004021107471
182618	0.001182849638
182692	0.0006072390295
182757	0.0003902628392
183010	0.001606827515
183015	0.002928651267
183028	0.002723827056
183247	0.002117153044
183542	0.001298760508
183644	0.000256324594
183657	0.002262822109
183671	0.002567522402
183940	0.001735529773
183992	0.004588230319
184229	0.001786392566
184235	0.0007461416137
184525	2.966887396e-05
184560	0.0005705525361
184567	0.007896045574
184611	0.0002417790228
184802	0.0008348677645
185046	0.001829237576
185052	0.0009175743365
185133	0.000999868232
185388	4.317173078e-05
185453	0.0008448610005
185471	0.001145402839
185549	0.00150504666
185696	0.0005489054946
185768	0.0009056279133
185842	0.0005714017157
186038	0.0001839519495
186050	0.0008483058135
186226	0.0003883701556
186287	7.066351543e-05
186480	0.001148999331
186542	0.0001734499804
186689	0.001920574345
186809	0.001149567489
186933	0.001101473841
187076	0.003489442214
187114	0.001660449049
187131	0.006314728205
187195	0.0008550156202
187444	0.001682810591
187464	0.0003123130124
187509	0.001946999863
187520	0.003036266163
187558	0.001566499167
187611	0.002458607906
187684	0.006943293863
187723	0.001230731717
187831	0.001959345634
187850	0.002082568936
187858	0.001101697965
187861	0.0001425675663
187879	0.00129308869
187904	0.001699089858
187945	0.002561712973
187957	0.0008764322161
187994	0.00513993312
188000	0.000866695631
188008	0.000677040539
188125	0.002054265364
188127	0.0008195913236
188211	0.002244167934
188315	0.001265798779
188316	0.001716804979
188496	0.0004995784036
188567	0.001019175593
188620	0.0003081833969
188843	0.001149515276
188856	0.0007237886349
188985	0.0005983289707
189205	0.001101340711
189357	0.006132809178
189372	3.649258391e-05
189506	0.0003334616577
189544	0.001005500379
189545	0.0007464268264
189655	0.002236621594
189694	0.001006906096
189785	0.001661417661
189788	0.0008189664501
189818	6.811431343e-05
189824	0.0004122670201
189990	0.0007029940532
190020	0.002762895608
190023	0.009289586245
190060	0.001726482037
190069	0.0007840550871
190263	0.0004589949251
190330	0.00150388275
190340	0.002068874058
190360	0.0003199021109
190410	0.0010874344
190713	0.00127008049
190840	4.575669193e-05
190876	0.006559534482
190937	0.001672409766
191003	0.002045104103
191050	0.001033621601
191208	0.003259899156
191453	0.001081032686
191456	0.000578189345
191522	0.00189236544
191919	0.0001720275524
191925	0.001239736513
192052	0.0002393838991
192199	0.001798698258
192224	6.943527828e-05
192305	0.003818228448
192360	0.0001072861336
192410	0.002085361707
192616	0.001302646908
192760	0.000259150965
192795	0.0007209248919
192955	0.0007723850697
192957	0.001422764936
193015	0.002073169061
193044	0.0006338773253
193241	0.0009698373242
193261	0.0004934680404
193277	0.002136215218
193289	0.0007497545247
193436	0.0009004843587
193452	9.370311546e-06
193550	0.0004024691649
193674	0.00343617232
193914	0.000881499136
193959	5.624143003e-05
194007	0.001500148652
194201	0.0006841716726
194217	0.001804194338
194515	0.001264653346
194563	0.001479233893
194680	0.0001245272354
194782	0.001302231258
194839	0.0001869887523
194917	0.0001048567134
195042	0.002578864073
195132	0.002221021009
195215	0.0006669685649
195242	0.000956058513
195358	0.0005887478053
195460	0.001709859507
195486	0.0006332523338
195567	0.0004220441094
195572	0.0009471528428
195692	0.001789852182
195809	0.0002111784421
195929	0.0007838046737
195957	2.056342923e-05
195965	0.001394534864
196042	0.0008160277305
196264	0.0003802705408
196275	0.0005964489244
196305	7.583793522e-05
196308	0.000169613131
196403	0.0005812268249
196407	0.0004422717894
196883	0.001225281372
196889	0.001075257309
196923	0.0005411348212
196928	0.000389325434
197072	0.001276125593
197200	0.003075659317
197217	0.0008774645165
197354	0.00111110138
197432	0.006398373808
197600	0.0008905190466
197648	0.002203160186
197689	0.0006971782626
197703	0.001804121975
197777	0.002621365346
197816	0.0003197090816
197936	0.0009616945802
197960	0.001005101813
198054	0.0006113196499
198103	0.0006767507349
198227	0.00126914955
198300	0.0004650574453
198310	0.004764532519
198442	0.002294722662
198510	0.001677804162
198549	0.0008753352143
198613	0.0006200841542
198742	0.001920482885
198770	0.0005076830345
198771	0.0005555928193
198867	0.0005611440326
198877	0.001145075482
198937	0.00343281012
198946	0.0001196729533
199006	0.0004723778674
199042	0.002334031226
199128	0.002001954551
199135	0.0004343940472
199164	0.001021544369
199275	0.0009422758812
199375	0.001497259077
199389	0.001824449461
199479	0.0004156361712
199791	0.001550989996
199941	0.001987568282
200281	0.0009560458503
200305	0.00101205176
200457	0.0006360954909
200519	0.004723756221
200606	0.003186280929
200684	6.855791376e-05
200946	0.001721469042
201028	0.001614126416
201361	0.0007951172344
201374	0.0002711399741
201515	0.001442189611
201528	0.0006532434776
201987	0.003849555906
202019	0.007822566088
202183	0.0004368050831
202820	0.004365331862
202853	0.0007810413059
203045	0.00028760023
203078	0.006611839754
203169	0.0008730226463
203253	0.003296274313
203538	0.0003900920887
203539	3.743837651e-05
203576	0.001797258149
203738	0.00357893905
203795	0.002596310111
203802	0.0003204758209
203909	0.0003945093504
204030	0.0007484190661
204238	0.0002980100963
204370	0.001688588732
204666	0.0001904402061
204806	0.0004045584155
204954	0.0008148469086
204968	0.0005077273323
205022	0.001278981297
205083	0.0002213011279
205110	0.0009497851824
205200	0.0002494220279
205258	0.004423434184
205281	0.0001207874788
205299	0.0003906112987
205352	0.0004449319148
205361	0.0005541424863
205450	0.0002352532458
205553	0.001166663207
205752	0.002042920951
205875	0.0106010748
205897	0.003837929995
206004	0.001875898454
206076	0.002087193426
206120	0.004186778145
206145	0.0004809735911
206223	0.001399102458
206273	0.001766523031
206330	0.001013025229
206353	0.0007719535693
206510	1.763969477e-05
206605	0.0007282025223
206629	1.878864661e-05
206660	0.002407186458
206971	0.001642871629
207008	0.001125006351
207032	0.0006201238326
207147	0.001205139565
207151	0.002934262486
207165	0.004723492899
207259	0.003074946988
207268	0.000767412372
207372	0.00047228786
207502	0.00161726393
207572	0.001182790032
207604	0.0007097163002
207671	0.000793309036
207679	0.0003685011976
207813	0.00207628908
208052	0.006570467022
208083	0.0006751035585
208097	0.001248829159
208181	0.0002365935329
208258	0.001222034922
208364	0.0005106500326
208472	0.003022466468
208479	0.0004974861516
208652	0.0008437649637
208742	0.0007311774869
208753	2.612323408e-05
208951	0.001475320486
208963	0.002109759591
208968	0.0008974834106
209024	0.001891069958
209190	0.001077538061
209319	0.001496858509
209346	0.0009227005742
209366	0.0008553067893
209463	5.590574679e-06
209482	0.0005076581367
209518	1.237316987e-05
209695	0.000745817697
209899	0.001954875048
209912	0.001339912192
210006	0.0017547009
210010	0.001167046939
210302	0.0009529402546
210535	0.0003574474167
210942	0.0003442107054
211353	0.001458835791
211612	0.0005016047185
211675	0.0002795607032
211681	0.002560005456
211775	6.793329314e-06
211794	0.001094693394
211935	0.001305035722
212056	0.005012907735
212390	0.0009499488509
212439	0.001285609242
212527	0.0013966899
212529	0.002904286377
212556	0.0001515811595
212617	0.002661012304
212648	0.001367944299
212679	0.0007391345365
212718	0.007667795741
212795	0.001587293812
212883	0.0003541885984
212933	0.0003197166525
212985	0.001339320041
213040	0.001831854245
213105	4.132588366e-05
213126	0.002522145931
213141	0.0003196565166
213194	0.0005960089358
213365	0.001328006611
213532	0.0007112227231
213566	0.0001312689232
213634	0.001495945999
213749	0.001265067518
213936	0.00140748566
213992	0.001166723349
214311	0.000672315296
214323	5.071635774e-05
214331	0.0035329871
214374	0.0002342483861
214375	0.00241591654
214567	0.0002802498927
214591	0.001009127252
214607	0.002159005094
214652	0.0005722803696
214854	0.001546844497
214941	0.001200992348
215050	0.001052174954
215099	7.44510217e-05
215164	0.0001525777911
215184	0.001579299439
215404	0.00152472395
215530	0.0001695302085
215531	0.00230428282
215640	0.001445634108
215720	0.0005690447515
215767	0.002709700121
215786	0.0008759172172
215873	0.001100999165
215884	0.0005560242972
215975	0.0007570354909
216044	0.000216368761
216128	4.102996814e-05
216171	0.001611143854
216180	0.0007461127407
216252	0.00225851961
216270	0.00288444107
216311	3.483743747e-05
216648	0.001701016048
216667	0.001907029846
216717	0.0005758197289
217035	0.001307995205
217413	0.0007656004297
217472	0.006676013746
217480	0.0005606590211
217568	0.001441134282
217651	0.002728332391
217771	0.0007591874948
217867	0.001512190145
218157	0.00069467269
218215	0.001455468975
218295	0.0005974296019
218356	0.004064715387
218490	0.0006956650012
218522	0.003237201795
218528	0.001492142224
218617	1.062555937e-05
218640	0.0001672099078
218772	0.002050058947
218798	0.0001356290796
218838	0.0005340282919
218910	0.0001579869488
219009	0.001718773949
219079	0.001097131643
219087	0.0009759216829
219170	0.002498007897
219575	0.001726039854
219628	0.001112910736
219729	0.0006717444989
219773	0.001370070842
219861	0.0007435061887
220241	0.00046526994
220329	0.002567384082
220476	0.001909175538
220542	0.0003422094203
220603	0.0006779426301
220624	0.0005703404614
220653	0.000705829539
220691	7.368968234e-05
220724	0.0008185359084
220874	0.001175959989
220881	0.000586423217
221000	0.00046267867
221156	0.001277577143
221202	0.0008705531719
221208	0.0004895374813
221261	0.001699684444
221777	0.001625564882
221786	0.0009175380359
221836	0.003382304218
221907	0.0003969733031
221933	0.0001143863712
221970	0.001173567843
221995	0.003911812949
222162	0.001177367794
222173	0.001491132895
222214	0.002089363157
222275	0.006128455443
222311	0.004826380373
222324	0.00240741458
222456	0.001041858232
222472	0.0009451309043
222495	0.0002724739883
222701	0.001358760755
222708	0.001362029218
222798	0.0003834443289
222845	0.001194821692
223013	0.005021135524
223018	0.00043023178
223032	0.001546180795
223287	0.0002136342525
223383	0.001200134032
223390	0.009429072949
223420	0.001796221952
223473	0.0005636381807
223508	0.001855852971
223704	0.001650652578
223708	0.0002549257178
224052	0.000200746879
224078	0.001156639805
224115	0.002279401862
224213	0.001643118907
224392	0.001657918474
224393	0.001406699679
224413	0.0005006799621
224420	0.001024352004
224674	0.00607027001
224710	0.002013650871
224795	0.0002425883335
224806	0.0007969264919
224902	0.00160333023
224955	0.0009926400745
224963	0.002619738313
225032	0.0004007662865
225056	0.002427757988
225087	0.0008621386412
225107	0.0009458330006
225169	0.0006489549876
225215	0.0008336044236
225221	0.0007680091819
225255	0.001771212352
225275	0.0004328265912
225484	0.001417698746
225885	0.0005614527473
225965	0.0011049464
225986	0.0002614453069
226004	0.001851892143
226063	0.001561754457
226095	0.005111778015
226145	0.0004272080083
226172	0.001605889521
226188	0.003226975333
226544	0.003802864978
226845	0.001532366217
226960	2.459467337e-05
227031	0.0007049823995
227362	0.002300328966
227408	0.0007647038229
227427	0.0008552637985
227600	0.001818190979
227669	0.0005372424935
227744	0.001196480559
227799	0.003139427788
227801	0.001102631924
227842	0.00175986724
227934	1.295787227e-05
228027	0.0004956707071
228139	0.001534331126
228151	0.0004034056033
228278	0.001372001468
228435	0.0009003478749
228444	0.0007887982303
228603	0.007313885635
228671	0.001128111407
228673	0.00114870036
228790	0.003678065607
228889	0.0002351356291
228933	8.317369354e-05
228966	0.000309883622
228975	0.003501422826
229027	0.001463119993
229105	0.0008371529229
229115	0.00185711964
229116	0.0002412981091
229218	0.0002921696641
229281	0.001180578209
229304	0.00150810422
229306	0.001141017037
229488	0.0002963848828
229735	0.003509123263
229773	0.0004941157673
229995	0.001148091421
230009	0.002339433483
230163	0.001763977423
230319	0.006622555666
230325	0.001395739356
230335	0.001371363656
230359	0.002910775521
230369	0.002177481874
230547	0.001065224977
230599	0.0002448904064
230650	0.0006462844412
230810	0.0007853472069
230824	0.0008529325581
230990	0.001788444407
231026	0.0004565990383
231027	0.001340770457
231102	0.003444075458
231152	0.001789811959
231282	0.00336083447
231335	0.001042810991
231344	0.001191691899
231378	0.0005943402539
231542	0.01628175967
231601	0.001606916665
231748	0.001062637847
231792	0.0002507152894
231812	0.0005464984977
231936	0.005360930401
232041	0.0003679719226
232058	0.002491518312
232104	0.0006394781408
232118	0.002074651848
232255	0.001527868893
232264	0.001131599814
232450	0.0004876787359
232514	0.001662737879
232633	0.002091472243
232708	0.0005903092643
232795	0.000684652845
232832	0.002322291342
232878	0.0041546718
233057	0.0035852032
233219	0.0003510051287
233229	0.0007194120879
233304	0.001671599796
233373	0.0003997344771
233376	0.0006554440626
233378	0.0006661310662
233418	4.414482712e-05
233521	0.002310159574
233529	0.00257056531
233568	0.0001633970787
233632	0.0004320565686
234039	0.002884172376
234185	0.000593396393
234346	0.0008976223815
234373	0.001692276919
234469	0.002847462128
234524	0.008942388934
234942	0.00105942228
235369	0.001128314136
235374	0.002183917879
235446	0.007172242439
235482	7.727045726e-08
235510	0.004018927539
235567	0.002382048748
235683	0.0004284941239
235715	8.326534925e-06
235820	0.0007896912575
235829	0.001342992954
235854	0.002295450934
235921	0.001461997934
236120	0.006131334461
236267	0.001119805597
236301	0.002245140041
236349	0.001119704733
236385	0.001051639245
236394	0.009696351652
236411	0.0002067238048
236554	0.008575499571
236562	0.0002489862049
236615	0.001563140361
236718	0.00126024291
236853	0.003132728453
236938	0.0003212908585
237100	0.0006169087066
237272	0.0004709880522
237275	0.0001732327833
237280	6.602116913e-05
237313	1.756285171e-06
237473	0.001246206171
237697	0.004934254808
237775	0.0005972887819
237821	0.0008062512941
237958	0.001599737168
237972	0.001209358146
238496	0.002159129018
238513	0.000220009555
238569	0.001728692988
238597	0.0003487995636
238618	0.004287893762
238619	0.00102122563
238712	0.0001742808031
238745	0.0009320382625
239245	0.0007072333387
239277	0.00160063444
239312	0.0009747805323
239428	0.001998453466
239517	0.001450870795
239528	0.00126335306
239720	0.0009786538991
239736	0.0009938348856
239753	0.002265846236
239779	0.001657917706
239850	0.005960901163
239887	0.0002020282158
239895	5.317482215e-05
240053	0.0009384165503
240082	0.0005863028305
240177	0.002248608806
240223	0.002782132987
240281	0.001860166661
240312	0.002006178566
240413	0.0006742430778
240426	0.00177475377
240520	0.001607019357
240598	0.0002859282932
240654	0.00137228605
240666	0.0002052792027
240745	0.001100670913
240757	0.001642862469
240925	0.003715616625
241079	0.001027318382
241235	8.04037343e-05
241558	0.005432809472
241565	0.0004318734293
241600	0.001768741366
241605	0.001173643903
241641	0.0002634815388
241735	0.01089229516
241785	0.0007990093023
241804	0.001377476223
241847	0.0008287881774
241854	0.002587977555
241952	0.00269630688
241994	0.0002691536381
242009	0.00208908752
242048	0.00814076216
242322	0.001847373066
242346	0.002128387977
242402	0.001121860711
242556	0.0001613628582
242731	0.008467777321
242751	0.001451531568
242835	0.002579373252
242887	0.0006732824502
242896	0.0007007223499
242987	0.0004863431809
243123	0.001159932054
243151	0.002511167939
243171	0.0001180270814
243315	0.0006264735588
243330	0.002119617037
243377	0.001657239498
243493	0.002387211566
243686	0.001073473626
243881	0.0001141148906
243975	0.001777966478
244164	0.001408992077
244240	0.001414040928
244253	0.006049327776
244339	0.0007443470116
244373	1.11635256e-05
244431	0.00160922876
244596	0.0006138646567
244632	0.0007882885111
244664	0.003075639886
244919	0.001401397556
244944	0.0007907401013
245155	0.0003916738188
245245	0.0007542475288
245270	0.0001238338663
245315	0.0009994640411
245317	0.001136796217
245345	0.001188567023
245384	0.006290266218
245405	0.00154957884
245490	0.0005558494799
245665	0.0003374894483
245735	0.0009542698954
245770	0.0004020366335
245837	0.0004844119601
245985	0.0005120797976
246002	0.0008551881473
246028	0.005223021522
246101	0.001143353184
246256	0.001318821408
246354	0.0007078657649
246424	0.0008472827522
246507	0.001149195987
246926	0.0002781731476
247112	0.002954319449
247183	0.001789460041
247490	0.001210108053
247575	0.0007525751364
247576	0.002315482096
247599	0.001948419421
247755	0.006488322025
247819	0.0001853018207
247822	0.001431700629
247887	0.0001880535988
248136	0.002614616206
248210	0.0005029939735
248224	0.001238047345
248239	0.001711233932
248303	0.001861083231
248496	0.001390318264
248990	0.003110558615
249046	0.002061638684
249063	0.001151488485
249137	0.0009140239062
249152	0.002062854387
249228	0.006525189324
249295	0.0008462904399
249354	0.0005597699558
249443	0.00264499218
249475	0.001343937927
249587	0.0006633691293
249631	0.0004526250254
249873	0.0008090252742
249875	0.006751774649
249987	4.883188289e-05
250017	0.003042222556
250084	0.003563509172
250107	0.0003350482356
250179	0.003676677744
250182	0.0006792348551
250206	0.001167984981
250207	0.002110564208
250216	0.007012135543
250410	0.0005218372364
250460	0.001638486213
250608	0.0004102991934
250822	0.0007498113163
250936	0.00373791614
251088	0.0002866739614
251150	0.002239682881
251184	0.001709945155
251303	0.0003177023199
251422	0.0007326466285
251503	0.003210125212
251507	0.0003529829501
251517	0.001692669918
251526	0.002331782849
251584	0.001865795844
251642	0.0002236977969
251672	0.0006441399756
251804	0.002438449349
251840	0.001993730643
251891	0.001972162336
252005	0.005488629139
252034	0.0001899979886
252161	0.001033303893
252186	0.00170638539
252297	0.006637074614
252305	0.0005717078034
252346	0.007492151829
252501	0.0007070858742
252515	0.0008279871094
252652	2.436428405e-05
252729	0.004527028646
252767	0.001183174626
252901	0.002698438676
252944	0.0003949249474
253025	0.0009512288349
253059	0.001356729818
253222	0.0009133094001
253320	0.001367933933
253334	0.002378889915
253369	0.0005274882178
253374	0.0005507635555
253429	0.0009021336079
253438	0.0009500418483
253537	0.0006681836111
253540	0.002233571171
253611	0.003924583655
253666	0.001389848483
253760	0.00066414947
253824	0.006735146004
253960	0.001042117334
254149	0.0003373882933
254179	0.0004474003985
254275	0.0042563692
254314	0.008243565714
254323	0.0006442007902
254337	0.001449272211
254395	0.0005799239807
254598	0.002477259759
254673	0.002886035481
254740	0.001843846007
254773	0.002186497438
254829	0.002419870089
254938	0.0005045804677
254967	0.001448732764
254983	0.000366275837
255111	0.001948329504
255175	0.0001209710133
255289	0.001070692304
255318	0.00357639906
255328	0.0002083700997
255330	0.0005178639928
255340	0.003073238242
255853	0.0005142219486
256041	0.000487577392
256178	0.0009984514453
256185	0.0007580423413
256356	0.0001511202952
256441	0.002750185504
256515	0.0007074140485
256818	0.001758359225
256862	0.0007707726584
256944	0.0006188632291
257055	0.0002106736194
257058	0.001311526373
257084	0.001273479417
257086	0.0001527666948
257213	0.0009412228273
257260	0.0007785606139
257317	0.001328020217
257356	0.0007819979529
257383	0.001534514833
257425	0.0008502775066
257478	0.0008016015452
257603	0.0007578326507
257611	0.001170170628
257635	0.0008038086816
257786	0.001096735453
257805	0.001085992911
258240	7.584190541e-06
258435	0.002693905595
258476	0.0009957210307
258573	0.0009293271862
258670	0.001492414756
258689	0.0004519328402
258759	3.302516423e-05
258771	0.0005826892765
258849	0.002524191706
258910	0.002683337679
258956	0.0006017954072
259181	0.0004099868426
259249	0.002253032775
259347	0.002704339503
259614	0.0003434821326
259689	0.002012519147
259742	0.0003421682008
259752	0.0009982882325
259802	0.001192555973
260052	0.0004839860282
260068	0.0006490067128
260092	0.00149602723
260430	0.0005057240417
260448	0.0006511558732
260488	0.0002405105713
260555	0.001035081799
260614	0.0006380952441
260650	0.007492048038
260786	0.0007060666888
260834	0.006133962803
260872	0.001278584193
260907	0.0006681487474
260931	0.0002740258358
260971	0.001324000304
261031	0.0003999607411
261116	0.001196043176
261258	0.001649484876
261405	0.0009696873975
261496	0.0005119953807
261497	0.002874047079
261553	0.002251316599
261566	0.003608480552
261813	0.003345561072
261819	0.00424714087
261833	0.0009730223753
261945	0.0003618012254
261979	0.002444374106
262015	0.0002242916638
262024	0.001076065616
262056	4.986082943e-05
262149	0.005889015021
262223	0.006260446726
262229	0.0001790306431
262306	0.001427415426
262408	0.0006683777547
262434	0.0004176762368
262449	0.0007936339727
262667	0.0002777241957
262701	0.001880715199
262808	0.0007275393691
262831	0.004229291845
262865	0.000474341936
263037	0.001535660819
263149	0.0007724159403
263229	0.001885412067
263239	0.002079641475
263343	0.003465319443
263344	0.004329599819
263347	0.003612032121
263367	0.000320685277
263424	0.002033000024
263459	0.0009129763089
263594	0.005670587628
263596	0.006025833353
263748	0.006582673361
263792	0.004997142934
263828	0.0008431397594
263949	0.0007403097759
264001	0.0009227442256
264109	0.00248528419
264187	0.0006999229648
264211	6.508989257e-08
264224	0.001951528744
264293	0.001386679267
264395	0.0009635769159
264398	0.0006796036121
264438	0.004479681875
264482	0.001693897273
264484	0.000894133288
264485	0.001662290263
264542	0.0009766258478
264627	0.001188113072
264728	0.002844603627
264848	0.0006272924881
264925	0.003141320733
264944	0.00599476447
265144	0.0006964947567
265209	0.006012234083
265397	0.002589294925
265401	0.002784087032
265447	0.0005647951147
265555	0.003697189227
265585	0.0007559319259
265601	0.0005290740327
265792	0.0002480776635
265986	0.00139367883
266167	0.002290583004
266367	0.0008477768942
266368	0.0007480660513
266416	0.003389117837
266436	0.003129168589
266574	0.001009911415
266741	0.0002783070993
266798	5.078439937e-05
266937	8.30190809e-05
266948	0.001532146093
267062	0.0006808197871
267129	0.0004841867672
267233	0.002258184968
267288	0.007237178004
267405	0.001477012656
267445	0.0004938111914
267465	0.0001107692779
267479	0.0005529315393
267672	0.001044606249
267751	0.003706698299
267808	0.00508178112
267906	0.0027827546
268039	0.002723301707
268105	0.001137148558
268170	0.001141088393
268221	0.001080165927
268257	0.0004013608143
268346	0.001499819216
268529	0.00090979163
268620	0.001740990852
268902	0.001116387573
269015	0.001895552204
269059	0.001004497938
269069	0.004468735928
269085	0.0001476010851
269091	0.0002928268786
269107	0.0002499879814
269143	0.0008644871513
269185	0.001222067423
269269	0.000353152366
269283	0.005483443173
269318	0.001046826219
269366	0.0001982334754
269404	0.00242630779
269467	6.145271569e-05
269526	0.0001898522034
269545	0.001085126314
269591	0.0003622734098
269650	0.001392487839
269657	0.0007471414097
269760	0.003079583672
269792	0.0008560098999
269895	0.0003396079006
269997	0.006185021538
270009	0.001144241393
270120	0.001832999202
270196	0.0002006979097
270206	0.0002941327041
270303	0.009988017074
270557	0.0137193704
270560	0.002217897826
270568	0.002785195536
270588	0.002510678006
270638	0.0001819646632
270669	0.003185772771
270783	0.001428087635
270865	0.001937797798
270963	0.001624344916
271047	0.000455241922
271194	0.0009858564188
271266	0.0003375786404
271278	0.002115957619
271393	2.176823178e-05
271465	0.001481298382
271472	0.001481911765
271502	0.002903248833
271727	0.0008147356453
271865	0.001304204568
271887	0.001252263275
271958	0.001584967208
272284	0.000503756793
272361	0.001753357205
272496	0.0007376415761
272556	0.001893933599
272821	0.0003553770669
272855	0.000476279206
272876	0.0007934179675
273027	0.003405859718
273139	0.001212934534
273203	0.001976292988
273206	0.001524898933
273274	0.001053145698
273340	0.002171723329
273395	0.001138095665
273552	0.002173060151
273787	0.002440766582
274057	0.000812406866
274123	0.002311051885
274176	1.393475633e-05
274407	0.0002489961672
274485	0.00112584867
274536	0.004329249382
274574	0.001461316229
274604	0.0006045776251
274798	0.0006173042947
275041	0.0003255476818
275103	0.0008468936829
275224	0.002033795543
275525	4.811674983e-05
275549	0.001158643522
275568	0.002824458624
275637	0.005414264728
275641	0.0007303948992
275727	0.001179751052
275880	0.0001457442376
276111	0.0004272055234
276157	0.001432470272
276182	3.120640202e-05
276189	0.0006881464543
276262	0.001227575588
276268	0.006160438562
276278	5.66145034e-06
276340	0.0006476215759
276438	0.0002540413312
276465	0.000935264189
276466	0.001683522431
276554	0.001349832126
276677	0.0002112808187
277110	0.001652737826
277134	0.002084382194
277222	0.001310916977
277261	0.007719963666
277304	4.960220838e-06
277310	0.0002544193731
277317	0.00065343441
277439	0.00124035684
277577	0.0001526201427
277617	0.00145327089
277636	6.261295668e-05
277679	0.0004623189927
277761	0.001063252126
277816	0.0004647689496
278244	0.001050642882
278263	0.001512144068
278475	0.001168034108
278627	0.00281579125
278644	0.001386732727
278862	0.002933339202
279296	0.002925954727
279303	0.0006987578714
279469	0.001112234316
279594	0.003812840089
279709	0.00016568227
279713	0.002415632877
279745	0.002613630696
279746	0.00190368316
279770	0.001137825446
279808	0.0002856037647
279905	0.002928654591
279979	0.0008456700275
280023	0.0009281474061
280049	0.002601773653
280162	0.001849258053
280210	0.0005854114309
280337	0.002320217333
280568	0.0005870108722
280697	0.0002372586396
280981	0.0002113370253
281324	0.0002576863946
281407	7.110010514e-05
281546	0.001903040215
281558	0.001085677362
281648	0.0006829326083
281713	0.0001946143084
281753	0.006124463882
281777	0.0004837306155
281868	0.0004151842792
281911	1.422842213e-06
281920	0.001057365983
281998	0.001230191518
282006	0.001169983725
282064	0.002638525055
282092	0.002583579095
282097	0.001496655664
282100	0.0005312791956
282101	0.002991554189
282103	0.007671598269
282118	0.0002625415701
282205	0.0007683348703
282220	7.113946434e-05
282283	0.003279787479
282468	0.00775679318
282565	0.0007029676405
282665	0.00110210028
282774	0.0005983296481
282851	0.002618591986
282918	0.0006137596669
283203	0.000422481827
283434	0.0003439859332
283868	0.001273473897
283876	0.0008722284966
283969	0.0003266652233
284144	0.0003818566956
284149	0.0008612804141
284161	0.001238756875
284279	0.001416652877
284598	0.0007394790496
284679	0.0005610927361
284737	0.00103982855
284834	0.0004785075567
284957	0.001804307125
285101	0.001173720222
285151	0.0006054933477
285206	0.0009583380802
285207	0.0009392870646
285251	0.00128911223
285295	0.001237128803
285399	0.004242175024
285515	0.006277516212
285516	0.004744110259
285532	0.003466033509
285614	0.002214627976
285626	0.001631517287
285739	0.0001186176857
285873	0.0009200883743
286070	0.0008304125186
286280	0.0006539143711
286289	0.0008347295463
286354	0.0008384919171
286375	0.0007897977482
286571	0.005973920884
286659	0.001151386727
286813	0.001081870377
287026	0.001125387731
287217	0.00122872289
287514	0.0005353790537
287563	0.0005876721464
287624	0.0003812540992
287787	0.0009891502184
287984	0.005356344746
288180	2.756030031e-05
288187	0.0009608688355
288326	0.0004105093802
288475	0.0001255630657
288556	0.0009974114282
288673	0.0003064485437
288701	6.812945999e-05
289081	0.006240337719
289122	0.001635096538
289170	0.00153784809
289409	0.001096867201
289444	0.002974406417
289454	0.001188471385
289501	0.0002671541142
289595	0.0004321440749
289738	0.001604163873
289796	0.001834260626
290020	0.0005416066363
290023	0.0005429812857
290032	0.001322542339
290094	0.0003879752587
290283	0.003924995941
290356	0.001039564009
290401	0.00120016365
290464	0.001072310163
290826	0.0009074010857
290848	0.0005421889825
290874	0.001959224091
290911	0.001686988792
291179	0.002890742524
291181	0.0005474485187
291389	0.00209711411
291440	0.002075242134
291645	0.0002830251641
291739	0.0006074220342
291843	0.002665970284
291911	0.0003742896632
292380	0.0001022507816
292402	0.001685155228
292452	0.005372340278
292654	9.274561721e-05
292803	0.001873754903
293045	0.003075484866
293048	0.000547786483
293057	0.002598967029
293148	0.001616775996
293212	0.003479229443
293523	0.001951469609
293529	0.001429114199
293595	0.0007704172729
293871	0.001492699584
293878	9.748257175e-05
294082	0.00018848819
294348	0.00489347951
294494	0.0002137530752
294588	0.0007852551934
294609	0.002794918244
294668	4.266435642e-08
294723	0.0005069442378
294907	0.001238813247
294985	0.00221620093
295284	0.001020617555
295285	0.001476866877
295515	0.002901305196
295572	0.002253635704
295629	0.002006044146
295695	0.00145072187
295855	0.0007673620959
295898	0.0001132636809
295933	0.004427066165
296081	0.005142469684
296143	0.001577068664
296174	0.0065708575
296520	0.002152429768
296758	0.001543924416
296824	0.0004997531271
297068	0.0008663147632
297073	1.40422042e-05
297118	0.0001691156423
297155	0.001417500819
297198	0.003798427868
297221	0.001318987575
297320	0.001898143605
297700	0.002645188416
297712	0.005951852235
297759	0.004151382002
297767	0.001105792182
297784	0.001373072571
297830	0.000960432424
298108	0.001262942837
298253	0.0008818569531
298260	6.800317985e-05
298487	0.0001446958727
298511	0.002771552286
298528	0.00019283716
298564	0.001131406245
298663	9.72077578e-06
298679	0.001526479083
298944	0.0006636292282
298960	0.001554061334
299225	0.003134759512
299338	0.0007314131256
299364	0.001832305591
299374	0.001396179603
299400	0.003872200234
299521	0.002583299109
299537	0.002113473229
299553	0.0005519696191
299557	0.0003069941994
299636	0.001606672643
299681	0.001715100803
299752	0.0005779614065
299862	0.00188747149
299910	0.0005805548371
300028	2.154022159e-05
300142	0.002737204024
300174	0.0003373510138
300276	0.0004284293511
300340	0.0004016142772
300378	0.001325010865
300387	0.0007724625078
300444	0.0003638368431
300445	0.0005465047137
300642	0.002059493035
300806	0.001075285439
300924	0.00581979723
300944	0.002376841942
301059	0.001586978989
301088	0.000821574896
301113	0.000336217334
301202	0.001450980758
301529	0.006526201951
301608	0.000937202815
301628	0.006894376255
301876	0.0006490757994
301904	0.0008880067164
301945	2.829176179e-05
301991	0.002587305554
302039	0.004096802445
302074	0.001136595781
302284	0.001241902251
302490	0.0009188045646
302499	0.0006841159132
302681	0.0008245213974
302693	0.008142218472
302719	0.0003970456978
303202	0.00219809413
303218	0.00193712275
303253	0.001712021418
303349	0.002424311967
303423	0.003672614971
303510	0.001900703039
303605	0.002282405783
303640	0.0001101853722
303684	0.0004930920558
304071	0.002754190497
304074	0.00452245251
304143	0.0008572546431
304187	0.0002438926939
304214	0.001174612886
304225	0.002091372694
304306	0.001044887537
304315	0.001267891508
304330	0.008405174113
304333	0.001638710356
304335	0.01063280458
304463	0.001125667055
304621	0.003508383408
304652	0.0007126819412
304914	0.0006833579248
305004	0.001535507691
305071	0.002182629544
305207	0.003606914835
305366	0.0008440235147
305610	0.0007895437789
305634	0.001757885966
305672	0.0002029099501
305712	0.002984755032
305719	0.001188844129
305733	0.0002530589222
305919	0.000393049495
305934	0.001771081573
305970	0.0007911234259
306094	0.0008242063013
306119	0.000122558186
306153	0.00106203953
306167	0.0008103867476
306196	0.0006153229293
306292	4.171249841e-05
306319	0.0006776526617
306493	0.001805738097
306549	0.0001474287941
306624	0.006602109514
306742	0.001645854756
306818	0.002038406992
306853	0.001204234874
306881	0.005196377509
306967	0.0006489209707
307059	0.003830269357
307103	0.0005204904244
307118	0.0006348439589
307121	0.004680114833
307186	0.001470865474
307339	0.001539225101
307351	0.0005544353119
307497	0.0009267151506
307641	0.001677266092
307950	0.001767866719
308058	0.0001572386377
308085	0.002340601098
308111	0.001710117493
308275	0.000334526577
308316	0.004550337245
308345	0.0004189257237
308443	0.001172204991
308556	0.0009030088383
308657	0.005662464446
308919	0.002489128586
308983	0.00145034778
309058	0.002498762009
309206	0.005169752928
309268	0.000652293817
309418	0.0005309120942
309606	0.001697657003
309626	0.0009267813219
309696	0.0007741575659
309777	0.0008173615279
309942	5.063412778e-05
310190	0.000315074602
310202	0.001016108812
310228	0.001904948505
310232	0.0004952791558
310235	0.0008929223543
310283	1.05575732e-05
310458	0.001322340683
310460	0.001598630772
310699	0.002006777222
310850	0.001376877901
310976	0.002384265421
310986	0.0006344947128
311309	0.005774632941
311334	0.0001919318139
311361	0.0007792469097
311379	0.002109617206
311428	0.002394034839
311481	0.0003202514811
311512	0.001011745299
311714	0.0009642571863
311766	0.0009463874787
311956	0.0008822259618
312068	0.001103706287
312186	0.002308399321
312412	0.002015772224
312838	0.0006444102164
313054	1.768200827e-05
313200	0.0002007657303
313280	0.0006339386308
313362	0.0002189197024
313509	0.001133680062
313526	0.001518685859
313558	0.0030932754
313597	0.001430714877
313598	0.0002911870371
313647	0.002163146955
313765	0.0003486109735
313787	0.001236809307
313858	0.001284864493
314143	8.542372453e-05
314204	0.001269512085
314268	0.0005445786791
314379	0.001057199237
314407	0.0003737549105
314635	0.001286064372
314755	0.001016698781
315201	0.0009212144469
315210	0.002836031081
315364	0.005385222189
315507	0.001138049468
315603	0.003023672058
315659	0.0005886498615
315751	0.006506030441
315881	0.004600064016
315918	0.001335458835
316001	0.01291945772
316146	0.001444627958
316220	0.001207897069
316230	0.002722982372
316355	0.002424725471
316382	0.001165520865
316384	0.0002409624431
316406	0.00106589949
316436	0.001525331756
316460	0.0009132509906
316487	0.004333178524
316689	0.0002323610818
316810	0.001529253222
316882	0.005375977582
316978	0.0004048288214
317104	0.0006781964277
317108	0.001390315346
317141	0.0008969906527
317228	0.001621773784
317239	0.001358260131
317357	0.000118308396
317499	0.001577696099
317607	0.001003951935
317762	0.0007568659287
317784	0.001523652123
317847	0.0003931398987
318045	0.001348841465
318273	0.001623870279
318371	0.001030392289
318480	1.6664746e-05
318488	0.0009529848148
318604	5.079764335e-05
318808	0.0008448675995
318950	0.0003626326328
318954	0.0004565054179
319005	0.001357133821
319025	0.0005264452018
319032	0.001564890165
319055	0.0004424416128
319125	0.002414407295
319372	1.147300196e-05
319623	0.001937856585
319842	0.0003700868766
319960	0.002219058448
320041	0.001749775996
320227	0.0008149632023
320392	0.001378264565
320403	0.0004974601107
320440	0.004934565592
320686	0.001890436378
320715	0.001510583933
321009	0.006577587109
321160	0.0004289541241
321183	0.0008738768169
321263	0.001381982299
321513	0.0001953590792
321556	0.0001296281514
321646	0.0001625019392
321657	0.002442560795
321674	0.001698425762
321677	0.0007047855328
321747	0.001089953486
321800	0.0009540566427
321904	0.0004708239721
321933	0.001586510879
322031	0.002850724877
322122	0.001184162371
322270	0.002970592363
322290	0.0005954482667
322387	0.001144326
322427	0.004722478523
322480	0.0004146725126
322517	0.0002814723148
322543	0.0004383036877
322633	0.002986748648
322940	0.005186648719
322967	0.0001126155299
323150	0.00216163085
323197	0.001207607501
323223	0.002067341537
323277	0.0002530318818
323355	0.005224858155
323386	0.001145309243
323430	0.0007233904198
323559	0.002091729076
323575	0.001599972547
323610	0.003211516624
323639	4.825928825e-05
323685	0.001260708544
323850	0.0007436349882
324012	0.001526136653
324080	0.003066643678
324161	0.0007783311408
324177	0.005075616701
324266	0.0005576837339
324267	0.0007206814787
324415	0.0003751240599
324569	0.0004749053517
324677	0.001128113103
324704	0.001263777477
324878	0.001015399732
324915	0.0001301313069
324976	0.005712398246
325071	0.002022522335
325075	1.235185388e-06
325095	0.0008656200964
325135	0.0007502766997
325161	0.0006677515179
325321	0.0001559939987
325588	0.0003513574202
325654	0.003594144149
325728	0.00114318788
325854	0.0009756875073
325989	0.0006419320803
326110	0.003619954183
326236	0.0004430394217
326353	0.001499391954
326413	0.001563864625
326446	0.0002333168277
326550	0.0007385457211
326597	0.001189778834
326663	0.001460201934
326689	0.0005284246972
326695	0.001048090308
326824	0.00389367785
326866	0.0005623926215
326872	0.001848572414
326964	0.0004972085267
327068	0.002074781173
327084	0.0007110674861
327366	0.001206000219
327391	0.006685808184
327421	0.00756091434
327443	0.003918714402
327471	0.00257435886
327557	0.0009563947244
327669	0.002089599196
327686	0.002081618784
327691	0.001733073942
327733	0.001097437998
327766	0.003671932402
327802	0.001543037859
327818	0.001458291102
327846	0.001455525801
327991	0.0008615648556
327995	0.001766944901
328009	0.005806968848
328028	0.003985263367
328047	0.001417374483
328160	0.001449454549
328492	0.001141851012
328667	0.007230577478
328727	0.003910586471
328906	0.001523748917
328914	0.002350604689
328915	0.001606760865
329014	0.0004666893609
329061	0.0001419458514
329130	0.00480859809
329156	0.005026126779
329216	0.001946687223
329273	0.001571081726
329357	0.001959830211
329495	0.001672651058
329712	0.003457309957
329931	0.001669314383
329944	0.0002404463186
329969	0.001202301944
330000	0.001756490706
330139	0.001003560238
330178	0.001159206814
330240	0.0009682450548
330339	0.002045829205
330381	0.000418056502
330453	0.0007478757554
330514	0.002222358496
330531	0.00100791291
330585	0.00440201074
330750	0.0008566292562
330807	0.002838641442
330809	0.0003372166323
330842	0.0007161602977
330845	0.0002807965514
330993	0.0007740577347
331041	0.0006072892206
331053	0.002843813857
331057	0.001843770754
331134	0.002443385347
331206	0.01503588714
331415	0.002717487726
331507	0.000375271006
331782	0.003695549565
331998	0.001993986201
332080	0.0006662104533
332411	0.001919475943
332633	0.0003894220388
332873	0.0001350983005
332954	0.002904927062
333193	0.0004962859482
333453	0.00340031294
333715	3.894858485e-05
333953	0.0005840601188
334008	0.0008430840259
334154	0.003201419389
334190	0.00270785152
334270	0.00120383222
334317	0.002548432883
334318	0.002817298833
334614	0.001126589676
334626	0.0007913059192
334657	0.001002223607
334725	7.833622236e-05
334763	0.0008731686383
334847	0.00596327734
334861	0.002987807768
334863	0.002438690215
334865	0.001744453746
335098	0.001166639605
335119	0.001155344824
335221	0.0002121454463
335245	0.0002127618658
335315	0.001362774762
335377	0.007014903244
335433	0.00200738578
335455	0.002385824359
335484	0.0007649411951
335746	0.001666736779
335807	0.001170294941
335906	0.0006292998705
336226	0.005009373207
336391	0.002341717738
336543	0.001307759463
336581	0.001393863028
336588	0.000451183497
336645	0.001026183256
336732	0.003353353174
336756	0.0006138493073
336833	0.001992322155
337022	0.0005540839788
337291	9.183341918e-05
337389	0.0009590668631
337411	0.0006514801673
337500	0.001772686038
337529	1.154483613e-05
337537	0.0002592361347
337682	0.001363526738
337780	0.0009854574849
337794	0.0003099326357
337814	0.00247055516
337836	0.0009615312659
337856	0.004930459206
337920	0.007751733142
338094	0.000255085212
338102	0.001465646054
338143	0.002986598385
338292	0.0002997476268
338308	0.0006240162641
338362	0.0005737835978
338423	0.003306829614
338452	0.0007296050809
338473	0.007492756445
338839	0.001934558314
338878	0.0003027053063
339020	0.0003272098347
339123	0.001220402045
339203	0.001195440709
339331	0.0006518419805
339473	7.550500159e-05
339585	0.0002137466119
339604	0.0007714250392
339628	0.0011141099
339789	0.003923572727
340003	0.00207349183
340009	0.00468285453
340016	0.001438690122
340201	0.00369731345
340363	0.0009204365454
340408	0.0007327702382
340445	0.001297127903
340510	0.0008679507532
340567	0.00343681503
340595	0.001386161978
340781	0.001530702729
340904	0.0006044766768
340954	0.001025535626
340962	0.0004735167246
341062	0.0006822901967
341089	0.0008115560188
341264	0.01171971761
341281	0.0007136092078
341437	0.001189777348
341537	0.001052996969
341833	0.001797408449
341837	0.0001941071264
341915	3.255055158e-05
342011	0.001213492597
342050	0.001129245468
342179	0.0071072866
342209	0.001653135942
342393	0.0004484602376
342422	0.001395757443
342434	0.001119309637
342446	0.0008427933577
342449	0.0007547001331
342474	0.001668963582
342599	0.0003373432149
342945	0.001236175176
342957	0.001081494243
343000	0.001649380553
343018	0.0007806472824
343047	0.004279260397
343079	6.396623547e-06
343090	0.001462567923
343096	0.003784466853
343319	0.006814423545
343583	0.002241790095
343592	0.0005341446063
343677	0.002123680734
343684	0.002581553294
343721	0.0008792328275
343791	0.0003269209745
343821	0.002309826627
343842	0.005929005016
344271	0.004755223001
344320	0.001722166377
344328	0.0008322685774
344440	0.0006995232859
344442	0.0003318831539
344707	0.0008435099814
344761	0.000408926992
344836	0.001402488854
344837	0.004077966191
345103	0.002082669903
345145	0.002796597035
345304	0.002123293262
345325	0.0006169644599
345390	0.002442551739
345491	0.001792708541
345567	0.00144396928
345688	0.001026626184
345731	8.814982847e-05
345778	0.001810589525
345948	0.0001576844539
346074	0.001165442368
346300	0.004683704515
346586	0.001233574713
346654	0.0002967276581
346829	0.001209923686
346840	0.001120628776
347131	0.00175462184
347209	0.0003902017992
347312	0.001371408909
347463	0.000870267242
347476	6.139305563e-05
347489	0.00209337259
347689	0.0009329992174
347716	4.780306226e-05
347770	0.0002790101246
347810	0.0004460183322
347909	0.001302415961
347957	0.0007758244039
348002	0.0002665802371
348069	0.0003988346196
348203	0.001545253707
348290	0.0001749869844
348415	0.003555023471
348471	0.001093341128
348495	0.0004400548729
348547	0.0009248046227
348638	0.0004715872948
348651	0.0002403644182
348695	0.0005475049012
348830	0.001054764227
348855	0.003030145634
348916	0.0009868216164
349044	0.007123184762
349116	0.0004724319746
349134	0.0007026425699
349146	0.003446670969
349202	0.0001160405474
349303	0.000810855354
349365	0.000860887799
349553	0.0006687451558
349566	0.003265806204
349601	0.001022056252
349724	0.0004863406349
349874	0.01060189409
349971	0.001098147143
350134	0.0007553674556
350323	0.0006547900623
350396	0.008246731132
350399	0.0002608113041
350439	0.0007234387465
350454	0.0003530462442
350512	0.002084953433
350535	0.003012367751
350692	0.004006079658
350783	0.003612455128
350904	0.0006089992562
350939	0.0009753440841
350963	0.002553596733
350992	0.000279834873
351100	0.006105002424
351112	0.00175738691
351199	0.004798484234
351262	1.17482847e-05
351458	0.001214365718
351490	0.001871105308
351666	0.001694902625
351852	0.001132896454
351937	0.0001920692997
352228	0.0044611494
352265	0.001468399404
352270	0.001087769953
352318	0.0005465539748
352420	0.001037263599
352643	0.001632955634
352677	0.00629578401
352733	0.0008479905974
353011	0.00121987383
353383	0.0008398543761
353626	0.0001315551323
353851	0.002006340346
353982	0.002512987757
354038	0.003994708322
354206	0.005968274699
354220	0.0003970059906
354347	0.0004985201886
354499	0.01458075856
354847	0.0006785157574
355127	0.0004677393236
355243	0.007022356433
355448	0.0008678487264
355537	0.001474736549
355551	2.133680774e-05
355560	0.003602765739
355564	0.0003286665451
355622	0.001216797101
355687	0.0025441369
355805	0.001042480027
356075	0.0007484327021
356100	0.006135320612
356163	0.00293361887
356187	0.0006486513294
356416	0.0007426398917
356448	0.0008270066802
356765	0.0006458282015
356884	0.0001457031779
356979	0.005372261986
356987	0.001910559009
357024	0.003578637582
357036	0.002065028964
357091	0.001178532143
357111	0.001631850718
357283	0.003398139158
357336	0.0003816054574
357587	0.0004335838249
357686	0.001266949902
358077	0.004014067122
358084	0.0003829015276
358212	0.00421297124
358232	0.001682538437
358278	0.002471841422
358367	0.0009950591014
358387	0.003543189582
358470	0.0106987878
358599	0.0003854844656
358715	0.0004382308896
358814	0.006113724431
359135	0.001010436033
359190	0.005432573084
359358	0.0003183176449
359390	0.001354382994
359403	0.003890039637
359458	0.003311099871
359481	0.001109653405
359561	0.001591864143
359611	0.0002034043772
359629	0.0004504710096
359743	0.001253181423
359756	0.005990750224
359767	0.002266704873
360056	0.006840961637
360113	0.004324157265
360162	0.003589946402
360196	0.002494232964
360405	0.0018428653
360416	0.0001319214121
360839	0.0006507637318
360972	0.0005690071959
361213	0.001166908685
361261	0.003019164426
361463	0.001765285432
361544	0.0002582456612
361578	0
361581	0.00190817004
361599	0.0005694245182
361754	0.001099685741
361759	0.002924352767
361797	0.0006119458478
361815	0.002376805391
361931	0.004901205336
361984	0.0007014955725
362069	0.0001291071029
362077	0.001235214663
362331	0.0004173148821
362337	0.002476567032
362361	0.0005403282293
362446	0.002896547289
362447	0.000857113905
362491	0.00343494947
362603	0.000750665727
362643	0.001032215888
362744	0.0006796913552
362746	0.0005966555217
362849	0.001432505256
362939	0.002220996248
363142	0.006070801863
363329	0.001764760192
363333	0.003015245695
363468	0.001848370265
363498	0.001088650268
363635	0.00167246082
363840	0.0005514308941
363885	0.00127186216
363899	0.002786517896
363906	0.005303961197
363907	0.0008060771894
363982	0.001490105787
364030	0.000614270979
364205	0.005348722749
364324	0.0009875470229
364541	0.001072464903
364679	0.00181351476
364728	0.001250016139
364827	0.00149849427
364871	0.0006613126886
364916	7.089381057e-05
364939	0.005476143047
364969	0.001604656657
365058	1.793968793e-06
365074	0.004963394268
365121	0.0001142758685
365236	0.0008597273719
365327	0.0001269028501
365508	0.002306601643
365685	8.692131588e-05
365909	0.0001973187939
365995	0.0005623461708
365998	6.991963975e-05
366136	0.002249354943
366191	0.001765681562
366356	0.001846239176
366478	0.001102019768
366498	0.0008753604354
366604	0.001084059876
366642	0.0005101307742
366695	0.0001135055585
366696	0.01217256932
366769	0.001006555426
366825	0.001274554299
366908	0.000209946096
367004	0.002727357081
367008	0.002547864729
367072	0.001259286207
367079	0.0007661413396
367100	1.876568248e-07
367239	0.001121942646
367648	0.004081982263
367961	1.094091405e-05
368037	0.0001956862414
368100	0.0005672174685
368105	0.002527941707
368300	4.715303463e-06
368475	0.001048333049
368544	0.0007856517805
368585	0.000494562495
368615	0.0003404069866
368621	0.001010847884
368653	0.00308504132
368855	0.0002014628157
369025	0.001120101404
369111	0.001452639023
369313	0.0002466499542
369341	0.0007200980962
369365	0.003860399451
369450	0.001442408859
369532	0.0006529784559
369662	0.002108280111
369663	0.001366938658
369682	0.004329528484
369757	0.0004067040436
369788	0.0005182874182
369803	0.001787058467
369968	0.0008441698752
369983	0.0002220166412
370104	0.001195648009
370109	0.001103640539
370129	0.0003403903822
370131	6.96733032e-05
370147	0.001517995393
370163	0.0009287992678
370429	0.002280308643
370435	0.0005211578666
370445	0.001595235313
370567	0.001460350534
370757	0.001012164321
370767	0.005082579233
370786	0.001391346347
370833	8.548490683e-06
370974	0.0008892811062
371020	0.00146754145
371069	0.0001657020824
371095	0.000405691616
371203	0.001765506104
371215	0.001704850357
371259	0.001260154392
371284	0.0008009968669
371373	0.002125868111
371390	0.004424274153
371417	0.001269248266
371566	0.00284870931
371610	0.0007498735906
371611	0.001262497543
371643	0.002746741871
371666	0.006061137109
371676	0.0009906987633
371723	0.0002492775652
371852	0.0003785404019
371943	0.0006456944193
372052	3.287229896e-06
372135	0.0005796258985
372277	0.001578200164
372327	0.0003795194773
372408	0.002483791473
372460	0.0009605027586
372580	0.001720714143
372604	0.001088150558
372666	0.0005612401514
372709	0.0005844507094
372760	0.001446250797
372813	0.002190338412
372818	0.0005286625021
372836	0.0009964466336
372871	0.001030077396
372891	0.001074942006
372918	0.001754925112
372963	0.003157863987
373174	0.002507955262
373240	0.0007264839584
373404	0.0009074931766
373420	0.001210217893
373467	0.003742236213
373484	0.0002734291716
373567	0.0007459202203
373629	0.001089676388
373927	0.001433216868
374022	0.0003807422537
374042	0.0002825810135
374062	0.001209115486
374178	0.0004112232237
374292	0.002067956941
374342	0.0005881305004
374458	0.001048988035
374516	0.005538426811
374522	0.001557016952
374598	0.0002179786599
374616	2.384801285e-05
374904	0.001622101948
374944	0.0003015241547
374952	0.000845803646
374992	0.002225565262
375059	0.0007625486587
375167	3.337284404e-06
375425	0.001046347439
375463	0.0001447044962
375500	0.001868331531
375683	0.00196275185
375711	0.0009017580845
375721	0.001260332082
375855	0.0005914644417
375934	0.000755416118
376128	0.002392419316
376142	0.0009690005995
376198	0.003039966681
376226	0.01029632731
376339	0.0007840748252
376353	0.002842855156
376535	0.001440459055
376826	0.0004436730607
376894	0.0008360262455
377044	0.00124938471
377189	0.001018761559
377350	0.0006884025877
377401	0.0007295065527
377410	0.00172033245
377814	0.00108333723
377818	0.002162675306
377896	0.0006900268574
377917	0.001206572956
377919	0.001925985169
377926	0.001881685898
377940	0.0003707397894
378253	0.0004652819198
378286	0.0002327318424
378415	0.001293092923
378551	0.001796529081
378907	0.000168149335
379073	0.001202861902
379225	0.00136450329
379227	0.0002474563531
379269	0.00135353328
379318	0.004478488439
379338	0.0004423294726
379402	0.0008763331432
379449	0.0002177419626
379629	0.0007901847512
379682	2.043589916e-05
379832	0.00105102783
379834	0.00178715571
379836	2.962161076e-06
379890	0.002913526346
379905	8.740050001e-06
379988	0.001229770871
380033	0.008214224957
380074	0.0006811094075
380086	0.005944103788
380177	0.001266874507
380353	0.005581169994
380455	0.001194682459
380475	0.007994146135
380630	0.0008919876096
380978	0.007353598337
380983	0.0005257181363
381080	0.0005056731269
381126	0.0008211653287
381281	0.0001920779167
381309	0.002779050037
381420	0.0009131060314
381441	0.0007484032744
381491	0.0009946144569
381496	0.002092390677
381650	0.0005373756324
381818	0.0002707189824
381833	0.0008015201379
381846	0.001742931787
381963	0.001818321905
382033	0.0002899725482
382065	0.0002258121015
382186	0.0003337428305
382281	0.002001057462
382404	0.0004366028204
382495	0.0008667504276
382537	0.001331202654
382665	0.001363408329
382684	0.000910486824
382762	0.001667283084
382796	0.0009904891482
382801	0.0003021793141
382867	0.002804087376
382971	0.001406605876
382977	0.003654953937
383038	0.0005755407048
383176	0.001850943799
383202	0.001769108291
383272	2.451020885e-05
383285	0.001076829918
383359	0.006029657836
383412	0.001133117115
383499	0.0004466189018
383847	0.001058730905
383881	0.0004318567332
383938	0.001493405178
383942	0.008228807454
384023	0.00202798837
384203	0.001858843653
384220	0.001712629118
384395	0.004649520413
384540	0.002489117309
384575	0.001204521086
384637	0.000610290829
384802	0.0007459010836
384850	0.001229950061
384900	0.001202173108
384982	0.0006640831676
384996	0.005991230193
385257	0.002442299427
385273	0.001943382071
385286	0.01166350596
385734	0.002298033532
385895	0.001224720107
385990	0.001442314306
386095	0.001858826327
386149	0.003825922312
386392	0.002947711362
386415	0.000153801172
386527	0.003892843633
386648	0.0007681771764
386803	0.0008030933734
387015	0.001293504939
387113	0.001049321865
387128	0.0006290871109
387136	0.00144476377
387412	0.009370160344
387435	0.0006476991089
387541	0.0008044692108
387630	0.00184058743
387809	0.00180037613
387841	0.001033798399
387919	0.0002451416738
387920	0.0007637007362
388012	0.002828316851
388034	0.003049379486
388091	0.001525443965
388165	0.0008094600923
388220	0.0006700352865
388244	0.00183663614
388293	0.002844008957
388403	3.352899387e-06
388414	0.001644403531
388419	7.101009376e-05
388595	0.001484577175
388606	0.00121196456
388734	0.001106817076
388745	6.626162629e-05
388748	0.0003165685965
388868	0.0008106734188
388937	7.803364576e-06
389275	0.00122819432
389560	0.001288114526
389649	0.004739593652
389673	0.001056326908
389746	0.001099521369
389782	0.0004694850033
389798	0.001037375652
389907	0.005991264277
389908	0.006164154376
389938	0.000890624346
390148	0.0004714618086
390273	0.001510146714
390388	0.002257986399
390414	0.0001292380184
390417	0.0028752598
390454	0.000716630304
390713	0.0005537487331
390882	0.001104652343
391006	0.001568663991
391071	0.0006403014722
391115	0.0032995055
391134	0.001093057077
391147	9.705246876e-05
391175	0.0004126516754
391197	0.001359359706
391222	3.563365983e-05
391526	0.00290468726
391712	0.001517951584
391799	0.00401796182
391821	0.00378454609
392015	0.007766249647
392022	0.007415382151
392171	0.001177316413
392185	0.0002430186268
392204	0.0005995750483
392227	0.0007509925466
392252	0.00235709844
392286	0.003930273707
392318	0.001850364378
392340	0.0002875101539
392393	0.002074981102
392420	3.674684639e-05
392471	0.001275544277
392508	0.003408220051
392511	0.002086560715
392566	0.003735332162
392663	0.003305628055
392750	0.004110619429
392868	0.005883883743
392921	0.002944811117
392995	0.000191198084
393009	0.0002994666609
393017	0.001288557329
393030	0.0003836156689
393031	9.18270744e-05
393215	0.0006795480967
393283	0.01017187317
393375	0.001183859944
393442	0.002845973292
393460	0.0007989724488
393483	0.001174980521
393536	0.001237615961
393568	0.0005305224712
393661	0.0007636789037
393798	0.001364738899
393809	0.0001688110035
393852	0.001552169981
393872	0.00161811958
393934	0.002477926376
394034	0.005333610367
394332	0.006236570495
394396	0.000476812829
394462	0.0007828460317
394464	0.0003709959708
394487	0.001518078415
394522	0.0008611899941
394535	0.001613212649
394562	0.001467112515
394602	0.0002897177538
394642	0.0006037802417
394656	0.001321621584
394684	0.001148099425
394815	0.004591197852
394857	0.001663393075
394896	0.00129845409
394963	0.0006174548179
394965	0.000485873454
394968	0.0001394552684
395004	0.0001533067882
395032	0.006271199715
395118	0.001033212902
395150	0.0006819588662
395190	9.789719035e-05
395220	0.000983804922
395248	0.0007844975197
395338	0.0005144611692
395461	0.0005056867599
395558	0.0007032249621
395573	0.004601121453
395735	0.004368911696
395756	0.001352873364
395785	0.0009284075048
395813	0.00369535815
396256	0.0004783987677
396263	0.001238612165
396394	0.001543733379
396427	0.0007011299385
396442	0.0005652708826
396453	0.0001177727654
396505	0.0001689883508
396529	0.0003003987453
396536	0.0005783631498
396547	0.001519623088
396555	0.001942504742
396697	0.004267840832
396803	0.0004564234224
396824	0.000726325357
397157	0.0008685795653
397299	0.002345033556
397346	0.0006420167611
397471	0.003417605673
397494	0.00109852092
397614	0.0032916801
397659	1.188370925e-05
397743	0.001088980392
397772	0.0006425452688
398025	0.002039344151
398122	0.001579861444
398261	0.000591936519
398315	0.004599009757
398534	0.001577484326
398631	0.003197003611
398746	0.003139371683
398870	0.0009068960025
398886	0.00190393996
399118	0.001533175217
399159	0.0005406425592
399233	0.002908214605
399290	0.001969878331
399373	0.003703813868
399423	0.001948918553
399433	0.001616427377
399461	0.003212997933
399498	0.001433139568
399556	0.003199294354
399579	0.0005334203139
399593	0.00118313635
399611	0.002036463907
399634	0.0009896883048
399671	0.001524247707
399682	0.002467757136
399955	4.230329976e-05
400132	0.001252233927
400166	6.70429539e-05
400255	0.002659801153
400325	0.002825364057
400345	0.001339075777
400556	0.002070348569
400564	0.001696833214
400591	0.002649064413
400603	0.002450214804
400646	0.0002629128204
400812	0.003090388481
400847	0.004141385256
400943	0.002310782836
400961	0.001468492748
401001	1.245349374e-05
401025	0.001750500922
401047	0.001344742211
401111	0.0008350617632
401166	0.0004245065451
401208	3.168516723e-05
401213	0.001503735971
401259	0.00272879572
401332	0.0001915459378
401337	0.0007682817581
401431	0.0007337879248
401436	0.00169934808
401487	0.000554195834
401558	0.0006409951994
401626	0.0005428348874
401661	0.0007349019023
401666	0.001528122539
401788	0.0002165039247
401839	0.004432580599
401939	0.001264196512
402017	0.0003843440434
402021	0.0006038531647
402047	0.0003682252098
402119	0.001703189185
402241	0.005174936909
402539	0.0005268831757
402640	0.007043533481
402693	0.001340186836
402844	0.00367910006
403008	0.001765221333
403029	0.002038487481
403255	0.001991896816
403298	0.001440929356
403331	1.965864011e-05
403337	0.0001331328643
403418	0.0003478781994
403453	0.001314590561
403867	0.00404071401
403939	0.003102380413
403946	0.0002572764592
403958	0.0007601914385
403965	0.0008822569694
403995	0.001019371028
404166	0.004036396921
404219	0.00106314141
404406	0.001720770332
404481	0.005943035096
404605	0.002663212189
404729	0.002642388113
404778	6.625081717e-05
404979	2.33163572e-05
405023	0.001869966113
405160	0.00182576318
405164	0.003907001289
405290	0.00115478121
405355	0.002141978241
405358	0.001550701451
405377	0.002167415151
405440	0.00060274728
405500	0.003010860783
405521	0.001082451013
405562	0.00197725651
405762	0.0006315066992
405924	0.0006541354802
405928	0.001486860003
406229	0.0007575526806
406239	0.001388687647
406287	0.0004589620819
406362	0.007176420646
406398	0.001478424758
406464	8.67693945e-06
406487	0.001131892731
406495	0.0002922393531
406584	0.0006343581164
406749	0.0002465688102
406910	0.001680453248
406917	0.007801147765
406927	0.0005545024675
406988	0.0006025548597
407096	0.0003178937248
407155	0.00101448863
407293	0.003275602129
407346	0.000141956033
407414	0.0007648054743
407432	0.001393593685
407452	0.001843937483
407527	0.000666825702
407672	0.0001828156038
407860	0.0008892549007
407872	0.001849740284
407877	0.001208904204
408014	0.002755222851
408018	0.003272365523
408038	0.001618195532
408114	0.004650265587
408273	0.0004179441287
408312	0.006723545122
408397	0.001227419478
408513	0.0006386226683
408592	0.000799521075
408595	0.003306906329
408598	0.001189130509
408700	0.002199044207
408727	0.001354176713
408761	0.0003817670386
408926	0.001945382319
408957	0.0004552040804
409024	2.652698604e-06
409096	0.002071548239
409125	0.003598909378
409131	0.0005632398801
409620	0.00170550292
409639	0.0007085856577
409871	0.0008386716879
409985	0.0024073605
410015	0.001063228355
410041	0.0006138589846
410089	0.00176149665
410155	0.002569959968
410163	0.001224685938
410283	0.001471060172
410311	0.0003154335378
410625	0.003028717844
410635	0.002505839663
410675	0.0009666231726
410686	0.002665884395
410951	6.844906153e-05
411137	0.0006215491109
411169	0.002088101912
411207	0.002036339981
411293	0.0007298102815
411310	0.001620672586
411403	0.007355500426
411526	0.0008437951482
411637	0.002125353091
411640	7.339517229e-05
411730	0.001358047105
411833	0.003383030105
411884	0.000875330666
411959	0.002219146685
412067	0.001008654265
412292	0.001188280477
412315	0.002372159583
412332	0.0005917796157
412501	0.007195299175
412502	0.000323130492
412623	0.001382209098
412624	0.002495634692
412748	0.0005001873984
412772	0.002912351201
412775	9.924310841e-06
412813	0.001083704302
412827	0.0004954977298
412845	0.0006820280571
412879	0.0002829632934
413050	0.004112003514
413060	0.0008546218743
413183	0.0004059171501
413379	0.0005040176361
413403	0.001533987693
413598	0.002564430037
413636	0.0006769509802
413685	0.003333572848
413692	0.007948440757
413697	0.005225160613
413800	0.001377451768
413830	0.005336925767
413958	0.002870870586
414230	0.0007982626419
414317	0.00384319408
414333	1.366012266e-06
414362	0.0002773490664
414745	0.004688045011
415024	0.00145781504
415036	0.003397561145
415085	0.0002917770425
415167	0.001273728382
415319	0.003936632778
415377	0.000484127883
415423	0.002580144899
415522	0.0009633068107
415547	0.001625189026
415619	0.001741798623
415622	0.002677101729
415654	0.001717031177
415781	0.0006468425113
415834	0.002512484276
415848	0.001026018088
415889	0.0009959524507
416054	0.002524218431
416113	0.002826453363
416135	0.000390739495
416225	0.00250445208
416270	0.001117413595
416639	0.01084186267
416674	0.001303268686
416785	0.0005053490606
416923	0.00105679211
416985	7.251998386e-05
417030	0.003785400694
417274	0.0007079536184
417389	0.002263506044
417496	0.0001315259851
417596	0.001021386296
417613	0.0006790873267
417712	0.0006907512211
417757	0.0007832845719
417950	0.002187250504
417963	0.0005285270625
418017	0.007784018361
418046	0.0004222235277
418192	0.00256710038
418200	0.001384768012
418226	0.001158470211
418276	0.0008600364792
418290	4.070973105e-07
418473	0.001184156726
418511	0.001148831169
418537	0.001218634559
418607	0.0008130175856
418661	0.01426419396
418734	0.000713938611
418747	0.002296557595
418785	0.001885682653
418854	0.0005103568076
419024	0.0009226114971
419159	0.001974701094
419186	0.004025808959
419240	0.00447014055
419248	0.0007008326485
419286	0.001480494717
419287	0.003483471127
419342	0.003301239991
419370	0.0008840810735
419389	0.007316721602
419468	0.0004005363525
419599	0.0007034451025
419613	0.0004638071503
419727	0.001226020267
419753	0.001107132813
419812	8.650572303e-05
419837	0.000304337107
419982	0.0006587870956
420030	0.000723721902
420133	0.0003432663571
420164	0.0002955797369
420237	0.001149295718
420321	0.0002555616359
420451	0.0004637089873
420613	0.002780356428
420708	0.0008552340829
420771	0.0007499050536
420985	0.0006236284709
420988	0.002542892706
421156	0.001881767495
421224	0.0007808565491
421431	0.0009862278549
421496	0.001476633547
421509	5.91188642e-05
421533	0.0008280733711
421584	0.002035611399
421663	0.001659218766
421838	0.002630263806
421859	0.001754901928
421868	1.379448951e-06
422241	0.00165404816
422442	0.0008654846024
422535	0.003630177517
422549	0.0009992036548
422578	0.002457167181
422647	0.006314904866
422787	0.0006281756447
422991	0.0006971282347
423026	0.000951632362
423027	0.0005690032487
423139	0.00294662415
423633	0.002763162394
423637	0.00735767558
423642	0.003033653654
423714	0.000904153684
423742	0.002973015144
423753	0.003552195849
423772	0.001267180535
423916	0.009265850029
423950	0.002748976959
424020	0.001155667409
424120	0.002263436149
424169	0.003427346232
424210	0.001500340508
424427	0.003076929281
424555	0.001643557531
424633	0.0007273585004
424668	0.00248387152
424675	0.004727194693
424687	0.001231255343
424717	0.0003132782929
424875	0.0002622410923
424995	0.0001729280716
425075	0.001703035518
425209	0.01149729434
425415	0.0007409468513
425676	0.004127124065
425721	0.001521689792
425818	0.0001791922077
426015	0.001073016449
426105	5.816943325e-05
426151	0.0006462674562
426205	0.006631181336
426268	0.001089526004
426324	0.002076070868
426352	0.001103192148
426429	0.0001693703422
426431	0.0007823607625
426568	0.0002352716937
426799	5.519347439e-05
426813	0.0002506009259
426852	0.002778162759
426877	0.001164012808
426934	0.004448984479
427053	0.003001726474
427248	0.003045392915
427364	0.0005410335223
427402	0.001222976545
427451	0.0008413507884
427501	0.0007822623193
427507	0.001048099135
427515	0.0009244304435
427517	0.002444447093
427596	0.00210174743
427683	0.001338857488
427708	0.001614854955
427773	0.0009393973475
427890	0.001592978541
427957	0.0009148842899
428114	7.26448103e-05
428125	0.005327629653
428193	0.001367170806
428251	0.0006350799724
428304	0.003100731021
428306	0.000989865793
428335	0.00109487792
428448	0.001076546488
428474	0.001343327169
428579	0.003511923225
428591	0.0006112713318
428627	0.00130350383
428715	0.001704250366
428821	0.003015068673
428838	0.002976526518
429015	0.005562082456
429137	0.001059686671
429212	0.0004821956015
429288	0.001260566238
429297	0.001107179431
429622	5.337036126e-05
430004	0.00515990055
430163	7.105066354e-05
430194	0.0004300207181
430254	2.46085471e-06
430291	0.0006271505888
430413	0.0005354019938
430801	0.004498810262
430858	0.005931193144
430894	0.00172907385
430977	0.001911687837
431006	0.002227481573
431197	0.0005229334628
431209	0.001565671772
431410	3.199065657e-05
431640	0.0001585542003
431658	0.002634464835
431662	0.004373932502
431726	0.0001326440212
431755	0.0006351814832
431859	0.001922580505
431932	0.0005525524495
431941	0.001493274327
431999	0.003414892147
432077	0.001793983882
432267	0.001397193938
432344	0.004924105087
432377	0.0009470241766
432383	0.006449402305
432622	0.002254087308
432673	0.001552346248
432733	0.002559939186
432791	0.000711030427
432851	0.002303391845
432899	0.00203052801
432902	0.004841044923
433030	0.001754469692
433120	0.0008353119557
433202	0.0004133938023
433444	0.001987031566
433466	0.001480993476
433596	0.002550064922
433610	0.002289041133
433665	0.0008610119518
433695	0.006605788525
433773	0.001141372764
433943	0.00156291322
433969	6.272229531e-06
434065	0.002118449444
434171	0.002783853697
434179	0.001382499349
434332	0.000376595786
434409	0.001914928934
434723	0.0001768947317
434885	0.001068038076
434975	0.001015560109
434980	0.004135994905
435046	0.0008657778581
435203	9.420537051e-05
435305	0.001021970127
435459	0.001693753041
435469	0.0005262438377
435511	0.007809789534
435512	0.004036658835
435610	0.003720586159
435712	0.0006454458912
435777	0.0003300004511
435831	0.004091113304
435890	0.001209066756
436009	0.004817562935
436055	0.001272522383
436073	0.00063345065
436145	0.0007967040028
436198	0.002437843043
436314	0.005277841035
436342	0.001254354741
436664	0.001476132612
436786	3.74985604e-05
436792	0.002564903857
436796	0.001666741451
436814	0.0005961546805
436894	0.003457761625
436900	0.00285642842
436912	0.002563521596
436963	0.001323808957
437033	0.00419872757
437037	0.0006666357407
437043	0.001600225013
437176	0.001334522798
437274	0.0003215530947
437425	0.002013373725
437474	0.001031694563
437475	0.001348405371
437530	0.0001486535018
437755	0.0005024991492
437830	0.0002590928422
437862	0.001468218695
437865	0.00162340161
437892	0.001928839768
437982	0.0005532712582
438017	0.0008775540634
438198	0.0007116233216
438202	0.007541832166
438408	0.0003520280561
438550	0.000532425987
438864	0.0004397506364
439239	7.701206848e-05
439290	0.001927393122
439396	0.002071815121
439414	0.0004060811543
439467	0.0008113044562
439474	0.003428917757
439492	0.0007744492634
439857	3.135019019e-05
439871	0.001283857314
439875	0.00229408678
440019	0.0005613470143
440097	0.002476404696
440218	0.0049733029
440231	0.002249636388
440262	0.002447549102
440266	0.001079698832
440307	0.0008724499224
440439	0.003457461044
440454	0.001861815176
440497	0.001709048977
440815	0.00274782393
440877	0.0003613233957
440939	9.440809034e-05
441118	0.0005573525194
441208	0.006475017207
441320	0.004798185549
441503	0.0002517659171
441688	0.0007752011791
441736	7.96873987e-06
441808	0.00106090069
441888	0.0004702904818
441895	0.0002513361341
442174	0.0006242009989
442185	0.00237133232
442284	2.875755195e-06
442399	0.001092708099
442412	0.0009777913264
442424	0.0008001247944
442466	0.0009440208122
442494	0.000538605031
442672	0.0003315220559
442755	0.004836588184
442897	0.004357034004
443174	0.0006707132195
443183	0.0001864557025
443212	0.001407824205
443361	0.003685564199
443500	0.004400911066
443573	0.001642475241
443752	0.0008651083315
444098	0.003034241458
444206	2.516139492e-05
444467	0.001133088943
444547	0.0004701363639
444570	0.0002121807531
444655	0.001469704815
444665	0.0005786238271
444722	0.0007308819588
444733	0.0006412997263
444850	0.0009952305953
444851	0.002720708701
444855	0.0003748079505
444985	0.0008203118909
445131	0.001165612706
445191	0.004221058576
445234	0.002304945328
445252	0.0005333822022
445288	1.885322507e-05
445428	0.0002678429026
445584	0.001479342817
445809	0.004119048937
445946	0.00128249987
446006	0.0004409568029
446018	0.0008021482641
446346	0.0008643501737
446459	0.001218460019
446476	0.0009860139636
446555	1.112237813e-06
446579	0.0005307944381
446604	0.000138327546
446618	0.0009845185825
446630	0.0006348829732
446666	0.0001499031008
446748	0.001312085313
446789	0.0007683507151
446927	0.005284798367
446967	0.002606953302
446988	0.0004598466452
447124	0.0001623728695
447142	0.0007823753643
447214	0.001649308361
447650	0.003047315735
447725	0.002744424712
447749	0.0009369922923
447773	0.001203672093
447968	0.003863974655
448034	0.0008709752684
448142	0.007029368594
448196	0.002531751302
448390	0.001022979524
448391	0.003255810528
448743	0.0006991840703
448758	0.0009529839506
448760	0.004601113571
448805	0.0018742664
448820	0.001651252899
448920	0.001085250953
448938	0.001026764738
449003	0.003218797457
449115	0.001842852518
449133	0.005756746146
449172	0.009299021685
449316	1.446442057e-08
449383	0.001093259184
449572	0.00192249844
449611	0.0002938923041
449766	0.001283147474
449820	0.005164999355
449863	0.003465863354
449886	0.0009220019085
450038	0.003329738604
450083	0.0007129669888
450160	0.001636064288
450235	0.003502239182
450360	0.004692172821
450395	0.000962636419
450498	0.001914832255
450504	0.002651392515
450557	8.050951554e-05
450590	0.001370573797
450630	0.002733419665
450691	0.0008855078128
450714	3.738862396e-06
450773	0.01016742385
450870	0.0005951555019
450916	0.002131379436
451039	0.0006059837928
451063	0.0006165921851
451100	0.005427207482
451200	0.001449688915
451249	0.002285834748
451271	0.001358582766
451473	0.0008898368613
451539	0.001915081049
451586	0.003850105164
451591	0.001537926599
451629	0.001421557846
451689	0.0006648523402
451830	0.002215336816
451862	0.0006452542263
451918	0.001388556795
452087	0.001204644014
452096	4.258654647e-06
452109	0.0007757959438
452171	0.0005039101702
452248	0.001096403139
452270	0.0003639786707
452273	0.004625599145
452284	0.001210218429
452387	0.002545059683
452417	0.0007025985387
452496	0.0007787837405
452704	0.0007482683232
452799	0.0001930109942
452953	0.0008598904437
452993	0.00227221582
453065	0.0004870585415
453083	0.001719155258
453192	0.0003760114701
453280	0.004011382068
453337	0.002505395318
453384	7.158841802e-05
453472	0.0002361451591
453484	0.001097677267
453780	0.001255526937
453844	0.0007212753475
453967	0.0001622040035
453979	0.0003193795211
454081	0.001536583862
454148	0.006952810561
454223	3.003536931e-06
454271	0.001026767122
454278	0.001411943233
454290	0.0008830487548
454318	0.002462139814
454651	0.003169300463
454682	0.004780772601
454751	1.508054178e-05
454913	0.001688403943
455002	0.00142674335
455088	0.0005370235461
455179	0.0009558948844
455193	0.001234971771
455252	0.0009534604771
455323	0.003184290674
455458	0.001614205455
455477	0.001202641086
455514	0.003233695222
455597	0.0002115772444
455776	0.0008434519516
455782	0.001936555025
455877	0.00475543951
455881	0.003161094972
455926	0.0008400512631
456080	0.002184124979
456120	0.0009677962397
456178	0.002941341044
456194	0.0009202181604
456374	0.001380944723
456529	3.487444495e-05
456604	0.002291851506
456612	0.0006621910688
456628	0.0008264119836
456636	7.757038893e-05
456712	0.002082780121
456725	0.002222312254
456743	0.005869893781
456769	0.0008531595437
456785	4.167275695e-06
456957	0.005329633295
456965	0.001726787709
456984	0.0006904692219
457101	0.0007793842064
457158	0.002032648008
457502	0.004587181323
457520	3.397320999e-05
457587	0.0003614746581
457630	0.0009229702832
457661	0.001892718023
457760	0.001972971602
457778	0.006687963747
457791	0.0006540984415
457800	0.0007656471667
457859	0.0007756522635
458153	1.95307742e-06
458177	0.003218196357
458191	0.002337339272
458348	0.0002744612026
458437	0.0017355294
458501	6.10723691e-05
458661	0.00194564617
458827	0.003730404288
458880	0.002423940372
458903	2.007245356e-05
459035	0.001094386518
459082	0.00691524507
459269	0.0004210831617
459348	0.005329960282
459372	0.001266524142
459466	0.0006780856956
459535	0.0002633864907
459612	0.001226488787
459637	0.0002886609338
459701	0.000384614537
459714	0.001137555154
459719	0.001809835845
460142	0.003918002388
460157	0.0001082505278
460287	0.0004733643992
460383	0.0008639103831
460394	0.001073570482
460559	0.0008605718374
460611	0.001958343806
460690	0.0005158821645
460817	3.312678004e-05
461038	0.005902930551
461069	0.001047599685
461103	3.65296759e-05
461165	0.001541677302
461219	0.002204870478
461447	0.005188488451
461538	0.00843822879
461706	0.001133237059
461828	0.0009452986173
461839	0.001164803378
461905	0.000803329628
462025	0.002832103765
462026	0.001430084647
462062	0.00291789041
462070	0.001404730096
462095	0.002889951318
462183	0.002310228577
462288	0.0005188450982
462303	0.0006396058817
462313	9.876105448e-05
462383	0.003171601008
462515	0.0004972050342
462657	0.0004186427924
462937	0.0001180812585
463040	0.0028669003
463048	0.001013446576
463192	0.001300718667
463238	0.0002127599727
463248	0.005979465922
463336	0.003943302746
463414	0.001842590511
463584	0.0007369783459
463781	0.00350323161
463851	0.001222010375
463962	0.001984997638
464019	0.003980596004
464049	0.00015808589
464104	0.000928920656
464147	0.001766915265
464190	0.0006104061512
464449	0.002629479952
464511	0.002394320713
464563	0.0006426696658
464570	0.001619629236
464611	0.001063585979
464698	0.002787629853
464700	0.0005499521744
464722	0.002009406933
464758	5.818380083e-05
464783	0.0001065525844
464848	0.002116453402
465004	0.0005686312244
465033	0.000450468393
465067	0.004813603503
465143	1.508938456e-05
465226	0.0001340322496
465498	0.0002074103812
465585	0.0007601049827
465679	0.002296089478
465682	0.000488757299
465691	0.002035104267
465726	0.0003706647402
465991	0.001238326045
466047	0.0006938937169
466106	0.0004229537742
466141	0.002697884048
466237	0.0007898847799
466280	0.0008144312464
466370	0.001249028929
466454	7.335590151e-05
466593	0.0006300977515
466726	0.004399659212
466805	0.0006892035605
466857	0.01324517985
466958	0.00165768874
467185	9.602784304e-06
467190	0.00533778019
467199	0.008989764054
467320	0.001155948406
467347	0.002063882593
467430	0.001659082055
467458	0.0006551052131
467486	0.003519098104
467794	0.005511872034
467981	0.001679622084
468009	0.0010198748
468208	0.002789396891
468270	0.0008276234259
468330	0.00552909206
468365	0.009148618264
468588	0.006424701609
468673	0.0004350334012
468913	0.001557869959
468963	0.0004444525984
469039	0.007926034659
469193	0.0005433634055
469255	0.0006596502809
469378	0.002823643342
469568	5.1105926e-05
469569	0.001995501295
469655	0.0002445424444
469807	0.0007253202418
469815	1.188746985e-06
469817	1.01974165e-06
469890	0.0007404137983
469908	0.002690642752
469986	0.0009659284175
470014	8.561339518e-05
470032	0.000511391401
470113	0.001536691393
470218	0.0004301506875
470394	0.004099035773
470439	0.001612829771
470611	0.003912649312
470692	0.006552634639
471027	0.0006761735792
471109	0.0009537989105
471518	0.002330327268
471632	0.00100183105
471832	0.0002300154424
471917	0.002998430864
471925	0.005829088647
471973	0.0008440433868
472064	0.000223626237
472121	0.0002033223364
472316	0.007373250469
472363	0.002796237641
472512	4.712314375e-05
472533	0.0008747896172
472786	0.000654802617
472918	0.001155581571
472919	0.001065262774
473030	0.0004230418692
473073	2.653097487e-05
473171	0.006496848445
473247	0.002346860255
473302	0.001997751921
473526	0.0008361061485
473772	0.001263055056
473823	0.005122019336
473944	0.003478756939
474146	0.002609671725
474210	0.004468133156
474452	0.00145889403
474487	0.004399325752
474534	0.0001524931599
474692	0.001541789033
474700	0.003051486433
474767	0.00556987024
475048	0.001734615892
475113	0.001690864963
475116	0.001728064414
475159	0.001284492133
475251	0.0004283914839
475479	0.0005225286033
475512	0.007451409035
475659	0.001006450711
475687	0.00441559768
475704	0.002184419805
475779	0.000253338337
475918	0.001361019357
475972	0.0009923388181
476086	1.736030446e-05
476133	0.005533992665
476446	0.0009243421229
476480	3.018680995e-05
476634	0.001202369262
476884	0.001785189705
476975	0.0003353844986
477059	0.008156185918
477073	1.33034605e-06
477164	0.0001253160403
477301	0.004009127907
477323	0.0007602200824
477328	0.0006125552378
477414	0.001016927723
477664	0.001250976287
477666	0.002993489589
477689	0.002350085745
478000	0.0005910635285
478020	6.101130971e-05
478190	0.0005920100649
478366	0.0001558678389
478388	0.001074593285
478465	0.0001916433812
478506	0.0004952409339
478536	0.0006371064591
478582	0.001267578984
478853	0.0035948972
478854	0.00106051961
478902	0.0009489708413
478960	7.831604691e-05
479023	0.000392514362
479108	0.0005940289198
479126	0.001195209487
479136	0.003180801998
479156	0.0007367847547
479307	0.001158401289
479366	0.0001074857749
479369	0.0001615860621
479624	0.0002356151859
479695	0.0006263880839
479760	0.0006257975433
479762	0.002078880525
479841	0.001973968828
480248	0.002665948024
480277	0.003492406449
480410	0.0007491533174
480463	0.004097191779
480651	0.00139604701
480719	0.0008077860271
480762	0.002555047984
480865	0.002362391584
480869	0.003187348185
480897	0.002685783306
480957	0.001216995189
481070	0.002842675379
481077	0.0007926080063
481242	0.004639490029
481405	0.00400210349
481541	0.0001715301497
481629	3.355898189e-05
481669	1.867052182e-06
481735	0.002027790803
481827	0.003272621293
481856	0.0006842270407
481900	0.0001323599801
482092	4.735955809e-06
482173	0.0036175477
482231	0.001567494483
482285	0.001722761303
482320	0.001291539466
482333	0.001451363068
482365	0.001604114089
482410	0.001048121357
482469	0.007776077646
482688	0.004238413753
482791	0.001806742601
482804	0.002075768923
482841	0.000810681976
482881	0.000579086892
482978	2.27798562e-05
483107	9.844563499e-05
483151	0.001479845967
483195	0.001333266781
483212	0.0009307315508
483236	0.00154287449
483393	0.0003115708964
483462	5.522218805e-05
483652	0.0007685579039
483827	0.005644637525
483854	0.001237042262
483981	0.001583500802
483996	0.0004087092428
484100	0.00203792705
484101	0.003760747416
484117	0.001922972925
484170	0.0002596653738
484331	0.0005537011186
484374	0.005117170759
484440	0.002584045796
484599	0.003195307495
484611	0.0003248511305
484624	0.00664659311
484632	0.001030633042
484745	0.00137779464
484847	0.0009669281588
484960	0.005868087986
485136	0.003436577406
485196	0.0002604453697
485310	0.004316460299
485324	0.004719974991
485331	0.0001198929421
485803	0.001607755902
485911	0.00245789866
486019	0.000314671699
486049	0.0004768832028
486085	0.001105529368
486226	0.0003835640848
486227	0.0001455260468
486322	0.001459606973
486365	0.002215524678
486404	0.003117719827
486418	0.0005432193946
486538	0.006267284815
486635	0.002923938
486704	0.005728560003
486843	0.003224446095
486972	0.0004756875504
487123	0.003795988036
487427	0.0006390230914
487596	0.004310056506
487615	0.001118513675
487637	0.002130736472
487764	0.001912476492
487798	0.0005320433203
487858	0.001481395262
487875	0.0006019174766
488041	0.001157342339
488162	0.003992332672
488164	0.0005047486264
488208	0.001673346189
488226	0.001128161148
488299	0.005332944772
488392	0.001764940097
488417	0.0031053059
488463	0.01021937521
488564	0.001113999339
488633	0.001877159311
488653	0.0004580830099
488674	0.001055582952
488743	0.003872904733
488900	0.0007376647123
488920	0.0008269906889
488961	3.837963032e-05
489169	0.002455643584
489202	0.002633445815
489246	0.008097279823
489333	0.003010346829
489348	0.0004670452993
489377	0.0009699795518
489473	0.0006579327477
489505	0.001053616257
489627	0.003731191096
489669	0.0007545808778
489698	8.38446598e-05
489854	0.0005435393447
489894	0.0004876525652
489962	0.00143509552
490035	0.001710244152
490086	0.008639997691
490181	0.0008604922316
490392	0.002739150773
490503	0.00262222978
490523	0.0006657479276
490528	2.036431815e-05
490973	0.0009820175235
490974	0.0003422087414
490995	0.0009955150758
491007	0.0001353877796
491226	0.001542069315
491300	0.003471312845
491404	0.004809368825
491714	0.002947303875
491717	0.001374778352
491726	0.001248934193
491727	0.0009812521633
491811	0.001246183855
491922	0.000267414571
492010	0.0001665781266
492159	0.0004069735125
492160	0.00195453314
492188	0.00103447646
492266	0.0009426761409
492371	1.457373761e-05
492607	0.00120088788
492731	0.002660583761
492893	0.0002821923103
492918	0.001825171175
493024	0.001000740399
493203	0.001316295753
493644	0.0009694108279
493692	0.00200502755
493719	0.0008636490055
493915	0.001504942886
493949	0.002201308383
494064	0.00141442263
494115	0.0009219659251
494133	0.002533007618
494407	0.002012217494
494445	0.005880835576
494450	0.0006449225196
494534	0.002842480583
494544	0.009064710494
494572	0.001245092742
494597	0.002103553655
494721	0.004199617519
494826	0.003657825267
494968	0.001258324584
495475	0.002415567485
495559	0.0003677313762
495609	2.408287961e-06
495639	0.0015127098
495657	0.001008337451
495710	0.001219582673
495749	0.002292583515
495755	0.001125159135
495772	0.003904560696
495867	0.00577972211
495875	0.0003159012845
495988	0.005783689884
496051	0.0009939604614
496155	0.006240482507
496347	0.001186567307
496372	0.0027656748
496541	0.0009534426282
496647	0.0004631903031
496720	6.496892949e-05
496805	0.0008875473744
496810	0.001358672016
496823	0.003550492946
497045	0.001795121838
497190	0.00115525866
497371	0.0006589370088
497596	0.001899280795
497693	0.001353444823
497697	0.001873272917
497909	0.003460563882
498019	0.003085167533
498020	0.002681514305
498083	0.0009325296273
498178	0.001925384249
498559	0.001117803514
498594	0.004095108693
498607	0.000605080085
498846	0.0002736245844
498869	0.0008371139656
498893	0.004440686125
499004	0.001953917518
499058	0.003986864826
499079	0.0008151241163
499134	0.0007375310728
499156	0.0001648872035
499168	0.000517533452
499197	0.001061263059
499259	0.000130309617
499292	0.006975059338
499343	0.001269009721
499370	0.002397567498
499398	0.005502290286
499420	0.002564896149
499442	0.0009111871643
499466	0.001504983377
499567	0.0006106893647
499631	0.001331750511
499668	0.001017003849
499827	0.0004395319831
500039	0.002377405486
500052	0.001551588478
500068	0.001085920466
500100	0.002077351668
500167	0.001183180454
500222	0.001946753173
500230	0.005654654445
500328	0.0002048841609
500360	0.001609661352
500476	0.004470166257
500550	0.0005556791138
500700	0.0005619834981
500867	0.002647603656
500902	0.001469967275
501016	0.0001000597217
501056	0.0005741553358
501140	0.001277405876
501413	0.002011532279
501461	0.004028627207
501827	0.001518293398
502067	0.003264699908
502185	0.0006538872026
502543	0.00198416609
502549	0.002114086292
502560	6.134996798e-05
502565	0.000468049086
502664	0.0002711943445
502715	0.001061806876
502730	0.001433301526
502918	0.00163343495
502977	0.0009319656364
503019	0.0002193761542
503057	0.004119014117
503086	0.0007284078497
503203	0.00171972177
503217	0.002652891794
503264	0.0009144521826
503394	0.0002479844984
503451	0.002121050487
503535	0.0007581904182
503652	0.001337509888
503706	0.002000374621
503713	0.004457648455
503716	0.002684379814
503835	0.00148302346
503933	0.002939894079
503946	0.005741034622
504006	0.0004185608632
504315	0.002284987555
504347	0.004355730376
504380	0.0006914909471
504424	0.0006563985686
504508	0.007428499795
504564	0.0001269769614
504660	0.001680260107
504754	0.001502196934
504799	0.0002200298827
504807	0.003589829779
504980	0.004779705632
504999	0.004096572185
505204	0.001844785525
505232	0.00249619236
505387	0.00101098862
505432	0.0001458063764
505841	0.003779130748
505853	0.007248817944
505953	0.001006649957
505962	0.0007030420866
506011	0.0006520756517
506149	0.001941829174
506237	0.00451613124
506246	0.004453136289
506570	0.007468406992
506656	0.0001207832829
506869	0.003008616647
507161	0.001750206721
507394	0.006457327866
507433	0.0001519212243
507606	0.0007539861258
507625	0.0001902722623
507858	8.572194736e-05
507865	0.002902213952
507871	0.008099708575
507934	0.001412530765
507947	0.003488550456
507957	0.0009462708032
507963	0.001155015802
508050	0.002509322672
508303	4.829974543e-06
508319	0.0002270593131
508325	0.0008356644983
508524	0.003323640989
508526	0.0005511930356
508545	0.0005726834635
508676	0.0008321742927
508698	0.01271480051
508728	0.001718964356
508814	0.007849301452
508850	0.000375010814
509125	0.0009690422574
509168	0.0008103364183
509175	0.0008775039669
509231	0.0007962084247
509249	0.0002500524086
509261	5.565581291e-05
509358	0.002317241696
509541	0.0003053604813
509594	0.001979109886
509837	0.00326915188
509876	0.001225554779
510021	0.0009458142726
510066	0.0008309174731
510155	0.0008942112488
510320	0.001859556525
510327	1.104472703e-05
510347	0.0009760598878
510398	0.0003876191055
510440	0.0007171767164
510457	0.0002401535487
510468	0.0001472996625
510531	0.0009759531096
510573	0.001831609134
510683	0.001856589058
510689	0.005617222786
510832	0.0006810107074
510938	0.0003285824747
510986	0.0001275967571
511036	0.0001243376299
511231	0.002617576842
511489	1.624771868e-05
511521	0.002186239876
511650	5.91335518e-05
512093	0.000451185904
512124	0.003032884227
512215	0.00531157549
512240	0.002701009372
512314	0.0001654747567
512454	0.002308368892
512591	0.002104486371
512599	0.0008588405989
512611	0.0098355195
512638	0.001089637486
512711	0.002609658545
512957	0.0002723788225
512974	0.00116426843
513055	0.001248871377
513102	0.0007794509319
513144	0.001528706621
513342	0.000242751023
513349	0.0057350794
513429	0.002439677355
513447	0.001586769646
513557	0.004751095759
513581	0.001050292633
513598	0.0001943861607
513874	0.001406339935
513953	0.006521203221
514081	0.0004520760886
514169	0.0006272541951
514206	0.0009251017188
514326	0.001328059498
514338	0.001441027346
514505	0.001807099433
514525	0.001685014929
514549	0.01093932697
514564	0.005021209464
514589	0.005248109775
514601	0.0006032511813
514647	0.0006677986907
514662	0.004405169038
514669	0.002482941371
514713	0.001254800059
514832	0.0005065794667
514869	0.001494379054
515064	0.003088395326
515168	0.001477182504
515182	0.002594825386
515276	0.004282105991
515400	0.003807238755
515528	0.006692151172
515716	0.0004455890366
515932	0.003983495099
515981	1.450248484e-06
516055	0.001628156978
516123	0.0003565352391
516258	0.002156932475
516423	3.810477591e-06
516431	0.0008576509698
516472	0.001109687685
516510	0.001548559818
516581	0.001061995377
516720	0.0008541005887
516736	0.0008391515931
516764	4.939789946e-06
516852	0.002095852806
517038	0.001413349751
517061	0.002487556831
517126	0.0001619151779
517169	0.001003520354
517286	0.0004445551462
517326	0.0006560960236
517376	0.002589452212
517418	0.0004823302649
517436	0.003082262817
517442	0.0009620314504
517558	0.0001209676811
517578	0.0005848471269
517594	0.0003891973166
517726	0.00128538398
517869	0.0006581740991
518076	0.001778074933
518133	0.001141418813
518230	0.005784925624
518471	0.0006444885383
518503	0.0002465997543
518571	0.003175515556
518660	0.001379069183
518695	0.005473044451
518748	0.0005206848342
519092	0.0006878126594
519174	0.004508070683
519208	0.0006398024286
519242	0.001696529746
519384	0.001323309742
519429	0.002740815426
519482	0.0015765199
519531	0.0001061088256
519557	0.0003737531973
519641	0.001129031654
519693	0.003831393285
519745	0.002199372369
519983	0.003352449947
520177	0.0004398356576
520179	0.001193898826
520338	0.001255425057
520389	0.0005445253943
520662	0.001029289348
520718	0.0009868372869
520885	0.004349160848
520998	0.009879009971
521024	0.0006150632902
521032	8.913347353e-05
521115	0.002153330807
521159	0.001355938029
521277	0.001718905684
521445	0.001641129353
521650	0.002962814547
521707	0.001467218312
521847	0.0004338165043
521877	0.0007430832512
521922	0.0002972929402
521987	0.00108839541
521989	0.003109812771
522050	0.0007489737848
522102	0.003986324955
522115	0.0008829000971
522365	0.001045182983
522399	0.001597974438
522453	0.001072467603
522484	0.005661737442
522769	0.01208314497
522802	0.0005898134726
522839	0.002270136025
522860	0.0006804445296
522933	0.002095864027
523014	0.0001821015344
523072	0.0008007570218
523173	0.0005106203383
523187	0.002006068889
523485	0.004535229026
523513	0.0009622350819
523584	0.0003520224886
523608	0.001717600198
523702	0.005074722335
523715	0.005193750222
523787	0.00115506765
523791	0.003657530643
523822	4.558908133e-06
523853	0.001120441321
524171	0.009764350052
524207	0.001248382355
524299	0.0004509806482
524397	0.0008917481564
524780	0.000685437638
524793	0.00293889064
524893	0.000380084493
524938	0.0003517366546
524993	0.003430196046
525157	0.0009973512313
525337	0.005611374103
525375	0.002236277158
525561	0.003549915793
526013	0.00190201112
526055	0.001119692636
526105	0.0003061212251
526154	0.001459339152
526253	0.001306666521
526269	0.0005864167366
526316	0.001637140816
526472	0.002105180188
526543	0.00597952097
526674	0.0007708455911
526772	0.0004429807932
526840	0.003967178136
526850	0.0008647203076
526883	0.004258603176
526925	0.002713734118
527178	0.00557420321
527216	0.004202707043
527227	0.001995542857
527231	0.0006250524429
527258	0.002163082717
527314	0.00150064462
527502	0.001644714635
527668	0.004593345898
527674	0.001749651848
527677	0.002900682893
527704	0.002367434624
527706	0.0008098820242
527817	4.446993663e-06
527899	0.003492451362
528024	4.892331253e-05
528031	0.0003654301619
528232	0.001389853682
528604	0.001851342113
528642	1.163053607e-05
528652	0.002428826606
528795	0.001988024748
528863	0.001630471143
528913	0.0005283215562
528942	0.0004152531178
529057	0.0001319339161
529098	0.003521809203
529100	0.00110758207
529181	0.0001656888272
529242	0.00190341425
529286	0.01156403466
529382	0.000246020286
529561	0.004267895096
529576	0.002224868965
529604	0.0003160416575
529730	0.005889496567
529843	0.001354726909
529880	0.001980843587
529931	0.009332351127
529990	0.0006488095999
529998	0.0004606352732
530083	0.0003595339999
530105	0.004638847983
530127	0.006792726243
530175	0.001873134298
530367	0.0005552762749
530428	0.007295746823
530439	0.004790180383
530452	0.001014415378
530457	0.001811025814
530492	0.001084564209
530616	0.003966405829
530676	0.0003524154581
530724	0.000204318932
531008	0.0006948766718
531295	0.00528710644
531349	0.004297282982
531351	0.002770203928
531378	0.003271576367
531381	0.0004535742769
531401	0.001453522819
531569	0.0001264225965
531764	0.003967353326
532040	0.0004160054681
532138	0.0005174466799
532229	0.001718908027
532337	0.0003412054903
532404	0.008227994515
532437	0.0007875988579
532442	0.0004759055111
532493	0.004805417558
532651	0.0007559666801
532687	0.003558588692
532839	0.005636989935
532847	0.0003175282192
533002	0.000157343322
533183	0.001461177726
533206	0.002887654344
533462	0.00205819261
533481	0.002697529333
533650	0.002504194717
533652	0.003217353362
533756	0.002989533418
533760	0.002991394239
534104	0.003650745776
534209	0.0007036338286
534277	0.004513329461
534372	0.0004803942414
534392	0.00427017311
534406	0.006171956858
534505	0.0009422816178
534535	0.001223379
534631	0.001560167351
534640	0.00133063544
534769	0.001183439609
534832	0.002139906407
534865	0.0003067307991
535020	0.0001631125097
535085	0.001670192841
535351	0.0003573261109
535403	0.0009499346866
535405	0.0006645757301
535411	0.004659372526
535624	0.001639152133
535662	0.0009512400248
535747	0.001302528471
535934	0.004222824697
535972	0.0001722980873
536162	8.191239433e-06
536227	0.004839109809
536269	0.001530967495
536312	0.000968457543
536323	0.001507678434
536337	0.0008685909732
536347	0.0006278033006
536481	0.004464092921
536607	0.00155154368
536635	0.001475428622
536694	0.0007999632746
536724	0.0003339243863
536734	0.0009317651682
536778	0.001141388217
536924	0.004775234277
537030	0.001215039468
537226	0.0001969510689
537287	0.0008171589833
537369	0.0006287682681
537492	0.002360976107
537516	0.0005843022332
537797	0.005849226935
537824	0.0006479937339
537845	0.0008918187577
537856	0.002316241932
537877	0.001479863008
537968	0.00145735183
538010	0.0005770358311
538027	0.0004400271358
538136	0.001053093661
538322	0.005620602349
538334	0.001764421046
538429	0.0001327862357
538500	0.001342213029
538545	0.0004875487143
538575	0.004181709823
538784	0.001218962727
538811	0.0002228811459
538830	0.004615878366
538842	0.001538621569
538956	0.0001211758006
539159	0.00145338847
539169	0.00308383658
539191	0.0008881264222
539275	0.0003100312716
539384	0.0002290443717
539669	0.000472646383
539772	0.001784294453
539774	0.002333465306
539797	0.004390550285
539858	0.0008055356503
539997	0.001799708176
540088	0.002554189467
540168	0.0001624015431
540496	0.005424072809
540546	0.00211375745
540873	0.0009357490748
540888	0.0007724032233
540904	0.0003278798329
541005	3.539557906e-06
541163	0.003249366412
541198	0.000904447585
541206	0.007579048455
541320	0.001578174943
541361	0.002090907403
541363	0.0004205508423
541454	0.001890479177
541468	0.0001652261429
541574	0.002144135601
541675	0.0005189626584
541848	0.003296835239
541944	0.003546818898
542109	0.001610150861
542252	9.637871812e-07
542377	1.421088979e-05
542460	0.005357317289
542474	0.004519197471
542513	0.001546588389
542660	5.470756613e-06
542799	0.0007349902884
542863	0.00206807073
542900	0.0009559202409
542932	0.009107257309
542966	0.001159633053
543025	6.434633435e-06
543050	0.002113961207
543128	0.001001901513
543155	0.005263289247
543396	0.0007462148424
543496	0.001018370755
543565	0.001268716665
543629	0.0013503412
543656	0.003432444858
543812	0.008822571443
543814	0.0007139597376
543951	0.002820879794
543986	0.002647621989
544130	0.0001729593522
544453	0.0008119372161
544529	0.001998513519
544567	0.0007663377432
544681	0.000953082642
544780	0.0009323662328
545001	0.0008821766639
545012	0.005638331856
545053	0.00148291815
545214	0.002062170973
545420	0.001080257461
545481	0.0001192915648
545513	0.001107150609
545602	0.0007796279356
545656	0.005236195602
545674	0.001520892948
545720	0.001028284777
545746	0.0005966700324
545754	0.0005769349177
545831	0.0003694412463
545879	0.001384724466
545899	0.001905930096
545935	0.006603865563
546043	0.00389278535
546065	0.002236354261
546104	0.0008913329604
546265	0.002972768261
546409	0.0003893631239
546524	0.006029987614
546775	0.0005288272753
546858	0.0001544522973
546917	0.005891533949
547049	0.0007365689316
547128	0.002528290613
547210	0.004131677591
547227	0.0006503056251
547844	0.000714291433
548135	0.0008656586014
548148	0.00228231422
548373	0.002575267253
548399	0.0006693340862
548579	0.001034021132
548757	0.001594281393
548989	0.001129902179
548991	0.001110103062
549002	0.001725618344
549042	1.228809624e-05
549093	0.0005529322751
549171	0.0009792645827
549176	0.0006293348052
549270	0.004309545311
549404	0.001279200504
549454	0.0002637745046
549523	0.002351180802
549616	0.002732822039
549808	0.0005375992877
549966	0.0008460501053
550032	0.002045630346
550104	0.001335706215
550313	0.0007309012687
550393	0.0007488962991
550426	0.003132414719
550486	0.002414758822
550528	0.001588317003
550578	0.0002116224613
551056	0.0009709882222
551127	0.0007888509145
551152	0.003138990618
551357	0.0003867051286
551434	0.001498924119
551473	0.001033001493
551481	0.0005732245215
551507	0.001685341067
551675	0.001284376157
552017	0.002120393131
552137	0.001752856751
552288	0.003247897362
552326	5.862087079e-06
552417	0.001980095252
552616	0.0001119718182
552620	0.001453297029
552628	0.002129466271
552652	0.001358295071
552791	0.002478330457
552822	0.001848742237
552870	0.0002300831585
553033	0.002425434931
553035	0.0004683267865
553170	0.002401751278
553230	0.007111454501
553286	0.00518972468
553302	0.004401249781
553388	0.0003351571779
553390	8.569732909e-05
553397	0.0003898632054
553689	0.0009692946852
553770	0.001233340347
553773	0.005137327685
553887	0.0008236580083
553927	0.0009531759402
553991	0.002582249496
554090	0.003996831487
554427	0.001928383283
554511	0.001128529814
554635	0.0001121136532
554871	0.001592342154
554929	0.001639304734
554992	0.0007036291001
555032	0.0004624381993
555186	0.0002789989445
555229	0.00527822823
555255	0.00337672316
555462	0.002319496761
555491	0.0004490715319
555757	0.0005813842636
555841	0.00252358057
556006	0.00106283765
556033	0.005095247505
556143	0.00239469259
556210	0.00437940742
556301	0.0009550112267
556393	0.0008989272925
556695	0.003067337827
556942	0.0010799117
556958	0.0005773835987
557048	0.0008291229794
557135	0.00298802493
557142	0.0007997607582
557143	0.001446318313
557196	8.906975126e-05
557244	0.001805062687
557342	0.004582343297
557620	0.003664435625
557901	0.0006222688858
557960	0.001559571945
558013	0.0004831942954
558028	0.001551811191
558057	0.0002440929168
558206	0.001984593645
558343	0.001443665024
558396	7.218420153e-05
558489	0.002084831626
558808	0.001032441516
558826	0.003039236371
558920	0.0004413612562
558928	0.001555971934
559011	0.0007578335338
559103	0.001786539413
559347	0.0008963770766
559405	0.004622725234
559408	0.0007485902308
559605	0.0006340149583
559675	0.004338845586
559805	0.005797426921
559822	0.001934409261
559931	0.0008354213655
560000	0.001582977897
560020	0.00329140566
560044	0.0004609499879
560163	0.0005314273981
560575	0.0002165974766
560581	0.0001206418465
560584	0.0001226267096
560594	0.00348200999
560617	0.0005247676672
560653	0.00155608205
560760	0.001832898381
560851	0.001589747234
560983	0.002094926595
561127	0.007017555974
561189	0.001814367681
561249	0.001083928319
561295	0.0001143157424
561324	0.0004768586368
561364	0.0006880324551
561435	0.002985603033
561603	0.0007025472597
561642	0.001103306643
561715	0.003617257223
561738	0.004150044604
561744	0.001580662897
561762	0.002301877007
561822	0.001332505579
561896	0.0001507629397
561959	0.0001895423107
562013	0.001064411459
562052	0.00927062217
562204	0.004729502286
562238	0.006178752962
562389	0.002347725343
562466	0.001357624449
562568	0.0007291780738
562734	0.0005884586785
562781	0.003559213481
562889	0.001174562426
562980	0.001855481203
563048	0.003228386791
563157	9.162577322e-05
563289	0.0006795169576
563371	5.074727764e-06
563373	3.715833516e-06
563380	5.99740554e-06
563484	9.305837231e-06
563770	0.002672725597
563771	0.000194546812
563779	0.0008422752202
563823	0.003485024652
563827	0.002473635044
563865	0.001476449363
563928	0.003256924376
564067	0.00123806985
564149	0.003114702737
564185	0.003879608082
564255	2.599598955e-05
564279	0.003841504362
564282	0.003986183654
564301	0.001861688735
564433	0.003937351619
564451	0.0005474918151
564560	0.000774377514
564862	0.0002258189148
564971	0.00093962628
564975	0.001019482091
564982	0.002469367765
564989	0.003956186297
564996	0.001274503402
565070	0.001815302731
565190	0.0008874296199
565282	0.003716876653
565295	0.0004930386081
565342	0.001843926793
565439	6.041317835e-05
565700	0.001079520312
565772	0.0001120459196
565821	0.0002321606164
565938	0.004657740287
566209	0.0005392639455
566282	0.001110101543
566290	0.0004676061381
566356	0.001923708394
566427	0.007066168748
566440	7.518710926e-05
566636	0.003836974691
566741	0.001278681857
566870	0.00111424736
566947	0.0007905961028
567002	0.00358729881
567008	0.0006872466216
567026	0.004790909429
567097	2.707625338e-06
567101	0.001708493883
567243	0.001003657669
567292	0.001037564284
567312	0.0005543883572
567327	0.005614920107
567344	0.001188521625
567436	0.0007421888845
567447	0.003319122826
567497	0.003587681403
567544	0.0003635633777
567587	0.004810808341
567728	0.003918258978
567947	0.002155425191
567991	0.001222835554
568019	0.004178441328
568042	0.009277275254
568197	0.000592527319
568335	0.0005734051471
568629	0.00105468513
568664	0.0006522087743
568692	0.001582607761
568706	0.001379011653
568720	0.0002460105587
568744	2.612540805e-06
568766	0.003408036678
569047	0.001363875781
569178	0.001245088423
569412	0.001498568534
569438	0.001109386742
569504	0.001821308867
569513	0.001319594979
569740	0.005326732581
569835	0.00945612729
569847	0.001428239577
569950	0.0003061433147
570029	0.0006086430173
570140	0.005163320279
570416	0.001378264624
570446	0.003721277008
570600	0.0003892214619
570612	6.656805349e-05
570641	0.002123521786
570730	0.002104008343
570755	0.0004700340346
570838	0.0002765293157
570847	0.001144352073
570862	0.0008591961909
571183	0.00389349865
571214	0.0009534016385
571279	0.000832064769
571419	0.002183848355
571491	0.0009471053325
571669	0.004619628896
571681	0.008612004252
571752	0.005096903637
571762	0.0003982927274
571802	0.000851312265
571855	0.004154658271
571865	0.001386113937
571889	0.0004283652679
571980	0.0009433275764
571991	0.003117102901
572042	0.001909232525
572137	0.001312044942
572188	0.001808257253
572320	0.002711944653
572395	0.003028896798
572459	0.001515066179
572670	0.001632058284
572708	0.0009077109461
572710	0.0008263164681
572742	0.00394485655
572747	0.000605372456
572851	0.0008573963004
572867	0.003524619478
573025	0.0009093258176
573044	0.001983759559
573201	0.006828957385
573278	0.003810099359
573388	0.006369618885
573481	0.004854334353
573568	0.001166158064
573665	0.001374226767
573683	0.003012216263
573697	0.0005306759658
573991	0.0005585297527
574026	0.001526585867
574054	0.0001022584236
574068	0.001149641445
574104	0.005263312651
574168	0.004074933648
574482	0.007058195818
574579	0.0007612922638
574638	0.0008600527691
574644	0.003940833694
574861	0.001438398428
575018	0.004825665785
575048	0.008373572392
575065	0.001330331369
575070	0.0002356710347
575265	0.00120970296
575270	0.008366686509
575495	0.000603082423
575539	0.004574278011
575766	0.006151363564
575898	0.000477307337
575938	6.660440969e-05
576110	0.004923930006
576159	0.0002929132938
576299	0.0002891940047
576302	0.0003440384488
576309	0.0008074813343
576375	0.000139100892
576382	5.426631891e-06
576383	5.285413469e-06
576505	8.396732946e-05
576617	1.042531632e-05
576636	0.0001618695031
576679	0.001907067063
576768	0.001024219133
576802	7.431434279e-05
577034	0.0003827971075
577072	0.001096024816
577079	8.392366438e-05
577173	0.001970104254
577317	0.002631028965
577427	0.0006026929
577432	0.001665702777
577470	0.00245708211
577475	0.0009088123222
577477	0.005860561305
577516	0.0003796127622
577518	0.00067321305
577871	5.675961586e-05
577915	4.68152391e-06
578052	0.00455858541
578076	4.130095186e-05
578588	0.004990176102
578625	0.001201167089
578655	0.001354725317
578907	0.0002494189485
578918	0.00165933906
579219	0.002619382127
579275	0.001381934739
579442	0.0004898897507
579444	0.01008059896
579455	0.001772864389
579547	0.001041455677
579548	0.0003224915752
579611	0.001083046412
579651	0.001426713007
579757	0.006166997166
579787	0.0004694836967
579996	0.0008989094745
580011	0.001099509602
580056	0.001808743105
580067	0.001065783743
580203	0.00388751982
580226	0.001743570651
580367	0.001847762673
580446	0.005582294203
580564	0.002573213278
580788	0.004123297664
580811	0.007425493783
580843	0.004432001876
580890	0.001956082818
580909	6.813595529e-05
580924	0.0005503342972
580948	0.001616839198
580997	1.152205292e-06
581141	0.002103704211
581194	0.001976887782
581305	0.002444269445
581313	9.642957044e-06
581326	0.004295312364
581501	0.009398206381
581609	0.001445380544
581664	0.0006937457122
581698	0.001261438243
581820	0.0007126190058
582065	0.001365096755
582084	0.0006172591978
582107	0.002063064071
582341	0.00456000453
582355	0.0007283815751
582524	0.005355534883
582591	0.0003715961757
582765	0.003153475847
582800	0.0004837811273
582851	0.001668651889
582857	0.004518031194
583111	0.005038781067
583335	0.003503366415
583425	0.0007894366379
583443	0.00107412247
583449	0.00101701974
583501	5.951320765e-05
583544	0.001239162533
583595	0.005316324039
583633	0.001634072075
583728	0.0001745568672
583888	0.007667977355
583907	0.004982422351
583955	0.002014937186
584016	0.004959404646
584023	0.001492095353
584143	0.0003530792589
584151	0.0009806026938
584282	0.003179493673
584395	0.001872585776
584581	0.002430250374
584587	0.0005698705717
584597	0.003999192948
584598	0.001183240537
584600	0.001209045868
584652	0.001926575296
584749	0.003382001984
585095	0.0009986210089
585149	0.000512424094
585250	0.0009876009221
585319	0.001719717165
585426	0.008038126942
585570	8.605029866e-05
585777	0.003643771848
585801	0.001338390198
585912	0.0001568899847
585981	1.011389263e-06
586001	0.003801070327
586050	0.0008522620155
586091	0.0006005847743
586092	7.60879723e-06
586175	0.0007131441264
586238	0.001354778423
586330	0.005943749103
586355	0.001388869873
586409	0.007407912989
586590	0.0002865644868
586591	0.001760902263
586685	0.001428267627
586722	0.0007182431744
586941	0.0005005107397
586957	0.0004641370911
587152	0.0004137259261
587190	0.000839717264
587226	0.002393257185
587323	0.0009599745825
587385	0.0006226219915
587414	0.003319247358
587435	0.000911279345
587587	0.0006248681604
587638	0.00892046656
588388	0.0003226795888
588506	0.0006861185848
588565	0.003590914936
588695	0.0008983204322
588767	0.001223340389
588778	0.001169633989
588868	0.002754316693
588954	0.003914730827
588981	0.002301629279
589113	0.00495048907
589191	0.0008870550057
589265	0.002599929223
589514	0.001015382602
589538	0.002012390206
589592	0.001236075619
589618	0.0003913162344
589669	0.005218828725
589748	0.001532678063
589822	0.000967833013
589863	0.006851905994
589911	0.0006226517691
590122	0.002930070843
590212	0.002899926078
590361	0.003313593843
590365	0.002618519988
590529	0.0008157096144
590574	0.001593738259
590661	0.001488392375
590673	7.942561967e-06
590820	0.004754051533
590830	0.00624493602
590877	0.000930909316
591074	0.001030668478
591104	0.0001159510556
591133	0.0005307321851
591158	0.002558638009
591227	5.11739e-05
591231	0.002044650665
591254	0.0006243926956
591267	0.001640469981
591307	0.0005119484662
591489	0.002111121383
591554	0.001005719417
591641	0.00186828304
591655	0.002314581645
591785	0.002849038903
591838	0.000143429337
591846	0.003046423566
591995	0.001685019564
592016	0.00143929787
592073	0.0004007364443
592083	0.004568971379
592086	0.0006790059461
592262	0.001658778858
592420	0.000654398089
592702	0.001074535515
592963	0.000184365998
592982	0.000211185402
593002	0.005257534576
593226	0.002345998251
593228	0.001485066236
593343	0.002999140808
593423	0.0004497904096
593471	0.0001357875378
593487	0.002169030016
593764	0.001953733752
593798	0.0003557968509
593804	0.0009138532032
593824	0.005479513078
593990	0.001644246922
594031	0.0005314066356
594177	0.004152402596
594201	0.005281573468
594219	0.0008803337261
594222	0.003193028452
594315	0.001642985336
594332	0.00482535779
594382	0.001450585186
594585	0.001780569058
594852	0.00215384992
594984	0.0005904611643
595006	0.001256596539
595083	0.0002840643837
595123	0.004078444389
595214	0.0001065431146
595300	0.0005028496071
595375	0.001749574296
595406	0.0007076777224
595423	0.004036050937
595526	0.0006793724182
595576	0.0005491904198
595886	0.0009915216659
595923	3.048947599e-06
596013	0.0006692378706
596014	0.00022875401
596023	0.002856340508
596056	0.0009624891889
596242	0.0005662606352
596300	0.0001097795164
596381	0.003856625639
596425	0.0002946772018
596541	0.0002673112012
596673	0.0001174415417
596793	0.005113457154
596867	0.009083871318
596937	0.0003399772166
596972	0.0004764183147
597054	0.01362956314
597108	0.00376306494
597185	0.0006515501023
597294	0.0008741327505
597456	0.0008512444224
597505	0.0002532754794
597512	4.124439205e-05
597561	0.0006584623531
597640	0.001591289938
597691	0.002414544927
597988	0.00382563405
597994	0.007318668624
598065	0.006612302862
598198	0.002294777175
598233	0.001306557308
598239	0.002765981264
598274	0.0006895011104
598325	0.002476872469
598362	0.001801068432
598603	0.0007383889051
598940	5.24063822e-05
598970	0.002440318119
598976	0.003488714092
599001	0.001377157905
599017	0.007919940137
599034	0.002285833954
599165	0.001308763956
599329	0.0002596341478
599436	0.001292668962
599437	0.002165357825
599438	0.004316254215
599453	0.0001275492281
599689	0.009431841274
599748	0.001149486707
599771	0.0004413452393
599833	0.0011169949
599942	0.007467026481
599990	0.0001673664763
599991	0.0004718452734
600171	1.549444808e-05
600358	0.0007069924453
600375	0.0002250949475
600397	0.004359635997
600459	0.0001884571818
600525	0.005600218019
600545	0.0002958045772
600752	0.009941711427
600822	0.001923519948
600831	0.0005705190122
601002	0.003353295413
601066	0.003141691682
601125	0.0003290538054
601136	0.0001584737758
601179	0.0006696915469
601258	0.003111844654
601327	0.00141038992
601361	0.001205662998
601384	0.004231855192
601562	0.001552354556
601666	0.002510992916
602101	0.001334437357
602103	0.001626676978
602126	0.001096707339
602233	0.0007328426952
602396	0.001772379231
602513	0.01126832418
602631	0.0001347010099
602731	0.002335643353
602848	0.004351625823
602951	0.0003749948986
602984	0.001850472288
603015	0.0002785159459
603017	2.603595703e-07
603047	0.001645506789
603229	0.003343058717
603321	0.0007676667046
603606	0.004857896712
603633	0.002148598266
603674	0.001003884017
603689	0.0002875497291
603910	0.0037699211
603919	0.00376965326
603963	0.00296217749
603988	0.001054222451
604000	0.004212170911
604196	0.00024456502
604305	0.001080439452
604397	0.0004022980651
604547	0.0003943379315
604645	0.00367199151
604746	0.002042845231
604873	0.0008232402933
604956	0.001862561057
604960	0.001519268602
604965	0.001370584862
604972	0.001997906258
605195	0.0001151142817
605324	0.0005976979834
605428	5.98118108e-05
605444	0.001171699175
605447	0.001012132874
605705	0.01108630495
605765	0.0009539406081
605840	0.0006406634689
606000	0.0008368648635
606160	0.000342893082
606275	0.003529264857
606376	0.002841167342
606469	0.00188331504
606706	0.002009057086
607091	0.002118732319
607188	0.0009061828012
607339	0.002907909288
607541	0.0007071859059
607598	0.001289735694
607604	0.0007625086997
607733	0.001966481058
607735	0.002346406884
607745	0.001075380718
607821	0.0008316742354
607915	0.003818553919
607954	0.0004398566045
608179	0.004112222392
608279	4.30230709e-05
608282	0.001219252567
608289	0.0006851274333
608342	0.0002075341853
608365	0.001477762244
608376	0.000193498503
608401	0.001965341762
608535	6.358961676e-06
608593	0.000946988677
608769	0.002550331825
608978	1.971348267e-06
609001	0.0001372761418
609041	3.629617957e-06
609111	0.001709084084
609272	0.001493118541
609286	0.001683967773
609303	0.003521471693
609305	0.00074016894
609347	0.003240457192
609474	0.00178633663
609597	0.003064123067
609701	0.003794786196
609713	0.00471407271
609936	0.001289056124
610058	0.00271059445
610083	0.002877437997
610280	0.002241161018
610488	0.003223541098
610505	0.0004625734034
610552	0.0003742605146
610643	0.0002103242548
610899	0.0022919226
610952	0.001431835994
611209	0.0008815344301
611250	0.002491419891
611280	0.001355812308
611364	0.0005944350784
611541	0.001341625156
611583	5.925866596e-05
611694	0.002169021431
611700	0.001347661445
611713	0.002804057013
611911	0.001202109123
611989	0.000941049631
612021	0.003471167509
612195	0.0003105997168
612545	0.0007757095369
612763	0.0005467049806
612835	0.005597444063
612865	0.0007274346675
612880	0.003385089359
612910	1.348342323e-05
612948	0.001772097522
613013	0.0003657784814
613115	0.0003233700445
613275	0.0009863147435
613451	0.001488171748
613463	0.008468181514
613484	0.001380495751
613513	0.002287854818
613605	0.004710982551
613750	0.000528815969
613752	0.0001320702845
613827	0.001477061803
613829	0.001099499155
613830	0.0009597225557
613944	0.003271614643
614130	0.003477435836
614203	0.001700021128
614234	0.001041338192
614277	0.003665395411
614332	5.392683925e-05
614341	0.008625783423
614470	0.001346380629
614492	0.002283951962
614546	0.002892644206
614651	0.001633444202
614695	0.005771970467
614783	0.001280643819
614858	0.0006353727884
615119	0.001326333264
615150	0.001911789789
615173	0.0009513516129
615202	0.006977619737
615300	0.003938302622
615314	0.004379276938
615470	0.001641677335
615484	0.000187546551
615514	0.003284243717
615560	0.0005127163064
615578	0.001018885977
615619	0.002871955984
615737	7.308338815e-08
615887	0.0009002606478
615935	0.005385091964
615970	0.003371164448
616055	0.001314036182
616098	0.001680870497
616265	0.0008525343024
616360	0.0001211706826
616416	0.001956508762
616493	0.004897427294
616567	0.003559284587
616742	0.0007495476457
616797	0.0009282558746
616815	0.001128586236
617024	0.00117712739
617080	0.002997428491
617098	1.506357682e-05
617144	0.0001048562357
617145	0.0002179533958
617208	0.0006021846591
617233	0.001335320971
617473	0.000710353187
617534	0.001248490117
617602	0.001342767849
617696	0.0008106565346
617739	0.004606153866
617741	0.003497669072
617754	0.00198686111
617795	0.0003234810994
617836	0.0004360776496
617841	0.0007480637916
617852	0.001268865542
617920	0.000771499619
617922	0.001090698026
617934	0.00148122389
617943	0.004404772316
617970	0.007917325192
617979	0.0005714332011
617996	0.006304550568
618066	0.0005133694026
618190	2.037654949e-06
618291	0.001870613815
618490	5.827007769e-05
618715	0.001107124015
619000	0.007656604145
619026	0.0002871377985
619113	0.0002608653743
619130	0.001399949906
619369	0.001088382808
619672	0.003667116945
619775	5.085755751e-05
619781	9.543052036e-05
619789	0.004107758529
619922	0.0001684271704
619948	0.001325018752
620001	0.0003538219994
620059	0.000477489743
620274	0.0004784809663
620288	0.000271297363
620474	0.003176345579
620501	0.002446045213
620542	0.002263583676
620770	0.0005262311194
620794	0.00149509063
620888	0.0009238023598
620966	0.004447919459
621109	0.0004185924594
621113	0.0008586746986
621151	0.005463846469
621452	0.0006836877702
621485	0.002096127934
621502	0.001191210579
621503	6.898257926e-05
621516	0.0002664313555
621531	0.00185858428
621559	0.00450032643
621621	0.01010061325
621736	0.0008328710334
621743	0.002023031852
621804	0.0001527978637
621956	0.001080620337
621973	0.001779335476
622049	0.0003614911322
622211	0.004231005938
622294	0.0002360116033
622481	6.995582246e-05
622536	0.0004418862345
622647	0.0008664054959
622656	0.00455901247
622708	0.0001699249574
622780	0.002001709947
622859	0.0006753731974
623067	6.24571777e-05
623103	0.006569226284
623236	0.002566286619
623287	0.0001090129421
623371	0.0007236145379
623395	0.005290323618
623607	0.00217454567
623691	0.003838263672
623890	0.001826577872
623959	0.003455356806
624001	0.001818568786
624126	0.001124848729
624345	0.001238793227
624546	0.0002378311034
624578	0.001741381794
624623	0.0002438041899
624656	0.0009794173981
624762	0.003645140992
624904	0.0005305405143
625132	0.0008510799408
625145	0.0002002537185
625311	0.0006375609407
625323	0.001974853976
625493	0.001414695553
625700	0.001870731779
625740	0.002927329122
626105	0.001489398019
626179	0.003047914342
626215	0.002147348569
626236	0.001924042425
626400	0.004695399094
626591	0.0006608837243
626815	0.002310235979
627037	0.0004211710588
627039	1.570657664e-05
627070	0.001589807124
627170	0.0007005267633
627216	0.0008217593006
627282	0.005568903843
627372	4.200010947e-05
627407	0.0004019080842
627433	0.002425340975
627487	0.002398949567
627592	0.0001297683594
627597	0.00105793563
627743	0.0006251916382
627794	0.00250798016
627841	0.003721240882
628144	5.929422873e-05
628245	0.0005494733522
628261	0.00186528247
628552	0.005663793987
628617	0.0001543943334
628771	0.001445123975
628791	0.00362882867
628814	0.0003804448908
628902	0.007186263765
628949	0.00559528595
628975	0.001768130254
628979	0.004427682437
629102	0.001206764737
629216	0.000224281294
629340	0.00227161615
629350	0.001454439461
629455	0.001271830747
629463	6.138691662e-05
629532	0.004013526718
629547	0.002123018346
629581	0.001398254166
629653	0.001912114413
629730	0.0006930280007
629758	0.001008548882
629771	0.005810599928
629867	0.0007468725968
629975	0.0002623996516
629991	0.003431483767
630083	0.0005298623746
630105	0.001573858733
630245	0.0006793483487
630370	0.000866828985
630409	0.0005096627788
630544	0.001109530569
630676	0.0001593649046
631008	0.001356169077
631094	0.001248474188
631178	0.001668454152
631512	0.004213417854
631557	0.001235908417
631579	0.0008072090623
631744	0.0003342388482
631818	0.003945845672
632091	0.003035604191
632198	0.0002485589443
632232	0.0001225302646
632233	0.0002644481824
632296	0.0009059887944
632337	0.00666280429
632458	0.0004252756741
632469	0.001651354782
632561	0.002094689673
632594	0.0009275096498
632685	0.0007656486446
632733	0.002180509341
632745	0.00609815002
632765	0.0009185611097
632853	0.00365648641
632962	0.000895080476
632977	0.002250503061
633207	8.568892252e-05
633242	0.0009706484633
633278	0.002844372811
633334	0.003806348752
633378	0.0007485850241
633527	0.001260021798
633563	0.001173777869
633630	0.0009656813991
633637	0.003959464795
633796	8.219588774e-05
633973	0.001541164324
634047	0.001899642721
634072	0.002350929967
634118	0.0005474709828
634269	0.001009020196
634284	0.001914213245
634379	0.003749229725
634383	6.483149483e-05
634457	0.0004382797237
634466	0.001469402245
634499	0.004647682583
634566	0.005154144811
634749	0.002895730884
634838	0.0009211928257
634843	0.001888012132
634903	0.009095579639
634907	0.0009484723077
634952	0.0001205731123
634996	0.001917752979
635028	0.0002348808203
635155	0.002579456644
635203	0.000132907049
635230	0.004451633696
635258	0.001280236502
635445	0.0005172167249
635451	0.003812993189
635481	0.0004068535646
635500	0.001842772338
635706	0.001286486104
635741	0.0003309071877
635872	0.003506988817
636324	0.0007982453454
636340	0.002566921005
636585	0.004167516651
636657	0.001651353615
636790	0.004502028264
637161	0.0006427811579
637173	0.005016616889
637223	0.001874361325
637329	4.779486328e-05
637418	0.003759198273
637525	0.005096768143
637553	0.000611593113
637818	0.003229422935
638286	0.0003469533463
638336	0.006371122315
638439	0.005463028906
638474	0.00511502461
638605	0.002321711988
638614	0.002032785835
638617	0.0001482298223
638661	0.005466993337
638774	0.001679691147
638915	0.003711574234
638954	0.0008946941418
638956	0.001703587812
639047	0.0002975778594
639099	0.005749740849
639515	0.003242148404
639580	0.004866166807
639761	0.004836422823
639799	0.008207123569
639899	0.000941095726
640051	0.00406033646
640095	0.0009124309369
640116	0.005217123177
640151	0.00492859431
640185	0.005692045351
640296	0.01010455457
640345	0.002321993515
640384	0.001434390432
640460	0.0008577324452
640535	0.0002871496628
640578	0.001038566894
640592	0.001313913134
640631	0.001095865029
640755	0.0001938834301
640798	0.001604548027
640853	5.024482935e-07
640887	0.006577038566
640945	0.0007764182913
641111	0.007114675577
641184	0.002464978428
641264	0.001098444961
641333	0.0008666593974
641335	0.0008344871232
641350	0.005844989189
641843	0.001257294454
641876	0.004269228811
642088	0.0004890976989
642102	0.001357997231
642147	0.0001262598094
642346	0.002519457313
642445	6.034925747e-05
642457	0.001519880452
642501	0.0004178765217
642515	0.00439786289
642587	0.007413990166
642612	0.001781035527
642796	0.002439478375
642807	0.000466597021
642895	0.000908354313
642897	0.00264539562
643023	0.002168130206
643169	0.000972402305
643258	0.00267738269
643296	0.001445719674
643305	0.0008079628275
643374	0.002697856284
643399	0.008470404298
643533	0.005233555134
643581	0.001011500429
643600	0.006918403952
643680	0.00286176146
643720	0.0006064469436
643946	0.001233791595
643994	0.005308754601
644013	0.002902639539
644017	0.001813658424
644163	0.002054147563
644193	0.0005691257871
644200	0.001494421201
644205	0.005325010791
644259	0.003785369311
644277	0.002245486209
644308	9.964924214e-05
644326	0.005440783229
644385	0.0002880603818
644406	0.002183609461
644427	0.001516513241
644432	5.81837565e-05
644457	0.001183147348
644468	0.003830727927
644563	0.0007755495123
644576	0.0004629984607
644613	5.310726205e-06
644660	0.0001851628355
644662	0.00205328095
644677	0.003153322673
644773	0.001573170035
644896	0.0006067332436
645037	0.002257184839
645074	0.0008037391641
645111	0.005619543966
645168	0.0006779717579
645224	0.0006614231055
645232	0.003000169641
645274	0.001519189495
645346	0.003953434579
645401	0.002076213753
645816	0.004170669062
645819	0.00217146449
645935	0.003099557719
646010	0.005150335958
646160	0.001309647172
646352	0.002468401728
646502	0.0008576845782
646525	0.002909803202
646779	0.00127953029
646780	0.003011865488
646853	0.003721960694
646882	0.002210743884
646892	0.002075082119
646937	0.0008743903423
646942	0.001659569143
647017	0.0002939827936
647088	0.002071486296
647091	0.0002354343214
647094	0.0001188987463
647172	0.002327814534
647269	5.535800202e-06
647296	0.001175196018
647317	0.003719638278
647399	0.006213687993
647744	0.004382209818
647765	0.003271671175
647852	0.0116596209
647875	0.003002154455
647883	0.002404531743
647941	0.00783859431
648051	0.003145914053
648230	0.003458329269
648243	0.0009347523361
648354	0.001444253896
648358	0.003612557164
648401	0.0010381042
648434	0.001621458347
648580	0.002770998605
648623	0.007401358
648635	0.004267918362
648720	0.0007129816913
648744	0.0003316381385
648783	0.00470465141
648932	0.008003447887
648933	0.001209736407
649014	0.0003586747602
649138	0.003462544805
649212	0.005622496755
649247	0.002982548764
649248	0.002126052858
649286	3.355864353e-05
649307	0.000205935345
649361	0.003038649835
649570	0.0004856285741
649633	0.001399026884
649679	5.040132597e-05
649746	0.0024879678
649811	0.0004141657381
649829	2.200323174e-05
649948	5.88556638e-05
650053	0.0004486791273
650154	0.000682872798
650384	0.0004825603114
650405	0.0002604400733
650444	0.001979590652
650572	0.0008894249536
650657	2.019648016e-05
650671	0.00104963641
650707	0.002669708852
650739	0.003430091935
650806	0.01247194195
650807	7.05231857e-06
650862	0.001632906076
650889	0.0006313479435
651046	0.001247620823
651067	0.00156321779
651214	0.002681479851
651248	0.0007369072312
651364	0.0002427684398
651368	0.0002882951541
651387	0.007615556817
651640	0.0004565733584
651794	0.0008641024718
652020	0.0003587210948
652026	0.0005348744339
652125	0.0004810653225
652167	0.001266053454
652268	0.001026125501
652530	0.001713265449
652582	0.0007814127293
652860	0.001560519472
652948	0.001564928231
652980	4.110940583e-07
653131	0.006488538278
653212	0.0005935420523
653301	0.0002769293396
653446	3.975051158e-06
653469	0.004878155959
653518	0.001109828597
653571	0.001868517433
653587	0.00117652629
653643	0.0003463859712
653733	0.006258604374
653771	0.0002402420521
653772	0.001227272747
653811	0.0030049251
653815	0.0090967711
653964	0.0006730014466
653985	0.0005937582658
653998	0.002503499715
654037	9.405265243e-05
654064	0.001558917287
654203	0.005315874034
654287	0.004545860215
654467	0.003036349635
654578	3.822413457e-07
654636	5.500393515e-06
654695	0.003952316525
654733	0.001984994882
654996	0.0003451001291
655027	0.001290449787
655296	0.0001743940296
655605	0.00478074754
655611	0.0005228481881
655793	0.0005380138057
655861	0.001500230136
655893	0.001293755241
656105	0.0005792279049
656111	0.0004522100427
656137	0.0002954730905
656196	0.007152243812
656260	0.0008212337966
656365	0.006114362958
656468	0.003148972985
656623	0.001646241457
656640	0.00103381718
656696	0.002746833714
656765	0.002225588843
656778	0.001900018981
656914	0.0004559385401
657034	0.0006405864435
657232	0.002881515252
657250	0.004323692479
657258	4.433132833e-06
657330	0.004527977221
657368	0.0001619884258
657413	0.002905720809
657430	0.001753877082
657600	0.0001398183912
657634	0.003018868716
657635	0.003017310263
657651	0.001418006081
657794	0.001954589675
657878	0.001089936187
657998	0.0008276486222
658201	0.003022113018
658279	8.769011779e-06
658449	0.003308322909
658591	4.373223779e-05
658962	0.009130460145
659036	0.0009400026804
659088	0.0008424222996
659210	0.003523634743
659264	0.001187162533
659314	2.727830584e-05
659363	0.003063313723
659447	0.01182233078
659497	0.001230682259
659775	0.0001959172404
659779	0.009275710431
659831	0.000943599208
659886	0.0001618674279
659894	0.001567894582
659901	0.001110396736
659960	0.00311444598
659986	0.00372528859
659999	0.002022543897
660017	0.009663569588
660077	0.004364394838
660159	0.0002548488666
660181	0.005496512589
660216	0.002377942828
660239	0.001667899105
660397	0.001272359555
660411	0.004225706183
660735	0.003203947677
660739	0.001245258549
660772	0.001695087986
660865	0.003010291644
661072	0.001342466994
661241	0.000312802917
661437	0.004879567014
661480	0.0003339258231
661667	0.0005026889781
661671	0.0007922118844
661679	7.039949153e-05
661762	0.0009911924298
661878	0.001371054021
662118	0.001398392611
662346	0.003398417768
662423	0.0005039127844
662496	0.0007086822108
662561	0.003812608411
662598	3.496004809e-05
662648	0.009085496805
662752	0.001599468191
662941	0.0009354849007
663023	0.001981252436
663078	0.001365205451
663111	0.0006388478014
663257	0.000497847305
663334	0.001414282913
663339	1.450248484e-06
663389	0.0008356171442
663564	0.001500157696
663659	0.0002265466515
663670	0.0008109875453
663682	0.004300914852
663711	0.004100234314
663810	0.002426846993
663813	0.001590266256
664041	0.0007475625686
664182	8.802335791e-05
664312	0.0008614118512
664315	0.007058727606
664352	3.311591025e-08
664452	0.0006056526208
664461	0.000258272524
664496	0.002441393838
664558	0.003024250795
664632	0.002732997619
664785	0.005141113644
664897	0.0004506188734
665057	0.008582369054
665125	0.0008468250668
665139	0.002845057425
665140	0.002272968552
665213	0.0005849250645
665251	0.0006627899478
665350	0.0007340426735
665596	0.0007434884743
665674	0.006518485522
665768	0.002681476545
665834	0.001516507355
665858	0.007166193988
665896	0.0005099285467
665947	0.0003783701347
666018	0.0001929322751
666078	0.0002057777937
666080	0.0011138495
666082	0.002184134644
666090	0.0004344995494
666112	0.0006417537754
666140	0.001591899888
666186	0.0004730165309
666291	0.001756515496
666323	0.0009777931588
666371	0.0002093107027
666382	0.0003534930689
666416	0.004058689685
666427	0.007790455432
666735	1.756488996e-05
666805	0.0009062259736
666966	0.004945343319
666996	0.0003880308371
667033	0.001008524663
667078	0.005093279869
667131	0.0005136360064
667176	0.0008875337813
667303	1.984546047e-05
667333	0.0005129128023
667374	0.002005106177
667398	0.002625974975
667464	0.01071965728
667738	0.00159946285
667808	0.0008631898353
667876	0.002231013288
668210	0.0005248885743
668221	0.0009361883049
668264	0.001932455338
668308	0.0001739771357
668392	0.003473338137
668436	0.0003442287482
668477	8.763244227e-05
668623	0.001622143434
668796	1.894458452e-06
668821	0.0009332494209
668891	0.00254267678
668909	0.0008908302062
668978	0.001788947322
668983	3.654169407e-07
669002	0.01139501507
669027	0.002625300407
669031	0.0004123956266
669081	0.002143182492
669083	0.0007881635322
669181	0.001640896402
669259	0.0007133186831
669354	0.002148719862
669429	0.0004128963668
669480	0.001306481633
669524	0.0004382749455
669569	0.01099759006
669573	0.0006690774771
669709	0.006096190825
669880	0.000277818574
669891	0.0005052635435
669911	7.177968708e-06
670059	0.004164944205
670284	0.007040680453
670332	0.0008983055502
670498	0.0007168354579
670546	0.0005187325339
670551	0.00303087718
670759	0.0007236063934
670983	0.0009856953307
671091	0.01408728384
671201	0.0001510602191
671289	0.00269963225
671363	0.001049672837
671390	0.003206195506
671439	0.0003839216979
671521	0.00128027128
671694	0.004487408461
671716	0.00535069833
671805	0.003144568587
671892	0.0007946344034
671912	0.007534831788
671964	0.002485910723
671989	0.001022872545
671994	0.002679387408
672032	0.001760865973
672159	0.0006311385817
672245	0.002457042228
672317	0.001465673968
672343	0.003249763781
672375	0.001941499782
672513	0.002287337321
672522	0.003536025857
672571	0.0002788858155
672607	0.003693985647
672636	0.001633713313
672690	0.001435066152
672986	0.001236096519
673100	0.0023219069
673185	0.0006584442006
673419	0.005819090693
673482	0.00226442157
673590	0.01310971947
673830	7.22389061e-05
673844	0.003117548956
673904	0.00152892148
674125	0.00049434457
674154	0.0006936494485
674256	0.006527290496
674297	0.001481344862
674406	0.001696759507
674717	0.001889878479
674751	0.001035947436
674805	0.00163584146
674894	0.002147348321
675030	0.008712321454
675090	0.003659107638
675224	0.001192730556
675502	0.001044984762
675732	9.862402519e-06
675789	0.001994851857
675798	0.0007675002118
675855	1.704898414e-06
675865	0.0006957436517
676045	6.352289555e-06
676149	0.003188713532
676151	0.00121582019
676200	0.0007497176377
676207	0.001716042284
676296	0.0008878253327
676469	0.0001716731473
676477	0.001507531846
676499	0.001732983662
676598	0.001134778211
676612	0.0002411040203
676738	0.002638845295
676987	0.0002539448485
677067	0.005388378288
677182	0.002093013708
677459	0.003030629921
677507	0.001319363042
677514	0.000295204302
677542	0.006093243649
677599	0.0007928813593
677620	0.000938277137
677668	0.003042189482
677783	0.003653102593
677796	0.004888573098
677835	0.0006745454493
678090	2.997522778e-06
678178	0.001385619376
678297	0.002050635057
678323	0.0002286948417
678367	0.0006003934393
678400	0.00178582223
678489	0.001566396079
678546	0.002966406182
678732	1.009726127e-05
678765	0.001350219389
678787	0.004389623197
678799	0.0007702216604
678814	0.0003907092153
678820	0.0008981736273
678870	0.001433666032
678919	0.00307042138
678977	0.0001695964706
679231	0.001117932237
679458	0.002472970909
679599	0.0007689581859
679773	0.001653146779
679817	7.491047285e-07
679963	3.035244464e-06
680065	0.0001326361585
680248	0.00170264794
680266	0.00239394756
680476	0.002911020411
680525	0.001214181995
680605	0.001064027966
680784	0.001135464066
680901	0.007329347201
680912	0.009616615559
680965	0.002169584434
681351	0.000137082134
681627	0.002675709052
681737	0.003156481194
681847	0.002722112316
681949	0.0001304466519
682022	0.005074731258
682070	0.002206888057
682304	1.20663719e-06
682631	0.001391024868
682678	0.005984182758
682723	0.003510222486
682730	0.0007677251798
682804	0.001434920049
682820	0.003745130947
682953	0.004541240941
683015	0.006318111464
683064	0.002707893569
683271	0.006732188573
683295	0.003970631657
683382	0.0002640368947
683458	0.0006042506313
683667	0.003870148721
683689	0.002431887467
683717	0.006266200754
683728	0.000321842098
683753	0.003305015501
683943	0.001609005777
683988	0.002124253474
684033	0.001652146206
684046	0.004092587546
684368	0.0009886997088
684393	9.948843135e-05
684555	0.001190562404
684640	0.001294656276
684711	0.002625616143
684824	0.0008117348867
684835	0.01267234663
684842	0.001992377816
684898	2.273578528e-06
684906	0.001424118356
684986	0.00489183403
685177	0.00053351216
685188	0.006514547396
685399	0.0006008797605
685415	0.001815792001
685534	0.004115692041
685733	0.0003065317613
685816	0.00302382644
685930	0.0002451704189
685988	0.0004076283949
686125	0.0007817100801
686209	0.003996483283
686244	0.003112278909
686306	0.004338958974
686628	0.0005582669133
686720	0.002191751029
686851	0.003289524203
686893	0.0003878383577
686910	0.0001291269749
687073	0.004449790053
687125	0.001656326114
687200	0.001596567015
687241	0.003412973039
687333	0.0006261488763
687637	0.001175878807
687700	0.0001202421604
687854	2.759849509e-06
687899	9.768085902e-05
687927	6.293343597e-05
688111	0.001078582613
688163	0.0009223664319
688182	0.004163519956
688230	0.002167979958
688363	0.001985689275
688449	0.0003900396312
688492	0.005327104991
688595	0.003460148133
688644	0.002353812556
688659	5.960728887e-05
688688	0.003621946386
688788	0.001046246211
688978	0.003024427897
688991	0.007692434685
689047	0.001584412112
689163	0.003344902724
689263	0.0005820185275
689357	0.004061540041
689383	0.0005823208185
689460	0.0004679742533
689559	0.003427931728
689579	0.006082212897
689779	0.0002014349844
689791	0.0005136296105
689883	0.0005898188771
689885	0.0001651075089
689898	0.002596527596
689964	0.003170563045
690061	0.0007201907372
690206	0.0005455842278
690519	0.00219944375
690634	0.001095309399
690700	0.003882694867
690715	0.004452122588
690973	0.002783297841
691058	0.001269442873
691291	0.0002279790438
691328	0.001813344166
691379	0.0003954443559
691400	0.001183516748
691541	0.000803247286
691602	0.0006958201551
691692	0.0002085992686
692012	2.007509318e-06
692016	0.001459787873
692031	0.001042941247
692044	0.003598376508
692092	0.0002473881409
692252	0.0003456556952
692277	0.001504409099
692344	0.004008767204
692376	0.005895464779
692466	0.004237350545
692493	0.002695516446
692539	0.002669107764
692686	0.001832020882
692794	0.007151032343
692852	0.001853372839
692855	0.000883071603
693217	0.001464555031
693317	0.001956460983
693462	0.0001466523613
693545	6.499427026e-05
693570	0.0008553041356
693788	0.004206490325
693793	0.0002164297076
693921	0.001635033838
693966	0.002713497015
693996	0.001572902677
694041	0.000742767725
694044	0.0002144237673
694131	0.0001691423191
694166	0.003280387706
694203	0.001855510121
694220	0.0007443240215
694315	0.0009045399268
694407	9.946192355e-07
694518	0.00214941049
694559	0.0003152648259
694579	0.0002856842325
694784	0.003105523858
694859	0.001588003414
694913	0.001391927883
694918	0.005979647834
695215	0.002821796585
695225	0.001527155229
695293	0.001081056278
695345	0.00243511245
695347	0.000801846445
695512	0.0008960267587
695649	0.003183346274
695684	0.002092707037
695894	0.003371312707
695936	0.003703446987
696045	0.0014789239
696056	0.002206622266
696107	0.001067681779
696281	0.001113470859
696544	0.00368390778
696633	3.340731939e-06
696677	0.005773338456
696687	0.007034900619
696719	6.410289589e-07
696860	0.004125213998
696979	0.006550352203
697029	0.001686852545
697142	0.004315926684
697181	0.000862642546
697362	0.004195356925
697562	0.0009090278504
697714	0.001546972053
697761	7.473393273e-05
697794	0.00933938406
697988	0.004605377971
698001	0.001487780195
698057	8.852691158e-05
698128	0.0005560515143
698145	0.001772298203
698189	0.001570183839
698287	0.0004563349701
698294	0.0007693785205
698509	0.001223273686
698715	0.0003420947636
698821	0.0009145885984
698868	0.0001623067857
698941	0.002290078519
699124	0.001386577719
699356	0.002912190964
699452	3.966291134e-05
699482	0.003175895172
699651	0.001393523913
699735	0.0001089185624
699757	0.001892855017
699918	0.004749398702
699930	0.0001623589759
700014	0.003195327708
700032	0.0001668448075
700100	0.002680667592
700117	0.00104311756
700122	0.001164674097
700182	0.006058669804
700335	0.0008487270272
700587	0.005928427126
700620	0.00070362673
700623	0.0002239310167
701048	0.003298577275
701126	0.00166962618
701216	0.002924849086
701257	0.004359588506
701340	4.953045863e-05
701353	0.003030813935
701381	0.00893751483
701521	0.01009737307
701878	0.0001281226971
701938	0.003217730342
702071	0.0008975471902
702088	0.0007511519536
702381	0.001978779612
702387	0.0006128414434
702421	0.0002237426629
702439	0.0009480840503
702542	0.004313123901
702552	0.001829008691
702707	0.001554226127
702923	0.004447637652
703042	0.0001865490296
703435	0.0008811873873
703444	0.0005301205972
703511	0.002424265496
703549	0.00436023455
703587	0.001928563322
703664	0.002666817664
703686	0.001798992937
703798	0.00601968589
703925	0.001992114368
703929	0.0002913261904
703978	0.001339287379
704009	0.001124773867
704030	3.594620245e-05
704040	0.007255952084
704115	0.003338687101
704127	0.001497412775
704131	0.002270113491
704205	0.0005645110845
704359	0.002484355046
704438	0.005591683474
704445	0.001645321189
704463	0.001493193666
704503	0.006019746409
704504	0.001093164462
704533	0.0002966141361
704574	0.001771051595
704648	0.003017930416
704667	0.001290511626
704702	0.000351725724
704772	0.004370773459
704978	0.002041565395
705101	0.001432663067
705112	0.001489394495
705113	0.006305556202
705126	0.001395261618
705230	0.00487579398
705255	0.001667583532
705397	0.006943077866
705403	0.0008381913827
705406	0.004102333998
705464	0.002465476178
705714	0.0003331284453
705822	0.001341031621
705889	0.002399598947
705981	0.000631782537
706058	0.0002272804691
706091	0.0004859162848
706192	0.002059307428
706256	0.0001885228558
706342	0.0001514519627
706379	0.004772501666
706457	0.001388458686
706498	0.000501186387
706518	0.0001437537028
706600	0.0007034637806
706688	0.001020591819
706965	0.003070682328
707003	0.001080409835
707112	0.001431433398
707120	0.0001273239137
707189	0.0002223424025
707274	0.004055955431
707617	0.0009916069875
707630	0.001466671194
707650	0.0001057934361
707666	0.001583620648
707921	0.001316718539
707936	0.003522100869
707937	0.002484794585
708061	0.003949764632
708104	0.00695280267
708126	0.001120464096
708265	0.001511914752
708424	0.004061712628
708494	0.001918677486
708506	0.0005126714896
708630	0.001832272307
708780	0.002118330806
708821	0.0008043350651
708861	0.002836846438
708934	0.0008447515965
709149	0.003969740937
709282	0.003871369637
709646	0.001382279496
709666	0.0008862566836
709673	0.002134355998
709753	0.002770014729
709778	0.001566789803
709819	0.003439684468
709886	0.001973137188
709901	0.001548372299
710171	0.000761669716
710190	0.00341440644
710195	0.0004164956555
710275	0.005117567113
710292	0.0006097539011
710322	0.001704122694
710499	0.000511997887
710526	2.248456113e-06
710554	0.007128288168
710564	0.004587378088
710705	0.002754452667
710708	0.003300516534
710712	0.001386406704
710781	0.0003976304819
710826	0.001084106854
710910	0.0007696431464
710952	0.0003155067215
711249	0.00133487896
711255	0.0008178894976
711640	0.002895629443
711660	0.002217161988
711977	0.000591894492
711991	0.001678873231
712077	0.0001082718691
712082	0.001311614019
712182	5.922687254e-05
712433	0.0003740276769
712541	0.001524811321
712565	0.004622651155
712580	0.00120795189
713018	0.002989396704
713214	0.005221327274
713274	0.0005076409754
713360	1.757084521e-06
713515	0.009809982771
713531	0.00352071661
713610	0.00174530333
713681	0.0005191058423
713813	0.002565193524
713853	0.005706467601
714031	0.0009648865461
714127	0.002630337489
714248	0.0005416762464
714353	0.0004871010938
714402	0.0001357834833
714538	0.0002236550532
714614	0.001775015561
714768	0.001738592757
714863	0.001094142591
714910	0.003737003649
714911	0.000353271283
715001	0.005212053696
715166	0.001727882413
715305	0.005902991304
715333	0.0001297049942
715440	0.000814830607
715590	0.0009032715877
715748	0.002833188491
715815	0.000500800081
715865	0.001008587937
715982	0.003624053939
716046	0.00351866691
716336	0.001199257742
716468	1.041933777e-05
716490	0.0002962662155
716611	0.004020449441
716634	0.002061074145
716637	0.001232433057
716649	0.002477144761
716735	0.0006805123112
716736	0.005993420554
716832	0.001490471072
716902	0.001596689677
716906	0.00094643465
717192	0.008072654594
717226	0.001973390474
717302	0.007356320172
717338	0.001009560412
717370	0.0006218309224
717384	0.001848509761
717467	0.001911853774
717469	0.004241473997
717535	0.00132987809
717878	0.002907629828
718134	0.001923253658
718156	0.002229456693
718340	0.001705669365
718487	0.0001941181162
718522	0.001496525003
718529	0.001115301887
718778	0.006761570015
718823	0.001901427066
718931	0.003977608725
718939	0.002355451804
718992	0.001911100191
718995	0.004431727432
718998	3.671865814e-05
719141	0.002383729433
719205	0.00457230412
719296	0.003384786186
719434	0.002822253991
719463	0.007158975049
719638	0.001926628587
719817	0.001009561254
719841	0.01009722594
719874	0.00346194033
719922	0.003878141627
719990	3.3152125e-06
720045	0.000104022446
720289	0.003502477745
720302	0.003969923
720382	0.001393329082
720428	0.002958281634
720632	0.0007084923045
721021	0.0003789948744
721111	0.00444523111
721115	0.002560428342
721197	0.00163708829
721246	0.0009717328303
721287	0.0002136264995
721289	0.0003508939962
721341	1.576812164e-06
721477	0.0005028581655
721478	0.0004362928602
721532	2.360365052e-06
721592	0.00166013166
721735	1.877367597e-05
721844	0.003281873268
721962	0.005573171276
722031	0.0006306412437
722070	0.003964772603
722125	0.00346961463
722402	0.003263583515
722468	0.004962192544
722519	5.438369279e-05
722677	0.0006628584438
722828	0.001185383055
722878	0.001011456852
722996	0.002894871604
723018	0.001567917622
723111	0.001730780451
723204	0.001930751085
723238	0.001460035604
723243	0.001268378287
723257	0.0032624469
723343	0.003443604958
723481	0.0005926186964
723531	0.001726440828
723627	0.002000025644
723640	0.004719915062
723818	0.00106676691
724011	0.006006489367
724198	0.0003791966299
724233	0.002889543499
724376	0
724482	0.0002903665336
724501	0.0001184469606
724556	0.002704682049
724674	0.0003695767827
724681	0.00334635383
724689	0.002049980985
724696	0.0008484154046
724714	0.002418925452
724827	0.001162135381
724865	0.002804679895
724869	0.001005778267
724902	0.001399559791
725074	6.597450608e-06
725113	0.001388478983
725125	0.001067060064
725280	0.007581565976
725313	0.0008935128267
725403	0.001318660261
725516	0.0001065831994
725569	0.001738314705
726223	0.0004345948813
726471	0.002097944926
726577	0.0004589996908
726586	0.000568648749
726650	0.001197831138
726663	0.0009314542672
726834	0.005342773685
726954	0.005927633248
727066	0.0006790087029
727094	0.0006167491215
727121	0.007648312848
727136	0.002044199394
727435	0.0009168317147
727600	0.001634168595
727637	0.002994479239
727700	0.001201170268
727778	0.001347901333
727925	0.0006070115371
727954	1.632956954e-07
728022	0.0002704720329
728338	0.0007769707829
728459	0.001768823881
728530	0.000347677158
728558	0.002558322201
728817	0.0007956567519
728841	0.00628602667
729051	0.0008092427836
729251	0.002081513169
729306	0.0001249117953
729326	8.835730228e-05
729454	0.0008065969612
729692	0.003249504301
729695	0.009070526482
729745	0.0002541438742
730218	0.009482806324
730247	0.008198683521
730370	0.002675345354
730541	0.003245295413
730604	0.001854155383
730638	0.00160292909
730802	0.006417263524
730838	0.0004123368456
730944	0.0008373620192
731013	0.0005578172511
731056	0.005156342542
731148	0.008437597937
731169	0.002890457202
731347	0.001931081421
731362	0.001620025479
731522	0.002219218718
731590	0.002642067645
731657	0.001260366595
731797	0.0003602478537
731869	0.001673708486
731983	0.002239730058
731994	0.003146467459
732100	0.0005518275227
732244	9.530055714e-06
732343	0.0008513749076
732349	0.002918338981
732369	0.005512447714
732445	0.0004245774889
732533	0.001544658531
732555	0.006369977967
732560	0.003049054826
732611	0.002275483557
732730	0.002296302925
732775	0.006084299968
733016	0.000320278464
733195	0.0009311469803
733379	0.0009281576677
733412	0.001720492194
733515	0.003643120086
733601	0.0003474055675
733668	0.0007783148373
733945	0.005081753567
734083	0.004150822607
734263	0.001031777478
734326	0.0008005414814
734542	0.0004856860755
734548	0.0009659361492
734555	0.004304642389
734687	0.0006577336756
734710	0.0003576402393
734734	0.006006009312
734769	0.008865212248
734965	0.0017274062
735049	0.005037902995
735068	0.001523552721
735095	0.001163269267
735097	0.0005936096029
735105	0.0008390145001
735261	0.0008699629874
735398	0.0007682553737
735692	0.003386481483
736005	0.000271742706
736061	0.00273534267
736238	3.55643609e-05
736355	0.008022403682
736434	0.002162742409
736616	0.002475935842
736620	0.001064714162
736742	0.002845886572
736785	0.001485220186
736952	0.003218914404
736966	0.002015603955
736972	0.001053160293
737030	2.866239129e-07
737181	0.0004325018966
737210	0.003262982836
737453	0.001773771631
737613	0.00335281043
737871	0.003081339144
738033	1.023928719e-07
738208	0.003492219152
738487	0.0001311464452
738497	0.002410021083
738509	0.00047361899
738639	0.001607570369
738799	0.0006904664859
738836	0.001644520225
738962	0.0009595739355
739128	0.0003684000943
739220	0.003003831006
739432	0.001402726313
739982	0.0002503682471
740017	0.005202325336
740094	0.0006103070653
740135	0.003889730748
740144	0.003855443942
740191	0.00234716617
740413	0.007200660721
740416	0.0004492781438
740441	0.001903111334
740486	1.923006651e-06
740555	0.000663650821
740708	0.0002744845284
740935	0.0006164550622
740951	0.002750853034
741046	0.0002472653368
741103	0.002992557224
741113	0.001385513036
741153	0.01105601882
741260	0.0003440173607
741314	0.005211633344
741366	0.0003703985618
741456	0.001733046351
741555	0.007637253241
741561	0.001121676902
741737	0.001442536649
741771	0.0004356312175
741801	3.257920412e-06
742031	0.0002631952737
742161	4.210971658e-06
742265	0.006241939623
742306	0.0001804739287
742342	0.004164801912
742356	0.0008648482785
742430	0.0009560375539
742436	3.972815197e-05
742738	0.007466693283
742787	0.00206247564
742831	0.001348929349
742887	0.0008160582785
742922	0.003295924276
743019	0.002861811673
743075	1.620980634e-05
743132	9.363809106e-08
743365	1.754001316e-06
743559	0.001593536512
743680	0.001402934309
743792	0.002076932928
743842	0.0005688217962
743947	0.001160403397
744068	0.004524005571
744130	0.0007785238061
744174	0.002292618227
744211	0.0006131680995
744224	0.001076573925
744234	0.005649010726
744267	0.0009541551409
744269	0.001681104639
744476	0.0006894027032
744551	0.001290273664
744583	0.0003642291297
744642	0.0036775994
744679	0.01106181641
744769	0.0009924278703
744781	0.001813173377
744982	0.002235448303
745073	0.0005719194672
745323	0.002387777316
745336	0.0002155248497
745494	0.00332420475
745644	0.001233959729
745943	0.0007397061298
745969	0.002943182365
745995	0.002144841043
746599	0.005540780209
746620	0.0005770087638
746648	0.003925235124
746720	0.003658277019
746898	1.532467295e-06
746974	0.001844625519
746997	0.0006130149946
747022	0.001390553401
747036	0.001281639674
747116	0.001098838967
747181	0.001098973032
747189	0.001491792209
747234	0.0006232741709
747800	0.001135335912
747823	0.005126625627
747927	0.007355384306
748007	0.0006406672405
748030	0.002365030637
748085	0.0003680250136
748227	0.003588608892
748415	0.001922857532
748624	1.508486808e-06
748672	0.000171252263
749328	4.520131428e-07
749331	0.01582041005
749581	0.0019043181
749627	0.004596008493
749788	0.0006553998105
749840	0.00114207041
749873	0.005693376545
750097	0.0002844400811
750311	0.006884139783
750444	1.710608054e-06
750547	0.001841342131
750824	0.0004481555978
750827	0.0005795807003
750995	0.003201523163
751003	0.00671948354
751044	1.650314259e-05
751052	0.009850332874
751058	0.01350007537
751063	0.001792696365
751199	0.001661482408
751248	0.002272480942
751422	8.03045811e-05
751628	0.001744663578
751639	0.0003562171616
751793	0.0001043468117
751861	0.000215525138
751879	6.513937611e-06
752018	0.0009064374994
752359	0.002634441991
752363	0.001153332541
752430	0.003236376779
752475	1.105386246e-06
752578	0.003107484323
752819	0.003938642569
752841	0.0004916486148
752847	0.0003560854972
752943	0.002166511377
752994	0.001906139696
753130	0.0004020049327
753240	0.004622087144
753463	0.0006349563184
753547	0.0006718723629
753634	0.003155902863
753832	0.002645001651
753918	0.004764511121
753986	3.688427245e-07
754009	0.001263456496
754026	0.001778009045
754094	0.002067077383
754103	0.0003875658588
754113	0.0009898133754
754235	0.004844170516
754404	0.005684551782
754425	0.001274712258
754493	0.0003793522733
754526	0.007894216001
754670	0.0003511902998
754800	0.002697454807
754875	0.0001471002027
755018	0.0009745261503
755026	0.003257835713
755069	0.003891120237
755155	0.0004384004621
755439	0.002196881753
755618	0.001133009627
755623	0.001219245518
755652	0.0006255310965
755674	0.01005221489
755681	0.005490785177
755795	0.0001903480492
755871	0.001967969685
755940	0.001502197708
756032	0.005854334617
756064	0.0008214921246
756065	0.001050857214
756120	0.002580299776
756195	0.002199350801
756673	0.004543666766
756731	0.00396015328
756743	0.001199068641
756852	0.008437369848
756993	0.005193700395
757203	0.000502254955
757282	0.0002280149197
757347	0.002487029973
757351	0.005411665067
757358	0.003000841541
757453	0.0001708806619
757464	0.001350982597
757550	0.0001206828007
757588	0.005032213978
757731	0.007602432065
757770	0.0002068476523
757827	0.001740070422
757909	0.001644118227
758007	0.0007493542453
758190	0.00048093009
758202	0.0008398894879
758621	0.007257507188
758742	0.001973203469
758813	0.00557913773
758853	0.001591275102
758942	0.006268462244
758951	0.0004056283194
759189	0.00601848429
759256	0.0006037146428
759425	5.379622524e-06
759643	0.001623409094
759700	0.001738588417
759769	0.0002394511799
759947	6.157275451e-06
759950	0.004289222871
760066	0.006143767639
760091	0.001914366302
760205	0.0009078080102
760331	0.001381451029
760390	0.003267494887
760408	7.468208726e-06
760456	0.002916482224
760474	0.00429576858
760566	0.0001211983591
760773	0.001046887868
760801	0.000182296328
760856	0.0007665995482
761154	0.0009434061976
761221	0.00138074166
761224	1.218740085e-05
761329	0.0002285537965
761370	0.0004953533049
761672	0.001193758215
761901	0.001084106806
762126	0.001013700169
762169	0.0008031021526
762286	0.0009911317286
762326	2.670237928e-05
762388	0.001597263465
762555	0.00366165568
762572	1.953153548e-05
762704	6.221413737e-06
762737	0.001507679394
762914	0.0001926942491
762938	0.001797573394
762940	3.727185885e-05
763000	0.00109904815
763035	0.0006628935937
763052	9.969030914e-07
763103	0.004289625033
763157	0.002392842091
763216	0.0005753326279
763360	0.0004920886302
763536	0.00426220635
763574	0.00597357486
763597	0.001080894134
763642	0.0006091955674
763667	0.001404012467
763830	0.0007152491033
763857	0.001540761644
763899	0.0004563413381
763931	0.001551390996
764011	0.0001798192263
764142	0.003992937692
764784	0.00376262947
764786	6.262789167e-05
764887	0.0008429975885
764952	0.003596890891
765194	0.001230472753
765349	0.004770501036
765359	0.006043549666
765369	0.001255014085
765433	0.001548381202
765609	0.002912122858
765648	0.001010186769
765654	0.00342456157
765712	0.001442195453
765989	0.0004954550695
766078	8.46004922e-05
766112	0.001828689353
766206	0.0002024951226
766212	0.004055048757
766229	0.001770752299
766246	0.005915735171
766378	0.001371219306
766615	2.330674925e-07
766688	0.001179537553
766714	0.0006060029402
766919	0.0001888808956
766927	0.003419221358
766944	0.01126798105
767073	0.003457900601
767130	0.002362214608
767203	8.93101376e-05
767462	0.0001798676518
767797	0.001264520564
768082	0.0009986684834
768101	0.001714061536
768153	0.00152124376
768272	0.0001410035411
768305	8.324061925e-05
768320	0.0006433353875
768371	0.0004615753159
768676	0.005573928084
768859	0.001659171811
768863	0.0007610573285
769143	0.001946499936
769160	0.004069204296
769281	0.004693712301
769291	0.004101450633
769316	0.005668147546
769423	0.006843549715
769776	0.00927761992
769827	0.0009642857863
769844	0.0009365505479
769968	0.0005681285414
769974	1.611023345e-05
770149	0.0001854964429
770179	0.0009007678748
770323	0.002828925315
770328	0.0006618945698
770494	0.002417909169
770610	0.0005486267804
770708	0.0001984984325
770734	1.621537674e-07
770768	0.00115795536
770884	0.002081566236
770938	0.001772468112
770977	0.0003802382696
771040	0.00013975623
771044	0.001936868367
771054	0.0002689209331
771092	1.16933421e-06
771206	0.003169350236
771327	0.002704390416
771356	0.001219686324
771537	0.0024553886
771696	0.0007188629236
771791	0.007351412244
771970	0.002221643467
772005	0.001377961928
772048	0.004329075341
772326	0.00467734476
772418	0.00169330818
772530	0.0006306590599
772569	0.00114205169
772779	5.117004528e-05
772808	0.0003994227485
772897	0.001143872321
772918	0.003170897633
772938	0.00214569211
772940	0.001796227599
773207	0.001178492116
773276	0.002294194173
773384	0.00224370467
773397	0.0008874384064
773408	0.0003276328734
773435	0.007664483879
773437	0.002805458731
773445	4.453518965e-07
773594	0.001576085616
773696	0.002396823052
773768	0.0006180338979
773821	0.00104375398
773857	0.0027203963
774009	0.0007815313974
774182	0.006994683692
774217	0.002660798226
774306	0.002270914624
774317	0.003764739235
774348	0.002989637899
774411	0.005345129162
774425	0.003020412368
774464	0.0006331113859
774465	0.003644916252
774485	0.002588740678
774509	0.002356355681
774538	0.002842471578
774707	0.004429044119
774854	0.00291123645
774866	0.0004826162413
774890	0
774988	0.001811148656
775059	0.004818111525
775273	0.0004776960119
775381	0.0006074925198
775475	0.002091637385
775476	0.001898214263
775564	0.002349024874
775604	0.002401147132
775645	0.002430454959
776223	0.00197444743
776468	0.006483784087
776539	0.0006505565253
776612	0.006104639554
776821	0.0006868616173
776868	0.003775001193
777055	0.00112461474
777061	0.001142808769
777131	0.001411695232
777340	0.001381095626
777401	0.005103800733
777491	0.002145757432
777498	0.00266001321
777629	0.005981002122
777756	0.001039691948
777798	0.005813616393
777921	0.001075657504
777925	0.0006825482492
777932	0.0005632979988
778012	0.0006805930353
778030	0.003655542212
778104	0.001281488111
778279	0.002619197518
778359	0.002166460591
778422	1.788259154e-06
778426	0.00137775417
778438	0.002423528762
778448	0.0009088371146
778486	0.00192500981
778525	0.004192432959
778613	0.0003292175955
778848	3.340139224e-06
778929	0.0001003785896
779121	0.004380106513
779242	0.000724373214
779301	0.001046448331
779303	0.001762506321
779479	0.005506092338
779492	0.001205265177
779498	0.001120343303
779526	0.001714621682
779538	0.001806553621
779542	0.002420148189
779546	0.0003319365981
779554	0.002182491722
779569	7.01574425e-06
779595	0.001514524682
779639	0.0003455688716
779886	0.0006644413483
779921	0.002659553151
780017	0.00210853094
780072	0.001099321489
780290	0.001954951076
780386	0.00352832679
780471	0.002345606767
780914	0.004176719175
780992	0.002162491468
780999	0.01116632097
781343	0.0001161160108
781530	0.003489587587
781563	0.0008435367325
781694	0.000178732064
781763	0.001195338873
781826	0.001385231599
781880	0.001551623787
781897	0.0005936378907
781945	0.00300189927
781968	0.003419361268
782021	6.955054124e-05
782052	4.024881643e-05
782069	3.007077114e-05
782172	0.0003475399554
782192	0.006566863199
782281	0.001842297265
782303	0.001237764166
782358	0.0005195759534
782433	0.003459551156
782476	0.0006254073175
782730	0.002265741627
782823	0.003249461276
782972	0.007784970603
783067	1.532467295e-05
783240	0.001827054083
783268	0.002024396564
783383	0.0006650700934
783393	0.003283676709
783628	4.182588803e-05
783640	0.003218027579
783766	0.004651247885
783806	0.003025276183
783862	0.00606545561
784091	0.0002310818092
784138	0.0008406270402
784201	0.0002050434159
784307	0.003517311043
784325	0.0001273915283
784380	0.001025911209
784408	0.0008781118658
784415	0.002010577068
784501	0.007534504266
784544	0.004084539065
784759	0.0002912158177
784835	0.002880877582
784877	0.004270521775
785007	0.00135755975
785026	0.001640197519
785126	0.0015279642
785272	0.003288662002
785360	0.001551264194
785511	3.040954104e-06
785531	0.009734281398
785642	0.001992046582
785667	4.573140164e-06
785669	0.000416996194
785699	5.65188913e-05
785765	0.001863787598
785784	0.0002526058328
785787	0.0009041799245
785831	0.003030104411
785837	0.0002926001304
785889	0.0007399722055
785940	0.002211539393
786087	5.548751421e-05
786243	0.001036427297
786470	0.00135611219
786477	0.0007161631342
786491	0.0007019348231
786509	0.000543889494
786674	2.826138138e-05
786914	0.001812148446
786962	0.0003547826216
787011	0.0007655779174
787138	0.001309359536
787215	0.002467765136
787257	0.003429378452
787293	0.001541183087
787387	1.08677282e-05
787426	0.0001554009835
787708	1.461667763e-07
787861	1.148551122e-05
787955	0.008511983663
788001	0.00182005624
788185	0.002119756897
788201	1.032759629e-05
788302	0.003667444249
788324	0.002078779749
788356	0.0004714863896
788471	0.003681645134
788530	0.001316149907
788553	0.001663374463
788641	2.728065848e-06
788777	0.004239785421
788811	0.003471926951
788817	0.002133353382
788818	0.0004485868504
788886	0.004523615284
789156	0.0006277567577
789300	0.001049189556
789309	0.003094441622
789314	7.924979902e-07
789421	0.0009164937976
789470	0.0004218944753
789472	0.004410338035
789509	0.0003369486081
789551	0.0003785076989
789564	0.005590990545
789786	8.628942764e-05
790020	5.781961802e-07
790075	0.0008093649126
790117	0.00736576867
790122	0.001292463259
790223	0.0008250311003
790417	0.001689144703
790485	0.007045658762
790582	0.001004950832
790638	0.0003018513096
790696	1.446993989e-05
790803	0.001566635811
790869	0.001598880524
790932	0.003592160056
790975	0.005437070906
791205	0.002231638176
791334	0.0002513316853
791432	0.005191445251
791454	0.001136960199
791811	0.006182988838
791848	0.001766174249
791864	0.001049423071
791866	0.0004124065734
791916	0.0007258776445
792016	0.005369810722
792031	0.0002764673266
792112	0.00304559207
792351	0.007048609682
792364	0.000130673913
792383	0.002575438832
792641	6.847029768e-05
792866	0.0006146900755
792942	0.002517218893
793088	0.001147844011
793191	0.002028532669
793220	0.001955501106
793258	0.001187784172
793467	0.000849494535
793556	0.003002732617
793946	0.001603193895
793961	0.001769000685
793976	0.0003856155468
794132	0.0008973627845
794151	0.001730752193
794164	0.0003464978657
794211	0.001475775238
794334	0.0005945562412
794336	0.0007507557726
794378	3.769123487e-06
794404	0.004637416795
794489	0.001807483708
794535	0.0006832962992
794693	1.728878901e-06
794888	0.003538211258
795046	0.003515795879
795113	0.0008922303155
795237	0.001078361858
795419	0.004523276737
795813	0.006107096659
795850	0.001081088668
795940	0.002094902082
795968	0.001174600865
796054	0.009103273271
796104	0.005373011324
796123	7.320710445e-05
796204	0.0002734219695
796386	0.002563442253
796566	0.007420735239
796579	8.815683695e-07
796585	0.0009937800081
796700	0.002975200077
796866	0.002429398695
797004	0.001946851199
797119	0.001738779275
797184	0.00105556615
797187	7.169226719e-05
797234	0.00597381387
797293	0.0002731536879
797352	4.841774465e-07
797377	0.002558982182
797440	0.000370703865
797580	0.002092588371
797619	0.0008930107334
797772	0.004409008559
797793	0.002287064078
797922	0.008257079146
798035	0.004280858953
798052	0.0005468076466
798073	0.001516807718
798199	0.003588801225
798261	0.001548376526
798416	0.0008844777744
798480	0.0002074863839
798486	0.008440028522
798761	0.005357878988
798952	0.0008180012627
799076	0.0003021816617
799325	0.008140639343
799381	0.0003879043974
799423	5.176011405e-05
799441	0.001227211708
799462	0.0005783572776
799476	0.002119967225
799577	0.0007737393298
799579	0.0018137592
799646	0.0007229381079
799666	0.0008656745855
799681	0.002727617361
799832	0.001413667259
799884	0.0028679376
800043	0.0005449912507
800049	0.00198645069
800103	0.002077522563
800163	0.0008921545813
800319	0.002148696294
800350	6.571778654e-06
800408	0.002380592098
800461	0.000959114615
800523	0.003293505831
800529	0.000891153808
800563	0.0004879126821
800706	0.0004142827382
800742	1.709466126e-06
800900	2.225948278e-05
801136	0.002192765786
801268	1.640265293e-06
801341	0.002153705598
801448	0.0004492740693
801576	0.002132703462
801650	0.0003452564513
801824	0.0007015649786
801880	0.002166284552
801900	0.001900267852
802012	0.0009777349566
802103	0.0003697059845
802217	0.0004677778635
802258	5.048806e-06
802267	0.001459269303
802431	0.001428466477
802688	0.0002467023619
802793	0.003365645724
802844	0.000119807058
803086	0.01091725681
803147	0.002228923158
803200	0.000524764081
803363	0.004756096703
803537	0.005055620349
803542	9.727815781e-05
803582	0.004096827076
803651	0.0008439590027
803784	8.199952696e-05
803871	0.000924027484
803980	0.001807626737
803993	0.001848894154
804109	0.0005886526104
804113	0.0004667746917
804252	0.0003788279883
804303	0.000160151202
804315	0.00385125063
804694	0.004626627008
804702	0.001939104421
804704	0.001938836117
804733	0.0002578757711
804859	0.002205599157
805072	4.437987708e-05
805114	0.0006341157477
805277	0.000108447724
805308	0.0006642696073
805327	0.00177814318
805378	0.001029187268
805482	0.004798127954
805548	0.004231154186
805770	0.002531850533
805887	0.0004206288757
805902	0.0001895371244
805905	0.001568522872
805958	0.001727037366
805970	0.0009732981995
806057	0.0005064068534
806076	0.002273107717
806190	0.003884190692
806284	0.002858458728
806337	0.001284338709
806360	0.001497284789
806409	0.004751679252
806740	0
806841	0.001185403856
806877	4.55698667e-06
806883	0.00117170727
806955	0.001502933273
806964	0.008531824221
806988	0.0009818656856
807053	0.001822307606
807156	0.001007097871
807304	0.002565745618
807307	0.005714169425
807437	0.000733476292
807484	0.004086982539
807631	0.005019259171
807639	0.01022502297
807694	0.005798612723
807715	0.001419711864
807827	0.005075939535
807920	0.001897455442
807956	0.002518068296
807970	0.004878705581
808040	0.001622840116
808065	0.005110682395
808066	0.0005394949959
808239	0.008988606361
808247	0.001843707455
808428	0.0009660039904
808455	0.0006140113865
808551	0.004514930664
808791	0.001541249403
808818	0.001320571688
809027	0.005972774852
809105	0.003132268568
809214	0.0002387180838
809413	0.003462059207
809516	0.001193922363
809550	0.001247757418
809669	0.003722338007
809712	0.001840449636
809825	0.00253445689
809827	0.001481306587
809838	0.0007060527507
809856	0.0006607190727
809952	0.002430902449
810047	0.003153467338
810089	0.004759876324
810174	0.005233332331
810216	0.002412908543
810289	0.000273421291
810711	0.001803667309
810813	0.0007443749167
810850	0.001015451055
810921	0.001978187568
811055	0.001687467065
811093	0.005429074113
811208	1.322352554e-06
811256	0.0004387536629
811379	0.003617996599
811416	0.001916128356
811431	0.0008488476546
811600	0.000211451552
811700	0.005552302648
811870	0.002917394177
811908	0.003380098183
811935	0.0008232565414
812080	0.0003483619996
812122	0.00129937442
812168	0.001785103859
812314	0.001512541868
812420	0.0006388880026
812489	0.002547732536
812588	7.280818351e-05
812610	0.004221160834
812624	0.003237793616
812794	0.001540879113
812945	0.002169308263
812954	0.001390687775
813281	0.00194839644
813346	0.004322662418
813368	0.003906174299
813437	0.0007963650987
813465	0.00254683322
813481	0.0006190172915
813529	0.0006101881315
813572	0.005037999011
813656	0.002498926739
813671	0.0008138215858
813705	0.0001108918302
813801	0.0006258585188
813809	0.004378803392
813836	0.002428795019
813984	0.00141971996
814043	0.0004735135308
814058	4.710204804e-05
814148	0.005076179439
814278	0.002105397297
814547	0.007147014249
814587	0.001939821073
814772	0.002785850243
815018	0.004252580888
815046	0.0005728169419
815069	0.003371326434
815096	0.003082001578
815136	0.004370449036
815219	0.00186162275
815292	0.008109854105
815380	0.001814044163
815384	0.002057300783
815628	0.001200183499
815710	0.0005524609363
815767	0.00123665081
815769	0.003137490929
815781	0.001257313003
815788	0.0008288432722
816103	0.0003134234106
816108	0.0009401523498
816220	0.001284702538
816236	0.001139111508
816260	0.001003524843
816292	0.001926713979
816320	0.004961210299
816367	0.002983152986
816387	0.001218227589
816452	0.005726308795
816565	0.001720729137
816619	0.0002954687931
816634	0.001499207042
816695	0.0008382498746
816708	0.0116727384
816733	0.000296230549
816900	0.002766828551
816943	0.006633605663
816983	0.0005797073823
816989	0.001359723779
817048	0.001949455323
817051	0.0004454841486
817136	0.00233496179
817184	0.001960485044
817187	0.001315198502
817190	0.0004146328718
817338	0.002590447077
817378	0.002665660041
817407	0.001189410716
817448	0.0006629349349
817519	0.0004801664792
817617	0.002848752656
817636	0.0008473266716
817758	0.001647572562
817763	0.001799551072
818052	0.002788500951
818573	0.0008977973796
818611	0.002388484416
818654	0.00510717012
818696	0.002063684671
818708	0.0007049698721
818777	0.001452011755
818805	0.005661836781
818822	0.0009921935564
818892	0.0002989100763
818903	0.006429433249
818916	0.002712713558
818936	6.227447058e-05
818974	0.002197258266
818987	0.000469130948
819163	0.002013734673
819205	0.001545653807
819356	0.001573410631
819555	0.0006264213704
819616	0.0008163433003
819727	0.003714174847
819825	0.003992187161
819845	1.352042681e-06
819906	0.0006049761713
819943	0.00112408911
820099	0.005431863977
820125	0.004035423618
820268	0.002867804553
820624	0.004779362742
820638	0.00018694826
820688	9.116265159e-05
820811	0.0007267182107
821010	0.006972282797
821063	0.002016321345
821093	0.001545538984
821151	0.001886565451
821218	0.002976291922
821307	0.0008194389672
821540	0.001316105366
821615	0.0017268936
821709	0.001054134648
821777	0.0001346740048
821838	0.00228829964
822132	0.001502480702
822148	0.0001297780304
822186	0.0006858605023
822202	0.001007895373
822403	0.005361061731
822485	0.001383859903
822489	0.002337162597
822542	0.002129413837
822668	0.005831001843
822772	0.0001558317955
822790	0.0006132012229
823007	0.001834765711
823017	0.001620346263
823070	0.00232986263
823262	0.001627559781
823350	0.008019406158
823358	0.003748940469
823359	0.001839853823
823389	0.001272954902
823397	0.002189078622
823520	0.001855843894
823661	0.001539569519
823757	1.315124776e-05
823792	0.003640541539
823820	0.0005967760342
823889	0.001076398678
824010	0.0006407432965
824018	0.0009541342615
824214	0.001970120695
824399	0.003582200234
824470	1.025831933e-06
824608	0.001177502176
824620	0.002931216541
824627	0.0006471189688
824635	0.01089896922
824728	0.001065503415
824829	7.102791785e-07
825006	0.003868052908
825017	0.0006601180046
825111	0.002972163582
825235	1.651227801e-06
825257	0.0005092792174
825290	0.0016337645
825301	0.003426232557
825317	0.00216248625
825418	0.0006253827912
825437	2.722637233e-05
825817	0.002007772719
825875	0.003209449568
825959	0.0008915059693
826098	0.0001035624162
826111	0.001426125915
826324	0.0007889988512
826419	0.006826657245
826427	0.006570165548
826436	0.001005178529
826520	0.0003567082414
826563	0.001236695512
826753	8.696622119e-05
826780	0.001102168055
826901	0.002220927163
826905	0.004354521832
826987	0.002502877275
827111	0.0005600142854
827193	0.0007698050714
827230	0.001034071291
827454	0.0001350949829
827573	0.002010263704
827679	0.000768721089
827682	0.005808861189
827788	0.004361216083
827793	0.001589708938
827815	0.002402170885
827832	0.0004045581816
827873	0.0003970228712
827879	0.001344934308
827900	8.883247765e-06
827971	0.001156735623
828134	0.002561442242
828155	4.162975221e-07
828592	0.001788038623
828623	0.0006380546298
828731	0.001425008737
828866	0.000808408323
828936	0.0003166192869
829011	0.001192344558
829338	0.00356553476
829432	0.004779109733
829494	0.003565021102
829640	0.001436929822
829680	0.002904637588
829777	0.002459160473
829944	0.0001773086018
829949	0.001109915264
830010	0.00200077675
830028	0.001722893265
830154	0.002419383416
830272	0.002201160238
830337	2.03377953e-05
830514	0.0006821143957
830538	0.000820549572
830561	0.003454775493
830597	0.0004321363267
830645	0.002059498374
830668	0.0002270225922
830815	0.004720233086
830957	0.0002130162526
831043	0.004386590847
831095	0.0007596177867
831103	0.01236490245
831216	2.634427757e-06
831340	0.005061983976
831379	0.003659237636
832100	0.002621997536
832123	0.001609974281
832458	0.0009154457834
832512	0.0003861018415
832539	0.007204786537
832581	0.002230751766
832651	0.004353715591
832658	2.005225462e-06
832689	0.00607105815
832782	0.0007537384592
832899	0.003365867877
833050	0.002770636598
833110	0.007307102045
833236	0.0006971896264
833258	0.000821870109
833391	0.0002587165967
833482	0.001598825056
833497	0.003986855817
833532	0.0009304359135
833591	0.001852399488
833631	1.493288998e-05
833686	0.0002180695387
833834	0.002246011191
833894	0.004515377614
833946	1.879613389e-06
834025	0.0008642277855
834144	0.0003926809012
834216	5.322335806e-06
834226	0.0008028857995
834378	7.014202209e-05
834492	0.002762105894
834561	0.003091382479
834650	0.002241820749
834732	0.001780389817
834736	0.0009494275141
834906	0.002367558078
835035	0.0008413867294
835197	0.002367109231
835432	0.001956638408
835528	0.01224436399
835655	0.0004822524705
835768	0.001462287721
835819	2.047476796e-06
835825	0.0009094817438
835897	0.002177052122
836064	0.0005396143267
836123	0.002136976293
836156	3.277333187e-07
836283	0.001919666519
836525	0.002404834891
836555	0.0003111638732
836671	0.001947916983
836723	0.001198128522
836852	0.0006515217469
836996	0.003581073905
837015	0.006029023653
837085	0.001060556848
837202	0.001773019461
837372	0.001874327228
837422	0.001673992524
837516	0.0001204890675
837547	0.002758922267
837848	0.002126744982
837867	0.002414890359
837884	0.0008013829054
838082	0.004970481775
838192	0.002871070907
838202	0.001804411958
838227	0.0004214126424
838270	0.001136040359
838383	0.001031364657
838395	0.0004816930889
838424	0.002280005042
838514	0.0003817770614
838781	0.0003974097297
838841	0.003063662765
838850	0.008066270692
838893	0.0008613555355
839238	0.001371373803
839386	0.001447231402
839393	0.001608014858
839456	0.000967937105
839667	0.001068642108
839711	0.0005868355982
839734	0.00160788851
839838	2.831981291e-07
839889	0.000458396739
839905	0.001493981015
839963	0.0006371822791
839998	0.002743244938
840126	2.641716863e-05
840182	0.0001250891774
840321	0.0005387248687
840323	0.000232460333
840351	0.003063332598
840482	0.0004544439161
840526	0.004027784211
840586	0.002059156597
840646	3.03752832e-07
840657	0.001111262359
840671	3.206343334e-06
840678	0.001599070669
840786	0.002155371154
840998	0.001224983985
841003	0.005294111234
841031	0.000307447348
841040	0.002383635857
841089	0.004980493231
841201	0.002836321079
841454	5.594928101e-06
841507	0.0001347108959
841665	0.005733504366
841831	0.001703056032
841841	0.001087547049
841992	0.004449534354
842041	0.001881797408
842053	0.0003242002625
842227	0.0005972007172
842403	0.001021255431
842409	8.460353785e-06
842533	0.0006163622265
842641	0.01123203552
842800	0.001223507545
842863	0.002137676973
842949	0.002900272537
843169	0.001746992019
843225	7.492667264e-05
843341	4.659065994e-06
843406	0.001942931899
843459	0.001394127283
843700	0.007729715055
843840	0.004177066164
843847	0.0004573941192
843860	0.0007331182376
843919	2.844317775e-06
843975	0.006072080157
844112	0.005398782256
844179	0.002717049501
844238	3.928232113e-07
844373	0.001223983477
844423	0.0003050332346
844502	0.003024003069
844688	0.001746414909
844973	0.007148568591
845166	0.00477436038
845284	0.0007394647562
845305	0.000602041045
845545	0.001934912591
845706	0.0015039305
845883	0.001246802763
846063	0.001708675118
846121	0.001865883055
846276	0.001115382872
846335	0.0004810377998
846379	3.413162882e-05
846625	0.0003754304149
846654	0.000199368859
846825	0.001213255491
846906	0.002723367245
847004	0.001194734691
847187	0.00747178809
847343	0.001543196001
847404	0.001572335216
847518	0.0005053522608
847663	0.006089632691
847665	0.0003933392444
847668	0.001777091522
847744	0.0009429830386
847863	0.001543060204
848037	0.0002227982772
848052	0.0008774064535
848208	0.00247412835
848239	0.001775434064
848251	0.002690368286
848285	0.00131150495
848340	0.002112596131
848379	0.001336826115
848555	0.002161588216
848611	0.0001590261498
848632	1.726595045e-06
848634	1.696904919e-06
848714	0.001742364975
848718	0.0008804005971
848765	0.003297713618
848816	7.567975164e-06
848849	1.033444786e-06
849010	0.0008577667177
849018	0.0008711210321
849091	5.985996389e-05
849193	0.002749580077
849207	0.004855474213
849268	0.006119781408
849300	0.005704760659
849495	0.001723822048
849503	0.0001410701283
849520	0.003104950875
849720	0.0001414368776
850146	0.001006469274
850172	0.0005883024239
850228	0.0004651467649
850476	0.003193467311
850489	0.0002984725342
850515	0.001288609822
850773	0.0007574040866
850833	0.001309220028
850908	0.0004398507848
851012	0.00062637062
851058	1.541602719e-07
851158	0.000651823267
851207	0.003506963032
851249	0.002451794523
851263	0.001114608723
851555	0.002402776164
851662	0.002365977724
851769	0.00729087286
851961	0.004467296619
851981	0.0004734559919
851994	0.003335719985
851996	0.0004947328394
852093	0.0007822616766
852171	0.005622436969
852317	0.002849100726
852479	0.001081839929
852627	1.430169584e-05
852721	0.0001945996307
852738	0.002544444112
852767	0.0006366087612
853073	0.000809325231
853090	0.0002256493812
853177	0.003565279557
853207	0.002119956157
853268	0.002364412783
853338	9.920376443e-05
853390	1.192172769e-06
853499	0.0008754014083
853535	0.0004846438577
853556	0.002009075075
853576	6.813122731e-06
853688	1.360036176e-06
853771	0.003818714536
853794	0.001169921408
853918	0.0004541593106
853942	5.347648542e-06
854059	0.005952728643
854306	0.0005496525824
854355	0.004368548708
854452	0.003023457418
854536	0.0002407873526
854802	0.001525982736
854803	0.005397200409
854818	0.003250641197
854900	0.002663004041
854977	0.0002222617304
854987	0.001887953351
855000	7.01143755e-06
855048	0.001979027274
855052	0.001064310515
855191	0.002546310436
855358	0.001697851182
855432	0.0003654562977
855435	0.0007139430528
855562	0.002994751384
855603	0.001318353715
855674	0.001747592511
855876	0.001310928116
856091	0.003399507984
856183	0.003151775749
856223	1.752859388e-06
856278	0.001289919303
856395	0.0045123764
856445	1.24698531e-06
856561	0.0001160047209
856583	0.002935342304
856691	0.006471335583
856720	0.005356823206
856745	0.0003775437029
856761	0.001014098681
856899	0.003570951331
856945	0.0005737783956
857142	0.0005994281344
857191	0.003612813556
857210	0.001711071797
857241	1.048765652e-05
857245	0.00416096375
857318	0.002513873513
857485	0.0009506468931
857502	0.001895899611
857526	0.001485748789
857577	0.009671602275
857595	2.908881939e-05
857689	0.006114196762
857705	0.0003504716517
857735	0.000391692135
857756	0.0001215673557
857786	0.002712968798
857868	0.001317564225
857910	0.0001248529819
857914	0.01374637966
858243	0.0004798392145
858290	0.002472798693
858349	0.0008525686376
858362	2.259410167e-05
858383	0.0005604839408
858465	0.001792150706
858552	0.005282579542
858640	2.396526103e-06
858689	0.001377505462
858810	0.001276015416
858845	0.003083656968
858969	0.001538261001
859018	0.01325816641
859034	0.002942074431
859076	0.001318312024
859223	0.0002533013613
859246	0.006568252931
859280	1.450058546e-05
859660	0.002400159939
859781	4.038999123e-06
859804	1.822516992e-06
859813	0.00264536183
859871	0.005597622721
859901	0.000432181113
859962	0.004155013314
860145	0.001510340568
860169	9.282732222e-06
860241	0.002020223493
860245	0.002566561964
860313	0.008661084856
860606	0.001745111134
860621	2.6606921e-07
860778	0.003295427619
860815	0.0009628178512
860903	0.002504820885
860920	0.0002615727382
860941	5.986549704e-06
861234	0.0006514430392
861328	0.0007131991072
861384	0.001980412282
861423	0.001290489157
861449	0.001747132357
861569	0.0006935980177
861599	0.000405288335
861604	0.003541928172
861700	0.001607007932
861972	0.0002313023574
862044	7.565116261e-05
862098	0.002765079233
862444	0.001067783302
862491	0.008166679815
862650	0.00234285203
862656	1.13050866e-06
862794	0.0002100554757
862795	6.76211996e-06
862880	0.002548095357
862988	0.0006356892884
863000	1.901435228e-05
863016	0.001658752396
863038	0.005851187357
863050	0.0009171069158
863288	0.001727013689
863366	0.0003093935858
863418	0.001556846012
863647	0.001285516936
863684	0.004755703334
863757	1.32463641e-06
863844	0.0002439611834
863950	0.0128307619
863954	0.002109739867
864054	0.002633914808
864468	0.001982312773
864617	0.001492732565
864721	0.0001364794441
864951	0.003617965937
865021	1.033444786e-06
865082	0.005625789989
865090	0.001534806438
865187	0.00756761445
865301	0.0009183243969
865343	0.0003619970126
865357	0.004303205219
865418	0.001402498101
865444	0.002384447084
865615	0.004475377903
865631	0.001546096556
865700	0.003339652476
865853	0.002559812125
865937	0.001373760622
865943	0.0006774707378
865952	0.001157489706
866051	0.001250505201
866123	0.002113781913
866144	0.006292989918
866295	0.001172702158
866313	0.0005100203179
866468	3.775213769e-06
866604	0.0002824361293
866637	0.001952457962
866657	0.002197430064
866671	0.0007401209254
866764	0.0009250319109
866862	0.002209814616
867237	0.0001879782123
867303	0.003254130238
867320	0.007868308344
867627	0.002435571923
867660	1.294946284e-06
867788	0.001130372726
867944	0.001038987684
868094	0.001697195258
868220	0.01038371153
868243	0.002703932546
868244	0.001593034306
868280	0.01020942089
868331	0.001274120707
868452	1.476512826e-06
868458	0.0008313778543
868518	0.001696677705
868584	0.0003420360568
868604	0.00049743283
868668	0.003111936048
868697	1.494783673e-06
868823	0.004767730704
868957	0.0008870693298
869085	0.0003724746134
869140	0.008462844647
869182	0.001427810997
869342	0.0002643882957
869445	0.008628766827
869511	0.002510017634
869550	0.0004372769239
869601	0.0008668154479
869608	0.003868282092
869613	0.00317740742
869648	0.0001905041442
869787	0.0003933057396
869860	0.001592222529
869902	0.001978575654
870054	0.0004497520045
870152	0.001548889339
870331	0.001773012958
870402	0.0001167005481
870525	0.000905318927
870563	0.0008264711688
870600	0.0001785706874
870895	0.001496765288
870906	0.00100681574
870990	1.511912592e-06
871015	0.0004245690478
871085	0.001164985176
871176	0.002128661675
871220	0.0003882487061
871352	0.000487777643
871387	0.0006587623149
871584	0.001081199858
871758	0.00106351087
871782	0.001386362468
871988	1.221862896e-06
871995	0.0004442216857
872201	0.001501369409
872270	0.0001143045486
872339	0.003053590546
872528	0.000449518818
872610	0.001313540116
872647	0.0006668483238
872749	6.788457088e-06
872833	0.001788856296
872872	0.002459627578
873170	0.0007181582815
873174	0.003375101191
873209	4.695988331e-06
873217	0.001425703132
873228	5.846671052e-07
873284	0.001468702838
873324	0.001577501043
873387	0.008512910741
873605	0.004039760202
873624	0.001162766847
873782	0.0004397388593
873867	0.001424506107
874022	0.001057765663
874112	0.0006747984644
874302	0.008418145549
874360	0.0007632826727
874476	1.695762991e-06
874485	4.475215596e-06
874562	2.364704378e-05
874660	0.0006056906522
874912	0.0005781372053
875330	0.0013654673
875385	1.057425272e-06
875468	7.229101825e-06
875501	0.004263237236
875546	6.236068479e-06
875625	0.004256629934
875677	0.00349071375