node_id	error
3	0.0006138139858
216	0.0006969850417
377	0.002289131726
524	0.005917031317
564	0.001107795025
684	0.0003129025226
735	0.003827016227
822	0.002024416554
966	0.001503424462
993	0.00143828507
1024	0.001375405962
1109	0.002321600281
1127	0.003168037706
1143	0.002252307015
1335	0.002383794726
1714	0.001636922645
1745	0.002866530213
1857	0.003348176545
1897	0.008498897772
2033	0.002781346532
2194	0.004046509956
2223	0.000782084632
2497	0.003046630469
2601	0.001224902702
2734	0.001280838426
2786	0.003863736083
2887	0.0007302177397
3060	0.000421303518
3099	5.422786522e-05
3142	0.0001649237616
3150	0.001765982818
3257	0.002018729194
3335	0.0008804688652
3400	0.0004932056147
3409	0.001919351583
3492	0.0142273537
3783	0.002140034119
3939	0.002582213736
3948	0.003748245065
3965	0.001976890096
3994	0.002723583624
4001	0.001863921097
4030	0.0005632663746
4035	0.0007173265619
4489	0.001336884907
4493	0.002802283143
4515	0.0008717477623
4617	0.0030976727
4757	0.0002119559837
5109	0.00034943488
5168	0.001033336408
5254	0.001834807159
5428	0.007391576734
5488	0.002148373035
5561	0.001302881929
5711	0.0002637909915
5778	0.001014687183
5983	0.0004680954573
6088	0.0029966698
6486	0.0002783829754
6581	0.001275050965
6793	0.0002074762949
6835	0.003898161184
6900	0.004221971513
6944	0.001551552369
7073	0.001547092025
7162	0.001859280509
7201	0.001231182521
7449	0.00102804803
7562	0.0001035295622
7597	0.0007163496309
7700	0.00066454067
7748	0.0007844816306
7838	0.001841850069
7910	0.001740862277
7959	0.0009327385545
8030	0.001867158258
8101	0.0008444765772
8109	0.001046445634
8313	0.0008103634567
8431	0.002045683558
8465	0.003031579844
8502	0.001490443737
8560	0.001866808644
8561	0.001589952861
8668	0.01694961208
8729	0.0005325641128
8761	0.006951165118
8918	0.001938882409
8958	0.002398162307
8981	0.001218261183
9042	0.002016847012
9045	0.0007958010934
9078	0.0005112111781
9258	0.003166294839
9304	0.002511697294
9337	0.000640000967
9434	0.0001782947682
9448	0.0003449464647
9459	0.002292573954
9535	0.0003242910544
9546	0.003331364482
9656	0.0004947566822
9873	0.002552898325
9881	0.001276966709
9895	0.001894303677
10050	0.0006795336601
10073	0.001779915861
10168	0.002893766296
10178	0.004956424305
10200	0.0007602239997
10261	0.000819471079
10288	0.001296282681
10333	0.003059461806
10354	0.003891824817
10408	0.001202228026
10463	0.0006072623816
10497	0.005557144758
10664	0.01038134869
10827	0.006182593237
10971	0.005690006292
11039	0.005760598265
11071	0.006157073027
11093	0.006434207473
11097	0.006940036295
11116	0.005799679034
11454	0.002490004416
11472	0.0009449294854
11503	0.003405751057
11542	0.002680317337
11809	0.001044137003
11858	0.002193294498
11931	0.001018736443
11939	0.00313551197
11995	0.00075345111
12071	0.005511489879
12190	0.006451892334
12232	0.001141538594
12246	0.0006779731373
12255	0.001876645228
12325	0.0007593273296
12401	0.01757493529
12476	0.001659048197
12843	0.003954188518
12892	0.000642268671
12932	0.004510834751
12949	0.000414197937
12967	0.002675786637
13009	0.0002578688914
13154	0.003195371207
13168	0.004432682099
13214	0.004980371802
13261	0.002464614222
13370	0.001101236151
13420	0.001471533226
13430	0.002560825464
13582	0.00317815732
13742	0.0009092865347
13801	0.003005340789
14041	0.002111698862
14105	0.00205727339
14115	0.002040288142
14119	0.001094284602
14169	4.677604654e-05
14170	0.001096621174
14311	0.001546076554
14397	0.004666467213
14486	0.0005327534059
14509	0.0009931858823
14551	0.01703366654
14891	0.00391019534
14928	3.284184947e-05
14966	0.0007897266751
15062	0.009064608999
15098	0.001455426626
15176	0.0007486502504
15196	0.004547382761
15221	0.0008610484961
15233	0.0008411119092
15288	0.003246029355
15322	0.0007707551717
15580	0.001938551532
15743	0.004933117432
15975	0.001201857387
16026	0.0006576010203
16034	0.004701281779
16039	0.0008957483568
16098	0.0006739326299
16522	0.001122149186
16529	0.002878560914
16622	0.007766966514
16728	0.0002281709918
16803	0.0004140892002
16822	0.0004673538796
16823	0.0006691361605
16988	0.001375343089
16991	0.007162504424
17143	0.001125971037
17356	0.0003596812874
17488	0.001326696979
17559	0.0004626980396
17862	0.003310107373
17973	0.001301185416
17992	0.004445994684
18043	0.0006017163748
18341	0.002767559393
18414	0.0009993872235
18488	6.51691927e-05
18544	0.0006919955059
18611	0.001426629255
18801	0.001968618586
18873	0.003328266828
18972	0.00160821555
19103	0.001478456452
19109	0.00319130491
19125	0.003745303522
19234	0.000205039822
19248	0.002586193843
19269	0.002000721104
19302	0.004292875228
19465	0.00238404422
19574	7.858375877e-05
19709	0.0009947091495
19736	9.257148791e-05
19841	0.002627951052
20174	0.0007446734735
20189	0.001463276076
20257	0.0002525080401
20325	0.0002424040192
20436	0.000985749125
20455	0.003656649977
20497	0.0003434223763
20612	4.2852793e-05
20636	0.001324572318
20727	0.0007431357661
20761	0.003573863806
21040	0.003759839414
21073	0.002485472864
21467	0.003619306344
21632	0.0027896766
21680	0.001483164856
21694	0.001618840956
21698	0.002087408656
21903	0.002747243126
22009	0.002561310458
22046	0.002268144811
22378	0.0002065705662
22468	0.003577854282
22538	0.00120651105
22547	0.003500380598
22591	0.00171948669
22652	0.003687766806
22663	0.005601973061
22674	0.001403161686
22809	0.001297008343
22861	0.0006718093721
22864	0.001087431045
23054	9.181196075e-05
23084	0.0009980247844
23264	0.003011447458
23298	0.0003892300791
23302	0.001841749547
23429	0.001296440071
23549	0.002446060098
23666	0.002930488187
23693	0.001308671447
23756	0.001012328325
23757	0.0005231118668
23796	0.000938415277
24102	0.0002371725302
24107	0.0002373848002
24195	0.00164865536
24233	6.712573901e-05
24240	0.00288649933
24255	0.00088994033
24334	0.0007488928981
24516	3.252724845e-05
24517	0.001968509138
24580	0.001465554816
24630	0.0002809133412
24835	0.0001329484329
24860	0.00411279141
24875	0.0003623377362
25326	0.00160914726
25391	0.00041392051
25606	0.00146127275
25666	0.002440099063
25767	0.002188693593
25818	0.001900389727
25922	0.001111108919
25975	0.001435356981
26045	0.0009964459998
26317	0.004302365697
26400	0.000165794926
26443	0.001041571087
26477	0.0009269631491
26518	0.01919927797
26622	0.001691639786
26673	0.001725616556
26710	0.00136939135
26735	0.0007847793751
26935	0.00121119823
26970	0.0007251183621
27560	0.00455235848
27692	0.001836949628
28069	0.005431178291
28196	0.01006671189
28368	0.003870789714
28376	0.01718119797
28514	0.005793754864
28566	2.459651213e-07
28624	0.0009949003818
28681	0.001493150323
28980	0.001857993167
29012	0.002525546312
29018	0.002247801938
29105	0.01025773896
29302	0.0008958153033
29573	0.001893303687
29668	0.0005360666878
29794	0.006971315826
30019	0.0001129978124
30072	0.002695726809
30074	0.001077583621
30126	0.002004459727
30154	0.0008575493535
30402	0.0009357886887
30536	0.002128778778
30552	0.00203505972
30615	0.000294950429
30817	0.002175151741
31039	0.001504392869
31178	0.002091136351
31201	0.009627286872
31414	0.003330149887
31512	0.002130996072
31656	0.002510165695
31844	0.0006866817257
32055	5.727736726e-05
32130	0.0017541444
32146	0.001325340207
32194	0.0005097285984
32245	0.01048177282
32279	0.004374413249
32377	0.00040004639
32489	0.001586515458
32502	0.001477202247
32504	0.00509357702
32520	0.0006356509749
32548	0.001728814069
32638	0.0004411871756
32688	0.001653962573
32865	0.0004253089094
32952	0.00152231186
33031	0.00154575993
33140	0.002061376063
33150	0.0006079009138
33167	0.002248360217
33190	0.0007497268472
33247	0.00290900721
33339	0.003924633144
33487	0.002804400958
33493	0.003164867463
33630	0.008596374171
33694	0.01231489179
33721	0.0001459216122
33776	0.009272397588
33872	0.002060360266
33915	0.0001632357241
34063	0.0005294456436
34206	0.003100920894
34341	0.005845257274
34464	0.00102074824
34760	0.001759971679
34798	0.003245975183
34926	0.0003939492346
35041	0.001244161215
35147	0.001215307987
35151	0.002522078043
35247	0.003892687847
35405	0.002720431649
35500	0.0008144181309
35690	0.0001712491061
35725	0.00132203626
35845	0.002147035177
35847	0.001022156191
35911	0.0008397117507
36000	0.001042889806
36304	0.008658294081
36355	0.001212388755
36405	0.0003218545354
36408	0.005195165267
36437	0.004013267889
36522	0.001075082893
36658	0.0008175963902
36702	0.0002480288196
36761	0.0007167532902
37039	5.403565672e-05
37044	0.0002987912534
37066	0.000461999428
37202	0.002898940186
37267	0.0002231361504
37331	0.001123229331
37445	0.00238870779
37496	4.649359828e-05
37580	2.93785532e-05
37621	0.0005208611912
37628	0.001511221304
37689	0.0004344623632
37860	0.0001245641828
37922	0.009692647494
38028	0.001007598312
38063	0.006294465944
38072	0.01208174941
38416	2.542416739e-05
38418	0.0009070816799
38463	0.001319548309
38531	0.002799062731
38642	0.0007785205157
38674	0.004651451404
38749	0.00412162499
38771	0.0006418167457
38810	0.009168401893
38934	0.001775269251
38950	0.0019941992
38978	2.233207336e-05
39235	0.002335208245
39429	0.001275695138
39433	0.02202467743
39542	0.00109075983
39629	0.00259327956
39649	0.0008175565162
39707	0.001378508713
39728	0.002229868484
39735	0.004306589782
39871	0.0004604822214
39979	0.001406842372
40027	0.002256041996
40082	2.426378614e-05
40482	0.003083089087
40680	0.0009610286321
40716	0.0008281273226
40819	0.001877594495
40989	0.01296192533
41117	0.001899681213
41143	0.001186196186
41267	0.0001929507531
41327	0.00061800911
41430	0.00367332885
41494	0.003089577879
41798	0.0005066500771
41823	0.0004154469482
41836	0.0001613120843
41846	0.0006673336213
41881	0.002280306583
41968	0.002041181365
42099	0.002011944409
42124	0.000453435217
42384	0.0002127695411
42404	0.001521666208
42416	0.0001712921949
42483	0.004729026116
42548	0.001109292243
42654	0.0008422663913
42830	0.002433854392
42846	0.0003377571331
42919	0.000688652976
42951	0.0008531012585
43031	9.623558808e-05
43049	0.01156573883
43063	0.002812023206
43246	0.0006192456765
43311	0.0002817163372
43412	0.001849228248
43444	0.001118023613
43627	0.0002363825934
43738	0.001231845393
43742	0.003117500042
43755	0.000147389791
43785	0.0006105676473
43941	1.859688284e-07
44082	0.0009003472087
44110	0.001333543397
44141	0.0002601524954
44206	0.0009938902989
44211	0.002090120169
44226	0.005809619523
44228	0.001161089072
44278	0.0008340916675
44430	0.0009300159732
44582	0.0003594527106
44618	0.001498374932
45139	0.002795749019
45553	0.0002691639068
45607	0.00405368894
45610	0.000583364978
45612	0.0005754185628
45643	0.002182800485
45696	0.0001170749044
45792	0.0001401398492
46013	0.0002507940723
46078	0.0001837237847
46125	0.000627117314
46138	0.0005905152018
46169	0.0001852621627
46181	0.008572185251
46314	5.00105284e-05
46323	0.003095594689
46346	0.003087748867
46404	0.0001407249283
46520	0.00125682072
46604	0.009594623715
46784	0.001339700503
46822	0.006272697597
46877	0.0009888238291
46921	0.000867244325
47053	0.0007032582605
47099	0.001814105453
47325	0.004345070343
47401	0.0002563651594
47568	0.0006575859553
47597	0.0007810155483
47632	0.0009332751137
47757	0.001298532478
47888	0.0003982374169
47989	0.001762534783
47992	0.0008773920023
48023	0.00270519762
48088	0.002046284149
48107	0.001164507311
48188	0.001406488323
48292	0.00142543779
48295	3.413633959e-05
48343	0.001193485608
48403	0.0009996835929
48448	0.00170965761
48527	0.002250856217
48544	0.001273200938
48640	0.0002784172376
48718	0.00530531333
48734	0.001801921448
48765	0.0004408138451
48907	0.00263693876
48935	0.001681538923
48994	0.002176908107
49009	0.001995737022
49210	0.0001216379359
49550	0.002318367851
49665	0.01282264208
49780	0.003141587783
49785	0.006853324527
49787	0.00534402174
49803	0.003118344719
49844	0.001163394635
50359	0.004824486446
50435	0.009002933308
50503	0.001647541058
50546	0.0003515750551
50547	0.001924531505
50625	0.002327270301
50695	0.0001247616915
50915	0.001566178237
50930	0.003185980348
51016	0.001389969681
51132	0.0007250340945
51171	0.001419592774
51231	0.002139199382
51330	0.001907196346
51420	0.0003195687806
51467	0.002101209309
51492	0.001050572428
51507	0.002603222601
51640	0.00123406331
51764	0.004640661321
51778	0.001705890675
51876	0.0004177196151
51991	0.002373449999
52016	0.0004566745035
52124	0.004529667604
52168	0.004789331992
52390	0.001338063182
52428	0.0005242590159
52469	0.00112353876
52504	0.001576107007
52522	0.001471036083
52579	0.003236495679
52965	0.008954770444
53156	0.0007112109569
53260	0.001310847604
53265	0.000844616475
53311	0.00159878977
53334	5.998922908e-05
53427	0.002791793754
53483	0.006777210702
53535	0.008991627696
53627	0.0003969603372
53840	0.001389464307
53881	0.0002246764152
53920	0.001727396369
53930	0.001533429391
54162	0.0006821553764
54234	0.0006345652508
54250	0.002029754109
54272	0.0004739723115
54291	0.0006591657845
54445	0.000307170434
54552	0.000258695618
54688	0.0009295773913
54750	0.0004336343966
54881	0.001116055008
54910	0.001774997985
54912	0.002357201711
54967	0.002047260332
54986	0.009422444488
55025	0.001175885667
55168	0.002528044106
55485	0.001012429066
55541	4.916606233e-05
55632	0.0002345044378
55655	0.0007490136757
55749	0.003883301042
55805	0.008883545594
55840	0.0006036238029
56188	0.0004905390247
56246	0.0004260903241
56324	0.001365740921
56385	0.001532311728
56457	0.002229440105
56635	0.0003334676688
56801	0.0002207816932
56806	0.002106040169
56992	0.0006752055126
57172	0.007414413918
57488	0.0006468741553
57504	0.002121825
57548	0.002446434527
57591	0.0008042642646
57835	0.0053424019
57849	0.001155122826
58052	0.001400601872
58128	0.002123260397
58142	0.004261768206
58181	0.0009718417945
58420	0.0003739615759
58501	0.001777855492
58563	1.541602719e-06
58569	0.0009980177416
58607	0.0006774995089
58657	0.001967283487
58696	0.002445039944
58737	0.0004552016438
58756	0.002184324982
58887	0.001038602996
58943	7.562881591e-05
59010	0.003871310586
59092	0.002221449272
59137	0.003747241156
59235	0.0006378696948
59345	0.0003487122346
59367	0.006373305991
59377	0.01049317674
59388	0.005686406608
59451	0.0007057379574
59586	0.002747071435
59591	0.0001831101018
59628	0.0007119430032
59721	0.0006000152984
59754	0.005212720286
59862	0.0122283265
59905	0.005769471263
60134	0.0002371766804
60164	0.001287806755
60167	0.005019205991
60191	6.227968346e-05
60203	0.0009979599052
60264	0.001504086392
60410	0.0001372438801
60573	0.001335382095
60737	0.0002526722288
60767	0.000962870807
60779	0.00542378038
60906	0.008308186424
61060	0.0006734459579
61069	0.001737247887
61177	0.000250287678
61193	5.60921456e-05
61213	0.001292434923
61358	0.005834164264
61535	0.001680691866
61595	0.002671326363
61630	0.002748131531
61689	0.009158220607
61698	0.003073303026
61717	0.01917102231
61729	0.004323990346
61933	0.005001015567
62121	0.002114848886
62317	0.003523057155
62409	0.000751850004
62604	0.003165275982
63294	0.00380783571
63328	0.0004755656742
63350	0.0005172909197
63594	0.002160708277
63649	0.001013611259
63965	0.0005159398149
63969	0.001325079283
64324	0.0003647653311
64448	0.001955301975
64533	0.0004758147576
64623	0.002808744078
64656	0.001270012906
64739	0.0008333513676
64801	0.005073828682
65145	0.002493811976
65254	0.001393401186
65273	0.002720496599
65293	0.001716044747
65522	0.0004357291951
65590	0.0003562523966
65633	0.003514701546
65744	0.001090013234
65822	1.52495104e-05
65832	0.0001972642007
66105	0.001911332259
66166	0.00242645933
66197	0.01357050147
66207	0.003557029142
66555	0.0006379961416
66602	0.0005042287066
66645	0.004396579469
66768	0.004732833296
66923	0.001439746979
66926	0.0008758486775
67012	0.0001434329335
67191	0.001423492339
67389	0.01146839445
67396	0.002062398198
67426	0.007736877747
67449	0.0003828868921
67611	0.0006904007474
67630	0.0002598149191
67673	0.00218180103
67674	0.01216107025
67690	0.009589882951
67735	0.002058561983
67820	0.0003983416811
67970	0.0008791284314
67995	0.001848142159
68406	0.001873517796
68436	0.002671636463
68442	0.001474039309
68616	0.0001055463652
68627	0.0009440785905
68953	0.0007992548372
69015	0.00206728511
69067	0.006685388518
69156	0.0007400964931
69177	0.001590040137
69210	0.000680839285
69245	0.001934067236
69247	0.001584198951
69277	0.0004921104098
69292	0.0002980624057
69331	0.002173540553
69415	0.001181755677
69453	0.001344575551
69476	0.001743834767
69746	0.0008011522853
69779	0.0006540895136
69823	8.007445952e-05
70078	0.00361082659
70200	0.004335314151
70273	0.008840070965
70653	0.00816132023
70703	0.0003546217584
70710	0.002386633106
70721	0.0004234866769
70881	0.001368308117
71321	0.006251767575
71503	0.001775404059
71664	0.0001098622181
71665	0.000976172284
71667	0.0005947137518
71842	0.001401326723
71904	0.00013516126
72025	0.0006366408147
72101	0.001279215862
72152	0.00624331223
72202	0.001677770768
72299	0.0002586586142
72508	0.0007236834405
72523	0.0001857981368
72632	0.001948224432
72791	0.001482331742
73126	0.001802633328
73255	0.0007227001234
73459	9.10948451e-05
73467	0.001917548471
73529	0.0004101309993
73564	0.00491840099
73631	5.685120553e-05
73792	0.000896848136
74129	0.001111877528
74178	0.00101056592
74207	0.0007065140081
74333	0.002073041778
74673	0.00193610675
74828	0.002023691617
74830	0.001656529284
75001	0.001355955278
75019	0.0001505041622
75044	0.001468950442
75064	0.005486131741
75134	0.007066703619
75156	0.007818236991
75164	0.001004686012
75316	0.004514665661
75351	0.001377883065
75366	0.004734845513
75393	0.000834105181
75473	0.002015054919
75497	0.009846594119
75622	0.001489716052
75635	0.004078971226
75642	0.0008018134674
75704	0.001015034234
75741	0.002371076559
75745	0.0007456451681
75790	0.0008885819909
75829	0.009907888909
75855	0.002249829609
75969	0.0009032633087
75985	0.001126143222
76008	0.01470303631
76192	0.003609802337
76305	0.001772553382
76312	0.0006507669834
76469	0.002651451529
76564	0.009332308236
76620	0.0007280163628
76750	0.002442939737
76919	0.001121410008
76977	0.0001871598176
76982	0.0006352422069
77020	0.001008976256
77075	0.000904735175
77082	0.002048671999
77087	0.001273028891
77132	0.001512256526
77176	0.004068538062
77250	0.0003379582007
77381	0.008961987054
77489	0.003771040297
77608	0.00153080375
77642	0.001024696265
77719	0.00112931008
77838	0.0113060534
77876	0.006150366596
77928	0.0006486346859
78005	0.0009949332249
78109	0.0007665878826
78132	0.001774127318
78551	0.0008800579267
78570	0.01875593617
78591	0.001363363722
78924	0.001270827019
78930	0.001308046393
79090	0.0009996857008
79127	0.01771853313
79195	0.001228853522
79421	0.0005852083444
79573	0.002854878988
79589	0.008246828074
79672	0.001468621412
79707	0.0002370293697
79724	0.0006457792613
79834	0.0003621232866
79884	0.002265350236
79925	0.0009690876375
80113	0.001278525434
80177	0.0008221521014
80240	0.0009383876094
80278	0.001500484699
80297	0.001160849472
80439	0.001058584369
80469	0.00117443504
80533	0.003047309189
80718	0.0003252154448
80720	0.002315124041
80744	0.00495371803
80769	0.005063989734
80794	0.001217150315
80931	0.001535112815
80959	0.003253286656
80978	0.002706908973
81090	0.001476765018
81148	0.0001053544514
81218	0.0007214880741
81224	0.001466834282
81332	0.004259251786
81353	0.004808064217
81373	0.00144841518
81426	0.002283470765
81444	0.001676840413
81470	0.0007082894458
81477	0.0006284641198
81552	0.002710354205
81658	0.0006687633722
81756	0.001055176613
81774	0.0005790442161
81851	2.531705387e-05
81879	0.001507900868
81955	0.0002779548982
81974	0.000442364582
82011	0.0001607347538
82032	0.0007284547425
82165	0.001097556212
82242	0.01482028826
82272	0.002358780594
82302	0.00221145293
82405	0.002147919007
82422	0.0141191402
82507	0.0002941722978
82541	0.01599115584
82566	9.231094845e-05
82655	0.0004105302226
82657	0.000172236422
82787	0.001336239491
82815	0.001123564939
82894	0.009097143868
83048	0.0033768793
83057	0.0009442929857
83133	0.003659287237
83238	0.0008073792125
83318	0.003812127469
83327	0.0004569814121
83338	0.0008303300839
83485	0.002010609294
83512	0.002850074584
83517	0.002416153973
83715	0.001517515135
83790	0.0003039000685
84063	0.0006881025143
84307	0.001647379203
84530	0.001144660827
84738	0.0001268769166
84743	0.0239088661
84900	0.001919911614
84963	0.002381895097
85078	0.0005963092084
85131	0.01482384174
85140	0.001737989158
85209	0.001122554895
85317	0.0009871030239
85436	0.00014451739
85470	0.0001073017513
85475	0.0005048764773
85496	0.001775595466
85514	0.0002297676636
85706	0.0002732229304
85754	0.0003352636367
85856	0.003490345051
85944	0.005764224182
85956	0.00137276634
86026	0.00209424255
86158	0.0007262421557
86250	1.034148317e-05
86256	0.001719961001
86301	3.571864152e-05
86404	0.01152940938
86833	0.0005732886916
86911	0.000232734164
87161	0.0006766077019
87162	0.0009628751965
87285	0.002081132167
87352	9.975518903e-06
87444	0.002617487118
87868	3.223403767e-06
87957	0.001203966204
88073	0.006992836869
88082	0.009669688628
88344	0.001219305537
88370	0.006433500566
88383	0.004822809526
88399	0.001034014282
88410	1.560436506e-05
88536	0.005149686925
88603	0.001043901512
88604	0.0001536159236
88689	0.00100544903
88887	0.001616948951
89007	0.002857904237
89008	0.00192144431
89237	0.002301238062
89261	0.002599817176
89316	0.01337319888
89334	0.007595515189
89388	0.001827917558
89397	0.0006974972747
89411	0.01466035683
89523	0.0008057667256
89649	0.000868441107
89679	0.0006028005822
89721	0.0009260147673
89794	0.003748007657
89795	0.0009415086048
89846	0.002696944481
89883	0.01100233032
89937	0.001206727194
90027	0.0006496951464
90038	0.0002928912099
90060	0.001114521343
90063	0.0018452522
90163	0.003157970992
90378	0.001990610581
90877	8.409797241e-05
90916	0.0003663202442
91142	0.003311001065
91213	0.0008207701949
91392	0.003089915848
91471	1.991547917e-05
91502	0.005681077376
91524	0.003019445442
91626	0.0009570868945
91804	0.01879972425
91822	5.923073697e-05
92060	0.001167883353
92081	0.001020915494
92101	0.0137160185
92156	0.0008559118231
92295	0.001327810626
92331	0.004217971832
92507	0.008392761386
92573	0.007402710705
92574	0.008773534075
92627	0.01353259593
92656	0.002282911257
92722	0.002172219822
92834	0.0004068048709
92865	0.001357837363
93050	0.003873004445
93111	0.001561853627
93309	0.002076459231
93504	0.00169850745
93838	0.002033314245
93846	0.002460152528
93853	0.0007870601987
93910	0.0003883938678
93955	0.0008943531156
94100	0.003802019639
94216	0.006955648722
94274	0.002904549448
94313	0.001930406766
94455	0.0101117127
94515	0.0006770792093
94631	0.001470487827
94711	0.001027015378
94822	0.002895768798
94926	0.002783132242
94977	0.001840386124
95048	0.0001282269866
95082	0.002942710613
95103	0.002161827812
95106	0.003937210552
95114	0.003821551306
95141	0.002661992152
95172	0.002497211449
95226	0.0005389137012
95402	0.001647116276
95421	0.001348437019
95728	0.005663033878
95908	0.0007088628672
96120	0.00370709711
96311	0.002727420051
96428	0.0007931149534
96465	0.001211431856
96600	0.001666773526
96753	0.004719379576
96870	0.002086666507
97071	0.002694009051
97097	0.001163290229
97197	0.003120212888
97206	0.005174507413
97220	0.00187902487
97291	0.01123302606
97407	0.002899479608
97431	0.001972744077
97694	0.006835197499
97742	0.003972501461
97823	0.0004268652658
97912	0.0007260861197
97919	0.004288158202
98023	0.00729964463
98111	0.0002247969055
98115	0.0009724995039
98208	0.004546260254
98226	0.001410838891
98227	0.003737576647
98259	0.0004552854162
98279	1.034780153e-06
98295	0.0013703433
98310	0.0008118109109
98420	0.001698544708
98597	0.0001440514165
98787	0.003076881992
98883	0.0005223266805
98955	0.001641671762
98982	0.0006927306755
98989	0.01131844641
98995	0.0007442909668
99067	0.002088199663
99200	0.0004624982586
99232	0.0001059761608
99245	0.002828555024
99268	0.001876065973
99296	0.00520789907
99307	0.0008586794608
99369	0.002691687175
99414	0.001058371513
99421	0.002169054152
99444	0.0005417460347
99676	0.001694340339
99734	0.004037386654
99844	0.003707313292
99870	0.001405398626
99957	0.001395841618
100001	0.001540043322
100050	0.0005577671885
100084	0.0004393983334
100154	0.003456621254
100173	0.002279395541
100422	0.003156471286
100501	0.0008554947404
100587	0.0008801798877
100614	0.000719639185
100617	0.0006982946837
100693	0.0001244846408
100923	0.004304468659
101229	0.0006934314455
101344	0.02087758866
101530	0.0006900121721
101570	6.675583999e-05
101574	0.0007485148554
101690	0.002433886136
101983	0.0002233620471
102237	0.0009267600992
102276	0.001964411228
102277	0.003384526077
102330	0.004631562959
102343	0.007797119004
102412	0.0008024710222
102475	0.0004351923962
102744	0.008950884609
102759	0.0006366025048
102938	0.0002227487079
102977	0.001929022923
103151	0.0009845292786
103269	0.0001934248669
103307	0.0008493605698
103350	0.0001483933059
103424	0.00103979925
103689	0.00271646987
103966	0.001545021168
104144	0.0004335451332
104153	0.01594631915
104155	0.002526953034
104185	0.01046858966
104260	0.001954466848
104383	0.002671901552
104395	0.001519333859
104406	0.00427721119
104457	0.01045911381
104480	0.001151220274
104514	0.001877715594
104528	0.0004176298623
104620	0.0005710548361
105059	0.002784125017
105090	0.01676974094
105150	0.0005955090064
105595	0.02253709199
106047	0.002089697228
106057	0.001912776553
106171	0.001842019254
106211	0.0003220552075
106241	0.00425238229
106320	0.003052119287
106343	0.002121996252
106362	0.002025933912
106677	0.0006178890398
106690	0.002926827438
106796	0.0008799752619
106822	0.006810499343
107121	0.001900283283
107173	0.0007667411067
107244	0.0005466379288
107382	0.00113496174
107616	0.008915747066
107622	0.001123273822
107791	0.0002347332116
107933	0.0001139335335
108049	0.006661222661
108106	0.0114525379
108134	0.006327380997
108152	0.002875538787
108196	0.0006503489279
108283	0.006886797253
108310	0.001214651806
108385	1.79443117e-06
108400	0.001273412773
108533	0.0003899411089
108823	0.0003764507496
108888	0.002289903329
108951	0.02191005179
109134	0.0002626005366
109164	0.001599336585
109216	0.008748558653
109268	0.001441459292
109327	0.0003728141084
109340	0.003454263587
109396	0.005348477128
109398	0.0008026592813
109466	8.135149962e-05
109539	0.000219794103
109689	0.003549952099
109760	0.0001886782633
109787	0.003375016722
109919	0.007059414247
109969	0.009866123736
109972	0.003743343491
110714	0.0002077557613
110738	0.001237027108
110850	0.001013835898
110866	0.001491733508
110998	0.004723885184
111071	0.0009786985379
111139	0.0001354526124
111286	0.0008665377615
111545	0.001656458695
111548	0.0005358237049
111585	0.0006343080629
111684	0.001414728156
111837	0.0001666817053
112026	0.003471810123
112081	0.001491346915
112086	0.002306206854
112098	0.001431037257
112227	0.001641116558
112310	0.001753523818
112444	0.000936578492
112552	0.0001945257766
112706	0.003124010127
112799	0.004496845547
112806	0.02181943401
112989	1.200356586e-06
113008	0.003134605637
113050	0.0002152017844
113265	0.0002782686522
113329	0.0007695893084
113365	0.005741155366
113535	0.001925419653
113616	0.001026492273
113621	0.002083241109
113641	0.0002815724239
113658	0.0004722839641
113778	0.0002993225333
113885	0.01016613566
113947	0.0003772599289
114122	0.0001334200389
114153	0.0004632873218
114534	0.005843575277
114577	0.00516190164
114631	0.0007081899481
114663	7.158201386e-05
114699	0.0015676038
114740	0.0003540459584
114745	0.001637505915
114767	0.0008304117758
114821	0.00461385271
114824	7.875284397e-05
115144	0.002106321803
115206	0.002296627722
115229	0.0009569766997
115242	0.0005225749528
115518	0.0009079166466
115562	0.001165386235
115593	0.00109415627
115599	0.001292847177
115665	7.081497718e-05
115678	0.001745390951
115865	0.001007986124
115912	2.33178433e-06
115930	0.001536537413
115968	0.001180819561
116059	0.0003382127247
116178	0.0001253191239
116243	0.001168452786
116287	0.01622978908
116338	0.01293291026
116395	0.004334006913
116409	3.654169725e-08
116477	0.01128386051
116495	0.002306711253
116637	0.0009728739515
116650	0.01284040911
116691	0.001650296589
116726	0.0005114887149
116860	0.0004303411844
116913	3.520313725e-05
116933	0.0007294612725
117061	0.0008749151741
117102	0.005929846381
117118	0.001066131221
117125	9.883559446e-05
117294	0.0002792325188
117313	0.003466343693
117325	0.008453305787
117429	0.001686881508
117431	0.0007247947123
117539	0.001735565196
117586	0.0005691978524
117611	0.0007780554904
117708	0.004528467149
117900	0.009521403761
118243	0.002355491586
118341	0.01270174772
118360	0.0008786766732
118692	0.0007064251647
118705	0.0004053473946
118725	0.003941411559
118754	0.001027119172
118948	0.0008916042746
119060	0.001697550714
119066	1.744862806e-05
119152	0.001764953826
119186	0.002233144134
119297	0.0008012450015
119365	0.0002070762747
119727	4.491525759e-05
119958	0.003176229882
120037	0.001240565832
120101	0.002314301301
120196	0.00215336534
120225	0.006374955307
120483	0.00274896276
120618	0.01373550013
120656	0.001637371082
120729	0.00284681578
120835	0.0006163876381
120840	0.002818571063
120944	0.0008026408479
120990	0.0007552960164
121139	0.0003135423469
121221	0.0005216702723
121288	0.00194670716
121369	0.0004522312424
121509	0.003798754962
121557	0.0005751666685
121582	0.001424253293
121882	0.004307806015
121897	0.001894010914
121947	0.001783706642
122019	0.006060965306
122035	0.0006547524865
122093	0.0007020511395
122311	0.004021200783
122532	0.001376394934
122547	0.0007037729554
122647	0.001693853437
122811	0.01530255634
122887	0.001534846076
122947	0.001182161039
123030	0.01164270399
123055	0.001052960784
123109	0.0008093230171
123192	0.001832923163
123291	0.0006497503769
123339	0.0007200427189
123381	0.008706245915
123419	0.001956271007
123451	0.006830099047
123518	0.0004702097929
123558	0.0001079466285
123879	0.0019959259
123930	0.002995849769
123942	0.001447109006
124093	0.0006722386864
124113	0.01654077417
124154	0.001099673815
124255	0.0005562558877
124406	0.002008308796
124425	0.004179166306
124474	0.0005358892174
124489	0.003563005281
124646	0.001685967479
124685	0.009067590258
124702	0.002918627521
124738	1.585619611e-06
124745	0.01145917547
124800	0.002001449905
125099	0.001524657176
125124	0.001420161358
125188	0.003909412838
125254	0.0007499416624
125346	0.002550040712
125394	0.0007193323738
125400	0.0002462934356
125463	0.0009142108637
125478	0.003101590673
125530	0.001706268705
125803	0.0007258387628
125822	0.005917818036
125823	0.006458305164
125840	0.0003367566117
125879	0.005866164366
125881	0.002002027597
125981	0.001360749068
125992	0.003593891597
125999	0.001903497638
126064	0.02000308153
126075	0.001546082652
126087	0.03001809335
126143	0.0005513354469
126147	0.005017018505
126200	0.003249609939
126319	0.0006257490065
126335	0.003909701828
126342	0.001752842862
126362	0.001321171951
126631	0.01437689168
126637	0.001160108665
126783	0.001161496707
126825	0.007627062299
126867	0.001003027582
127025	0.0008830449173
127035	0.0007664147213
127104	0.00282117124
127114	0.0008539615327
127188	0.001549067338
127190	0.001482047608
127223	0.001402350344
127237	0.001288529603
127259	0.0003823168371
127292	0.0009221001037
127306	0.001781088879
127504	0.0005889435667
127532	0.004646057693
127568	0.00308581933
127605	0.007349716105
127646	0.002042882122
127718	0.0007544696621
127857	0.001212683807
128126	0.002477982805
128170	0.0005024812189
128244	0.005213029186
128379	0.0009254697039
128615	0.003285828818
128688	0.002893144516
128696	0.003020363497
128743	0.005376059275
128772	0.0005305639784
128930	0.002517016409
128967	0.002390813764
129048	0.002253318839
129298	0.008387439665
129464	0.003959495786
129531	0.002581311926
129666	5.860287552e-05
129673	0.001958196045
129820	0.0006259525399
129902	0.0003947488645
129966	0.002068916737
130073	0.003313466781
130118	0.0007478518744
130564	6.194357166e-05
130923	0.00144280288
130933	0.001463097987
130975	0.00693485469
131114	0.0004187109737
131132	0.0003323974111
131134	8.403405313e-05
131262	0.001928606155
131418	0.00114609964
131498	0.0004292692685
131504	0.0004791298378
131604	0.001685851689
131675	0.001563061119
131733	0.0006764477771
131783	0.005704005428
131969	0.0004411214637
132165	0.0002397267157
132221	0.0001461834554
132223	0.0002050694956
132359	0.003036804642
132380	0.001345907177
132434	0.005215796543
132481	0.001504630629
133001	0.001178164805
133023	0.0009126330632
133128	0.01657086721
133196	0.002529725033
133485	0.0009578522638
133529	0.001768706478
133691	0.0003573028104
133828	0.004837822979
133870	0.0002615735243
133927	0.0007175890766
133992	0.002202996028
134009	0.0005712190527
134021	0.00867553535
134063	0.004511585903
134071	0.0001332763323
134180	0.004821847652
134279	0.0109907812
134382	0.0279787117
134433	0.0005669605164
134522	0.0009205267463
134574	0.001014986551
134604	0.003626172817
134667	0.001752652617
134744	0.006782225459
134800	0.0007692922495
134911	0.0002796659919
135008	0.001675554687
135085	0.0001858039637
135115	0.001642374463
135400	0.0005600000526
135455	0.0003312730751
135549	0.001027880208
135611	0.005948529882
135616	0.0005231619461
135859	0.002854439144
135985	0.001048017998
136174	0.001021661367
136186	0.001531146299
136355	0.001212615159
136426	0.0008890179092
136453	0.001987374456
136548	0.0007091280338
136665	0.008164112694
136690	0.001888381117
136738	0.001171102996
136900	2.538119141e-05
137156	0.0005832884311
137195	0.004339275816
137413	0.0001037289978
137416	0.002883775983
137511	0.008739045757
137619	0.0001667699167
137666	3.68948414e-05
137678	0.001146165628
137695	0.003330101163
138039	0.0004359866473
138126	0.003195446905
138153	0.002125856279
138162	0.0003239707231
138176	0.0001121581349
138231	0.016378868
138513	0.0015460065
138521	0.004530160686
138664	0.003296757077
138722	0.0003719396153
138844	0.001025129224
138880	0.002856562428
138931	0.001067535648
139027	0.001140479183
139063	0.0002389064068
139091	0.001544146784
139258	0.009209378708
139302	0.002223591801
139382	0.004273093016
139507	0.00217859244
139514	0.000336743767
139550	0.004496593502
139566	0.002161688187
139590	0.0008213399362
139622	0.003526681194
139720	0.001166316722
139804	0.001302624992
139824	0.002568226638
139854	0.002023704074
139978	0.002758381085
139979	7.467139669e-05
140063	0.003978057178
140456	0.001324097108
140566	0.0002069300143
140885	0.001182699519
141184	0.003018454188
141279	0.0002089359111
141768	0.005254989068
141943	0.002046196145
142032	0.001437623142
142047	0.001736535223
142068	0.0003131352797
142250	0.00819661321
142385	0.0001497619106
142393	7.774955771e-05
142440	0.002605337972
142706	0.0008712132369
142963	0.0001964441128
142994	0.001496368051
143104	0.00279048417
143180	0.001507101976
143208	0.008221693105
143444	0.0001029467958
143452	0.001321079105
143512	0.00240810242
143521	0.0119379973
143919	0.0008381482589
144148	0.0004918856141
144378	0.002169013994
144380	0.001682577801
144525	0.0009323846731
144581	0.0005707681411
144584	0.002547087065
144645	0.005826945213
144706	0.0001348538266
144717	0.004733661762
144802	0.0004611678648
144806	0.001169896841
144929	0.002875145718
144961	0.006851242658
144993	0.00541755387
145199	0.001619896553
145211	0.0007325395599
145223	0.001830932643
145228	0.0008370091324
145349	0.000629040693
145566	0.003756777394
145597	0.001232256082
145605	0.002383221185
145625	0.001804785309
145641	0.00177186776
145655	0.001026987837
145688	0.0006312414942
145694	0.002776143372
145721	0.003857254486
145815	6.673447966e-05
145932	0.0006055004277
146104	0.001895719393
146136	0.000756972326
146311	0.001650439155
146347	0.001919835622
146422	0.002438685609
146508	0.0008802575227
146589	0.002611855489
146698	0.007231437318
146751	0.003136306853
146840	0.002173331968
146844	4.831878656e-05
146905	0.008776573963
147068	0.002124687526
147091	0.001279091075
147129	0.003850871284
147325	0.0009131675295
147353	0.001538524232
147400	0.001911985975
147452	0.0008660595816
147602	0.001171975786
147754	0.001425728291
147917	0.009846932344
147973	0.002515287864
148095	0.0004872425596
148175	0.001220358004
148264	0.002830447499
148306	0.01367815353
148401	0.0004784464421
148548	0.0002284780888
148584	0.003685237369
148615	0.0004650844804
148672	0.001381907469
148687	0.008548338371
148939	8.881069788e-05
149039	0.001028038399
149130	0.009725459829
149134	0.007140543902
149172	0.0007320211504
149223	0.0018061633
149230	0.01713293445
149533	0.001131839337
149589	0.0006312557977
149626	0.0006382511011
149709	0.0002405629829
149760	0.001474811891
149830	0.0006740926658
149950	0.0004281635859
150014	0.0004064904097
150061	0.0008540379639
150187	2.206688877e-06
150271	0.0003760993518
150274	0.0006773157659
150484	0.01389903236
150551	0.0009634784121
150645	0.01848519445
150652	0.00249428036
150654	0.01189685552
150674	0.0004250858232
150708	0.002108864699
150736	0.0005876405858
150757	0.0003758138748
150791	0.0009639431229
151092	0.0005871716002
151185	0.01203343018
151275	0.002835923775
151546	0.003419197826
151587	0.0008181741406
151723	0.001608155109
151732	0.0005703214733
151786	0.0008282076545
151900	0.002139872988
151923	0.0001786488948
151975	0.01640224004
152122	0.003737866254
152168	0.01293050202
152265	0.002298812195
152334	0.00271440114
152340	0.0009420421981
152348	0.005226051135
152432	0.005245619023
152449	0.0003834939288
152764	0.001527254305
152785	3.273033331e-05
152834	0.0006239634695
152853	0.001298749582
153177	0.005494590609
153199	0.001799962884
153423	0.002574105798
153460	0.003028743448
153604	0.001302822308
153732	0.000568356082
153848	0.0008614790717
153870	7.362834386e-05
153936	7.688228257e-05
154018	0.008555202869
154044	0.0001314995903
154067	0.0005573641341
154068	0.001433846576
154132	0.001043344713
154143	0.001360596747
154190	0.001791054906
154346	0.001606256503
154363	0.0008471401328
154527	0.002974795442
154681	0.0003341723836
154760	0.003366001097
154892	0.0008878448058
154903	0.001064794088
154984	0.001425383964
155070	0.001031524213
155110	0.006171302959
155132	9.979402933e-05
155228	0.002093661814
155231	0.002117998972
155267	0.002307393968
155443	0.001137691127
155671	0.001364327715
155694	0.002007281041
155885	0.001051361358
156127	0.000878246772
156293	0.001785997962
156314	0.002181667855
156340	0.004427923445
156354	0.001653693879
156631	0.0008641450277
156667	0.001907914931
156674	0.008560471747
156706	0.001914537833
156784	0.006229707474
157014	0.003225510093
157136	0.01117050562
157414	0.0003406400035
157416	0.006678834663
157481	0.0008684094917
157482	0.00255600199
157620	0.00743519312
157641	0.005059069874
157710	0.003310505146
157790	0.003312520018
157843	0.000517544688
157864	0.01206108038
157950	0.0006373888776
157989	0.0006708429674
158062	0.002303732501
158211	0.000640355104
158401	0.0007803213624
158476	0.01010151783
158479	0.001868699728
158570	0.0003496017586
158664	0.0007735864929
158759	9.615924039e-05
158794	0.005866736243
158849	0.003586624889
158895	0.00128646548
159093	3.280010643e-05
159107	0.004700539708
159121	0.00314858634
159212	0.0009798216624
159299	0.0007321189009
159320	0.002761196001
159555	0.002006165281
159648	0.005278877063
159683	0.001965126088
159704	0.0003873231977
159711	0.0004664863498
159891	0.002431129526
159893	0.0006677885268
160014	0.0006885979457
160060	0.004758139545
160154	0.0001391911597
160321	0.0005271010972
160430	0.001727806702
160432	0.0003669260107
160507	0.001975279718
160606	0.001124372349
160704	0.003454238733
160735	0.002376978238
160850	0.001577172132
160886	0.002063627505
160918	0.002672554721
160970	0.0002070774824
161061	0.002370636469
161063	0.001471408833
161149	0.0008772057899
161151	0.0008509731646
161169	0.001583182095
161204	0.001110129806
161237	0.002356676259
161294	0.001507827325
161318	0.0007976868133
161360	0.004459504961
161556	0.00297923968
161615	0.001391871925
161748	2.43156217e-05
161982	0.0004975073628
162191	0.003646332585
162268	0.001793622007
162278	0.002981925568
162445	0.008050823029
162530	0.0005514722175
162653	0.001762473429
162681	0.002216390603
162715	0.0003120830691
162725	0.001555480318
162821	0.003238051406
162929	0.0137936155
163121	0.001193774356
163129	0.005799931276
163154	0.002782433847
163229	0.001450130885
163365	0.0003583145127
163454	0.0004797283337
163603	0.002979974102
163715	0.0008939354064
163792	0.000451902805
163858	0.0008775896221
163869	0.0004731356347
163944	0.0005268975351
164069	0.002053909055
164147	0.004433163336
164205	0.006843549123
164286	0.001517914915
164337	0.002003816453
164455	0.003555272133
164512	0.002593966962
164517	0.002092384193
164532	0.006499643097
164567	0.0007788167405
164610	6.937119051e-06
164685	0.0003101748214
164717	0.00111044743
164765	0.0005504731692
164933	0.0002078849339
164981	0.0004216647938
165140	0.008307113355
165258	4.495897354e-05
165305	0.0003064968734
165356	0.001146961366
165387	0.004893080641
165464	0.002459812094
165473	0.01024095883
165479	0.001816294435
165509	0.002390400926
165604	0.0002268247618
165673	0.01172348374
165690	0.0001500335582
165747	0.002840231318
165810	0.003482591982
166010	0.0007795447437
166060	0.004395906017
166131	0.003625919778
166196	0.0008673544845
166491	0.005151067179
166499	0.005938045426
166508	0.0008661024781
166554	0.007111946075
166594	0.0008501644275
166675	0.0003035727313
166761	0.003813947182
167012	0.008862058701
167659	0.00112113205
167733	0.0005539499122
167899	0.0008446695683
167983	0.004013358324
168053	0.0001995656368
168224	0.001040408669
168256	0.001284726132
168274	0.0006465125983
168279	0.002733296611
168329	0.00181516471
168454	0.01347978655
168529	0.002612308576
168717	0.00194663501
168776	0.01348452595
168816	0.004697076515
168830	0.001884818446
168969	0.006502154892
169003	0.00182201753
169130	0.0003655817292
169171	0.001991249919
169282	0.001689322339
169340	0.001828463401
169492	0.0009788472148
169650	0.0002276424089
169715	0.002811791818
169771	0.003796155977
169821	0.0008295112542
169823	0.001523627994
170051	0.003691155299
170208	0.006170016661
170305	0.003967898555
170315	0.001608649588
170362	0.0006680574139
170426	0.001528769047
170633	0.0016411178
170828	0.0009486802486
170857	0.001178974857
170878	0.0006938804909
170958	0.002952143645
170959	0.005878215094
170977	0.0001643068451
171000	4.905545971e-05
171029	0.004257258854
171309	0.001203074675
171492	0.002107822707
171549	0.003204544574
171798	0.000845213473
171846	0.001549832496
171960	0.001611101646
172012	0.0004527387535
172073	0.004634300954
172103	0.0008822832147
172228	0.00143361925
172276	0.0009311377857
172290	0.0006299699713
172477	0.002726388984
172616	0.002963486409
172733	0.0003811574217
172768	0.005808168486
172808	0.0008977712915
172820	0.000921340104
172901	8.511317982e-05
173005	0.0002547147732
173074	0.001493799517
173175	0.001171850992
173231	0.003121900508
173237	0.002693981587
173317	0.004226577128
173320	0.0004147261246
173334	0.00248300731
173380	0.004380692996
173483	0.001438128575
173561	0.001132692388
173563	0.002702287614
173602	0.004485091523
173762	0.001986473517
173855	0.0009161829972
173913	0.002456614386
174108	0.002720630736
174207	0.005109463984
174388	0.0006122481477
174608	0.0001136637098
174653	5.770138454e-05
174683	0.000924947264
174746	0.005030368053
174871	0.01525004435
174916	0.00671398243
174973	1.971286842e-07
175052	0.01487911043
175084	0.000848804451
175148	0.007386009945
175197	0.008807322301
175241	0.001600144226
175521	0.001461973866
175545	0.004318842244
175586	0.0005273690294
175598	0.001171155213
175692	0.002106687202
175797	0.0007625098424
175854	0.003891587375
175917	0.01114447518
175970	0.003519147154
176006	4.010450925e-06
176127	0.001666662318
176223	0.0008848263612
176301	0.02082841171
176359	0.004884481351
176559	0.0006455539959
176717	0.001006351111
176780	0.006330956501
176782	0.004319000187
176795	0.001585129139
177194	0.001776865616
177423	0.001317760069
177449	0.002582537211
177490	0.001351125622
177538	0.002545475164
177793	0.009961252643
177860	0.002829984464
177897	0.001717910221
177957	0.000328183149
177981	0.01237805768
178007	0.001388942064
178042	1.137236838e-05
178210	0.0007143719151
178264	0.00398892911
178343	0.007356992461
178395	0.002674260236
178534	0.0001330063366
178588	0.001975441007
178627	0.001368004782
178718	0.000935899254
178805	9.012930176e-05
179030	0.0003470688328
179096	0.0008572516708
179297	0.002889257922
179513	0.001598292633
179681	0.001136935938
179792	0.008313692385
179825	0.001897158035
179837	0.004580739871
179959	0.002502297146
180080	0.002290468659
180137	0.01036478582
180240	0.002472379114
180378	0.001376309797
180700	0.00282831776
180794	0.0009851805757
180941	0.0001908844125
181049	0.004356922317
181078	0.002605637472
181098	0.0002798260405
181172	0.003752190357
181222	0.002130465468
181224	0.002767354175
181234	0.0007682709719
181265	0.0009287470339
181412	0.0003084446319
181472	0.001296927372
181525	0.004814729868
181626	0.001219205739
181667	0.0006330380777
181734	0.003287027163
181863	0.001405013918
181913	0.001332934564
182204	0.001206061864
182617	0.000951797657
182618	0.0007744845688
182692	0.0005783497372
182757	0.002937623613
183010	0.001967971561
183015	0.006817509822
183028	0.002663952187
183247	0.0005929582897
183542	0.003009226766
183644	0.002125357051
183657	0.0002381896285
183671	0.003078435179
183940	0.0009493580671
183992	0.01073924058
184229	2.151903785e-05
184235	0.0004898677654
184525	0.01567655722
184560	0.01146178541
184567	0.004983582495
184611	0.001398374909
184802	0.0005503670096
185046	0.002085688318
185052	0.0003685825292
185133	1.351247362e-05
185388	0.0005492875189
185453	0.001424236301
185471	0.004394233753
185549	0.003991917601
185696	0.003351804127
185768	0.002007440943
185842	0.001254180201
186038	0.0007537010525
186050	0.007139059596
186226	0.001073521712
186287	0.0004401470253
186480	0.0006666376301
186542	0.001090858634
186689	0.004909842771
186809	0.0004283191779
186933	0.0005684329792
187076	0.007180723569
187114	0.0006080397861
187131	0.0008534080566
187195	0.004079472752
187444	0.001316953029
187464	0.000624884618
187509	0.001818188607
187520	0.002854358171
187558	0.0005171103247
187611	8.213209852e-05
187684	0.001728236461
187723	0.001062958443
187831	0.000713227054
187850	0.0003931837609
187858	0.007044523506
187861	0.0007899233451
187879	0.00130540656
187904	0.003928844608
187945	0.004338940271
187957	0.0001942538669
187994	0.005645531442
188000	0.0001604272015
188008	0.002601672421
188125	0.001054464615
188127	0.0001268177349
188211	0.002170087148
188315	0.003068302029
188316	0.002944537291
188496	0.003516034634
188567	0.006339211896
188620	0.0008752083516
188843	0.0003569376253
188856	0.001537130663
188985	0.0006525018836
189205	0.001078491976
189357	0.001077687231
189372	0.004126456104
189506	0.01108133748
189544	0.002163880359
189545	0.001246730272
189655	0.008475207586
189694	0.004221719879
189785	7.462176452e-05
189788	0.002547511527
189818	0.001025388787
189824	0.005716602988
189990	0.0006410032998
190020	8.087231427e-05
190023	0.009534582357
190060	0.001246723212
190069	0.0002524553417
190263	5.817560288e-05
190330	0.003416727317
190340	0.001083281732
190360	0.001139616193
190410	0.0003517162657
190713	0.0002379270817
190840	0.002391259737
190876	0.01999157706
190937	0.001554334472
191003	0.0009749953415
191050	0.001451322306
191208	0.0009290610566
191453	0.000449025431
191456	0.0007356401355
191522	0.0008223441697
191919	0.005222245156
191925	0.001169612847
192052	0.006970505817
192199	0.01203860571
192224	0.004468310719
192305	0.0003171255571
192360	0.002813224834
192410	0.00238619423
192616	0.001610704634
192760	0.001033375083
192795	0.0003206238321
192955	0.0005458371346
192957	0.00295950118
193015	0.003617532823
193044	0.002222479526
193241	0.003809133027
193261	0.01121691865
193277	0.001456490415
193289	0.001687977823
193436	0.0009651776499
193452	0.00275534186
193550	0.001601478705
193674	0.01132208018
193914	0.0004202624789
193959	0.0007276969614
194007	0.00109393157
194201	7.057640521e-06
194217	0.01994905057
194515	0.0006505546383
194563	0.0003879908377
194680	0.008923519908
194782	0.0007275099211
194839	0.003668897685
194917	0.0005804032139
195042	0.0007305846513
195132	0.008657132074
195215	0.000272395321
195242	0.0009497745453
195358	0.002878485132
195460	0.00268677658
195486	0.003500440299
195567	0.001927272191
195572	0.00174897243
195692	0.003207537446
195809	0.0007490302723
195929	0.0006709991697
195957	0.001436817181
195965	0.0005656011449
196042	0.001679592037
196264	0.01161133775
196275	0.002935801549
196305	0.001843795252
196308	0.002808971044
196403	0.001065225742
196407	0.0003758749548
196883	2.856170985e-05
196889	0.007258929654
196923	0.0003848568213
196928	0.003644459032
197072	0.009596352889
197200	0.002715236608
197217	0.01049143557
197354	0.0006513741374
197432	0.003877485743
197600	0.01545257485
197648	0.001159968112
197689	0.0002040277169
197703	0.0006740053083
197777	0.004486256133
197816	0.0005095287152
197936	0.001051187514
197960	4.772339695e-05
198054	0.0009593098315
198103	0.0003529529277
198227	0.0005387846882
198300	0.001187839574
198310	0.003302462705
198442	0.005744306571
198510	0.002490519861
198549	0.0007604806831
198613	0.0004592281938
198742	0.001040146475
198770	0.001277945988
198771	0.001413406574
198867	0.0009508222506
198877	0.003242634488
198937	0.01545995597
198946	0.001244434833
199006	0.0002629719085
199042	0.0009495038235
199128	0.0007920194663
199135	9.203561944e-05
199164	0.0004720277498
199275	0.001068558358
199375	0.01004810336
199389	0.0002185557301
199479	0.0003852776487
199791	0.00333773187
199941	0.0005987354779
200281	0.0008028282612
200305	0.001201512815
200457	1.210883135e-05
200519	0.002474154082
200606	0.004824797141
200684	0.0004294150911
200946	0.003432398476
201028	0.006686676933
201361	0.001532502354
201374	0.0001154694278
201515	0.0015881448
201528	0.001677259475
201987	0.0005428249075
202019	0.003162320225
202183	0.002507720218
202820	0.006647404701
202853	0.0008810432232
203045	0.003911026763
203078	0.006548375179
203169	4.318928871e-05
203253	0.002309774287
203538	8.988042395e-05
203539	0.0002332726626
203576	0.001246296412
203738	0.001868456345
203795	0.004685337672
203802	0.001773318552
203909	0.0007506024666
204030	0.001284216131
204238	0.001425241407
204370	0.002425263607
204666	0.001620709083
204806	0.002141761162
204954	0.001296020618
204968	0.0002636408625
205022	0.001786749486
205083	7.902396643e-05
205110	0.001307454712
205200	0.002158070094
205258	0.001932157617
205281	0.002321797161
205299	0.0007432847184
205352	0.001181585139
205361	0.001576187737
205450	0.001139706246
205553	0.0001214067244
205752	0.003342612102
205875	0.000758454496
205897	0.003903142727
206004	0.0003475875338
206076	0.009023689168
206120	0.01155037517
206145	0.00142586626
206223	0.003461121412
206273	0.01008719457
206330	0.001063776289
206353	0.002259584234
206510	0.004813328533
206605	0.001549529661
206629	0.0009448351652
206660	0.001267989794
206971	0.01010705007
207008	0.0001900260132
207032	0.002545850981
207147	0.001687980182
207151	0.02697487087
207165	0.004155720802
207259	0.002074597972
207268	0.001064038551
207372	0.01040361534
207502	0.0006274402689
207572	0.001374427918
207604	0.003251129512
207671	0.0009177569306
207679	0.005242918497
207813	0.0005504622146
208052	0.0009184138442
208083	0.01063378318
208097	0.0006019784494
208181	0.002919794289
208258	6.383730138e-05
208364	0.0007268159393
208472	0.01093089484
208479	0.001659938131
208652	0.0007855751535
208742	0.000175506788
208753	0.0007776145011
208951	0.0004769569229
208963	0.01299434227
208968	0.0006710306279
209024	0.000334152102
209190	0.0007049973996
209319	0.0001881389623
209346	0.0001542497888
209366	0.001022765113
209463	7.96803372e-07
209482	0.001068999474
209518	1.852520476e-07
209695	0.001012264925
209899	0.0001666733021
209912	0.004040497139
210006	0.002250078853
210010	0.0007146486631
210302	0.004967968678
210535	0.003341622715
210942	0.003770188335
211353	0.001537745729
211612	0.0008366990181
211675	0.004370561291
211681	0.01037815653
211775	1.179208807e-07
211794	0.0003646115571
211935	0.002722314799
212056	0.005488459984
212390	0.002137058217
212439	0.009643638961
212527	0.00258862051
212529	0.005278449618
212556	0.0005952848416
212617	0.002693879735
212648	0.009760700109
212679	0.0001287669191
212718	0.022292017
212795	0.004832074012
212883	0.0003373645708
212933	0.001648457645
212985	0.001242803112
213040	0.002945121178
213105	0.0002082146154
213126	0.003986990093
213141	0.004095982209
213194	0.001040774812
213365	0.002713544973
213532	0.0005157264222
213566	0.001829189534
213634	0.003614339259
213749	0.003955805135
213936	0.001000483304
213992	0.001718309968
214311	0.003587121647
214323	0.006990735713
214331	0.01407800276
214374	5.313272817e-05
214375	0.0001812311232
214567	0.00852921771
214591	0.002747308813
214607	0.0005414438821
214652	0.00432624374
214854	0.001703289511
214941	0.01871175753
215050	0.001974015462
215099	0.001787607815
215164	0.001928093032
215184	0.007952617462
215404	0.001178806453
215530	0.003975325603
215531	0.01011950552
215640	0.000245112734
215720	0.003921834794
215767	0.007984571704
215786	0.003159802512
215873	0.001853418897
215884	0.002237946077
215975	0.002926611941
216044	0.001536133826
216128	0.0008618127174
216171	0.002071601066
216180	0.0006148072731
216252	0.0004135806684
216270	0.001929270612
216311	0.001019341285
216648	0.001418502051
216667	0.003421118893
216717	0.001160243563
217035	0.0009198324731
217413	5.158083617e-05
217472	0.003514207246
217480	0.002848746985
217568	0.004119633621
217651	0.002659921909
217771	0.0006814342316
217867	0.001873461741
218157	0.01109140029
218215	0.007600550093
218295	0.0004414456345
218356	0.003155112682
218490	0.001080129037
218522	0.00252730241
218528	0.001075465045
218617	1.293794662e-06
218640	0.0004411944621
218772	0.001474365297
218798	0.0007569543768
218838	0.001953304778
218910	0.000421537299
219009	0.0009783307011
219079	0.003477686815
219087	0.002963620447
219170	0.01604263326
219575	0.003468488711
219628	0.00194342113
219729	0.001007480622
219773	0.001947639778
219861	0.0002463628211
220241	0.01062177399
220329	0.0004817767634
220476	0.001689365208
220542	0.0004104365976
220603	0.0003621450972
220624	0.0003327026319
220653	0.0004909063532
220691	0.002586737295
220724	0.01695320073
220874	0.005263491358
220881	0.0001974376702
221000	0.001212149975
221156	0.002436029196
221202	0.002144227822
221208	0.002788280454
221261	0.002973904277
221777	0.002106947705
221786	0.002499335364
221836	0.001060935742
221907	0.008636684705
221933	0.002972669243
221970	0.0003251635951
221995	0.00454323787
222162	0.0005502261581
222173	0.000322731303
222214	0.0002744486755
222275	0.001310408123
222311	0.002142063813
222324	0.003697591156
222456	0.002558087539
222472	0.0007441084465
222495	0.0007697149564
222701	0.004888946335
222708	0.00119863078
222798	0.001040861645
222845	0.0009696406128
223013	0.007334974751
223018	0.000711269064
223032	0.002781507636
223287	0.00353147644
223383	0.001282685915
223390	0.009944414806
223420	0.003106142135
223473	0.0005676322408
223508	0.01228035039
223704	0.002196402347
223708	0.01025951603
224052	0.003929870509
224078	0.0003351290422
224115	0.003948332734
224213	0.00100809665
224392	0.0004514758301
224393	0.0007558735563
224413	0.007255206978
224420	0.004750809753
224674	0.005587742037
224710	0.007153616591
224795	0.002594298119
224806	0.0005679937184
224902	0.00133016355
224955	0.002772944537
224963	0.00341126401
225032	0.003531319031
225056	0.004707010045
225087	0.002517976277
225107	0.0002678864227
225169	0.002590705716
225215	0.000194374702
225221	0.004029325545
225255	0.008541315031
225275	0.0002408966781
225484	0.000221037527
225885	0.000580440033
225965	0.0001857953269
225986	0.001270764807
226004	3.122270288e-05
226063	0.005400010363
226095	0.0176462859
226145	0.00100810151
226172	0.0004556526553
226188	0.02045980654
226544	0.001264807629
226845	0.002972713632
226960	0.002514290478
227031	0.0005410681483
227362	0.01195038636
227408	0.001876809983
227427	7.913692457e-05
227600	0.0002821946783
227669	0.0006491191348
227744	0.01011089607
227799	0.004734205812
227801	0.001043948398
227842	0.001813506052
227934	0.0009340749848
228027	0.002188599482
228139	3.985961624e-05
228151	0.002746111009
228278	0.001709488864
228435	0.001832906944
228444	7.116060407e-05
228603	0.0002328802439
228671	0.001544065643
228673	0.001819383823
228790	0.0002603433036
228889	0.001486356226
228933	0.00229423522
228966	0.002798742408
228975	0.01102715482
229027	0.0004017495063
229105	0.00260493577
229115	0.002321123323
229116	0.00429901409
229218	0.001169093237
229281	0.0007423677717
229304	0.001217845581
229306	0.0001947243394
229488	0.0001629701021
229735	0.0003142191913
229773	0.0005316744391
229995	0.001222530078
230009	0.002473488984
230163	0.00501059172
230319	0.004396365828
230325	0.00347622299
230335	0.001837706158
230359	0.009263467867
230369	0.001145183665
230547	0.0001733293787
230599	0.0003069210976
230650	0.004552568205
230810	0.002529351344
230824	0.004103427016
230990	0.00338576691
231026	0.0001605732046
231027	0.001517080825
231102	0.0005739068159
231152	0.001530700596
231282	0.004563279067
231335	0.001023017835
231344	0.0001081196299
231378	0.0008392954574
231542	0.004103863383
231601	0.005459569763
231748	0.002367205973
231792	0.000121347311
231812	0.009935674451
231936	0.01071866003
232041	0.0008171068514
232058	0.002835143354
232104	0.00223668965
232118	0.006143032319
232255	0.002668934154
232264	1.852582525e-05
232450	0.0001895512501
232514	0.001400840883
232633	0.001023820303
232708	0.001364438575
232795	0.0002219814131
232832	0.001355683283
232878	0.0004444128132
233057	0.007865725634
233219	0.001299522666
233229	0.0008638321187
233304	0.002777712287
233373	0.007038615824
233376	0.0001345701587
233378	0.001578595972
233418	7.722226181e-05
233521	0.01342341138
233529	0.009021187635
233568	0.0005731267171
233632	0.006466541675
234039	0.001591664496
234185	0.0003362365384
234346	0.0007798030914
234373	0.0006383465571
234469	0.00536753396
234524	0.001191971277
234942	0.002325876003
235369	8.55008022e-05
235374	0.003715433402
235446	0.008084112784
235482	9.525304006e-08
235510	0.01174821204
235567	0.00955564614
235683	0.000930392604
235715	0.000302227223
235820	0.01326872144
235829	0.0001263947088
235854	0.001628511599
235921	0.001202103317
236120	0.01176290346
236267	0.007109511401
236301	0.003531308857
236349	0.0007483843481
236385	0.0006689761512
236394	0.01076360753
236411	0.00173229569
236554	0.004933826576
236562	0.0009657251206
236615	0.002478695641
236718	5.383402986e-05
236853	0.007573538938
236938	0.001581509977
237100	0.001055771345
237272	9.275266398e-05
237275	0.0002808664392
237280	0.0001521226931
237313	1.525792727e-06
237473	0.0001515709463
237697	0.004402077616
237775	0.001219580028
237821	0.001815152612
237958	0.002102274929
237972	0.00593827582
238496	0.006065532467
238513	0.004096448731
238569	0.003028353626
238597	2.284901692e-05
238618	0.009241741061
238619	0.007872046336
238712	0.001307338788
238745	0.002511354028
239245	0.001831809904
239277	0.001907880618
239312	0.0009257179706
239428	0.004124715582
239517	0.007285931063
239528	0.001104486508
239720	0.001000310965
239736	0.0008885181816
239753	0.003887671181
239779	0.001894448487
239850	0.00769274726
239887	0.001021177977
239895	0.001275155646
240053	0.001178298076
240082	0.0007710260299
240177	0.0008599792906
240223	0.01006733682
240281	0.004850469526
240312	0.001242626666
240413	0.0001963763421
240426	0.00925061558
240520	2.538428956e-05
240598	0.01455945227
240654	0.0005102211904
240666	0.002336507471
240745	0.001407072107
240757	0.002951620547
240925	0.008276868727
241079	0.001564017809
241235	0.009847051961
241558	0.0172478955
241565	0.002052919359
241600	0.0002486340254
241605	0.002735853179
241641	0.01064908569
241735	0.004141571702
241785	0.001380090563
241804	0.0002739728064
241847	0.0007030717061
241854	0.004410804091
241952	0.003822406355
241994	0.007070050636
242009	0.001571756764
242048	0.002502790804
242322	0.001225941083
242346	0.0009376627958
242402	0.0002683773191
242556	2.008016199e-05
242731	0.001459696728
242751	0.00260638731
242835	0.002563170794
242887	0.0007509179332
242896	0.001763095596
242987	0.003042967574
243123	0.001689367113
243151	0.01708907339
243171	0.001639132778
243315	0.001847735876
243330	0.001689049222
243377	0.000708256561
243493	0.002039291376
243686	0.001583637018
243881	0.002398782408
243975	0.0001300215359
244164	0.01235687404
244240	0.004748266965
244253	0.00121210712
244339	0.001112180012
244373	1.479550331e-07
244431	0.003685618447
244596	0.0005576378441
244632	0.0006767934761
244664	0.01489246207
244919	0.007396303673
244944	0.001159521709
245155	0.01574694208
245245	9.582813967e-05
245270	0.001093494411
245315	0.003342160436
245317	2.505733573e-05
245345	0.002068508962
245384	0.01546840156
245405	1.575815913e-05
245490	0.001060138726
245665	0.002487287318
245735	0.007843445465
245770	0.001737728741
245837	0.002288236928
245985	0.0002411808057
246002	0.0005297416936
246028	0.002864167409
246101	0.001380632597
246256	0.001019629552
246354	0.001225575261
246424	7.762868886e-05
246507	0.003722873108
246926	0.0004643907539
247112	0.0007807766066
247183	3.962228443e-05
247490	0.002397851076
247575	0.00147311277
247576	0.0007098567472
247599	0.005442688505
247755	0.003765648505
247819	0.003507919563
247822	0.002868890423
247887	0.001088029488
248136	0.0009079079359
248210	0.001916045951
248224	0.001524319977
248239	0.0009673258033
248303	0.0003941292317
248496	0.005783197084
248990	0.01221649545
249046	0.01168053176
249063	0.0005932893608
249137	0.01134411356
249152	0.0009781985495
249228	0.007713328506
249295	0.0005182118807
249354	0.001162243339
249443	0.0002934003618
249475	0.004437243977
249587	0.0007138858644
249631	0.0006039214951
249873	0.0001704589575
249875	0.0214915557
249987	6.225530413e-05
250017	0.0004898299851
250084	0.00165205683
250107	0.003628925097
250179	0.005403420993
250182	0.0001076485074
250206	0.006279536683
250207	0.002800201746
250216	0.018194413
250410	0.008980844058
250460	0.006051738267
250608	0.0045181053
250822	0.004717117521
250936	0.003998063508
251088	0.002156639469
251150	0.008248075875
251184	0.0006280552201
251303	0.001862038538
251422	0.0008056526217
251503	0.01081906348
251507	0.0003925645187
251517	0.007502576126
251526	0.005880894976
251584	0.0008003371989
251642	0.005222239445
251672	0.001906498062
251804	0.006027512825
251840	0.002113026969
251891	0.0003060245159
252005	0.009900812731
252034	0.0005769095466
252161	0.0004461268177
252186	0.002527531932
252297	0.01124397536
252305	0.001334328533
252346	0.003723691157
252501	7.533088871e-05
252515	0.002087879819
252652	0.002380869553
252729	0.004529399328
252767	0.0003276883743
252901	0.001998590413
252944	0.0009642926192
253025	0.001466544026
253059	0.003444825162
253222	0.0008024829455
253320	0.00326564367
253334	0.0128005515
253369	0.004214381009
253374	0.002205159716
253429	0.00089463636
253438	0.00136306271
253537	0.0002523851435
253540	0.001619827502
253611	0.01087793686
253666	0.003474477263
253760	8.420760236e-05
253824	0.003231710321
253960	0.002677055369
254149	0.01212974394
254179	0.001469098907
254275	0.002731529322
254314	0.0003492799285
254323	0.002220583352
254337	0.0009649954308
254395	0.001436069473
254598	0.003559912032
254673	0.005717866681
254740	0.01873876302
254773	0.003704437786
254829	0.002584872443
254938	0.003291998794
254967	0.001253834257
254983	0.000192788684
255111	0.002214757472
255175	0.003480787053
255289	0.001244121484
255318	0.0006373672944
255328	0.005757126134
255330	0.0006125455341
255340	0.004538496635
255853	0.002577107032
256041	0.001785925943
256178	0.00585168106
256185	0.001806366154
256356	0.0003090677833
256441	0.0002442969417
256515	0.002752005626
256818	0.001609404406
256862	0.001945453099
256944	0.002953821854
257055	0.001321306131
257058	0.001227467274
257084	0.0002323635546
257086	0.000321260795
257213	0.000996373369
257260	0.002271148882
257317	0.0007485306223
257356	0.003024154357
257383	0.00230440632
257425	0.001837490279
257478	0.0001014309737
257603	0.002441704721
257611	0.0006702902484
257635	5.945058225e-06
257786	0.0005242567541
257805	0.0009767850535
258240	1.896450563e-06
258435	0.0007456952635
258476	0.0009191779187
258573	0.0001323090961
258670	0.0002508524093
258689	0.002042871527
258759	0.00200876259
258771	0.0004903903072
258849	0.0003287447025
258910	0.004229660886
258956	8.926917453e-05
259181	0.0007460707283
259249	0.006408698168
259347	0.0001364410615
259614	0.001420306191
259689	0.003280017324
259742	0.0001336179211
259752	0.001213282398
259802	0.003123344552
260052	9.625597407e-05
260068	0.0008975064016
260092	0.0009395113222
260430	0.0004560330816
260448	0.000682446353
260488	0.001644810885
260555	0.0008777856585
260614	0.001416667948
260650	0.007149666358
260786	0.001309989664
260834	0.0009122610627
260872	0.003599143904
260907	0.001096371042
260931	0.001516646019
260971	0.001261307291
261031	0.005111500474
261116	0.0008177132545
261258	0.0007002463193
261405	0.002559353663
261496	0.003158636845
261497	0.008423867742
261553	0.002307039505
261566	0.006574714343
261813	0.005455309366
261819	0.01502009642
261833	0.001872926236
261945	0.003723772541
261979	0.004123347639
262015	0.001474074924
262024	0.003778396939
262056	0.00221894295
262149	0.002942320541
262223	0.01873056848
262229	0.0129046741
262306	0.0007448786856
262408	0.005466948802
262434	0.0002658328679
262449	0.00330764602
262667	0.0002944035718
262701	0.002177094652
262808	0.0160220069
262831	0.002600896437
262865	0.0009232451196
263037	0.0003211337775
263149	0.001412118647
263229	0.003921905846
263239	0.01687613592
263343	0.004335222005
263344	0.01013374379
263347	0.001242783837
263367	0.001699557367
263424	0.003911238421
263459	0.0001186098219
263594	0.003670566661
263596	0.005153753558
263748	0.002268133112
263792	0.002492335807
263828	0.000585565731
263949	0.005522192799
264001	0.02192952591
264109	0.002693568282
264187	0.001790034587
264211	7.536724403e-08
264224	0.003295549803
264293	0.001459399397
264395	0.002770333621
264398	0.0008251334174
264438	0.009695167924
264482	0.0008467773679
264484	0.0002271655597
264485	0.0006008089777
264542	0.0002302924195
264627	0.001593195439
264728	0.001443719264
264848	0.003614765518
264925	0.009000762611
264944	0.001083755101
265144	0.0008435993703
265209	0.009935052641
265397	0.002065369743
265401	0.003193471551
265447	0.004454929378
265555	0.0231439863
265585	0.0005397621507
265601	0.001245556897
265792	4.274940326e-05
265986	0.0003527292532
266167	0.000754635887
266367	0.001548522728
266368	0.0007094616185
266416	0.002243314004
266436	0.001667364889
266574	0.001176829737
266741	0.0009665498203
266798	0.006306192864
266937	0.004355141744
266948	0.0005441359573
267062	0.0001321421626
267129	0.002313907546
267233	0.001493936885
267288	0.002232802483
267405	0.0008612626677
267445	0.0002189343231
267465	0.003433213821
267479	0.0002279667559
267672	0.0003707714579
267751	0.0004548234971
267808	0.002713261746
267906	0.001696964439
268039	0.003172192147
268105	0.000965016626
268170	0.0007368026883
268221	0.001015682677
268257	0.0001312324723
268346	0.007927642633
268529	0.0005720454005
268620	0.0003698539064
268902	0.003118970403
269015	0.001397254866
269059	0.01542007284
269069	0.003278854345
269085	0.002508614654
269091	0.001675836522
269107	0.008419083311
269143	0.000430691164
269185	0.001183592857
269269	0.001650055832
269283	0.01208780984
269318	0.0001455602649
269366	0.000313842679
269404	0.001971924824
269467	3.874368582e-05
269526	0.002280135886
269545	0.0007027880898
269591	1.511879445e-05
269650	0.0007244675891
269657	0.002722658557
269760	0.02544183781
269792	0.01331582894
269895	0.003067955884
269997	0.006063632871
270009	0.008585543126
270120	0.001652761126
270196	0.00684428833
270206	0.002968417349
270303	0.007399221667
270557	0.002644522896
270560	0.003124285821
270568	0.003063998626
270588	0.001393944879
270638	0.006847582276
270669	0.005956911006
270783	0.0009431842274
270865	0.004432830396
270963	0.002687697018
271047	0.003960497157
271194	0.004422345534
271266	0.0009494953333
271278	0.004414405828
271393	0.001916881989
271465	0.002412079168
271472	0.004134436114
271502	0.01061977355
271727	0.001104607766
271865	0.002543053367
271887	0.0006078644868
271958	0.001297685579
272284	0.0001572560974
272361	0.001348124675
272496	0.0007418935556
272556	0.003200426315
272821	0.0007248859054
272855	0.0003666420957
272876	0.001881476783
273027	0.005124752114
273139	0.002130145941
273203	0.003857879719
273206	0.004090427343
273274	0.001638976878
273340	0.007820992836
273395	0.001491107225
273552	0.002336780875
273787	0.002408352713
274057	0.00235788957
274123	0.005270261017
274176	2.299602532e-07
274407	0.0004127864472
274485	0.002201869997
274536	0.01828803433
274574	0.006535690219
274604	0.00162642247
274798	0.00225981244
275041	0.002394404706
275103	0.005186338757
275224	0.0007700348358
275525	0.0007212313307
275549	0.003120053032
275568	0.000942904735
275637	0.00950368718
275641	0.00261588864
275727	0.0001533297231
275880	0.002126682589
276111	0.002310780979
276157	0.003812596996
276182	0.003475035606
276189	0.002661898765
276262	0.0001328078474
276268	0.0001056425869
276278	4.993682904e-06
276340	0.001226954247
276438	0.003887556531
276465	0.0002186902931
276466	0.0006327672656
276554	0.001672709988
276677	0.0003531131012
277110	0.01548602127
277134	0.0007470808667
277222	0.001486837619
277261	0.001188791335
277304	0.0004610892688
277310	0.0007782583183
277317	0.0003685548041
277439	0.001134017016
277577	0.001408345468
277617	0.001777379496
277636	0.0003345988858
277679	0.0007559546005
277761	0.001355758065
277816	0.002868400742
278244	0.0004708949278
278263	0.0008081237965
278475	0.0005430670162
278627	0.005082729845
278644	0.00380185271
278862	0.008923537069
279296	0.0007515749972
279303	0.002270272045
279469	0.01060862218
279594	0.0007468440736
279709	0.009785107206
279713	0.006378662512
279745	0.002172287357
279746	0.01859104955
279770	0.004063716585
279808	0.0006706784427
279905	0.002529337012
279979	0.001759572832
280023	0.005310688817
280049	0.004070562421
280162	0.004205665349
280210	0.001643183843
280337	0.01699386875
280568	0.00431930061
280697	0.00206180361
280981	0.003173555451
281324	0.0003687305224
281407	0.002665805804
281546	0.01479031645
281558	0.001319734467
281648	0.002735486668
281713	0.0001777158126
281753	0.009009407537
281777	0.002100673151
281868	0.001854536989
281911	1.415990645e-06
281920	0.001215334263
281998	0.00284606334
282006	0.00105703272
282064	0.003488106656
282092	0.005537722483
282097	0.006690358045
282100	0.00294348278
282101	0.001394507827
282103	0.004178307985
282118	0.001460642735
282205	0.002392040157
282220	0.001749725045
282283	0.001042573551
282468	0.007897690855
282565	0.001787763812
282665	0.001455802898
282774	0.00107713377
282851	0.01062595409
282918	0.003719321823
283203	0.001054423305
283434	0.00288053077
283868	0.001887958059
283876	0.0002111467272
283969	0.001393849335
284144	0.003156886537
284149	0.0007219859228
284161	0.0001040804727
284279	0.0009930926672
284598	0.001563037467
284679	0.0006693718549
284737	0.0004964270366
284834	0.007281444704
284957	0.01000228965
285101	8.828578403e-05
285151	0.005984706787
285206	0.002186152997
285207	0.002030048756
285251	0.0004563868513
285295	0.004460790811
285399	0.00594784984
285515	0.003139860193
285516	0.00585784263
285532	0.002974640306
285614	0.002618542395
285626	0.001034891808
285739	0.003149400304
285873	0.00156702228
286070	0.0006448550267
286280	0.003636959604
286289	0.0006710033053
286354	0.001881882713
286375	0.0006226147929
286571	0.002372817583
286659	0.001332138659
286813	5.01778263e-06
287026	0.0009802338238
287217	0.0001575306003
287514	0.005552476718
287563	0.000846371595
287624	0.001791859026
287787	0.001463998259
287984	0.005926256667
288180	0.0007097570523
288187	0.0006464246683
288326	0.003869877839
288475	7.118442121e-07
288556	0.0004620458443
288673	0.002830469151
288701	0.004394457431
289081	0.02139074469
289122	0.0003905338452
289170	0.002610511301
289409	0.002185635545
289444	0.006084558656
289454	0.005765716165
289501	0.00058939776
289595	0.001026754026
289738	0.001800085744
289796	0.004637626484
290020	0.004787077291
290023	0.0008070070798
290032	9.499096491e-05
290094	0.0007395539527
290283	0.004984798068
290356	0.0004622942311
290401	0.0001325154957
290464	0.00225688251
290826	0.0008408915765
290848	0.0007610048234
290874	0.003303338632
290911	0.0002890663437
291179	0.006632323005
291181	0.001098109763
291389	0.002586387257
291440	6.955326527e-05
291645	7.849937071e-05
291739	4.605712882e-05
291843	0.007859974121
291911	0.0002274754574
292380	0.002161929061
292402	0.001116736344
292452	0.006302737703
292654	0.002465185286
292803	0.005522907383
293045	0.003786830836
293048	0.002834374127
293057	0.007454172373
293148	0.002574187467
293212	0.008596178379
293523	0.001494121176
293529	0.002259340568
293595	0.0008790191078
293871	0.0005805802164
293878	0.002306804116
294082	0.005768994415
294348	0.001525384448
294494	9.04198872e-05
294588	3.68405441e-06
294609	0.007919291382
294668	0.002954646282
294723	0.009710778998
294907	0.001046721009
294985	0.000345665724
295284	0.001735680174
295285	0.0007430918523
295515	0.01619322466
295572	0.0006355264076
295629	0.002824083413
295695	0.004024783082
295855	0.0009213641048
295898	0.002620106539
295933	0.00764617275
296081	0.007002712253
296143	0.001537006319
296174	0.001410251678
296520	0.005091870643
296758	0.0001680448232
296824	0.0005763305157
297068	0.00168777463
297073	0.002661855428
297118	0.004308020907
297155	0.001019470442
297198	0.002955386203
297221	0.0004844640937
297320	0.003905288784
297700	0.001991218129
297712	0.01181607419
297759	0.001480925509
297767	0.01319031206
297784	0.0003169567368
297830	0.0004079867512
298108	0.0004031798008
298253	0.0006845702698
298260	0.006193926929
298487	0.0008053700141
298511	0.000477984212
298528	0.003461230101
298564	0.003370519131
298663	1.572936508e-06
298679	7.590377723e-05
298944	0.001134290727
298960	0.004486177694
299225	0.001691743655
299338	0.004080369095
299364	0.0003549399964
299374	0.0008847255299
299400	0.002760787395
299521	0.01325934038
299537	0.002936887764
299553	0.002192645849
299557	0.002280645092
299636	0.0004002712708
299681	0.001451713075
299752	0.001223669712
299862	0.004121838233
299910	0.001160413203
300028	0.001837598675
300142	0.003015092807
300174	0.002128608622
300276	0.001039295573
300340	0.0020967504
300378	0.003970530294
300387	0.004639285431
300444	0.0008316105629
300445	0.01071005592
300642	0.0006087163681
300806	0.0004198893585
300924	0.01984818384
300944	0.002561140213
301059	0.006007048885
301088	0.01069586735
301113	0.004837322115
301202	0.003425583054
301529	0.006995259666
301608	0.008372265175
301628	0.005204016482
301876	0.0003992256126
301904	0.00491182766
301945	0.001193722765
301991	0.02217604499
302039	0.01945956392
302074	0.002008922787
302284	0.0006286516631
302490	0.001438864089
302499	0.003122932426
302681	0.002469830049
302693	0.02170956632
302719	0.0001427983232
303202	0.01016914827
303218	0.006080922991
303253	4.225329098e-05
303349	0.000611198953
303423	0.001456938724
303510	0.002049714756
303605	0.01085884411
303640	0.002855666705
303684	0.0007942766417
304071	0.003454198302
304074	0.0047251579
304143	0.0009117061447
304187	0.0003612235947
304214	6.084431113e-05
304225	0.003761414571
304306	0.0005648392651
304315	0.00141411539
304330	0.005181671518
304333	0.0007674944714
304335	0.007569751615
304463	0.0007015044246
304621	0.00107973189
304652	0.0005807357772
304914	0.0007225997935
305004	0.00257804756
305071	0.00117038555
305207	0.001902533835
305366	0.002501940257
305610	0.001106475878
305634	0.003220786087
305672	0.001147489099
305712	0.0006664558469
305719	0.001070758623
305733	0.0003959383818
305919	0.0007971402796
305934	0.003122869743
305970	0.0001568064318
306094	0.004087022157
306119	0.0009816174868
306153	0.003204663127
306167	0.001275757779
306196	0.0002261827805
306292	0.001375101261
306319	0.0008203489733
306493	0.001346630688
306549	0.000388010611
306624	0.0003667994209
306742	0.002025190409
306818	0.007411104744
306853	0.002847920067
306881	0.01062721913
306967	0.0004328713868
307059	0.004867824921
307103	0.002170236085
307118	0.003141426304
307121	0.002752587039
307186	0.001440842754
307339	0.000847952612
307351	0.006613052949
307497	0.002864621238
307641	0.002324564992
307950	0.004217317462
308058	0.006438103738
308085	0.002923211139
308111	0.01229345095
308275	0.009697841514
308316	0.0005775709449
308345	0.000210614713
308443	0.00171866971
308556	0.000372685432
308657	0.001978303229
308919	0.002075097756
308983	0.001659658217
309058	0.01340693425
309206	0.001386248241
309268	0.002150851059
309418	0.0001254316433
309606	0.001334928738
309626	5.806017091e-05
309696	0.0007027341755
309777	0.0005887376837
309942	0.003002775661
310190	0.001355649201
310202	0.0001237818731
310228	0.002705230927
310232	0.001994118959
310235	0.001231891358
310283	0.0003778610858
310458	0.0006346900481
310460	0.00233053843
310699	0.002381682317
310850	0.006012147765
310976	0.0005238030783
310986	0.001122863228
311309	0.001172020404
311334	0.0003230779233
311361	0.0005536065486
311379	0.006797300412
311428	0.003296407969
311481	0.001787454076
311512	0.001259817809
311714	0.002374889669
311766	0.004411134499
311956	0.007416448837
312068	0.001370930804
312186	0.007686147038
312412	0.003138499803
312838	0.001345284336
313054	3.26296651e-07
313200	0.001316264095
313280	0.0006244131602
313362	0.001202737313
313509	0.004199453605
313526	0.0005768678439
313558	0.004074560386
313597	0.00376181844
313598	0.006953944053
313647	0.008126200709
313765	0.002096996412
313787	0.000791842743
313858	0.0004251438437
314143	0.0004758227885
314204	0.0001692269665
314268	0.01040102797
314379	0.0006117984513
314407	0.004513444964
314635	0.006888156207
314755	0.004696491499
315201	0.002481948357
315210	0.001419512331
315364	8.310161487e-05
315507	0.00114522427
315603	0.005797118752
315659	0.0003843532934
315751	0.0008698104191
315881	0.01870989514
315918	0.0002208396114
316001	0.01520455569
316146	0.003619824242
316220	0.0009269506749
316230	0.01143938725
316355	0.003037703524
316382	0.001906800128
316384	0.00210808502
316406	0.0146270632
316436	0.00186781332
316460	0.001076415675
316487	0.007255070353
316689	0.003259952974
316810	0.0006761257902
316882	0.004225008763
316978	0.0008830640033
317104	0.001664982512
317108	0.0007379230665
317141	0.002488649722
317228	0.001533133385
317239	0.002355449964
317357	0.0001989446647
317499	0.001490573356
317607	0.000495392788
317762	0.0002938785121
317784	0.002376668887
317847	0.0004731048512
318045	0.001459392829
318273	0.0005136081495
318371	0.0002935703562
318480	0.0001635475736
318488	0.004636675105
318604	0.0006359219921
318808	0.002016482979
318950	0.0004728452491
318954	0.001094048628
319005	0.001195700222
319025	0.005381302081
319032	0.006263123652
319055	0.001026979208
319125	0.005796440102
319372	0.0007176199449
319623	0.002582440156
319842	0.001398961692
319960	0.007089087704
320041	0.0005597934978
320227	0.0005227185601
320392	0.0005276504381
320403	0.0002063625491
320440	0.002077905873
320686	0.0007619982896
320715	0.001659973702
321009	0.005180979713
321160	0.003466628513
321183	0.008753730293
321263	0.0004244448494
321513	0.01325761126
321556	0.003910321959
321646	0.0002001493701
321657	0.007868763272
321674	0.008230146778
321677	0.01143361234
321747	0.001026157003
321800	0.00850031874
321904	0.002610254084
321933	0.001533522174
322031	0.005387386912
322122	0.001598333679
322270	0.00474381151
322290	0.01018903226
322387	0.00127981749
322427	0.006031262634
322480	0.009823830028
322517	0.0002779291935
322543	0.007947598267
322633	0.001104738696
322940	0.001350625686
322967	0.001059277837
323150	0.001165926247
323197	0.004362147628
323223	0.001215607245
323277	0.01122950927
323355	0.01096148345
323386	0.0008099907675
323430	0.005631821346
323559	0.001763179305
323575	0.0002808654682
323610	0.007691362936
323639	0.005220737105
323685	0.000332312155
323850	0.005296687452
324012	0.002728373626
324080	0.004374160023
324161	0.004955559101
324177	0.004737257014
324266	0.001678335415
324267	0.003072936836
324415	0.002480365214
324569	0.0006116540411
324677	0.003545491997
324704	0.00097673295
324878	0.001113006538
324915	0.0009655600075
324976	0.003368696955
325071	0.002817091179
325075	1.052522955e-06
325095	0.001083054348
325135	0.02146549763
325161	0.00247852866
325321	0.008887532862
325588	0.001368616118
325654	0.02354851302
325728	0.002914471229
325854	0.001088168733
325989	0.0005295542672
326110	0.002853099841
326236	0.0003148834298
326353	0.007157605559
326413	0.000260840319
326446	0.0002718382439
326550	0.002743161466
326597	0.0001171308213
326663	0.0005277370782
326689	0.001607312343
326695	0.0004456277854
326824	0.007952591781
326866	0.002254159758
326872	0.01593840863
326964	0.001158611756
327068	0.00673213917
327084	0.003280397999
327366	0.001085785854
327391	0.009461334634
327421	0.008354048494
327443	0.001803107777
327471	0.001961936079
327557	0.0003330738632
327669	8.464900474e-07
327686	0.004460516531
327691	0.002137535221
327733	0.003374811555
327766	0.004535818253
327802	0.0001143784438
327818	0.002162785633
327846	0.0008813921482
327991	0.01098591848
327995	0.007176009024
328009	0.001669255251
328028	0.009388918847
328047	0.006099707097
328160	0.002881991007
328492	0.0008894958554
328667	0.006111807777
328727	0.004607643092
328906	0.001152755261
328914	0.001213150558
328915	0.0006379697237
329014	0.002366473912
329061	0.0018412779
329130	0.002006269578
329156	0.006168611467
329216	0.01637575676
329273	0.001712342024
329357	0.0008402165346
329495	0.0003337676576
329712	0.009554931066
329931	0.002237074569
329944	0.01011515545
329969	0.001258494608
330000	0.01177112918
330139	0.01077859735
330178	0.0002246369275
330240	0.001208002411
330339	0.0004570286444
330381	0.004904110655
330453	0.0001467579942
330514	0.003616249439
330531	0.007891593326
330585	0.01199041738
330750	0.001082404437
330807	0.001120361138
330809	0.005727489646
330842	0.002469138293
330845	0.0003211933775
330993	0.001602421344
331041	0.000879404854
331053	0.002157951061
331057	0.001981338846
331134	0.002391038665
331206	0.005244355103
331415	0.006680351476
331507	0.002631695358
331782	0.0154978895
331998	0.006433181971
332080	0.0003399319903
332411	0.007913758865
332633	0.00160210997
332873	0.004754921796
332954	0.002208109001
333193	0.0007544629373
333453	0.00420207238
333715	0.001246276441
333953	0.001405543544
334008	0.003280739085
334154	0.002530923925
334190	0.01492222007
334270	0.007861250301
334317	0.01112538053
334318	0.007276547432
334614	0.0008153879237
334626	0.007852740926
334657	0.0003502707477
334725	0.0005170251781
334763	0.007128815137
334847	0.0036828609
334861	0.00339059214
334863	0.002473843854
334865	0.002494240367
335098	0.002811985636
335119	0.002830253764
335221	0.001397500887
335245	0.000968611563
335315	0.002272167645
335377	0.001196705573
335433	0.01797966775
335455	0.0008736193528
335484	0.002064575451
335746	0.0005798364084
335807	0.0007814152434
335906	0.0005905542786
336226	0.003176092212
336391	0.004246339785
336543	0.003842401589
336581	0.002666154307
336588	0.003845026142
336645	0.003135910505
336732	0.007093693589
336756	0.002341081532
336833	0.0008399594255
337022	0.001483586155
337291	0.0001890985787
337389	0.0002510810364
337411	0.001421651335
337500	0.002384021124
337529	0.003153803271
337537	0.001051300984
337682	0.004991687128
337780	0.001475347088
337794	0.003290279744
337814	0.009220561177
337836	0.0002091458833
337856	0.005953907874
337920	0.002264539733
338094	0.002345385777
338102	0.001388814886
338143	0.006100834331
338292	0.0002129447677
338308	0.004117214701
338362	0.002728849808
338423	0.001715445241
338452	0.0003926336958
338473	0.0125977093
338839	0.0006424909261
338878	0.002279779827
339020	0.000312058478
339123	0.0006821474338
339203	9.3026584e-05
339331	0.001774898241
339473	0.004863522917
339585	0.005311388504
339604	0.003231822289
339628	0.002147123075
339789	0.009839636172
340003	0.005057484611
340009	0.02375949613
340016	0.001024057588
340201	0.003848855006
340363	0.002395711245
340408	0.0009639974597
340445	4.972563387e-05
340510	0.001486054192
340567	0.005501154037
340595	0.003868072382
340781	0.001856702028
340904	0.003212496016
340954	0.0001309707652
340962	0.002444155632
341062	0.004694358457
341089	0.0007589384284
341264	0.005626938635
341281	0.0008815089893
341437	0.003305984547
341537	0.0009182187172
341833	0.004378110908
341837	0.0152078523
341915	0.0007189582223
342011	0.0001677623162
342050	0.005387291813
342179	0.004492322944
342209	0.002135718286
342393	0.003230862005
342422	0.0003677785721
342434	0.005059181702
342446	0.001508914266
342449	0.0114040382
342474	0.01146798759
342599	0.002545374365
342945	0.001917932209
342957	0.001507124382
343000	0.0006152852038
343018	3.229989429e-05
343047	0.0005568931958
343079	1.401686934e-06
343090	0.003782299802
343096	0.01389206244
343319	0.003165896565
343583	0.006432215299
343592	0.00390039494
343677	0.001806796444
343684	0.001173081136
343721	0.000836811725
343791	0.0003630635092
343821	0.001940224614
343842	0.00194451426
344271	0.005554163619
344320	0.001208523263
344328	0.0001184143161
344440	0.0009061281627
344442	0.003271841065
344707	0.0004278311103
344761	0.005518148061
344836	0.002353387278
344837	0.002766938454
345103	9.451197808e-05
345145	0.00110579073
345304	0.00057422113
345325	0.0004896028287
345390	0.00296113593
345491	0.003205080085
345567	0.0001947301072
345688	2.609146074e-05
345731	0.003153039518
345778	0.001343169611
345948	0.002894209857
346074	0.0005031820267
346300	0.01124183123
346586	0.001225803091
346654	0.0004217368196
346829	0.001495552632
346840	0.0001492134787
347131	0.005352447014
347209	0.003720838439
347312	0.00133287388
347463	0.001036178961
347476	0.0003775906055
347489	0.0004962088345
347689	0.003692391666
347716	0.0003457238018
347770	0.0004890380319
347810	0.0007369212331
347909	0.003714916384
347957	0.004728287946
348002	0.006312387487
348069	0.0005820865226
348203	0.001196194642
348290	0.0002952121693
348415	0.004883745689
348471	0.0007507230889
348495	0.004846291121
348547	8.679984293e-05
348638	0.002688064645
348651	0.0002072318364
348695	0.006087255216
348830	0.006029729671
348855	0.008365391916
348916	0.005685490293
349044	0.001898805984
349116	0.0004378383853
349134	0.004084231226
349146	0.0008225826433
349202	0.003209915221
349303	0.002813411646
349365	0.002087866063
349553	0.0004122261864
349566	0.009534196285
349601	0.001232793974
349724	0.002489782155
349874	0.003575149665
349971	0.0007807007794
350134	0.001091510044
350323	0.0009097053185
350396	0.007374144276
350399	0.001447182323
350439	0.001781445865
350454	0.0006544238377
350512	0.02159299693
350535	0.005257478011
350692	0.00863083021
350783	0.001028438751
350904	0.001090593989
350939	0.00101149787
350963	0.005357352217
350992	0.004259355719
351100	0.01082830911
351112	0.001126801024
351199	0.003117504316
351262	2.834625555e-07
351458	0.00204250912
351490	0.0004356357024
351666	0.001142139865
351852	0.001850717938
351937	0.0007991231459
352228	0.01110312606
352265	0.001059353343
352270	0.001054782074
352318	0.01839946691
352420	0.001597767318
352643	0.0002926984372
352677	0.0005010455999
352733	0.0009000520162
353011	1.458969467e-05
353383	0.0008353854797
353626	0.000790099796
353851	0.0007929578278
353982	0.0009581329195
354038	0.0004177497114
354206	0.002722761006
354220	0.0003846564861
354347	0.001564792273
354499	0.02493749798
354847	0.0004614483748
355127	0.0005534806342
355243	0.01027890729
355448	0.003067950123
355537	0.005468063807
355551	0.0003371788538
355560	0.001596353133
355564	0.003901565795
355622	0.006292646461
355687	0.004206222043
355805	0.001081241241
356075	0.0004146660927
356100	0.01337273024
356163	0.002459091323
356187	0.001231868125
356416	5.279328261e-05
356448	0.008208751983
356765	0.00351342654
356884	0.001016060004
356979	0.005476667585
356987	0.001165833486
357024	0.009273340316
357036	0.0005127328761
357091	0.001409694704
357111	0.000118644482
357283	0.01200794316
357336	0.003718445887
357587	0.01025349996
357686	0.001661954108
358077	0.00763833746
358084	0.001791942004
358212	0.0002819382241
358232	0.001047399306
358278	0.006583726383
358367	0.009339152388
358387	0.007590039756
358470	0.00698233627
358599	0.0002625768749
358715	2.6673636e-05
358814	0.004393965397
359135	0.000531324915
359190	0.008489100614
359358	0.0001376637006
359390	0.00274359579
359403	0.001152010789
359458	0.002493300819
359481	0.0004959958498
359561	0.008041335702
359611	0.00243483756
359629	0.001263517191
359743	0.00175092963
359756	0.002046287064
359767	0.0003775736668
360056	0.02776498036
360113	0.002261833025
360162	0.0008369742589
360196	0.003180611133
360405	0.002055468599
360416	0.001232040717
360839	0.003156314153
360972	0.000172742076
361213	0.00200873506
361261	0.005428014206
361463	0.002934196956
361544	0.005032935158
361578	0
361581	0.002414227575
361599	0.00149491464
361754	0.0006009387288
361759	0.00563781719
361797	0.001015969783
361815	0.0004231690898
361931	0.0006152226684
361984	0.003789436042
362069	0.001403833746
362077	0.001304028444
362331	0.0008468852241
362337	0.002984112035
362361	0.0005146536022
362446	0.01137826311
362447	0.01071372784
362491	0.00591017829
362603	0.00100421654
362643	0.003062684363
362744	0.001766604415
362746	0.003553215242
362849	0.0001615755561
362939	0.001314245058
363142	0.001003286299
363329	0.001164646716
363333	0.0009531308703
363468	0.006489594039
363498	0.0008633853689
363635	0.004266745202
363840	0.001289752513
363885	0.002773253499
363899	0.003143363616
363906	0.005404002705
363907	0.001717125005
363982	0.002372825396
364030	3.059891385e-05
364205	0.008316809667
364324	0.0005559133883
364541	0.003818233714
364679	0.001579178215
364728	0.0004913963484
364827	0.00326909134
364871	0.0004452602222
364916	0.004862998048
364939	0.003080466978
364969	0.001117174337
365058	8.013012182e-08
365074	0.0112367656
365121	0.0004341628663
365236	0.0004278958295
365327	0.001248279725
365508	0.01246960082
365685	0.001609654942
365909	0.001576649684
365995	0.001077569776
365998	0.00164955849
366136	0.001286096361
366191	0.003871354539
366356	0.001611403923
366478	0.005079367704
366498	0.000434129998
366604	0.01123803661
366642	0.002788878177
366695	0.01729566532
366696	0.006318042943
366769	0.001036243583
366825	0.002069240097
366908	0.004304692047
367004	0.0005397170584
367008	0.0005456286094
367072	0.001141359471
367079	0.00392971327
367100	1.530183439e-07
367239	0.00362210697
367648	0.004643044816
367961	0.0003026023717
368037	0.001179620254
368100	0.01349688145
368105	0.006015668714
368300	0.002722171028
368475	0.0001142566449
368544	0.002474956434
368585	0.002649247501
368615	0.00123355247
368621	0.0002356292264
368653	0.006485673953
368855	0.002227955384
369025	0.007535216971
369111	0.000272659656
369313	0.000155184014
369341	0.003846736069
369365	0.002881267892
369450	0.003968966061
369532	0.001815058449
369662	0.00362798372
369663	0.001474620799
369682	0.006730027637
369757	0.0002842587339
369788	0.0004719240565
369803	0.003678121308
369968	0.0003439743693
369983	0.0007373304649
370104	0.004938254267
370109	0.000949277859
370129	0.001189373082
370131	0.001814270422
370147	0.004992246424
370163	0.0002985399855
370429	0.004962544591
370435	0.0002886663761
370445	0.001197990828
370567	9.419028253e-05
370757	0.01202108332
370767	0.003473030599
370786	0.002249795964
370833	5.065436287e-07
370974	0.0003465968166
371020	0.001423278974
371069	0.002864769636
371095	0.002197342586
371203	0.004861544318
371215	0.0003360353417
371259	0.00118343976
371284	0.00307832069
371373	0.002907882933
371390	0.001646051209
371417	0.0039668166
371566	0.0146232865
371610	0.001040696438
371611	2.049948684e-05
371643	0.001866915768
371666	0.01000875293
371676	0.004634827837
371723	0.004201858732
371852	0.001368951216
371943	0.001661469979
372052	3.181226357e-06
372135	0.004578891222
372277	0.01036206682
372327	0.01387990717
372408	0.002155416651
372460	0.000106633633
372580	0.0001665462651
372604	0.001819791951
372666	0.004045996424
372709	0.003291136335
372760	0.001394844157
372813	0.005661807351
372818	0.005834245951
372836	0.005888970144
372871	0.0003953883796
372891	0.0003831613928
372918	0.002641536232
372963	0.0006361559739
373174	0.01280721848
373240	0.001584495777
373404	0.001908694669
373420	0.003811610687
373467	0.003519070132
373484	0.001487458859
373567	0.001783092882
373629	0.009136344753
373927	0.003293875512
374022	0.003341065023
374042	0.006711773365
374062	0.0004726386731
374178	0.00769390231
374292	0.001056114338
374342	0.001102787961
374458	0.002111162408
374516	0.002956633713
374522	0.008173314247
374598	0.001023334671
374616	0.001561148563
374904	0.0005511537586
374944	0.004489219751
374952	0.005463237268
374992	0.0006838412163
375059	0.0006532590505
375167	2.632486478e-06
375425	0.005687430798
375463	0.0003897114425
375500	0.001096424044
375683	0.01014044724
375711	0.00458403097
375721	0.001460566059
375855	0.003500485244
375934	0.0003146976102
376128	0.002227232956
376142	0.0005819227655
376198	0.0048019412
376226	0.01529276624
376339	2.366804081e-05
376353	0.001019141324
376535	0.0006500578344
376826	0.001387858055
376894	0.001095782408
377044	0.01001234617
377189	0.0007347242441
377350	0.0005455380434
377401	0.001353476862
377410	0.002908729068
377814	0.001598859882
377818	0.0003427183696
377896	0.0004077303307
377917	0.0034208362
377919	0.00563846095
377926	0.001342028244
377940	0.005152199681
378253	0.0002322315381
378286	0.001711290944
378415	0.004633329489
378551	0.008101337678
378907	0.0009950094712
379073	0.001300542272
379225	9.238876493e-05
379227	0.00318824719
379269	0.001157021443
379318	0.0006137515296
379338	0.001889100215
379402	0.0008820065397
379449	0.001118238504
379629	0.01543718307
379682	0.002985288904
379832	0.0003446548105
379834	0.001297089539
379836	2.991851202e-06
379890	0.00428662014
379905	3.728319677e-07
379988	0.001802002524
380033	0.01543978198
380074	0.001131104424
380086	0.02714644399
380177	0.001586611561
380353	0.003770532658
380455	0.003346270986
380475	0.01424670108
380630	0.0009283027125
380978	0.0010147309
380983	0.008981817021
381080	0.004048686574
381126	9.560359872e-05
381281	0.002828602047
381309	0.01133786776
381420	0.001653040976
381441	0.0001385339411
381491	0.000574933864
381496	0.00230415072
381650	0.002371889227
381818	0.002825381873
381833	0.00126856245
381846	0.00419247392
381963	0.001778653697
382033	0.003584263087
382065	0.0007772263188
382186	1.026987997e-05
382281	0.005047082802
382404	0.00182916866
382495	0.001597665629
382537	0.006165323361
382665	0.00110188224
382684	0.001071972323
382762	0.01464644047
382796	0.0006060083451
382801	0.004060693152
382867	0.002748874137
382971	0.0008108952861
382977	0.003928914329
383038	0.0003026371993
383176	0.001144190609
383202	0.003879484262
383272	0.0006083624391
383285	0.001821623177
383359	0.002632322597
383412	0.0005196791725
383499	0.001839739067
383847	0.002117211685
383881	0.0008635781425
383938	0.0004585662687
383942	0.02325230956
384023	0.000400808653
384203	0.002584307979
384220	0.0007538231842
384395	0.0101455223
384540	0.004931469203
384575	0.008174827075
384637	0.001897343039
384802	0.006776547814
384850	0.0004043369535
384900	0.001373545573
384982	0.001847137842
384996	0.01201279497
385257	0.0113915368
385273	0.00226201588
385286	0.007249619067
385734	0.002014411367
385895	0.0001772389351
385990	0.002706962845
386095	0.009357401719
386149	0.001588520363
386392	0.001400201347
386415	0.001526892765
386527	0.01323515277
386648	0.002145435305
386803	0.001386523792
387015	0.001900123351
387113	0.0001349959114
387128	0.001635018373
387136	0.001585261074
387412	0.01867883611
387435	0.003822612093
387541	0.008954127974
387630	0.002432861055
387809	0.001078511523
387841	0.0006546564799
387919	0.0003782269735
387920	0.001108677445
388012	0.01807563688
388034	0.01396465713
388091	0.006749407276
388165	0.0009474208784
388220	0.0005068723598
388244	0.009578239715
388293	0.001994778102
388403	0.003481546608
388414	0.007920738382
388419	0.0004040849927
388595	0.002445006403
388606	0.0009776303878
388734	0.001327937775
388745	0.00263207333
388748	0.002377821429
388868	0.02379736174
388937	7.156118707e-06
389275	0.001046057267
389560	0.004206140013
389649	0.006960546052
389673	0.001985464017
389746	0.00116520995
389782	0.000798426951
389798	0.003198389025
389907	0.002956324618
389908	0.009931316748
389938	0.001809634569
390148	1.718994819e-05
390273	0.002414561918
390388	0.0002411710549
390414	0.0009318349132
390417	0.0009370291386
390454	0.0006262500418
390713	0.0003451645017
390882	0.001001404896
391006	0.01238913639
391071	0.001739893564
391115	0.006098203636
391134	0.001087933223
391147	0.004820685282
391175	0.002396389584
391197	0.002458938452
391222	0.008414175252
391526	0.002802487072
391712	0.002485295605
391799	0.002179302432
391821	0.002203127148
392015	0.01507650738
392022	0.004279671404
392171	0.002218357168
392185	0.001808844995
392204	0.001995560938
392227	0.0006364333011
392252	0.001833859197
392286	0.02202039637
392318	0.002039115736
392340	0.005287589487
392393	0.007900914604
392420	0.000395490995
392471	0.0009383124713
392508	0.0005065483767
392511	0.001781566012
392566	0.002798193436
392663	0.005632538553
392750	0.03003402227
392868	0.00818821009
392921	0.002093577536
392995	0.002687641754
393009	0.000234546942
393017	0.002162841826
393030	0.004459591868
393031	0.01200703171
393215	0.0003692273835
393283	0.01608224594
393375	0.001542449631
393442	0.001748605507
393460	0.0001036965986
393483	0.002530410799
393536	0.0003332192574
393568	0.003268482747
393661	0.0006637264148
393798	0.005931598871
393809	0.0007980914268
393852	0.00158696002
393872	0.0005467748494
393934	0.001323716373
394034	0.01185749914
394332	0.001418585773
394396	0.008902429095
394462	0.001326799445
394464	8.919918025e-05
394487	0.001271790474
394522	0.0007605224808
394535	0.001258114278
394562	0.001519853099
394602	0.0005309030291
394642	0.002719587543
394656	0.0004494608133
394684	0.0008959255729
394815	0.002133015979
394857	0.00911717652
394896	0.0006682050848
394963	0.001944568621
394965	0.0004702277152
394968	0.0007299195151
395004	0.00476266827
395032	0.01277581434
395118	0.0008053854879
395150	0.008096288085
395190	0.003092711601
395220	0.01208749782
395248	0.01857826354
395338	0.002643660653
395461	0.002545526872
395558	0.0007277976373
395573	0.002818052142
395735	0.001768155691
395756	0.001251584471
395785	0.0009519313499
395813	0.02091173952
396256	0.002201312952
396263	0.0009666188415
396394	0.007415451728
396427	0.002310187298
396442	0.0006161079201
396453	0.009064333733
396505	0.01049752909
396529	0.01176478645
396536	0.009050296651
396547	0.0002986400904
396555	0.0004908493638
396697	0.01222328256
396803	0.002342519597
396824	0.003686572816
397157	8.506992328e-05
397299	0.0010784369
397346	0.0005769092041
397471	0.005362760443
397494	0.0004380200488
397614	0.001964764727
397659	0.0005053019173
397743	0.002722096767
397772	0.0006324872236
398025	0.0006198404829
398122	0.002723451798
398261	0.002077871915
398315	0.01291544638
398534	6.315170748e-05
398631	0.01420421749
398746	0.005751764111
398870	0.0001959186989
398886	0.0002323777503
399118	0.003489752211
399159	0.003470393675
399233	0.000415392357
399290	0.001206200349
399373	0.0004679735654
399423	0.003958583294
399433	0.003128308703
399461	0.0004896819731
399498	0.0001112999466
399556	0.003840274659
399579	0.0006613109513
399593	0.00249475735
399611	0.0001895707733
399634	0.0001942853357
399671	0.0004968155216
399682	0.001251538437
399955	2.228018325e-05
400132	1.795058047e-06
400166	0.0007634717463
400255	0.007864064992
400325	0.005118563683
400345	1.586430907e-06
400556	0.001503472514
400564	0.0008859039087
400591	0.006618129762
400603	0.02326742058
400646	0.006530410461
400812	0.002417251658
400847	0.003977240881
400943	0.001971039115
400961	0.01047909008
401001	0.0002360851117
401025	0.001211190569
401047	2.86207995e-05
401111	0.002283671355
401166	0.0007295642768
401208	0.007427607437
401213	0.002504743797
401259	0.02414029859
401332	0.001956942599
401337	0.001974559466
401431	0.002801908445
401436	0.003630090395
401487	0.0008595382425
401558	0.001871997442
401626	0.0009433465023
401661	0.00274302623
401666	0.0002765369166
401788	0.001948846908
401839	0.004496341082
401939	0.00321566443
402017	0.0006801407333
402021	0.001259207645
402047	0.008214060024
402119	0.01183555335
402241	0.007467622328
402539	0.0008934127575
402640	0.0138496146
402693	0.0006116638375
402844	0.002500672787
403008	0.001835150047
403029	0.00359223582
403255	0.01122316011
403298	0.001462546784
403331	0.00160959113
403337	0.003421476221
403418	2.427140257e-05
403453	0.005222751474
403867	0.003024143583
403939	0.0005581283459
403946	4.352751566e-05
403958	0.0002108965786
403965	0.0003522260452
403995	0.003409268162
404166	0.003183141868
404219	0.0002028416358
404406	0.00204400419
404481	0.003013363103
404605	0.002731308094
404729	0.001885515387
404778	0.0004796767706
404979	0.004548258833
405023	0.0025471964
405160	0.004673601265
405164	0.0007590286011
405290	0.005952379464
405355	0.001005695506
405358	9.191622031e-06
405377	0.006424859205
405440	0.000215300164
405500	0.02940102785
405521	0.00129385997
405562	0.0003585015011
405762	0.0003976725295
405924	0.003661572185
405928	0.001390446104
406229	0.005014284419
406239	0.00325830817
406287	0.004950265848
406362	0.005876244127
406398	0.005232863962
406464	1.326115118e-07
406487	0.001843679928
406495	0.0005028054458
406584	0.001052702789
406749	0.01000590112
406910	0.00387850773
406917	0.009734130524
406927	0.0004907574466
406988	0.001064189687
407096	0.001280425222
407155	0.002531601031
407293	0.0115356576
407346	0.002226854923
407414	0.001018771132
407432	0.0003030739513
407452	0.001523028057
407527	1.553129501e-05
407672	0.001505264972
407860	0.001803569485
407872	0.00266360514
407877	0.001883761773
408014	0.00789434128
408018	0.007575014366
408038	0.001318088466
408114	0.005713788848
408273	0.0005473872704
408312	0.003090189388
408397	0.001446628804
408513	0.0001515778917
408592	0.009018724399
408595	0.004489632186
408598	0.002929586453
408700	0.00883381089
408727	0.001153364733
408761	0.005794808578
408926	0.0013321462
408957	0.002146652126
409024	2.353225283e-06
409096	0.001535190037
409125	0.004408919968
409131	0.002107640429
409620	6.932032531e-06
409639	0.001305669789
409871	0.005049084633
409985	0.001695618183
410015	0.0007288344148
410041	8.327697786e-05
410089	0.0009982735219
410155	0.002183805046
410163	0.004908645354
410283	0.001001788789
410311	0.0003518129508
410625	0.0008325774113
410635	0.02251195727
410675	0.0143754974
410686	0.007599261556
410951	0.0256090501
411137	0.002173335018
411169	0.002467013672
411207	0.01000041737
411293	0.005607691616
411310	0.004747164791
411403	0.01186293013
411526	0.001086461232
411637	0.01422561485
411640	0.001358616236
411730	0.005973015741
411833	0.006033107385
411884	0.005693453176
411959	0.000427328845
412067	0.001568235123
412292	0.0002229633359
412315	0.003974285772
412332	0.004738121216
412501	0.006282811507
412502	0.00975656278
412623	0.004280206274
412624	0.009535559043
412748	0.0006529486164
412772	0.009409529484
412775	5.580452842e-07
412813	0.01378024018
412827	0.0008024616523
412845	0.007940986463
412879	0.001785652447
413050	0.01531791528
413060	0.003007954561
413183	0.0004695477336
413379	0.01250739396
413403	0.002624096136
413598	0.004392570914
413636	0.002286281262
413685	0.00018617576
413692	0.006059128047
413697	0.00156828418
413800	0.01487278947
413830	0.003121294316
413958	0.001611858069
414230	5.956998608e-05
414317	0.006208325851
414333	0.0001322513734
414362	2.642297856e-05
414745	0.002975037925
415024	0.001851796761
415036	0.01218788994
415085	0.001487064541
415167	0.002113242952
415319	0.0004596497013
415377	0.0003607344737
415423	0.001928001878
415522	0.0001635923878
415547	0.003474397003
415619	0.006104680274
415622	0.01476529409
415654	0.00150773185
415781	0.0008973577537
415834	0.002023914099
415848	0.002735681096
415889	0.003469588789
416054	0.006556862241
416113	0.01730280047
416135	0.0001672871289
416225	0.003153232857
416270	0.0002934950718
416639	0.0009911960287
416674	0.001426856086
416785	0.003437111264
416923	0.004223931263
416985	0.001149855567
417030	0.001926894058
417274	0.0005699966602
417389	0.0003109912447
417496	0.0004241714597
417596	0.005319665559
417613	0.000747352865
417712	0.004248096734
417757	0.0006285635567
417950	0.009085347589
417963	0.0005112345737
418017	0.006657618237
418046	0.00115672646
418192	0.008498180381
418200	0.001213701583
418226	8.553258991e-05
418276	0.0003352398855
418290	3.31786509e-08
418473	0.0008990148667
418511	0.000445555311
418537	0.004229113592
418607	0.006180644353
418661	0.00406303484
418734	0.00140816706
418747	0.01570469683
418785	0.003503037481
418854	0.003882711708
419024	0.002996911122
419159	0.001470536875
419186	0.009925368426
419240	0.003769022437
419248	0.0004878847786
419286	0.001719159511
419287	0.0003384597723
419342	0.0004975610752
419370	0.003550533642
419389	0.009161821935
419468	0.002201863625
419599	0.0004364267963
419613	0.001015700823
419727	0.0007898898008
419753	0.004123851456
419812	0.003610685283
419837	0.0004527706364
419982	0.0003778752415
420030	0.004570139282
420133	0.0005865947191
420164	0.0008845145178
420237	0.01187708077
420321	5.729311348e-05
420451	0.0008635722664
420613	0.006750666806
420708	0.00101304391
420771	0.0003625642085
420985	0.002323073635
420988	0.000713264274
421156	0.001657820599
421224	0.002157247352
421431	0.0007682928181
421496	0.00908803005
421509	0.003724098186
421533	0.001497058225
421584	0.0008176116698
421663	0.002385829712
421838	0.004873276242
421859	0.01142118313
421868	1.377436983e-06
422241	0.003872073173
422442	0.001071950247
422535	0.002742850091
422549	0.005581928772
422578	0.002503611953
422647	0.003339519753
422787	0.0002507076075
422991	0.004652186004
423026	0.002343222561
423027	0.001226717282
423139	0.01609029581
423633	0.01158034489
423637	0.0051454917
423642	0.002766268604
423714	0.0002168869295
423742	0.0008553984755
423753	0.0002472388825
423772	0.001373873958
423916	0.01270374116
423950	0.0008917596377
424020	0.0009331927898
424120	0.002697132
424169	0.001097476119
424210	0.001849787568
424427	0.005412592888
424555	0.001365514196
424633	0.0002246780346
424668	0.002068712455
424675	0.0003328820198
424687	0.001145677055
424717	0.01319294247
424875	0.0004728363496
424995	0.002266533635
425075	0.002407862963
425209	0.002171116363
425415	0.004181168339
425676	0.001858172215
425721	0.005222340915
425818	0.01748823862
426015	0.0009576265521
426105	0.0006882559299
426151	0.003043681167
426205	0.0006408624818
426268	0.001004911539
426324	0.003528419515
426352	0.00215960348
426429	2.425476926e-05
426431	0.0035093584
426568	0.004703322221
426799	0.001390364283
426813	0.004214422588
426852	0.008572788227
426877	0.0009269659338
426934	0.005736119664
427053	0.01181837661
427248	0.005246907989
427364	0.0003108250541
427402	0.001503462568
427451	0.002324569606
427501	0.002945393242
427507	0.0009611866295
427515	0.00183716321
427517	0.008045020467
427596	0.003009520732
427683	0.006609258105
427708	0.002105803041
427773	0.0007738452691
427890	0.00965991721
427957	0.001044866473
428114	0.0007587904416
428125	9.556652194e-05
428193	0.001464220038
428251	0.001683764423
428304	0.003918820414
428306	0.000317562114
428335	0.003695272252
428448	0.0004580311757
428474	0.007030971723
428579	0.009794958676
428591	0.02714678653
428627	0.002385691349
428715	2.433883741e-05
428821	0.0008326477005
428838	0.003893242613
429015	0.009197293434
429137	0.002612082935
429212	0.001138359993
429288	0.002780113722
429297	0.001096604343
429622	0.001072890789
430004	0.01044613558
430163	0.000919644209
430194	0.002467695524
430254	2.229880752e-06
430291	8.457521902e-05
430413	0.0005285167687
430801	0.01017988809
430858	0.004859651932
430894	0.001163334335
430977	0.0005671692714
431006	0.006411532523
431197	0.0007560069932
431209	0.002772781675
431410	0.0006913352293
431640	0.0009288783297
431658	0.0120606205
431662	0.001038753558
431726	0.001182546422
431755	0.0007372813533
431859	0.001753126548
431932	0.01128998548
431941	0.001738411026
431999	0.01105087598
432077	0.01432772724
432267	0.001632743457
432344	0.001355289477
432377	0.0040356215
432383	0.005066749269
432622	0.002273561306
432673	0.00129463169
432733	0.007668196212
432791	0.01553634001
432851	0.006778557237
432899	0.0010692274
432902	0.0002355228088
433030	0.001076904331
433120	0.0002860188969
433202	0.003062201623
433444	0.01385054668
433466	0.002087858246
433596	0.0002991517344
433610	0.001580979404
433665	0.003723508514
433695	0.00431941746
433773	0.0007792044735
433943	1.804170147e-05
433969	5.225421275e-06
434065	0.001859219967
434171	0.004170218713
434179	0.002999687919
434332	0.003180788313
434409	0.00143097379
434723	0.01006598386
434885	0.002543582237
434975	0.01654510712
434980	0.002614714843
435046	0.000730038221
435203	0.002521766914
435305	0.0006575902387
435459	0.00115681657
435469	0.001032529181
435511	0.004169975811
435512	0.003494553444
435610	0.006693346207
435712	0.0005802629509
435777	0.003045667023
435831	0.006508691359
435890	0.003689484608
436009	0.001145372813
436055	0.0009624372633
436073	0.003562091368
436145	0.001246679816
436198	0.004891656737
436314	0.00810313207
436342	0.001511741893
436664	0.005546620544
436786	0.009469849808
436792	0.0001536871929
436796	0.000131895677
436814	0.01504264876
436894	0.01223220701
436900	0.003606775937
436912	0.003623738353
436963	0.001368964448
437033	0.01309242632
437037	0.005061615648
437043	0.01860105903
437176	0.0002303521204
437274	0.0006418205147
437425	0.003799364208
437474	0.006760368314
437475	0.006244161569
437530	0.001103481532
437755	0.0006415237913
437830	0.008470443513
437862	0.0003200902806
437865	0.002322255684
437892	0.0008451131819
437982	0.003342577223
438017	0.001090675842
438198	0.00366541949
438202	0.001844770529
438408	0.006255854612
438550	0.00285363118
438864	0.002059083214
439239	0.002641066822
439290	0.0005121963178
439396	0.002601954128
439414	0.00130129521
439467	0.001243733314
439474	0.005805581745
439492	0.007494050832
439857	0.0009644880765
439871	0.0005789214024
439875	0.001183480152
440019	0.0009362451313
440097	0.01091059823
440218	0.003362881212
440231	0.001602472763
440262	0.002317870686
440266	0.0005513377066
440307	0.001973556846
440439	0.001677651973
440454	0.0008946762337
440497	0.001268546115
440815	0.0006123703192
440877	0.002004923802
440939	0.002205450351
441118	0.002749831718
441208	0.006423667244
441320	0.008426677134
441503	0.003793288874
441688	0.0001927713993
441736	0.0009855704415
441808	0.000302880047
441888	0.001092992365
441895	5.809112218e-05
442174	0.001567014799
442185	0.001734685015
442284	2.430221634e-06
442399	0.002386182419
442412	0.006204600204
442424	0.0008542709222
442466	0.008122493907
442494	0.003546445761
442672	0.0006061323939
442755	0.01263132683
442897	0.006758688975
443174	0.004390438302
443183	0.002957689467
443212	0.001544240864
443361	0.0009613217598
443500	0.007234745673
443573	0.002860588719
443752	0.006256107736
444098	0.004733043991
444206	0.0006002624615
444467	0.00199199361
444547	0.0009394034417
444570	0.0007242912387
444655	0.0008095942978
444665	0.0007189035231
444722	0.000649456554
444733	0.0007699600247
444850	0.0004769022955
444851	0.001992633862
444855	0.002369338391
444985	0.005984506964
445131	0.006428705829
445191	0.0122744561
445234	0.003813096404
445252	0.0008078309443
445288	0.001283976364
445428	0.006530440233
445584	2.16370797e-05
445809	0.007440118537
445946	0.001329029868
446006	0.000134131668
446018	0.02928300904
446346	0.0007678047799
446459	0.003204482777
446476	0.008646002869
446555	1.105386246e-06
446579	0.0003143880267
446604	0.00217173399
446618	0.008045156702
446630	0.002094905213
446666	3.337555546e-05
446748	0.001054679393
446789	0.001663466879
446927	0.02993633748
446967	0.000955069195
446988	0.001362589585
447124	0.003200114562
447142	0.0001897678205
447214	0.001192530659
447650	0.0008273882367
447725	0.003022674428
447749	0.0001576281524
447773	0.0009027794119
447968	0.00756460567
448034	0.002325976745
448142	0.00957357732
448196	0.005051374248
448390	0.00286153836
448391	0.001552071387
448743	0.00336149216
448758	0.003123006992
448760	9.399704739e-05
448805	0.001462808461
448820	0.003560223272
448920	0.01051676067
448938	0.0006864513986
449003	0.03623949215
449115	0.0005515217121
449133	0.01188417082
449172	0.02532873732
449316	0.003945012244
449383	0.0002391504523
449572	0.003988425972
449611	0.0002643510542
449766	0.004944828302
449820	0.004923351651
449863	0.002456647452
449886	0.002836418778
450038	0.003496194677
450083	0.006838658977
450160	0.0001739008497
450235	0.004174331893
450360	0.004388401301
450395	0.01101041285
450498	0.01123565535
450504	0.001130236397
450557	0.009541214095
450590	0.005602405657
450630	0.002264844963
450691	0.001067381041
450714	3.313711444e-06
450773	0.0006746155878
450870	0.000189455228
450916	0.003968302218
451039	0.002820020166
451063	0.001984514665
451100	0.01146613142
451200	0.002993128483
451249	0.006988188499
451271	0.002031004446
451473	0.00907566107
451539	0.002631836802
451586	0.003578524946
451591	0.01075477478
451629	0.000552867485
451689	0.007825032304
451830	0.0008665605921
451862	0.001083603393
451918	0.001208460443
452087	0.001203301379
452096	2.571190482e-06
452109	0.0001861052419
452171	0.001350863272
452248	0.002370676541
452270	0.00031275984
452273	0.00169366969
452284	0.0004033996845
452387	0.003300507968
452417	0.000396890499
452496	0.001210335115
452704	0.0003520201214
452799	0.0002509203856
452953	0.0009526211123
452993	0.00681837897
453065	0.0007956737899
453083	0.006283610578
453192	0.003036046193
453280	0.004605565684
453337	0.0005323992132
453384	0.01108401288
453472	0.0006224671413
453484	0.00270631163
453780	0.002665029687
453844	0.0008766583979
453967	0.008344135233
453979	0.001036777913
454081	0.002063307342
454148	0.0091134426
454223	2.499570696e-06
454271	0.002841141638
454278	0.009464101313
454290	0.002720277119
454318	0.0009205128261
454651	0.001405787948
454682	0.004875263065
454751	0.0007113173496
454913	0.001964536522
455002	9.906493179e-05
455088	0.0007270078128
455179	0.01595800941
455193	0.0007357849092
455252	0.0007822030658
455323	0.004372908468
455458	0.007593381584
455477	0.003367423869
455514	0.01105419392
455597	0.0002222558801
455776	0.001196202061
455782	0.004293411936
455877	0.00591186134
455881	0.005669766083
455926	0.0005357745993
456080	0.003133740649
456120	0.0005181583068
456178	0.005914854366
456194	0.01656572116
456374	0.0009236971525
456529	0.007096117597
456604	0.009121975264
456612	0.0008401285834
456628	0.0003912209844
456636	1.548223968e-06
456712	0.002032382592
456725	0.002472676552
456743	0.00384839159
456769	0.002780343206
456785	3.663844271e-06
456957	0.009067871381
456965	0.0007342489648
456984	0.0003657326584
457101	0.0009433865574
457158	0.005737634411
457502	0.01416308835
457520	0.002951111411
457587	0.001121345409
457630	0.0004201463719
457661	0.005879709476
457760	0.006472622265
457778	0.009975676638
457791	0.002129017724
457800	7.412279164e-05
457859	0.005327000261
458153	1.757807742e-06
458177	0.00784447717
458191	0.0004485781677
458348	0.004056353855
458437	0.002343491209
458501	0.001680656192
458661	0.00154986094
458827	0.009784869166
458880	0.01087181419
458903	0.001416988124
459035	0.002904911303
459082	0.0008529020082
459269	0.0005117670088
459348	0.003178304653
459372	0.0006291041869
459466	0.002158727967
459535	0.002506412093
459612	0.000200253444
459637	0.003793967383
459701	0.00115126808
459714	0.001393636633
459719	0.0004862492803
460142	0.006086087037
460157	0.003483941858
460287	0.0005890219065
460383	0.001962379718
460394	0.0001303503446
460559	0.007664263838
460611	0.004275526659
460690	0.0005388437795
460817	0.007433208598
461038	0.004404429375
461069	0.00327137074
461103	0.001580208048
461165	0.0001564697751
461219	0.00547702683
461447	0.007248297528
461538	0.01000578102
461706	0.001530085067
461828	0.01454253355
461839	0.0185966718
461905	0.005011090012
462025	0.001542680453
462026	0.00125805991
462062	0.001932198766
462070	0.004114229801
462095	0.001617832167
462183	0.004226262111
462288	0.01084512133
462303	0.0008703023825
462313	0.001474712537
462383	0.007748368942
462515	0.009703177478
462657	0.0007932779571
462937	0.0005384413828
463040	0.006190567586
463048	0.002068275308
463192	0.0007289005636
463238	0.004697462338
463248	0.004881376761
463336	0.007868983435
463414	0.001362370536
463584	0.002054088066
463781	0.005513563705
463851	0.00906617706
463962	0.001890649455
464019	0.00626778734
464049	0.007419832306
464104	0.0007932678437
464147	0.002751892278
464190	0.0006283974714
464449	0.01285855604
464511	0.01725855035
464563	0.001614578602
464570	0.005877823946
464611	0.002604893239
464698	0.0003084112388
464700	0.0008817955219
464722	0.004370574702
464758	0.005930390201
464783	0.0006143779481
464848	0.002904166043
465004	0.004383955578
465033	0.00384833958
465067	0.003976192356
465143	0.001841471932
465226	4.530560472e-07
465498	0.002883881947
465585	0.0007688269432
465679	0.0194727817
465682	0.0007982167492
465691	0.02801711013
465726	0.001557657187
465991	0.0009541846874
466047	0.001327202346
466106	0.002599889544
466141	0.01024723679
466237	0.0008967963745
466280	0.01027995046
466370	0.002387743794
466454	0.001126564737
466593	0.001250876485
466726	0.01359601817
466805	0.00132244712
466857	0.003229695538
466958	0.001598973312
467185	2.233799998e-07
467190	0.000333460239
467199	0.0007743589081
467320	0.007231721703
467347	0.01832384851
467430	0.000452138482
467458	0.00028571363
467486	0.00824359241
467794	0.0001079920167
467981	0.0009752467049
468009	0.007574344431
468208	0.0006201839118
468270	0.001624077007
468330	0.001135356166
468365	0.01659692451
468588	0.0009346960786
468673	0.001250966306
468913	0.0004048438133
468963	0.0004399249124
469039	0.0103172969
469193	0.007822679067
469255	0.01036338586
469378	0.005756475548
469568	0.002371658956
469569	0.001923659762
469655	0.004205542623
469807	0.001909949546
469815	1.189127628e-06
469817	9.379034812e-07
469890	0.001598974478
469908	0.003478052991
469986	0.001501989676
470014	0.003197833808
470032	0.0009685106561
470113	0.0007447399411
470218	0.001397264021
470394	0.01165636564
470439	0.001937352879
470611	0.001527518034
470692	0.01139252851
471027	0.001406739185
471109	0.0005563890465
471518	0.003730983281
471632	0.0002217170341
471832	0.001386095134
471917	0.001859464737
471925	0.003258956581
471973	0.001391802182
472064	0.001272693486
472121	0.005630042053
472316	0.0005377333942
472363	0.001590746884
472512	0.01438687096
472533	0.004558027628
472786	0.002022680391
472918	9.438350172e-05
472919	0.003487019375
473030	0.002667495567
473073	0.005048003271
473171	0.001810409881
473247	0.003144888499
473302	0.0006987032411
473526	0.02176958874
473772	0.0007848348878
473823	2.247871918e-05
473944	0.008575151196
474146	0.00911987733
474210	3.953471987e-05
474452	0.001101481331
474487	0.0009204847933
474534	0.005394248074
474692	0.0002949159055
474700	0.002146884511
474767	0.02108885926
475048	0.00710195904
475113	0.0003616525189
475116	0.003475156977
475159	0.002457582726
475251	0.0006359580775
475479	0.0001185779396
475512	0.02325619806
475659	0.006355547933
475687	0.001062538825
475704	0.004199644627
475779	0.004689442883
475918	0.001473117346
475972	0.001485973976
476086	3.10802761e-07
476133	0.0006258623554
476446	0.01236986697
476480	0.002734910366
476634	0.01691709345
476884	0.0007704376493
476975	0.002119134386
477059	0.01728404685
477073	1.169029696e-06
477164	0.002374029517
477301	0.009278225479
477323	5.649067617e-05
477328	0.001796590771
477414	0.001700600821
477664	0.0009933680556
477666	0.007600386986
477689	0.002223228763
478000	0.001524526852
478020	0.002336625836
478190	0.006540006342
478366	9.917334018e-07
478388	0.00405927016
478465	0.009176824233
478506	0.002932615257
478536	0.0026077355
478582	0.0009693028535
478853	0.006019888969
478854	0.004125088609
478902	0.002854076499
478960	0.002797891377
479023	0.004220170614
479108	0.002173479682
479126	0.0002866487191
479136	0.02021603475
479156	0.00436356589
479307	0.002657696216
479366	0.0004862114729
479369	0.001099200636
479624	1.361634148e-05
479695	0.0003801947272
479760	0.01223182912
479762	0.005199828375
479841	0.01558316874
480248	0.0007461320504
480277	0.009810842334
480410	0.00366340242
480463	0.001545265328
480651	0.00177571478
480719	0.0005447525856
480762	0.004822972427
480865	0.001000359886
480869	0.001099274685
480897	0.002897860953
480957	0.002374372812
481070	0.002409690652
481077	0.001215579322
481242	0.0199483424
481405	0.007879357438
481541	0.003828004609
481629	0.0001874304036
481669	1.740878207e-06
481735	0.009014379658
481827	0.003342184876
481856	0.003004368172
481900	0.0005809469504
482092	4.182839737e-06
482173	0.004962963613
482231	0.005127886764
482285	0.001311812524
482320	0.001385361457
482333	0.001841611406
482365	0.00105951682
482410	0.005278118351
482469	0.01264836188
482688	0.004188530458
482791	0.002230187503
482804	0.01672844251
482841	0.002755233633
482881	0.003130938585
482978	0.0003963199105
483107	0.001843271258
483151	4.564561563e-05
483195	0.001175417994
483212	0.0181022284
483236	0.0002220700001
483393	0.0005844470574
483462	0.001883908532
483652	0.000747597281
483827	0.01582027655
483854	0.007878747313
483981	0.003820520527
483996	0.002483338213
484100	0.005247881457
484101	0.002081628297
484117	0.004669510032
484170	0.0009905039365
484331	0.002417170026
484374	0.008378358001
484440	0.002891252108
484599	0.001947691821
484611	0.0001304972698
484624	0.008059392533
484632	0.007856377405
484745	0.001437166751
484847	0.001146724839
484960	0.005234821892
485136	0.01361236772
485196	0.00811099673
485310	0.007052769141
485324	0.002919245876
485331	0.0003307424647
485803	0.009811404707
485911	0.007467413903
486019	0.0002650408139
486049	0.0003680872618
486085	0.00616244463
486226	0.0003133320278
486227	0.000804667202
486322	0.00135392198
486365	0.004909577278
486404	0.004120467976
486418	0.002538123384
486538	0.004506005526
486635	0.001101075128
486704	0.009547653852
486843	0.01184551291
486972	0.002613804195
487123	0.0123909822
487427	0.00251030041
487596	0.007449659068
487615	0.0006438764415
487637	0.005735783035
487764	0.01477346645
487798	0.004883080955
487858	0.00210850143
487875	0.001838380715
488041	0.002338771341
488162	0.007590694165
488164	0.001120943023
488208	0.0001788198927
488226	0.002913813016
488299	0.005604748425
488392	0.0002645697631
488417	0.006254195499
488463	0.0001173840435
488564	0.001988480605
488633	0.001300264558
488653	0.003452890791
488674	0.000590471254
488743	0.006808142115
488900	0.0009239762403
488920	0.002994410697
488961	0.00346359441
489169	0.002638769193
489202	0.006505177311
489246	0.004982858144
489333	0.01464725545
489348	0.001484305151
489377	1.740261345e-05
489473	0.0008149684649
489505	0.003891505768
489627	0.01521986798
489669	0.001274730464
489698	0.002469631061
489854	0.005548711264
489894	0.001621501221
489962	0.0175844909
490035	0.003362122528
490086	0.01209555678
490181	0.001268137381
490392	0.0009996042454
490503	0.003079808097
490523	0.001811085014
490528	2.029090918e-07
490973	0.004105279715
490974	0.00913304445
490995	0.01012061974
491007	0.004441524441
491226	0.0007574807639
491300	0.006167955951
491404	0.0005979001105
491714	0.001628438868
491717	0.0002105642522
491726	0.0004629507097
491727	6.291288693e-05
491811	0.0007774850303
491922	0.008036217465
492010	0.002344073364
492159	0.00408164562
492160	0.0005621284488
492188	0.0003746652539
492266	0.006788303715
492371	0.007728506973
492607	0.0128209669
492731	0.002751858216
492893	0.001112065659
492918	0.003505520426
493024	0.001503872268
493203	0.001061832227
493644	0.001468354589
493692	0.0004312770089
493719	0.0005119633847
493915	0.008979711713
493949	0.01352134104
494064	0.001598640143
494115	0.002702339623
494133	0.0170764181
494407	0.0162227195
494445	0.008231737574
494450	0.0002632459626
494534	0.008157448246
494544	0.003112248526
494572	0.002431222826
494597	0.0002495831818
494721	0.009688215742
494826	0.007333456572
494968	0.0006579461726
495475	0.003320603056
495559	0.0006200503399
495609	2.022253663e-06
495639	0.006058117841
495657	6.604702473e-05
495710	0.004990792276
495749	0.003025476046
495755	0.01281734763
495772	0.003271899165
495867	0.006496603602
495875	0.01190538518
495988	0.002842061311
496051	0.0001706966064
496155	0.00106357754
496347	0.002044779379
496372	0.001687963831
496541	0.0007729356072
496647	0.001719965435
496720	0.002729565548
496805	0.004871486492
496810	0.001650571473
496823	0.004844068213
497045	0.009499326741
497190	0.003892968221
497371	1.981379832e-05
497596	0.01307261669
497693	0.006686969384
497697	0.001766451387
497909	0.0001406189826
498019	0.003261387028
498020	0.002846715392
498083	0.00024789301
498178	2.901918404e-05
498559	0.005686242046
498594	0.002389678026
498607	0.0001474767677
498846	0.000846957708
498869	0.001671815213
498893	0.01074403642
499004	0.001416349922
499058	0.01385191158
499079	0.0008646595534
499134	0.0005414435846
499156	0.0003281940099
499168	0.0006722049093
499197	0.002341693162
499259	0.005099238308
499292	0.009073332582
499343	0.002768899424
499370	0.002086200948
499398	0.007074924728
499420	0.01044456671
499442	0.001584007836
499466	0.001669620357
499567	0.00072869062
499631	0.002825915294
499668	0.001744834941
499827	0.00161140553
500039	0.002368547507
500052	0.004055717093
500068	0.001185807782
500100	0.002363820004
500167	0.00796727972
500222	0.0001115242097
500230	0.007545455003
500328	0.01329932964
500360	0.007943015312
500476	0.005486289593
500550	0.003780825865
500700	0.004981290292
500867	0.01640283772
500902	0.01053491043
501016	0.001116019329
501056	0.0002833353733
501140	0.004979677125
501413	0.004399112831
501461	0.01103265128
501827	0.005460630037
502067	0.0003735733852
502185	0.0004210226502
502543	0.0005186124756
502549	0.007929402972
502560	0.0001421745338
502565	0.003902980132
502664	0.001245651279
502715	0.007019146148
502730	0.003470839573
502918	0.009686303416
502977	0.0002596384118
503019	0.004279059828
503057	0.01005511525
503086	0.004248581047
503203	0.00172287793
503217	0.01038291926
503264	0.001478909332
503394	0.001156875396
503451	0.006405500481
503535	0.002894908757
503652	3.024853472e-05
503706	0.008417532091
503713	0.002539116818
503716	0.01144833418
503835	0.00472055504
503933	0.00203908669
503946	0.007479669213
504006	3.112017396e-05
504315	0.001229346553
504347	0.006661309366
504380	0.001059616976
504424	0.001215092111
504508	0.003085496768
504564	8.054600258e-07
504660	0.0005464487046
504754	0.002208798009
504799	0.001164851718
504807	0.00413562994
504980	0.01376526918
504999	0.004474059316
505204	6.625942195e-05
505232	0.005106486591
505387	0.009333611019
505432	0.003449833999
505841	0.005652561619
505853	0.01733171382
505953	0.001063202167
505962	0.0002649276788
506011	0.004078125192
506149	0.01471025059
506237	0.0009582711581
506246	0.01234723516
506570	0.005824417675
506656	0.003205730185
506869	0.002038965722
507161	0.01341740069
507394	0.004771679355
507433	0.003293527887
507606	0.008316208004
507625	0.001994470728
507858	0.003320216386
507865	0.01504366879
507871	0.01282338772
507934	0.003780039302
507947	0.002136397371
507957	0.005687846283
507963	0.001115030238
508050	0.002555919431
508303	2.890977866e-06
508319	0.004297241433
508325	0.0003744730222
508524	0.006659690104
508526	0.01178880473
508545	0.009397340585
508676	0.003229368036
508698	0.01090497032
508728	0.005456040154
508814	0.01785928312
508850	0.0009351079641
509125	0.005139202497
509168	0.0004824929828
509175	0.002644090679
509231	0.005396489383
509249	0.001261143661
509261	0.0004784034661
509358	0.005375477932
509541	0.007649897778
509594	0.005430942205
509837	0.0001409129075
509876	0.002708470399
510021	0.0002053111884
510066	0.000594007145
510155	0.001399368213
510320	0.008942489755
510327	4.14909246e-07
510347	0.0007916381717
510398	0.009860555838
510440	8.687507058e-05
510457	0.001138912644
510468	0.002238215475
510531	0.002071680305
510573	0.001365870954
510683	0.01590695705
510689	0.002560713352
510832	0.0014210824
510938	0.003516297268
510986	0.003203536212
511036	0.004582032666
511231	0.003921037113
511489	0.001747842937
511521	9.713575121e-05
511650	0.003664571054
512093	0.001234186504
512124	0.001657593041
512215	0.00615597346
512240	0.0001206944869
512314	0.0006483480529
512454	0.008321784358
512591	0.0006007128749
512599	0.001767018645
512611	0.01617805023
512638	0.0009063876535
512711	0.008163951246
512957	0.0003635506874
512974	0.00148231697
513055	0.0006211585975
513102	0.0003729213064
513144	0.0001587996702
513342	0.02337121468
513349	0.0009026564606
513429	0.01528605296
513447	0.0007541082051
513557	0.002237771617
513581	0.0009194965631
513598	0.003417684086
513874	0.01076813004
513953	0.001831394861
514081	0.005097633217
514169	0.001916713208
514206	0.00219137366
514326	0.003069544926
514338	0.0007517213123
514505	0.0007235046704
514525	0.003268366649
514549	0.01415167381
514564	0.01403324591
514589	0.006319276985
514601	0.001344118038
514647	0.002419663614
514662	0.008493812393
514669	0.002696196356
514713	0.0006770086468
514832	0.0005441550723
514869	0.0008638231785
515064	0.002935435141
515168	0.001246619521
515182	0.03247733972
515276	0.0003768127624
515400	0.003244422896
515528	0.01291979984
515716	0.01378597763
515932	0.001419742435
515981	2.388318575e-08
516055	0.001696812614
516123	0.004340492068
516258	0.001560501169
516423	1.092383469e-06
516431	0.002919926322
516472	0.002164919097
516510	0.0006713419338
516581	0.001959300955
516720	0.0002255865578
516736	0.001734554424
516764	4.449480629e-06
516852	0.004346384197
517038	0.004807712381
517061	0.01378330747
517126	0.002005820963
517169	0.003455391982
517286	0.00806641741
517326	0.00266934785
517376	0.004634307533
517418	0.0008455523157
517436	0.006765782745
517442	0.001042881901
517558	0.0006959067069
517578	0.01967256677
517594	0.0073498666
517726	0.0007732777337
517869	0.005352582094
518076	0.005569297179
518133	0.0003745042038
518230	0.009709786317
518471	0.0002676495263
518503	0.002639878202
518571	0.01191529679
518660	0.003161263601
518695	0.006154418975
518748	0.004572854366
519092	0.00095118736
519174	0.005840352816
519208	0.003383191368
519242	0.0008755547543
519384	4.597851184e-05
519429	0.01015347004
519482	0.0006185362353
519531	0.0005999455727
519557	0.0012601755
519641	0.0001121033322
519693	0.007543972119
519745	0.004648336129
519983	0.008266388732
520177	0.002175787728
520179	0.005780078125
520338	0.0004890723537
520389	0.002741592521
520662	0.001865059949
520718	0.002228035189
520885	0.004299458507
520998	0.01448062978
521024	0.001025434698
521032	0.0007100005547
521115	0.007606928389
521159	0.01052683084
521277	0.00338827665
521445	0.00134691537
521650	0.01012314434
521707	0.002122338885
521847	0.0003815327809
521877	0.0004947183448
521922	0.003002727371
521987	5.268101643e-06
521989	0.009354819318
522050	0.002223776621
522102	0.003619846143
522115	0.002315081931
522365	0.001687768962
522399	0.007916386436
522453	0.0001796689827
522484	0.005965839256
522769	0.007284581742
522802	0.002496020768
522839	0.001274097533
522860	0.0008271990251
522933	0.0003663466921
523014	0.0002792193249
523072	0.01180784789
523173	0.001749401769
523187	0.01060205526
523485	0.007605115689
523513	0.002003482986
523584	0.002114186164
523608	0.002169163287
523702	0.009773329525
523715	0.004635737151
523787	0.01235401001
523791	0.004204002807
523822	0.002278546912
523853	0.004357031287
524171	0.03243541632
524207	0.01132033493
524299	0.004033040419
524397	0.00089834877
524780	2.635773322e-05
524793	0.01838061423
524893	0.002762517946
524938	0.001062126566
524993	0.004944877768
525157	0.0006054892174
525337	0.009320869428
525375	0.002203750572
525561	0.00428560425
526013	0.003425479505
526055	0.01429718057
526105	0.0001704686936
526154	0.001084404545
526253	0.000616538922
526269	0.001574002591
526316	0.001197569459
526472	0.0016628662
526543	0.006089018821
526674	0.0006814654179
526772	0.004576914516
526840	0.004941783235
526850	0.005471675129
526883	0.01329607418
526925	0.01445688118
527178	0.009914568014
527216	0.002528446454
527227	0.006757423159
527231	0.01123419682
527258	0.0001571505549
527314	0.00303072281
527502	0.000828442078
527668	0.01608189218
527674	0.01351667417
527677	0.01094424869
527704	0.00217968824
527706	0.000975417921
527817	3.808723682e-06
527899	0.01682722772
528024	0.001519595103
528031	0.00113128197
528232	0.003074209179
528604	0.0005517739824
528642	1.148966066e-07
528652	0.00689140687
528795	0.002069866249
528863	4.904349469e-05
528913	0.008079998047
528942	0.01073976908
529057	0.00432109967
529098	0.002173117812
529100	0.008355969853
529181	0.0009219690701
529242	0.0002907234709
529286	0.0234639735
529382	2.401802567e-06
529561	0.003563442441
529576	0.002866102217
529604	0.0008441825286
529730	0.003050325533
529843	0.00196600688
529880	0.00840349046
529931	0.001152764201
529990	0.0008966168286
529998	0.001382799148
530083	0.006859295671
530105	0.00594651851
530127	0.01547346559
530175	0.0009194843962
530367	0.0005806880193
530428	0.004905247411
530439	0.001515097908
530452	0.03829801424
530457	0.002579411835
530492	0.0001306693909
530616	0.01170139019
530676	0.003023674272
530724	0.003500304033
531008	0.001259159363
531295	0.009395216486
531349	0.0005345865933
531351	0.003076139696
531378	0.01639030736
531381	0.002543834657
531401	0.00549836461
531569	0.00854497299
531764	0.01362644889
532040	0.002054610848
532138	0.007601635544
532229	0.001912691916
532337	0.008901126004
532404	0.01220787085
532437	0.001454986221
532442	0.001337740454
532493	0.02449061276
532651	0.0005881374833
532687	0.003646199809
532839	0.01143749127
532847	0.005158495673
533002	0.01613560335
533183	0.0003539221846
533206	0.001410339472
533462	0.001395971574
533481	0.01170136174
533650	0.01177562015
533652	0.009758688088
533756	0.003199221108
533760	0.01413846591
534104	0.01043672689
534209	0.0121244958
534277	0.006429486449
534372	0.002982757445
534392	0.003331712705
534406	0.0008155103548
534505	0.0004965968867
534535	0.0005627573003
534631	0.002754410197
534640	0.000303116033
534769	0.01389071754
534832	0.009310517065
534865	0.0009036962467
535020	0.001601835755
535085	0.006783946158
535351	0.01147798554
535403	0.00100179992
535405	0.0002229356776
535411	0.006347363508
535624	0.0282154751
535662	0.002206067911
535747	0.004689655874
535934	0.005171861922
535972	0.002949216727
536162	1.346264744e-07
536227	0.002705167879
536269	0.004918209622
536312	0.004080776469
536323	0.003148126508
536337	0.002480819596
536347	0.0002563928847
536481	0.007523964644
536607	0.003428769811
536635	0.004000138415
536694	0.0006780483935
536724	0.000396459684
536734	0.0002492114044
536778	6.734657842e-05
536924	0.01437891801
537030	0.02097028379
537226	0.0002630471122
537287	0.0009050281745
537369	0.0005300772522
537492	0.004743923215
537516	0.001000117408
537797	0.00129040085
537824	0.01447614066
537845	0.0004136689716
537856	0.01045522392
537877	0.001231276308
537968	0.001599880205
538010	0.001197666798
538027	0.002292143358
538136	0.0007849180026
538322	0.006470604855
538334	7.230513365e-05
538429	1.542931907e-05
538500	0.001165692815
538545	0.001632721207
538575	0.004024302215
538784	0.002564885218
538811	0.0205573175
538830	0.01365036468
538842	0.008201400372
538956	0.002366698286
539159	0.001604632052
539169	0.009237471582
539191	0.01178006066
539275	0.01950761814
539384	0.004753055749
539669	0.001161572853
539772	0.005888721946
539774	0.002689172394
539797	0.01138851886
539858	0.001593025532
539997	0.004834902175
540088	0.0002994115467
540168	0.005351327491
540496	0.004327876061
540546	0.00765580271
540873	0.001625614404
540888	1.825256589e-06
540904	0.0008510539041
541005	3.116737893e-06
541163	0.007598354888
541198	0.005436244572
541206	0.004383548262
541320	0.003232508125
541361	0.001429369813
541363	6.585258708e-05
541454	0.004042460247
541468	0.006316762864
541574	0.004189786043
541675	0.001108782226
541848	0.01200512947
541944	0.005809602773
542109	0.001658621261
542252	9.592194694e-07
542377	0.00203967151
542460	0.009020479751
542474	0.001217405714
542513	0.008193476754
542660	3.426623499e-07
542799	0.001159964598
542863	0.005378908858
542900	0.003542437901
542932	0.003212046954
542966	0.02009043255
543025	5.355149544e-07
543050	0.003612206885
543128	0.004985793707
543155	0.007898257292
543396	0.002872871106
543496	0.008977076356
543565	0.01731598155
543629	0.02566094227
543656	0.005080835695
543812	0.009297413436
543814	0.01025721235
543951	0.004126151497
543986	0.0009858602412
544130	0.00345513604
544453	0.007091824271
544529	0.000926568517
544567	0.0003093394412
544681	0.0002238832093
544780	0.001971874202
545001	0.002824201729
545012	0.01158131507
545053	0.002007061787
545214	0.0001202499707
545420	0.0001292541665
545481	0.008021673009
545513	0.003747298236
545602	0.00396522442
545656	0.02086308659
545674	0.001926851562
545720	0.0008550115123
545746	0.0008339009962
545754	0.003211989465
545831	0.0004098905225
545879	6.950531513e-05
545899	0.002200917205
545935	0.003219782109
546043	0.0035758557
546065	0.002326771642
546104	1.297436556e-05
546265	0.007621468651
546409	0.002024386916
546524	0.0008799903074
546775	0.005596353507
546858	0.001321657323
546917	0.005642136682
547049	0.000753716668
547128	0.002016222077
547210	0.003946751956
547227	0.002465711062
547844	0.002253503442
548135	0.002391926808
548148	0.0006409275781
548373	0.002882914117
548399	0.002095425253
548579	0.006785480373
548757	0.001415164088
548989	0.0003650682308
548991	0.001450336628
549002	0.001119083564
549042	1.022471429e-07
549093	0.001047267998
549171	0.001812459837
549176	0.001706447677
549270	0.01228793
549404	0.003444461504
549454	0.003356118147
549523	0.001660070555
549616	0.005495144758
549808	0.002820177022
549966	0.004627899435
550032	0.0009822869892
550104	0.009256355451
550313	0.00153010654
550393	0.001548779954
550426	0.0007913826456
550486	0.001978598702
550528	0.002347152644
550578	0.0002011295318
551056	0.001995155226
551127	0.0009528304357
551152	0.001537786222
551357	0.002154593649
551434	0.003971792992
551473	0.0008174810444
551481	0.001058746236
551507	0.0005466361693
551675	0.002621130892
552017	0.003117767599
552137	0.01151909224
552288	0.01232570455
552326	5.136210778e-06
552417	0.01597394215
552616	0.001238490516
552620	0.006807514002
552628	0.005505667115
552652	0.001277160925
552791	0.009288232446
552822	0.002759147277
552870	0.00165495654
553033	0.003965466509
553035	0.006334748411
553170	0.000992653888
553230	0.004529431245
553286	0.001968007598
553302	0.01089354052
553388	0.0006034590107
553390	0.0005085753427
553397	0.004823224427
553689	0.0007614937351
553770	0.01078159751
553773	0.006085526032
553887	5.373575797e-05
553927	0.001504843801
553991	0.00305467836
554090	0.001178705891
554427	0.001216655173
554511	0.0120233804
554635	0.002665771568
554871	0.002824791668
554929	0.004186730085
554992	0.001134031156
555032	0.01402415113
555186	0.0005924737638
555229	0.0004736847446
555255	0.001568482995
555462	0.004038125099
555491	0.000673473139
555757	0.002458635277
555841	0.00148973475
556006	0.00052038964
556033	0.01306275601
556143	0.008288465447
556210	0.004404231681
556301	0.0005049833339
556393	0.00163801302
556695	0.00563587763
556942	0.003938087106
556958	0.001052198399
557048	0.002570953489
557135	0.007429392777
557142	0.002847485105
557143	4.578086026e-07
557196	1.667342072e-05
557244	0.0002125002915
557342	0.01235049828
557620	0.001830379458
557901	0.0003309247598
557960	0.001742924495
558013	0.001984637295
558028	0.008798331091
558057	0.00675274469
558206	0.008603204054
558343	0.0179357205
558396	0.006663088493
558489	0.005065504051
558808	0.001065711349
558826	0.003284452475
558920	0.001282938042
558928	0.003706985873
559011	0.008352633772
559103	0.008202985029
559347	0.002382970751
559405	0.004536656399
559408	0.0002978859555
559605	0.008267302545
559675	0.005233125116
559805	0.004330194916
559822	0.002110606193
559931	0.00128269913
560000	0.00729245206
560020	0.001240979758
560044	0.002155436445
560163	0.007604682781
560575	0.0002383767682
560581	4.74660815e-05
560584	0.0002247713577
560594	0.006984658273
560617	0.002268814225
560653	0.005781854722
560760	0.001731479836
560851	0.0009142741746
560983	0.003782276986
561127	0.01126755686
561189	0.0004862860041
561249	0.002832779868
561295	0.002484557663
561324	0.004165611667
561364	0.0007248398122
561435	0.003945153651
561603	0.001651743098
561642	0.002535387217
561715	0.009186636997
561738	0.003003469503
561744	9.953805481e-05
561762	0.002414915451
561822	0.01689056796
561896	0.00320951746
561959	0.00419548223
562013	5.631297899e-05
562052	0.01487921029
562204	0.002883837629
562238	0.009378348472
562389	0.01824333251
562466	0.003423625407
562568	0.0009986673214
562734	0.002001487662
562781	0.01252702151
562889	0.0002074489957
562980	0.003682084633
563048	0.007998149694
563157	0.01872319386
563289	0.001764623787
563371	6.574097898e-07
563373	1.675151925e-06
563380	3.641688345e-07
563484	2.770085467e-07
563770	0.005590182667
563771	0.00559759253
563779	0.007637572303
563823	0.005882513818
563827	0.007419642244
563865	0.0008835409484
563928	0.0002275344926
564067	0.00161848936
564149	0.001403309127
564185	0.005855891653
564255	2.156259157e-05
564279	0.001169741863
564282	0.002466467122
564301	0.004157309477
564433	0.007121740423
564451	0.0006625698743
564560	0.009160016196
564862	0.002244017695
564971	0.0008935098449
564975	0.0002053304323
564982	0.004673660881
564989	0.003908391316
564996	0.006834506132
565070	0.001768556047
565190	0.001650051377
565282	0.007900076305
565295	6.269153817e-05
565342	0.003478512909
565439	0.003775478312
565700	0.001289021213
565772	0.000526890183
565821	0.006620207137
565938	0.005435999604
566209	0.001217418195
566282	0.008646428542
566290	0.005084642601
566356	0.0123302502
566427	0.001422349478
566440	0.01494214565
566636	0.004389137223
566741	0.003844794073
566870	0.01078216486
566947	0.001074407194
567002	0.000338054489
567008	0.002209319192
567026	0.01239735441
567097	0.0003097491128
567101	0.0001177243407
567243	0.01701926025
567292	0.001543677532
567312	0.003265865597
567327	0.001645168726
567344	0.0007806262451
567436	0.0002465055196
567447	0.002038423089
567497	0.003816013281
567544	0.002394414776
567587	0.005560222428
567728	0.004006649271
567947	0.004662912438
567991	0.002431790072
568019	0.004273249984
568042	0.007776336448
568197	0.000301956324
568335	0.00337346074
568629	0.002848687364
568664	0.0002517615415
568692	0.001779908078
568706	0.0139309245
568720	0.006492049244
568744	2.278189824e-06
568766	0.006782672703
569047	0.002344125153
569178	0.000620199883
569412	0.003577587251
569438	0.0001442773595
569504	0.002308853872
569513	0.0004964851678
569740	0.002308420283
569835	0.004845987798
569847	0.006267380558
569950	0.001355889195
570029	0.009739078755
570140	0.0147017071
570416	0.002963328328
570446	0.0113222104
570600	0.002572532766
570612	0.003524514079
570641	0.01884738613
570730	0.002166577336
570755	0.003746795806
570838	0.0004659563299
570847	0.001621192423
570862	0.0006392268459
571183	0.007529246273
571214	0.002480908814
571279	0.001627297687
571419	0.01331358573
571491	0.001200234255
571669	0.0151119163
571681	0.002884481514
571752	0.01356042833
571762	0.01122382242
571802	0.007610779221
571855	0.001498661871
571865	0.002419225211
571889	0.002588192792
571980	0.01010528838
571991	0.004117092232
572042	0.002187359826
572137	0.006916693247
572188	0.007670350384
572320	0.003229622468
572395	0.01080582449
572459	0.002031467352
572670	0.0004344921513
572708	0.007634050072
572710	0.004033411147
572742	0.02681205928
572747	0.004457641761
572851	0.001577163593
572867	0.01906082478
573025	0.005107411574
573044	0.001577764958
573201	0.02694882523
573278	0.002661562532
573388	0.0003674043434
573481	0.001774290947
573568	0.01026443316
573665	0.02389623281
573683	0.005746606681
573697	0.003215612284
573991	0.01465512923
574026	0.0008192904743
574054	0.002528446221
574068	0.0072153734
574104	0.007378425131
574168	0.01169210397
574482	0.0002570509549
574579	0.0002810615358
574638	0.0005227808253
574644	0.001473837828
574861	0.0009551401314
575018	0.008658096095
575048	0.001044983403
575065	0.000609722529
575070	0.003470555798
575265	0.003497894478
575270	0.006700768433
575495	0.004703002635
575539	0.001352044546
575766	0.003291858483
575898	0.009046402047
575938	0.003848696567
576110	0.00987327742
576159	0.002544465321
576299	8.460012858e-05
576302	0.007773298721
576309	0.0003131044635
576375	0.0002121749704
576382	4.898285589e-06
576383	4.699371787e-06
576505	0.008035910191
576617	4.832853358e-07
576636	0.0005276171973
576679	0.009295169348
576768	0.00111716884
576802	0.0009468411438
577034	0.002154674955
577072	0.0006685836777
577079	0.001624073483
577173	0.00161998868
577317	0.008452122775
577427	0.005182996084
577432	0.0007896170927
577470	0.0009171108795
577475	0.005787247568
577477	0.01408689074
577516	0.007541656177
577518	0.004790703861
577871	0.001301062911
577915	4.204340167e-06
578052	0.002652347036
578076	0.006770546594
578588	0.000904001215
578625	0.01669031046
578655	0.002136757494
578907	0.005018696013
578918	0.002973638357
579219	0.002055814053
579275	0.006369462458
579442	2.642621056e-08
579444	0.02284732859
579455	0.004169222989
579547	0.001214718102
579548	0.001111259696
579611	0.006411849415
579651	0.0004270967398
579757	0.01822092088
579787	0.0005452272343
579996	0.008444554811
580011	0.0005125749692
580056	0.003089352918
580067	0.0009781989406
580203	0.01295895543
580226	0.001528591423
580367	0.003466501255
580446	0.01102512008
580564	0.006258089522
580788	0.01299224005
580811	0.01164016412
580843	0.007280585724
580890	0.009484633883
580909	0.009229967256
580924	0.002865558491
580948	0.0005225305073
580997	1.030780287e-06
581141	0.01383580357
581194	0.003639490029
581305	0.0007478083209
581313	0.0001162381228
581326	0.005256526696
581501	0.00319186233
581609	0.000230610482
581664	0.002067738467
581698	0.005945422551
581820	0.003139535273
582065	0.008408891536
582084	0.0005681304857
582107	0.007183499595
582341	0.004098149924
582355	0.003873587378
582524	0.008120054291
582591	0.001387812713
582765	0.004351626182
582800	0.0005566657641
582851	0.003401790003
582857	0.00127078751
583111	0.0003837925796
583335	0.001047218958
583425	0.001521646573
583443	0.002791404636
583449	0.004124125072
583501	2.685799005e-05
583544	0.0009832179758
583595	0.00837182655
583633	0.01173809178
583728	0.0005012524649
583888	0.0007697902728
583907	0.00674557209
583955	0.001094005034
584016	0.007461989842
584023	0.004202412744
584143	0.001413802861
584151	0.008859134736
584282	0.000762780369
584395	0.001308251321
584581	0.002446157388
584587	0.00137321718
584597	0.005424271692
584598	0.001652798228
584600	0.007150377415
584652	0.01167092967
584749	0.003663421249
585095	0.0006168912224
585149	0.0003783089146
585250	0.01050583057
585319	0.0002434175394
585426	0.01299611292
585570	0.003515960338
585777	0.006569132815
585801	0.001311310086
585912	0.008009373967
585981	8.140875367e-07
586001	0.003184707519
586050	0.01077291685
586091	0.0006388257917
586092	0.001310090883
586175	0.002343061257
586238	0.002946534908
586330	0.003377902303
586355	0.0001419522672
586409	0.0006536261379
586590	0.01230166441
586591	0.004792399544
586685	0.003539005744
586722	0.001509682056
586941	0.005918742123
586957	0.0006329846356
587152	0.0004193933537
587190	0.001964739071
587226	0.007147381136
587323	0.003078220928
587385	0.001994902701
587414	0.01120662978
587435	3.041033103e-05
587587	0.005262089889
587638	0.008239965302
588388	0.001608771067
588506	0.00262941679
588565	0.006827414306
588695	0.001116666145
588767	0.001968077523
588778	0.002316230048
588868	0.004657137392
588954	0.007429416027
588981	0.003353407282
589113	0.01298869392
589191	0.002283268759
589265	0.006828114026
589514	0.004339005789
589538	0.01012337228
589592	0.01254987621
589618	0.0007017206168
589669	0.01842548446
589748	0.0001469413716
589822	0.0002206362129
589863	0.0005431593365
589911	0.0009482340094
590122	0.008126971135
590212	0.003215938923
590361	0.008476209344
590365	0.01727471977
590529	0.002724161068
590574	0.001008140636
590661	0.0009183515544
590673	2.481365035e-07
590820	0.007487289121
590830	0.002630180916
590877	0.000875192249
591074	0.00950023141
591104	0.0002883981738
591133	0.0005004504266
591158	0.002596569328
591227	0.001867157465
591231	0.0006589246692
591254	0.004907640135
591267	0.0009106574604
591307	0.004528387525
591489	0.0005358193443
591554	0.002491419162
591641	0.005401538596
591655	0.0008397305964
591785	0.002697919021
591838	1.993586671e-05
591846	0.001665906868
591995	0.00110728578
592016	0.0004988617737
592073	0.003065271627
592083	0.002014564843
592086	0.00150793071
592262	0.0004836060352
592420	0.0003661733496
592702	0.002680270112
592963	0.003963104989
592982	0.002621652151
593002	0.01647684677
593226	0.002838043371
593228	0.003967627918
593343	0.0003454954323
593423	0.0211607879
593471	0.005644452556
593487	0.0003551582784
593764	0.0006802528052
593798	0.00019059091
593804	0.0008181885333
593824	1.90900107e-05
593990	0.0008726597077
594031	0.001052699985
594177	0.001997707541
594201	0.01280407159
594219	0.004131801702
594222	0.003744002347
594315	0.01707789648
594332	0.001579472618
594382	0.001267863823
594585	0.001126464963
594852	0.00776781382
594984	0.024735725
595006	3.050583473e-05
595083	0.01378170541
595123	0.01379051106
595214	0.01289534943
595300	0.002015944126
595375	0.003244019219
595406	0.00181964301
595423	0.009155484877
595526	0.001249848963
595576	0.01398031493
595886	0.01895203244
595923	1.582790099e-06
596013	0.01545052723
596014	0.003405445735
596023	0.01013547079
596056	0.001753057537
596242	0.001137269846
596300	0.00265782456
596381	0.009706993441
596425	0.006161835827
596541	0.002467717758
596673	0.004203921851
596793	0.0008346193335
596867	0.02051346494
596937	0.004083542666
596972	0.004180851231
597054	0.01802684797
597108	0.01191996053
597185	0.0009869169094
597294	0.005485868844
597456	0.01061863846
597505	0.0005931280619
597512	0.007948165693
597561	0.003479311642
597640	0.0002905926824
597691	0.002932010647
597988	0.01210453344
597994	0.003154505903
598065	0.0005620581103
598198	0.007522499892
598233	0.002915882291
598239	0.002638128188
598274	0.0006665465042
598325	0.02072359412
598362	0.001267500567
598603	2.360456182e-05
598940	0.001477131383
598970	0.001347825264
598976	0.01207222382
599001	0.0008650029709
599017	0.0004935519258
599034	0.004022007844
599165	0.00333911501
599329	0.006980777156
599436	0.005037953169
599437	0.008303824672
599438	0.02010058068
599453	0.0008856174324
599689	0.007502040997
599748	0.0004157577716
599771	0.0006228988699
599833	0.003427774439
599942	7.307002679e-06
599990	0.001507292331
599991	0.0006529854985
600171	0.001824082821
600358	0.001964459729
600375	0.0002968654782
600397	0.01644511957
600459	0.000959451017
600525	0.02521598622
600545	0.001139151751
600752	0.007736357349
600822	0.000985979533
600831	0.0006335222154
601002	0.0114810186
601066	0.005296095471
601125	0.0009170580654
601136	0.005055395019
601179	0.0003969557731
601258	0.00179574348
601327	0.001628646159
601361	0.005875104746
601384	0.001114707192
601562	0.001269385522
601666	0.002563960957
602101	0.005425937754
602103	0.0003312837065
602126	0.004581037746
602233	0.001577078963
602396	0.01587700778
602513	0.01261442847
602631	0.0001477884615
602731	0.003562501317
602848	0.01040333254
602951	0.000800999621
602984	0.0006609047538
603015	4.25437454e-07
603017	3.193883593e-07
603047	0.002803152898
603229	0.01703758083
603321	0.001025122698
603606	0.01887770258
603633	0.001534822999
603674	0.002923006589
603689	0.01507038106
603910	0.005104578536
603919	0.001467827092
603963	0.003560903768
603988	0.005712333348
604000	0.00166047019
604196	0.0007841293946
604305	0.00201261141
604397	0.003932920861
604547	0.0009145543118
604645	0.004146603454
604746	0.002844973527
604873	0.00256219173
604956	0.00493448575
604960	0.007839286614
604965	0.0004847431731
604972	0.001615375159
605195	0.002084908108
605324	0.01694649444
605428	0.0002873418996
605444	0.006912417648
605447	0.0007163010477
605705	0.002428527695
605765	0.007066817691
605840	0.001499543517
606000	0.0007040924439
606160	0.002755541977
606275	0.005613772774
606376	0.002699836094
606469	0.001306385061
606706	0.02050575021
607091	0.0007533047187
607188	0.001787053622
607339	0.0002417160589
607541	0.002217130654
607598	0.0005042900998
607604	0.0007471505969
607733	0.008063151986
607735	0.002642437525
607745	0.009187781127
607821	0.007230600453
607915	0.003952134356
607954	0.002177464294
608179	0.002215797271
608279	0.007108966177
608282	0.001398282549
608289	0.003063388602
608342	0.003154745914
608365	0.0003505629544
608376	0.001425838458
608401	8.262199651e-05
608535	3.479228787e-07
608593	0.001023396244
608769	0.005694117234
608978	1.739235347e-06
609001	0.0024905854
609041	3.102805571e-06
609111	0.003766743852
609272	5.655592344e-05
609286	0.002781796546
609303	0.0008215906181
609305	0.001754820063
609347	0.004726245
609474	0.0007213593376
609597	0.002750178357
609701	0.0002400725017
609713	0.01517442063
609936	0.0002116528096
610058	0.006046024692
610083	0.005431945641
610280	0.002119101734
610488	0.006975604281
610505	0.007007691968
610552	0.0008093061846
610643	0.0003916088483
610899	0.001750921345
610952	0.004742704688
611209	0.0003851443437
611250	0.004714440026
611280	0.0006603403793
611364	0.002325737768
611541	0.001056074652
611583	0.003057725429
611694	0.001818688463
611700	0.006468511992
611713	0.004161666811
611911	0.01083818949
611989	0.00459454459
612021	0.007915724247
612195	0.001650052656
612545	0.002027421121
612763	3.791016967e-05
612835	0.009498387326
612865	0.001228903546
612880	0.007586628411
612910	0.002005456782
612948	0.001377549105
613013	0.003565849801
613115	0.003243711896
613275	0.006168463297
613451	0.005159215528
613463	0.01043838908
613484	0.0007731879853
613513	0.000430723647
613605	0.001359756675
613750	0.003676880769
613752	0.004088173343
613827	0.002447877431
613829	0.003006121258
613830	0.0035663246
613944	0.003039258008
614130	0.002171718516
614203	0.004655609119
614234	0.01051016579
614277	0.0005468120003
614332	0.02396773298
614341	0.005392035216
614470	0.01199849347
614492	0.01672459732
614546	0.008328943243
614651	0.0006524532317
614695	0.008919236609
614783	0.001006009405
614858	0.0003803502732
615119	0.003007214626
615150	0.003696966256
615173	0.01401332449
615202	0.002477126928
615300	0.001765578163
615314	0.0008203363789
615470	0.01575285265
615484	0.0001499797227
615514	0.002771254417
615560	0.006107046551
615578	0.001539508481
615619	0.004505981938
615737	6.242539404e-08
615887	0.006328510479
615935	0.01886940113
615970	0.0006533202238
616055	0.003053720656
616098	0.009088511586
616265	0.001293477085
616360	0.003147837999
616416	0.002418802139
616493	0.003418757292
616567	0.008981680056
616742	0.001961301152
616797	0.01278705435
616815	0.006951218471
617024	0.002189933069
617080	0.00450175277
617098	0.03060524919
617144	0.003353409267
617145	0.02077519203
617208	0.01356791457
617233	0.0007034150656
617473	0.0008472004225
617534	0.007805015978
617602	0.0008448077761
617696	0.006048534267
617739	0.02389907176
617741	0.02024615949
617754	0.01318679256
617795	0.01331776617
617836	0.002550506543
617841	5.69846936e-05
617852	0.00075202368
617920	0.001016437393
617922	0.0002658280988
617934	0.001218144862
617943	0.004059993696
617970	0.002508944421
617979	0.001458955952
617996	0.0004241163246
618066	0.001625041136
618190	0.0004830859827
618291	0.008765115301
618490	0.002171184765
618715	0.004242084534
619000	0.01112782808
619026	0.0003751145897
619113	0.0006309642209
619130	0.002918152566
619369	0.002394267891
619672	0.02071873804
619775	0.0009367620716
619781	0.00842987126
619789	3.675799741e-05
619922	0.003851707107
619948	0.0005511719534
620001	0.002310553982
620059	0.002732695728
620274	0.004219332947
620288	0.0003155221136
620474	0.006177744355
620501	0.02336852215
620542	0.008740876339
620770	0.002659222101
620794	0.001566487457
620888	0.001734303121
620966	0.002377253472
621109	0.003497296048
621113	0.002709993201
621151	0.008828757802
621452	4.583043186e-05
621485	0.001677520396
621502	0.01337834113
621503	0.001549247582
621516	0.002685200982
621531	0.004034117475
621559	0.005965844748
621621	0.0123776563
621736	0.001290310645
621743	0.0008986669028
621804	0.007788895929
621956	0.002256708739
621973	0.001548902763
622049	5.044187386e-05
622211	0.002703629416
622294	0.000966889981
622481	0.003286942613
622536	0.00436304679
622647	0.003156186736
622656	0.001318138316
622708	0.00479543067
622780	0.0001384685692
622859	0.001090114521
623067	1.251507667e-05
623103	0.008567025776
623236	0.003776334359
623287	0.004095110123
623371	0.009683579717
623395	0.005582665254
623607	0.005222566127
623691	0.01023606341
623890	0.00387619679
623959	0.002738344042
624001	0.0004173388863
624126	0.004438429209
624345	0.004635325479
624546	0.0006072350331
624578	0.009582545374
624623	0.004067705395
624656	0.009738267162
624762	0.001106022064
624904	3.46847764e-05
625132	0.001324353507
625145	0.001996538842
625311	0.001801250271
625323	0.001655919454
625493	0.0007907561189
625700	0.004223052146
625740	0.006104702313
626105	0.0003702897909
626179	0.01034133678
626215	0.006868075266
626236	0.0002407466424
626400	0.003858164555
626591	0.003988498398
626815	0.002919753587
627037	0.002693233943
627039	0.004966139632
627070	0.002302461038
627170	0.001274342793
627216	0.001013653691
627282	0.01055045865
627372	0.001200019268
627407	0.001288910538
627433	0.001034996032
627487	0.00394415054
627592	0.0001341447001
627597	0.0007325280634
627743	0.001785276737
627794	7.300753449e-05
627841	0.0003857428663
628144	0.002259535625
628245	0.005174061309
628261	0.002029514423
628552	0.01968554757
628617	0.0008239657927
628771	0.00296870651
628791	0.005709649576
628814	0.004000871647
628902	0.003752634903
628949	0.003840018722
628975	0.01389553774
628979	0.005843467615
629102	0.007182038721
629216	0.008782637605
629340	0.007751267303
629350	0.0008891873102
629455	0.01203700768
629463	4.66019351e-05
629532	0.002588723004
629547	0.01064382706
629581	0.001548845869
629653	0.01417001009
629730	0.003071347253
629758	0.0006544941086
629771	0.004227252512
629867	0.007304739202
629975	0.005527522141
629991	0.00090308722
630083	0.0005630255584
630105	0.002423403782
630245	0.001385739777
630370	0.001542007263
630409	0.000111240362
630544	0.01901900632
630676	0.004437795728
631008	0.02232093124
631094	0.0003700382422
631178	0.003454145799
631512	0.001483002031
631557	0.00802599593
631579	0.001792869924
631744	0.0003130621284
631818	0.007573811164
632091	0.002270751959
632198	0.003536479139
632232	0.0005275984336
632233	0.000314477858
632296	0.004402538355
632337	0.009115513533
632458	0.000354896271
632469	0.001280460578
632561	0.01385908496
632594	0.003160766719
632685	0.01501073964
632733	0.00326832288
632745	0.002255757879
632765	0.001307676911
632853	0.001793099536
632962	0.003265882928
632977	0.002616520194
633207	0.003814341962
633242	0.007918162403
633278	0.01102537684
633334	0.0036760448
633378	0.002698160831
633527	0.001561100312
633563	0.001085233966
633630	0.0007837874413
633637	0.001498782561
633796	0.004644503623
633973	0.008153847026
634047	0.001009844884
634072	0.009403410533
634118	0.0003061341739
634269	0.0005412123606
634284	0.007380440484
634379	0.0004436056285
634383	0.000618128892
634457	0.002146799157
634466	0.00261692062
634499	0.0152849227
634566	0.00922220466
634749	0.004746286899
634838	0.0005225502144
634843	0.005640996133
634903	0.000891490589
634907	0.01856176831
634952	0.01073659223
634996	0.001873260677
635028	0.0005777455432
635155	0.0005900205394
635203	0.0009649093774
635230	0.01610329414
635258	0.0004622534165
635445	0.0002750298527
635451	0.004350415805
635481	3.953341573e-05
635500	0.008151369608
635706	0.005964824875
635741	0.001324097424
635872	0.008950200204
636324	0.001078096022
636340	0.002180946666
636585	0.002094955887
636657	0.0006098320526
636790	0.001824961448
637161	0.004056607358
637173	0.002028630321
637223	7.571962825e-05
637329	0.002926066607
637418	9.209644915e-06
637525	0.01115889081
637553	0.002116375696
637818	0.000306148221
638286	0.002103407455
638336	0.006535124427
638439	0.01141231479
638474	0.006070510573
638605	0.01605717048
638614	0.0001072828173
638617	0.001853267876
638661	0.005281560369
638774	0.001365013975
638915	0.0008172364315
638954	0.001506343142
638956	0.0002881678755
639047	0.000256904724
639099	0.00899713696
639515	0.008773064498
639580	0.004953701983
639761	0.002804811864
639799	0.009223478498
639899	0.001353278027
640051	0.00273953333
640095	0.001147197008
640116	0.009367748442
640151	0.001003252945
640185	0.006318817677
640296	0.005230964339
640345	0.006192297668
640384	0.003196041573
640460	0.001500195452
640535	0.005815442359
640578	0.001299622344
640592	0.01100866241
640631	0.004860973264
640755	0.003838079116
640798	0.006413958125
640853	4.864613023e-07
640887	0.009695259802
640945	0.004783718527
641111	0.00159102145
641184	0.02613282479
641264	0.001494158593
641333	0.005028724285
641335	0.001354834603
641350	0.006129657826
641843	0.001009920829
641876	0.003043195557
642088	0.0008548579269
642102	0.0005438595751
642147	0.004393925316
642346	0.01525376127
642445	0.005133432493
642457	0.01002424385
642501	0.002148546272
642515	0.01895686361
642587	0.001891785293
642612	0.00122645769
642796	0.004266201818
642807	0.001060756686
642895	0.00302369475
642897	0.00167004541
643023	0.001945062259
643169	0.001108592372
643258	0.009420130476
643296	0.00439949435
643305	0.013455452
643374	0.001005666716
643399	0.001056177914
643533	0.01456323031
643581	0.0009373780304
643600	0.003579176815
643680	0.0001663716276
643720	4.340414046e-05
643946	0.001588324926
643994	0.01809593475
644013	0.01145211883
644017	0.007526848309
644163	0.001632684165
644193	0.001050223505
644200	0.01247482526
644205	0.006846401493
644259	0.0033654223
644277	0.0126327604
644308	0.0004581353154
644326	0.01040578173
644385	0.001817978862
644406	0.004574471522
644427	0.001680078348
644432	0.003613737912
644457	0.0009698401701
644468	0.002441377712
644563	0.004228050513
644576	0.01105252446
644613	1.001382162e-06
644660	0.001740932414
644662	0.001158592082
644677	0.0005664458593
644773	0.002305036165
644896	0.004446333201
645037	0.01156498444
645074	0.004021391634
645111	0.0145260376
645168	9.071702928e-05
645224	0.002842193588
645232	0.00662762183
645274	0.007790224461
645346	0.00579151581
645401	0.0003425656577
645816	0.01613972689
645819	0.007768786138
645935	0.02524746607
646010	0.001295289215
646160	0.003671577221
646352	0.001666586108
646502	0.004733772549
646525	0.01219976415
646779	0.005559609274
646780	0.001084347162
646853	0.0003375541026
646882	0.005779017972
646892	0.005050832644
646937	0.006807927516
646942	0.005759973047
647017	0.01046396947
647088	0.002489462908
647091	0.001038973242
647094	0.01125882398
647172	0.0006965447788
647269	5.297087326e-07
647296	0.002469304456
647317	0.0103823362
647399	0.003560309072
647744	0.003700530724
647765	0.004681588233
647852	0.01502792861
647875	0.01128372968
647883	0.001064125291
647941	0.009401870509
648051	0.0199770406
648230	0.01085099067
648243	0.0001466815848
648354	0.009279727099
648358	0.001876280889
648401	0.0007144787331
648434	0.0009793896104
648580	0.01719416712
648623	0.0195922827
648635	0.008001858575
648720	0.002152225939
648744	0.004279531571
648783	0.000220847223
648932	0.02448357035
648933	0.0007363277375
649014	0.003270832535
649138	0.003550586649
649212	0.01550983221
649247	0.0001611533071
649248	0.002012040116
649286	0.003089675646
649307	0.001971996548
649361	0.001716606863
649570	0.000613177525
649633	0.007008224091
649679	9.791672079e-05
649746	0.007512354895
649811	0.002499871386
649829	0.001523227147
649948	0.00504176263
650053	0.005882663228
650154	0.0008602344024
650384	1.525694363e-05
650405	1.15272614e-06
650444	0.006653352514
650572	0.005556615772
650657	0.002468652729
650671	0.006087602536
650707	0.00174316488
650739	0.00779085538
650806	0.002408560812
650807	2.060417808e-07
650862	0.02103618357
650889	0.0002493757922
651046	0.000340778324
651067	0.006800385194
651214	0.01301030746
651248	0.0002339470896
651364	0.002798882081
651368	0.0002590258262
651387	0.002012024828
651640	0.01650940273
651794	0.001785204919
652020	0.001254303916
652026	0.004578665166
652125	0.0003089321101
652167	0.003289230452
652268	0.004974537914
652530	0.002715228121
652582	0.001230520405
652860	0.003791866461
652948	0.005449227438
652980	4.240359083e-07
653131	0.007068396418
653212	0.004935610585
653301	0.0009775945796
653446	2.567131751e-06
653469	0.006668020944
653518	0.001532680885
653571	0.0003548499464
653587	0.001478422832
653643	0.0005160474674
653733	0.0131406147
653771	0.001096485098
653772	0.001426571388
653811	0.006799910624
653815	0.00943605447
653964	0.004533623696
653985	0.01139023369
653998	0.002045335993
654037	0.006691142025
654064	0.001800307571
654203	0.003607158889
654287	0.00476499221
654467	0.002106259579
654578	3.877661018e-07
654636	6.16197639e-08
654695	0.0102074132
654733	0.003871759182
654996	0.00223629418
655027	0.002575751111
655296	0.00299813929
655605	0.0126928596
655611	0.002607281846
655793	0.009767701038
655861	0.004601817698
655893	0.009073116415
656105	0.001879246358
656111	0.0009698769095
656137	0.0064918883
656196	0.009861433873
656260	0.01503774939
656365	0.002702225869
656468	0.008049234583
656623	0.0006815720215
656640	0.00498769722
656696	0.001802899487
656765	0.01070269461
656778	0.001637602601
656914	0.003908554477
657034	0.001116774193
657232	0.007909186955
657250	0.00187822617
657258	2.679460548e-06
657330	0.0002115812753
657368	0.004214147634
657413	0.004130870469
657430	0.007931339771
657600	0.002362044292
657634	0.001983921492
657635	0.008401426783
657651	0.009474871502
657794	0.007218290549
657878	0.0006597137952
657998	0.0003977656391
658201	0.006724572466
658279	0.001085830377
658449	0.006224679428
658591	0.004851219401
658962	0.002574401786
659036	0.004429519855
659088	0.00250266333
659210	0.008794682727
659264	0.001253517398
659314	0.00834203026
659363	0.02109833542
659447	0.006933913724
659497	0.000529009628
659775	0.006918853366
659779	0.007277206338
659831	0.003020299827
659886	0.001023550776
659894	0.0008893479164
659901	0.0009283940708
659960	0.01181889393
659986	0.001448020726
659999	0.0003922118681
660017	0.01326192179
660077	0.003716872214
660159	0.0002914274356
660181	0.002024963594
660216	0.0140725185
660239	0.002894796544
660397	0.0006737671364
660411	0.007424124411
660735	0.001952624721
660739	5.987644127e-05
660772	0.001868996542
660865	0.0008926642925
661072	0.001514967639
661241	0.002910280054
661437	0.01313598517
661480	0.00234862252
661667	0.002035737867
661671	0.0008777971946
661679	0.005226377972
661762	0.001847077796
661878	0.005554337201
662118	0.0004458254748
662346	0.01948456314
662423	0.01117999717
662496	0.000517748063
662561	0.001127450584
662598	0.003116044935
662648	0.01243627579
662752	0.00179328286
662941	0.003129335072
663023	0.001063870828
663078	0.005864391891
663111	0.004574063562
663257	0.001025611054
663334	0.001256894349
663339	1.365281794e-06
663389	0.007271650437
663564	0.00798895553
663659	0.004253339069
663670	0.001852930697
663682	0.006210921992
663711	0.006038782051
663810	0.001650279654
663813	0.001430066724
664041	0.0007874009154
664182	0.004276917374
664312	0.001350025572
664315	0.001605034349
664352	0.000541277061
664452	0.0003928305694
664461	0.000213079468
664496	0.006493374907
664558	0.01129503965
664632	0.003802705899
664785	0.005220262159
664897	0.000914522154
665057	0.01655414016
665125	0.002153428341
665139	0.0006508952628
665140	0.003468099968
665213	0.00374591739
665251	0.001252576896
665350	0.001449630368
665596	0.01804491491
665674	0.005120616659
665768	0.0009601213343
665834	0.003572024625
665858	0.0009689439112
665896	0.001817980891
665947	0.001892537462
666018	0.003668339593
666078	0.003246616491
666080	0.0138948679
666082	0.002589615739
666090	0.001455677989
666112	0.0001087661222
666140	0.01260929161
666186	0.000432235569
666291	0.002452693485
666323	0.005140666118
666371	0.00249675322
666382	0.0005995763948
666416	0.002818783688
666427	0.006866378704
666735	1.318797532e-07
666805	0.0006015064722
666966	0.0095486837
666996	0.001307675656
667033	0.002059591425
667078	0.001027003646
667131	0.0006605345147
667176	0.004347077129
667303	0.0003285958776
667333	0.000117660686
667374	0.01770693533
667398	0.01419857063
667464	0.01345451374
667738	0.002426549161
667808	0.0201482985
667876	0.008374472213
668210	0.002637017985
668221	0.000100857607
668264	0.002736501901
668308	0.001800994906
668392	0.002832547361
668436	0.001177830318
668477	7.523012073e-05
668623	0.006671526516
668796	1.645728091e-06
668821	0.0004917257934
668891	0.0004831486979
668909	0.00229844579
668978	0.0005568836539
668983	3.79120076e-07
669002	0.0147550666
669027	0.0005309072729
669031	0.001207181052
669081	0.01345067007
669083	0.002469072807
669181	0.004600081645
669259	0.00236334172
669354	0.0006384429332
669429	0.00197533993
669480	0.002100039354
669524	0.0288343509
669569	0.00535736507
669573	0.0005509816466
669709	0.01086766077
669880	0.01375352066
669891	0.000162888381
669911	1.302642175e-06
670059	0.008487259035
670284	0.006311203518
670332	0.0005242249592
670498	0.001705746842
670546	0.0002755476913
670551	0.001233880123
670759	4.819270543e-05
670983	1.83921263e-05
671091	0.005979241679
671201	0.001534512319
671289	3.766289398e-05
671363	0.0001547860446
671390	0.003028203057
671439	0.0002478344804
671521	0.001231031571
671694	0.008161848639
671716	0.01512181343
671805	0.00499908692
671892	0.004847910091
671912	0.01012094274
671964	0.003093910572
671989	0.01764683984
671994	0.000235374259
672032	0.0002745417151
672159	0.007739458027
672245	0.003143711555
672317	0.001584556411
672343	0.002401359029
672375	0.003411524674
672513	0.0003941220938
672522	0.006574381648
672571	0.0008484082464
672607	0.0003555219722
672636	0.001491719747
672690	0.005510644808
672986	0.004773951871
673100	0.001224422557
673185	0.002015428932
673419	0.0001094028678
673482	0.004137409422
673590	0.01964365662
673830	0.001825349232
673844	0.006365349021
673904	0.001978134497
674125	0.0018244159
674154	0.002840730507
674256	0.006355583969
674297	0.01479815431
674406	0.005656414302
674717	0.003931415334
674751	0.003626042204
674805	0.002900388334
674894	0.01567851895
675030	0.005995912817
675090	0.01057689756
675224	0.0009869395293
675502	0.001665099191
675732	0.009499378451
675789	0.01149812167
675798	0.002252941624
675855	1.633082022e-06
675865	0.001167896067
676045	4.009565464e-07
676149	0.002130778717
676151	0.001084993927
676200	0.006753407759
676207	0.007654683724
676296	0.0004117506644
676469	0.000712075077
676477	0.007475391034
676499	0.01120878853
676598	0.01220750727
676612	0.002448762149
676738	0.01330515987
676987	0.006874636719
677067	1.930969334e-05
677182	0.002728807657
677459	0.01054733555
677507	0.001702758268
677514	0.003179397306
677542	0.0004831185888
677599	0.003217772816
677620	0.004186692645
677668	0.003049751382
677783	0.005529807325
677796	0.001737254068
677835	0.004550193282
678090	2.52654633e-06
678178	0.01205843324
678297	0.003182601015
678323	0.01343311844
678367	0.01532329992
678400	0.00632000791
678489	0.0005238719192
678546	0.003621199788
678732	3.671124773e-07
678765	0.006766536829
678787	0.01133917445
678799	0.003140112347
678814	0.001728206847
678820	0.001101146844
678870	0.01643841505
678919	0.0007778426959
678977	0.000365480198
679231	0.002280891728
679458	0.004901034914
679599	0.0003487754272
679773	0.0109146927
679817	6.099124713e-07
679963	2.812876756e-06
680065	0.004823723388
680248	0.0006588469541
680266	0.02001672026
680476	0.0009485717859
680525	0.0009415343089
680605	0.0004960274279
680784	0.001778787577
680901	0.007057877729
680912	0.01308515255
680965	0.01160637526
681351	0.00341462425
681627	0.0001709888497
681737	0.005464834654
681847	0.003444454817
681949	0.005626283107
682022	0.01248437268
682070	0.006657648068
682304	1.144825675e-06
682631	0.001524688063
682678	6.591358765e-05
682723	0.0008597367752
682730	0.001903698358
682804	0.002410957795
682820	9.262031936e-06
682953	0.008448219015
683015	0.001668059383
683064	0.0008700241606
683271	0.001509087397
683295	0.009933325937
683382	0.001520259643
683458	0.007662488666
683667	0.002214032241
683689	0.00568733984
683717	0.007436140009
683728	0.0005610139412
683753	0.02085127363
683943	0.001122768104
683988	0.001447680721
684033	0.0008464017137
684046	0.002086913523
684368	0.002182900928
684393	0.0006409063762
684555	0.0009494246965
684640	0.01107998241
684711	0.002236104185
684824	0.0003043420998
684835	0.003474141766
684842	0.00319079228
684898	2.080841195e-06
684906	0.0008717498116
684986	0.00657824402
685177	0.01042692049
685188	0.01009196606
685399	0.001193126531
685415	0.006403143008
685534	0.006187326903
685733	0.001304968874
685816	0.007892256824
685930	0.004113855709
685988	3.427515724e-05
686125	0.002189825975
686209	0.00724882606
686244	0.004552179494
686306	0.005033137854
686628	0.003208482203
686720	0.001487192108
686851	0.02085674413
686893	0.002764016086
686910	0.004894561918
687073	0.0006477755726
687125	0.00206900989
687200	0.0008918961527
687241	0.0009922857643
687333	0.00271748793
687637	0.003735609539
687700	0.001973211246
687854	2.492272831e-06
687899	0.0008137036802
687927	0.001160718526
688111	2.125958833e-05
688163	0.0001731581614
688182	0.002274509506
688230	0.00447787016
688363	0.00230984191
688449	0.0019720547
688492	0.01066372519
688595	0.0003791223747
688644	0.001012052552
688659	0.002582195276
688688	0.007545264086
688788	0.001633781756
688978	0.001322751796
688991	0.002131624035
689047	0.0045080052
689163	0.002917505886
689263	0.001491893479
689357	0.009827313355
689383	0.001394714819
689460	0.002400547623
689559	0.006842779573
689579	0.007399079042
689779	0.005864450864
689791	0.001197663231
689883	0.004487519783
689885	0.001040421541
689898	0.0008696981801
689964	0.003514455612
690061	0.005498912617
690206	0.002856767208
690519	0.003791484736
690634	0.0003643851283
690700	0.003170902786
690715	0.006189814004
690973	0.007827939805
691058	0.001600371222
691291	0.003204522864
691328	0.0004937161661
691379	0.0007754850682
691400	0.01118211127
691541	0.006425148613
691602	0.003099630603
691692	0.001019397101
692012	1.80348486e-06
692016	0.003816842599
692031	0.003463330019
692044	0.009576073175
692092	0.0005973709217
692252	0.008435889283
692277	0.001124651586
692344	0.02045013993
692376	0.01623751459
692466	0.01881370079
692493	0.002087848361
692539	0.006070433992
692686	0.007702174649
692794	0.0008811792738
692852	0.0008457154259
692855	3.213089284e-05
693217	0.000401711388
693317	0.000384781417
693462	0.007724887691
693545	0.001794291237
693570	0.001587447124
693788	0.01156284571
693793	0.008021162035
693921	0.01439600383
693966	0.0008714776066
693996	0.000481301307
694041	0.01327977743
694044	0.003381214074
694131	0.0007322001827
694166	0.007582628102
694203	0.002109029992
694220	0.00293674027
694315	0.00626124033
694407	9.640916953e-07
694518	0.003033620835
694559	0.001140814651
694579	6.503432689e-05
694784	0.001608914709
694859	0.002330939201
694913	0.001199061763
694918	0.0002422570576
695215	0.02151889416
695225	0.002802213438
695293	0.0002959757657
695345	0.001077607257
695347	0.001524669836
695512	0.002009397609
695649	0.003654645722
695684	0.009793877504
695894	0.001302016788
695936	0.00161079516
696045	0.002905449359
696056	0.003105536043
696107	0.004824621404
696281	0.005210951375
696544	0.006292681777
696633	1.431996034e-06
696677	0.005177984114
696687	0.008926065904
696719	0.001555879572
696860	0.007940278403
696979	0.004076098745
697029	0.002243965184
697142	0.005668572803
697181	0.00194182628
697362	0.004683186561
697562	0.0005909518907
697714	0.00754616434
697761	0.005504410745
697794	0.01161658139
697988	0.001252253472
698001	0.001582239019
698057	0.001063089127
698128	0.001246398414
698145	0.007242813948
698189	0.004573336644
698287	0.004604002718
698294	0.00131613046
698509	0.0001340544081
698715	0.002176901175
698821	0.001582898285
698868	0.00536517006
698941	0.004066295567
699124	0.009169723316
699356	0.002407980174
699452	0.005546240667
699482	0.004483718371
699651	0.02273522215
699735	0.0003358927219
699757	0.00298990867
699918	0.001915799059
699930	0.0005783033202
700014	0.0004797112373
700032	0.00404871695
700100	0.003912932386
700117	0.001390660475
700122	0.001523516593
700182	0.001790345152
700335	0.007684427027
700587	0.002630478148
700620	0.00610253929
700623	0.002798148703
701048	0.01530172269
701126	0.0112029032
701216	0.002136839651
701257	0.00558777078
701340	0.001262699024
701353	0.002560220614
701381	0.01175283222
701521	0.009893166199
701878	1.149016769e-06
701938	0.009618621135
702071	0.003700535642
702088	0.0001087744002
702381	0.003444112503
702387	0.006319861897
702421	0.0008205087609
702439	0.000481396627
702542	0.005365407509
702552	0.008363972756
702707	0.001178760465
702923	0.006782760414
703042	0.0007450180251
703435	0.00602406087
703444	0.001356842281
703511	0.0007235082448
703549	0.001682007943
703587	0.001304816856
703664	0.005180491117
703686	0.001061711661
703798	0.004918909603
703925	0.0001829889923
703929	0.002722303198
703978	3.227179692e-05
704009	0.002341264491
704030	0.01092591103
704040	0.01500067534
704115	0.002977532628
704127	0.000171241714
704131	0.002214610327
704205	0.0009966195103
704359	0.009204523641
704438	0.005167307533
704445	0.006449393193
704463	0.003816180524
704503	0.01037437451
704504	0.00640120543
704533	0.007875891311
704574	0.003350137841
704648	0.001447765091
704667	0.003726543186
704702	0.0009282466171
704772	0.003031814228
704978	0.01367246043
705101	0.001007546053
705112	0.009080358684
705113	0.01425165806
705126	0.01510751063
705230	0.00384056923
705255	0.007328957568
705397	0.004565830853
705403	0.001873863729
705406	0.004611364012
705464	0.008515501189
705714	0.001584322834
705822	0.0004569888296
705889	0.003239534412
705981	0.004050413185
706058	0.001106537656
706091	0.0009352251058
706192	0.01841144448
706256	0.001514297026
706342	0.0006939516169
706379	0.007899907379
706457	0.003876571618
706498	0.01107245652
706518	0.001179075485
706600	0.005374890055
706688	0.01234008347
706965	0.0006504419314
707003	0.003436863633
707112	0.004069416919
707120	0.0002333771595
707189	0.006589130059
707274	0.02203706569
707617	0.003681688146
707630	0.0009662434779
707650	0.004568461598
707666	0.003628930346
707921	0.001472100432
707936	0.007703083123
707937	0.002105063258
708061	0.008155132924
708104	0.005758302082
708126	0.003206047521
708265	0.006100862182
708424	0.007566809702
708494	0.009869917215
708506	0.007904637627
708630	0.003024431544
708780	0.0004716799278
708821	0.001661717641
708861	0.005727363397
708934	8.635189611e-05
709149	0.00194439513
709282	0.005743274424
709646	0.002646876156
709666	0.002013479142
709673	0.009877480345
709753	0.00266414548
709778	0.004057603142
709819	0.01454486863
709886	0.0007159228074
709901	0.002477298914
710171	0.0007304056179
710190	0.01565874602
710195	0.0006512060388
710275	0.001656862389
710292	0.002109910197
710322	0.0007713139314
710499	0.0009583507466
710526	2.106019635e-06
710554	0.006928193237
710564	0.01023828352
710705	0.003534778485
710708	0.002972758659
710712	0.004279925858
710781	0.001628904638
710826	0.002005440253
710910	0.0003260582214
710952	0.01145692431
711249	0.002983677006
711255	0.006240845899
711640	0.002777723595
711660	0.001553578831
711977	0.004118170304
711991	0.001114715587
712077	0.0004726807879
712082	0.001891384729
712182	0.0009971979032
712433	0.0005172342438
712541	0.0001469514261
712565	0.004472464545
712580	0.001031151635
713018	0.007348202264
713214	0.003062598741
713274	0.003703063241
713360	8.580422841e-07
713515	0.0007289787395
713531	0.00810401718
713610	0.002948732685
713681	0.009165690015
713813	0.004949572898
713853	0.0168002828
714031	0.002238297423
714127	0.002620708751
714248	0.00819005729
714353	0.005988595891
714402	0.002185492954
714538	0.0007265121782
714614	0.01204707904
714768	0.002678081139
714863	0.002736402975
714910	0.0003961402954
714911	0.0005469203528
715001	0.002344553323
715166	0.0008441829986
715305	0.005507663185
715333	0.003141120625
715440	0.0001619760663
715590	0.003285834986
715748	0.002218610338
715815	0.0002852749705
715865	0.0002333012871
715982	0.006941435047
716046	0.001944292291
716336	0.006098917835
716468	0.01337618209
716490	7.540418366e-05
716611	0.01170172541
716634	0.01198961981
716637	0.002195011884
716649	0.002804693609
716735	0.01518735485
716736	0.0001295126963
716832	0.005265214742
716902	0.01304211192
716906	0.0002179299318
717192	0.006473158073
717226	0.006105307026
717302	0.009657374662
717338	0.01114279656
717370	0.01180015036
717384	0.013591874
717467	0.003333689146
717469	0.004710653847
717535	0.008336216265
717878	0.005752303371
718134	0.01807800737
718156	0.00170613073
718340	0.0005236578403
718487	0.00406807944
718522	0.0006069903912
718529	0.01167850795
718778	0.0008871237425
718823	0.001620823637
718931	0.003795658817
718939	0.003405317592
718992	0.007737967418
718995	0.001264040719
718998	0.009241550603
719141	0.006889575415
719205	0.004194086248
719296	0.006782037279
719434	0.00322743121
719463	0.0009226855095
719638	0.007869662028
719817	0.003837232589
719841	0.009466978465
719874	0.01564001187
719922	0.004678598134
719990	4.820340862e-05
720045	0.0007925725656
720289	0.001792719253
720302	0.003871531201
720382	0.002384261917
720428	0.01168818533
720632	0.003051488734
721021	0.003203492834
721111	0.006450968613
721115	0.00191809613
721197	0.00592726153
721246	0.003170094714
721287	0.003702302626
721289	0.0008605965965
721341	1.527410186e-06
721477	0.0007491314553
721478	0.003135314644
721532	7.94899104e-07
721592	0.002429998051
721735	1.044990675e-06
721844	0.0007710851553
721962	0.0006776524245
722031	0.0008245378756
722070	0.0005483206088
722125	0.000766880349
722402	0.0009474690189
722468	0.004916010893
722519	3.731301379e-06
722677	0.001930334044
722828	0.000575366913
722878	0.005360900045
722996	0.006936206434
723018	0.0001413568884
723111	0.006643828259
723204	0.001516319963
723238	0.002115116567
723243	0.001651816012
723257	0.008020193345
723343	0.004077361234
723481	0.003923998867
723531	0.01247109897
723627	2.240194115e-06
723640	0.005513808198
723818	0.002336146456
724011	0.01210599945
724198	0.006259231739
724233	0.002625658547
724376	4.110940583e-09
724482	0.000131539609
724501	0.0001973493295
724556	0.00323092918
724674	0.01396389832
724681	0.0150693602
724689	0.0003806665056
724696	0.002894703517
724714	0.004279640458
724827	0.00851115268
724865	0.002655600082
724869	0.007286585392
724902	0.003132408753
725074	5.877975272e-06
725113	0.004528327475
725125	0.01736321482
725280	0.001426424497
725313	0.005238637237
725403	0.004554931022
725516	0.001546765658
725569	0.006368229364
726223	0.003627973391
726471	0.01233897449
726577	0.000591271267
726586	5.530435412e-05
726650	0.0001618959059
726663	0.003226396319
726834	0.004094012725
726954	0.006097643548
727066	0.02217174507
727094	0.00130393446
727121	0.01809834235
727136	0.01268410107
727435	5.411173703e-05
727600	0.001677491595
727637	0.005694066525
727700	0.005571202509
727778	0.007362256524
727925	0.0007733484125
727954	0.0009062315354
728022	0.009447651605
728338	0.00282843478
728459	0.006142213957
728530	0.004365828503
728558	0.000478268501
728817	0.002310803694
728841	0.0004403354884
729051	0.001474099056
729251	0.005347639975
729306	0.003874345112
729326	0.002060426019
729454	0.0006844310957
729692	0.007443849299
729695	0.0119602445
729745	0.008761742327
730218	0.01529682901
730247	0.01500613682
730370	0.002043608304
730541	0.0002896792897
730604	0.007004238422
730638	0.0005190978094
730802	0.01248400208
730838	0.001735125584
730944	0.0006427304117
731013	0.02247025711
731056	0.02715543104
731148	0.004707329821
731169	0.005316137423
731347	0.001215891924
731362	0.006792211401
731522	0.00356910902
731590	0.000713576377
731657	0.002316016405
731797	0.005065536208
731869	0.006172976014
731983	0.01100453887
731994	0.005510688639
732100	0.0002253710773
732244	0.0005296155331
732343	0.0009857385731
732349	0.004444375045
732369	0.005490116718
732445	0.00107487884
732533	0.0009588188871
732555	0.003148442784
732560	0.01481058931
732611	0.001467975201
732730	0.003921191838
732775	0.0002210317911
733016	0.004640120402
733195	0.01015033943
733379	0.0009904193628
733412	0.0001311343367
733515	0.01341857551
733601	0.001540716391
733668	0.0005401162726
733945	0.005017920068
734083	0.007474035731
734263	0.005714891337
734326	0.001581035759
734542	0.0001646424016
734548	0.003029060762
734555	0.01442029068
734687	0.002029242792
734710	0.006441523256
734734	0.002008106527
734769	0.02287209514
734965	0.002341302771
735049	0.003049145178
735068	0.001586235407
735095	0.0004938982013
735097	0.0003032080999
735105	0.000395876885
735261	0.003616697536
735398	0.0004136418919
735692	0.004362505376
736005	0.000717060443
736061	0.008949858257
736238	0.00313191113
736355	0.003448499751
736434	9.258389123e-05
736616	0.004605137862
736620	0.0002102504699
736742	0.007654700724
736785	0.001885737342
736952	0.002323644849
736966	0.001551007978
736972	0.002454818371
737030	2.812624212e-07
737181	0.007048744103
737210	0.006121409065
737453	0.003021288637
737613	0.006025509046
737871	0.01273739119
738033	7.427969361e-08
738208	0.006130839968
738487	0.001846878282
738497	0.003000707625
738509	0.0008612154972
738639	0.008527125477
738799	0.01715352416
738836	0.001640906332
738962	0.01380984677
739128	0.0007049132318
739220	0.004033893995
739432	0.01556527725
739982	0.00568984957
740017	0.00190364982
740094	0.001324574148
740135	0.003753542185
740144	0.0007349785368
740191	0.0004724718531
740413	0.01277070278
740416	0.00636079291
740441	0.00278851626
740486	1.893316524e-06
740555	6.350602341e-05
740708	0.003726429775
740935	0.0004975072656
740951	0.02727509351
741046	0.00484492421
741103	0.007161533729
741113	0.005432382657
741153	0.002936688312
741260	0.001291364281
741314	0.00649591376
741366	0.0001494953688
741456	0.009777063158
741555	0.01853018485
741561	0.0002893538612
741737	0.008064713623
741771	0.002371707055
741801	3.115622597e-06
742031	0.004724419352
742161	1.66015169e-06
742265	0.003774697294
742306	0.004587111671
742342	0.004966012698
742356	0.001467701988
742430	0.007268077154
742436	6.775050725e-05
742738	0.006132987724
742787	0.002748912201
742831	0.002187746346
742887	0.006089702724
742922	0.009004063611
743019	0.004689592352
743075	0.007367568635
743132	7.656289036e-08
743365	1.585909523e-06
743559	0.0008079604453
743680	0.0009016331997
743792	0.006706612765
743842	0.002244386513
743947	0.0004542201659
744068	0.00114444537
744130	0.0002472642532
744174	0.001270307484
744211	0.003574605901
744224	0.002754182113
744234	0.002101620298
744267	0.0005344218226
744269	0.002476627168
744476	0.001589549779
744551	0.0008883703207
744583	0.003297644854
744642	0.007803748787
744679	0.0004264994726
744769	0.001098117844
744781	0.00217201925
744982	0.01039252542
745073	0.008133899955
745323	0.01866906015
745336	0.002054023831
745494	0.002608949198
745644	0.003928748282
745943	0.0008448220116
745969	0.007631240764
745995	0.00117053436
746599	0.0003346622877
746620	0.0001543895206
746648	0.0107387193
746720	0.002742129512
746898	1.475370898e-06
746974	8.743518007e-05
746997	0.004101521126
747022	0.01246414669
747036	0.005332604383
747116	7.875947987e-05
747181	0.01087140961
747189	0.001062032859
747234	0.01189147735
747800	0.005031472926
747823	0.01097236124
747927	0.008156477054
748007	0.0003459260938
748030	0.005630009308
748085	0.001800834874
748227	0.008277515119
748415	0.003283021348
748624	1.401293555e-06
748672	0.0002873525952
749328	4.091908451e-07
749331	0.01871007478
749581	0.009127297712
749627	0.0001838985181
749788	0.004333096279
749840	0.007865061258
749873	0.001449032588
750097	0.001316214305
750311	0.00145665327
750444	1.678634071e-06
750547	0.001721406519
750824	0.0004433972639
750827	0.0008545314236
750995	0.00486279525
751003	0.001856018486
751044	1.88555322e-07
751052	0.01131291695
751058	0.02265806495
751063	0.00250653703
751199	0.0006002682562
751248	0.004425319278
751422	0.01031855334
751628	0.0009709623171
751639	0.0007350617922
751793	0.002115302278
751861	0.002216886019
751879	2.659466755e-07
752018	0.001457001077
752359	0.01154124401
752363	0.01002740423
752430	0.006850113403
752475	1.096250822e-06
752578	0.003025167952
752819	0.003345119936
752841	0.0009203558078
752847	0.02290835356
752943	0.002659817018
752994	0.0006490782098
753130	0.003939329188
753240	0.004181248865
753463	0.0009090146004
753547	0.01498654776
753634	0.008539186377
753832	0.004828999317
753918	0.01523137132
753986	1.748001177e-07
754009	0.01247822105
754026	0.000720733272
754094	0.004569196197
754103	0.002755299015
754113	0.006934394469
754235	0.00541613048
754404	0.004260584687
754425	0.001058267685
754493	0.001309778014
754526	0.01853634681
754670	0.0009793367597
754800	0.0005547018007
754875	0.006354089518
755018	0.00556851433
755026	0.0003860395366
755069	0.002367662145
755155	0.001765939457
755439	0.01039282752
755618	0.004624545875
755623	0.01770592288
755652	0.003053078797
755674	0.01050437632
755681	0.002057866082
755795	0.008522162826
755871	0.002437571497
755940	0.0009836374583
756032	0.003345056586
756064	0.0001093011718
756065	5.219051291e-06
756120	0.01063862368
756195	0.002396734651
756673	0.006034900015
756731	0.006386569386
756743	0.002215126755
756852	0.02010734692
756993	0.004199467846
757203	0.0005497671668
757282	0.01505639115
757347	0.01444286004
757351	0.0007519210872
757358	0.02028457648
757453	0.01026061944
757464	0.002884663165
757550	0.001145126825
757588	0.006286792423
757731	0.007843727527
757770	0.001753513486
757827	0.0001536672088
757909	9.72047006e-05
758007	0.001019659731
758190	0.006862286515
758202	0.002538524812
758621	0.01233645204
758742	0.001431028393
758813	0.005267045507
758853	0.001838125315
758942	0.006412177726
758951	0.01087153509
759189	0.009789629033
759256	0.003650646444
759425	1.01628668e-06
759643	0.005415739815
759700	0.002161437326
759769	0.00185803811
759947	3.48771303e-08
759950	0.005396149911
760066	0.002393392005
760091	0.002353294324
760205	0.004349590702
760331	0.003552543592
760390	0.004623389147
760408	7.951774047e-08
760456	0.005067792479
760474	0.003505802256
760566	0.001944588579
760773	0.001965795569
760801	0.0006837299844
760856	0.00631480421
761154	0.001578767954
761221	0.005413880845
761224	4.613393391e-07
761329	0.001944202421
761370	4.065986015e-06
761672	0.01767651663
761901	0.0007507836774
762126	0.001452902733
762169	0.004362407592
762286	0.0007153515427
762326	0.004526963797
762388	0.005805054824
762555	0.012237409
762572	1.30609278e-05
762704	8.109336227e-07
762737	0.00461829408
762914	0.008193159402
762938	0.0003596968665
762940	0.005661837849
763000	0.003939456799
763035	0.001020433918
763052	9.146648059e-07
763103	0.01935388859
763157	0.002941416743
763216	0.001730369501
763360	0.0001476203726
763536	0.005163878626
763574	0.01587883454
763597	0.0004791887141
763642	0.0004584101004
763667	8.586110724e-05
763830	0.001000572424
763857	0.00317153788
763899	0.01134767626
763931	0.009496516979
764011	0.0001318550359
764142	0.003957405726
764784	0.008415406043
764786	0.002533133707
764887	0.000573539444
764952	0.0003010059604
765194	0.0004458215921
765349	0.02509958675
765359	0.001640374764
765369	0.002221353276
765433	0.004915647481
765609	0.003764303581
765648	0.0116512969
765654	0.009761698263
765712	0.001885144537
765989	0.0002319369585
766078	0.000725412423
766112	1.835976584e-05
766206	0.0002574884068
766212	0.003490537138
766229	0.00674997906
766246	0.00771079675
766378	0.0148265644
766615	0.0001622479167
766688	0.009842090721
766714	0.004955159616
766919	0.001630490338
766927	0.002718559751
766944	0.006169629955
767073	0.01002710293
767130	0.006979407266
767203	0.001646223394
767462	0.00302575579
767797	0.001596558127
768082	0.002643077143
768101	0.0003972563574
768153	0.005940130791
768272	0.002374805924
768305	0.001564135665
768320	0.0003141659522
768371	0.00155549545
768676	0.0120461829
768859	0.002665433627
768863	0.002977762432
769143	0.01247008223
769160	0.002010469565
769281	0.00820897837
769291	0.00516217075
769316	0.01961104479
769423	0.009082394451
769776	0.01586387745
769827	0.001168448857
769844	0.001635348078
769968	0.0004405742419
769974	0.001207976418
770149	0.007568150683
770179	0.002062820934
770323	0.006729207889
770328	0.001367367603
770494	0.01572119584
770610	0.001465477642
770708	0.0002287917929
770734	1.553021998e-07
770768	0.004132662235
770884	0.002242549359
770938	0.0008555072365
770977	0.0005452003723
771040	0.002590609675
771044	0.001451022065
771054	0.0002350735525
771092	9.455598362e-07
771206	0.002800084098
771327	0.001397254043
771356	0.0005818304773
771537	0.001479087022
771696	0.009228510179
771791	0.01832465073
771970	0.007382620852
772005	0.0003172171041
772048	0.01221287026
772326	8.027951978e-05
772418	0.0005491050186
772530	0.004167752321
772569	0.00110270364
772779	0.004795293461
772808	0.002969977328
772897	0.004996268773
772918	0.01248132256
772938	0.002285448666
772940	0.005362182596
773207	0.0001125231535
773276	0.007761052013
773384	0.0008784165708
773397	0.001304242881
773408	0.001320650106
773435	0.006416375872
773437	0.01589504118
773445	4.847106757e-07
773594	0.0005025328124
773696	0.007333263416
773768	0.001843409772
773821	0.003531877661
773857	0.004353573463
774009	0.003451542407
774182	0.02591740038
774217	7.810250309e-05
774306	0.005356041298
774317	0.001588258005
774348	0.002814469644
774411	0.01336323468
774425	0.007687991664
774464	0.001073585077
774465	0.002148519807
774485	0.002269614173
774509	0.003033785847
774538	0.002418314116
774707	0.00789310723
774854	0.005593125572
774866	0.001754400458
774890	7.654508165e-08
774988	0.004586202647
775059	0.006957357352
775273	0.01363566994
775381	0.002576916897
775475	0.00591486311
775476	0.001053811017
775564	0.0008012086415
775604	0.001452445988
775645	5.053479941e-05
776223	0.001597830222
776468	0.008526590078
776539	0.00180214844
776612	0.001811176033
776821	0.0001905735198
776868	0.003969648231
777055	0.006672152727
777061	0.001270567461
777131	0.007951147108
777340	0.001376608592
777401	0.02532514333
777491	0.003582896822
777498	0.01206469823
777629	0.005822948508
777756	0.003188642563
777798	0.001141146392
777921	0.002141075452
777925	0.00170927956
777932	0.003904439906
778012	0.005676099668
778030	0.0006540019086
778104	0.0009967798834
778279	4.015056012e-05
778359	0.01610689153
778422	1.765420595e-06
778426	0.01519280617
778438	0.002349798027
778448	7.559691019e-05
778486	0.007650085207
778525	0.00748122658
778613	0.002646578365
778848	1.727684027e-07
778929	0.0005556618541
779121	0.01585137399
779242	0.000115871528
779301	0.0001941576466
779303	0.001667354223
779479	0.005915263891
779492	0.005696086276
779498	0.007078689217
779526	0.002131934235
779538	0.008834721529
779542	0.008535246631
779546	0.003771929098
779554	0.006317540105
779569	4.31314357e-06
779595	0.00331469909
779639	0.001799215916
779886	2.423376858e-05
779921	0.00733271793
780017	0.008228017463
780072	0.0005134696531
780290	0.003913878471
780386	0.008076528041
780471	0.002847585944
780914	0.002865827577
780992	0.008914927424
780999	0.002575732045
781343	0.002346129216
781530	0.0008432266275
781563	0.01431991402
781694	0.002448208334
781763	8.694536688e-05
781826	0.001819055614
781880	0.002313801247
781897	0.002253932274
781945	0.006110097784
781968	0.002665602472
782021	0.003514029081
782052	0.002858364875
782069	0.0004863897639
782172	0.01005223582
782192	0.006770149693
782281	0.01401255947
782303	0.002150173057
782358	0.001261165062
782433	0.02623868127
782476	0.0007720551358
782730	0.007025024407
782823	0.003334904367
782972	0.02532804971
783067	5.110111453e-07
783240	0.002701325845
783268	0.00786232998
783383	0.001105716442
783393	0.01000100336
783628	0.004291377327
783640	0.01590190726
783766	0.003638282285
783806	0.001736225233
783862	0.015206138
784091	0.002687023487
784138	0.0003704633395
784201	0.001104847431
784307	0.001767104842
784325	0.0002654446183
784380	0.02373996516
784408	0.008952037893
784415	0.0007567732581
784501	0.009404714583
784544	0.001561676982
784759	0.0009594524142
784835	0.001865766867
784877	0.0007347112506
785007	0.005726917269
785026	0.008471540153
785126	0.003519000406
785272	0.03192096575
785360	0.007041488056
785511	1.34972366e-06
785531	0.006293797724
785642	0.006664745176
785667	0.002002686557
785669	0.004029982782
785699	0.001863552164
785765	0.0003443607968
785784	0.007375149642
785787	0.0003835415448
785831	0.01030142724
785837	0.007312249397
785889	0.00415208447
785940	0.003270161719
786087	0.002078273163
786243	0.007092574731
786470	0.005059516745
786477	0.001435141073
786491	0.01066704573
786509	0.03778211785
786674	0.001990881941
786914	0.0001128031702
786962	0.001345671269
787011	0.004875759738
787138	0.0104814823
787215	0.0005613630094
787257	0.015263394
787293	0.005172175798
787387	5.952353151e-08
787426	0.001330738257
787708	1.48015612e-07
787861	3.535094469e-07
787955	0.005816398396
788001	0.003713742647
788185	0.003763294611
788201	4.540792511e-07
788302	0.003159809778
788324	0.008750022263
788356	6.282300609e-06
788471	0.002868454029
788530	0.001699139878
788553	0.002337322873
788641	2.401714295e-06
788777	0.004096815499
788811	0.00877120577
788817	0.00801747163
788818	0.002147297559
788886	0.01498777016
789156	0.0005019888622
789300	0.00356919393
789309	0.001333542843
789314	7.796866463e-07
789421	0.003968969228
789470	0.002368297952
789472	0.0001788397214
789509	0.001316403248
789551	0.00188062619
789564	0.008413193486
789786	0.002869562503
790020	5.534313389e-07
790075	0.005344439567
790117	0.007316462431
790122	0.005992792483
790223	0.001866114898
790417	0.009718242639
790485	0.01096783158
790582	0.0183606447
790638	0.004500379846
790696	3.318423008e-07
790803	0.001460304828
790869	0.0008564449639
790932	0.003852130294
790975	0.006740331999
791205	0.001415309011
791334	7.495450497e-05
791432	0.00395730409
791454	0.000268910162
791811	0.005590484947
791848	0.001599843523
791864	0.002993422243
791866	0.0002497113073
791916	0.0008146990153
792016	0.004754290479
792031	0.006999491328
792112	0.005417866092
792351	0.001620661307
792364	0.0006354757082
792383	0.009496168993
792641	0.002289700786
792866	0.002523433259
792942	0.006703862382
793088	0.0006470069102
793191	0.002057636589
793220	7.841158653e-05
793258	0.0007101396186
793467	0.00199166972
793556	0.004283096748
793946	0.006287239507
793961	0.005558878308
793976	0.000323874338
794132	0.00212002352
794151	0.009736053906
794164	0.002095009298
794211	0.0003054947547
794334	0.000420366701
794336	0.004540278442
794378	3.441520986e-06
794404	0.001119711758
794489	0.002568765079
794535	0.0100891379
794693	1.492844208e-06
794888	0.000315980905
795046	0.005878292254
795113	0.003390975992
795237	0.002110331139
795419	0.005730366944
795813	0.004467816139
795850	0.0002347361828
795940	0.007840912578
795968	0.001066555282
796054	0.0005562268424
796104	0.01363413185
796123	0.006039554245
796204	0.01571993752
796386	0.007176716037
796566	0.02586306262
796579	9.112584959e-07
796585	0.001728093009
796700	0.0042466971
796866	0.01045959798
797004	0.005029774474
797119	0.0002911879322
797184	0.007307569349
797187	0.0003800719928
797234	0.0001995574975
797293	0.002203234581
797352	4.461131818e-07
797377	0.001605248818
797440	0.006135851896
797580	0.00438003598
797619	0.001315050505
797772	0.003491305412
797793	0.0003304292629
797922	0.01738923646
798035	0.01349032306
798052	0.0008156204454
798073	0.006020839299
798199	0.003385942589
798261	0.00173022534
798416	0.00152543038
798480	0.005138547578
798486	0.006645727215
798761	0.01397712064
798952	0.01448475016
799076	0.00226037866
799325	0.01040310183
799381	0.0004945984579
799423	0.0008485276092
799441	0.001476789465
799462	0.003803632562
799476	0.02065662683
799577	0.002176664825
799579	0.006739410093
799646	0.004733965468
799666	4.44812514e-05
799681	0.004382629474
799832	0.00530845072
799884	0.000204930162
800043	0.001493778853
800049	0.005945349473
800103	0.00700829274
800163	0.005000829577
800319	0.005139144804
800350	0.00232672534
800408	0.008055968955
800461	0.003898059624
800523	3.477114302e-05
800529	0.004072068998
800563	0.00125188694
800706	0.001288014233
800742	1.521591791e-06
800900	1.777124025e-05
801136	0.0002245343819
801268	1.496572151e-07
801341	0.004425319873
801448	0.0003849161164
801576	0.003813682776
801650	0.00111595597
801824	0.003777550204
801880	0.003732294308
801900	0.01227523705
802012	0.003320635467
802103	0.001280130021
802217	0.001129953972
802258	5.333327665e-07
802267	0.005744561291
802431	0.002616454377
802688	0.00180608235
802793	0.009366877449
802844	0.001467084739
803086	0.01220554026
803147	0.01595741563
803200	0.003623361377
803363	0.006846628873
803537	0.007452787726
803542	0.0007350958981
803582	0.002605304552
803651	0.001056257176
803784	0.0004064485261
803871	0.006140193404
803980	0.01643415119
803993	0.0007785962532
804109	0.0005818847685
804113	0.0001393303715
804252	0.003312597578
804303	0.002411340908
804315	0.0032840015
804694	0.01953978619
804702	0.01024152023
804704	0.009121278378
804733	0.0007870659024
804859	0.002353901851
805072	0.004989971704
805114	0.002903886772
805277	0.009734693388
805308	0.001035921044
805327	0.002255941984
805378	0.001968504174
805482	0.005638767298
805548	0.00222734226
805770	0.0006673537702
805887	0.006814419201
805902	0.0009810376427
805905	0.01217380567
805958	0.004276823941
805970	0.002625057197
806057	0.001554716039
806076	0.00326443576
806190	0.01373826771
806284	0.02043574147
806337	6.185858154e-05
806360	0.005439852472
806409	0.007157674132
806740	0.0002764201327
806841	0.0007787420774
806877	0.001649339044
806883	0.0004087476926
806955	0.006335938216
806964	0.0177626056
806988	0.0002164435834
807053	0.001495980668
807156	0.002412513936
807304	0.0075781879
807307	0.00774963812
807437	0.007709244388
807484	0.00142043899
807631	0.001752071911
807639	0.01053509572
807694	0.004425430359
807715	0.007245539428
807827	0.01409901006
807920	0.0001574851205
807956	0.01623077906
807970	0.01050632348
808040	0.003943919986
808065	0.01129735827
808066	0.001203469177
808239	0.0004723881112
808247	0.009930780107
808428	0.00550487301
808455	0.006975173707
808551	0.01188866414
808791	0.0006316706677
808818	0.009232076313
809027	0.006849213533
809105	0.01054543256
809214	0.002571390746
809413	0.004659002884
809516	0.0001231587642
809550	0.001323276811
809669	0.01235121744
809712	0.002200889089
809825	0.001189272698
809827	0.01355400402
809838	0.002924972191
809856	0.01040961372
809952	0.01489037756
810047	0.01246152779
810089	0.01317101374
810174	0.0006330342461
810216	0.004849294026
810289	0.003221114387
810711	0.00824361551
810813	0.0005374896811
810850	0.002139557625
810921	0.004313535739
811055	0.002437711577
811093	0.01576522548
811208	1.269062584e-06
811256	0.003619787203
811379	0.01044326295
811416	0.001326890666
811431	0.005154084327
811600	0.003922596524
811700	0.01211076007
811870	0.0009081777814
811908	0.004205160809
811935	0.0003842262575
812080	0.00156069182
812122	0.01346930213
812168	0.005930290885
812314	0.004218957055
812420	0.009663826618
812489	0.004580507722
812588	3.173432133e-06
812610	0.01057523696
812624	0.0001036301828
812794	0.001369906863
812945	0.004646735576
812954	0.004048575857
813281	0.003153864064
813346	0.003283821382
813368	0.02312732037
813437	0.0004217266669
813465	0.00778977348
813481	0.0009855043022
813529	0.001207592563
813572	0.0100159608
813656	0.001965213013
813671	0.001942573497
813705	0.001354852724
813801	0.01658620321
813809	0.004427279867
813836	0.006797350215
813984	0.0005248094823
814043	0.004115584689
814058	0.002112829578
814148	0.006181870955
814278	0.006397643059
814547	0.01737693805
814587	0.0001618047709
814772	0.007427336804
815018	0.005127675014
815046	0.0150487747
815069	0.004741485203
815096	0.006834725821
815136	0.002110396733
815219	0.00393938625
815292	0.02141978405
815380	0.007045610464
815384	0.001623217331
815628	0.008890382122
815710	0.006205768919
815767	0.0008240088847
815769	0.003660999676
815781	0.003124089043
815788	0.0009936359859
816103	0.003032964465
816108	0.001390580846
816220	0.00691083579
816236	0.001112517822
816260	0.001113459559
816292	0.002319051583
816320	0.002705764673
816367	0.008973422012
816387	0.01215891481
816452	0.00145760302
816565	0.000974816281
816619	0.003491636282
816634	0.001827058943
816695	0.002730251863
816708	0.004458337862
816733	0.002830839008
816900	0.001920357324
816943	0.0004269603554
816983	0.0004081257718
816989	0.006011645685
817048	0.0102463464
817051	0.003831430421
817136	0.0009100087414
817184	0.000938130016
817187	0.0009465652901
817190	0.01340936319
817338	0.004977052416
817378	0.0006585385877
817407	0.001977684456
817448	0.003511121163
817519	0.0008856362086
817617	0.004740201081
817636	0.00503546725
817758	0.002881271478
817763	0.0001696674126
818052	0.004713745556
818573	0.0008397819521
818611	0.01111602816
818654	0.0002556051222
818696	0.00447077934
818708	0.001521184851
818777	0.00164251457
818805	0.007921270694
818822	0.0001597867547
818892	0.0007295345692
818903	0.004352787457
818916	0.003894273664
818936	0.001574091995
818974	0.0040292409
818987	0.001887953243
819163	0.0004802730516
819205	0.003831033764
819356	0.002577162265
819555	0.0002777262367
819616	0.0005944826225
819727	0.005044046875
819825	0.006113679687
819845	1.255881473e-06
819906	0.0004163999541
819943	0.001854180479
820099	0.004873590882
820125	0.002266731026
820268	0.003685942423
820624	0.0004230070197
820638	0.002584205515
820688	0.002782867296
820811	3.672122549e-05
821010	0.00171109716
821063	0.0005323000287
821093	0.01908072556
821151	0.004379744787
821218	0.01366660913
821307	0.005260710972
821540	0.007108195139
821615	0.006713221889
821709	8.710894047e-05
821777	0.01067059894
821838	0.006862552999
822132	0.00036868042
822148	0.005745112377
822186	0.0001809669008
822202	0.0007186742088
822403	0.01133139337
822485	0.005773868508
822489	0.01093414221
822542	0.0007846789493
822668	0.00319984767
822772	0.00347653631
822790	0.0004303647593
823007	0.001696734445
823017	0.004051590994
823070	0.00067707184
823262	0.0005187653632
823350	0.003862917509
823358	0.008600595623
823359	0.008621040345
823389	0.002093635485
823397	0.008143203011
823520	0.005027649201
823661	0.003469934942
823757	0.002901260615
823792	0.0001330630192
823820	0.0003966864629
823889	0.001496286349
824010	0.007250312815
824018	7.410302415e-06
824214	0.005759110769
824399	0.009489297402
824470	8.214087055e-07
824608	0.002865919106
824620	0.003873575722
824627	0.002782398689
824635	0.009629259352
824728	0.00123975709
824829	7.071330158e-07
825006	0.004478644521
825017	0.0001808988341
825111	0.002931690624
825235	1.511405069e-06
825257	0.0002508524576
825290	0.002478925747
825301	0.007875547516
825317	0.009291277737
825418	0.002411900793
825437	0.006193203925
825817	0.007068656645
825875	0.008156147666
825959	0.001072604294
826098	0.001680025488
826111	0.0002936465059
826324	0.0007274759745
826419	0.005323448567
826427	0.009700889527
826436	0.001314388587
826520	0.0009997109106
826563	0.001039254301
826753	0.00691507802
826780	0.003683411604
826901	0.00252654679
826905	5.47372235e-05
826987	0.007952482709
827111	0.0003619824926
827193	0.002043135486
827230	0.0133054347
827454	0.002685081027
827573	0.0001508707358
827679	0.01250012031
827682	0.004918965878
827788	0.005156658371
827793	0.0107712265
827815	0.0016392231
827832	0.004890307219
827873	0.004703926102
827879	0.01134610617
827900	2.558394916e-07
827971	0.003815188268
828134	0.01061016262
828155	0.001613387626
828592	0.00155232726
828623	0.001875274988
828731	0.006028519005
828866	0.0004894924776
828936	0.001048402975
829011	0.001738563979
829338	0.0006668077495
829432	0.008325406303
829494	0.007121586404
829640	0.002434311893
829680	0.003700178468
829777	0.004401734645
829944	0.002701835105
829949	0.001106544605
830010	0.01609888457
830028	0.002398394564
830154	0.0007467284124
830272	0.0004418345535
830337	0.01214207156
830514	8.096512933e-05
830538	0.001258405104
830561	0.0081634823
830597	0.002970644016
830645	0.005888452164
830668	0.0004761655107
830815	0.001169909935
830957	0.0003808636586
831043	0.003942446365
831095	0.006736963241
831103	0.01843081732
831216	2.444284168e-06
831340	0.0005157203238
831379	0.007576035023
832100	0.002317785876
832123	0.01122333499
832458	0.002355185162
832512	0.001348370701
832539	0.009603672525
832581	0.004238374942
832651	0.001266583899
832658	1.938347703e-06
832689	0.004362692635
832782	0.001588068008
832899	0.002510267915
833050	0.001494326082
833110	0.01403494136
833236	0.0007693891161
833258	0.006622272956
833391	0.002900581305
833482	0.00812746652
833497	0.01203555038
833532	0.0002688351185
833591	0.00130981396
833631	0.02285406502
833686	0.002815122329
833834	0.002541763777
833894	0.004630572333
833946	1.81728884e-06
834025	0.003564074394
834144	0.004818251512
834216	3.771714345e-07
834226	9.534920219e-05
834378	0.006932777991
834492	0.003993656928
834561	0.01389922547
834650	0.005206965163
834732	0.0002403180769
834736	0.005360240202
834906	0.0008381359391
835035	0.0001799756259
835197	0.0005954966195
835432	0.004248142414
835528	0.007790998407
835655	0.001100671202
835768	0.001425670382
835819	9.863128133e-07
835825	0.002309154473
835897	0.008688969734
836064	0.002248808098
836123	0.00154798697
836156	2.987039804e-07
836283	0.002904204862
836525	0.005640836286
836555	0.000455708081
836671	0.02049260557
836723	0.008366522659
836852	0.003242035656
836996	0.005418801828
837015	0.009657877066
837085	0.003431660928
837202	0.001500789698
837372	0.0002336764202
837422	0.001951255622
837516	5.821713576e-06
837547	0.01302290662
837848	0.003056266769
837867	0.003598545702
837884	0.002259912349
838082	0.003379204746
838192	0.0001518448709
838202	0.001463482763
838227	0.002543754524
838270	0.006278599777
838383	0.0005275026493
838395	0.0003754674638
838424	0.00980946985
838514	0.0007957906632
838781	0.0009855836418
838841	0.0002307060371
838850	0.009175943012
838893	0.001683975302
839238	0.001606952082
839386	0.008523514804
839393	8.542673297e-05
839456	0.0004050103158
839667	0.001625918355
839711	0.02617740722
839734	0.003040089419
839838	2.626434261e-07
839889	0.003102953375
839905	0.001039552969
839963	0.01615511464
839998	0.001749788963
840126	0.0004169076432
840182	0.009698093128
840321	0.001991873169
840323	0.000115145583
840351	0.01094594574
840482	0.001181769073
840526	0.007967477703
840586	0.007649687287
840646	2.446770932e-07
840657	0.004761430904
840671	2.885210272e-06
840678	0.003975599118
840786	0.0002207195964
840998	0.000952592097
841003	0.007823344182
841031	0.0002570788089
841040	0.009851301356
841089	0.003293519572
841201	0.003415544994
841454	0.004779730595
841507	0.001332777816
841665	0.01101431412
841831	0.01411807487
841841	0.000380141403
841992	0.007819782739
842041	0.003428438274
842053	0.01001385317
842227	0.003118485097
842403	0.0009028606943
842409	3.999157487e-07
842533	0.004538824858
842641	0.008861805329
842800	0.001931746736
842863	0.000792662344
842949	0.002467519139
843169	0.01170562617
843225	0.0003723776829
843341	4.691039977e-06
843406	0.001162380726
843459	0.002501595719
843700	0.01138924998
843840	0.005545414567
843847	0.0005017758859
843860	0.01056430569
843919	0.001336988636
843975	0.006204659713
844112	0.00785473863
844179	0.0001402133997
844238	3.631330848e-07
844373	0.000362017148
844423	0.0005606800748
844502	0.001515988156
844688	0.001234474295
844973	0.002010039062
845166	0.002809334278
845284	0.005687601204
845305	0.001874668982
845545	0.02183769871
845706	0.00745107538
845883	0.0006424988872
846063	0.004182353574
846121	0.001985040356
846276	0.0027364412
846335	5.693567562e-05
846379	0.0008428861348
846625	0.009161935121
846654	0.004570059121
846825	0.003751014692
846906	0.0004415334177
847004	0.0001093481446
847187	0.003564077849
847343	0.01277555847
847404	0.001835947941
847518	0.0003363938468
847663	0.002590414419
847665	0.002865080738
847668	0.008353895286
847744	0.003351752119
847863	0.005157925355
848037	0.003478054724
848052	0.02337507599
848208	0.001912466401
848239	0.009511463064
848251	9.32476852e-05
848285	0.0007013226015
848340	0.006809883403
848379	0.001287793771
848555	0.005607598153
848611	0.0001265924477
848632	1.155227927e-06
848634	1.524093157e-06
848714	0.003338186914
848718	0.001008825096
848765	0.001658375225
848816	1.306400257e-06
848849	9.668323223e-07
849010	0.0009973898507
849018	0.0008775963533
849091	0.0008229332065
849193	0.0001324103664
849207	0.002820035747
849268	0.001082452047
849300	0.005454851309
849495	0.003556366578
849503	0.005642120578
849520	0.002614979734
849720	0.001771747935
850146	0.007245389758
850172	0.001923198439
850228	0.0003159495428
850476	0.0008549887406
850489	0.000681114017
850515	0.00256618495
850773	0.002337678253
850833	0.001481705837
850908	0.001864481157
851012	0.002130503812
851058	2.040244586e-07
851158	0.005726151899
851207	0.005372256296
851249	0.000137134016
851263	0.001844833422
851555	0.004417330029
851662	0.004110336054
851769	0.005737708603
851961	0.01284606262
851981	0.004759231694
851994	0.0008288065909
851996	0.001480232585
852093	0.01702241692
852171	0.00394573123
852317	0.005466451958
852479	0.002523825023
852627	1.816811324e-06
852721	0.0001694857728
852738	0.003879382844
852767	0.001304361722
853073	0.004324388822
853090	0.0007506763208
853177	0.01611970741
853207	0.003678045646
853268	0.0007012698968
853338	0.0007828745811
853390	0.0001870066287
853499	0.001251550984
853535	0.001778052188
853556	0.002517035398
853576	2.35766051e-07
853688	1.209330264e-06
853771	0.001787926638
853794	0.00137516382
853918	0.0005621470406
853942	8.93603937e-07
854059	0.008248534135
854306	0.007775337828
854355	0.008793951409
854452	0.003038647849
854536	0.004201224722
854802	0.0004024981976
854803	0.007789927684
854818	0.003216328041
854900	0.002347413766
854977	0.01195620949
854987	0.003299238228
855000	1.820576663e-06
855048	0.003806704106
855052	0.01055298442
855191	0.00215278616
855358	0.0008097546577
855432	0.003881585868
855435	0.003763635194
855562	0.01432894196
855603	0.0009442301344
855674	0.004505389081
855876	0.00377743072
856091	0.0004852545347
856183	0.0042238041
856223	1.599478299e-06
856278	0.002687752207
856395	0.005979866244
856445	1.180644735e-06
856561	0.0002865817582
856583	0.002281384029
856691	0.004606615668
856720	0.000551723501
856745	0.002632461296
856761	0.001845291438
856899	0.02282958489
856945	0.001597322658
857142	0.001119378438
857191	0.002436722873
857210	0.001130767867
857241	1.664361305e-07
857245	0.004038404088
857318	0.000742968834
857485	0.001651037079
857502	0.0001497402001
857526	0.001144220443
857577	0.007951754165
857595	0.001649387809
857689	0.00311325975
857705	0.005276293025
857735	0.01139315878
857756	0.000524276026
857786	0.002668128978
857868	0.01214526423
857910	0.0001839409594
857914	0.009610884778
858243	0.0006716650724
858290	0.001275005693
858349	0.002763460765
858362	0.0006558651563
858383	2.454357936e-05
858465	0.005412734117
858552	0.01635194125
858640	2.178387053e-06
858689	0.002385380922
858810	0.004819433025
858845	0.00228709303
858969	0.01945373405
859018	0.007577957117
859034	0.008606183069
859076	0.0001853122737
859223	0.009208903843
859246	0.004079110436
859280	0.003465618009
859660	0.002699149813
859781	2.908901554e-06
859804	1.146136716e-06
859813	0.007431754542
859871	0.0007448887847
859901	0.001920739929
859962	0.006090722897
860145	0.002844271091
860169	1.736775357e-06
860241	0.001204912203
860245	0.002163480742
860313	0.009765234281
860606	0.01040361661
860621	2.641419642e-07
860778	0.003319156692
860815	0.001738370734
860903	0.006426586051
860920	0.007010514851
860941	0.002819616721
861234	0.006864325869
861328	0.0006654751819
861384	0.005121576222
861423	0.0132414904
861449	0.01057255744
861569	0.002355041227
861599	0.009613856055
861604	0.0004476833298
861700	0.005690173368
861972	9.341729573e-07
862044	0.001407402813
862098	0.002546559591
862444	0.001139678256
862491	0.001465361917
862650	0.02291473362
862656	1.136116374e-06
862794	0.01139215093
862795	0.006685878198
862880	0.009536152912
862988	0.001577437914
863000	0.0114709046
863016	0.001122615762
863038	0.01431000918
863050	0.002040491586
863288	0.008523729256
863366	0.003519858061
863418	0.00753844072
863647	0.001234430637
863684	0.006394201164
863757	1.180398578e-06
863844	0.001838548126
863950	0.02919005898
863954	0.008322820317
864054	0.003837123694
864468	0.001230188821
864617	0.001162571205
864721	0.001614830191
864951	0.0101302405
865021	8.250331384e-07
865082	0.006273585847
865090	0.001178636229
865187	0.003027683928
865301	0.001582447694
865343	0.0005462755021
865357	0.0006358993946
865418	0.002838313538
865444	0.00275865778
865615	0.005480792312
865631	0.002099365354
865700	2.6904746e-05
865853	0.001008711084
865937	0.0001707353598
865943	0.008100139356
865952	0.00127871452
866051	0.003586073491
866123	0.002654172293
866144	0.02596445196
866295	0.0004336685396
866313	0.009369825111
866468	4.289147896e-07
866604	0.006843713617
866637	0.009734507305
866657	0.007906490372
866671	0.007797710239
866764	0.006504698798
866862	0.007586582821
867237	0.002034004192
867303	0.001582347999
867320	0.0189397468
867627	0.001817289857
867660	1.167702885e-06
867788	0.01397321786
867944	0.01003065064
868094	0.001264754002
868220	0.01720317327
868243	0.0007579026978
868244	0.0001804333289
868280	0.003952210709
868331	0.0009354549952
868452	1.401526225e-06
868458	0.00130920715
868518	0.0371467899
868584	0.003069983136
868604	0.0007885036815
868668	0.002404326507
868697	1.3945224e-06
868823	0.01178151696
868957	0.0006951794735
869085	0.001571979779
869140	0.004004303769
869182	0.001310489351
869342	0.004511698084
869445	0.003894222226
869511	0.001039744928
869550	0.001551691626
869601	0.004878539389
869608	0.007323031713
869613	0.004457985334
869648	0.001435743239
869787	0.0007479524476
869860	0.007987000302
869902	0.005979768797
870054	0.0119754776
870152	0.008880365458
870331	0.01111422939
870402	0.005793800334
870525	0.003859247797
870563	0.000246645419
870600	0.003057473698
870895	0.002835360123
870906	0.01689866088
870990	1.47993861e-06
871015	0.01497402284
871085	3.236176678e-05
871176	0.001182136564
871220	0.00367395854
871352	0.001734433256
871387	0.02509787208
871584	0.00234958662
871758	0.001485583841
871782	0.005286985183
871988	1.055443395e-06
871995	0.001227686834
872201	0.005766901157
872270	0.004997879493
872339	0.0002520173648
872528	0.0006615649801
872610	0.009328143787
872647	0.006566395855
872749	8.181337057e-07
872833	0.002888772391
872872	0.008934610709
873170	0.008849627514
873174	0.004604610204
873209	3.941001116e-07
873217	0.007311630039
873228	5.732478258e-07
873284	0.01690696788
873324	0.000821164501
873387	0.004950445809
873605	0.0004357077439
873624	0.00227676496
873782	0.001475962544
873867	0.00324669439
874022	0.001514299531
874112	0.002063985197
874302	0.008432011096
874360	0.0006519236654
874476	7.901116511e-07
874485	2.874119311e-06
874562	1.195149774e-05
874660	0.004379504746
874912	0.0002935909306
875330	0.002766084364
875385	1.087115399e-06
875468	0.005979695915
875501	0.0098814128
875546	6.634827075e-09
875625	0.008004915564
875677	0.006355560041