node_id	error
3	0.0004234045991
216	0.0004647245875
377	0.0003089805818
524	0.004791443748
564	0.0004137052839
684	0.00129401086
735	0.0007971748691
822	0.001026178417
966	0.0002499457982
993	9.375342272e-05
1024	0.0009028682704
1109	0.0006902759291
1127	0.0002163432231
1143	4.272000836e-06
1335	0.0005637844388
1714	0.0003774569965
1745	0.0003548257301
1857	0.0001400176729
1897	0.0008801488415
2033	0.0002896498239
2194	0.000899140106
2223	0.0006053622402
2497	0.001074854602
2601	0.001456244576
2734	0.001520908303
2786	0.0003000020703
2887	0.001038722179
3060	1.205547536e-05
3099	4.610671445e-05
3142	0.0009962077546
3150	0.001041799028
3257	0.001058699839
3335	0.000955014111
3400	0.0001720461529
3409	0.0009902871531
3492	0.006908788141
3783	0.001302289119
3939	0.0001827328186
3948	0.0003140032258
3965	0.0002645450032
3994	6.867568013e-05
4001	0.0003579746265
4030	0.0003725765869
4035	0.001069843618
4489	0.0007650538967
4493	3.96698199e-05
4515	0.0003419942759
4617	0.0006269916673
4757	0.0002648423609
5109	0.0006320386803
5168	2.280072273e-05
5254	0.001011444419
5428	0.00250252321
5488	0.0003298350271
5561	0.0009238135119
5711	0.0001158783509
5778	0.001174635745
5983	0.0002854811832
6088	7.204017046e-05
6486	0.0006178416321
6581	0.0004165967845
6793	0.0003868147765
6835	0.0009419408173
6900	8.860147088e-06
6944	0.002080363515
7073	0.001569614708
7162	0.001189454732
7201	0.0002803300526
7449	0.000439547687
7562	0.00219029212
7597	0.001749233637
7700	0.0006813340662
7748	0.0005905762496
7838	0.0002160404522
7910	0.0005232739894
7959	0.0008084655196
8030	0.001192181781
8101	0.0009616696635
8109	2.874452176e-05
8313	0.0004883127056
8431	0.0007718750496
8465	0.0008353442962
8502	0.005098250907
8560	0.002247545495
8561	0.000839988189
8668	0.00318092607
8729	6.01991679e-05
8761	0.001027608939
8918	0.001174965197
8958	0.001192340146
8981	0.001064459175
9042	0.001776228785
9045	8.004123138e-05
9078	9.818369555e-05
9258	0.001071046063
9304	0.001346117184
9337	0.0004103495765
9434	0.001330879312
9448	0.0006793872553
9459	0.001001583502
9535	0.000358934627
9546	0.001411363923
9656	0.0008506138954
9873	0.0002909881815
9881	0.001004127758
9895	0.0009053994001
10050	0.0007855651913
10073	0.0005372483057
10168	0.00038413163
10178	0.001021847074
10200	0.0002876051604
10261	0.0006406384493
10288	0.0003726910547
10333	0.0006406795187
10354	0.002077423796
10408	0.0005314885491
10463	0.002368138784
10497	0.003196338355
10664	0.00202330903
10827	0.0004835021699
10971	0.001049394655
11039	0.0006551494226
11071	0.0008498949446
11093	0.0007503614116
11097	0.0009958696076
11116	0.0005893645994
11454	0.0002378179735
11472	0.0005044090176
11503	0.0003191200345
11542	0.0003206800707
11809	0.001291315713
11858	0.0001280047474
11931	8.117458218e-05
11939	0.0003976470328
11995	0.0009662866165
12071	2.764481504e-05
12190	0.003558574084
12232	0.0007701624861
12246	0.0001406290184
12255	6.684366968e-05
12325	0.0006608460196
12401	0.003103714035
12476	0.0004447272579
12843	0.001499979164
12892	0.0001072200787
12932	0.001293114997
12949	0.0005614661944
12967	0.001785450526
13009	0.001283461322
13154	0.0003465284766
13168	0.001792462133
13214	0.00218641697
13261	0.0008146115391
13370	0.0005093955108
13420	0.001155243066
13430	0.0001466248728
13582	0.001583018336
13742	0.0007825862309
13801	0.0004327467903
14041	0.0009496178963
14105	0.002328494843
14115	0.0005585319388
14119	0.0002708287144
14169	0.000176371272
14170	0.0006336659157
14311	0.001744456541
14397	0.0001911937285
14486	0.0002692046243
14509	0.001888583599
14551	0.002935870791
14891	0.001070021848
14928	0.001729208997
14966	0.001114812246
15062	1.829166307e-05
15098	0.002800771849
15176	0.000820827506
15196	0.0008883283428
15221	0.0005703394238
15233	0.0008957049816
15288	0.001577814102
15322	0.000824987052
15580	0.001213858382
15743	0.000172245428
15975	0.0008854720244
16026	0.0005554174212
16034	9.108750411e-05
16039	0.0005365313031
16098	6.760089149e-05
16522	0.0002439791206
16529	0.004526473034
16622	0.002533167629
16728	0.0007929695902
16803	0.001432611677
16822	0.0003988813125
16823	0.002307860119
16988	0.0007338666547
16991	0.001674595217
17143	0.001086240173
17356	8.499267663e-05
17488	0.001072045765
17559	0.00035136893
17862	0.0006864699169
17973	0.0006533300544
17992	0.001702346087
18043	0.0002519653486
18341	0.001495949465
18414	0.0001262200352
18488	9.100121193e-05
18544	0.001258795859
18611	0.0003415872176
18801	0.0009060417947
18873	0.002032596484
18972	0.00102029795
19103	0.0002880816331
19109	0.001035758827
19125	0.002472720268
19234	0.0006970561307
19248	0.002549228279
19269	0.0004261008612
19302	0.003564734105
19465	0.001139115198
19574	0.0005281883932
19709	0.0009673726591
19736	0.000181830138
19841	0.0008760856673
20174	0.0003579052435
20189	0.0001544575461
20257	5.674638303e-05
20325	0.001772827963
20436	0.000763985102
20455	0.001280204836
20497	0.002344516986
20612	0.0005024016607
20636	0.0008658857781
20727	0.0004870104036
20761	0.001628690217
21040	0.002507939847
21073	0.0003957175711
21467	0.0005449715604
21632	0.000339319734
21680	0.0008727644417
21694	0.0002991683179
21698	0.0009470903631
21903	0.001505481608
22009	0.0002885330766
22046	0.0005641105173
22378	0.0007669974252
22468	0.004053863053
22538	0.0003283342485
22547	0.001035048809
22591	0.0007997659007
22652	0.0009981368867
22663	0.0002933799775
22674	0.002085393202
22809	0.0004056542167
22861	0.000235403201
22864	0.0009647904372
23054	0.0008919943302
23084	0.001669898733
23264	0.001329791164
23298	0.0003557484886
23302	0.0006990011716
23429	0.0005643579304
23549	0.0001238285936
23666	0.0002561569136
23693	0.000527779714
23756	0.001248955693
23757	0.0004984469714
23796	0.0002338052384
24102	0.0001634966967
24107	0.0001687436667
24195	0.0005978480548
24233	0.0006137988754
24240	0.001481650651
24255	0.0003955065813
24334	0.001869448173
24516	0.0110710798
24517	0.0001328754057
24580	0.0004894690222
24630	7.063261483e-05
24835	0.0009933110041
24860	0.002274924871
24875	0.0002299520603
25326	0.0005078434161
25391	0.000430451447
25606	2.682147028e-05
25666	0.004579399515
25767	0.001575283996
25818	0.0004827306272
25922	1.773945089e-05
25975	0.0003601456019
26045	0.0002893630182
26317	0.0009459008395
26400	0.0005919427449
26443	0.0005128641804
26477	0.0007789600005
26518	0.009856134871
26622	0.0006381871694
26673	0.001590365635
26710	1.529869147e-05
26735	0.001645050612
26935	0.0007600349569
26970	0.001204798432
27560	0.003606035729
27692	0.0006518125696
28069	0.01093818977
28196	0.005039151935
28368	0.001228820458
28376	0.002524997711
28514	0.0064978463
28566	0.0006444913735
28624	0.0004887669634
28681	0.0008898023296
28980	0.0005289214603
29012	0.001157800125
29018	0.0003212967217
29105	0.001086258544
29302	0.0006933234681
29573	0.0009181506441
29668	0.0003866900169
29794	0.003811283719
30019	0.0007736675162
30072	0.0002247846149
30074	0.000322233048
30126	0.001527199225
30154	0.0003786044302
30402	0.0002017359285
30536	0.001381610426
30552	0.0005851397624
30615	0.00120400992
30817	0.001326021362
31039	0.0008012718797
31178	0.002352861716
31201	0.001719454875
31414	0.001129095577
31512	0.0009084102105
31656	0.00119334917
31844	0.0006281187939
32055	0.001197684524
32130	0.000299410403
32146	0.0002934944764
32194	0.0003627017154
32245	0.001764625864
32279	0.001094070553
32377	0.004152290503
32489	0.0009891465581
32502	0.0005038561859
32504	0.0006544839986
32520	3.405656162e-06
32548	0.0004803103607
32638	4.476273053e-05
32688	0.0003758043255
32865	0.001847628622
32952	0.002063031364
33031	0.001471220101
33140	0.000164849362
33150	0.0006583978823
33167	0.002367587801
33190	0.001609085973
33247	0.0001534918869
33339	0.001508128014
33487	0.0007928506453
33493	0.0005356036244
33630	0.001355699718
33694	0.0008489812037
33721	0.006461783351
33776	0.01106533821
33872	0.0009822210984
33915	0.0004094223896
34063	0.0002059544593
34206	0.0006874415161
34341	0.002372155178
34464	0.0003533479934
34760	0.0008874784568
34798	0.0003448780854
34926	0.0006054660982
35041	0.002149092553
35147	0.001392607947
35151	0.0002343654643
35247	0.001033907008
35405	0.000843538501
35500	0.0003766573586
35690	0.002167463471
35725	4.301437947e-05
35845	0.002188499821
35847	0.001268539122
35911	2.837753621e-05
36000	2.900158677e-06
36304	0.001115116731
36355	0.0007806950199
36405	0.0007668853157
36408	1.267875925e-05
36437	0.0009824344996
36522	0.000249693154
36658	0.0004190028808
36702	0.001759094639
36761	0.001714120903
37039	0.0003705871228
37044	0.0002878000562
37066	8.042521668e-05
37202	0.0007152326513
37267	1.986309224e-05
37331	0.0001750397687
37445	0.003201943459
37496	0.00156911581
37580	0.0006860060449
37621	0.0007771279584
37628	0.000812101713
37689	0.0002110473855
37860	0.0005346556314
37922	0.004956389017
38028	0.002003870584
38063	0.0008301325136
38072	0.001863254579
38416	0.0001564993851
38418	0.0005731927214
38463	0.0004468132301
38531	0.0002057866309
38642	0.0003631275494
38674	0.001829365679
38749	0.002260369341
38771	0.0006045865277
38810	0.005227005009
38934	0.001426990326
38950	0.0002477371782
38978	0.001306762707
39235	0.0007505785765
39429	0.0002162486142
39433	0.005963044275
39542	0.001169315803
39629	0.0002733198903
39649	0.0003990745335
39707	0.000296749879
39728	0.001135680117
39735	0.0004239179905
39871	0.0008434889355
39979	0.0002619430164
40027	0.0008737976569
40082	0.0002813026541
40482	0.0008452790136
40680	0.0005934568642
40716	0.001097577808
40819	0.0006435338903
40989	0.001244645852
41117	0.0002432253552
41143	0.001680885283
41267	0.0001060918482
41327	0.001207222762
41430	5.648627177e-05
41494	0.0006508417199
41798	9.844023777e-06
41823	0.001059906937
41836	0.0009144347561
41846	0.0003574403165
41881	0.001710202296
41968	0.0003511877191
42099	0.0001260603892
42124	0.0001467512522
42384	0.0008862248353
42404	0.0005937677899
42416	0.0005885604078
42483	0.000658985734
42548	0.0001117760246
42654	0.001216897808
42830	0.000522569372
42846	0.001278469782
42919	0.0003199352414
42951	0.0003614886828
43031	0.0001188405034
43049	0.003842922142
43063	0.0003232480411
43246	0.0009912590167
43311	0.000696459615
43412	0.0003457573187
43444	0.0008407035063
43627	0.00319007124
43738	0.001130265476
43742	0.00383480311
43755	2.04964595e-05
43785	0.0008035129345
43941	3.852569871e-05
44082	0.006421727438
44110	0.0001343646474
44141	0.0009055553622
44206	2.940336219e-05
44211	0.001250142652
44226	0.0009372733027
44228	0.0005753141034
44278	0.001902100532
44430	0.0008847556142
44582	0.0002650431144
44618	0.0002611993362
45139	0.0005167672411
45553	0.0004632521494
45607	0.0007436739899
45610	0.0005512622231
45612	4.593237708e-05
45643	0.006078989884
45696	0.0002991414496
45792	2.817721272e-05
46013	0.0001784209517
46078	0.000536503583
46125	0.0002242198625
46138	0.0001651917317
46169	0.0003971689451
46181	0.0004585421967
46314	0.0002537884807
46323	5.87425861e-05
46346	0.002216877682
46404	0.0009400062659
46520	0.0006474945271
46604	0.0006634506088
46784	0.0004919094198
46822	0.002303538045
46877	0.0009285760772
46921	0.0004703205396
47053	0.001347237819
47099	0.0006270905166
47325	0.0001980302922
47401	0.001035006946
47568	0.001037367606
47597	0.001115032421
47632	0.0005000399181
47757	0.0005415002756
47888	0.000228726902
47989	5.801482769e-05
47992	0.0004094096565
48023	0.0009069651564
48088	0.0009609683331
48107	5.302651546e-05
48188	0.0001263463559
48292	0.0004988612979
48295	0.0007881921518
48343	0.002291581664
48403	0.0004564335029
48448	0.0009292480317
48527	0.001361043481
48544	0.000151121332
48640	0.0006158620288
48718	8.617868986e-05
48734	0.001221815402
48765	0.0006991361402
48907	0.0004405196109
48935	1.51824595e-05
48994	0.0002268957519
49009	0.0003700868243
49210	0.0004943282204
49550	0.001933712943
49665	0.001488305019
49780	0.000445430903
49785	0.004071440662
49787	0.001443407848
49803	0.0009950171221
49844	0.0002437379962
50359	0.005428409179
50435	0.0005193053509
50503	0.0003026156592
50546	0.0002944178569
50547	0.0005852646873
50625	0.0008311991852
50695	0.001052525914
50915	0.0008527241257
50930	0.002872155356
51016	0.0008203600315
51132	0.0004996475375
51171	0.0004226927791
51231	0.001754044876
51330	0.002527039759
51420	0.0001572841394
51467	0.0003464875944
51492	0.001024290131
51507	0.0001355337952
51640	0.0009771200161
51764	0.004857406898
51778	0.0004976262675
51876	0.0002935474078
51991	0.00050032665
52016	0.0007102961926
52124	0.00160301037
52168	0.0009959788237
52390	0.0006673403406
52428	0.0006268603312
52469	0.0002013738764
52504	0.0003823028555
52522	0.001473704564
52579	6.002042607e-05
52965	0.00363181071
53156	0.0001321063142
53260	0.0002119816532
53265	0.0009176364148
53311	0.0005155103673
53334	0.000741956024
53427	0.0007879277489
53483	0.004966581096
53535	0.004738046074
53627	0.0006289086053
53840	0.000576245066
53881	0.001786815704
53920	0.0004862985302
53930	0.0003981782654
54162	0.0008078608427
54234	0.001144499169
54250	0.001507240643
54272	4.992434561e-05
54291	0.001298245093
54445	0.0009785696301
54552	0.0003609837405
54688	7.02749145e-05
54750	8.045212652e-05
54881	0.0001310968781
54910	0.0004402732475
54912	5.558634898e-05
54967	0.00184514026
54986	0.004221684923
55025	0.0007943381156
55168	0.0002019669125
55485	0.001857188328
55541	0.0002725350463
55632	2.002945826e-05
55655	0.000240581233
55749	0.002040576571
55805	0.005298040775
55840	0.001148103811
56188	0.0001789150149
56246	0.000712511048
56324	0.006478132231
56385	0.0002114443036
56457	0.000193604265
56635	0.0003852314566
56801	0.002113938941
56806	0.0006156115549
56992	0.003500952865
57172	0.0009411809623
57488	0.0004168805919
57504	0.001911655854
57548	9.683403101e-05
57591	0.0001419328366
57835	0.000236161313
57849	8.643092559e-05
58052	0.0001991341772
58128	0.0008480397775
58142	0.0007659703981
58181	0.0004073711988
58420	0.0007304332347
58501	6.888757309e-05
58563	1.566725133e-06
58569	0.0004137610718
58607	0.0005005718582
58657	0.001023402434
58696	0.0004607300958
58737	0.0009845732269
58756	0.0025324484
58887	0.001616432947
58943	0.0008122595847
59010	0.003412342032
59092	1.651729992e-05
59137	0.00521230031
59235	0.0007218894109
59345	0.0004010341214
59367	0.0007765304443
59377	0.00400760204
59388	0.001024851401
59451	0.0001792737855
59586	0.0005944037826
59591	0.00152747538
59628	0.0003652064633
59721	0.00230287729
59754	0.002912657428
59862	0.001109083318
59905	0.000482057599
60134	0.0003469686557
60164	0.0002364557087
60167	0.001809980167
60191	0.0001321232068
60203	0.0001055714617
60264	0.001022878669
60410	0.0003267036638
60573	5.104529456e-05
60737	0.001275380282
60767	0.01209871796
60779	0.003225260274
60906	0.001133796492
61060	0.0001442419842
61069	0.0002647597676
61177	0.0008548720715
61193	0.0004407499689
61213	0.001138026913
61358	0.0003563133431
61535	0.0004926132242
61595	0.0003009493399
61630	0.0001954516978
61689	0.005524187925
61698	0.001612455273
61717	0.007199753681
61729	0.001105848642
61933	0.003985078606
62121	0.001155380818
62317	0.000964688919
62409	0.0003635259009
62604	0.001156625972
63294	0.002370752913
63328	0.0001553630913
63350	0.0002678004766
63594	0.000161103505
63649	9.002129418e-05
63965	0.0002392898501
63969	0.0003331331001
64324	0.0007431864241
64448	0.00195792169
64533	0.0004160976648
64623	0.001000285348
64656	0.0004613220253
64739	0.0003910097704
64801	0.003258307382
65145	1.700575534e-06
65254	0.0007410623505
65273	0.001300560098
65293	0.002131459205
65522	0.0006968042511
65590	0.0003353509895
65633	0.000172149813
65744	0.0006333896711
65822	1.862684366e-05
65832	9.461652986e-05
66105	0.0001831690889
66166	0.0004067692793
66197	0.00111849021
66207	0.006028974126
66555	3.751729377e-05
66602	0.0003722004777
66645	0.003965785008
66768	0.00241361364
66923	0.0003714249167
66926	0.002079743825
67012	0.003107005775
67191	0.001098573345
67389	3.661502756e-05
67396	0.000354249192
67426	0.003657151267
67449	0.001085138101
67611	0.0001262925713
67630	0.0002597554074
67673	0.005118302086
67674	0.00329457211
67690	3.49044843e-05
67735	0.0007324162249
67820	3.193734892e-05
67970	5.902657756e-05
67995	0.0004400806797
68406	0.001307536694
68436	0.002997560619
68442	0.0004030138976
68616	0.0001182459296
68627	0.001380962541
68953	0.0002262276511
69015	0.001137230402
69067	0.006212132908
69156	0.0003279055797
69177	0.0002749968777
69210	0.0001600213417
69245	0.0002780060576
69247	0.003248188978
69277	0.0004420238888
69292	0.00125302234
69331	0.001938634603
69415	0.0009678044387
69453	0.0005411356637
69476	0.000919348568
69746	0.0003485182378
69779	0.0004446692868
69823	0.0003259349834
70078	0.0004525337353
70200	0.001074128509
70273	0.005257850269
70653	0.008988977233
70703	0.002534208454
70710	0.0001659749214
70721	0.001484283606
70881	0.0006469382796
71321	0.002751644296
71503	9.100245761e-07
71664	0.0001423518205
71665	0.0004531819916
71667	0.001126420382
71842	0.001136542263
71904	0.0007304779238
72025	0.001523102478
72101	0.001649631483
72152	0.005092049632
72202	0.001209652212
72299	0.0004940550972
72508	0.0008926505682
72523	0.000327883611
72632	0.0008858202573
72791	0.004603415075
73126	0.0003622189992
73255	0.0007119469123
73459	0.0002020552462
73467	7.658902254e-05
73529	0.0005468106646
73564	0.0009966546936
73631	0.0001026202549
73792	0.001301355552
74129	0.0002163801098
74178	0.0003220630215
74207	0.0004318902721
74333	0.0004135644732
74673	0.0005333535561
74828	0.002635651873
74830	0.0007178815041
75001	0.001050435286
75019	0.0003919905465
75044	0.001033585341
75064	0.0003393358809
75134	0.0129438728
75156	0.002500357849
75164	0.0002552535038
75316	0.00253058515
75351	0.001800415489
75366	0.0004637738413
75393	0.0004895605314
75473	0.0007522808677
75497	0.004491727122
75622	0.0003099031719
75635	0.0006723765014
75642	0.0006539465804
75704	0.0002002699894
75741	0.001244387523
75745	0.0002177168875
75790	0.0005429054955
75829	0.0002221993713
75855	0.001036647207
75969	0.000373012307
75985	5.787884351e-05
76008	0.004789550078
76192	0.002191496116
76305	0.0004625371046
76312	0.002173548686
76469	0.001760698109
76564	0.004178330134
76620	0.001961156695
76750	0.0004762184187
76919	0.0003152903277
76977	0.0005640075509
76982	0.0005766511649
77020	0.0006014752592
77075	0.0008436501228
77082	0.001329860493
77087	0.001310840697
77132	0.0006868726467
77176	0.0004647330453
77250	6.71394255e-05
77381	0.002921592266
77489	0.002049251209
77608	0.0009984759301
77642	0.005613455317
77719	8.134234806e-05
77838	0.002211216734
77876	0.000988640464
77928	5.371077796e-05
78005	0.0006658547275
78109	0.0001477946191
78132	0.0009757106934
78551	0.0005299569376
78570	0.005476100926
78591	0.0004066295383
78924	0.0002590949287
78930	0.0003515373669
79090	0.0004819507508
79127	0.0004825975483
79195	0.0006010163536
79421	0.001391270689
79573	0.002517549213
79589	0.002208939992
79672	4.385868783e-05
79707	0.0001146084204
79724	0.0009522757873
79834	0.001440761451
79884	0.007691153818
79925	0.0002124510018
80113	1.391784018e-05
80177	6.474762462e-05
80240	5.315894732e-05
80278	8.006845729e-05
80297	4.358166035e-05
80439	0.003765118622
80469	0.000492528759
80533	0.00148686733
80718	0.0008833215239
80720	0.0006769550748
80744	0.002244769369
80769	0.001216362203
80794	0.0007159408567
80931	0.0004326777778
80959	0.002010805495
80978	0.0007224234738
81090	0.0008919822131
81148	0.000460281378
81218	0.0008829921638
81224	0.002679459189
81332	0.0001825805538
81353	0.002743306359
81373	0.001112417993
81426	0.001337566417
81444	0.001550201373
81470	0.0007099123834
81477	0.0002483692082
81552	0.00148111396
81658	0.001758930532
81756	0.0001940247321
81774	0.000625862816
81851	7.285222396e-05
81879	0.00051645139
81955	0.00120518321
81974	0.001021889925
82011	0.0001387631896
82032	0.0007224207046
82165	0.0002193896928
82242	0.006413230731
82272	8.535143465e-06
82302	0.0001227208508
82405	0.0003930423502
82422	0.004572868414
82507	1.188586147e-05
82541	0.000721688153
82566	0.0006315042468
82655	0.0002692704001
82657	0.0004023276525
82787	0.0005206707712
82815	9.766093007e-06
82894	0.000131638533
83048	0.001383779198
83057	0.0008268637581
83133	0.0003173464315
83238	0.001232065127
83318	0.003164142871
83327	0.004418807065
83338	0.001077735183
83485	0.0004229374303
83512	0.0001425147489
83517	0.00100449935
83715	0.007288531209
83790	0.0009471984341
84063	0.0008249393232
84307	0.0002799746077
84530	0.003169551223
84738	7.228869416e-08
84743	0.005187730094
84900	0.0001607980034
84963	0.0006946064634
85078	0.001117956513
85131	0.002042443608
85140	0.001771968568
85209	0.000863468928
85317	0.0008064767839
85436	0.0007036284849
85470	0.0001618441107
85475	0.0008601701574
85496	2.768417947e-05
85514	0.0001726602238
85706	0.0001461754495
85754	0.0007152070371
85856	9.310027317e-05
85944	0.001503189815
85956	0.0006083590002
86026	0.0005963215008
86158	0.0009303881343
86250	0.001827149488
86256	0.00131851193
86301	0.0005392304882
86404	0.004132724281
86833	0.00134797242
86911	0.0002694225466
87161	0.0005818232464
87162	0.002864788055
87285	0.0003138062258
87352	0.001698124956
87444	0.002168213011
87868	0.0002654623921
87957	0.0001642147932
88073	1.718950592e-05
88082	0.003778586488
88344	9.80870645e-05
88370	0.001553858379
88383	0.001043929714
88399	0.0003818795324
88410	9.29639411e-05
88536	0.0001124309401
88603	0.0001853640751
88604	0.0009352372696
88689	0.0003611911225
88887	0.0007917811944
89007	0.0005710326977
89008	0.00115319106
89237	0.0005913451482
89261	0.0005178738111
89316	0.002760767809
89334	0.0007484207683
89388	0.0009654169062
89397	1.543061033e-05
89411	0.002053438197
89523	0.0008205887311
89649	0.0006867506568
89679	0.0009038528715
89721	0.0006870276505
89794	0.0004008294526
89795	0.0003734509875
89846	0.002220322403
89883	0.003283471781
89937	0.0001058903456
90027	0.0007030346568
90038	0.0005481551258
90060	0.0005353643369
90063	0.002406451231
90163	0.0002903477314
90378	0.0009363377264
90877	0.001428991831
90916	0.0003244338448
91142	0.000539146319
91213	0.0001648718914
91392	0.001374455048
91471	0.00370587281
91502	0.0007899936617
91524	0.00066810385
91626	0.0003347679856
91804	0.00301695501
91822	0.001611916233
92060	0.0008455541649
92081	0.0003291810234
92101	0.002181013617
92156	0.0001109207962
92295	0.001105665069
92331	0.001569030293
92507	0.003554771003
92573	0.00243888149
92574	0.001221265686
92627	0.00427149445
92656	0.0001393099892
92722	0.001918365238
92834	0.002699212073
92865	3.751108922e-05
93050	0.001753404327
93111	0.003676832918
93309	0.0006826391623
93504	0.002113704076
93838	0.002048913315
93846	0.001469233208
93853	0.0005378955045
93910	0.0002881394891
93955	0.0001059334844
94100	0.0004518762196
94216	0.004104364741
94274	0.005482210131
94313	0.0003405986713
94455	0.001712297278
94515	0.001272764413
94631	0.0006758795561
94711	0.0008187469558
94822	0.0002499932914
94926	0.002040435314
94977	0.001229581279
95048	0.001527293361
95082	0.0004997223865
95103	0.0003029950486
95106	0.0001960056019
95114	0.0002602738539
95141	0.0003315095448
95172	0.0008074265438
95226	0.0001213497915
95402	0.0004210456135
95421	0.001226990907
95728	0.0001630413299
95908	5.765733663e-06
96120	0.003561328434
96311	0.000848038848
96428	0.001537490604
96465	2.903839516e-05
96600	0.0007325714391
96753	0.0003713329353
96870	0.0003931667505
97071	0.0002678245359
97097	0.000353384411
97197	0.004993804163
97206	0.0008613413356
97220	0.0011066259
97291	0.003480371123
97407	0.006851199663
97431	0.00128990943
97694	0.001504537266
97742	0.0001720474418
97823	0.0006473368105
97912	0.0004914827684
97919	0.002522955582
98023	0.004444998147
98111	0.0027115656
98115	0.0003488500512
98208	0.004284691657
98226	0.0004216212721
98227	0.0002976169992
98259	0.001323630637
98279	5.319442922e-06
98295	0.0007024527709
98310	1.788602452e-05
98420	0.002360847602
98597	0.0002135522736
98787	0.01042477913
98883	0.001189127899
98955	0.0004333223964
98982	0.001637864488
98989	0.0002875061642
98995	0.0004123741648
99067	0.0009066585602
99200	0.001184375168
99232	9.283333763e-05
99245	0.001293334064
99268	0.002218327776
99296	0.002622953083
99307	0.001446343938
99369	0.0002463646524
99414	0.001201301437
99421	0.002012416639
99444	0.001616639955
99676	0.001154847488
99734	0.0004549233283
99844	0.000241435287
99870	0.0006913489233
99957	0.0001276569305
100001	0.003691149397
100050	0.000529737551
100084	0.001270600871
100154	0.0007420910496
100173	0.0006598226981
100422	0.002305964814
100501	0.002467484047
100587	0.0007338881145
100614	0.0001115634922
100617	0.0001686941423
100693	9.809394086e-05
100923	0.0002442106277
101229	0.0003017359009
101344	0.001538407426
101530	0.000434561615
101570	0.001539717959
101574	0.0002840590517
101690	0.0005253929499
101983	0.0002186361301
102237	0.0008593158903
102276	2.243761238e-05
102277	0.001265400202
102330	0.0004804570321
102343	0.002770651855
102412	0.0009023133493
102475	0.000192388033
102744	0.0001688380753
102759	0.0001604831176
102938	0.0002452468672
102977	0.0004791849423
103151	0.0004784399706
103269	0.0004188571331
103307	0.0002991033023
103350	0.001057707798
103424	0.0001847112788
103689	0.0005387596096
103966	0.0004280154412
104144	0.0002967554393
104153	0.0002714666808
104155	0.001481211869
104185	0.002111048886
104260	0.001534803788
104383	0.002076585625
104395	0.0001878929511
104406	0.006556677333
104457	0.001327170258
104480	0.001441305954
104514	0.000221065541
104528	0.0002642276765
104620	0.001208258735
105059	0.0002376063752
105090	0.0005573061771
105150	0.001932529671
105595	0.003941446554
106047	0.001027380562
106057	0.0008631082664
106171	0.001067432537
106211	0.0005391765366
106241	0.001501754224
106320	0.001394768656
106343	0.0009404339304
106362	0.0007076296816
106677	0.001549624364
106690	0.0008815330275
106796	0.0011018444
106822	0.001028041624
107121	0.001509470358
107173	0.0008137892484
107244	0.0003275017025
107382	0.001428616049
107616	9.386985056e-05
107622	0.00154356316
107791	0.001443773783
107933	0.00022621372
108049	0.0005128402161
108106	0.0003918305325
108134	0.002606839935
108152	0.0001089597753
108196	0.0001903571559
108283	0.0004383666246
108310	0.0006766842703
108385	1.915013155e-06
108400	0.000892494073
108533	0.001671069468
108823	0.002524370749
108888	0.002553814433
108951	0.0007221513201
109134	7.561315887e-05
109164	0.0002943780319
109216	0.008017935611
109268	7.395343678e-05
109327	3.346237197e-05
109340	0.001227503938
109396	0.000801527608
109398	0.0002146459458
109466	0.0002041859102
109539	0.0005742649898
109689	0.002675089495
109760	0.001448818171
109787	0.0004462391653
109919	0.006609651847
109969	0.001107702784
109972	0.0009815237684
110714	0.000377091566
110738	0.001823130772
110850	0.000761320977
110866	0.0006942743762
110998	0.005414613393
111071	0.0007368918843
111139	0.0002821534702
111286	0.001846439573
111545	0.000724621567
111548	0.0006819335918
111585	3.241138119e-05
111684	0.000329200391
111837	0.0002418186278
112026	0.0005705223136
112081	0.0003506883125
112086	0.0002957909401
112098	5.582972919e-05
112227	0.0005508119599
112310	0.001132994988
112444	1.604739501e-05
112552	0.0001204801627
112706	0.0007552187261
112799	0.0001926887705
112806	0.006284677795
112989	1.37640381e-06
113008	0.0007227779541
113050	0.001561344246
113265	0.0007685562497
113329	0.0002102865077
113365	0.0003107837808
113535	0.001027049317
113616	0.0003397637022
113621	0.0004780540444
113641	0.0003294714059
113658	0.0001462084721
113778	0.001773887048
113885	0.007743120136
113947	0.002619492613
114122	0.0002861602994
114153	0.0009479449142
114534	0.0008879871346
114577	0.0001398114386
114631	0.001140916137
114663	0.0004411796839
114699	0.0008687514296
114740	0.0001788350852
114745	0.0008374030071
114767	0.0004285250295
114821	0.0001509177812
114824	0.0005579714703
115144	6.467248238e-05
115206	0.0005041074819
115229	0.0006652962
115242	0.001156802829
115518	0.000753452595
115562	0.0003046799227
115593	0.001159908609
115599	1.096262836e-06
115665	0.001854661519
115678	0.000339700511
115865	0.0005139541392
115912	0.001087444408
115930	0.0001724256889
115968	0.002366725904
116059	0.0006518840131
116178	0.0004894366362
116243	0.0009016792363
116287	0.0009931809483
116338	0.0008126841748
116395	0.004597631536
116409	4.658757673e-05
116477	0.003486860162
116495	0.0007051589899
116637	0.0001638126799
116650	0.004189269955
116691	0.001147836631
116726	0.0004864155839
116860	0.001910452726
116913	0.0007582534742
116933	0.0001078545632
117061	0.0006374892336
117102	0.000970848393
117118	0.0003812036649
117125	0.0004777416863
117294	0.001581724112
117313	0.0008791152888
117325	0.001632051373
117429	0.000827011213
117431	3.489962507e-06
117539	1.916091619e-05
117586	0.0003408072773
117611	0.0001298721412
117708	0.00123254958
117900	0.00280917408
118243	0.0007534515491
118341	0.003308705552
118360	0.0005166911076
118692	0.0001961579745
118705	2.875326469e-05
118725	0.002416558712
118754	0.00447408649
118948	0.001104525346
119060	0.0002585498363
119066	0.0005608589308
119152	0.0009401909485
119186	0.0006255080145
119297	0.0001563032745
119365	0.001374490765
119727	0.0005101827499
119958	0.00113784798
120037	0.001359012081
120101	0.0001422905993
120196	0.0002533996135
120225	0.001429756264
120483	0.0005723854584
120618	0.001564793374
120656	3.896145996e-05
120729	0.000178472563
120835	0.0002453018794
120840	9.332314117e-05
120944	0.0006187099577
120990	0.0007441532396
121139	6.317770045e-05
121221	0.0008773164238
121288	0.001102652703
121369	0.0004389970722
121509	0.000134827009
121557	0.0003740921573
121582	0.0004778433784
121882	0.0006503985757
121897	0.0008451892778
121947	0.0005772685998
122019	0.005574372754
122035	0.000374416532
122093	0.002333545852
122311	0.001010811327
122532	0.0007281168725
122547	0.0004577531741
122647	0.000648959517
122811	0.002266340938
122887	0.00121565
122947	0.0005948490652
123030	0.003292292894
123055	1.089669814e-06
123109	0.0007999142143
123192	0.001484683021
123291	0.0005043337896
123339	0.0004274290414
123381	0.001449314908
123419	0.002183347602
123451	0.0036905575
123518	0.0001945850423
123558	0.001513617577
123879	0.0006787743513
123930	0.001881939092
123942	0.002730330334
124093	8.746761554e-05
124113	0.001685305288
124154	0.0005978780219
124255	0.0004056626145
124406	0.0001812645217
124425	0.002664041669
124474	0.0005185397059
124489	0.01031052341
124646	0.0001533095614
124685	0.001721248744
124702	0.001849170765
124738	1.773794733e-06
124745	0.00515654765
124800	0.0009031138312
125099	0.0009686282851
125124	0.004429846827
125188	6.524023262e-05
125254	0.0002701510855
125346	0.0002297999955
125394	0.0002302796055
125400	0.0008003341118
125463	0.0003482669475
125478	0.0001067493687
125530	0.001764334422
125803	0.0005162561359
125822	0.0004606048423
125823	0.0001675127858
125840	0.0008791417725
125879	0.0007001124777
125881	0.002615622867
125981	0.0001760110063
125992	0.001458730244
125999	0.001818400814
126064	0.0005254070459
126075	0.001401570567
126087	0.009047980314
126143	0.0003304439749
126147	0.001378775127
126200	0.0006166926758
126319	0.000652927143
126335	0.001081499596
126342	0.00100964618
126362	0.000435671331
126631	0.001177801698
126637	0.0007450663244
126783	0.00178287343
126825	0.005791010925
126867	2.938843322e-05
127025	7.106582123e-05
127035	0.0002900637765
127104	0.0008735051273
127114	0.001074541499
127188	0.0009021379536
127190	0.001347003429
127223	0.0005182005067
127237	0.0009969838429
127259	0.001205831681
127292	4.012147833e-05
127306	0.0001756640479
127504	0.001385928461
127532	0.0002720184444
127568	0.0003011083553
127605	0.002315633292
127646	0.0006519295577
127718	0.0006885877778
127857	0.001365579945
128126	0.0002148331989
128170	0.001045053416
128244	0.0004289615988
128379	0.000113194373
128615	0.000584183448
128688	5.722213742e-05
128696	0.0009102235301
128743	0.00047917385
128772	0.0001904700625
128930	0.0007107744339
128967	5.931410167e-05
129048	0.001510305171
129298	0.001415933552
129464	0.00226412725
129531	0.001772812355
129666	0.003196276313
129673	0.001914322728
129820	0.0004030512735
129902	0.0003744360746
129966	8.795804199e-05
130073	0.0008662744687
130118	0.0001444060393
130564	0.0005555207804
130923	0.0001931316414
130933	0.0006722122156
130975	0.002772494781
131114	0.0005682164224
131132	6.764088816e-05
131134	0.0006230578927
131262	0.002527776268
131418	0.0002943925184
131498	0.0007595717336
131504	0.0002570817237
131604	0.0003579067253
131675	0.0002371485592
131733	0.0006085246272
131783	0.0001959791598
131969	0.00239591583
132165	0.001819614985
132221	5.700327681e-05
132223	0.0003490368537
132359	0.001249330105
132380	0.0007456564608
132434	0.0005401680836
132481	0.0001051874172
133001	0.00019248239
133023	0.0001575201844
133128	0.002228736397
133196	0.0002381324001
133485	0.001559799835
133529	0.0016369056
133691	0.002081160681
133828	0.006970338014
133870	0.001375730334
133927	0.001008546749
133992	8.155933268e-05
134009	0.0008645612936
134021	0.002767053509
134063	0.000599955101
134071	0.001786240597
134180	0.001121383054
134279	0.0006157874784
134382	0.001503864976
134433	0.001156550445
134522	8.686958955e-05
134574	0.0003348602651
134604	0.0005749783604
134667	0.002067964445
134744	0.001845361702
134800	0.0005832664969
134911	0.0007292336557
135008	0.0007968409662
135085	0.0007698416628
135115	0.0007233537802
135400	0.0002975550952
135455	0.0005975443182
135549	0.0006090839015
135611	0.00643048211
135616	0.000818287893
135859	0.002359523844
135985	0.0003301417513
136174	0.002229010659
136186	0.0003828549002
136355	3.697171982e-05
136426	0.0004471349423
136453	0.0005025068383
136548	0.0003960424706
136665	0.002615830201
136690	8.966034571e-05
136738	0.001474750028
136900	2.538443694e-05
137156	0.0009741422022
137195	0.000673864592
137413	0.0003595280424
137416	0.000612030303
137511	0.000140362924
137619	0.0002322891634
137666	0.0007461925327
137678	0.0006704315879
137695	0.0007502837227
138039	0.0005571111423
138126	0.0008279986441
138153	0.0004038971083
138162	0.0006928271309
138176	0.0003366007714
138231	0.007192300893
138513	0.0005134318795
138521	0.00309742324
138664	0.0006884774961
138722	0.0004874960843
138844	0.000292140886
138880	0.0002355486098
138931	0.0006017660511
139027	0.00165848422
139063	0.005241513754
139091	0.0008035704601
139258	0.004776375379
139302	0.0008027718647
139382	0.00171153515
139507	0.0005296178898
139514	0.0006764208028
139550	0.0006318404157
139566	0.003390108812
139590	0.0006726239206
139622	0.001528583364
139720	0.002411613647
139804	0.0004701336285
139824	0.0002367678161
139854	0.001053543151
139978	0.0005921234567
139979	0.0003381863917
140063	0.001141786886
140456	0.0002391409399
140566	0.0001991776835
140885	0.000183667301
141184	9.87918853e-05
141279	0.001357325107
141768	0.001050033069
141943	0.0008359513812
142032	0.0007137195421
142047	0.0003837975667
142068	0.0003338719106
142250	0.001195827654
142385	0.0007292868647
142393	0.0002269183526
142440	0.0003818833921
142706	0.002228384512
142963	5.657290626e-05
142994	0.0004188362735
143104	0.0001596582954
143180	0.0008035868177
143208	0.001407378663
143444	0.0004873022451
143452	0.0007268382019
143512	0.0011941271
143521	0.008269039745
143919	0.0006856915532
144148	0.0004102528292
144378	6.236007285e-05
144380	0.0012810471
144525	0.0007210131239
144581	0.0007520299875
144584	0.0002228308214
144645	0.001659929896
144706	0.0002251550967
144717	0.002281346255
144802	0.0006558220927
144806	0.0001352350921
144929	0.001688586935
144961	0.002320613532
144993	0.0007400039205
145199	0.001118928017
145211	0.0006064286712
145223	0.001783656527
145228	0.002729604371
145349	0.0004924317355
145566	0.002490991322
145597	0.0001738198113
145605	0.0004625293137
145625	0.0005058985008
145641	0.0003500453925
145655	7.136175685e-05
145688	0.00100787483
145694	0.001578728241
145721	0.0006782104132
145815	0.0005812874773
145932	3.299180982e-06
146104	0.0002340304832
146136	0.0005325070013
146311	0.002519504974
146347	0.0005305451293
146422	0.0007026240378
146508	0.0006830578054
146589	0.000498070281
146698	0.007964493138
146751	0.002312715399
146840	0.0003320367251
146844	0.002361252636
146905	0.002414329366
147068	0.001106727201
147091	0.0004883658875
147129	0.0009551541331
147325	1.117182254e-05
147353	0.001171109803
147400	9.650357169e-05
147452	0.000298845706
147602	0.000644647017
147754	2.108432754e-05
147917	0.001321903089
147973	0.002549245865
148095	0.0006438910514
148175	0.0008405352631
148264	0.005709780131
148306	0.00273351721
148401	0.0006897134256
148548	0.0006985180873
148584	0.0004411489233
148615	0.000539866247
148672	0.0003879351151
148687	0.0006000395798
148939	0.0005883839313
149039	0.0001176831734
149130	0.002819792947
149134	0.0006818697328
149172	0.0009079388559
149223	1.885879417e-05
149230	0.001947963052
149533	0.001834761131
149589	0.0004673203866
149626	0.0004031054371
149709	0.0007574379687
149760	0.00140202536
149830	0.001089978008
149950	6.713251261e-05
150014	9.258367375e-05
150061	0.0003932095278
150187	2.837682223e-05
150271	9.534545813e-05
150274	0.0004564118807
150484	0.005813025082
150551	0.0020897294
150645	0.001472960757
150652	0.00264775834
150654	0.003286912957
150674	0.0001632185707
150708	0.0001413870082
150736	0.0001661707343
150757	0.0002085773829
150791	0.0006558756222
151092	2.038325806e-05
151185	0.004329478805
151275	0.002015955332
151546	0.001010900776
151587	0.0003349867269
151723	0.0004118328127
151732	0.0003847976684
151786	0.002963466413
151900	0.004997158884
151923	0.0006671053912
151975	0.005225292952
152122	0.0008439468696
152168	0.0050395876
152265	0.001399079472
152334	0.0003028805091
152340	0.0002020001549
152348	0.0008911376071
152432	0.001801572326
152449	9.802661546e-06
152764	0.000401190208
152785	0.0003442066042
152834	0.0003787632093
152853	0.0009467593703
153177	0.00225268633
153199	0.00102429297
153423	4.585867859e-06
153460	0.0006166523138
153604	0.001071681424
153732	0.001232771121
153848	0.0004575778856
153870	3.593635216e-05
153936	0.00302098352
154018	0.001732118444
154044	0.000817344591
154067	8.900851445e-05
154068	0.001926038546
154132	0.001015529827
154143	0.0002688787764
154190	0.002014416185
154346	0.001528410139
154363	0.001094369664
154527	0.002530871971
154681	5.589710363e-05
154760	0.001343508737
154892	0.0002123293464
154903	0.0008063418237
154984	0.0002436663859
155070	0.001332655414
155110	0.0009929482207
155132	0.0002647852249
155228	0.0009923600432
155231	0.004114815624
155267	0.0006619048527
155443	0.0001539970849
155671	0.00114330636
155694	0.0003113921611
155885	0.0004126925845
156127	0.0002242076244
156293	0.0003928756493
156314	0.0008310133596
156340	7.816247478e-05
156354	0.001606310446
156631	0.0008410907603
156667	0.0004005126318
156674	0.0007818182252
156706	0.0008499305429
156784	0.001867412753
157014	0.005366440061
157136	0.002621146343
157414	0.000502926157
157416	0.0009309936743
157481	0.001183681784
157482	0.0009358970913
157620	0.001683979827
157641	0.001007954391
157710	0.002838166856
157790	0.0006245405203
157843	0.0006808964799
157864	0.0009343418931
157950	0.0003134438407
157989	0.0008252999046
158062	0.001742210414
158211	3.242875201e-06
158401	0.001128452381
158476	0.008728207567
158479	0.001438539693
158570	0.001317471655
158664	0.002277612037
158759	0.0002311345056
158794	0.001244621225
158849	0.0008851846349
158895	0.0007173539782
159093	0.001045429442
159107	0.001641321403
159121	0.000365510393
159212	0.0006130285178
159299	0.0008044121375
159320	0.0003873631358
159555	0.0005584025129
159648	0.000432294882
159683	0.0006683615958
159704	3.67308496e-05
159711	0.0002876429852
159891	0.0007832651461
159893	0.0001101025715
160014	0.000484758115
160060	0.001298310939
160154	8.008868967e-05
160321	0.002895594197
160430	0.0003422548531
160432	0.0002962009676
160507	0.002385572252
160606	0.0005766400094
160704	0.000284206341
160735	0.0006011124992
160850	9.187261894e-05
160886	0.0002242289816
160918	0.001304050616
160970	0.0005172947602
161061	0.0006640245284
161063	0.001820144072
161149	0.0003355746527
161151	0.0005363767676
161169	0.0003819022743
161204	0.0004091978982
161237	0.002392038473
161294	0.004189076468
161318	6.809007545e-05
161360	0.0002723253766
161556	0.0004325765681
161615	0.001583456285
161748	0.0001974616713
161982	0.0001692517836
162191	0.0005022283241
162268	0.0005840993932
162278	0.0004665904474
162445	0.006478894616
162530	0.000960919058
162653	0.0002821386371
162681	0.001107886175
162715	0.0001202004979
162725	3.172131592e-06
162821	0.008959577486
162929	0.00117554764
163121	0.0003829249821
163129	8.75037537e-05
163154	0.002113940447
163229	0.001216899658
163365	5.062785825e-05
163454	0.001498811667
163603	0.001760976792
163715	5.087407299e-05
163792	0.0004160732101
163858	0.0005688219914
163869	0.0001284951713
163944	0.001354126931
164069	0.001190807435
164147	0.0004945096508
164205	0.002960472967
164286	0.002537031327
164337	0.0004344749785
164455	0.0002654002501
164512	5.702202352e-05
164517	0.004293728725
164532	0.001956650728
164567	0.0008548632819
164610	0.000624845884
164685	0.0005819202597
164717	2.593459161e-05
164765	2.55459851e-05
164933	0.0006697915917
164981	0.000682743302
165140	0.002104987926
165258	0.006418773683
165305	0.0003054925948
165356	0.001252859007
165387	0.002553688005
165464	0.0001468401792
165473	0.005580458733
165479	0.0003543622441
165509	0.001239671698
165604	0.0003829398213
165673	0.001611437583
165690	0.0005529891269
165747	0.008750147242
165810	0.0007462793233
166010	0.0001881485097
166060	0.003740344835
166131	0.001956900074
166196	0.000998864376
166491	0.001170738874
166499	0.0005372667006
166508	0.001899104999
166554	0.003361075564
166594	0.0006235570611
166675	0.0004807592321
166761	0.0008446414984
167012	0.005805062442
167659	0.001916774846
167733	0.002017716524
167899	0.001227434274
167983	0.0007334587045
168053	0.0003939218372
168224	0.003318308989
168256	0.004018134483
168274	0.0006788209156
168279	0.0008322459779
168329	0.0002673907311
168454	0.006126048508
168529	0.00137543051
168717	0.0002150020447
168776	8.04762025e-05
168816	0.0004323214772
168830	0.0005535838641
168969	0.001728552038
169003	0.0007947694202
169130	0.0005250359777
169171	0.0003481429869
169282	0.001538355759
169340	0.001792778415
169492	0.0004866376925
169650	0.001581798853
169715	0.004889706786
169771	0.001091352844
169821	0.0005938673842
169823	0.0005977952182
170051	0.001447314095
170208	0.002940019581
170305	0.002808396796
170315	0.0005250958056
170362	0.0002958673427
170426	1.509053337e-05
170633	0.0006978867085
170828	0.0006629987092
170857	0.0004574702375
170878	0.0006888730037
170958	0.00450176365
170959	0.001933042036
170977	0.0009330681729
171000	0.0001604690465
171029	0.0007450407194
171309	0.00153204866
171492	0.0002414102505
171549	0.0009988610716
171798	1.376333827e-06
171846	0.00127179922
171960	0.002861845772
172012	1.661922567e-05
172073	0.0002813011845
172103	0.0003582669748
172228	0.0005646547675
172276	0.0003441532786
172290	0.0006323563251
172477	0.002070329319
172616	0.0005336465919
172733	0.0007197078328
172768	5.555784049e-05
172808	0.001179605252
172820	0.0004136645398
172901	0.001051256673
173005	0.0008077667191
173074	0.0004284151423
173175	9.045228248e-05
173231	0.002245853952
173237	0.001071405093
173317	0.0005161298335
173320	0.0002616964353
173334	4.532444492e-05
173380	0.002108802145
173483	1.61527616e-05
173561	0.001640046442
173563	0.003245296742
173602	0.001061300656
173762	0.0007195977484
173855	0.001672695936
173913	0.001097871619
174108	0.001705819089
174207	2.063864915e-05
174388	0.0003239694114
174608	0.0002526135774
174653	4.539401658e-05
174683	0.0003839920162
174746	0.001018110929
174871	0.00213591842
174916	0.0007770329614
174973	8.552278984e-06
175052	0.00269415193
175084	0.0006692249333
175148	0.003616265928
175197	0.001584416966
175241	6.538085682e-06
175521	0.001076955705
175545	0.003019844789
175586	0.0003929006432
175598	0.0006826589805
175692	0.001033407924
175797	0.0005057997164
175854	0.002811959576
175917	0.0006772416189
175970	0.003089907466
176006	3.989896222e-06
176127	0.0003911053448
176223	0.0005704117999
176301	0.0003630169343
176359	0.002672132849
176559	0.0002090945076
176717	0.001055926388
176780	6.462237561e-05
176782	0.001139167385
176795	6.825584402e-05
177194	0.001107135163
177423	0.001658138245
177449	0.003195700041
177490	0.0006512888792
177538	0.0080427933
177793	0.002263681856
177860	0.0002885086164
177897	0.001160147408
177957	0.0002351241907
177981	0.00297750932
178007	0.0007416203452
178042	0.0004402073435
178210	0.0004892192569
178264	0.001460300323
178343	0.004981615313
178395	0.001478267868
178534	0.0002700818324
178588	2.251350236e-05
178627	0.0004522022391
178718	0.0005137226256
178805	0.0002790227569
179030	6.217315127e-07
179096	6.337234548e-05
179297	0.0001226029666
179513	0.0002163086629
179681	0.0004620210031
179792	0.001854104427
179825	0.001730869086
179837	0.0007702074747
179959	0.0005623681917
180080	0.001451540618
180137	0.003682948289
180240	0.0008615062232
180378	0.0003325066569
180700	0.000230043403
180794	0.004117892499
180941	0.0005059566113
181049	5.29547052e-05
181078	4.151372308e-05
181098	0.002265751592
181172	0.0001542086724
181222	0.006688191992
181224	0.001494384127
181234	9.197300938e-05
181265	0.0002949194013
181412	0.0003183699664
181472	0.0001133388466
181525	0.0007707449719
181626	0.0001367664933
181667	0.0005858044489
181734	0.004065530746
181863	0.0006752311286
181913	3.221850458e-05
182204	0.0004925173044
182617	0.001166168944
182618	0.0002461282007
182692	0.0004535889756
182757	0.0006768777564
183010	0.0008150787099
183015	0.001145769088
183028	0.001197734475
183247	0.0004522641872
183542	0.001823732172
183644	0.0002042901281
183657	0.001048143004
183671	4.129570231e-05
183940	0.0009879304503
183992	0.001202784355
184229	0.0002712913896
184235	0.0008707995497
184525	0.001968155154
184560	0.002987642722
184567	0.0003349596315
184611	0.00128351977
184802	0.0004716702215
185046	0.002254476838
185052	0.0002292212744
185133	0.000110612018
185388	0.0008819028404
185453	0.0005866727871
185471	0.0002263649106
185549	0.001990753187
185696	0.001137357961
185768	0.001321829344
185842	0.0008599583039
186038	0.0006510302199
186050	0.0009878199251
186226	0.0006250690308
186287	0.0004406418471
186480	0.0005602654597
186542	0.0001267083668
186689	0.0001258932946
186809	0.001976028764
186933	0.0004350517962
187076	0.0009278525496
187114	0.002303804468
187131	0.005485918532
187195	0.0009285013005
187444	0.0005072254007
187464	0.001106427646
187509	0.001131266036
187520	0.0002096078443
187558	0.000189490489
187611	0.0004638561776
187684	0.004410812692
187723	0.002451533087
187831	0.0009111832242
187850	0.001520578028
187858	0.004168939863
187861	0.001243457838
187879	0.003419407864
187904	0.001343700703
187945	0.0005621932978
187957	0.0009268130343
187994	0.001230365649
188000	3.597903419e-05
188008	0.0009936498767
188125	0.0002823178281
188127	0.0005814405557
188211	0.0002487145344
188315	0.001147792112
188316	0.001647864302
188496	0.0006967406448
188567	0.006565698637
188620	0.0001044424824
188843	0.0005328582688
188856	8.559865497e-05
188985	0.0005054568048
189205	0.0003748817767
189357	0.003793346017
189372	0.001837043903
189506	0.003357565859
189544	0.0004247230684
189545	0.001162770943
189655	0.003578913749
189694	0.0003332510674
189785	0.0003535131955
189788	0.001419188874
189818	0.0007564264117
189824	0.004352798291
189990	0.0008877757545
190020	0.0009246222012
190023	0.00201455798
190060	0.0004961057258
190069	0.0001193945838
190263	0.001157936718
190330	1.115493577e-05
190340	0.0006755051303
190360	0.0009519125776
190410	0.0002838069975
190713	0.0007422595926
190840	0.001497671852
190876	0.007630771629
190937	0.0007475245765
191003	0.001105596515
191050	0.002005338079
191208	0.001144997221
191453	0.000126530176
191456	0.0006689246354
191522	2.025933155e-05
191919	9.541783512e-05
191925	0.0002202519203
192052	0.00145517897
192199	0.001792658708
192224	0.001426211705
192305	0.001586275687
192360	0.00122373805
192410	0.0004226539885
192616	0.002159231622
192760	0.0007385362222
192795	0.0001082329148
192955	0.0005508790519
192957	0.004756782958
193015	8.887116784e-05
193044	0.002044329155
193241	0.0007756439948
193261	0.0007479333581
193277	0.0001463016143
193289	0.0003537582647
193436	0.0003487093555
193452	0.001184709441
193550	0.004606223054
193674	0.001953840037
193914	0.0004898920192
193959	0.001611371861
194007	0.0002759016073
194201	6.72263709e-05
194217	0.003294135759
194515	0.0022470054
194563	0.007172652844
194680	0.0004395616945
194782	0.002682060472
194839	0.001322847711
194917	0.0009472137419
195042	0.0004556291651
195132	0.001616221792
195215	0.0001712514693
195242	0.0009326925372
195358	0.001095951117
195460	0.0007385616382
195486	0.001288485786
195567	0.0002768784136
195572	0.0001175882113
195692	0.002953898946
195809	0.0005297546367
195929	6.836226899e-05
195957	0.0008145409458
195965	0.001089588652
196042	0.0005949746309
196264	0.001865910089
196275	2.847495589e-05
196305	0.0006219599107
196308	0.0003558786643
196403	0.0004931435399
196407	2.253165252e-05
196883	0.001239920307
196889	0.002768326163
196923	0.002040486025
196928	0.001001514036
197072	0.0005866245443
197200	0.0003350471057
197217	0.001224774113
197354	0.001163249489
197432	0.003604413307
197600	0.001541713773
197648	0.01359343974
197689	0.0002985296889
197703	0.0004167177343
197777	0.001826461559
197816	0.002110799318
197936	0.0003445501896
197960	0.0006415616707
198054	0.0008696509931
198103	0.0004645876951
198227	0.0007743894712
198300	0.001139134402
198310	0.001443639706
198442	7.671578861e-05
198510	0.001159325913
198549	0.0001799838917
198613	0.001293614049
198742	6.120974231e-05
198770	0.000253153678
198771	0.001184821278
198867	0.0007393843111
198877	0.0009993224773
198937	0.001372121912
198946	0.004630627759
199006	0.0003820665934
199042	0.0004466900537
199128	0.0001696540471
199135	0.0007255651716
199164	0.0004614984231
199275	0.0007555063644
199375	0.002062297977
199389	0.0001831352827
199479	0.000110887828
199791	0.001309027995
199941	0.00329911466
200281	0.0005286959401
200305	0.0004949963236
200457	0.0005879995384
200519	0.004560147125
200606	0.001298786459
200684	0.0002360358285
200946	0.004144390616
201028	0.0003690440951
201361	0.0005098430576
201374	0.0006228491068
201515	0.002410267234
201528	0.002500651586
201987	0.003084270318
202019	0.004270726728
202183	0.001023203975
202820	0.004628207876
202853	0.0007894435344
203045	0.0008842501821
203078	0.009531824046
203169	0.0005240489136
203253	0.0007962888256
203538	0.0006877271404
203539	0.0003996090629
203576	0.0005291787802
203738	0.00136971471
203795	0.003940604173
203802	0.001630943755
203909	0.000685154936
204030	0.0004857295122
204238	0.0005690847113
204370	8.222501852e-07
204666	0.002235848168
204806	0.0003311005746
204954	0.0008890511916
204968	0.0001812305574
205022	0.0004116334822
205083	0.002656622654
205110	0.0006253847821
205200	0.001242896267
205258	0.0009733435585
205281	0.001143278267
205299	0.003636115165
205352	0.0005023126085
205361	0.001167210508
205450	0.0002359151434
205553	0.0002658720214
205752	0.0001386081396
205875	0.001478281878
205897	0.003428147603
206004	0.0009398842113
206076	0.004421188673
206120	0.0003771020772
206145	0.0009541134468
206223	0.0006226428739
206273	0.001343104969
206330	0.0003394616789
206353	0.0005223400759
206510	0.0006872277969
206605	0.0003032218489
206629	0.0006619943895
206660	0.0008509396771
206971	0.001208821243
207008	0.0003259109726
207032	0.001427534244
207147	0.00140396372
207151	0.001532443563
207165	0.00854320455
207259	0.0004450774445
207268	0.0001689548839
207372	0.001544136964
207502	0.002508295883
207572	0.0002775424191
207604	0.0001291500412
207671	5.834479097e-05
207679	0.003439599446
207813	0.0002359105683
208052	0.004612358501
208083	0.001193167615
208097	0.0009376922293
208181	0.001050505626
208258	0.0001239397089
208364	8.711565957e-05
208472	0.008653208306
208479	0.0002466287052
208652	0.0006465894069
208742	0.0007872005074
208753	0.0003672806666
208951	0.0004032760838
208963	0.006583209381
208968	0.002008012762
209024	0.0005696433553
209190	0.0007172802789
209319	0.002823585995
209346	0.000517988414
209366	0.0006893816637
209463	5.754327146e-06
209482	0.0001509628892
209518	1.230237034e-05
209695	0.0002070983048
209899	4.021349398e-05
209912	0.001208393149
210006	0.0006274282139
210010	0.0001632022017
210302	0.0008505511833
210535	0.0008142229832
210942	0.002327343579
211353	0.0002807490052
211612	0.001321893673
211675	0.003710577714
211681	0.002399467303
211775	6.950915369e-06
211794	0.0003619199759
211935	0.0003288809006
212056	0.002212349417
212390	0.001756552024
212439	0.003834112624
212527	0.0008867107137
212529	0.0008573638036
212556	0.0009257036439
212617	0.000866479026
212648	0.002492467488
212679	0.0003704692725
212718	0.002531650236
212795	0.000305679156
212883	0.0001478783853
212933	0.0008159543035
212985	0.0004420485254
213040	0.001281818009
213105	0.0008303378461
213126	0.0001996626064
213141	0.001111852741
213194	0.001028376754
213365	0.001775763451
213532	0.0002680372852
213566	1.019161335e-05
213634	0.0001742894166
213749	0.00151819269
213936	0.0004304942766
213992	0.0005733558238
214311	0.0007761586001
214323	0.003371833226
214331	0.005018476247
214374	0.0008659062012
214375	0.0009436722549
214567	0.001944575852
214591	0.0008163194846
214607	0.0005740514086
214652	0.001600464427
214854	0.000710616964
214941	0.0008668963924
215050	0.0003801798038
215099	0.001136757125
215164	0.002326860501
215184	0.004157974412
215404	0.0006449493546
215530	0.003854325753
215531	0.0009271144935
215640	0.004126217651
215720	0.001683129153
215767	0.001523070773
215786	0.0004794500766
215873	0.0004188296536
215884	0.002367108792
215975	0.002192676647
216044	0.0006326532923
216128	0.0002097016095
216171	0.0004651484398
216180	0.001734676997
216252	0.0007747619596
216270	0.00143611037
216311	0.0006594197547
216648	0.00104426215
216667	0.001558984053
216717	0.0009645543613
217035	0.0003183843921
217413	0.0004155033009
217472	0.01084500807
217480	0.005526688046
217568	0.001967902762
217651	0.000501630568
217771	0.0003029564949
217867	0.0001839351885
218157	0.0003585684128
218215	0.001048897922
218295	0.0001725743032
218356	0.002656361795
218490	0.0003871447377
218522	0.007586861325
218528	0.001058286462
218617	9.662770372e-06
218640	0.000369272749
218772	0.0001773627447
218798	0.0007081573607
218838	0.000293917028
218910	0.0007165347826
219009	0.0009220920054
219079	0.001317509074
219087	0.0003856674363
219170	0.001533099622
219575	0.001046188742
219628	0.0006726163534
219729	0.0009000342026
219773	0.0002009088624
219861	0.0004184511533
220241	0.001596304129
220329	0.0002937088905
220476	0.001706635861
220542	0.0001150551793
220603	0.0009433689218
220624	0.001666404611
220653	0.0009284208946
220691	0.0002024004744
220724	0.004496424673
220874	7.808764656e-05
220881	0.0005507290608
221000	0.001352765677
221156	0.001015387476
221202	0.0002633791678
221208	0.0003775653115
221261	0.001338774128
221777	0.0005310883007
221786	0.000373269806
221836	0.002698868067
221907	0.001363769239
221933	0.001995805894
221970	0.0002338385335
221995	0.005094852412
222162	0.0001796422592
222173	0.0007044178125
222214	0.001525325944
222275	0.001441461956
222311	0.002400464476
222324	0.00072489768
222456	0.000249937403
222472	0.001383902155
222495	0.002695589374
222701	0.0001875564726
222708	0.0001950441352
222798	0.001221235403
222845	0.004680976173
223013	0.001216027528
223018	0.0006040187191
223032	2.612273469e-05
223287	0.0002536192326
223383	0.001753707751
223390	0.001202045449
223420	0.00408678964
223473	0.0004056081262
223508	0.005434439751
223704	0.0005302482384
223708	5.661582461e-06
224052	0.0004701690707
224078	0.0005537292898
224115	0.0008788510158
224213	0.001805468001
224392	6.317491124e-05
224393	0.0004187984163
224413	0.001678951654
224420	0.002566843249
224674	0.0007177625561
224710	0.001752300936
224795	8.679299574e-05
224806	0.0005633773195
224902	0.0002732240439
224955	0.0007231665357
224963	0.001296700707
225032	0.001301306777
225056	0.003324563721
225087	0.001581917166
225107	0.0009460212889
225169	0.001087321145
225215	0.00100645426
225221	0.0006303046963
225255	0.001757600673
225275	0.002169316692
225484	0.0008541075269
225885	0.0005120051153
225965	0.0004308132906
225986	0.0005360518603
226004	0.0001264061591
226063	0.002540583167
226095	0.001689502469
226145	0.0007994399479
226172	0.0005716153882
226188	0.004308664183
226544	0.001874581931
226845	0.002726419521
226960	0.001928074754
227031	0.0001657017402
227362	0.001550049969
227408	0.0009665531598
227427	1.497437137e-05
227600	1.767490376e-05
227669	0.0003188301396
227744	0.004206344234
227799	0.0002690976858
227801	0.0002773179251
227842	0.0005349959124
227934	0.000455289149
228027	0.0005091525367
228139	0.0008096514669
228151	0.001314653033
228278	0.0004195545556
228435	0.000734959333
228444	0.0007647189273
228603	0.001257249785
228671	0.002863772086
228673	0.002903777742
228790	0.0002147282368
228889	0.001342973422
228933	0.000483744048
228966	0.002730115864
228975	0.0009992102264
229027	0.0002243754473
229105	0.0009805461939
229115	0.0005408459425
229116	0.000293984725
229218	0.0004060433786
229281	0.00184162812
229304	0.0009798928279
229306	0.0002648260339
229488	0.0003573236109
229735	0.003007164545
229773	0.0009568843773
229995	0.0004921665692
230009	0.0001462300016
230163	0.0007799009475
230319	0.004760193537
230325	0.0006171794727
230335	0.000266686983
230359	0.0002144111481
230369	0.0009048075488
230547	0.001314489054
230599	0.0006950952223
230650	0.000179163851
230810	0.0005021099508
230824	0.002685287616
230990	0.004632050707
231026	0.000470165216
231027	0.0007114783652
231102	0.003522151409
231152	0.001090413743
231282	0.0001324096864
231335	0.001352088904
231344	0.0005439341168
231378	0.0003346380786
231542	0.00694887583
231601	0.002383761045
231748	0.002164644291
231792	0.0008298477813
231812	0.001732610895
231936	0.0006209465591
232041	5.635497954e-05
232058	0.0007108871556
232104	0.0006099308987
232118	0.0002921033549
232255	0.001184633601
232264	0.002307602798
232450	0.002196160624
232514	0.0007318577368
232633	0.00286655591
232708	0.0005988987806
232795	0.0009595737169
232832	0.0003022441938
232878	0.000116976649
233057	0.002326419771
233219	0.0002716844604
233229	0.00027688295
233304	0.002045962178
233373	0.005551688832
233376	4.899842951e-05
233378	0.0002297156946
233418	0.008354776693
233521	0.003917145207
233529	0.001299779744
233568	0.002904188309
233632	0.0009247119928
234039	0.0007312209785
234185	0.0004836269198
234346	0.002212770485
234373	0.0006478030855
234469	0.001371481697
234524	0.00584054542
234942	0.001054964647
235369	0.0002632979092
235374	0.0006463862599
235446	0.003050054173
235482	1.061992984e-07
235510	0.01272164197
235567	0.003051583761
235683	7.531877133e-05
235715	3.116010519e-05
235820	0.0008810814285
235829	2.028786854e-05
235854	0.001593682538
235921	7.094352268e-05
236120	0.00330531521
236267	0.0001802911067
236301	0.004086409599
236349	0.001061725614
236385	0.0001816992811
236394	0.002957958056
236411	0.0007714609095
236554	0.003803061566
236562	0.001881015928
236615	0.0005626174033
236718	0.0005292329404
236853	0.002143511072
236938	0.0002380704857
237100	4.13842793e-05
237272	0.0004811534277
237275	0.000180052336
237280	0.0006999441156
237313	1.58499598e-06
237473	4.633423474e-05
237697	0.003141830267
237775	0.0006137319608
237821	0.001047982098
237958	0.001852159732
237972	0.001310306236
238496	0.003841303821
238513	5.336455342e-05
238569	0.0008822644568
238597	0.002208127172
238618	0.004503337388
238619	0.002694888635
238712	0.0003932246164
238745	0.002770075018
239245	0.001429586603
239277	0.0003432504502
239312	3.611459926e-05
239428	0.003072605648
239517	0.004964688173
239528	0.00116244422
239720	0.0005624854343
239736	0.0005273507117
239753	0.004191001714
239779	0.0004988596087
239850	0.006676371942
239887	0.001168304051
239895	0.0006247838325
240053	0.001024330245
240082	0.0002815918767
240177	0.0008912518811
240223	0.005509064708
240281	0.001412521924
240312	0.0002873964621
240413	0.000233332447
240426	0.009075800532
240520	0.001812875805
240598	0.001736676856
240654	0.001233018638
240666	0.001199653476
240745	0.0004602705847
240757	0.008000151096
240925	0.001189125814
241079	0.000432507676
241235	0.000694172442
241558	0.00440277855
241565	0.000693350971
241600	0.0003351499695
241605	0.003113771218
241641	0.003899631977
241735	0.001526597929
241785	0.0003159485584
241804	0.0002507242884
241847	0.0003220527203
241854	0.003876445263
241952	0.002155415381
241994	0.003964640378
242009	0.007352884414
242048	0.00191923299
242322	0.000240559991
242346	0.0007202124531
242402	0.001653209142
242556	7.081321815e-05
242731	0.0005191846098
242751	0.0005742427257
242835	0.002190488992
242887	0.001097373975
242896	0.0005070432901
242987	0.002470327351
243123	0.0008373362622
243151	0.001873064301
243171	0.002419696707
243315	0.0003330327551
243330	0.0004743253833
243377	0.0006103941518
243493	0.0008124623102
243686	0.001269000574
243881	0.001938225612
243975	0.0003948565005
244164	0.0006773525643
244240	0.0008597669224
244253	0.000617045813
244339	3.464652645e-06
244373	8.888260828e-05
244431	0.0007857920398
244596	0.0001601195979
244632	0.0002747825415
244664	0.002900251577
244919	0.007528469062
244944	0.0003287172765
245155	0.00169814819
245245	0.00122258843
245270	0.0005611455237
245315	0.001496817651
245317	0.0006704781509
245345	0.0007440191903
245384	0.002029035707
245405	0.0004593152789
245490	0.00233422328
245665	0.0005006030855
245735	0.002683330284
245770	0.001109611269
245837	0.0008679495207
245985	1.446778757e-05
246002	0.0002922158785
246028	0.000825220219
246101	0.0002673450793
246256	0.002531483685
246354	0.001018679544
246424	0.0005880388003
246507	0.0007072306074
246926	0.0004071679771
247112	0.0002938082348
247183	0.0007132049488
247490	0.0002720574055
247575	0.001601141676
247576	0.005653629457
247599	0.001967832347
247755	0.002893516949
247819	0.001506296707
247822	0.002503176651
247887	0.001000382858
248136	0.0004771540022
248210	1.088863909e-05
248224	1.09897906e-05
248239	0.0004275464689
248303	0.0006268954734
248496	0.001562325535
248990	0.007514380231
249046	0.002825389719
249063	1.758905225e-05
249137	0.001208553375
249152	8.969552493e-05
249228	0.008848360876
249295	0.0005526130889
249354	0.001956560443
249443	0.0002286025195
249475	0.0009500903388
249587	0.0007789172767
249631	0.000162096757
249873	0.001185724737
249875	0.008541148988
249987	5.439380008e-05
250017	0.000488417679
250084	4.934036064e-05
250107	0.0008325360783
250179	0.0008078064781
250182	0.0008640163421
250206	0.00145286575
250207	0.0023442223
250216	0.001195916091
250410	0.0006068923432
250460	0.002617158076
250608	0.001999352643
250822	0.0004120725613
250936	0.0045490713
251088	0.0004175492274
251150	0.002488040043
251184	0.0004237547054
251303	0.0002439567501
251422	0.000475525394
251503	0.004218008002
251507	0.002215672354
251517	0.00122993763
251526	0.002587729882
251584	0.0001151288841
251642	0.0003082907171
251672	0.000138326771
251804	0.0010936635
251840	0.001138098376
251891	0.0003555058273
252005	0.002072481052
252034	0.0007094424452
252161	0.00223967279
252186	0.0005753195832
252297	0.001040630103
252305	0.0007392609799
252346	0.003011420573
252501	0.0006558207325
252515	0.001183772866
252652	0.000545777792
252729	0.003046808929
252767	0.0005993915442
252901	0.001048466125
252944	0.0003565244039
253025	0.0008695273192
253059	0.0007490609121
253222	0.001303119472
253320	5.024387297e-05
253334	0.005578739325
253369	0.0040080121
253374	0.0007440157882
253429	9.585148689e-05
253438	0.0002290118532
253537	0.001142964983
253540	0.0004851564242
253611	0.005083300725
253666	0.000754995953
253760	0.001297937206
253824	0.004868902201
253960	0.00137963366
254149	0.005693483606
254179	8.328237344e-05
254275	0.003864036489
254314	0.0002240043616
254323	0.0006522350488
254337	0.0004290389301
254395	0.0007453545701
254598	0.0009615995893
254673	0.0005365934605
254740	0.004854302278
254773	0.000993084619
254829	0.0006239502054
254938	0.0006060200769
254967	0.0001893890164
254983	0.001339654794
255111	6.663142368e-06
255175	0.0003213568605
255289	0.0002956784898
255318	0.001530414518
255328	0.004937538996
255330	0.0002759919328
255340	0.000740025527
255853	0.0002941354961
256041	0.0004684704062
256178	0.004444795048
256185	0.005025083633
256356	0.0006374268862
256441	1.104472399e-05
256515	3.032703028e-05
256818	0.0008882120141
256862	0.0006343738616
256944	0.0007072531387
257055	0.000114345582
257058	0.0002082068834
257084	0.0009452619865
257086	0.0002150171031
257213	0.000428576615
257260	0.0001395125111
257317	0.001192799799
257356	0.002932055305
257383	0.000995900251
257425	0.0005218285763
257478	0.0003359259156
257603	0.002487054229
257611	0.0001667705431
257635	0.001592111702
257786	0.002479926822
257805	0.0001768783747
258240	7.642162416e-06
258435	0.0004720030696
258476	0.0002303057528
258573	0.001421660109
258670	0.001817867239
258689	4.835597591e-05
258759	0.0009298164789
258771	0.0003254058359
258849	0.001276156332
258910	0.0006103064646
258956	0.0002396405674
259181	0.0001395617501
259249	3.227441982e-05
259347	0.0009144992227
259614	0.0001746379286
259689	0.0009854066619
259742	3.432037479e-05
259752	2.835991119e-05
259802	0.0004834471764
260052	0.001644523046
260068	0.0005228895475
260092	0.0002051180978
260430	0.0002258110948
260448	0.0003307181939
260488	0.0004123361138
260555	2.485264367e-05
260614	0.001299345197
260650	0.003803768196
260786	0.0005021862213
260834	5.714589593e-05
260872	0.001970965968
260907	0.000192868059
260931	0.0007678166992
260971	0.0006341193016
261031	0.001960749989
261116	0.001228969374
261258	0.0005907752237
261405	0.0007570166952
261496	0.000533499412
261497	0.002121061805
261553	0.00246559042
261566	0.003698424675
261813	0.0002003784173
261819	0.002404557689
261833	0.0003323848129
261945	0.003961002961
261979	0.0005960285223
262015	0.0006991624799
262024	0.00118768178
262056	0.002111932263
262149	0.000841435501
262223	0.003269760135
262229	0.009483879011
262306	0.0007484457562
262408	0.002671754373
262434	0.000253317016
262449	0.001217298815
262667	0.0006265959808
262701	0.0009158312907
262808	0.006847841867
262831	0.00123904655
262865	0.0001978606034
263037	0.00108648558
263149	0.005273422345
263229	0.002733051185
263239	0.0008099674325
263343	0.003188081378
263344	0.0002916036633
263347	9.910847439e-05
263367	0.0006626924713
263424	0.0003774599425
263459	0.0001451740477
263594	0.009224123889
263596	0.001978130104
263748	0.01146090324
263792	0.002046369439
263828	0.0002216064016
263949	0.0008783745107
264001	2.60980664e-05
264109	0.0001492792267
264187	1.760206007e-05
264211	4.796097347e-08
264224	0.00488178298
264293	0.000335906442
264395	0.0002898382073
264398	7.699399016e-05
264438	0.005250072028
264482	0.0008278640401
264484	0.001263570576
264485	0.0003226842337
264542	6.139970405e-05
264627	0.0002767552092
264728	0.001781788999
264848	0.0003855519253
264925	0.006066141013
264944	0.009691610759
265144	0.001186329283
265209	0.002714739405
265397	0.00593969771
265401	0.005031780528
265447	0.001948182061
265555	0.003109746931
265585	4.44334971e-05
265601	0.0003366536671
265792	0.001229674712
265986	0.0005581869311
266167	0.0005085327875
266367	0.0004885165524
266368	0.0005734563605
266416	0.001693564393
266436	0.001335172172
266574	7.838170301e-05
266741	0.002606749562
266798	0.00435606336
266937	0.00115069566
266948	0.000460834552
267062	0.0002035192293
267129	4.951387224e-05
267233	0.0007604922093
267288	0.004822869659
267405	0.002979992983
267445	0.0005428882933
267465	0.0006361482002
267479	0.0007138550706
267672	0.0007704661036
267751	0.001871408321
267808	0.001534885603
267906	4.684087464e-05
268039	0.0009785322886
268105	0.0002508215878
268170	0.0004031413088
268221	4.424259252e-05
268257	0.0002784046614
268346	0.00136571307
268529	0.0001973575848
268620	0.001642154017
268902	0.0001937431312
269015	0.0003076019265
269059	0.003963505761
269069	0.001131766489
269085	0.0005888394602
269091	0.0006033945722
269107	0.00522079802
269143	8.596236974e-05
269185	0.000494494316
269269	0.00238793288
269283	0.00298719413
269318	0.001468270411
269366	8.349670111e-05
269404	8.744649567e-05
269467	0.001543370797
269526	0.001751064007
269545	0.0001289167493
269591	0.003071646805
269650	0.001121327014
269657	0.001957164024
269760	0.001502293707
269792	0.0004318190483
269895	0.001520339789
269997	0.003867015976
270009	0.004064731826
270120	0.00162577002
270196	0.001603104016
270206	0.001092900764
270303	0.001452207645
270557	0.008989053293
270560	0.001287416664
270568	0.000812533088
270588	0.0008948325914
270638	4.112011689e-06
270669	0.0007105218908
270783	0.001629693522
270865	0.0003558570766
270963	0.00225754894
271047	0.0004499911671
271194	0.0003339055865
271266	0.0007280255438
271278	0.001841897727
271393	0.0002616269143
271465	0.001581243445
271472	8.804620893e-05
271502	0.0007884167211
271727	0.0001391500962
271865	0.002482525961
271887	0.0001996085649
271958	0.001454958566
272284	0.0003479262112
272361	0.0002559772504
272496	0.0005422454272
272556	0.00131395106
272821	0.0006348207616
272855	2.981460475e-05
272876	0.0008104508025
273027	0.001350740703
273139	0.0005244883837
273203	8.747996763e-05
273206	0.001899296984
273274	0.00155014551
273340	0.001731818029
273395	0.005838692737
273552	0.000260895916
273787	0.006442457912
274057	0.002277799711
274123	0.001562429862
274176	1.404952009e-05
274407	0.001715274348
274485	0.001253371556
274536	0.001248119449
274574	0.005369998961
274604	0.0005992665652
274798	0.001658408402
275041	0.0001422101341
275103	0.000330560903
275224	0.0008634834576
275525	0.0004799429496
275549	0.0003677944399
275568	0.000256640702
275637	0.001859801151
275641	0.00094195032
275727	0.0001623625302
275880	0.0007995093428
276111	0.00129695295
276157	0.001693917394
276182	1.950998999e-05
276189	0.0002303759955
276262	0.0004213041018
276268	0.001128333251
276278	5.665066445e-06
276340	0.002428332092
276438	0.0009095032413
276465	0.0007602314139
276466	0.004139325475
276554	0.0004042875534
276677	0.0009401980657
277110	0.01171687757
277134	0.001716049662
277222	0.0006621292263
277261	0.005001490278
277304	0.001865202715
277310	0.0008761247248
277317	0.0006723781051
277439	0.000560035584
277577	0.0004454723758
277617	0.0009735019508
277636	0.001149624748
277679	0.001335729286
277761	0.002392033117
277816	0.002694004806
278244	0.0006441336163
278263	0.0003813833105
278475	0.0006721582462
278627	0.00187259325
278644	0.002743431776
278862	0.005681696076
279296	0.0007753708199
279303	0.001040193974
279469	0.001034493737
279594	0.000926469224
279709	0.000102588593
279713	0.002351050444
279745	0.000262977016
279746	0.005850268327
279770	0.002821165128
279808	0.00122744615
279905	0.005482418177
279979	0.0004384085417
280023	0.0008985864383
280049	0.007839937298
280162	0.0009001721987
280210	0.0005340193873
280337	0.000851401156
280568	0.0002308103105
280697	0.0007417771961
280981	0.001043381212
281324	0.001614353061
281407	0.00171066361
281546	0.004045723418
281558	0.0006105408093
281648	0.001128267955
281713	0.0007775844971
281753	0.006921378367
281777	0.0001586648708
281868	0.001429370756
281911	1.429693781e-06
281920	8.346641292e-05
281998	0.000993544411
282006	0.0007171723893
282064	0.002273456993
282092	0.002035775459
282097	0.001551702599
282100	0.0001020297213
282101	0.001410479745
282103	0.001199454433
282118	0.00211869174
282205	0.00184782529
282220	0.00199221528
282283	0.001340822843
282468	0.003557001098
282565	0.0005624539475
282665	0.001090145123
282774	0.0001905049409
282851	0.002605697688
282918	4.934830345e-06
283203	0.0004977917016
283434	0.0004693913092
283868	0.001069668482
283876	0.0006631270692
283969	0.003992056493
284144	0.002471638238
284149	0.0003154492716
284161	0.0001065571086
284279	0.0004063403783
284598	0.0009317443013
284679	0.0007095416372
284737	0.0002463315796
284834	0.0008904024783
284957	0.001052214615
285101	0.0007840110084
285151	0.002100593058
285206	0.0001191836494
285207	0.002149503947
285251	0.001236844741
285295	0.0002329501452
285399	0.00447235011
285515	0.0005932859275
285516	4.708972373e-05
285532	0.0006310579954
285614	0.001101707616
285626	0.0008536525377
285739	0.0003557027868
285873	0.00188295615
286070	0.0002671636194
286280	0.0004009762026
286289	0.0007200758082
286354	0.0009338990331
286375	0.0005271291977
286571	0.002179029236
286659	0.0002056990305
286813	0.0002468891605
287026	0.003862258703
287217	0.000269471571
287514	0.0002199086264
287563	0.0002068332939
287624	0.001330663318
287787	7.971510898e-05
287984	0.000968404397
288180	1.566749522e-05
288187	0.0002263234353
288326	0.004363192286
288475	1.804770476e-05
288556	0.0002243251059
288673	0.0005197064912
288701	0.002882353368
289081	0.004009411684
289122	0.0004233461573
289170	0.0008584311476
289409	0.002455818389
289444	0.001095795157
289454	0.001592450947
289501	0.0002926327349
289595	0.0003822195525
289738	0.001202481816
289796	0.001330986526
290020	0.0008787934754
290023	0.001744983585
290032	0.0009256539055
290094	0.0006100014549
290283	0.001971159647
290356	0.0003858781163
290401	0.0002210807547
290464	0.001015657535
290826	0.0001264671904
290848	0.0001529469334
290874	0.0006505361025
290911	0.0002659749515
291179	0.001697996359
291181	0.0009158968036
291389	0.0120452187
291440	0.0005897440998
291645	8.870980113e-05
291739	0.0009789119362
291843	0.0003697510886
291911	0.0003995060612
292380	0.0002809035159
292402	0.002190111169
292452	0.002698072861
292654	0.0008629514625
292803	0.0007813180839
293045	0.0001556848482
293048	0.0005597043105
293057	0.001351219856
293148	0.0004870221071
293212	0.004825763817
293523	0.0003616037983
293529	0.001077323262
293595	0.0006969160634
293871	0.0002274762967
293878	0.001250609677
294082	0.002562057378
294348	0.002789770446
294494	0.0003016265205
294588	0.000269426291
294609	0.0006076221945
294668	0.003171551518
294723	0.002328164384
294907	6.359908824e-05
294985	0.0006938783449
295284	3.667006362e-05
295285	0.001246840634
295515	0.005142562501
295572	0.001240989719
295629	0.002021022221
295695	0.005410418382
295855	0.0003547605607
295898	0.001300663298
295933	0.00391979047
296081	0.001309632864
296143	5.813669352e-05
296174	0.001693850927
296520	0.002827162254
296758	0.0003413201309
296824	0.0006998845156
297068	0.001175341631
297073	0.0001442635815
297118	0.002187954994
297155	0.0001158935934
297198	0.002625459291
297221	2.407859247e-05
297320	0.0003866793379
297700	0.0006952358625
297712	0.006906108468
297759	0.003581345436
297767	0.001755354572
297784	0.001310561877
297830	0.003051710451
298108	0.002143666245
298253	0.0004441571078
298260	0.003832265783
298487	0.002043197244
298511	0.001275171588
298528	0.0007372893239
298564	3.395019398e-05
298663	0.001188582654
298679	0.00131739421
298944	0.0007440617382
298960	0.0001675143582
299225	0.0002181756377
299338	0.0007935520966
299364	0.0002062787861
299374	6.154406973e-05
299400	0.0002922985449
299521	0.001134432158
299537	0.0004077090686
299553	0.0003694025873
299557	0.0005617195114
299636	0.001596801001
299681	0.0005115047588
299752	0.0001635834981
299862	0.0008618630141
299910	0.0001613670354
300028	0.0001922530552
300142	0.003767385509
300174	0.00234330041
300276	0.0001759132236
300340	0.002439706931
300378	0.0001436388156
300387	0.002188928525
300444	0.0002170752748
300445	0.003096805695
300642	0.001214591752
300806	0.002191675
300924	0.008260356415
300944	5.410003843e-05
301059	0.0001962843715
301088	0.0006721547744
301113	0.0008466107849
301202	7.264249936e-05
301529	0.0005900167594
301608	0.0005983192949
301628	0.005653712481
301876	0.0005835867749
301904	0.0002754162482
301945	0.001387643788
301991	0.001529373442
302039	0.005934684863
302074	0.001594268948
302284	9.576554344e-05
302490	0.0003996392054
302499	0.0001445381794
302681	0.0003871393092
302693	8.850069411e-06
302719	0.0001095465586
303202	0.0003971564227
303218	0.005868062779
303253	0.0006062222341
303349	0.000800812125
303423	0.001594438116
303510	0.0002881143965
303605	0.003530389344
303640	0.004428677534
303684	0.001400118216
304071	0.00254013993
304074	0.002664932806
304143	0.002699393838
304187	0.0005906101863
304214	0.000250579612
304225	0.0001465711776
304306	0.001003170432
304315	0.002343365133
304330	0.008954809167
304333	0.0009324325323
304335	0.003605577189
304463	0.0005806386494
304621	0.000511564774
304652	0.0001167063088
304914	0.002128485297
305004	0.002270789098
305071	0.002578016644
305207	0.007811141198
305366	0.0002053452861
305610	0.0004004528065
305634	0.0001488102118
305672	0.0007120921198
305712	0.002771327344
305719	5.182053182e-05
305733	0.0008467726359
305919	0.0005799948466
305934	0.001866695302
305970	0.0002127669449
306094	2.400811178e-05
306119	0.00162359026
306153	0.0009236268423
306167	7.363692397e-05
306196	0.001726354623
306292	0.0006108616933
306319	0.0005030549839
306493	0.005775817
306549	0.001071924307
306624	0.002426404145
306742	1.18710242e-05
306818	0.005583732378
306853	0.0007169833463
306881	0.001018892333
306967	0.0005540130973
307059	0.0006104348791
307103	0.002534638763
307118	0.001910400896
307121	0.003291442843
307186	0.000441237127
307339	0.002532523484
307351	0.006903153864
307497	0.0008725513007
307641	1.384858834e-05
307950	0.0003712755366
308058	8.802207131e-05
308085	0.00167525095
308111	0.003202573659
308275	0.000696159329
308316	0.002674489415
308345	0.0008283303791
308443	8.645240584e-05
308556	0.0001239650908
308657	0.002032031101
308919	0.003967505186
308983	0.001435993869
309058	0.001687696765
309206	0.003322518768
309268	0.0002134640751
309418	0.0001482378539
309606	0.0003013288402
309626	4.959433318e-05
309696	0.001752337443
309777	0.000121576806
309942	0.002729622423
310190	0.0005217004353
310202	0.000633590289
310228	0.0004246922126
310232	0.0008288661494
310235	0.0009013572454
310283	0.0001260878075
310458	0.0009815180521
310460	0.0005910770572
310699	0.0004683436956
310850	0.0003432580221
310976	0.0009942247385
310986	0.001150378108
311309	0.0002163042233
311334	0.001294936144
311361	0.0005262147289
311379	0.001210901273
311428	0.0009047122138
311481	0.0002837056202
311512	0.0003828510528
311714	0.000880987397
311766	0.002047632921
311956	0.002412174632
312068	2.36124069e-05
312186	0.004050004602
312412	0.001618614329
312838	0.001067420186
313054	1.768406465e-05
313200	0.001117280582
313280	0.001552531269
313362	0.001115174957
313509	0.0009124138647
313526	0.0007215921115
313558	0.004100063221
313597	0.001760215047
313598	0.003301576541
313647	0.002353728777
313765	0.0005753876246
313787	0.0003256266571
313858	0.0001638082673
314143	6.119907981e-05
314204	0.0004731054158
314268	0.002273619357
314379	0.001565471082
314407	0.0002658032864
314635	0.0001344726212
314755	0.0002264971973
315201	0.0007485625706
315210	0.0002380709327
315364	0.0008212001103
315507	0.0005183080862
315603	0.002506399158
315659	0.0009364192263
315751	0.002517842485
315881	0.001318406739
315918	0.001251391321
316001	0.003804565763
316146	0.006249483668
316220	0.0002458187499
316230	0.003535531101
316355	0.0005849189986
316382	0.0007512544681
316384	0.001058411996
316406	0.0001319059703
316436	0.002116240713
316460	0.0006219765392
316487	0.001783628808
316689	2.078826214e-05
316810	0.0001172625757
316882	0.0004480912034
316978	0.0007066741367
317104	0.000465447912
317108	0.0003818648574
317141	0.001430331811
317228	0.0008604326208
317239	0.0006923192326
317357	0.0002642778809
317499	0.0009832421888
317607	0.000984540134
317762	0.0007346351358
317784	0.0004063296562
317847	0.0002090404962
318045	0.0002562774706
318273	0.0002263151446
318371	0.0003991823267
318480	0.001253152155
318488	0.0005709037561
318604	0.0005222880591
318808	8.80839615e-05
318950	0.0003864347196
318954	0.0005483966634
319005	0.0005690639639
319025	0.002483373496
319032	0.0002236517997
319055	1.778341149e-05
319125	0.001095094556
319372	0.00140724885
319623	0.000669706944
319842	0.002532329272
319960	0.001290653492
320041	0.002530680046
320227	0.001193116309
320392	7.005355609e-06
320403	0.0004765269205
320440	0.001097415647
320686	0.0002855508759
320715	0.0002083035142
321009	0.0004807209185
321160	0.0002086755179
321183	0.00310163841
321263	0.0001122646963
321513	0.0003816127338
321556	0.0004283352819
321646	0.0004478509085
321657	0.003723274204
321674	0.007650169569
321677	0.01177922071
321747	5.188125364e-05
321800	0.006945606914
321904	0.002353162682
321933	0.001096440829
322031	0.0009037097905
322122	0.002942543074
322270	0.0001167908778
322290	0.002300367012
322387	0.0004969934567
322427	0.001686944331
322480	0.003530757366
322517	0.0008500943458
322543	0.0008667295558
322633	0.001290312196
322940	0.001959735984
322967	2.847664558e-05
323150	0.001250092408
323197	0.000441848317
323223	0.001174394551
323277	0.0002433699286
323355	0.003429099997
323386	0.0003672794391
323430	0.002518069865
323559	0.0009690278281
323575	0.001208107624
323610	0.0003921156612
323639	0.003804198753
323685	3.274966203e-05
323850	0.00147808035
324012	0.0001163218374
324080	0.001862581064
324161	0.00184739183
324177	0.001871910646
324266	0.001669350929
324267	0.001787178984
324415	0.0009393144319
324569	0.001011776642
324677	0.00153566384
324704	0.0006373800158
324878	0.001712822184
324915	0.001475568781
324976	0.0006492032438
325071	0.001041701815
325075	1.223004824e-06
325095	0.001098594964
325135	0.001887992057
325161	6.750391963e-05
325321	0.001387467845
325588	0.0005384382809
325654	0.001835203442
325728	0.000610263604
325854	4.631276361e-05
325989	0.002821946896
326110	0.004484995748
326236	2.939802541e-05
326353	6.635951307e-05
326413	0.002030009704
326446	0.0008852587365
326550	0.001559208358
326597	0.000215406809
326663	0.0005703630558
326689	0.001335350239
326695	4.155511908e-05
326824	0.0001069267331
326866	0.0009113292233
326872	0.001657219548
326964	4.30293638e-06
327068	0.002881361549
327084	0.000674694987
327366	0.0006117871718
327391	0.003244121458
327421	0.002013664056
327443	0.003705748219
327471	0.0004702463345
327557	0.001356209819
327669	0.0006091850153
327686	0.0001771769815
327691	0.0008007030332
327733	0.002600847214
327766	0.003268075995
327802	0.0007208069057
327818	0.0004273682558
327846	0.001285125901
327991	0.003369903689
327995	0.003935183507
328009	0.002464773773
328028	0.005859757325
328047	0.005717289564
328160	0.007527330837
328492	0.0009946920222
328667	0.009555456146
328727	7.758910348e-06
328906	2.854973378e-05
328914	0.0005618070945
328915	0.0005325177525
329014	0.001122478796
329061	0.0004636084328
329130	0.0001766106093
329156	0.001856166873
329216	0.001754861757
329273	0.0006465856902
329357	0.0003801783043
329495	0.001314327229
329712	0.005648840583
329931	3.26344266e-05
329944	0.002539214897
329969	0.000369691771
330000	0.0003349167042
330139	0.003619120226
330178	0.0003238387097
330240	0.0004965231715
330339	0.001594729373
330381	0.000672081645
330453	0.0007872937937
330514	0.00169998676
330531	0.003197429115
330585	0.003263219682
330750	0.0005932028455
330807	0.0001111425717
330809	0.002013992845
330842	0.001147946674
330845	0.0004011294914
330993	0.0004825344402
331041	3.071489604e-05
331053	0.001747931712
331057	0.0006744514596
331134	0.0006609820209
331206	0.01100612877
331415	0.00152736534
331507	0.001555672313
331782	0.0001254021881
331998	0.007040756351
332080	0.0005969564115
332411	0.001201761492
332633	0.0001409584702
332873	0.00183795574
332954	0.000269317149
333193	0.0004294970605
333453	0.002715919126
333715	0.000658765559
333953	0.0005063661523
334008	0.0002782413573
334154	0.00663923494
334190	0.0001342012758
334270	0.001145540433
334317	0.00161790545
334318	0.0007589644155
334614	0.0006129709765
334626	0.002434245843
334657	0.0002439871266
334725	1.626395578e-05
334763	0.0006595074575
334847	0.001857854317
334861	0.0003632968719
334863	0.0003679531918
334865	0.000508265358
335098	0.001357005019
335119	0.0006908177635
335221	0.0009129537318
335245	0.0006697701143
335315	1.845482367e-06
335377	0.001789305756
335433	0.00371510292
335455	0.0005483274012
335484	0.0009213582045
335746	0.0004429940403
335807	0.0005278697382
335906	0.0001671492865
336226	0.004083799425
336391	0.002740741251
336543	0.001321470107
336581	0.00116840719
336588	0.004943805357
336645	0.0007432970734
336732	0.006478389041
336756	0.0002693539793
336833	0.0007346491906
337022	0.001158581717
337291	0.001949512171
337389	0.001808532758
337411	0.001605973646
337500	0.0001787008232
337529	0.001665749201
337537	0.0004104494841
337682	0.001988414919
337780	0.0001334883802
337794	0.0005530204447
337814	0.0002059800572
337836	4.250015191e-05
337856	0.0005414942234
337920	0.003957227943
338094	0.001183764259
338102	0.001421647215
338143	0.00446670202
338292	0.0004093213544
338308	0.001287704168
338362	0.0001300983974
338423	3.892796307e-05
338452	0.0002816750254
338473	0.0001872778736
338839	0.001898857263
338878	0.001130470408
339020	0.0005737633329
339123	0.0002573715193
339203	0.001014045435
339331	0.0005748293572
339473	0.002649946891
339585	0.001209345571
339604	0.001621886865
339628	0.0009458780968
339789	0.00150101902
340003	0.001200472568
340009	0.0004513680689
340016	0.0001597840815
340201	0.001737986558
340363	0.0003506961087
340408	0.0002071418936
340445	0.001076484537
340510	0.001042932409
340567	0.0001677437569
340595	0.0008238887118
340781	0.0004227144788
340904	0.006545127122
340954	0.0004192244831
340962	0.0002247854684
341062	0.002428554085
341089	0.0001720896617
341264	0.0001644074585
341281	0.0001593549821
341437	0.001137753091
341537	0.001868383715
341833	0.0006140422646
341837	0.009275845713
341915	0.0001146369679
342011	0.0004510245344
342050	0.002504325813
342179	0.001318773551
342209	9.545418799e-05
342393	0.001094550615
342422	0.0007734394073
342434	0.0009448456907
342446	0.0007142853754
342449	0.003556152456
342474	0.00414189455
342599	0.0003751702331
342945	0.0002379143861
342957	0.000810936968
343000	0.0005160577317
343018	0.0001527092753
343047	0.001765443926
343079	6.422757384e-06
343090	0.0002318819064
343096	0.006113490271
343319	0.003782535982
343583	0.002745574711
343592	0.001838534864
343677	0.0001054416343
343684	0.0001081957898
343721	0.0006142853103
343791	0.0002922468872
343821	0.001262982713
343842	0.001507797658
344271	0.004291889052
344320	0.002769466085
344328	0.0005538866534
344440	0.0006975356311
344442	0.0005248763184
344707	0.0001886062453
344761	0.001392259171
344836	0.0004946276365
344837	0.002233979946
345103	0.001858663642
345145	0.0008016803457
345304	3.45781921e-05
345325	9.644187464e-05
345390	0.001478870905
345491	0.000144240035
345567	0.000407269823
345688	0.0009052943451
345731	0.001323426618
345778	0.005465343616
345948	0.002028693264
346074	0.008884157115
346300	0.003863987508
346586	0.0002029998974
346654	0.00165312316
346829	0.0007958834456
346840	0.000978395382
347131	2.612985401e-05
347209	0.00246519627
347312	0.0006973203873
347463	0.000453656633
347476	0.001591314747
347489	0.009082073496
347689	0.0003112095087
347716	0.001620010328
347770	0.0001038950163
347810	0.0009946191316
347909	0.00126310387
347957	0.002817680005
348002	0.00576594536
348069	0.0003435902249
348203	5.190542447e-05
348290	0.0001699899121
348415	0.002544609078
348471	0.0004080432343
348495	0.001515606857
348547	0.0002130315049
348638	0.001704690737
348651	0.001494602669
348695	0.0009616934448
348830	0.001410429668
348855	0.001928821534
348916	0.002485367293
349044	0.004386919587
349116	0.0005347304506
349134	0.00277692128
349146	0.002450782661
349202	2.58856059e-05
349303	0.001633594321
349365	0.0004537762104
349553	0.0002162452652
349566	0.003108134713
349601	0.001402005179
349724	0.003051117738
349874	0.004530026934
349971	0.0003572795843
350134	0.000422980423
350323	0.0005416032762
350396	0.001385202342
350399	0.0005111135776
350439	0.0002755697716
350454	1.258005329e-05
350512	0.001400970017
350535	0.005137349908
350692	0.003100861775
350783	0.001898827576
350904	0.001088744443
350939	0.001781108705
350963	0.002642261365
350992	0.001020291838
351100	0.0009441983698
351112	0.001496963228
351199	0.001849311757
351262	1.215682256e-05
351458	0.0008162660289
351490	0.0004646148192
351666	0.001939085578
351852	0.0009864772487
351937	0.001524831471
352228	0.0001966942071
352265	0.001161298707
352270	0.0009082864162
352318	0.0001119834559
352420	0.0005957147486
352643	0.002261188437
352677	0.001931753612
352733	0.0006122476262
353011	0.0007672079582
353383	0.0009917478645
353626	0.0008699354831
353851	0.002006636144
353982	0.002183300987
354038	0.001259821749
354206	0.009299825289
354220	0.0003669589578
354347	0.0009446044255
354499	0.0001389684794
354847	4.659355716e-05
355127	0.0001698606384
355243	0.004583614031
355448	0.001737229098
355537	0.001437887154
355551	0.001224867369
355560	0.0004453218628
355564	0.004031383215
355622	0.002480149826
355687	0.002408256199
355805	0.0005665719312
356075	0.0007236758689
356100	0.006028696947
356163	0.001919190742
356187	0.00146927204
356416	0.0004837667671
356448	0.000758327912
356765	0.001920241715
356884	0.002115037808
356979	0.00437626474
356987	0.000332964649
357024	0.002335029245
357036	0.0005202314485
357091	0.0006518955862
357111	0.0009781320297
357283	0.004290404319
357336	0.003328512826
357587	0.003665335959
357686	0.002349598881
358077	0.002259748708
358084	0.0001057699956
358212	0.001465342931
358232	2.994761446e-05
358278	0.004301581009
358367	0.0009012905535
358387	0.003684750131
358470	0.002398931695
358599	7.137942684e-05
358715	0.0006767058082
358814	0.002311570542
359135	0.0001677746767
359190	0.0008708279274
359358	0.0001762492067
359390	0.0002682983214
359403	8.59336873e-05
359458	0.01026392172
359481	0.001646585859
359561	0.0003130575217
359611	0.001120962663
359629	0.0008834242134
359743	0.0006149271578
359756	0.001177208038
359767	0.001361341306
360056	0.00508882088
360113	0.002932516871
360162	0.001245950593
360196	0.0002697003309
360405	0.0004631834624
360416	0.0006277321574
360839	0.0007278694545
360972	0.0002774406191
361213	0.006511185506
361261	0.001243335462
361463	0.002410244502
361544	0.0009553020471
361578	0
361581	8.588299472e-05
361599	0.00310867834
361754	0.0007079956979
361759	0.0008868272861
361797	0.0003904584243
361815	0.0007518180761
361931	0.003568206074
361984	0.001139941736
362069	0.0009379834077
362077	0.0004147858551
362331	0.0009032223095
362337	0.002252668192
362361	0.0008117079426
362446	0.001244134739
362447	0.0008020590155
362491	0.0006705057087
362603	3.355547452e-05
362643	0.0001571198464
362744	0.0003988116066
362746	0.001591974079
362849	0.0007921641523
362939	0.0002995736693
363142	0.00574401218
363329	0.0005476737113
363333	0.0004115200713
363468	0.000223889705
363498	8.553732112e-05
363635	0.003025846165
363840	0.001888565241
363885	0.0001604189213
363899	0.00131263775
363906	0.004144574849
363907	0.0001384390006
363982	6.273192402e-05
364030	0.001308343102
364205	0.003108182533
364324	0.0007027704979
364541	6.288822558e-05
364679	0.0007499770268
364728	0.0004139973943
364827	0.0006521574633
364871	0.001047846533
364916	0.0003455316933
364939	5.345268635e-05
364969	0.0005222513028
365058	4.798341235e-05
365074	0.003360688757
365121	0.001989074307
365236	0.0003289930327
365327	0.0003259554681
365508	0.0041057524
365685	0.001294997702
365909	0.0006018124064
365995	0.0005564165881
365998	0.002009853103
366136	0.0002270823713
366191	0.0006396781312
366356	0.0001668832168
366478	0.0006839383384
366498	0.0005203829737
366604	0.001403955189
366642	0.0002907946636
366695	0.005425927051
366696	0.0003849470484
366769	0.0005362735163
366825	0.001765399189
366908	0.0008848218476
367004	0.001267628176
367008	0.0001347520345
367072	0.001181451616
367079	0.0008110806114
367100	1.549215572e-07
367239	0.001243421957
367648	0.001211068129
367961	8.661569531e-05
368037	0.0003104757508
368100	0.006199749171
368105	0.0004951963285
368300	0.0001124353325
368475	0.0001072759387
368544	0.0005405154889
368585	0.000103991279
368615	0.0001024522836
368621	0.0006550747657
368653	0.004411475584
368855	0.002384160608
369025	0.0008755620539
369111	0.0002493451242
369313	0.0007027485988
369341	0.001998167098
369365	0.001468235611
369450	0.0002404013452
369532	0.000526699688
369662	0.001185404056
369663	0.001884047139
369682	0.002097282634
369757	0.00134260519
369788	0.0002988204048
369803	0.0001342039929
369968	0.0008065190067
369983	0.0001266669619
370104	0.001816618177
370109	0.001670182309
370129	0.0001143639359
370131	0.0002405127129
370147	0.004045223987
370163	0.001112640149
370429	0.00277712585
370435	0.001233784616
370445	4.195194807e-05
370567	0.001840060649
370757	0.001491601849
370767	0.0001392739992
370786	0.0007902647818
370833	0.0001164866177
370974	0.0001390590935
371020	0.0009605203851
371069	0.001614147745
371095	9.353756607e-05
371203	0.001577194626
371215	0.002050312549
371259	0.0003179591265
371284	0.000770863315
371373	0.001343453673
371390	0.002165008353
371417	0.008753261614
371566	5.361600642e-05
371610	0.00103945936
371611	0.000297207593
371643	0.0002243215729
371666	0.001628868377
371676	0.002290786114
371723	0.001252056563
371852	6.872635543e-05
371943	0.0006287611394
372052	3.348513362e-06
372135	0.003737150925
372277	0.003639541552
372327	0.004479912036
372408	0.00207297899
372460	0.0004922230479
372580	0.00362685274
372604	1.434476602e-05
372666	0.001309865856
372709	0.004142294086
372760	0.0008217451827
372813	0.005736996423
372818	0.0006709142565
372836	0.001107939348
372871	0.0007827360318
372891	0.001217725259
372918	0.0005281004767
372963	0.001204372367
373174	0.004231368665
373240	0.000209768901
373404	0.0004694136876
373420	0.001045952859
373467	0.002476004759
373484	0.000496979497
373567	0.0001537526832
373629	2.322527527e-05
373927	0.0007473445263
374022	0.0005325740197
374042	0.001936141834
374062	0.0004716105528
374178	0.005205947665
374292	0.0004628783137
374342	0.000556362572
374458	0.0004531145256
374516	0.0009614700621
374522	0.001664842589
374598	0.003270251316
374616	0.001985170348
374904	0.0002900232364
374944	0.0002538488628
374952	0.0007489875587
374992	0.0005366899488
375059	0.0005378982723
375167	3.348894005e-06
375425	6.447088121e-05
375463	0.001003418026
375500	0.0005298647329
375683	0.001289725136
375711	0.00213036534
375721	0.0005921554367
375855	9.169102102e-05
375934	0.0002591549232
376128	0.0002126225765
376142	5.240915755e-05
376198	0.004894767575
376226	0.004034984891
376339	0.0004408724361
376353	0.002501478249
376535	0.0002146371992
376826	7.24892058e-05
376894	0.0003880803427
377044	4.806589379e-05
377189	3.244890251e-05
377350	0.001986472691
377401	5.11812366e-05
377410	0.002423257058
377814	3.859185472e-05
377818	0.0003999400093
377896	0.0003937966847
377917	0.001775629403
377919	0.0007918571243
377926	0.0004732162713
377940	0.0006433771553
378253	0.000384232488
378286	0.001359848503
378415	0.0003894116096
378551	0.003545210556
378907	0.001022630786
379073	0.001301111054
379225	0.0005424505695
379227	0.0008538990511
379269	0.001647468818
379318	0.001068639846
379338	0.001927685249
379402	0.0007855096767
379449	0.0001111231199
379629	0.01092699375
379682	0.000766003519
379832	0.0001664405459
379834	0.001296330186
379836	3.02610904e-06
379890	0.001244655524
379905	8.702021082e-06
379988	0.000293418166
380033	0.008667908424
380074	0.0003328421579
380086	0.005483522545
380177	0.00042953208
380353	0.001170037378
380455	0.0002715911742
380475	0.002486099139
380630	0.004230906012
380978	0.00380522804
380983	0.001188019455
381080	0.0005934590044
381126	0.0007674755101
381281	0.0008370030892
381309	0.003897751622
381420	0.0007634624827
381441	0.0003802913585
381491	0.0002443145776
381496	0.0006437451928
381650	0.0009114712421
381818	0.004194428374
381833	0.0005946306924
381846	0.001403596949
381963	0.0001233692745
382033	0.002903819076
382065	0.003126959061
382186	0.0002599230228
382281	0.001400833068
382404	0.00010882504
382495	0.001305841268
382537	0.002679883747
382665	0.000137479616
382684	0.000614309731
382762	0.002231020467
382796	0.0001217088192
382801	0.0003530055492
382867	0.001963089551
382971	0.0001551661441
382977	0.002331519104
383038	0.0009114648704
383176	0.001737883294
383202	0.002459474108
383272	0.0001561885291
383285	2.341548693e-05
383359	0.0001140520674
383412	0.001056324313
383499	3.7418177e-05
383847	0.0001543376316
383881	0.001177007432
383938	0.001848565284
383942	0.002223919491
384023	0.0002104033155
384203	0.0005125639239
384220	0.0004299187093
384395	0.0003629808985
384540	0.001937777613
384575	0.001773222686
384637	0.0002552926658
384802	0.002433848199
384850	0.001918361546
384900	0.003007455505
384982	0.0002296352792
384996	0.001268269685
385257	0.005482660288
385273	0.00023558185
385286	0.002302149383
385734	0.0016057116
385895	0.0002277933544
385990	0.0009364347266
386095	0.001825806551
386149	0.002122047349
386392	0.001622597048
386415	0.0005741024974
386527	0.003012772264
386648	0.002878622879
386803	0.000647047061
387015	0.0022192516
387113	0.0009368686493
387128	0.000942874543
387136	0.00035781373
387412	0.003450797582
387435	0.004654778665
387541	0.0009842150733
387630	0.004449857217
387809	0.0004792847348
387841	0.0002479856822
387919	0.000131787528
387920	0.0004625056366
388012	0.002135780796
388034	0.00219409889
388091	0.002308087862
388165	0.0003036601318
388220	0.0006536519178
388244	0.001642288607
388293	0.003401203422
388403	0.001413357763
388414	0.001684293168
388419	0.001090770847
388595	0.0008608102851
388606	0.0001392474959
388734	0.000489161911
388745	0.001350273346
388748	0.002364823552
388868	0.001977029534
388937	7.745887537e-06
389275	0.0005134068365
389560	0.001932641298
389649	0.002563216162
389673	0.0002937955324
389746	0.0005775552233
389782	0.001190224781
389798	0.01120710018
389907	0.0003730442718
389908	4.909296054e-05
389938	0.0001094794393
390148	0.0007381454853
390273	0.001610003787
390388	0.0007151560349
390414	0.0005482415655
390417	0.001206531062
390454	0.0003418969433
390713	0.001652536441
390882	0.0004925312844
391006	0.005965963882
391071	0.0005666935085
391115	0.0002053427918
391134	0.0004376353339
391147	0.005262230527
391175	0.002634070012
391197	0.0002201273155
391222	0.0008341382691
391526	0.004112410592
391712	0.002601886062
391799	0.002596318219
391821	0.006399887325
392015	0.004323546929
392022	0.0007704975306
392171	0.0008429285212
392185	0.0009532082979
392204	0.002113380063
392227	0.0005004240905
392252	0.0003796964129
392286	0.002694721826
392318	0.0003944306662
392340	0.0004943062888
392393	0.005308873327
392420	0.0010283932
392471	0.00124808683
392508	0.00150864761
392511	0.0001818900423
392566	0.002343818773
392663	0.002305014884
392750	0.0002740800037
392868	0.001131969261
392921	0.002615912979
392995	0.0008788485033
393009	0.0001324138459
393017	0.001004052487
393030	0.0001512929919
393031	0.005255243961
393215	0.0006882073327
393283	0.00214707947
393375	0.0007952233998
393442	0.0001881869961
393460	0.001032448739
393483	0.0002098387307
393536	1.625174046e-05
393568	0.002710725931
393661	0.0004048582453
393798	0.002397108155
393809	0.0008697622774
393852	0.001472551457
393872	0.0009213949743
393934	0.0002716509149
394034	0.004324372805
394332	0.003328004928
394396	0.003233126433
394462	0.0003687521523
394464	0.0007994560262
394487	0.0008298594575
394522	2.123237057e-05
394535	0.0002340037759
394562	0.0002572965411
394602	0.0003017089402
394642	0.0001515884454
394656	0.000533982371
394684	0.001477378463
394815	0.006145820135
394857	0.002682786906
394896	0.0007749410286
394963	0.0004054706923
394965	0.0001405862345
394968	0.001601287948
395004	0.001143563188
395032	0.0001620126141
395118	0.00040157198
395150	0.001077625494
395190	0.0008148724761
395220	0.0006996327766
395248	0.00249218573
395338	0.0009154087753
395461	0.0004411796302
395558	0.0005322122263
395573	0.00593346862
395735	0.0019501067
395756	0.0002489623856
395785	0.0004023548424
395813	0.002553853069
396256	0.0001322902902
396263	0.0001659040612
396394	0.0006872888491
396427	0.001529795397
396442	0.0003334350646
396453	0.003281061844
396505	0.000678699604
396529	0.005695515362
396536	0.006007855051
396547	0.0005247081983
396555	0.0001777568606
396697	0.003301515618
396803	0.0004798679574
396824	0.0004276049376
397157	0.00126139793
397299	0.001866642745
397346	0.0009978538982
397471	0.0009394463211
397494	8.19742309e-05
397614	0.0007116231127
397659	4.19104019e-05
397743	0.0003399645534
397772	0.002014116396
398025	2.614986946e-05
398122	0.001051012853
398261	0.0007974038589
398315	0.003904675504
398534	0.00624656088
398631	0.009919957435
398746	0.003983481921
398870	0.0009997017752
398886	0.0001586902926
399118	0.0003664503113
399159	0.001530906768
399233	0.0009831145165
399290	0.001383780963
399373	0.0006077386315
399423	0.001697509056
399433	0.0007477081411
399461	0.0004829100158
399498	0.0006452610801
399556	0.001430304241
399579	0.001694818299
399593	3.71009596e-05
399611	0.001253614169
399634	0.0001223019567
399671	0.0008911725237
399682	0.002262485904
399955	0.002408997259
400132	0.001431244141
400166	7.703462292e-05
400255	0.000923243798
400325	0.001345628515
400345	0.0007219268161
400556	0.002405370011
400564	0.0005988909888
400591	0.003760214488
400603	0.006210512339
400646	0.005923348107
400812	0.003124625958
400847	0.004177021223
400943	0.0005085355371
400961	0.0009119359319
401001	0.0008719397106
401025	0.0001264874216
401047	0.001181127514
401111	0.00106914841
401166	0.001319899482
401208	0.002217516429
401213	3.987039479e-05
401259	0.001832013329
401332	0.0005860584104
401337	0.0002608061438
401431	0.002546833696
401436	0.002229004736
401487	0.0004353114454
401558	0.0007314056725
401626	0.0009923496395
401661	0.0001329942399
401666	0.002095316055
401788	0.001534210962
401839	0.001426747517
401939	0.00361084677
402017	0.004216103796
402021	0.00146909195
402047	0.003165628225
402119	0.001225949328
402241	0.002001112379
402539	0.000805013395
402640	0.001123099707
402693	0.001046651306
402844	0.00101925565
403008	0.0006895805413
403029	0.001477543122
403255	0.0002630630918
403298	0.0001208790127
403331	0.0009368609039
403337	0.0006813718377
403418	0.000644468475
403453	0.001168497027
403867	0.001948895721
403939	0.0001523702056
403946	0.0008916380028
403958	0.000182133917
403965	0.0001089549784
403995	0.001405713177
404166	0.002172650397
404219	0.001164617922
404406	0.000444137431
404481	0.001910859671
404605	0.00451190701
404729	0.00058419347
404778	0.001175182622
404979	9.648379462e-05
405023	0.0001529913677
405160	0.0002765991003
405164	0.002631381955
405290	0.001511204333
405355	0.001280025865
405358	0.0008988734647
405377	0.003182820236
405440	0.0001712739862
405500	0.0004401199878
405521	3.65717216e-05
405562	0.0003912863854
405762	0.0001598094626
405924	0.001041812811
405928	0.0005672649904
406229	0.0009898836041
406239	0.0003913069307
406287	0.002551786742
406362	0.0004096803142
406398	0.005743400001
406464	4.126822898e-05
406487	0.0004029883812
406495	0.0002791916791
406584	0.0001677204547
406749	0.004701321986
406910	0.0008192856041
406917	0.004584505027
406927	5.150819853e-05
406988	0.0002946596875
407096	1.044762889e-05
407155	6.975194661e-05
407293	0.00268631068
407346	0.00128856364
407414	0.0001953863806
407432	0.0003823879946
407452	0.002398726091
407527	0.0004313014141
407672	0.0003449485185
407860	1.946420319e-06
407872	0.0004109649537
407877	0.001440426018
408014	0.005953770357
408018	0.005426041646
408038	0.0008011180609
408114	0.002763387525
408273	0.0005710060462
408312	0.005310003399
408397	0.0006694149021
408513	0.0005078807209
408592	0.005169610694
408595	0.00265056439
408598	0.006051597926
408700	0.002951459651
408727	3.591957655e-05
408761	6.478607397e-05
408926	0.002382111601
408957	0.003617118776
409024	2.680675839e-06
409096	0.0007236888908
409125	0.002749181145
409131	0.00191320813
409620	0.001377443948
409639	0.0006088653927
409871	0.003010432312
409985	0.0007277298464
410015	0.0005877674533
410041	0.002833482846
410089	0.0008911731348
410155	0.0005943421981
410163	0.0004675175053
410283	0.002256305341
410311	0.002099524528
410625	0.0006561281058
410635	0.00426856142
410675	0.0004718169672
410686	0.003071482323
410951	0.00234600268
411137	0.0008889684146
411169	0.0005411055391
411207	0.006907029917
411293	0.0008562448595
411310	0.005908404967
411403	0.002020843856
411526	0.001393477441
411637	0.006600119599
411640	0.00130172415
411730	0.0004537538228
411833	0.002473851297
411884	0.001089269695
411959	0.0006093811812
412067	0.001438577372
412292	0.0005851092784
412315	0.001649146686
412332	0.0003429218464
412501	0.004098511548
412502	0.002558221404
412623	0.001149504531
412624	0.0004991659273
412748	0.001568693014
412772	0.007662866403
412775	9.810727075e-06
412813	0.004191294975
412827	0.001660844877
412845	0.001773624614
412879	0.0003453112053
413050	0.0003530191495
413060	0.0007739003343
413183	0.001251260148
413379	0.001569196417
413403	0.002352786536
413598	0.001257635531
413636	0.001075992063
413685	0.0006615809861
413692	0.001260966065
413697	0.003773486958
413800	0.004883816461
413830	0.001920373761
413958	0.002448371038
414230	0.000512648507
414317	0.0009681204787
414333	0.0009787577311
414362	0.005877678589
414745	0.002203344734
415024	0.000188371105
415036	0.0008881623426
415085	0.0009155205822
415167	0.001250357651
415319	0.001008655
415377	7.206127103e-05
415423	0.002576200716
415522	0.0003228703225
415547	0.002733847218
415619	0.003475740442
415622	0.003134472254
415654	0.001190563276
415781	0.001631876244
415834	0.00137216772
415848	0.0002138972606
415889	0.0006590513559
416054	0.001518559699
416113	0.004297928765
416135	3.120913909e-05
416225	0.00103460942
416270	6.85268788e-05
416639	3.597992331e-05
416674	4.116244366e-06
416785	0.006449322302
416923	0.0002049263757
416985	0.0001863697955
417030	0.0006917131337
417274	0.00106845801
417389	0.00564042111
417496	0.0003130996007
417596	0.006658877567
417613	0.0009214469291
417712	0.003646373507
417757	0.0002491725175
417950	0.002484351673
417963	0.001425125649
418017	0.0001989326161
418046	0.0003568840077
418192	0.006225673999
418200	0.001205568966
418226	0.001922337125
418276	0.001025024697
418290	4.071734391e-07
418473	3.864412133e-05
418511	0.0003852520178
418537	0.002813101478
418607	0.002260659896
418661	0.007248187732
418734	0.001093452736
418747	0.006535154875
418785	0.001092712881
418854	0.001176643973
419024	2.613566801e-05
419159	0.001052320351
419186	0.002169277379
419240	0.003100949077
419248	0.005231898967
419286	3.858921102e-05
419287	0.003259794692
419342	1.512574839e-05
419370	0.0008509901388
419389	0.003767485149
419468	0.0004199522064
419599	0.001570782067
419613	0.0003915927194
419727	0.0001535674376
419753	0.001522615163
419812	0.0004371148301
419837	0.0001765084702
419982	0.0009783468904
420030	0.003155510712
420133	0.0009934301303
420164	0.0005609652635
420237	0.006336877992
420321	0.0005571821153
420451	0.0001590306872
420613	0.001974737616
420708	0.001728917577
420771	0.000232302568
420985	0.001572660326
420988	0.001767046082
421156	0.0006566342757
421224	0.001764123377
421431	0.001218976953
421496	0.0007932675311
421509	0.0009809530139
421533	0.0008998642092
421584	0.0005272433521
421663	0.001994131653
421838	0.0007441206781
421859	0.003646299114
421868	1.410281006e-06
422241	0.004953949954
422442	0.004003452295
422535	0.0001034666512
422549	0.0005057553887
422578	0.0004843850065
422647	0.002808222969
422787	0.0005259987682
422991	0.001936828985
423026	0.0002919175077
423027	0.0003473926799
423139	0.001655367121
423633	0.002089146217
423637	0.003146016734
423642	0.0003718690695
423714	0.001170585852
423742	0.002589850492
423753	0.003982558584
423772	8.69466635e-05
423916	0.004449032266
423950	0.0001587899599
424020	0.0003292983997
424120	0.0003742866218
424169	0.001741844622
424210	0.002826175515
424427	0.003117584614
424555	0.002109163938
424633	0.0007211374527
424668	0.004507780442
424675	0.004657451618
424687	0.001389347387
424717	0.003772124839
424875	0.0004251747041
424995	0.00443118282
425075	0.00200565083
425209	0.002674705119
425415	0.002643024445
425676	0.004160378902
425721	0.00223017325
425818	0.00696037175
426015	3.802358884e-05
426105	0.002495566077
426151	0.0002057702738
426205	0.00492665731
426268	0.0001124981371
426324	0.001835972877
426352	0.003459292675
426429	0.001423560345
426431	0.001184962359
426568	0.0004408512836
426799	0.0003962411723
426813	0.002211302811
426852	0.004936830303
426877	0.0009766071724
426934	0.003020729815
427053	0.0004054170554
427248	0.003692442039
427364	0.001757693351
427402	0.000226978702
427451	0.002881799353
427501	0.001008473677
427507	0.001727885474
427515	0.002546518719
427517	0.003867600902
427596	0.001063688285
427683	0.00368506771
427708	0.0006847625288
427773	0.0008061990326
427890	0.00071575676
427957	0.0008401335659
428114	0.0008899462726
428125	0.008518050607
428193	0.0001705649581
428251	5.466998403e-05
428304	0.002271449495
428306	0.002021464484
428335	0.005391044068
428448	0.0008558728177
428474	0.0043741631
428579	0.002148031378
428591	0.003284958493
428627	0.0007811960782
428715	0.001406994258
428821	0.0008123596238
428838	0.005032652875
429015	0.001096606114
429137	0.0009014868771
429212	0.0004167299013
429288	0.000557705233
429297	6.344486721e-05
429622	0.001424826709
430004	0.001481158587
430163	0.000128989566
430194	0.002934064054
430254	2.43344844e-06
430291	0.001043676718
430413	0.004663580453
430801	0.001517097569
430858	0.008319460806
430894	0.0001252833011
430977	0.0006284642877
431006	0.01080638972
431197	0.0005003771682
431209	0.002203967913
431410	0.001340299838
431640	0.0005156103682
431658	0.001295202982
431662	0.0004166668203
431726	0.0007443206679
431755	0.00067240631
431859	0.00102717248
431932	0.002822005173
431941	0.0006678398453
431999	0.003600531764
432077	0.00229634077
432267	0.0004948225
432344	0.006463308345
432377	5.794242479e-06
432383	1.904699101e-05
432622	0.0008370787295
432673	0.001015543456
432733	0.0006779039956
432791	0.007114923761
432851	0.001992467282
432899	0.001721984959
432902	0.0009880323605
433030	0.0008415306512
433120	0.0009372090562
433202	0.000115798502
433444	0.001399253967
433466	0.0001861353782
433596	0.00106838548
433610	0.0002558400365
433665	0.001309027478
433695	0.005207620175
433773	0.0005050493981
433943	0.0001564572386
433969	6.377667544e-06
434065	0.0008335872911
434171	0.0001468614368
434179	0.0001335254766
434332	0.0001988609213
434409	0.0005441739186
434723	0.0008487519837
434885	0.001080543254
434975	0.004040170887
434980	0.0001813698044
435046	0.0003927725335
435203	0.001348612467
435305	0.001268898106
435459	0.0003674111065
435469	0.00045321888
435511	0.008283790261
435512	0.007347408261
435610	0.005367939554
435712	0.0005547165963
435777	0.0001586551886
435831	0.0001817247821
435890	0.001641426927
436009	0.001063455376
436055	5.250696237e-05
436073	0.0004079743112
436145	0.0001498648491
436198	0.0009519671437
436314	0.002715926363
436342	0.001146438646
436664	0.003595188553
436786	0.002634138646
436792	0.001549949394
436796	0.0001498759871
436814	0.001495717929
436894	0.003200998738
436900	0.004307771394
436912	0.008784628289
436963	0.001485277504
437033	0.004232432402
437037	0.001269581662
437043	0.009106634483
437176	0.0002158832007
437274	0.002013867842
437425	0.0006371341233
437474	0.002304809647
437475	0.0006566417741
437530	0.003111893076
437755	2.33197453e-05
437830	0.005647613847
437862	0.0006002567236
437865	0.001717358381
437892	0.0003796115759
437982	0.0002930398452
438017	0.001855698242
438198	0.0004665306616
438202	0.001444396102
438408	0.0009856946202
438550	0.0003432438224
438864	0.00163610823
439239	0.0009699323668
439290	0.00211052006
439396	0.002665370286
439414	0.001041170776
439467	0.0001361370973
439474	0.001642564635
439492	0.003426537933
439857	0.000475445076
439871	0.0002388866185
439875	0.001786127596
440019	0.0004835873982
440097	0.008422769585
440218	0.00136132746
440231	0.00117107268
440262	0.0001134143236
440266	0.001056087812
440307	0.0007756389226
440439	0.001041391141
440454	0.002600460629
440497	0.001972441286
440815	0.0002049466519
440877	7.498000636e-05
440939	0.004771703579
441118	1.306105976e-05
441208	0.0002492309224
441320	0.004066321775
441503	0.0008201467518
441688	0.0006388389374
441736	0.001206533635
441808	0.004234559146
441888	0.0001846596181
441895	0.0006827405417
442174	0.0009813321249
442185	7.707812923e-05
442284	2.797723452e-06
442399	0.001766265638
442412	0.0001489301783
442424	0.001173981875
442466	0.001389493024
442494	0.004329777246
442672	3.448191246e-05
442755	0.00210604545
442897	0.0007492308927
443174	0.002117907006
443183	0.0008655193438
443212	0.0005197087102
443361	0.008133780739
443500	0.007995247145
443573	0.001182726633
443752	0.001909994364
444098	0.0001842032111
444206	0.0003498253236
444467	0.001505685727
444547	0.0001572995921
444570	0.0004704229582
444655	0.00202539926
444665	1.00617174e-05
444722	0.0003529263762
444733	0.001379152767
444850	1.561569734e-06
444851	0.0008172659363
444855	0.002256416094
444985	0.003377208031
445131	0.001665426988
445191	0.00694959155
445234	0.001462102076
445252	8.787085075e-05
445288	1.6318402e-05
445428	0.0002263889567
445584	0.00125790501
445809	0.002352418778
445946	1.409030368e-05
446006	0.001175561979
446018	0.002815028677
446346	0.0007536707027
446459	0.0003608127456
446476	0.004416986266
446555	1.089399255e-06
446579	0.0002166771102
446604	0.0004007538413
446618	0.001279325528
446630	0.0004492092897
446666	0.0006614184716
446748	0.0004651467728
446789	0.002145290175
446927	0.007376856407
446967	0.0009987653809
446988	0.0002615031803
447124	0.0001022957407
447142	0.001381233434
447214	0.001478918414
447650	0.0003052456546
447725	0.001500942539
447749	5.709639699e-09
447773	0.0008686467655
447968	0.0001282836622
448034	2.864266592e-05
448142	0.0001477736287
448196	0.002487578216
448390	0.0004766230929
448391	0.001953913019
448743	0.001518504454
448758	0.0004717624107
448760	0.00662593739
448805	0.005708407201
448820	0.001410748521
448920	0.003172878897
448938	0.001561070331
449003	0.001878282393
449115	0.0002014818075
449133	0.004557468204
449172	0.004825795398
449316	0.001017296331
449383	0.0006334128843
449572	0.005087117291
449611	0.00154297998
449766	0.006267941529
449820	0.007554794729
449863	0.01042859454
449886	0.0006816970335
450038	0.001634412592
450083	0.001244416663
450160	0.0009376257653
450235	0.002797694736
450360	0.003547715971
450395	0.00368773955
450498	0.001593478373
450504	0.0004739355602
450557	0.004175714427
450590	0.001631747131
450630	0.004340360789
450691	0.001113685384
450714	3.930249519e-06
450773	0.0003832795477
450870	0.004843164618
450916	0.003656942096
451039	0.002082670663
451063	0.001508123178
451100	0.001152001865
451200	0.0005096349101
451249	0.001925284248
451271	0.0002845152867
451473	0.008136266188
451539	0.002360904779
451586	0.00156999433
451591	0.002583356612
451629	0.0002126332431
451689	0.001744457659
451830	0.007379994221
451862	0.0009903846192
451918	0.0002308540115
452087	0.0003420065532
452096	9.590658513e-05
452109	0.0004484475505
452171	0.001919364173
452248	0.0005398047973
452270	0.0003287572335
452273	0.001152783106
452284	0.0006631832294
452387	0.002814718579
452417	0.0005367231679
452496	0.0006152298797
452704	0.0009387898919
452799	2.870756138e-05
452953	0.0003331674968
452993	0.001665359829
453065	0.0005704430829
453083	0.00123421189
453192	0.0005103235107
453280	0.01265889197
453337	0.001075419533
453384	0.00166554098
453472	0.0005939715106
453484	0.003413671493
453780	0.0006514802199
453844	0.001747776839
453967	0.007043766828
453979	0.0002118853433
454081	0.00147372173
454148	0.00265759043
454223	2.934336098e-06
454271	0.001009865626
454278	0.001506102172
454290	4.1828112e-05
454318	0.001634513799
454651	0.0001497968633
454682	0.0001936728941
454751	0.0001705286744
454913	0.0003249274598
455002	0.0001560460098
455088	0.0006974641253
455179	0.01130805148
455193	0.002785130291
455252	0.0006558221262
455323	0.0006541537654
455458	0.0001676779289
455477	0.001554300583
455514	0.00305239915
455597	0.0006098578456
455776	0.0003073362421
455782	0.0009917045334
455877	0.002932917825
455881	0.005485578289
455926	0.0005972357016
456080	0.0001539490851
456120	0.0002446035938
456178	0.0009340450697
456194	0.003710425466
456374	0.000736986385
456529	0.0003284855192
456604	0.003837765237
456612	0.0007722864295
456628	0.0006085723344
456636	2.949235675e-05
456712	0.000492723897
456725	0.003036331372
456743	0.002369912283
456769	0.002117661478
456785	4.180598188e-06
456957	0.004983124204
456965	0.0002080311287
456984	0.0006527421749
457101	0.0001637084049
457158	0.002936675193
457502	0.01164294636
457520	0.0001621276891
457587	0.0004709176068
457630	0.0001890016038
457661	0.00677864405
457760	0.0003201257576
457778	0.001315681179
457791	0.001758630479
457800	0.001564203041
457859	0.002536580087
458153	1.959548345e-06
458177	0.002646644513
458191	0.001045378074
458348	0.0001271944663
458437	0.0001822102709
458501	0.0007354080216
458661	0.001719478157
458827	0.001314671921
458880	0.008135824822
458903	0.0006237017125
459035	0.001353224172
459082	0.001842180484
459269	0.0009811879639
459348	0.0002133777042
459372	0.0002513714976
459466	8.810036744e-05
459535	0.001576403008
459612	0.0006655135535
459637	0.001358418666
459701	0.0005334073132
459714	0.0009386728773
459719	1.920930216e-05
460142	0.005975021518
460157	0.00307008424
460287	7.553721848e-05
460383	0.002417760375
460394	0.0008799877461
460559	0.0007785042113
460611	0.005245149374
460690	0.0005036533867
460817	0.00187411285
461038	0.001603085221
461069	0.002283054643
461103	0.001516298398
461165	0.0004567435008
461219	0.001373382993
461447	0.002607804314
461538	0.005421813891
461706	0.0001129692473
461828	0.0005048907286
461839	0.01025933511
461905	0.001222190053
462025	0.001954736644
462026	0.001305993157
462062	0.0005398147334
462070	0.0003989658442
462095	0.0004065910203
462183	0.000495062609
462288	0.002954491143
462303	0.0003484718128
462313	0.003437138126
462383	0.0004643638735
462515	3.866763489e-05
462657	0.0004951699064
462937	0.0002257688917
463040	0.001923465108
463048	0.001354918211
463192	0.001424736533
463238	0.007123450761
463248	0.003600163418
463336	0.003791740432
463414	0.0003006612668
463584	0.0002575067072
463781	0.003754636304
463851	0.002183249852
463962	0.002847580772
464019	0.0002214899949
464049	0.0008239076659
464104	0.0001029997127
464147	0.0008959113092
464190	0.0008080168816
464449	0.005235607428
464511	0.002773761787
464563	0.0008853788032
464570	0.002013851437
464611	0.002206508381
464698	0.002232627824
464700	0.0002435723437
464722	0.000628179186
464758	0.000136946917
464783	0.0005497910809
464848	0.0007340909572
465004	0.0001920770003
465033	0.001819631411
465067	0.001369612031
465143	0.001024498681
465226	0.0004496745259
465498	0.0005070736836
465585	0.0003696372605
465679	0.004399137894
465682	0.0007275366985
465691	0.0009260835871
465726	0.0007385146453
465991	0.001085367018
466047	0.0008728280214
466106	0.00186533653
466141	0.002787083312
466237	0.0001806816757
466280	0.003229529721
466370	0.0007796467487
466454	0.002014138358
466593	0.0002736958152
466726	0.0003697231241
466805	8.787137129e-05
466857	0.007666100051
466958	0.0002004967166
467185	9.566746921e-06
467190	0.0004919606395
467199	0.0007112558863
467320	0.0005507163474
467347	0.002655697952
467430	0.0002067146387
467458	0.0001629304285
467486	0.001324829805
467794	0.002776402341
467981	0.0004293388087
468009	0.0004829128598
468208	0.00229085823
468270	0.0004305128829
468330	0.0032188324
468365	0.0009118852078
468588	0.0006868139301
468673	0.002037426077
468913	0.001142951911
468963	0.0001215859197
469039	0.005519382056
469193	0.0007385311535
469255	0.001215825386
469378	0.006073785854
469568	0.0004876802192
469569	0.005392811454
469655	0.00247589071
469807	0.002098794572
469815	1.204733976e-06
469817	1.010606227e-06
469890	0.0006020296675
469908	0.0008924821189
469986	0.001402060976
470014	1.50630258e-05
470032	0.0007005133482
470113	0.0006426367786
470218	0.001984350676
470394	0.005589284051
470439	0.0007069345514
470611	0.0006040724475
470692	0.002541740557
471027	0.0008195818649
471109	0.0004251153852
471518	0.0005584265663
471632	0.0006632327028
471832	0.002934388456
471917	0.0005171085924
471925	0.0005134529924
471973	0.0007807980819
472064	0.0007317078595
472121	0.0009815685167
472316	0.005279340324
472363	4.857669719e-05
472512	0.002208045585
472533	0.003135187926
472786	0.004916342181
472918	0.0006819194145
472919	0.001615237106
473030	0.00422619004
473073	0.000275383344
473171	0.00079714069
473247	0.0008855507913
473302	0.0004398773405
473526	0.0008607812141
473772	0.001097117407
473823	0.001089108604
473944	0.0006601960413
474146	0.0003100037354
474210	0.002464281739
474452	0.001572441003
474487	0.002214797234
474534	0.001399271076
474692	0.0002861694194
474700	0.0006240982773
474767	0.002716737442
475048	0.005080040514
475113	0.001035897648
475116	0.001352651259
475159	0.001524469676
475251	0.001493745932
475479	0.002535557357
475512	0.005351434342
475659	0.001023689708
475687	0.003590559761
475704	0.001833721146
475779	0.0003203936878
475918	0.001777515345
475972	0.0003660510046
476086	1.902341561e-05
476133	0.00513090988
476446	0.001000282511
476480	0.002433385222
476634	0.001635208828
476884	0.00108141312
476975	0.0002923909412
477059	0.009064066451
477073	1.314359059e-06
477164	0.00125442592
477301	0.004560939317
477323	0.0007735330463
477328	9.037406392e-06
477414	0.0005475858677
477664	0.0002894381015
477666	0.002439432238
477689	0.0001362085754
478000	0.006698489145
478020	0.000580608008
478190	0.001642648287
478366	2.977877992e-06
478388	0.002903448148
478465	0.001956087954
478506	0.00153742504
478536	0.000748389216
478582	0.002262864591
478853	0.002913974422
478854	0.002056189572
478902	0.001962850826
478960	0.002194773668
479023	0.0004064443432
479108	0.0006113848989
479126	0.0001061985753
479136	0.00111243309
479156	0.001104888507
479307	0.0003180736828
479366	0.00017519792
479369	0.0004267104452
479624	0.0004812344833
479695	0.0007571319115
479760	0.009070218229
479762	0.009172849413
479841	0.007915833472
480248	0.0004963906684
480277	0.002589355476
480410	0.001305233747
480463	0.00137280759
480651	0.00308717596
480719	0.0004560170518
480762	0.003091482807
480865	0.0004318636729
480869	0.001763273463
480897	0.002900140692
480957	0.001006026852
481070	0.006585234585
481077	0.0006496079171
481242	0.005225232761
481405	0.007662290924
481541	0.0003434940308
481629	0.0003176402008
481669	1.931000146e-06
481735	0.0002749526597
481827	0.006999163332
481856	0.002359883521
481900	0.00219981851
482092	4.751257643e-06
482173	0.001930230914
482231	0.00278945442
482285	0.0009376296329
482320	0.001255641371
482333	0.003520699429
482365	0.00224342048
482410	0.001636736986
482469	0.005898436701
482688	0.00235174799
482791	0.001450128687
482804	0.001162780602
482841	0.001429190612
482881	0.0018163435
482978	0.0005984693527
483107	0.001100358418
483151	0.0002370889019
483195	0.0004883447284
483212	0.005519783376
483236	0.0008873455349
483393	0.0002950611712
483462	3.148605945e-08
483652	0.001943928877
483827	0.0004811200053
483854	0.0001785284118
483981	0.000578171005
483996	0.0001954025462
484100	0.001391581052
484101	0.001926086986
484117	0.002644725405
484170	0.001601873131
484331	0.00122585273
484374	0.006254738931
484440	9.285812736e-05
484599	0.0007297317737
484611	0.000623535054
484624	0.0009374412559
484632	0.003778476068
484745	0.001058591473
484847	0.001153198822
484960	0.003613005143
485136	0.001703350599
485196	0.006900512538
485310	0.01040330753
485324	0.002521013955
485331	0.0003968112238
485803	0.000414409412
485911	0.001806892486
486019	0.001305329046
486049	0.0008512010992
486085	0.002163191348
486226	0.0001515834549
486227	0.0006534868774
486322	0.000460285983
486365	0.000404108389
486404	0.004309995778
486418	0.00100875709
486538	0.005155205985
486635	0.001690910823
486704	0.00111558971
486843	0.002659215163
486972	0.0001082928638
487123	0.006879908767
487427	0.0006404084578
487596	0.0001404406564
487615	0.0007298092735
487637	0.001896537682
487764	0.001534044575
487798	0.0005233186741
487858	0.001051092862
487875	0.0004318150016
488041	0.00072454772
488162	0.001086510056
488164	0.0002422066208
488208	0.002903434576
488226	0.0002641960337
488299	0.001638473721
488392	0.0006877540456
488417	0.001949325973
488463	0.001408238247
488564	0.001111249491
488633	0.003914865556
488653	0.0005508643635
488674	0.001128735103
488743	0.004251048731
488900	0.0004507514532
488920	0.00134312072
488961	0.0001415421105
489169	0.0009748010084
489202	0.005529942814
489246	0.003727086763
489333	0.002775548947
489348	0.0002059765561
489377	0.00179787918
489473	0.0001873318227
489505	0.001635577598
489627	0.005100404178
489669	0.003142169004
489698	0.000119076057
489854	0.001251996673
489894	0.0004081315148
489962	0.0005253180447
490035	0.001573513853
490086	0.003620468635
490181	0.0008138043671
490392	0.001574891422
490503	0.003133732923
490523	0.002306180122
490528	2.066261511e-05
490973	0.001524840806
490974	0.002583815855
490995	0.0002357144982
491007	0.0008276515797
491226	0.000323428896
491300	0.006491403918
491404	0.001734223937
491714	1.82378965e-05
491717	0.002125580271
491726	0.0001471866355
491727	2.570859966e-05
491811	0.004645751664
491922	0.004612900535
492010	0.0001654824133
492159	0.0002231109272
492160	0.0007802702387
492188	5.138770789e-05
492266	0.003191748839
492371	0.003712275917
492607	0.001146150567
492731	0.004162733843
492893	0.0001086683647
492918	2.904917069e-05
493024	7.013580579e-05
493203	0.001074606648
493644	0.001464766975
493692	0.0004551985542
493719	0.0002922327709
493915	0.001008575059
493949	0.003347585006
494064	0.003611212966
494115	0.0009477919845
494133	0.005979932044
494407	0.006961185336
494445	0.0047157548
494450	0.0005788556497
494534	0.00483658347
494544	0.0009454071429
494572	0.0002053783132
494597	0.0002935853151
494721	0.001129764941
494826	0.002646772397
494968	0.001060976591
495475	0.00548911048
495559	0.0004763065189
495609	2.470218519e-06
495639	0.002610805502
495657	0.0004617497175
495710	0.0003717137957
495749	0.001801851901
495755	0.001297978717
495772	0.0004899502446
495867	0.006991999977
495875	0.000865872331
495988	0.001289700993
496051	0.0004998429892
496155	0.003771618753
496347	0.003234841313
496372	0.0004236826548
496541	0.001220908134
496647	0.001073222039
496720	0.001107041832
496805	0.0002216903903
496810	0.0004519236352
496823	0.001223885775
497045	0.005306745719
497190	0.0009406877324
497371	0.000701598991
497596	0.003633430152
497693	0.00149330269
497697	0.001433263483
497909	0.005889160874
498019	0.001344324951
498020	9.397282399e-05
498083	0.0006871981912
498178	0.0006324520428
498559	0.002565555325
498594	0.003893156919
498607	0.003080596765
498846	0.0002366762023
498869	0.001454644311
498893	0.007176925288
499004	0.001599840597
499058	0.00833202552
499079	0.0002406377055
499134	0.0001856463075
499156	0.002348372398
499168	0.00208730186
499197	0.001244029311
499259	0.001339656748
499292	0.002991259357
499343	0.0009267240014
499370	0.0004827315834
499398	0.004765974849
499420	0.005480268648
499442	0.001954040366
499466	0.001056769779
499567	0.0002141582192
499631	0.0005874037253
499668	0.0007911162799
499827	7.120003501e-05
500039	6.088730658e-06
500052	0.001741361616
500068	0.0006688936559
500100	0.003239611347
500167	0.005579324337
500222	0.001485487943
500230	0.0009538007454
500328	0.00174973373
500360	0.002754888034
500476	0.000197710262
500550	0.002710430861
500700	0.00512378243
500867	0.0009889279635
500902	0.004866654948
501016	0.002074426737
501056	0.00301082127
501140	0.001527730027
501413	4.861447398e-05
501461	0.002470838577
501827	0.0004858635963
502067	0.0008428096787
502185	0.0005715937618
502543	0.0003454341558
502549	0.00982600394
502560	0.0003174132289
502565	0.001980926538
502664	0.0008252962067
502715	0.0004317830453
502730	0.00575908924
502918	0.001567840857
502977	0.0008935684466
503019	0.0001566934664
503057	0.000894046582
503086	0.003580617341
503203	0.0009457602104
503217	0.003732257275
503264	0.001719926271
503394	0.0002453482782
503451	0.0008987056579
503535	0.0005411989699
503652	0.0006686750367
503706	0.00904059792
503713	0.006334765852
503716	0.007240890356
503835	0.0007277071236
503933	0.001682611484
503946	0.01101407254
504006	0.0005627182318
504315	0.0007817471672
504347	0.0001329944622
504380	0.0009070504417
504424	0.0006265185149
504508	0.002575008841
504564	7.700400741e-07
504660	0.0007551776547
504754	0.001238870586
504799	0.001432167714
504807	0.004153244992
504980	0.003398348495
504999	0.004690175448
505204	0.0003034334324
505232	0.002680412985
505387	0.001465504338
505432	0.0008950436169
505841	0.002472029688
505853	0.005724796119
505953	0.003211419969
505962	0.002370704101
506011	0.0003483545468
506149	0.0007898981652
506237	0.00267835878
506246	0.004179355017
506570	0.00362178655
506656	0.0003004144653
506869	0.005139650931
507161	0.001649728839
507394	0.00911884799
507433	0.001211725107
507606	0.0001739297504
507625	0.0002001203457
507858	0.00820597637
507865	0.000249034109
507871	0.003938897588
507934	0.005361012963
507947	0.002083042278
507957	0.005081364365
507963	0.002274293121
508050	0.001804704479
508303	5.013275728e-06
508319	0.002329261907
508325	7.217395693e-05
508524	0.003123594694
508526	0.001416449058
508545	1.167359371e-07
508676	0.0006298589264
508698	0.005582174103
508728	0.0007144866874
508814	0.007082509907
508850	0.003685540116
509125	0.0004916645391
509168	0.0002837421551
509175	0.00190502532
509231	0.004653278098
509249	5.26302321e-05
509261	0.0003719567593
509358	0.0008552548253
509541	0.0007915367781
509594	0.00170046842
509837	0.0008963856681
509876	0.0009070402366
510021	8.324849806e-05
510066	0.0009347284653
510155	0.0003281509412
510320	0.00504979024
510327	1.101370466e-05
510347	0.0005003825249
510398	0.0008942878411
510440	0.0004016673619
510457	0.0003537743656
510468	8.443084168e-05
510531	0.0002267887604
510573	0.001054862908
510683	0.006669925413
510689	0.003288739632
510832	0.0007957308904
510938	0.001744884573
510986	0.001191202953
511036	0.0006569072633
511231	0.0008401554075
511489	0.0004505174803
511521	0.0005142744829
511650	0.002574228922
512093	0.0003796407056
512124	0.004110762337
512215	0.001317070231
512240	0.004510706879
512314	0.0008470244925
512454	0.002061686694
512591	0.001328181709
512599	0.0003624822099
512611	0.001774326231
512638	0.0001578397082
512711	0.005271924859
512957	0.001323242898
512974	0.002634382014
513055	0.0003289940574
513102	0.0005260845094
513144	0.0003187166723
513342	0.0002854837059
513349	0.00114538927
513429	0.000548618368
513447	0.0004311902149
513557	0.000284235423
513581	0.001164652507
513598	0.002440045649
513874	0.001328163891
513953	0.003026484634
514081	0.002896868722
514169	0.001512764243
514206	0.001003375555
514326	0.0008130169303
514338	0.0002778445444
514505	0.001212231452
514525	7.311727204e-05
514549	0.008019121677
514564	0.001614028041
514589	0.001161657991
514601	0.0005121154575
514647	0.001429177431
514662	0.001500213869
514669	0.0002620454751
514713	0.0008466853934
514832	0.0004162715882
514869	7.653217878e-05
515064	0.001151913343
515168	0.0002810454069
515182	0.008298080713
515276	0.0005196501333
515400	0.002098683925
515528	0.005072226223
515716	0.00300843165
515932	0.005020620695
515981	1.189888913e-06
516055	0.001388585956
516123	0.0005141108747
516258	0.0007803586993
516423	3.739014653e-06
516431	0.001623252024
516472	0.001379868767
516510	0.0006276530166
516581	0.0003885022962
516720	0.0005134157227
516736	0.001323900244
516764	5.006097895e-06
516852	0.002387933252
517038	0.002086588633
517061	0.001941254459
517126	0.001096368541
517169	0.001429568122
517286	0.004752813304
517326	0.003506466985
517376	0.0006731797344
517418	0.0006134416764
517436	0.009201587819
517442	0.001810150566
517558	0.001121528054
517578	0.0009457471735
517594	0.001345407781
517726	0.0004214940259
517869	0.005798172246
518076	0.003191237028
518133	0.0002565011942
518230	0.006274934197
518471	0.0003033536338
518503	0.0001656012147
518571	0.002949108633
518660	0.0006614312302
518695	0.003490464256
518748	0.003552844274
519092	0.0005511813995
519174	0.002986570655
519208	0.004269371312
519242	0.001260518581
519384	0.000530303029
519429	0.006087877559
519482	0.0001644321715
519531	0.0008671044486
519557	0.001049576265
519641	0.0003792097255
519693	0.004118369775
519745	0.005329258848
519983	0.003346946956
520177	0.001304710888
520179	0.0002622050921
520338	0.003290654815
520389	0.001027451144
520662	0.001174065789
520718	0.0003489827972
520885	0.001515649207
520998	0.001825263742
521024	0.004996454773
521032	0.0004317326166
521115	0.007551184782
521159	0.003921715054
521277	0.0008326548167
521445	0.001057233565
521650	0.003604602773
521707	0.004216530635
521847	0.000813583594
521877	0.0001673023107
521922	0.002629586095
521987	0.0100229829
521989	0.002661200727
522050	0.0006492883337
522102	0.001371621364
522115	0.00041340459
522365	0.0006129022762
522399	0.0009300467172
522453	0.001825453455
522484	0.002641551888
522769	0.001341465783
522802	2.847470034e-05
522839	0.001634238695
522860	0.0004691650767
522933	0.004660679231
523014	0.0001907244149
523072	0.003982782399
523173	0.0005260098822
523187	0.002468642357
523485	0.003434619898
523513	0.002377699445
523584	0.0009767963223
523608	0.001287530947
523702	0.00205337218
523715	0.003508713484
523787	0.008758687667
523791	0.003979642043
523822	0.0004229303572
523853	0.001324359997
524171	0.0002656543461
524207	0.0006616587621
524299	0.00259711884
524397	0.0008428810016
524780	0.002118068123
524793	4.557644419e-05
524893	0.007427816376
524938	6.616225371e-05
524993	0.000597965801
525157	0.000671274283
525337	0.001173032489
525375	0.00296964919
525561	0.001537440783
526013	0.001565981612
526055	0.0005464494699
526105	0.002315169783
526154	2.342846106e-05
526253	0.002082650998
526269	0.0003256080513
526316	0.0005834415298
526472	0.0005111501217
526543	0.004816173812
526674	0.002049618613
526772	0.00277802004
526840	0.002622852066
526850	0.0003383812375
526883	0.00661838565
526925	0.006525220082
527178	0.007549728257
527216	0.001403407812
527227	0.002244440997
527231	0.0005698247596
527258	0.0003951408181
527314	0.0002268184753
527502	0.0002219909162
527668	0.008543145987
527674	0.001668173338
527677	0.003324640158
527704	0.0001713188647
527706	8.138973816e-05
527817	4.456183464e-06
527899	0.002940154013
528024	0.003160185281
528031	0.0002258042766
528232	0.0004298926084
528604	0.000243229705
528642	1.164747466e-05
528652	0.001585916696
528795	0.001027939556
528863	8.853991157e-05
528913	0.0006358829725
528942	0.002402463576
529057	0.003165090383
529098	0.002810404202
529100	0.001498974069
529181	0.001722993236
529242	2.727662358e-05
529286	0.002617788084
529382	3.94802553e-06
529561	0.007418862005
529576	0.006001481136
529604	0.000662372712
529730	0.001514011226
529843	0.0009693652385
529880	0.0008119008834
529931	0.001389949256
529990	0.001189770573
529998	0.0007112112893
530083	0.001522033566
530105	0.001687409267
530127	0.0004277340004
530175	0.001097098146
530367	0.001159790312
530428	0.006506755227
530439	0.003124237094
530452	0.005724727246
530457	0.001649427648
530492	0.0005281678473
530616	0.001715916781
530676	0.0002912952615
530724	0.001161407222
531008	0.0004530281576
531295	0.001269704663
531349	0.001676725611
531351	0.003791078275
531378	0.000993710358
531381	6.392753906e-05
531401	0.001289176095
531569	0.0001861248888
531764	0.003182102789
532040	0.0006271252653
532138	0.001638544499
532229	0.0004993197566
532337	0.002639002454
532404	0.00148798603
532437	0.0009884162663
532442	0.0004782476165
532493	0.0006646803914
532651	0.000199024953
532687	0.006449212292
532839	0.0003565679848
532847	0.002994843131
533002	0.0007510111327
533183	0.001811174634
533206	0.0001316531402
533462	0.0004127706424
533481	0.0007229054476
533650	0.004600350627
533652	0.004449326027
533756	0.003509217678
533760	8.545527002e-05
534104	0.001624197027
534209	0.006595350564
534277	0.001994475126
534372	0.001110593961
534392	0.002150564235
534406	0.001891992616
534505	0.0006187789469
534535	0.0001728481786
534631	0.000654556852
534640	0.0003711296259
534769	0.001390129546
534832	0.003081625734
534865	0.00177603131
535020	0.0003929237667
535085	0.002725899009
535351	0.006939329298
535403	0.001635693739
535405	0.0006856931435
535411	0.008616081333
535624	0.005274877047
535662	0.0002254423402
535747	0.000773958404
535934	0.002617170023
535972	0.001967145564
536162	8.131288217e-06
536227	0.002877761658
536269	0.00244120405
536312	0.0001837238051
536323	0.001097442114
536337	0.001934641514
536347	0.0003145945117
536481	9.255038541e-05
536607	0.003135083181
536635	0.0002398329416
536694	0.0007898275179
536724	0.0002633132117
536734	0.0005203630248
536778	0.001050678992
536924	0.000135126235
537030	0.002160579189
537226	0.00226584435
537287	0.0009980894498
537369	0.0001115594682
537492	0.0003914617187
537516	0.001722518114
537797	0.004180556781
537824	0.002192943224
537845	0.0005849299541
537856	0.001560810825
537877	0.0003826061151
537968	0.0004827845252
538010	0.0002422598865
538027	0.0001289293069
538136	0.0005290642566
538322	0.00355506231
538334	0.0003793453396
538429	0.0001334653021
538500	0.001965045501
538545	0.0005713685869
538575	0.0005068829757
538784	0.0003749940565
538811	0.0007059064764
538830	0.004002845418
538842	0.001015175032
538956	0.001463240819
539159	0.0001509897983
539169	0.0003313384174
539191	0.001662702968
539275	0.006172497215
539384	0.0009915232954
539669	0.000604108658
539772	0.002720830163
539774	0.001319256247
539797	0.0008552497778
539858	0.001550926297
539997	0.003451966217
540088	0.0007072212692
540168	0.003164738525
540496	0.001896492147
540546	0.0005022068986
540873	0.0005504096527
540888	0.001117828004
540904	0.003379231694
541005	9.646893042e-05
541163	0.003044123139
541198	0.001810741743
541206	0.008279412603
541320	0.002777522632
541361	0.0008143508651
541363	0.001066462754
541454	0.0005308268401
541468	0.001837689338
541574	0.0008888301847
541675	0.0004494794741
541848	0.0004108486954
541944	0.004193935096
542109	0.003110970665
542252	1.018599722e-06
542377	0.0007342717968
542460	0.006421091554
542474	0.005018308394
542513	0.003197665238
542660	5.33398619e-06
542799	0.005702847263
542863	0.006848133141
542900	0.007872492207
542932	0.0006214648108
542966	0.002653362896
543025	6.095116507e-06
543050	0.001049840198
543128	0.001525524047
543155	0.001402886478
543396	0.0006948069941
543496	0.005203215733
543565	0.008930789422
543629	0.00170511533
543656	0.001939174718
543812	0.00688084913
543814	0.00158015926
543951	0.0003504091832
543986	0.00213493003
544130	0.003089385995
544453	0.0008772558639
544529	0.001755746949
544567	0.0005532105874
544681	0.001024997711
544780	0.002302331126
545001	0.0009016752083
545012	0.002534877382
545053	0.0006277218889
545214	0.002024964424
545420	0.0008964779118
545481	0.001937250889
545513	0.001954172852
545602	0.0005486454748
545656	0.004608567532
545674	0.0009296576852
545720	0.0002584981719
545746	0.001290331389
545754	0.0002518986986
545831	0.001973711256
545879	0.0006780843471
545899	0.003596129852
545935	0.0003999343769
546043	0.004423573405
546065	0.0001306273232
546104	0.0009797652326
546265	0.001114079014
546409	0.0008517177806
546524	0.0003066539693
546775	0.001605955724
546858	0.0001259990258
546917	0.001157988142
547049	0.0008474406491
547128	0.0002624070053
547210	0.0003796994792
547227	0.0004095928742
547844	0.001083629882
548135	0.002094373874
548148	0.005592354372
548373	0.003258898779
548399	7.218469507e-05
548579	0.001240857045
548757	0.0001204123006
548989	0.0005325299725
548991	0.001254492258
549002	0.0003772109755
549042	1.239277297e-05
549093	0.0004301258385
549171	0.000509032449
549176	0.000448103302
549270	0.0006453196245
549404	0.0007349285087
549454	0.0001669662834
549523	0.001968293237
549616	0.001402974012
549808	0.0007407264575
549966	0.001087079487
550032	0.0006923496461
550104	0.0004795670496
550313	0.0009123399677
550393	0.001614395591
550426	0.00628955227
550486	0.00032623706
550528	0.001086141801
550578	0.001340989852
551056	0.0003061955229
551127	0.0001993425713
551152	0.001824213778
551357	0.001359422558
551434	0.002082925641
551473	3.295588184e-05
551481	0.0007695679618
551507	0.003389312875
551675	0.0001067858201
552017	0.005399218039
552137	0.0008838042206
552288	0.004000384161
552326	5.8881611e-06
552417	0.002144586721
552616	7.053909986e-05
552620	0.001713916202
552628	0.002048378599
552652	0.001699888654
552791	0.0002608516507
552822	0.003581283388
552870	0.001104636085
553033	0.001293065824
553035	0.002945093263
553170	0.001293245958
553230	0.00381756861
553286	0.003082981735
553302	0.00248212238
553388	0.0004847374612
553390	0.0007451910608
553397	0.0001071677894
553689	0.0007528311881
553770	0.002514613282
553773	0.0002341703129
553887	4.632363018e-06
553927	9.468823779e-05
553991	4.731109997e-05
554090	0.003319090749
554427	0.0008748164078
554511	0.000791477646
554635	0.0002567992699
554871	0.001337018687
554929	0.001914986935
554992	0.0006470628359
555032	0.001627402418
555186	0.0002263781511
555229	0.00301420608
555255	0.00233703324
555462	7.152003648e-05
555491	0.0006900668286
555757	0.00203260738
555841	0.002142050083
556006	0.0002888995226
556033	0.003561238455
556143	0.001794019927
556210	0.0002129151903
556301	7.687451121e-05
556393	0.001155325791
556695	0.000863349869
556942	6.741943068e-05
556958	0.0003199808561
557048	5.438914304e-05
557135	0.002982638846
557142	0.00158617158
557143	0.0004599275432
557196	0.00439101949
557244	0.003063838142
557342	0.001067029363
557620	8.369953681e-05
557901	0.0001471167896
557960	0.0001860397291
558013	0.001292034635
558028	0.004739755977
558057	0.001595335559
558206	0.002539294647
558343	0.001623671575
558396	0.002166120441
558489	8.649287393e-05
558808	0.000239755283
558826	0.000539919174
558920	0.004344442671
558928	0.004874835649
559011	0.0003781631496
559103	0.003830739187
559347	0.000683406342
559405	0.000352368896
559408	0.0006240759194
559605	0.001717150664
559675	0.005247319534
559805	0.000719892036
559822	0.002096739209
559931	0.0005026626924
560000	0.0009421345537
560020	0.00257046178
560044	0.001788287911
560163	0.006127376801
560575	0.000784266783
560581	0.0007324668877
560584	0.0005915323671
560594	0.001120975118
560617	0.001677520801
560653	0.001271876123
560760	0.0002092634234
560851	0.003405268161
560983	0.000159557372
561127	0.004038164322
561189	0.001880323569
561249	0.003862059041
561295	0.002308579369
561324	0.0008855217226
561364	0.001401060384
561435	0.005943871237
561603	0.001461079448
561642	0.0004130369604
561715	0.005063894743
561738	0.0005565580144
561744	0.000688605749
561762	0.002734139872
561822	0.0001459567189
561896	0.002026395129
561959	0.001030823862
562013	0.000471265041
562052	0.003151946749
562204	0.003803964648
562238	0.000543307988
562389	0.001873735099
562466	0.0002648428237
562568	0.0003629970783
562734	0.0005837862783
562781	0.005182347992
562889	0.0003170440581
562980	0.0002265606921
563048	0.003511409126
563157	0.003749509564
563289	0.001557297202
563371	5.283700577e-06
563373	3.576518307e-06
563380	6.449609004e-06
563484	9.795648189e-06
563770	0.003617037877
563771	0.003525424697
563779	0.001220056344
563823	0.001991492345
563827	0.00236992763
563865	0.0006661986587
563928	0.001626319175
564067	0.0003321234703
564149	0.0002991600416
564185	0.002013628689
564255	2.811312395e-05
564279	0.00190179587
564282	0.0002148154308
564301	0.002218399559
564433	0.00174719692
564451	0.0006166188593
564560	0.002642266159
564862	0.0004024405466
564971	1.62484409e-05
564975	0.001360159872
564982	0.0008793308994
564989	0.001706938313
564996	0.004602952721
565070	2.579411626e-05
565190	0.001956129179
565282	0.006834724683
565295	0.0003126231553
565342	0.0007323908769
565439	0.001333239283
565700	0.001508127688
565772	0.0005972039299
565821	0.0004064367098
565938	0.001542952037
566209	0.0006283723597
566282	0.00632624306
566290	0.0005974207094
566356	0.001690429035
566427	0.008924173393
566440	0.001579764812
566636	0.003709200254
566741	0.0005632033164
566870	0.007288449974
566947	0.0001922756578
567002	0.0008776760244
567008	0.001158833869
567026	0.006160816995
567097	0.0009032228227
567101	0.002579760779
567243	0.002238382534
567292	0.001079659675
567312	0.001226531306
567327	0.00247792395
567344	0.000406592406
567436	0.0008128561622
567447	0.005056596217
567497	0.003520389577
567544	0.0005551580143
567587	0.004235706522
567728	0.0001704535834
567947	0.001718736391
567991	0.0004445355728
568019	0.0002567059134
568042	0.002154320807
568197	0.002131572081
568335	0.003477226161
568629	0.001518183883
568664	0.0004226112921
568692	0.001181265454
568706	0.002569919216
568720	0.002570291239
568744	2.67515652e-06
568766	0.0005650369424
569047	0.0008483920094
569178	7.126287457e-05
569412	0.0007512449607
569438	0.0002485309477
569504	0.0003850585965
569513	0.0004657006192
569740	0.003544196189
569835	0.00410777401
569847	0.0003076730326
569950	0.0004289362847
570029	0.001268106253
570140	0.003888287467
570416	0.0004116993136
570446	0.001172123244
570600	0.0007982614976
570612	4.757012945e-05
570641	0.005027528472
570730	0.001596030559
570755	0.003228776866
570838	0.0005870862345
570847	6.270435901e-05
570862	0.0005122024701
571183	0.01020973552
571214	0.003358740712
571279	0.0003501356202
571419	0.00187553259
571491	4.104108599e-05
571669	0.003244685288
571681	0.004104807946
571752	0.001399752097
571762	0.002592668787
571802	0.007927833413
571855	0.0009172129122
571865	5.331638836e-05
571889	0.00557783943
571980	0.000768792443
571991	0.0100311849
572042	0.001551935517
572137	0.001065977301
572188	0.0001867964718
572320	0.006550197271
572395	0.001548370115
572459	0.001552137719
572670	0.000703070069
572708	0.002955509179
572710	0.005397351482
572742	0.0007902975067
572747	0.0005591860602
572851	0.0005883605202
572867	0.0052976268
573025	0.002443086296
573044	0.003299074273
573201	0.0001557338445
573278	0.002175265908
573388	0.00325767677
573481	0.001539639067
573568	0.002586331556
573665	0.01177521676
573683	0.002972002895
573697	0.0007629923502
573991	0.0004429211449
574026	9.875948884e-05
574054	0.0005391367143
574068	0.001227528159
574104	0.004533804394
574168	0.0005930754631
574482	0.001847046228
574579	0.0004113357481
574638	7.227684061e-05
574644	0.002914356713
574861	0.0003634749292
575018	0.0008102891323
575048	0.001327198173
575065	0.0001498852874
575070	0.0009492813354
575265	0.001186074124
575270	0.002392601309
575495	0.003776184582
575539	0.0008908588947
575766	0.001706630549
575898	0.002120851723
575938	0.0002137963565
576110	0.002128585847
576159	0.000920326756
576299	0.0003542192459
576302	0.005797795282
576309	0.0008187521524
576375	0.0005052558553
576382	9.455787595e-05
576383	9.475295531e-05
576505	0.00161029278
576617	1.026849789e-05
576636	0.0002625543178
576679	0.001007693833
576768	6.628558128e-05
576802	0.0011195849
577034	0.0001901318695
577072	0.00191492407
577079	0.001365530233
577173	0.0001416588044
577317	0.001745598814
577427	0.002761653122
577432	0.0002594136341
577470	0.0001286744119
577475	0.006638514073
577477	0.003248088405
577516	0.001778987544
577518	0.001216243469
577871	0.001147546393
577915	4.666678847e-06
578052	0.001994297558
578076	0.001478976845
578588	0.005976414602
578625	0.002023073312
578655	0.0001608920675
578907	0.002414739047
578918	0.002832950079
579219	0.001327358596
579275	0.001624762524
579442	1.015611678e-05
579444	0.004121383843
579455	0.00320397531
579547	0.0006733969248
579548	0.001056135614
579611	0.001834474981
579651	0.0008931516054
579757	0.002676070825
579787	0.0001704749443
579996	0.0004286665548
580011	0.0002071723338
580056	0.002855818677
580067	0.0009697749379
580203	0.005355954935
580226	0.001622400461
580367	0.004659300199
580446	0.002970183352
580564	0.0006417109055
580788	0.0005359051186
580811	0.002232722306
580843	0.003015308706
580890	0.002669988499
580909	0.0002094991196
580924	0.001556005418
580948	0.0008026970888
580997	1.154489147e-06
581141	5.529268757e-05
581194	0.001323703824
581305	0.0001316822812
581313	0.0002958126476
581326	0.00169436569
581501	0.003985897387
581609	0.0008253019852
581664	0.001040003919
581698	0.002111853726
581820	6.206072758e-05
582065	0.002289771303
582084	3.268148592e-05
582107	0.002916954018
582341	0.005937108712
582355	0.001661262428
582524	0.0004860260208
582591	0.001804895986
582765	0.001712355162
582800	0.002411341649
582851	0.004196588128
582857	0.002781444246
583111	0.0005201997259
583335	0.009103446532
583425	0.0007301975862
583443	0.0007602859188
583449	0.003117819981
583501	0.003031541402
583544	0.0001964659062
583595	9.984428293e-05
583633	0.001768201982
583728	0.001638366498
583888	0.002881752287
583907	0.0002566231281
583955	0.0003190863843
584016	0.003851516432
584023	5.544134269e-05
584143	0.0004630815058
584151	0.002640158903
584282	0.001892852222
584395	0.001311861866
584581	0.0007803398733
584587	0.0001840240811
584597	0.002015682513
584598	0.007120869319
584600	0.001681933379
584652	0.003068403178
584749	0.00266456163
585095	0.0006686073144
585149	0.000109551001
585250	0.002536109944
585319	0.0001685055613
585426	5.512682345e-05
585570	0.001162061963
585777	0.000586491608
585801	0.000740877848
585912	0.0002021816844
585981	0.0001217188588
586001	0.004522820222
586050	0.005037893078
586091	0.0002733862725
586092	0.0005569248887
586175	0.003954827355
586238	0.0006595824591
586330	0.004737410289
586355	6.352011012e-05
586409	0.006247652684
586590	0.005512397087
586591	0.004482775044
586685	0.002519638082
586722	0.000372655535
586941	0.00534786465
586957	0.001542478828
587152	0.0002963217817
587190	0.0004241982175
587226	0.0001760268378
587323	0.0007110215088
587385	0.0007614146042
587414	0.001298693773
587435	0.0001498344285
587587	0.001822156066
587638	0.0003745951199
588388	0.0009945256754
588506	0.001253870309
588565	0.0004664417192
588695	0.000625235321
588767	0.001039699179
588778	0.007327174141
588868	0.003531661731
588954	0.007178060263
588981	0.003316511827
589113	0.001251624588
589191	0.001565935187
589265	0.001175800392
589514	0.0003360609027
589538	2.903815061e-05
589592	0.003382272419
589618	0.0001718578312
589669	0.001521406879
589748	0.0005055905544
589822	0.001348520587
589863	0.0004468008626
589911	0.0005868934992
590122	0.0004705656929
590212	0.001563972637
590361	0.0001841660607
590365	0.001623313382
590529	0.002254599507
590574	0.0004257282091
590661	0.003023618556
590673	7.940364209e-06
590820	0.003674854936
590830	0.002223803785
590877	0.001890480028
591074	0.002953752333
591104	0.002208284019
591133	0.002401246713
591158	0.002694107231
591227	0.0009106050161
591231	0.0001017851478
591254	0.001063235678
591267	4.910235892e-05
591307	0.0001413361866
591489	0.0001183629344
591554	0.0006403725889
591641	0.004009229778
591655	0.0002508510138
591785	0.001844276382
591838	0.0008509416604
591846	0.001053924552
591995	0.0008367097285
592016	0.001438174706
592073	8.434151023e-05
592083	0.0006233451582
592086	0.0004252697259
592262	0.003388350162
592420	0.0001065236884
592702	0.0002292285269
592963	0.001579530427
592982	0.0004291407229
593002	9.84957e-05
593226	0.002400329106
593228	0.0001730376231
593343	0.0001384105016
593423	0.001356542463
593471	0.003425478522
593487	0.003044866017
593764	0.003006331997
593798	0.0003717989216
593804	0.0001313347386
593824	0.002922112767
593990	0.001170428202
594031	0.0002608821722
594177	0.00109081861
594201	0.004764184524
594219	0.001831687757
594222	0.005556895526
594315	0.006638306566
594332	0.005296437683
594382	0.0008042140858
594585	0.0001718706817
594852	0.00180938977
594984	0.004429448598
595006	0.001186002185
595083	0.001350516156
595123	0.004134758312
595214	0.002129905545
595300	0.0009226177523
595375	0.006646718622
595406	0.0005530428126
595423	0.0005827093709
595526	0.001025315061
595576	0.003256920826
595886	0.007853250703
595923	3.144869546e-06
596013	0.005062977756
596014	0.0005579254657
596023	0.001462313577
596056	0.0006145122393
596242	0.0008232413822
596300	0.0002568611995
596381	0.004459096056
596425	0.002779568156
596541	0.0002978500949
596673	0.001988850393
596793	0.003574185373
596867	0.001330543349
596937	0.0006432469
596972	0.0005174354611
597054	0.0001562730878
597108	0.004790297139
597185	0.0005828343498
597294	0.004993315841
597456	0.0006231034765
597505	0.0003976995895
597512	0.001096603214
597561	0.0002831175153
597640	0.0008932985533
597691	0.0006724767876
597988	0.0009581738659
597994	0.0025950713
598065	0.0001996973569
598198	0.001302629685
598233	0.0006893380129
598239	0.002604426212
598274	0.000718699716
598325	0.002618253474
598362	0.000247920562
598603	0.001059074859
598940	0.00229908438
598970	0.0001015218275
598976	0.004924322707
599001	0.0004229775482
599017	0.008147637003
599034	0.0003197797615
599165	8.813954723e-05
599329	0.002655512648
599436	0.005548621825
599437	0.005227388952
599438	0.003532187239
599453	0.0001615090245
599689	0.001054950507
599748	0.0007217497893
599771	0.00152519468
599833	0.001540385874
599942	0.00237216486
599990	0.0009154900534
599991	0.0005182153968
600171	0.0001004581825
600358	0.00168886332
600375	0.0005486793188
600397	6.146297918e-05
600459	0.0007485601773
600525	0.002663173799
600545	0.000246984501
600752	0.005921624027
600822	0.0004402963813
600831	0.001127859212
601002	0.01173946761
601066	0.002741662051
601125	0.000823087811
601136	0.003620793827
601179	0.0003037361981
601258	0.004062502233
601327	0.002109232672
601361	0.0005177541237
601384	0.001271281441
601562	0.0006666658807
601666	0.002037075679
602101	0.002310038054
602103	0.0007193265756
602126	0.001244677881
602233	0.003533788805
602396	0.002398995837
602513	0.001829418112
602631	0.00160385227
602731	0.004324410002
602848	0.003941599534
602951	0.001035415156
602984	0.0004480973856
603015	5.405125582e-07
603017	3.646556554e-07
603047	0.00140660648
603229	0.002965894405
603321	0.0001683301909
603606	0.008868164637
603633	0.0006240399812
603674	0.002762864483
603689	0.0001903497662
603910	0.005332156092
603919	0.005636073379
603963	0.005213146902
603988	0.0004935499957
604000	0.001498053345
604196	0.0002447248
604305	0.0006784625665
604397	0.0006415331546
604547	0.001063490208
604645	0.0001261055594
604746	0.001924772622
604873	0.003649979484
604956	0.002213852309
604960	0.00316742552
604965	0.0006962983714
604972	0.00126627735
605195	0.0007743907865
605324	0.0009770433841
605428	0.004395555529
605444	0.001978765698
605447	0.0003575813986
605705	0.006194248913
605765	0.0005265269814
605840	0.001855222248
606000	0.001202765531
606160	5.586019759e-05
606275	0.0005514780157
606376	2.010207195e-05
606469	0.0001906300596
606706	0.009067506376
607091	0.002080832296
607188	0.001247583366
607339	0.0002312143958
607541	0.0003812685121
607598	0.002012272914
607604	0.001263286827
607733	0.005594699644
607735	0.0021109703
607745	0.000895459953
607821	0.001090746653
607915	0.0005534590887
607954	0.002923897339
608179	0.00146937011
608279	0.001996463777
608282	0.000662857677
608289	0.005089867672
608342	0.0002274776346
608365	0.00285522034
608376	0.001117175509
608401	0.002637470733
608535	6.374606089e-06
608593	0.0002701318544
608769	0.004628513178
608978	1.926432434e-06
609001	0.01212593414
609041	3.695811713e-06
609111	0.001356469026
609272	0.0007059641538
609286	0.00206612974
609303	0.0006303560701
609305	0.004796608963
609347	0.00826035257
609474	0.0005627758008
609597	0.008254574286
609701	0.00253984708
609713	0.0002137016712
609936	0.003030018063
610058	0.002396304826
610083	0.002050774371
610280	9.57943444e-05
610488	0.007521577988
610505	0.005114005331
610552	0.0005776949219
610643	0.000957458993
610899	0.001536884976
610952	0.007941354403
611209	0.002091212561
611250	0.001758085584
611280	0.001157295697
611364	0.003077264286
611541	0.0005132419607
611583	2.708868587e-05
611694	0.001417085974
611700	0.01034484467
611713	0.002885868336
611911	0.003912760819
611989	0.003342071089
612021	0.001667374812
612195	0.0002279334056
612545	0.004242503162
612763	0.00133941034
612835	0.006220643782
612865	7.564024428e-05
612880	0.002631365068
612910	0.001558013967
612948	0.001102308914
613013	0.0003585015543
613115	0.001291895174
613275	0.005789105896
613451	0.0001845991096
613463	0.003653946353
613484	0.001818950765
613513	2.752798433e-06
613605	0.002330858975
613750	0.0007526997592
613752	0.001105992437
613827	0.001221333253
613829	0.00244931868
613830	0.002254258851
613944	0.0007065715533
614130	0.0007539663485
614203	0.002565830017
614234	0.006272220082
614277	0.003694673596
614332	0.006615139501
614341	0.0044568212
614470	0.002604635001
614492	0.001703973106
614546	0.00390073821
614651	0.0009687222633
614695	0.00317639031
614783	0.0007101175732
614858	0.0007966036394
615119	0.000177411701
615150	0.0001148417091
615173	0.001616992534
615202	0.004655496675
615300	0.0004696282928
615314	0.006926977122
615470	0.0005230043602
615484	0.0001881643295
615514	0.001383421999
615560	0.002690510753
615578	0.0001171509131
615619	0.001306894868
615737	4.98641867e-08
615887	0.002673844859
615935	0.00882258099
615970	0.000332038365
616055	0.001345325372
616098	0.003028119658
616265	0.0008140945685
616360	0.002135314772
616416	0.0005172702685
616493	0.004390565372
616567	0.007570771717
616742	0.001705906383
616797	0.005027889285
616815	0.0002527550146
617024	0.00108415958
617080	0.000160944182
617098	0.003944386947
617144	0.003249400848
617145	0.003926554976
617208	0.001555383962
617233	0.00224768425
617473	3.403342628e-05
617534	0.00168353738
617602	0.0002149683737
617696	0.006645436251
617739	0.002144981921
617741	0.002655431172
617754	0.005133322894
617795	0.0005619524923
617836	0.0001587908699
617841	0.0002036049912
617852	0.001056840362
617920	1.290219712e-07
617922	0.000157883229
617934	8.610639033e-05
617943	7.167212256e-05
617970	0.006295786574
617979	0.0001043446538
617996	0.004039262626
618066	0.0004729855238
618190	0.003462890652
618291	0.001567818453
618490	0.001122399629
618715	0.0007055107585
619000	0.003755613794
619026	0.0004133214982
619113	0.002235666154
619130	0.007700693396
619369	0.001001969802
619672	0.0004303454411
619775	5.975805041e-05
619781	0.001587744914
619789	3.712206481e-05
619922	0.0007612371856
619948	0.00192969323
620001	0.00117231574
620059	0.00156956517
620274	0.001301393271
620288	0.000467297129
620474	0.003645436818
620501	0.007700250065
620542	0.002081644421
620770	0.000743854642
620794	0.0007444773286
620888	0.001002937615
620966	0.004625620696
621109	0.001718362652
621113	2.224191897e-05
621151	0.005056884295
621452	0.001882326698
621485	0.0001086114103
621502	0.001762119026
621503	0.0003342261786
621516	0.0005592006814
621531	0.003243693167
621559	0.0002751376652
621621	0.001774328982
621736	0.0003499651262
621743	0.0009888937685
621804	0.002288029101
621956	0.002263284938
621973	0.0002918143784
622049	0.002193195695
622211	0.005266907454
622294	0.001731344367
622481	0.00208790724
622536	0.00141754731
622647	2.876324017e-05
622656	0.0002966524059
622708	0.008922137698
622780	0.0006997190324
622859	0.002400567025
623067	3.592767942e-05
623103	0.004001324316
623236	0.003660268052
623287	0.002382969943
623371	0.003865677499
623395	0.0002466009995
623607	0.0008145718428
623691	0.001718774484
623890	0.0007022463314
623959	0.001419147264
624001	0.00111568847
624126	0.001688621452
624345	0.003661758101
624546	0.0003677882295
624578	0.002586404487
624623	0.0007712292583
624656	0.003328540449
624762	0.001670445487
624904	0.001206907843
625132	0.001514338038
625145	0.0006047445204
625311	0.001155827709
625323	0.001097603829
625493	0.0006257743475
625700	0.001242919302
625740	0.0005052826594
626105	0.0007306117967
626179	0.009293129784
626215	0.005524938377
626236	0.0007682750919
626400	0.001659622961
626591	0.001027798881
626815	0.002318803806
627037	0.003497376312
627039	0.001321385069
627070	0.0001428427738
627170	0.0008274678411
627216	0.0005099311611
627282	0.002260114313
627372	0.002376284044
627407	0.0009992304828
627433	0.0004068747172
627487	0.004382203296
627592	0.0007479801926
627597	0.0002277690441
627743	0.0003882692662
627794	0.0005931045509
627841	0.003501449368
628144	0.0002799040934
628245	0.0008623424054
628261	0.006456042064
628552	0.001552737922
628617	0.0005750842422
628771	0.001683169526
628791	0.0007815658381
628814	0.002918057797
628902	0.0007984303313
628949	0.002816189516
628975	0.003206410001
628979	0.001866325533
629102	0.01013547877
629216	0.001956795546
629340	0.0005957847121
629350	0.0004058727615
629455	0.0003411390249
629463	0.0003712126339
629532	0.0003888336275
629547	0.003916825269
629581	0.0003367332743
629653	0.002760538966
629730	0.0002395509727
629758	0.001185847375
629771	0.00310382166
629867	0.004259401396
629975	0.002321751682
629991	0.002628595533
630083	0.0001220393131
630105	0.0008865369281
630245	0.0003868481152
630370	0.0004970271184
630409	0.0003225527225
630544	0.002404992353
630676	0.001670979483
631008	0.007633030482
631094	1.217756364e-05
631178	3.395166778e-05
631512	0.005224713616
631557	0.002354637717
631579	0.001721899518
631744	0.004010769204
631818	0.0002888383986
632091	0.002485799189
632198	0.0009906919575
632232	0.0001005683253
632233	0.0008959187482
632296	0.001022098821
632337	0.005378068846
632458	0.0002569639104
632469	0.0007770923159
632561	0.006198640472
632594	0.0009432330625
632685	0.002648383037
632733	0.001276333222
632745	0.00151062414
632765	0.00182034356
632853	0.0007085985438
632962	0.005651286653
632977	0.00062173044
633207	0.001159888868
633242	0.002443083034
633278	0.001048978816
633334	0.002714557354
633378	0.0008609539391
633527	0.001344791359
633563	0.0002430568262
633630	0.0005851303328
633637	6.850992271e-05
633796	0.001611826534
633973	0.0008226235981
634047	0.0001616400991
634072	0.0005903627138
634118	7.281266542e-05
634269	0.0008123923976
634284	0.004235154379
634379	0.002564538807
634383	0.00390655627
634457	0.000568262946
634466	0.0004129695333
634499	0.003718001466
634566	0.005171849571
634749	0.002308904162
634838	0.0003709784231
634843	0.005841787256
634903	0.005735464428
634907	0.00160527801
634952	0.001086235385
634996	0.0002265877643
635028	0.0008978248345
635155	0.001400269377
635203	0.0006453992482
635230	0.002346413678
635258	0.00332796901
635445	0.0005945911394
635451	0.00273571775
635481	0.004399190311
635500	0.005827509239
635706	0.001823372471
635741	0.0008561011793
635872	0.00131162045
636324	0.0004720722642
636340	0.002413422591
636585	0.003408449469
636657	0.0006494037159
636790	0.004074158983
637161	0.0003218909728
637173	0.00264683482
637223	0.001442816711
637329	0.001652417181
637418	0.001520084258
637525	0.0008651818962
637553	0.00123029332
637818	0.0004570182274
638286	0.0009395114405
638336	0.004945089682
638439	0.0003323116372
638474	0.001174207764
638605	0.001281963024
638614	0.0001328962522
638617	0.003207071533
638661	0.002160141312
638774	0.001949559432
638915	0.001458611292
638954	0.0005154514658
638956	0.0001331195106
639047	0.001156707427
639099	0.003931170839
639515	0.008293288746
639580	0.001748090957
639761	0.004549097297
639799	0.001900441495
639899	0.0001128507064
640051	0.003841346344
640095	0.000173188395
640116	0.0005574196897
640151	0.002125187526
640185	0.001335086214
640296	0.01009138809
640345	0.00227391895
640384	0.0003986929316
640460	1.526732275e-05
640535	0.0002259946385
640578	0.0003179840446
640592	0.007372082038
640631	0.00288469674
640755	0.0005658741001
640798	0.006527360022
640853	5.230029964e-07
640887	0.002527889302
640945	0.0005672363493
641111	0.002704550404
641184	0.00342828469
641264	9.196707605e-05
641333	0.0005662592369
641335	0.000226000018
641350	0.001866149521
641843	0.0004695115518
641876	0.0003546596362
642088	0.0004471494274
642102	0.0004667469102
642147	0.00222813795
642346	0.0005386811976
642445	0.003227482256
642457	0.00171802703
642501	0.00207272046
642515	3.83317266e-05
642587	0.008765805012
642612	0.001144050311
642796	0.0002270361083
642807	0.0006701096163
642895	0.001592222139
642897	0.0003755238079
643023	0.004405380877
643169	0.002186511485
643258	0.005556305299
643296	1.456213527e-06
643305	0.0009556657387
643374	0.0004777132427
643399	0.002887568047
643533	0.002236269743
643581	0.001175628054
643600	0.01652573161
643680	0.00299063722
643720	0.0008428306941
643946	0.0002175090682
643994	0.002835154918
644013	0.005093669915
644017	0.0002155601263
644163	0.001270726749
644193	0.0004569730157
644200	2.385143256e-05
644205	0.001404854402
644259	0.001875569783
644277	0.004396612336
644308	0.004319566098
644326	0.00654174121
644385	0.002037177302
644406	0.0006058193313
644427	0.002203475969
644432	0.001668453899
644457	6.894523626e-05
644468	0.001345126247
644563	0.003380412129
644576	0.001399389921
644613	5.078914833e-06
644660	0.002461476264
644662	0.00180061576
644677	5.197488919e-05
644773	0.002238758495
644896	0.0005206001493
645037	0.002554133411
645074	0.001002746291
645111	0.002003655063
645168	0.0001172754881
645224	0.0004098269492
645232	0.001396456773
645274	0.004871984085
645346	0.004389765032
645401	0.005329241197
645816	0.002811168711
645819	0.005273310611
645935	0.0008425497827
646010	0.002916854155
646160	0.001713166658
646352	0.003110881706
646502	0.0005238834776
646525	0.001698052068
646779	0.00235939406
646780	0.003909202835
646853	0.0009524336088
646882	0.003803250261
646892	0.0003736561468
646937	0.002701443885
646942	0.00237471446
647017	0.001824237783
647088	0.0004350293066
647091	0.001384071301
647094	0.005852217968
647172	0.0005445239977
647269	5.551292358e-06
647296	0.001620280321
647317	0.003141752097
647399	0.003923899673
647744	0.002417997327
647765	0.003989785359
647852	0.01346756856
647875	0.003623752296
647883	0.001019864265
647941	0.004863514016
648051	0.001584254987
648230	0.00111634646
648243	0.0001027604967
648354	0.001799515013
648358	0.0003428279191
648401	0.0009288678308
648434	0.0003545205337
648580	0.004224987624
648623	0.002705740272
648635	0.003643308271
648720	0.001085613056
648744	0.0005042241381
648783	3.189079027e-05
648932	0.007389255548
648933	0.0008453861223
649014	0.003361672321
649138	0.001665365397
649212	0.00584782284
649247	0.0004617496304
649248	2.107687392e-05
649286	0.001102384521
649307	0.001677122318
649361	0.001619825446
649570	0.0003279464965
649633	0.003149075766
649679	0.0002267728565
649746	0.003343928044
649811	0.0007333296517
649829	0.001836128423
649948	0.001351241196
650053	0.0002587513958
650154	0.000271182353
650384	0.0005044111836
650405	0.0002377895919
650444	0.001005068745
650572	0.002802463755
650657	0.001221152242
650671	2.994504544e-05
650707	0.001018191536
650739	0.0002586602093
650806	0.007997967285
650807	6.868506236e-06
650862	0.005237996684
650889	0.0002146711395
651046	0.0003420706209
651067	0.0003559984547
651214	0.002424570343
651248	0.0007838871347
651364	0.003717665466
651368	0.002238523819
651387	0.002120749729
651640	0.001288539656
651794	0.001687087383
652020	0.0007505270928
652026	0.002128637659
652125	0.0002607511659
652167	0.002173519311
652268	0.001465798229
652530	0.0004940591902
652582	0.0002021683865
652860	0.0003721927061
652948	0.0002812798195
652980	3.905393554e-07
653131	0.0009360963956
653212	0.001969316498
653301	0.0001951440184
653446	3.839161734e-06
653469	0.0001116172884
653518	0.0002291911365
653571	0.000630001921
653587	0.0007149318453
653643	0.0002641568268
653733	0.001171366633
653771	0.0004359716702
653772	0.002296422781
653811	0.003995441483
653815	0.0001014241132
653964	0.0006699886748
653985	0.002352361125
653998	0.0002184699081
654037	0.0006594264069
654064	0.00260720965
654203	0.003575522361
654287	0.008890196975
654467	0.001133434205
654578	2.831981291e-07
654636	5.28285064e-06
654695	0.001765837407
654733	0.001107197854
654996	0.0009429989576
655027	0.000393820428
655296	0.0003595228996
655605	0.0001864681748
655611	0.005661275328
655793	0.001289256353
655861	0.003687681224
655893	0.0004869871001
656105	0.00437542049
656111	0.003225929652
656137	0.0008587187508
656196	0.0001178445353
656260	0.005904084335
656365	0.000297541155
656468	0.002390563902
656623	0.001016851908
656640	0.0084697469
656696	0.002350486754
656765	0.0008058636578
656778	0.0022386849
656914	0.001276617603
657034	0.0001878165218
657232	0.005715488351
657250	0.002834311793
657258	4.439799517e-06
657330	1.966821872e-05
657368	0.00228664651
657413	0.0003666904299
657430	0.0007631707824
657600	0.003994708599
657634	0.000812196762
657635	0.002651082131
657651	0.0002935053249
657794	0.001496025039
657878	0.001291246728
657998	0.001048946722
658201	0.006012994778
658279	0.001559665391
658449	0.003267933431
658591	0.003190929397
658962	0.006540745428
659036	0.002956157078
659088	0.0005749820925
659210	0.00193462085
659264	0.00438431103
659314	0.001911301067
659363	0.000867662319
659447	0.007907265346
659497	0.000285368598
659775	7.927925196e-05
659779	0.001823346037
659831	0.0002419419156
659886	0.001772412965
659894	0.001135192451
659901	0.0008389246478
659960	0.002156187373
659986	0.0006804187632
659999	0.001803934712
660017	0.003939253788
660077	0.00223075269
660159	0.0004761477896
660181	0.001738479564
660216	0.0007866203568
660239	0.0005775596434
660397	0.001792964019
660411	0.00910439594
660735	0.006604550959
660739	0.0006088899434
660772	0.002631983064
660865	0.005096759447
661072	0.0001389152025
661241	0.001137550824
661437	0.002427790261
661480	0.001572258529
661667	0.0001881988297
661671	0.0001124569888
661679	0.005386702094
661762	0.004498335851
661878	0.006420141591
662118	0.0005173570756
662346	0.005902565875
662423	0.00272793965
662496	0.0005675662351
662561	0.006379058141
662598	0.001341845482
662648	0.004922866791
662752	2.253294322e-05
662941	0.0001244754763
663023	0.005982451966
663078	0.001065104269
663111	0.003177003645
663257	0.0001003238249
663334	0.0008672654392
663339	1.443396916e-06
663389	0.00434400494
663564	0.001638436611
663659	0.001656438009
663670	0.001856442452
663682	0.004761095294
663711	0.002197698057
663810	0.001330962728
663813	0.001094004597
664041	0.0002822642359
664182	0.002060097289
664312	0.0006838207092
664315	0.004225308545
664352	0.0002062751986
664452	0.0006615619111
664461	0.0009739151169
664496	0.004543462129
664558	0.0003862756558
664632	0.0004061586796
664785	0.0002140626526
664897	0.000840429187
665057	0.01270024963
665125	0.003018132169
665139	0.0009981515853
665140	0.001404840645
665213	0.0007663348169
665251	0.0003882371548
665350	0.001058924346
665596	0.0004694864791
665674	0.003909507177
665768	0.003306284037
665834	0.005829497067
665858	0.0006305444949
665896	0.0003233915632
665947	0.001813500929
666018	0.001659763996
666078	0.0003878621413
666080	0.00292936923
666082	0.0007249450605
666090	0.001348330157
666112	0.002143437858
666140	0.005576153115
666186	0.001076425478
666291	0.001218800029
666323	0.0006943327753
666371	0.001528513307
666382	0.0004038881308
666416	0.0006930841742
666427	0.004426437526
666735	1.751692174e-05
666805	0.003112880447
666966	0.004528301569
666996	0.003485853399
667033	0.0009490093648
667078	0.005761200727
667131	0.0008868087815
667176	0.0007802463434
667303	0.0002955464839
667333	0.0007843025385
667374	0.00115392176
667398	0.001057664663
667464	0.003992060179
667738	0.0003735788523
667808	0.003949409401
667876	0.002639492826
668210	0.0008229741286
668221	0.0004003823841
668264	0.000771590661
668308	0.0004783339842
668392	0.005550431898
668436	4.878457685e-05
668477	0.0009834269972
668623	0.0029110318
668796	2.00065775e-06
668821	0.0006426478243
668891	0.001426915607
668909	0.0009762940431
668978	0.0005721829532
668983	3.79120076e-07
669002	0.005999108008
669027	0.0001782694202
669031	0.0008584011195
669081	0.005341049492
669083	0.0002484353581
669181	0.004428957419
669259	0.00201367672
669354	0.00376281659
669429	0.001307964414
669480	0.0009508586694
669524	0.0009503602667
669569	0.002320232923
669573	0.003376623956
669709	0.01160554005
669880	0.003852945141
669891	0.002881656421
669911	7.157984969e-06
670059	0.0008625242451
670284	0.004527826682
670332	5.723980849e-06
670498	0.002437712579
670546	3.269284526e-05
670551	0.002465917725
670759	3.4303029e-05
670983	0.003216657099
671091	0.002214057782
671201	0.003033550072
671289	0.0005212786877
671363	0.0003765440584
671390	0.001283379287
671439	0.0003413751518
671521	0.0001114054369
671694	0.004479683373
671716	0.001193577148
671805	0.003558653178
671892	8.528898728e-05
671912	0.004167437583
671964	0.002678075762
671989	0.002812768899
671994	0.0005368122158
672032	0.000425079395
672159	0.005244093524
672245	0.0002967668996
672317	0.002174714327
672343	0.0005616655266
672375	4.070712634e-06
672513	0.007742139435
672522	0.006346214926
672571	0.002340477547
672607	0.001235121181
672636	0.001387628466
672690	0.0002527565978
672986	0.003612107676
673100	0.001549104485
673185	0.0005315256145
673419	0.001834587065
673482	0.0001325246653
673590	0.0001803404246
673830	0.001076772854
673844	0.003256023551
673904	0.005659959542
674125	2.69465414e-05
674154	0.001279344122
674256	0.007871704897
674297	0.004645699258
674406	0.003700525264
674717	0.00180662641
674751	0.0001577640254
674805	8.702551916e-05
674894	0.004088220832
675030	0.001314876954
675090	0.003879687497
675224	0.0009324184127
675502	0.000953233119
675732	0.0006371335999
675789	4.411483269e-05
675798	0.007137271708
675855	1.690053351e-06
675865	0.00206715495
676045	6.222345405e-06
676149	0.001160405586
676151	0.0005418617052
676200	0.007166013609
676207	0.001449805022
676296	0.0007430503308
676469	0.0001392063926
676477	0.003812559472
676499	0.005020095341
676598	5.377308666e-05
676612	0.0008089784393
676738	0.00770237151
676987	0.001604809886
677067	0.0009022696724
677182	0.004572170161
677459	0.002441854385
677507	0.001657836672
677514	0.005769829586
677542	0.001365009204
677599	0.005419331786
677620	0.001783716008
677668	0.0007118383491
677783	0.001196741865
677796	0.004268754208
677835	0.001709996408
678090	3.074412592e-06
678178	0.003944018705
678297	0.002058749961
678323	0.0128474669
678367	0.003579643559
678400	0.0006956287816
678489	0.0004777378934
678546	4.019273839e-06
678732	9.970067712e-06
678765	0.003337754225
678787	0.002656367846
678799	0.0009535368945
678814	0.001277211492
678820	0.0006030722638
678870	0.00113398191
678919	0.003816372902
678977	1.077979975e-06
679231	3.287040337e-07
679458	0.00206618327
679599	2.597317279e-05
679773	0.001498816966
679817	6.600343492e-07
679963	3.014689761e-06
680065	0.0002643969832
680248	0.001439233808
680266	0.0007580540787
680476	0.002420414855
680525	0.0003146830585
680605	0.001914714622
680784	0.0006733289942
680901	0.006378975943
680912	0.003901891262
680965	0.0004542454361
681351	0.001560617928
681627	0.0005043772653
681737	0.002781591655
681847	0.00201213783
681949	0.003291757252
682022	0.002631649189
682070	0.001193306789
682304	1.296468854e-06
682631	5.397617786e-05
682678	0.006533715326
682723	0.0007444556044
682730	0.0002032004513
682804	0.0004641674551
682820	0.0004307262067
682953	0.003019638569
683015	0.003047587939
683064	0.0009203246128
683271	0.003371578195
683295	0.000369621653
683382	0.00566256258
683458	0.003419774322
683667	0.002130597651
683689	0.0011865772
683717	0.002300127124
683728	0.0002288168011
683753	0.001485157308
683943	0.0004612952726
683988	0.0002059412736
684033	0.003302151087
684046	0.003086362831
684368	0.003060625762
684393	0.0003029430903
684555	0.0003782968744
684640	0.005686474975
684711	0.0009881376252
684824	0.0001309901468
684835	0.009248413457
684842	0.005708636671
684898	2.221049843e-06
684906	0.0006622070455
684986	0.004415915907
685177	0.0001012238215
685188	2.666947517e-05
685399	0.0005000114769
685415	0.001466821106
685534	0.0005624380309
685733	0.00235041654
685816	0.001331787055
685930	0.0006981175315
685988	0.0006599927675
686125	0.005185252811
686209	0.004858548641
686244	0.004138547887
686306	0.001475395272
686628	0.0005167547772
686720	0.0001567166137
686851	0.001663238289
686893	0.0006110927993
686910	0.0004240209369
687073	0.004014972256
687125	0.0002278667607
687200	0.0003607408364
687241	0.0004245461247
687333	0.0003197972615
687637	0.001000242652
687700	0.0006003185349
687854	2.933422556e-06
687899	0.001201289236
687927	0.0009857564673
688111	0.0005509674403
688163	0.004204962882
688182	0.0002115854449
688230	0.001862780041
688363	0.0003136212977
688449	0.0007048154088
688492	0.00083308645
688595	0.002138978319
688644	0.0004404340424
688659	0.0003520693191
688688	0.002602017158
688788	0.0007573426255
688978	0.001091299348
688991	0.004777207733
689047	9.089288847e-05
689163	0.0004009436003
689263	0.0002423197469
689357	0.001647965124
689383	0.0009624989222
689460	0.0005675552702
689559	0.004227694891
689579	0.009685690664
689779	0.005164798796
689791	0.0006395608556
689883	0.008350714941
689885	0.0007296779554
689898	0.004146404274
689964	0.001036994972
690061	0.002673843788
690206	0.002142201301
690519	0.0004169345526
690634	0.0006420017411
690700	0.0002956124959
690715	0.003601535
690973	0.0035550557
691058	0.000241794036
691291	4.32884655e-05
691328	0.001386437277
691379	0.001578730743
691400	0.006361705195
691541	0.001037878117
691602	0.0009971183135
691692	8.590945094e-05
692012	2.044051012e-06
692016	0.003899703552
692031	0.003239891461
692044	0.006433717034
692092	0.001031885471
692252	0.008643830594
692277	3.165301857e-05
692344	0.003630162927
692376	0.004261172844
692466	0.002213361205
692493	0.00302404745
692539	0.0008967083742
692686	0.004066225484
692794	0.0068337151
692852	0.004501766691
692855	0.0004544416646
693217	0.0004293134033
693317	0.0008785424432
693462	0.002615627078
693545	0.0009743643532
693570	0.0004608676779
693788	0.002309803912
693793	0.001634484657
693921	0.007906815213
693966	0.001092205273
693996	0.0004675447067
694041	0.002120505071
694044	0.0007255614477
694131	0.0003866982374
694166	0.005084294251
694203	0.001340687919
694220	0.001083918542
694315	0.004532713805
694407	1.026973861e-06
694518	0.003493519549
694559	0.0003917084947
694579	0.001265316416
694784	0.006486229819
694859	0.001306825111
694913	0.001379837576
694918	0.002833615339
695215	0.002140679052
695225	0.001572587408
695293	2.829606876e-05
695345	0.0002688432039
695347	0.0005567352368
695512	0.0008210981247
695649	0.004254413786
695684	0.0002524835439
695894	0.0006192788693
695936	0.002255461156
696045	0.002622807303
696056	0.002229204977
696107	0.005515818974
696281	0.0006656368399
696544	0.0001066767904
696633	3.42660492e-06
696677	0.002006491966
696687	0.002249214536
696719	0.0001440580704
696860	0.004145720194
696979	0.003366102326
697029	0.001692091887
697142	0.0004045054671
697181	0.001735323631
697362	0.001061782762
697562	0.0006826982249
697714	0.0004100547814
697761	0.001253507632
697794	0.008067589064
697988	0.005790042188
698001	0.0002545057501
698057	0.001783208374
698128	0.0008580270536
698145	0.005406918789
698189	0.004052128974
698287	0.000550429093
698294	0.0001725297057
698509	0.0008952071322
698715	0.0009729471233
698821	0.0007830948223
698868	0.002023118333
698941	0.0004561961265
699124	0.006395435421
699356	8.785042753e-05
699452	0.0006020736708
699482	0.00137855156
699651	0.008171358112
699735	0.00166003355
699757	0.0009636328548
699918	0.005687249419
699930	0.001517076955
700014	0.0007243976381
700032	0.001468427375
700100	0.001713582142
700117	0.0008078204832
700122	0.001465755051
700182	0.00480653753
700335	0.002876904429
700587	0.001802487066
700620	8.305344207e-05
700623	0.0001837136997
701048	0.001058433996
701126	0.0004993862977
701216	0.001793264476
701257	0.001329838771
701340	0.0007027266308
701353	0.002326956605
701381	0.005480484078
701521	0.00255600205
701878	2.059194879e-05
701938	0.002790024544
702071	0.001636403027
702088	0.0002088505932
702381	0.001743299673
702387	0.000758076146
702421	0.000366534866
702439	0.0002603441285
702542	0.0006637761734
702552	0.003842859604
702707	9.958094959e-05
702923	0.005773302772
703042	0.004572271452
703435	0.003569768796
703444	0.000231878574
703511	6.640478763e-05
703549	0.0002757375305
703587	0.001430049691
703664	0.005626106994
703686	0.0004735722433
703798	0.002067620974
703925	0.00232376097
703929	0.001731826497
703978	0.001251761492
704009	0.001517557903
704030	0.002720225119
704040	0.003697710373
704115	0.003882715204
704127	0.0003073630907
704131	0.0005924345878
704205	0.0003619379103
704359	0.005658266873
704438	0.0007770460211
704445	0.0004423637078
704463	0.001083787872
704503	0.001717988699
704504	0.000386098637
704533	0.002640783975
704574	0.0004985393378
704648	0.002645727983
704667	0.0005925614634
704702	0.0002518874117
704772	0.003996191702
704978	0.0009217182986
705101	0.0001081997891
705112	0.0004498709073
705113	0.006943193323
705126	0.003431887326
705230	0.002624460953
705255	0.003118805974
705397	0.0044818994
705403	0.00456898869
705406	0.006687654854
705464	0.003626258121
705714	0.008694596547
705822	5.674950167e-05
705889	0.002315155089
705981	0.001643758625
706058	0.002434219555
706091	0.004358432825
706192	0.005201342845
706256	0.003115369931
706342	0.001060010172
706379	0.007126257481
706457	0.0001010132241
706498	0.001680726426
706518	0.002287567692
706600	0.002889316811
706688	0.00158265954
706965	0.001753532902
707003	0.0007673682954
707112	0.0006177651826
707120	0.001008225463
707189	0.002669638275
707274	0.0001296166028
707617	0.001599194532
707630	0.001754164456
707650	0.001861176971
707666	0.001197430825
707921	0.0002880584469
707936	0.004548231279
707937	0.0001599152768
708061	0.004816964074
708104	0.003499806556
708126	0.001299427393
708265	0.00168461381
708424	0.003036411931
708494	0.003472368636
708506	0.0008206676639
708630	0.0003752906705
708780	0.0008088394759
708821	0.0006256019733
708861	0.0007327317056
708934	0.00132903337
709149	0.0004638341223
709282	0.0005458631149
709646	0.003974220556
709666	0.001052601275
709673	0.001123221168
709753	0.001563838955
709778	0.0002401689049
709819	0.001844582539
709886	0.001486446439
709901	0.001295018335
710171	0.0001736375468
710190	0.002655663479
710195	0.0005761398844
710275	0.001410526519
710292	0.0001211840205
710322	0.0002606787472
710499	0.001359998989
710526	2.274720456e-06
710554	0.0008378162035
710564	0.000843684153
710705	0.0006493164474
710708	0.002646640249
710712	0.002718127821
710781	0.001249747081
710826	0.0001543314934
710910	6.753744598e-05
710952	0.0006332943185
711249	0.001549810753
711255	0.001272224788
711640	0.00261498399
711660	0.0006381216588
711977	0.0003615422422
711991	0.0006605639548
712077	0.0008259610346
712082	0.005170727578
712182	0.0001366987855
712433	0.0007170839987
712541	0.001229759684
712565	0.001541178075
712580	0.000242421853
713018	0.002126870627
713214	0.003279877722
713274	0.0003698891108
713360	1.839569782e-06
713515	0.0008330342132
713531	0.003096428509
713610	5.039138988e-05
713681	0.00133273821
713813	0.001791060571
713853	0.0008179124498
714031	9.730415661e-05
714127	0.0006968417446
714248	0.0004518930517
714353	0.003259210422
714402	0.0004613194606
714538	0.000212940965
714614	0.002916224315
714768	0.001827658365
714863	0.0005167130517
714910	0.00738248381
714911	0.001104428405
715001	0.001898785582
715166	0.0002204369846
715305	0.002810790585
715333	0.004351937729
715440	0.00020993412
715590	0.0009254786303
715748	0.004371770722
715815	0.000143112013
715865	0.001023486508
715982	0.002867023051
716046	0.001743632757
716336	0.003341005308
716468	0.001967323834
716490	0.0005998712267
716611	0.0005266222519
716634	0.0004973619094
716637	0.0005698595686
716649	0.006364138805
716735	0.0009168500623
716736	0.001295377577
716832	0.008665495077
716902	0.0001223185225
716906	0.0003708092902
717192	0.002973263416
717226	0.003283161008
717302	0.004697324274
717338	0.005876988337
717370	0.001441793884
717384	5.640992835e-05
717467	0.000328528019
717469	0.006773480093
717535	0.001621161518
717878	0.001480207024
718134	0.001610099122
718156	0.0006771084891
718340	0.0007196075915
718487	0.002058274817
718522	6.533492163e-05
718529	0.001216433025
718778	0.0006729842085
718823	0.0005373236866
718931	0.001167709438
718939	0.00416358038
718992	0.001534439846
718995	0.006565306749
718998	0.0003834725256
719141	0.007514360483
719205	0.001406275131
719296	0.001686228296
719434	0.004514732859
719463	0.00114888488
719638	0.001156532791
719817	0.0001989231794
719841	0.003644599163
719874	0.001429047758
719922	0.001780224531
719990	0.00313632068
720045	0.0001674609115
720289	0.0008586857966
720302	0.0005901852138
720382	0.0002534381533
720428	0.001432533211
720632	0.001369257183
721021	0.003246941325
721111	0.006557551016
721115	0.0009508969184
721197	0.0009863425717
721246	0.000324818752
721287	0.0004992558096
721289	0.002368162004
721341	1.683201783e-06
721477	4.235987574e-05
721478	0.0002708832608
721532	2.216482131e-06
721592	0.0004263104526
721735	8.109131008e-05
721844	0.001203199247
721962	0.008122318814
722031	0.0001488031574
722070	0.003432530973
722125	0.001135488413
722402	0.0008926434563
722468	0.0007852974834
722519	1.888078606e-06
722677	1.687136734e-05
722828	0.0008549390038
722878	0.002171991506
722996	0.0001596076308
723018	0.000313005621
723111	0.005610917167
723204	0.003511242207
723238	0.001769467643
723243	4.528589649e-05
723257	9.98835701e-05
723343	0.002241991857
723481	0.0004306447661
723531	0.003114931826
723627	3.854859005e-05
723640	0.005663569227
723818	0.0004623665627
724011	0.004215231157
724198	0.002694936819
724233	0.0004230656846
724376	0.0007416822585
724482	0.001473257246
724501	0.001530774796
724556	0.00227740224
724674	0.003811739643
724681	0.001839510061
724689	0.002751210715
724696	0.0003927869107
724714	9.481832012e-05
724827	0.0002672566776
724865	0.006513302418
724869	0.00113984949
724902	0.001516912853
725074	6.596727387e-06
725113	0.00078233785
725125	0.00459037353
725280	0.001461038807
725313	0.00204475214
725403	0.006889183229
725516	0.001048117978
725569	0.005601332685
726223	0.001432467933
726471	0.001791818832
726577	6.867660025e-05
726586	0.0007173476861
726650	0.0003454296178
726663	0.0001966300108
726834	0.004660478023
726954	0.004650348255
727066	0.001381771442
727094	0.0002270096117
727121	0.001283128383
727136	0.001750548644
727435	0.002350436493
727600	0.002996461615
727637	0.002976983626
727700	0.002312684761
727778	0.0008147974359
727925	0.0006230821112
727954	0.0008005850892
728022	0.00272999096
728338	0.00262156569
728459	0.0009458410714
728530	0.0006305918038
728558	0.0007885210218
728817	0.0004580727414
728841	0.001762387648
729051	0.0002986703029
729251	0.0005737800754
729306	0.01207000467
729326	0.002201831688
729454	0.003530077108
729692	0.006284138615
729695	0.00168762625
729745	0.0003630402645
730218	0.007643930086
730247	0.00125494526
730370	0.0006690253367
730541	0.001231213137
730604	0.004974069023
730638	0.0009583247807
730802	0.005368785704
730838	0.0005049386447
730944	0.0006398194247
731013	0.009994299244
731056	0.001402046196
731148	0.006369703002
731169	0.001167261085
731347	0.0005894283803
731362	0.0004575080709
731522	0.0002244912016
731590	0.001127819894
731657	0.0004831342245
731797	2.101404502e-05
731869	0.0001144408738
731983	0.002015932345
731994	0.0005349269863
732100	5.917538831e-05
732244	1.714034553e-05
732343	0.0001759428283
732349	0.005414635018
732369	0.003201216095
732445	0.0009947906263
732533	0.001726077372
732555	0.0005867973334
732560	0.004742040209
732611	0.0002084491547
732730	0.001450983098
732775	0.0002259680464
733016	0.003520284828
733195	0.002609644975
733379	0.0008655683941
733412	6.884574382e-05
733515	0.001331519707
733601	0.0006429858388
733668	0.0001609107084
733945	0.001211076413
734083	0.005568129534
734263	0.0008349013521
734326	0.001256327437
734542	0.001491912886
734548	0.001561010729
734555	0.003614657242
734687	0.0009117498201
734710	0.004486851073
734734	0.007824321431
734769	0.0002234539672
734965	0.0006145012529
735049	0.00623555905
735068	0.001894544854
735095	0.0005796996514
735097	0.0007775294109
735105	0.002047540597
735261	0.001439222694
735398	0.0002170783069
735692	0.001123690426
736005	0.0004138126217
736061	0.003034119166
736238	0.0005210066248
736355	0.001005603299
736434	0.0001656076228
736616	0.00369923458
736620	0.0002168575979
736742	0.004154897282
736785	0.0001050691562
736952	0.003669868925
736966	0.000354786866
736972	0.001273036409
737030	3.642750128e-07
737181	0.001331950875
737210	0.0005073342793
737453	0.0001125921099
737613	0.0001430669709
737871	0.007892942874
738033	1.020122293e-07
738208	0.002472604222
738487	0.001889352492
738497	0.008559956933
738509	7.283930657e-05
738639	0.002950780784
738799	0.001090776138
738836	0.003915863046
738962	3.955993739e-05
739128	0.0006614274684
739220	0.00588376737
739432	0.001747921627
739982	0.0005734108913
740017	0.00086027471
740094	0.0008974413753
740135	0.001928308982
740144	0.001399155715
740191	0.001077554667
740413	0.001073087568
740416	0.004211250949
740441	0.0003139740942
740486	1.897884236e-06
740555	0.0006405762259
740708	0.001125646809
740935	0.0001185659674
740951	0.007822771751
741046	0.0001546446896
741103	0.004303293059
741113	0.002361825589
741153	0.00501587333
741260	0.0008252269081
741314	0.0007710323186
741366	0.0001668374455
741456	0.000897476742
741555	0.005218540061
741561	0.002292838719
741737	0.002916288057
741771	0.0004911675307
741801	3.216430364e-06
742031	0.003585482652
742161	2.916358437e-05
742265	0.001740551602
742306	0.00185109178
742342	0.004141767156
742356	0.0007514628779
742430	0.001733182007
742436	9.340213162e-05
742738	0.005131579907
742787	0.001067651286
742831	0.00109369797
742887	0.003219553983
742922	0.0004976820912
743019	0.0005701529144
743075	0.004733142086
743132	1.233282175e-07
743365	1.788639796e-06
743559	0.0002827707867
743680	0.0005024419329
743792	0.0002453803462
743842	0.004527181727
743947	0.0005617695834
744068	0.00108404928
744130	0.003180206491
744174	0.003721246417
744211	0.002960599587
744224	0.0003786255213
744234	0.00329075919
744267	0.0001996237826
744269	0.0003325803856
744476	0.0004924192511
744551	0.002972234686
744583	0.0005411086834
744642	0.004286731843
744679	0.004358903166
744769	0.000174765032
744781	0.003706287777
744982	0.001737397617
745073	0.005037819505
745323	0.00439109757
745336	0.000125131489
745494	0.0004540555382
745644	0.002291056864
745943	0.0001316696571
745969	0.003877582532
745995	0.0002655541666
746599	0.008349872399
746620	0.002406347949
746648	0.001822973666
746720	0.000406543117
746898	1.507344881e-06
746974	0.001827973511
746997	0.0003476469219
747022	0.0037068717
747036	0.0001490938079
747116	0.001330529854
747181	0.0002619059432
747189	0.0008909246944
747234	0.0003399567398
747800	0.001591392333
747823	0.0006195084923
747927	0.002312857251
748007	0.0001920401297
748030	0.003678280659
748085	0.0001221034447
748227	0.003619101338
748415	0.0021081416
748624	1.636382738e-06
748672	0.0008225463244
749328	4.548679627e-07
749331	0.006282010571
749581	0.00420976308
749627	0.003034121904
749788	0.003479497129
749840	0.001349349642
749873	0.001081199826
750097	0.0003667040651
750311	0.005657519382
750444	1.747149748e-06
750547	0.0004314532793
750824	0.002190091433
750827	0.0004679012841
750995	0.005519229864
751003	0.006508908623
751044	1.648258788e-05
751052	0.004803124572
751058	0.001698948994
751063	8.624087025e-05
751199	0.001693745801
751248	0.0007619660977
751422	0.002877623755
751628	0.0006347768269
751639	0.0005054288205
751793	0.002828161499
751861	0.001736726874
751879	6.386041682e-06
752018	0.000117131427
752359	0.001371825804
752363	0.004418538726
752430	0.004183932197
752475	1.105386246e-06
752578	0.005713814504
752819	0.0037275277
752841	8.967277353e-05
752847	0.007379732329
752943	0.0004159553113
752994	0.0001608073065
753130	0.001587372238
753240	0.001678550848
753463	0.001080295599
753547	0.002271598392
753634	0.007702957486
753832	0.004098407914
753918	0.004977648205
753986	3.916812833e-07
754009	0.001337130281
754026	0.000124134049
754094	0.0007986265093
754103	0.001128597009
754113	0.00546878313
754235	0.00597918337
754404	0.000753226259
754425	0.0005222330625
754493	2.127315704e-05
754526	0.00105300416
754670	0.0002215733901
754800	0.0004286224196
754875	0.000565478427
755018	0.0003428056101
755026	0.0008434228493
755069	0.0001656213853
755155	8.029958243e-05
755439	0.002813211993
755618	1.045627071e-05
755623	0.008724030904
755652	0.004201944568
755674	0.001505709507
755681	0.001701246107
755795	0.004634808323
755871	0.001494806807
755940	0.00235492746
756032	0.0008805204821
756064	0.0003773833426
756065	0.0005056118256
756120	0.001884484064
756195	0.001193253469
756673	0.001472763412
756731	0.001610483677
756743	0.0002987767822
756852	0.005279655871
756993	0.002175142376
757203	0.001248157386
757282	0.001277571961
757347	0.001649720012
757351	0.005396336895
757358	0.004768860523
757453	0.001687070063
757464	0.0007291796474
757550	5.09600071e-05
757588	0.006567832876
757731	0.0009835160078
757770	0.0003020204209
757827	1.838280089e-05
757909	3.577651862e-05
758007	0.001679066728
758190	0.006628419003
758202	0.0004617048108
758621	0.005895997551
758742	0.0009028811305
758813	0.0007231692639
758853	0.00203612347
758942	0.0002073073511
758951	0.004879858613
759189	0.003003709884
759256	8.128758619e-06
759425	5.288268289e-06
759643	0.001478890705
759700	0.001485125097
759769	0.004542995031
759947	6.223507272e-06
759950	0.004453697148
760066	0.004324650113
760091	0.00251873155
760205	0.001083801821
760331	0.001537894865
760390	0.005868152429
760408	8.038792053e-06
760456	0.0005713114584
760474	0.005381642594
760566	0.001653322684
760773	0.001364009472
760801	0.001813308375
760856	0.003353000189
761154	0.0002797028001
761221	0.00188856447
761224	1.239489369e-05
761329	0.0002863401087
761370	4.729484884e-06
761672	0.002778605031
761901	0.0002458493377
762126	0.0008532800307
762169	0.002700509625
762286	0.00115231594
762326	0.002141867075
762388	0.001783117395
762555	0.002889407657
762572	3.145971507e-05
762704	4.405441896e-05
762737	0.0002170620089
762914	0.003546873393
762938	0.001911862791
762940	0.004433584811
763000	0.001767763324
763035	0.0005581946057
763052	1.007180443e-06
763103	0.000843893237
763157	0.001918571175
763216	0.002769513409
763360	0.001044561338
763536	0.001105764196
763574	0.002399723769
763597	0.0003916162962
763642	0.0003843433514
763667	0.0003306491332
763830	0.0005463628503
763857	0.0008885097033
763899	0.002516798452
763931	0.0002094207597
764011	0.0009209593111
764142	0.002522167146
764784	0.00442530956
764786	0.0004910335433
764887	0.0001165384771
764952	0.002516091196
765194	0.001598151711
765349	0.004419934063
765359	0.006952866385
765369	0.0004346537445
765433	0.002709975267
765609	0.0008596740589
765648	0.003385078244
765654	0.001708653513
765712	0.0005945711192
765989	0.001452119684
766078	0.001973451905
766112	0.000782995934
766206	0.001132764548
766212	0.0009243011109
766229	0.00279082075
766246	1.253916471e-05
766378	0.009204120764
766615	0.0001684729812
766688	0.004117453569
766714	0.0005973010561
766919	0.00420056805
766927	0.002142372203
766944	0.002058056097
767073	0.004275326225
767130	0.007088138926
767203	0.0007315864169
767462	0.008481615656
767797	0.0001916427062
768082	0.000822208624
768101	0.0005194915734
768153	0.0004768250397
768272	0.003072416229
768305	0.001124436578
768320	0.0003468452518
768371	0.001072541279
768676	0.0002348276253
768859	0.0003470405015
768863	0.001325267092
769143	0.00194324145
769160	0.0059595423
769281	0.009284202341
769291	0.002667974599
769316	0.001555679312
769423	0.009162464145
769776	0.002922858496
769827	0.001256525734
769844	0.001183383148
769968	0.0002781961732
769974	0.0004705672783
770149	0.00110818545
770179	0.0009576127485
770323	0.003346217639
770328	0.00052790939
770494	0.005264442013
770610	0.0001693366625
770708	0.0002247801164
770734	1.690053351e-07
770768	0.0009302765745
770884	8.857606649e-06
770938	0.001767288245
770977	0.001267780759
771040	0.0008418893874
771044	0.003764951195
771054	0.0002106609534
771092	9.740645326e-07
771206	0.0004173840264
771327	0.0026986374
771356	0.000292658018
771537	0.0005844976068
771696	0.0002033916318
771791	0.002842681313
771970	0.002480771357
772005	0.003198705292
772048	0.00564213278
772326	0.00429968355
772418	0.001433496294
772530	0.00111764895
772569	0.001877920764
772779	2.149055503e-05
772808	0.0006831273911
772897	0.002232048945
772918	0.0010440614
772938	0.0022395471
772940	0.002749470079
773207	0.001143359963
773276	0.00794428687
773384	0.0008410028171
773397	0.0001880017039
773408	0.001149687707
773435	0.004664582468
773437	0.007825369542
773445	4.510615362e-07
773594	0.003362133382
773696	0.0008783002121
773768	0.003910803317
773821	0.003489476346
773857	0.001242511859
774009	0.000796367273
774182	0.001392461474
774217	0.0002873019663
774306	0.002417129286
774317	0.005118285888
774348	0.002564362325
774411	0.002653931234
774425	0.001343006072
774464	0.001185707018
774465	0.001873496228
774485	0.001045861105
774509	0.0006328203856
774538	0.005795222621
774707	0.002312183592
774854	0.001785258146
774866	0.001518762248
774890	0
774988	0.0002809104614
775059	0.005547929591
775273	0.0004368041344
775381	0.004018833176
775475	0.0005600046991
775476	0.0008441704948
775564	0.001191226928
775604	0.0007788185665
775645	0.007235378795
776223	0.0001816304537
776468	0.0005045562805
776539	0.001145801275
776612	0.01193534587
776821	0.003191347156
776868	0.00581708243
777055	0.00368162013
777061	0.0001663357096
777131	0.002045669073
777340	0.0003891106263
777401	0.0006467407496
777491	0.001173559752
777498	0.0006444411697
777629	0.001678710828
777756	0.00024928727
777798	0.007552793533
777921	0.0005705299921
777925	0.0002376624025
777932	4.707345716e-05
778012	0.002350790872
778030	0.0006373721074
778104	0.0006498506549
778279	0.0002967264037
778359	0.01120857933
778422	1.75171746e-06
778426	0.006203155503
778438	0.001667403366
778448	0.001024990842
778486	0.0003240678733
778525	0.001930276044
778613	5.372249042e-05
778848	3.436061171e-06
778929	0.0007864795753
779121	0.002438909236
779242	0.0003874647041
779301	0.001154236687
779303	0.000468550764
779479	0.003173050039
779492	0.001501580239
779498	0.00372927892
779526	0.0001952008886
779538	6.504235078e-05
779542	0.004126107733
779546	0.0005543085212
779554	0.002534581057
779569	7.083683525e-06
779595	0.003546867696
779639	0.00133257776
779886	0.0002635587896
779921	0.0007823589161
780017	0.002798413522
780072	0.0001227505152
780290	0.0003767048868
780386	0.004211337857
780471	0.0002944754122
780914	0.001720435601
780992	0.001567389582
780999	0.005192769733
781343	0.0004786846762
781530	0.004325912651
781563	0.01117599954
781694	0.001077154036
781763	0.0004420950319
781826	0.0005540095817
781880	0.00085120054
781897	0.000459521318
781945	0.00283294461
781968	0.000419362227
782021	0.000859078451
782052	0.001411467613
782069	0.0001780189385
782172	0.006051581898
782192	0.005582847172
782281	0.0004647935334
782303	0.001238327219
782358	0.005303290083
782433	0.0004294795351
782476	0.0001328655499
782730	0.004908279837
782823	0.003032211362
782972	0.005933054155
783067	1.428666045e-05
783240	0.004942278461
783268	0.002069578963
783383	0.002085473621
783393	0.002811880577
783628	0.00100544922
783640	0.005736093352
783766	0.001071581794
783806	0.0004674292223
783862	0.009895233301
784091	0.0009185413945
784138	0.0007080600383
784201	0.0007723963688
784307	0.0008448492956
784325	0.0001315438154
784380	0.01198221976
784408	0.001447496979
784415	0.001132770781
784501	0.007650495743
784544	0.003045354296
784759	0.001757773763
784835	0.001442509699
784877	0.005743992523
785007	0.005495952838
785026	0.0009111473903
785126	0.002536154872
785272	0.008164515148
785360	0.01266423462
785511	2.795439597e-06
785531	0.001038341613
785642	0.001589837903
785667	0.001771850692
785669	0.0007956932201
785699	0.0009450417228
785765	0.0007601302626
785784	0.001814989183
785787	0.0008056034977
785831	0.000272241341
785837	0.002004368258
785889	0.001405549902
785940	9.937037755e-05
786087	0.002747412732
786243	0.0004583491155
786470	0.0002175611155
786477	0.004214813571
786491	0.002985183528
786509	0.003062471001
786674	0.0008408655868
786914	0.001609193464
786962	0.001123426758
787011	0.0001567121332
787138	0.004270500263
787215	7.733051704e-05
787257	0.002773282574
787293	0.001082899894
787387	1.007979792e-05
787426	0.00168164137
787708	1.918438939e-07
787861	1.143812121e-05
787955	0.002653029933
788001	0.01038296261
788185	0.0008429488764
788201	1.037098955e-05
788302	0.004741049168
788324	0.0004542239883
788356	0.0006314042
788471	0.005822975781
788530	0.002534003617
788553	0.0025267739
788641	2.716265926e-06
788777	0.00242284489
788811	0.0009164242948
788817	0.00237530223
788818	0.001418832605
788886	0.002160768514
789156	0.001476708686
789300	0.00176676141
789309	0.003810939748
789314	7.456789447e-07
789421	0.001634585186
789470	0.0007272107289
789472	0.005765321706
789509	0.002140099097
789551	0.001768892706
789564	0.002074791478
789786	0.003181360074
790020	5.511705523e-07
790075	0.003954024546
790117	0.005758289846
790122	0.001869608547
790223	0.002022648076
790417	0.0009070363799
790485	0.0005017730636
790582	0.002583820669
790638	0.005829751139
790696	3.55139399e-05
790803	0.001251936584
790869	0.0003619026578
790932	0.0007295231278
790975	0.003617455569
791205	7.715278176e-06
791334	0.001842211485
791432	7.407311237e-06
791454	0.0002102945832
791811	1.438963926e-05
791848	0.000970208126
791864	0.001454837883
791866	0.0002934071934
791916	0.0001811861918
792016	0.002473115697
792031	0.000803008507
792112	0.0007897003909
792351	0.001245984202
792364	0.002307815435
792383	0.006645474598
792641	0.003104166149
792866	0.0001221337857
792942	0.003858273457
793088	0.002309999572
793191	0.0008222995922
793220	0.001259708991
793258	0.0007762639432
793467	0.0001777607937
793556	0.003119174365
793946	0.001091601688
793961	0.0005439788064
793976	0.0004252300728
794132	0.006472936712
794151	0.003020117525
794164	0.003261561274
794211	0.001882980038
794334	0.005008003044
794336	0.0002499292451
794378	3.728204402e-06
794404	0.002823914195
794489	0.007556378587
794535	0.005020515449
794693	1.661505152e-06
794888	0.005766949288
795046	0.0005216866135
795113	0.0003510050221
795237	0.002631419375
795419	0.003657292317
795813	0.003049879728
795850	0.0006721403593
795940	0.0003198237127
795968	0.0001605419247
796054	0.005111247324
796104	0.004266803505
796123	0.00203715935
796204	0.003329892069
796386	0.003756245636
796566	0.002476843313
796579	8.792845136e-07
796585	0.001217232697
796700	0.000411256553
796866	0.002131005826
797004	0.001497775447
797119	0.002320513496
797184	0.001324293912
797187	0.0004240012311
797234	0.001908759813
797293	0.0007788293469
797352	5.424157714e-07
797377	0.002317506686
797440	0.002790006277
797580	0.001161131984
797619	0.00151214635
797772	0.005226674985
797793	0.00230069338
797922	0.004540847469
798035	0.001485719034
798052	0.0007520094593
798073	0.00838555627
798199	0.001536819181
798261	5.969969513e-05
798416	0.001122546302
798480	0.001623912492
798486	0.002999446714
798761	0.002261762067
798952	0.005713374081
799076	0.0001975676846
799325	4.60627468e-05
799381	8.600240938e-06
799423	0.0002664465663
799441	0.001614728168
799462	0.002522657247
799476	0.001936214237
799577	0.000429115836
799579	0.000675485319
799646	0.0002881374187
799666	3.124489667e-06
799681	0.002260388184
799832	0.0009354350145
799884	0.0001522126496
800043	0.0004429370952
800049	0.0004462746671
800103	0.001774350715
800163	0.007714678223
800319	0.0008616787908
800350	0.001782572148
800408	0.003306837862
800461	0.000744936702
800523	0.001941011362
800529	0.0005354210595
800563	0.001750262029
800706	0.0004270866005
800742	1.696904919e-06
800900	0.0006536364204
801136	0.0005272264583
801268	1.409481656e-06
801341	0.001312254096
801448	9.945102153e-05
801576	0.0005299533859
801650	0.001235597891
801824	0.0009931029363
801880	0.004194094683
801900	0.0009146558818
802012	0.0001648424087
802103	0.004533112074
802217	0.003770191208
802258	5.202928208e-06
802267	0.006100958852
802431	0.0007237925329
802688	0.00240786224
802793	0.001768825771
802844	0.001655035662
803086	0.006065930267
803147	0.000211995884
803200	0.001764013765
803363	0.0002552979198
803537	0.005223030906
803542	0.0003785978691
803582	0.001447405236
803651	0.001047177948
803784	0.001189984383
803871	0.0004652865593
803980	0.0006939062653
803993	0.0003729658056
804109	0.0002908608646
804113	0.000150534422
804252	0.0006776615875
804303	0.003017202243
804315	0.003217683359
804694	0.001080711197
804702	0.0007170719109
804704	0.00513368331
804733	0.002573849774
804859	0.000111005579
805072	0.003159106352
805114	0.001419695917
805277	0.002584340912
805308	0.000304214308
805327	0.0008811567233
805378	0.001241061445
805482	0.003761014506
805548	0.001702619704
805770	5.610898873e-05
805887	0.001821870736
805902	0.00200041623
805905	0.005816509494
805958	0.003628803668
805970	0.00117357846
806057	0.001710706424
806076	0.005178588726
806190	4.666943778e-06
806284	0.001797793716
806337	0.001350101771
806360	0.001682298216
806409	0.00134613184
806740	0.0002883380545
806841	0.002674537176
806877	0.0005284337627
806883	0.001106513138
806955	0.002269050517
806964	0.002203099924
806988	0.0007504151992
807053	0.0006924712968
807156	0.003070080877
807304	0.001468668383
807307	0.004688493405
807437	0.003577891882
807484	0.001027101904
807631	0.0006542140949
807639	0.00222650015
807694	0.00152833446
807715	0.001114050417
807827	0.009711935996
807920	0.0007279920155
807956	0.002358645793
807970	0.003951887418
808040	0.005407246734
808065	0.001184142718
808066	0.001054141609
808239	0.003372585897
808247	0.003871447292
808428	0.005687451995
808455	0.0004900526879
808551	0.007247032068
808791	0.0001075503107
808818	0.003520088597
809027	0.002609694093
809105	0.003813169394
809214	0.001162561652
809413	0.002936383145
809516	0.001278508973
809550	0.0006968663078
809669	0.006204969273
809712	0.001996241326
809825	0.01139795032
809827	0.003958983719
809838	0.00260153556
809856	0.005234428852
809952	0.001532003278
810047	0.001067330858
810089	0.003442392697
810174	0.002356387305
810216	0.0008449405491
810289	0.0004524446521
810711	0.001395891245
810813	0.0009609512429
810850	0.0004867630566
810921	0.0004184359318
811055	0.001834434065
811093	0.003420654795
811208	1.354326537e-06
811256	0.0004794213073
811379	0.002898373107
811416	3.700869983e-06
811431	0.0009933584465
811600	0.0004965045961
811700	0.0002052066754
811870	0.003503618815
811908	0.001245903536
811935	0.003616354785
812080	0.0007152203645
812122	0.000490809782
812168	0.0007892579184
812314	0.0004118674676
812420	0.0002798678792
812489	0.001643590625
812588	7.685289228e-05
812610	0.007412473017
812624	0.003734573279
812794	0.004791403707
812945	0.002124283214
812954	0.003775415799
813281	0.004933369229
813346	0.0007197573261
813368	0.002536915893
813437	0.001839802643
813465	0.001883888355
813481	0.0003310711578
813529	0.001240542039
813572	0.0001433767613
813656	0.003483989969
813671	0.00116210524
813705	0.0009028172045
813801	0.003574972041
813809	0.005994403491
813836	0.001029172517
813984	0.001086596031
814043	0.003576510446
814058	0.0002605760361
814148	0.004302448194
814278	0.001606324626
814547	0.009760302048
814587	0.001249287506
814772	0.0004273779479
815018	0.001958474411
815046	0.006516250488
815069	0.004524432627
815096	0.003387233749
815136	0.003176646111
815219	0.002007763369
815292	0.005036205844
815380	0.007618249701
815384	0.00184711014
815628	0.001199733371
815710	0.006747932479
815767	0.0006705892551
815769	0.004787274721
815781	0.001110412908
815788	0.002613991054
816103	0.000295051865
816108	0.009261926194
816220	0.002771634924
816236	0.00292583627
816260	0.0001918956584
816292	0.002756405779
816320	0.004879471046
816367	0.0007745582716
816387	0.003198321361
816452	0.008503465824
816565	0.001124912878
816619	0.000936440464
816634	0.0003752177015
816695	0.002404517495
816708	0.004416620683
816733	0.001509337613
816900	0.003301305383
816943	0.001821194714
816983	0.0007460431487
816989	0.003694616805
817048	0.0006292365452
817051	9.878620887e-05
817136	0.003123585533
817184	0.0003963348408
817187	0.003443459028
817190	0.0009377274043
817338	0.002883819079
817378	0.00516023409
817407	0.001735881892
817448	0.0006942024609
817519	0.001168148534
817617	0.0005141922187
817636	0.002329143526
817758	0.0009286689076
817763	3.916141833e-05
818052	0.001966504506
818573	0.0006928497162
818611	0.002785545768
818654	0.000549364665
818696	0.003834032237
818708	8.330292715e-06
818777	0.0005609515357
818805	0.002766434438
818822	1.100179157e-05
818892	0.003086571292
818903	0.00333340277
818916	0.007705339314
818936	0.002060722004
818974	0.0001207287065
818987	0.0005599727703
819163	0.001940751117
819205	0.003055737826
819356	0.0009758879273
819555	0.003359511469
819616	0.001672767366
819727	0.004765436964
819825	0.0009731197768
819845	1.40228751e-06
819906	0.002330574627
819943	0.0007171437724
820099	0.003328968992
820125	0.0003141915511
820268	0.0002696325126
820624	0.0007383577555
820638	0.002218189484
820688	0.0003434727157
820811	0.0005101654326
821010	0.005980023326
821063	0.00459241265
821093	0.008585330226
821151	0.001167856674
821218	0.002164732148
821307	0.004607733803
821540	0.002148602682
821615	0.0003962786855
821709	0.0001373002152
821777	0.001833126627
821838	0.0003719082864
822132	0.002540389347
822148	0.006027284206
822186	0.0004476940394
822202	0.0003295914518
822403	0.002372243449
822485	0.0003325863792
822489	0.00480424332
822542	0.0002159285602
822668	0.003827276301
822772	0.003378570667
822790	0.0005323571794
823007	0.0003248440519
823017	0.001152524098
823070	0.0009849828776
823262	0.003567994758
823350	0.002253201682
823358	0.009937528832
823359	0.002559868211
823389	0.0002610126518
823397	0.0001472883719
823520	1.951063384e-05
823661	0.0008531766747
823757	0.001980350976
823792	0.002598432103
823820	0.0005134210419
823889	0.0001355778904
824010	0.003478291192
824018	0.0002150765804
824214	0.001057961195
824399	0.005155863105
824470	1.012699761e-06
824608	0.0009052012164
824620	0.002811575038
824627	0.00208154294
824635	0.007527660036
824728	0.0001674002229
824829	8.176204049e-07
825006	0.002193518821
825017	0.002042388689
825111	0.0005865302558
825235	1.70718227e-06
825257	0.0004906310752
825290	0.003271126146
825301	0.0005964693055
825317	0.002612618955
825418	0.0003461594183
825437	0.0001291377657
825817	0.005070133024
825875	3.404973202e-05
825959	0.0005312019939
826098	0.0002107974179
826111	0.002065496973
826324	0.000353954841
826419	0.003635289688
826427	0.004563738244
826436	0.0007052360922
826520	0.002350911984
826563	0.0002442613544
826753	0.0004528281485
826780	0.001008862767
826901	0.0005225239321
826905	0.00537251999
826987	0.0004746788417
827111	0.0007418121892
827193	8.828821139e-05
827230	0.01012235718
827454	0.0008328359048
827573	0.004823289528
827679	0.00491298602
827682	0.0009562719906
827788	0.0009753534845
827793	0.003678769252
827815	0.000156658749
827832	0.000621134099
827873	0.001214902902
827879	0.0008008174481
827900	9.075662623e-06
827971	0.0002701044137
828134	0.002383264774
828155	0.001021433944
828592	0.0005570914371
828623	0.0008623898141
828731	0.0003939591962
828866	0.001105043175
828936	0.001664669663
829011	0.005194128291
829338	0.005762977867
829432	0.002279369632
829494	0.0005585750354
829640	0.0005789312538
829680	0.0009258073226
829777	0.001014459158
829944	0.001054269213
829949	0.003575704625
830010	0.006564977075
830028	0.0003358102095
830154	0.001278055681
830272	0.001847416966
830337	0.003344013932
830514	0.001002732163
830538	0.001569143369
830561	0.0002867258088
830597	0.0002907267654
830645	0.001326375532
830668	0.0002863532485
830815	0.003475431317
830957	5.479227092e-05
831043	0.006760217575
831095	0.0004749687236
831103	0.002172933692
831216	2.533938098e-06
831340	0.000328046482
831379	0.002368789018
832100	0.0001141530388
832123	0.002417039005
832458	0.003494837116
832512	2.086894893e-05
832539	0.0002954526197
832581	8.063473876e-05
832651	0.004328901193
832658	1.956122561e-06
832689	0.004561024682
832782	0.002162671174
832899	0.001820774596
833050	0.002034658377
833110	0.006361591754
833236	0.000128488327
833258	0.0009113615894
833391	0.001444768632
833482	0.0017057506
833497	0.003200353774
833532	0.0002792742727
833591	0.001408535386
833631	0.001599589626
833686	0.00152207323
833834	0.005216654578
833894	0.0009951958758
833946	1.900168092e-06
834025	0.0001905246469
834144	0.002931220015
834216	5.181824292e-06
834226	0.002576146817
834378	0.00299750043
834492	0.005614003434
834561	0.00350682351
834650	0.008971076902
834732	0.0007483867638
834736	0.0009853825806
834906	0.0007357157892
835035	5.100143121e-05
835197	0.0007260836296
835432	0.001531729243
835528	0.001153785878
835655	0.0009039070642
835768	0.0001370020212
835819	2.118276328e-06
835825	0.00118813091
835897	0.006601991495
836064	0.0003921445342
836123	0.001214491705
836156	3.092721504e-07
836283	0.0008491559267
836525	0.0007236367931
836555	0.0001103754043
836671	0.002557312502
836723	0.001273315372
836852	0.0003385341899
836996	0.004757440044
837015	0.004748605047
837085	0.0004994723959
837202	0.0004036956479
837372	0.001142477338
837422	0.001390106532
837516	1.224991779e-05
837547	0.002082058693
837848	0.0002759121538
837867	0.006928684066
837884	0.001232316227
838082	0.002736940087
838192	0.001581209726
838202	0.00100620136
838227	0.0003667015806
838270	0.0001846318604
838383	0.000914631614
838395	0.001326368417
838424	0.001852758404
838514	0.001531737707
838781	0.001187460354
838841	6.421084838e-05
838850	0.003098547821
838893	0.0006467654392
839238	0.0004362865879
839386	0.002311208945
839393	0.000778984067
839456	0.001768649242
839667	0.0005542740983
839711	0.01000689414
839734	0.0002746884047
839838	2.763465614e-07
839889	0.0006605985005
839905	0.0008043197784
839963	0.0008239931114
839998	0.005295847869
840126	0.0012380782
840182	7.199012618e-05
840321	0.001575535182
840323	0.001360679264
840351	0.00237741625
840482	0.0003881438193
840526	0.008263454904
840586	0.001750087734
840646	3.254494628e-07
840657	0.002990322323
840671	4.670787885e-05
840678	0.00284649469
840786	0.0005976850236
840998	0.0007374415739
841003	0.004015277518
841031	0.0009354458867
841040	0.0005364319242
841089	0.005375919904
841201	0.000878865672
841454	0.0005449496965
841507	0.006097046063
841665	0.004950424234
841831	0.004683922751
841841	0.0008327879478
841992	0.002740969293
842041	0.0001861979811
842053	0.0007433050248
842227	0.0005162938705
842403	0.0007649031521
842409	8.352060952e-06
842533	0.0002326810986
842641	0.001768162157
842800	0.0005520916928
842863	0.0008244483995
842949	0.001112552962
843169	0.00704840603
843225	0.001226223551
843341	4.732149382e-06
843406	0.00172747594
843459	0.0003033450149
843700	0.001105540072
843840	0.001236363013
843847	0.001676803717
843860	0.008580487274
843919	0.001126191656
843975	0.002333644041
844112	0.003753813652
844179	0.0002879656219
844238	3.836877878e-07
844373	0.001230816874
844423	0.0005973292622
844502	0.003232750362
844688	0.0008272235118
844973	0.0009506867443
845166	0.001247076607
845284	3.22525522e-05
845305	0.0007600470686
845545	0.00201932663
845706	0.001361964734
845883	0.0002022781187
846063	0.001380838701
846121	0.0004808169311
846276	0.002960938763
846335	0.0009432789752
846379	0.0009508374838
846625	0.003703060608
846654	0.003621870508
846825	0.000350550908
846906	0.001401961274
847004	0.001717570542
847187	0.004994768195
847343	0.0005906856193
847404	0.001644001973
847518	0.0003516592134
847663	0.001014041764
847665	0.0007924683695
847668	0.009038822272
847744	0.002480972385
847863	0.0004028691528
848037	0.0002779225174
848052	0.002099962932
848208	0.003674248154
848239	0.0006019124965
848251	0.001150988745
848285	0.006120954964
848340	0.001087150874
848379	0.0004770065479
848555	0.004908788311
848611	0.0009958367663
848632	1.511912592e-06
848634	1.643234305e-06
848714	0.001087393709
848718	0.0001545423694
848765	0.003967868542
848816	8.124284392e-06
848849	1.001470803e-06
849010	0.0009351575104
849018	0.001078995973
849091	0.004139184841
849193	0.0006620101976
849207	0.000108146206
849268	0.004439321693
849300	0.0006628847635
849495	0.002808377192
849503	0.004221869709
849520	0.0003771074339
849720	0.001893407509
850146	0.003370324061
850172	0.0005837422358
850228	0.001182952248
850476	0.0001246089072
850489	0.0008487948728
850515	0.0001087694633
850773	0.001205765224
850833	0.001307739469
850908	0.0004860960402
851012	0.001668367381
851058	1.621537674e-07
851158	0.002984312947
851207	0.001067156465
851249	0.000775988599
851263	0.0001131625942
851555	0.002276361042
851662	6.730314564e-05
851769	0.003061653229
851961	0.004785020837
851981	0.0001636967014
851994	0.0006065868877
851996	0.001116717971
852093	0.002284920931
852171	0.0001159070457
852317	0.002823208009
852479	0.005437872912
852627	1.454073942e-05
852721	0.001920220191
852738	0.001308398843
852767	0.0003141101061
853073	0.0003797809432
853090	0.0001024143963
853177	0.001740101421
853207	0.0002865150259
853268	0.005938798026
853338	0.00213257861
853390	0.0002173784153
853499	0.0005775968882
853535	0.003437225009
853556	0.001014618374
853576	4.246790041e-05
853688	4.880331662e-05
853771	0.001956101288
853794	0.002050458642
853918	0.0008964402428
853942	5.095282467e-06
854059	0.00341803306
854306	0.001937262314
854355	0.005364252713
854452	0.0004971899549
854536	0.004938900009
854802	0.001106114798
854803	0.00247367575
854818	0.002090790196
854900	0.0008425454405
854977	1.541334637e-05
854987	0.001730727046
855000	6.891535117e-06
855048	0.002925393771
855052	0.003217678718
855191	2.600680722e-05
855358	0.001129702783
855432	0.001997428988
855435	0.0004244081141
855562	0.0032227935
855603	0.0007853883506
855674	0.000292999278
855876	0.001034194676
856091	0.002162307
856183	0.008518330622
856223	1.742582036e-06
856278	0.0003090366516
856395	0.003349573821
856445	1.251553022e-06
856561	0.0001206971653
856583	0.002093059005
856691	0.002130740433
856720	0.002845525498
856745	0.0004682588454
856761	0.001370702861
856899	0.00525026682
856945	0.0006528492193
857142	0.0001536047981
857191	0.001309051378
857210	0.0006137749139
857241	1.092444396e-05
857245	0.001401378367
857318	0.0002414612856
857485	0.01394232424
857502	0.0003101368769
857526	0.0002434732412
857577	0.002345761898
857595	0.0006671223937
857689	0.001967837735
857705	0.00231110062
857735	0.003009548743
857756	0.002119070791
857786	0.002366794321
857868	0.006376455171
857910	0.0003907581014
857914	0.0003403450352
858243	0.001193609883
858290	0.0004927388941
858349	0.00102315918
858362	0.0002645122473
858383	0.001398843281
858465	0.00075136475
858552	0.001583940467
858640	2.343045811e-06
858689	0.001073024342
858810	0.002609847261
858845	0.000184935375
858969	0.0009309855061
859018	0.003929066579
859034	0.001242125552
859076	0.0003695340723
859223	0.001114876169
859246	0.001339332374
859280	0.0007855543744
859660	0.0008824231393
859781	3.989896222e-06
859804	1.944703281e-06
859813	0.003787897459
859871	0.003798871425
859901	0.0002871161762
859962	0.002098395623
860145	0.002359841818
860169	9.403586263e-06
860241	0.003812889201
860245	0.003002828854
860313	0.00441404002
860606	0.001160401418
860621	3.494299496e-07
860778	0.002774953201
860815	0.0005440685993
860903	0.0008650861434
860920	0.0001259252679
860941	0.006797198101
861234	0.001561150329
861328	0.0003201378205
861384	0.007136725182
861423	0.0003919222374
861449	0.002531212308
861569	0.001840574939
861599	0.001806480559
861604	0.002347177575
861700	0.002028766478
861972	1.86168512e-05
862044	0.0007944257247
862098	0.0002034874148
862444	0.0008374272985
862491	0.002432944995
862650	0.006323096912
862656	1.104244318e-06
862794	0.0004109678908
862795	0.007800066869
862880	0.001237282769
862988	0.000648476088
863000	0.001225538217
863016	0.007235662833
863038	0.004253530759
863050	0.001034403234
863288	0.0003936537107
863366	0.001002934122
863418	0.0002501000048
863647	0.001315157894
863684	0.006897947869
863757	1.406855222e-06
863844	0.001844489163
863950	0.002864369754
863954	0.001914990765
864054	0.003806238603
864468	0.0008038787706
864617	0.0002543085051
864721	0.0005376604656
864951	0.001705978084
865021	8.735748739e-07
865082	0.0009997843825
865090	0.001240500497
865187	0.004341510052
865301	0.0005082209549
865343	3.393610644e-05
865357	0.0007764668678
865418	0.0017452984
865444	0.001088929801
865615	0.004006076922
865631	0.0002034238354
865700	4.779820726e-05
865853	0.0003985125409
865937	0.001840980581
865943	0.0009277658532
865952	0.000742234347
866051	0.0002895801891
866123	0.001739704367
866144	0.001993531626
866295	0.0001651213917
866313	0.001893015714
866468	3.666730615e-06
866604	0.001168010454
866637	0.0006271387935
866657	0.001723023098
866671	0.003533390901
866764	0.002032359819
866862	0.001783305216
867237	0.0008094746845
867303	0.001049103746
867320	0.002279324549
867627	0.0004711919034
867660	1.2915205e-06
867788	0.0002494461977
867944	0.0003979576522
868094	0.001042159041
868220	0.002341299126
868243	0.001353486208
868244	0.0002737178746
868280	0.002581766056
868331	0.0002975001532
868452	1.529041511e-06
868458	0.0003262009748
868518	0.0005371182954
868584	0.0004284837946
868604	0.0001928311533
868668	0.0003681226025
868697	1.482222466e-06
868823	0.0007671052424
868957	0.000437972498
869085	0.001214348494
869140	0.007615705061
869182	0.0006547552633
869342	0.002235612663
869445	0.001008476246
869511	0.003321212798
869550	0.002252826807
869601	0.003527875723
869608	0.001712658989
869613	0.002160175851
869648	0.0002094677823
869787	0.0002332916792
869860	0.002695251188
869902	0.00128213495
870054	0.003385493626
870152	0.002207672191
870331	0.002286059213
870402	9.283605473e-05
870525	0.001502261639
870563	0.001059839845
870600	0.001977522021
870895	0.001413038815
870906	0.007615095814
870990	1.587279836e-06
871015	0.006002845774
871085	2.972818279e-05
871176	0.0001020193722
871220	0.001944129054
871352	0.0008812361088
871387	0.0002861288618
871584	0.001050548097
871758	0.001606077939
871782	0.0003808942463
871988	1.324027382e-06
871995	0.000914166648
872201	0.003355248283
872270	0.002008166949
872339	0.001019593327
872528	0.0008741993362
872610	0.002760673301
872647	0.001965258934
872749	6.796298326e-06
872833	0.006142380578
872872	0.00746743759
873170	0.001070791845
873174	0.0008981462318
873209	4.517560187e-05
873217	0.0007608141271
873228	6.097895198e-07
873284	0.003329419409
873324	0.001226347479
873387	0.004243862256
873605	0.00569714523
873624	0.0006043249637
873782	0.0005955253978
873867	0.0005011400981
874022	0.00110524936
874112	0.0007713582037
874302	0.002962707798
874360	0.00104250112
874476	1.81794928e-06
874485	4.623666228e-06
874562	2.539076774e-05
874660	0.000673329959
874912	0.0004945709519
875330	0.00048500557
875385	1.096250822e-06
875468	0.001395485445
875501	0.001657195638
875546	6.001973251e-06
875625	0.002413297325
875677	0.003449119711