node_id	error
0	0.008702789161
1	0.007016497798
2	0.005072483752
3	0.005987500153
4	0.008726566104
5	0.01084124589
6	0.001328597102
7	0.006647951156
8	0.0005611701298
9	0.002970381262
10	0.005676357774
11	0.006258407443
12	0.007944471106
13	0.005761500563
14	0.004755161731
15	0.00548944914
16	0.004730636147
17	0.01059621077
18	0.008364425919
19	0.006056641479
20	0.004819200887
21	0.00488497596
22	0.008499994463
23	0.007949379383
24	0.0017295335
25	0.0006460029274
26	0.0004423908192
27	0.006137227436
28	0
29	0.0007748640302
30	0.003733231728
31	0.00639074069
32	0.0001958133658
33	0.006564282513
34	0.009319213156
35	0.01292078707
36	0.01472197329
37	0.008535483809
38	0.006871009405
39	0.003714097822
40	0.0003945338825
41	0.0004781011702
42	0.007520354735
43	0.003904677652
44	0.005383767956
45	0.00956145841
46	0.00608864506
47	0.006191135756
48	0.008904252501
49	0.005034255059
50	0.005279719157
51	0.00830055834
52	0.001882077179
53	0.007880952569
54	0.009010841625
55	0.004996755023
56	0.004512511141
57	0.00569433419
58	0.003205333019
59	0.009135632669
60	0.00685794604
61	0.007419147762
62	0.003415057647
63	0.00516841494
64	0.009127662781
65	0.004787929804
66	0.006645202013
67	0.000125222525
68	0.001468964577
69	0.01433915506
70	0.01046556935
71	0.005319363316
72	0.006921833947
73	0.008627798467
74	0.003855062877
75	0.004091817118
76	0.004638461341
77	0.007290486939
78	0.00662837887
79	0.001823856912
80	0.005357995694
81	0.00433277623
82	0.00474857995
83	0.0002994189675
84	0.007996099911
85	0.002451659903
86	0.008727805507
87	0.006424528902
88	0.007405195585
89	0.002465910193
90	0.008652922895
91	0.004155239617
92	0.005298911316
93	0.002810977832
94	0.008126021804
95	0.00932458224
96	0.006146625507
97	0.005965247007
98	0.01218482981
99	0.006925886674
100	0.003377258256
101	0.003701871715
102	0.008383777676
103	0.006978949932
104	0.009230710478
105	0.002042689156
106	0.005966766876
107	0.003899219919
108	0.003858490103
109	0.004527062973
110	0.006571125843
111	0.004099816764
112	0.002839796007
113	0.009502727728
114	0.007937991704
115	0.00616723784
116	0.0005419145839
117	0.00485964362
118	0.007776024746
119	0.006460074031
120	0.006505504608
121	0.007417157349
122	0.00390053237
123	0.004264807368
124	0.01342264013
125	0.001541357076
126	0.005648422201
127	0.007905923721
128	0.00124023028
129	0.001034984031
130	0.003733654719
131	0.005904574402
132	0.002745686043
133	0.003458155932
134	0.004158670614
135	0.004770717193
136	0.004583369313
137	0.001326270077
138	0.0002596518254
139	0.007316713594
140	0.002296719555
141	0.005903821832
142	0.007423666001
143	0.009924774026
144	0.0008675791428
145	0.002381666761
146	0.006240151585
147	0.006144015589
148	0.005211490114
149	0.004482086449
150	0.007864136991
151	0.007177435996
152	0.004876639327
153	0.005401542113
154	0.008115231888
155	0.005157011497
156	0.006710391915
157	0.006871642344
158	0.008445971245
159	0.001830138639
160	0.00255930687
161	0.001453814536
162	0.005379457909
163	0.003258326721
164	0.004557770921
165	0.005473216425
166	0.001605662387
167	0.002429730274
168	0.005968122531
169	0.003462086011
170	0.007229915232
171	0.005054360154
172	0.006661074832
173	0.00630187148
174	0.008930827503
175	0.001195741289
176	0.002603474089
177	0.002564600518
178	8.219015525e-05
179	0.005881766571
180	0.001083819769
181	0.002984689149
182	0.003320074452
183	0.006579744553
184	0.007612285503
185	7.55222525e-05
186	0.0001818801094
187	6.825613079e-05
188	0.0001861035422
189	0.009125909519
190	0.006217485957
191	0.004305797342
192	0.00950315022
193	0.005573644781
194	0.005930856606
195	0.01002919399
196	0.006362899075
197	0.004185372206
198	0.00560586731
199	0.002164680696
200	0.001161313066
201	0.00660420621
202	0.001001410016
203	0.0003483982576
204	0.002750574577
205	0.00291333443
206	0.001809136634
207	0.004269335456
208	0.005976125097
209	0.009986194839
210	0.002149185116
211	0.004421626799
212	0.00682664842
213	0.001868579716
214	0.005569832548
215	0.003013920231
216	0.00671398038
217	0.001567341561
218	0.0003166614983
219	0.005403615646
220	0.005447994979
221	0.006751059669
222	0.003376477343
223	0.004884965899
224	0.008198435654
225	0.001590131735
226	0.00150149979
227	0.004071026174
228	0.004031390674
229	0.004901040611
230	0.004790375004
231	0.006465589116
232	0.005312969872
233	0.002037336704
234	0.004254959062
235	0.007157037096
236	0.004130846491
237	0.005262937566
238	5.53133515e-05
239	0.0006854223433
240	4.264370014e-05
241	0.008023126199
242	1.416893733e-05
243	0.0009859673025
244	0.00127526428
245	0.003932273887
246	0.001782623663
247	0.004337052529
248	0.01035624967
249	0.004099308309
250	0.006526321273
251	6.866485014e-05
252	3.664850136e-05
253	0.005297753242
254	0.003320744751
255	0.008586224593
256	0.007628385405
257	6.520831668e-06
258	6.82955391e-05
259	0.006073603223
260	0.006588244212
261	0.005309397357
262	0.004372926277
263	0.0008673192269
264	0.002602396545
265	0.004344610139
266	0.008992275563
267	0.002332977826
268	0.003981739561
269	0.0057901606
270	0.00389657537
271	0.00130042189
272	0.008506986484
273	0.01123821657
274	0.009797065805
275	0.00870253675
276	0.008619202784
277	0.006068263667
278	0.007079285601
279	0.007000151069
280	0.008680636064
281	0.008554416076
282	0.009972989972
283	0.00832152594
284	0.003542688658
285	0.005452395702
286	0.0005038896462
287	0.0006525976383
288	0.0080137566
289	0.005057823538
290	0.00896645787
291	0.005143510289
292	0.007043084399
293	0.01041663502
294	0.006657214573
295	0.002561183215
296	0.007028968433
297	0.009622120213
298	0.005537588518
299	0.001844096986
300	0.004551312441
301	0.002806104616
302	0.001764106385
303	0.0008880933973
304	0.003063368023
305	0.006039371052
306	0.005485220863
307	0.006063484608
308	0.009021370516
309	0.004165547839
310	0.005218143666
311	0.003445860636
312	0.004476526316
313	0.004492637349
314	0.002084962528
315	0.003915152134
316	0.003547115065
317	0.009496096326
318	0.0007770761682
319	0.007009040334
320	0.006109621176
321	0.003193790239
322	0.005876337437
323	0.008812078085
324	0.005542635038
325	0.004979894752
326	0.0007030427246
327	0.0009865750875
328	0.0001650250467
329	0.0005004315504
330	0.0008257525833
331	0.005828176026
332	0.004043934708
333	0.00819571604
334	0.00723185372
335	0.005538664268
336	0.004760228747
337	0.008813137858
338	0.007229540364
339	0.004295886316
340	0.002883557309
341	0.005468086016
342	0.005959269626
343	0.005702475242
344	0.003697244827
345	0.006215613457
346	0.006135778666
347	0.002724471435
348	0.009473664491
349	0.006215350777
350	0.004281182433
351	0.003958964003
352	0.0001995902563
353	0.002081854303
354	0.004970558333
355	0.006868611169
356	0.00706343902
357	0.004366790055
358	0.00704916032
359	0.005701598072
360	0.006972182141
361	0.0003184034004
362	0.01181651184
363	0.001623643162
364	0.006833219121
365	0.004776180585
366	0.0001316209744
367	0.00399755382
368	0.007328082014
369	0.005764500871
370	0.008640210105
371	0.004470889173
372	0.0001802571528
373	0.006597033928
374	0.001968620527
375	0.0008260520541
376	0.006361738489
377	0.0001572627153
378	0.003362033065
379	0.005688927137
380	0.0003214251725
381	0.0007625506201
382	0.006633166729
383	0.005268764385
384	0.007632643188
385	0.01258094901
386	0.00454991447
387	0.005989837332
388	0.004041338255
389	0.006217066696
390	0.003049827316
391	0.004097563396
392	0.0005665485925
393	0.0006038646683
394	0.004881916662
395	0.002945799495
396	0.00300239861
397	0.005953896524
398	0.005909393426
399	0.003424673989
400	0.001467583325
401	0.001629075754
402	0.002749091542
403	0.003936877315
404	0.006106332006
405	0.00788192209
406	0.007530337158
407	0.006786201413
408	0.01005094483
409	0.01180843087
410	0.002675903773
411	0.006298597519
412	0.01118687374
413	0.0002449133181
414	0.005986080672
415	0.003531146239
416	0.0008087244251
417	0.006571194622
418	0.0005257039055
419	0.001329291553
420	0.003300473754
421	0.003836389372
422	0.00262719301
423	0.005676886972
424	0.01096188838
425	0.0006822169778
426	0.002724557764
427	0.001833652434
428	0.00243372592
429	0.01008908713
430	7.547683924e-05
431	7.547683924e-05
432	0.0006639427033
433	0.000262665937
434	0.0004606833664
435	0.006851491277
436	0.004718177465
437	0.003594936893
438	0.00232196392
439	0.006561428648
440	0.0008180319968
441	0.01023804342
442	0.002663464082
443	0.008292401193
444	0.002541459639
445	0.004732674113
446	0.01427257824
447	3.569482289e-05
448	0.0001792915531
449	0.004910455067
450	0.0005491068471
451	0.0006710167582
452	0.005908020769
453	0.00803406567
454	0.004806182021
455	0.002008369661
456	0.001451869551
457	0.006174328895
458	0.004696485697
459	0.00405132722
460	0.004622280532
461	0.009625070699
462	0.01034751646
463	0.001919201374
464	0.00889379842
465	0.005841161612
466	0.007405243332
467	0.001443403406
468	0.005365779272
469	0.005537360417
470	0.003813354266
471	0.005821318434
472	0.008636321384
473	0.01311351796
474	0.01020104485
475	0.006219840127
476	0.007398680178
477	0.006160580296
478	0.006522276331
479	0.008177668344
480	0.005239569448
481	0.005609159549
482	0.004945523951
483	0.005871934246
484	0.002628224308
485	0.0007799441083
486	0.006113496406
487	0.006385780644
488	0.008601271163
489	0.0008805491852
490	0.001806068994
491	0.009015835485
492	0.007979176301
493	0.00190059209
494	0.003523405615
495	0.0002252815819
496	0.006293905244
497	0.004983881539
498	0.0005054102757
499	0.005279752533
500	0.0005368719939
501	0.007771277065
502	0.005912123913
503	0.007552416023
504	0.002566843522
505	0.003980126312
506	0.00339514785
507	0.003098176577
508	0.004694092096
509	0.006897655519
510	0.009038779876
511	0.01044379197
512	0.003064414614
513	0.001259478703
514	0.004426579808
515	0.004091155494
516	0.004411832222
517	0.0004772301758
518	0.0006073682555
519	0.004409944169
520	0.003934015468
521	0.006040870346
522	0.002629805956
523	0.006296919727
524	0.001714261335
525	0.007346262853
526	0.005484343343
527	0.003546950424
528	0.003163134644
529	0.005236086493
530	0.009070792017
531	0.006213885597
532	0.004635262499
533	0.006651010544
534	0.001670588736
535	0.007022370386
536	0.002360164898
537	0.005154648677
538	0.005294032192
539	0.004142764132
540	0.009329227012
541	0.01337522592
542	0.007338835815
543	0.006975798572
544	0.0005844232516
545	0.0003231163497
546	0.007292534151
547	0.008369738268
548	0.007517996435
549	0.001495207992
550	0.00681124665
551	0.00634037948
552	0.008488782459
553	0.00833194991
554	0.003599069268
555	0.004292132372
556	0.007347626889
557	0.007746600504
558	0.003822938581
559	0.009483190103
560	0.008441131475
561	0.007710841141
562	0.01362687638
563	0.003331893927
564	0.004080043478
565	0.005996782416
566	0.003766973031
567	0.0007836474367
568	0.004032116501
569	0.006986458743
570	0.001289975434
571	0.008820442068
572	0.0001743870885
573	0.01835861809
574	0.009758648455
575	0.01060781026
576	0.003480827445
577	0.007574654432
578	0.00739066831
579	0.002010224655
580	0.004103833651
581	0.00348526306
582	0.001147619473
583	0.004717200267
584	0.005292383521
585	0.007143028719
586	0.005401094983
587	0.0001799724346
588	0.004525647822
589	0.0096896237
590	0.005075341469
591	0.002623211918
592	0.00621676419
593	0.002825726671
594	0.005254486455
595	0.003791659586
596	0.0002901853696
597	0.004518336061
598	0.00724124686
599	0.008472846563
600	0.002296791004
601	0.0002036402181
602	0.008434010415
603	0.004633724479
604	4.059945504e-05
605	4.059945504e-05
606	0.0006836281532
607	0.009959389334
608	0.00642322231
609	0.005124645566
610	0.008560262497
611	0.00619688029
612	0.007035593738
613	0.003104867986
614	0.003164814577
615	0.004233965316
616	0.009820663333
617	0.009074796978
618	0.007256675011
619	0.01048858633
620	0.006317443035
621	0.007518403817
622	0.006346903895
623	0.004220182457
624	0.003802778182
625	0.005142599991
626	0.005194621815
627	0.0003955259698
628	0.005059291039
629	0.007159070282
630	0.007246215495
631	0.008551894231
632	0.001188546956
633	0.01304159873
634	0.00612879389
635	0.00161666465
636	0.003906252039
637	0.006624974268
638	0.001810810262
639	0.008612567067
640	0.007340472579
641	0.006863220123
642	0.0001792828536
643	0.007479423484
644	0.003530854194
645	0.008798394981
646	3.792473557e-05
647	0.007582785651
648	0.004373228211
649	0.006700582771
650	0.004897387146
651	0.001193605813
652	0.006655255884
653	0.008008528654
654	0.0007763210492
655	0.003883091957
656	0.007385084607
657	0.0007820030121
658	0.008087665865
659	0.007149378331
660	0.001976578226
661	0.002762093782
662	0.008424762986
663	0.002064257693
664	0.004604074811
665	0.004365234706
666	0.005166077845
667	0.007353213702
668	0.0005883878366
669	0.0007057342389
670	0.005684614341
671	0.006389970982
672	0.007377514013
673	0.004533930246
674	0.004462056305
675	0.0009462749474
676	0.001378512509
677	0.006578733175
678	0.006634065697
679	0.003976008274
680	0.007792043633
681	0.00538586591
682	0.007051388443
683	0.007181447855
684	0.007141752829
685	0.005979098003
686	0.006070924765
687	0.002901414009
688	0.00614538042
689	0.004746768547
690	0.005765583751
691	0.005065426839
692	0.0001132606721
693	0.001596276113
694	0.006875324075
695	0.00174204594
696	0.004667768776
697	0.007707797011
698	0.0001508048938
699	0.003552227665
700	0.003368257357
701	0.01142087141
702	0.004521134805
703	0.002568789636
704	0.002311837582
705	0.001551814867
706	0.005280241744
707	0.0005759790065
708	0.006159261242
709	0.00442687285
710	0.003801664852
711	0.002663324631
712	0.0002143342761
713	0.0001479265596
714	0.0007193460491
715	0.001368392371
716	0.005249667469
717	0.002085054313
718	0.005679666135
719	0.006567546924
720	0.006469051692
721	0.008994934886
722	0.006124599967
723	0.0005535499593
724	0.005265061594
725	0.005186380661
726	0.006841024458
727	0.006702931625
728	0.00678871434
729	0.009002594358
730	0.008512352453
731	0.01000848235
732	0.004385842417
733	7.970027248e-05
734	0.0001226158038
735	0.002810881802
736	0.002942963258
737	0.006806244304
738	0.01005189578
739	0.0118205732
740	0.00434981219
741	0.00612701567
742	0.005086612401
743	0.004341321675
744	0.006407105708
745	0.0001640326975
746	0.0004607629428
747	0.01284595982
748	0.01495471518
749	0.005213794569
750	0.001061190542
751	0.003441586552
752	0.005509439754
753	0.00949611877
754	0.006532275744
755	0.00582821822
756	0.007328632715
757	0.008666844025
758	0.00165655599
759	0.005199118205
760	0.01128224223
761	0.001124883418
762	0.0008355505939
763	0.002091478283
764	0.003341579955
765	0.003839883043
766	0.004484081392
767	0.005664000813
768	0.003437179169
769	0.003848681947
770	0.009831899627
771	0.004186185825
772	0.001701621449
773	0.003281328994
774	0.003878861106
775	0.001515363097
776	0.0003056596135
777	0.0007199601512
778	0.008139192947
779	0.005465867551
780	0.0008182591856
781	0.005412117009
782	0.003394892937
783	0.003373702361
784	0.004482065284
785	0.01015741865
786	0.005431840413
787	0.01001724679
788	0.007019513187
789	0.004837793568
790	0.0002920980926
791	0.0002964577657
792	0.000138147139
793	9.768392371e-05
794	0.005091597443
795	0.001852097329
796	0.002335241444
797	0.002748873415
798	0.01344111957
799	0.004875191227
800	0.000921886909
801	0.00421960477
802	0.008146185816
803	0.004192437094
804	0.0004315826522
805	0.0009188328792
806	0.0005885572202
807	0.002335563399
808	0.002759951185
809	0.001062388738
810	0.00119969526
811	0.002467064749
812	0.007900971946
813	0.0009771024168
814	0.005089440418
815	0.002076877822
816	0.003089621604
817	0.008612763257
818	0.01010362921
819	0.003208443944
820	0.005345257655
821	0.00239134863
822	0.004409384699
823	0.00258974515
824	0.001630567448
825	0.009976267077
826	0.005898584115
827	0.004249301912
828	0.003820766731
829	0.007448645484
830	0.008840671692
831	0.00628893924
832	0.005478889548
833	0.000108719346
834	0.000108719346
835	0.006307060743
836	0.007430954924
837	0.006535520703
838	0.01401468904
839	0.002086169205
840	0.005880420181
841	0.003816896719
842	0.008453385
843	0.007779154673
844	0.006149465959
845	0.005665723579
846	0.004439928641
847	0.002153077726
848	0.001490132264
849	0.01017052193
850	0.003329735451
851	0.007956740963
852	0.0003379047304
853	0.005739674965
854	0.008823625647
855	0.001798949962
856	0.0006434758778
857	0.002414526835
858	0.0003589133255
859	0.002099501371
860	0.00852387865
861	0.007642955563
862	0.002093440127
863	0.007687860146
864	0.00244919651
865	0.002634405415
866	0.007352462211
867	0.0002769794387
868	0.008594575852
869	0.004978438726
870	0.009247281145
871	0.004622328965
872	0.005446267918
873	0.006599903886
874	0.002287411184
875	0.001820718454
876	0.007144375722
877	0.004157632467
878	0.006908975064
879	0.004536286344
880	0.003556143992
881	0.006178269888
882	0.004367784732
883	0.005166068603
884	5.517711172e-05
885	0.0002100817439
886	0.007902604484
887	0.0134299156
888	0.003893842222
889	0.004270678823
890	0.005541970694
891	0.01062741903
892	0.008508632886
893	0.003172311249
894	0.005786376987
895	0.002878395866
896	0.00190786497
897	0.001018633931
898	0.00300616669
899	0.003486679584
900	0.004974894613
901	0.0007798509336
902	0.004061449078
903	0.003980599591
904	0.008621209578
905	0.0001651226158
906	4.523160763e-05
907	0.005091311804
908	0.006799589831
909	0.006640855363
910	0.008707011245
911	0.001376332794
912	0.002733532033
913	0.006577587168
914	0.005398915956
915	0.007383494253
916	0.0002431540532
917	0.0001691669899
918	0.0001201887448
919	0.0008975527178
920	0.004567627045
921	0.00264720963
922	0.003045605487
923	0.006072241383
924	0.006983277306
925	0.002405731527
926	0
927	0.008931729929
928	0.0003415531335
929	0.0006134877382
930	0.001928578697
931	0.0146066385
932	0.0001987970827
933	0.005896315069
934	0.005985610356
935	0.0002093406935
936	0.003454655226
937	0.004115387196
938	0.00515602196
939	0.003274432093
940	0.004509538408
941	4.861035422e-05
942	0.0004791119608
943	0.009949432357
944	0.01174010016
945	0.006298917879
946	0.003635844459
947	0.007297307311
948	0.001840399137
949	0.008037674357
950	0.006902796214
951	0.008310708031
952	0.00779215532
953	0.008890782219
954	0.005979550027
955	0.005843287859
956	0.002950240151
957	0.005304945495
958	0.005209805886
959	0.004216444372
960	0.003359446992
961	0.004191310047
962	0.002633772506
963	0.005979879667
964	0.007152237562
965	0.006405748887
966	0.002663214688
967	0.007279348116
968	0.002510982263
969	0.006711659656
970	0.008006609019
971	0.001217788343
972	0.005014486239
973	0.006307228723
974	0.008709643604
975	0.003857675086
976	0.006880950107
977	0.004613952951
978	0.008372447705
979	0.01115348987
980	0.001780648108
981	0.002109376827
982	0.0006892901129
983	0.009468059848
984	0.008466227399
985	0.001405149271
986	0.005005353088
987	0.003050000221
988	0.006350632161
989	0.005791102198
990	0.008801538665
991	0.001273973134
992	0.01161698501
993	0.007285167178
994	0.007947682928
995	7.792915531e-05
996	7.792915531e-05
997	0.003970619831
998	0.006317003321
999	0.005316441541
1000	0.000782559623
1001	0.001886753006
1002	0.002460685003
1003	0.0001155312012
1004	0.006305139914
1005	0.00984666084
1006	0.006839578033
1007	0.002120115611
1008	0.0006726966468
1009	0.006532802139
1010	0.005519898445
1011	0.007671715943
1012	0.007061786604
1013	0.002882883849
1014	0.00409352824
1015	0.002719425557
1016	0.0007396457766
1017	0.0003361716621
1018	0.006352049094
1019	0.004937105906
1020	0.003790525725
1021	0.008342786481
1022	0.008778316636
1023	0.006315116245
1024	0.009059856214
1025	0.007162716948
1026	0.009507702901
1027	0.004934316349
1028	0.002802307173
1029	0.005848163054
1030	0.008147557423
1031	0.002351829861
1032	0.004508118433
1033	0.005229145642
1034	0.0006316208307
1035	0.005817071914
1036	0.006066914608
1037	0.005777455322
1038	0.002692107922
1039	0.01149451613
1040	0.005507047083
1041	0.002676941861
1042	0.0001052774822
1043	0.0008662654049
1044	0.001501130556
1045	0.003059433811
1046	0.0007870383985
1047	0.003894876676
1048	0.006180683921
1049	0.001127049542
1050	0.005844572533
1051	0.002084136126
1052	0.006920115487
1053	0.004744495697
1054	0.003825378693
1055	0.0001209616002
1056	0.009842719434
1057	0.004410409403
1058	0.006163312925
1059	0.008745722971
1060	0.006650821749
1061	0.00391764128
1062	0.0009968583619
1063	0.001164955375
1064	0.003095489805
1065	9.450152332e-05
1066	0.004959914979
1067	0.003992938084
1068	0.001114826499
1069	0.006223858352
1070	0.007399085155
1071	0.009910120651
1072	0.003161152109
1073	0.0008466276128
1074	0.008687704966
1075	0.003078654338
1076	0.003615299821
1077	0.007394739259
1078	0.008127408886
1079	0.003606804901
1080	0.001577241849
1081	0.009425608997
1082	0.005454569068
1083	0.00545387808
1084	0.003918503168
1085	0.002519061807
1086	0.003062131167
1087	0.0008925200173
1088	0.006156500432
1089	0.002124438756
1090	0.0008443209591
1091	0.006409508696
1092	0.002491759511
1093	0.005773004729
1094	0.0008682121471
1095	0.0001702997275
1096	0.000741280654
1097	0.008659006297
1098	0.01042928377
1099	0.005714724464
1100	0.008248856109
1101	0.0006142055854
1102	0.00839808098
1103	0.007687989538
1104	0.006272947271
1105	0.0002943010746
1106	0.001526033588
1107	0.002977170257
1108	0.00395995644
1109	0.004958578584
1110	0.01147811041
1111	0.0009725850069
1112	0.004099170802
1113	0.004491760291
1114	0.004978091253
1115	0.006686370302
1116	0.0007586672585
1117	0.01271947315
1118	0.005526787922
1119	0.001271673013
1120	0.0005676526346
1121	0.00816178844
1122	0.0001847411444
1123	0.0009547683924
1124	0.006251174364
1125	0.00450420484
1126	0.008013056933
1127	0.004284444955
1128	0.007146631044
1129	0.005710632463
1130	0.0013339609
1131	0.0008039855959
1132	0.0009375567084
1133	0.006784638575
1134	0.003600277956
1135	0.005769210842
1136	0.00424203414
1137	0.0008634244194
1138	0.001962323237
1139	0.005178461163
1140	0.003627200007
1141	0.0002297491433
1142	0.006342170441
1143	0.00222407073
1144	0.007287997883
1145	0.005452011576
1146	0.004357732592
1147	0.003574192331
1148	0.004744614981
1149	0.00209351688
1150	0.004215940616
1151	0.006548112365
1152	0.007420895206
1153	0.005977479984
1154	0.008102167159
1155	0.005392509773
1156	0.01015356522
1157	0.01217380872
1158	0.005156315833
1159	0.002470291183
1160	0.005211247386
1161	0.007836855554
1162	0.002587311046
1163	0.001232341964
1164	0.003166102905
1165	0.003202761894
1166	0.002605829888
1167	0.004557097365
1168	0.005854154898
1169	0.007548962911
1170	0.004283651727
1171	0.00159314709
1172	0.004235952216
1173	0.005687411455
1174	0.002861149046
1175	0.002533435401
1176	0.001050751533
1177	0.0007615148824
1178	0.01739588438
1179	0.002680255697
1180	0.007948355822
1181	0.004594685685
1182	0.006861563262
1183	4.128065395e-05
1184	6.21253406e-05
1185	0.002011522855
1186	0.001273391821
1187	0.003998057605
1188	0.0008489106691
1189	0.003795887541
1190	0.006282735058
1191	0.006630899678
1192	0.004163600883
1193	0.00594357866
1194	0.008085420092
1195	0.004900888119
1196	0.007166798047
1197	0.003735178417
1198	0.0002686219761
1199	0.001246044468
1200	0.0002215258856
1201	0.0001626702997
1202	0.004127792901
1203	0.005403137253
1204	0.004443838637
1205	0.0008675453559
1206	0.004126832486
1207	0.007857715902
1208	0.004385200449
1209	0.004696002887
1210	0.0008046631105
1211	0.0004492399023
1212	0.01050722253
1213	0.003733667415
1214	9.963704238e-05
1215	0.01057900842
1216	0.002052932738
1217	0.005006092475
1218	0.004362444977
1219	0.009321479537
1220	0.007514974953
1221	0.005225696721
1222	0.00389210879
1223	0.001351513991
1224	0.001306702391
1225	0.003235534039
1226	0.006287821545
1227	0.002754280133
1228	0.007861198158
1229	0.003031616159
1230	0.004897276935
1231	0.002981191234
1232	0.01127363042
1233	0.006185249642
1234	0.0002840688897
1235	0.001747658769
1236	0.001218247571
1237	0.001833315243
1238	0.004381968885
1239	0.002367939706
1240	0.004278328129
1241	0.004245130594
1242	0.007683501769
1243	0.01041835668
1244	0.006516229408
1245	0.008035898786
1246	0.0002725849501
1247	0.001119593611
1248	0.003690075825
1249	0.009190782848
1250	0.0009721647815
1251	0.0007896672889
1252	0.001647251739
1253	0.00587098856
1254	0.002836642354
1255	0.001343853698
1256	0.007286728007
1257	0.007692099868
1258	0.00544025836
1259	0.004327553975
1260	0.0002673180223
1261	0.007413997894
1262	0.001272826306
1263	0.001280190129
1264	0.003796101163
1265	0.001863030004
1266	0.001598192764
1267	0.001462534671
1268	7.942779292e-05
1269	8.228882834e-05
1270	0.009760285484
1271	0.002874158286
1272	0.007662114243
1273	0.005489353998
1274	0.000985968805
1275	0.003796775884
1276	0.007247089845
1277	0.008612372577
1278	0.00596646951
1279	0.002415647615
1280	0.0007986796597
1281	0.005439731956
1282	0.006041804929
1283	0.005936059581
1284	0.008923380914
1285	0.001623448898
1286	7.80653951e-05
1287	0.008911546826
1288	0.003869901547
1289	0.001775887645
1290	0.004099288977
1291	0.003841018405
1292	0.003923257693
1293	0.001399318801
1294	0.01113340765
1295	0.002876149719
1296	0.00477167645
1297	0.002011878245
1298	0.003224764488
1299	0.002753717874
1300	0.001889921323
1301	0.004539922003
1302	0.005031139711
1303	0.006981677124
1304	0.008531788483
1305	0.005073223671
1306	0.004943034522
1307	0.005908661832
1308	0.009731363413
1309	0.004719557482
1310	0.00397934341
1311	0.001583301837
1312	0.003106823577
1313	0.003828272036
1314	0.006215240713
1315	0.003533051224
1316	0.004408496639
1317	0.0001502270663
1318	0.0004499545867
1319	0.005309100147
1320	0.0006756220057
1321	0.004141172433
1322	0.004859998349
1323	0.004728446192
1324	0.005122673114
1325	0.005663490498
1326	0.0007245692103
1327	0.002819118221
1328	0.002664058245
1329	0.0005208549172
1330	0.005299355004
1331	0.008547722429
1332	0.008813493272
1333	0.0006174603421
1334	0.001155856392
1335	0.005039502561
1336	0.005454880721
1337	0.001755516358
1338	0.001415169255
1339	0.0002273841962
1340	0.0088063417
1341	0.0009712665879
1342	0.01036763807
1343	0.0009907321718
1344	0.004379412791
1345	5.286103542e-05
1346	5.286103542e-05
1347	0.01197741451
1348	0.005803134925
1349	0.002487474533
1350	0.003516523408
1351	0.006462266683
1352	0.004225068949
1353	0.001094366715
1354	0.002365463701
1355	0.004972090467
1356	0.0002887321787
1357	0.001753358726
1358	0.008224320185
1359	0.00112870497
1360	0.001300707343
1361	0.002272330502
1362	0.0001378833523
1363	0.002388479091
1364	0.002233519591
1365	0.0003318158428
1366	0.005315130227
1367	0.0001718258659
1368	0.003417468733
1369	0.002553716092
1370	0.004666968405
1371	0.005976149505
1372	0.006677376113
1373	0.00862185427
1374	7.463392098e-05
1375	0.001077231458
1376	0.006606449617
1377	0.0004984174213
1378	0.002130665998
1379	0.001173698931
1380	1.403269755e-05
1381	0.005106907836
1382	0.0007901227525
1383	0.002699469023
1384	0.004800749494
1385	0.000402901186
1386	0.01053201267
1387	0.005353898217
1388	0.002600120884
1389	0.006259074787
1390	0.0109729837
1391	0.006318608895
1392	0.003961878799
1393	0.0008574342831
1394	0.003858352297
1395	0.0101168493
1396	0.003688126881
1397	0.005705610491
1398	0.006251987791
1399	0.005859591529
1400	0.004557747098
1401	0.0005489782017
1402	0.004957813088
1403	0.0004526821459
1404	0.003726992804
1405	0.004595894813
1406	0.0001789509537
1407	0.001686012716
1408	0.005792863295
1409	6.784741144e-05
1410	0.0004982288829
1411	0.002439169537
1412	0.00527140219
1413	0.00642624173
1414	0.008276118184
1415	0.003347297732
1416	0.0003710571421
1417	0.006071033414
1418	0.009676854887
1419	0.0002756416292
1420	0.004426879001
1421	0.00536313606
1422	0.001609782886
1423	0.0007783162791
1424	0.0007598637461
1425	0.003373024597
1426	0.00607420092
1427	0.0009810980016
1428	0.006625128744
1429	0.005334452713
1430	8.583106267e-05
1431	8.583106267e-05
1432	0.006173162215
1433	0.003689201951
1434	0.009533420669
1435	0.005182786405
1436	0.0107917271
1437	0.00590454554
1438	0.0006332435094
1439	0.001169710239
1440	0.00264160659
1441	0.004855392223
1442	0.008510586589
1443	0.002846684976
1444	0.007185525797
1445	0.003862463335
1446	0.003070300014
1447	0.002265021595
1448	0.000888239682
1449	0.003081870977
1450	0.01055726724
1451	0.00833231555
1452	0.005448725772
1453	0.005114333435
1454	0.009437332852
1455	0.00447226458
1456	0.001832126779
1457	0.003570318025
1458	0.01002200027
1459	0.00209394655
1460	0.0002353849445
1461	0.0002502212653
1462	0.001209519186
1463	0.007965560213
1464	0.003144397744
1465	0.002035802968
1466	0.005872681743
1467	0.01069103364
1468	0.005641201759
1469	0.00924213268
1470	0.001459065518
1471	0.00714932717
1472	0.001027667415
1473	0.004965890994
1474	0.008280390369
1475	0.006834018247
1476	0.004279431263
1477	0.009102669034
1478	0.0001058583106
1479	0.004756478778
1480	0.003782048368
1481	0.006711790218
1482	6.030401114e-05
1483	0.004360052411
1484	0.003634193353
1485	0.002471752824
1486	0.00165079073
1487	0.007478915536
1488	0.01101990102
1489	0.006996483374
1490	0.005631217833
1491	0.004823204566
1492	0.002076190319
1493	0.005134346876
1494	0.001380263001
1495	0.003329471919
1496	0.007704115115
1497	0.008216378
1498	0.004513303037
1499	0.002991428792
1500	0.002923458804
1501	0.005971524505
1502	0.00691216226
1503	0.0001554495913
1504	0.003180650648
1505	0.007926389906
1506	0.004949577805
1507	0.004490360376
1508	0.006427246989
1509	0.002984815888
1510	0.003662864007
1511	0.00509862344
1512	0.003410276937
1513	0.004857514167
1514	0.007157368664
1515	0.006730611879
1516	0.001108915986
1517	0.001412484077
1518	0.005602484061
1519	0.00264244542
1520	0.005861368564
1521	0.005729350681
1522	0.001230769549
1523	0.002331984163
1524	0.002174675466
1525	0.0003654907607
1526	0.009661632948
1527	0.001689863725
1528	0.003572921414
1529	0.007085632418
1530	0.0001242616225
1531	0.002426117228
1532	0.006764588042
1533	0.0004412313538
1534	0.004868648138
1535	0.001933328039
1536	0.006958585941
1537	0.0001028536403
1538	0.004559794473
1539	0.001890966339
1540	0.001390848091
1541	0.0002662005272
1542	0.001110017309
1543	0.002198327495
1544	0.003951032768
1545	0.006924112435
1546	0.00547652018
1547	0.005702802684
1548	0.007141177129
1549	0.001858153022
1550	0.008912150562
1551	0.002462788986
1552	0.005186502159
1553	0.004192676546
1554	0.002258961887
1555	0.003861823255
1556	0.003937233244
1557	0.003602354501
1558	0.005471684496
1559	0.0004816858532
1560	0.002516002142
1561	0.003426052279
1562	0.0001130790191
1563	0.0005705722071
1564	0.0009348479804
1565	0.003287890339
1566	0.001608551719
1567	0.003089722101
1568	0.007094707027
1569	0.004927204474
1570	0.0001185286104
1571	0.0001185286104
1572	0.0002246790338
1573	0.0006107174896
1574	0.0004969121032
1575	0.00294751868
1576	0.008810810176
1577	0.002565887601
1578	0.0008631902123
1579	0.005003817032
1580	0.003921442035
1581	0.01377944348
1582	0.00638556019
1583	0.001738973649
1584	0.005169234165
1585	0.001684186933
1586	0.003904600344
1587	0.00420472469
1588	0.006831259467
1589	0.006574229276
1590	0.0006531933231
1591	0.00280606222
1592	0.002592288018
1593	0.002246377225
1594	0.00251793962
1595	0.008046186986
1596	0.0005923292616
1597	0.001204152345
1598	0.002654360153
1599	0.005994898367
1600	0.01168422291
1601	0.006910831312
1602	0.009112816038
1603	0.001897450674
1604	0.003857693647
1605	0.007090466007
1606	0.006016613291
1607	3.174386921e-05
1608	0.0009083106267
1609	0.01028063278
1610	0.0001600817439
1611	0.003777363141
1612	0.0008048591499
1613	0.0002890804825
1614	0.001947716345
1615	5.929069886e-05
1616	0.002402503547
1617	0.001398218062
1618	0.007208405382
1619	0.004190066372
1620	0.0006396604714
1621	0.001317338631
1622	0.003727441077
1623	0.005274300324
1624	0.003175177439
1625	0.00670034366
1626	0.0008115760593
1627	0.001991201672
1628	0.004356501365
1629	0.002963994059
1630	0.004072845804
1631	0.005544444517
1632	0.005560286318
1633	0.008855546055
1634	0.007181489759
1635	0.001839779634
1636	0.003304905535
1637	0.0009197418725
1638	0.0007573890838
1639	0.0008830010983
1640	0.00632649702
1641	0.003452749584
1642	0.004899798588
1643	0.003569308034
1644	0.002385271157
1645	0.005678498589
1646	0.00488240389
1647	0.00544383592
1648	0.0007752043597
1649	2.874659401e-05
1650	0.008865495835
1651	0.005503500757
1652	0.01022726941
1653	0.003632247298
1654	0.004139474948
1655	0.008132784171
1656	0.003269680792
1657	0.002429073126
1658	0.0003794042973
1659	0.01049309535
1660	0.007524344661
1661	0.01100722867
1662	0.005584146846
1663	0.00639322833
1664	0.0009109353217
1665	0.0003507645259
1666	0.01137387207
1667	0.0005084468665
1668	0.0006380725718
1669	0.009828403145
1670	0.0015719233
1671	0.001053206897
1672	0.006759276498
1673	0.006069650361
1674	0.0003787808083
1675	0.004225168682
1676	0.002404250115
1677	0.003546383546
1678	0.004806886705
1679	0.01134675487
1680	0.009889407933
1681	0.003596047522
1682	0.004837347523
1683	0.005101775765
1684	0.0030489167
1685	0.004542403986
1686	0.002553125658
1687	0.005198231943
1688	0.001066038092
1689	0.006223603891
1690	0.0085923658
1691	0.01109353732
1692	0.009298155415
1693	0.0003689988256
1694	0.004338020805
1695	0.0002190202475
1696	0.008423599359
1697	0.007608654937
1698	0.006830362299
1699	0.007553906119
1700	0.001113058328
1701	0.006296942148
1702	0.007862440902
1703	0.0008389127554
1704	0.002712545028
1705	0.00369298187
1706	0.001063164842
1707	0.006846380263
1708	0.006575002695
1709	0.002331134006
1710	0.005868134938
1711	0.00357502227
1712	7.50004785e-05
1713	0.009976806897
1714	0.001415642229
1715	0.004023042372
1716	0.003724264179
1717	0.0006267453268
1718	0.0004233938974
1719	0.001794349679
1720	0.009196402202
1721	0.002868277941
1722	0.001531289924
1723	0.003736352242
1724	0.001428300943
1725	0.0002358489418
1726	0.007815481146
1727	0.0007997586107
1728	0.006254072175
1729	0.005425540589
1730	0.00821770991
1731	0.0007938157311
1732	0.001811164653
1733	0.006312046636
1734	0.005143213164
1735	0.0009156779673
1736	0.003467463948
1737	0.006842105976
1738	0.01029657039
1739	0.008642331061
1740	0.01366972823
1741	0.004003894865
1742	0.001595221407
1743	0.001181873033
1744	0.002270169755
1745	0.003819335792
1746	0.007847634225
1747	0.001750616617
1748	0.002619039041
1749	0.0003519073569
1750	0.0002903269755
1751	0.0005821175555
1752	0.0001565265343
1753	0.005156724478
1754	0.002253482539
1755	0.0003975639336
1756	0.0008429820146
1757	0.003379621495
1758	0.0007837009036
1759	0.005351290939
1760	0.001183863789
1761	0.0004551164161
1762	0.01079056955
1763	0.002520616004
1764	0.004054335693
1765	0.01623439359
1766	0.003019812311
1767	0.005137822718
1768	0.003325503144
1769	0.001612062531
1770	0.008319394965
1771	0.003968271661
1772	0.0004996476083
1773	0.008516078451
1774	0.0005463023682
1775	0.001697292356
1776	0.007889676163
1777	0.00492993051
1778	0.01193615187
1779	0.001348333647
1780	0.004794347438
1781	0.005001355055
1782	0.007222364422
1783	0.00464482521
1784	0.0002728505499
1785	0.00754306696
1786	0.0001300527183
1787	0.003484742187
1788	0.006976096568
1789	0.00519315095
1790	0.0001179836512
1791	0.0001179836512
1792	0.001324867759
1793	0.01385535181
1794	0.002353234076
1795	0.003643480713
1796	2.411444142e-05
1797	7.711171662e-05
1798	0.0001449591281
1799	0.005532009324
1800	0.002403014521
1801	0.001576007649
1802	0.008182846344
1803	0.007638508624
1804	0.008316719118
1805	0.005310258091
1806	0.009426358826
1807	0.008718767292
1808	0.00559476026
1809	0.006972817267
1810	0.005331070957
1811	0.0125814994
1812	0.0005681672704
1813	0.002217135959
1814	0.006715520928
1815	0.0009768859951
1816	0.001335883534
1817	0.004972316088
1818	0.005243479997
1819	0.009300025901
1820	0.01133338992
1821	0.003920747203
1822	0.006439429873
1823	0.001443296249
1824	0.00477571884
1825	0.009248769039
1826	0.002793932537
1827	0.01038934235
1828	0.005833463073
1829	0.00375018293
1830	0.007401222994
1831	0.009069119469
1832	0.006443896251
1833	0.004883055053
1834	0.00490413553
1835	0.003765342146
1836	0.003202070724
1837	0.003736764788
1838	0.003589365949
1839	0.004434889106
1840	0.002996284294
1841	0.005979962822
1842	7.515061528e-05
1843	0.009746583508
1844	0.01373628355
1845	0.004498497269
1846	0.007401325122
1847	0.007154106764
1848	0.000958370774
1849	0.002564950004
1850	0.001455881906
1851	0.002577768305
1852	0.004422628832
1853	0.002336761515
1854	0.008702365416
1855	0.0003204290201
1856	0.002152019167
1857	6.675087043e-05
1858	0.003532815062
1859	0.001381416921
1860	0.006404447861
1861	0.0001244079816
1862	0.006368430509
1863	0.003206450388
1864	0.001157887705
1865	0.006317661649
1866	0.002527349228
1867	0.00580586582
1868	0.001677052408
1869	0.003160668136
1870	0.00254055285
1871	0.0001242181651
1872	0.005535614896
1873	0.002080559069
1874	0.003654430073
1875	0.003749183985
1876	0.0003509780715
1877	0.0005799087796
1878	0.0008976121098
1879	0.003077786227
1880	0.005840853472
1881	0.010309852
1882	0.003709487519
1883	0.005003416317
1884	0.01008577047
1885	0.001503575475
1886	0.00239614353
1887	0.006066087425
1888	0.005852942476
1889	0.005982114468
1890	0.00281338266
1891	0.006036979322
1892	0.007836786066
1893	0.01328031176
1894	0.003858433923
1895	0.007262552642
1896	0.0005622770343
1897	0.004522610842
1898	0.0006279402035
1899	0.001194025131
1900	0.002621999818
1901	0.005632711244
1902	0.008652452752
1903	0.01084289809
1904	0.003436578805
1905	0.006329153532
1906	0.0002395564822
1907	0.0008579871118
1908	0.006642246183
1909	0.005336456361
1910	0.0001324250681
1911	0.0001324250681
1912	0.0006786947521
1913	0.001182578498
1914	0.004752620289
1915	0.011142865
1916	0.005666729282
1917	0.002037396101
1918	0.00573593023
1919	0.005073969854
1920	0.01290450997
1921	0.004005485132
1922	0.005882914298
1923	0.001719280516
1924	0.004715376915
1925	0.0006750159822
1926	0.003171803584
1927	0.008798038123
1928	0.005642596802
1929	0.007265767166
1930	0.005071793465
1931	0.001082184237
1932	0.0002723731864
1933	0.003765671001
1934	0.00369898663
1935	0.00132936657
1936	0.006404473947
1937	0.006044520408
1938	0.009025514562
1939	0.006366427936
1940	0.002655597136
1941	0.0004738731433
1942	0.002158896095
1943	0.01312081211
1944	0.001947076904
1945	0.005445417503
1946	0.005330531741
1947	0.004280006202
1948	0.001899270916
1949	0.004712819197
1950	0.001053662687
1951	0.001647750419
1952	0.008417117868
1953	0.009628826324
1954	0.004812596518
1955	0.003131046014
1956	0.007763855752
1957	0.007884823058
1958	0.002598140618
1959	0.000801139723
1960	0.00670252226
1961	0.002788603903
1962	0.005322748235
1963	0.002610510261
1964	0.007246275945
1965	0.00750146332
1966	0.003625425381
1967	0.009589855827
1968	0.002506180549
1969	0.002007841252
1970	0.009580016017
1971	0.002420289957
1972	0.00866247229
1973	0.002395727178
1974	0.002058430546
1975	0.008471524093
1976	0.007964161011
1977	0.0003484496513
1978	0.007615430096
1979	0.0003452615979
1980	0.01160631614
1981	0.0008501400195
1982	0.002581410989
1983	0.0005202378813
1984	0.003113673907
1985	0.004273057228
1986	0.0046308786
1987	0.0001105581261
1988	0.0005549292122
1989	0.003658054013
1990	0.00578257874
1991	0.005577873199
1992	0.0006093295982
1993	0.007170554063
1994	0.005419653341
1995	0.00485331871
1996	9.250681199e-05
1997	0.0004588555858
1998	0.005607023472
1999	0.005981242926
2000	0.003274252043
2001	0.007636049944
2002	0.001785318004
2003	0.0001334692335
2004	0.003313152852
2005	0.006129988973
2006	0.001164685711
2007	0.001872944097
2008	0.002755494067
2009	0.0003549372095
2010	0.008622992312
2011	0.006738904036
2012	0.007808524676
2013	0.007583216716
2014	0.0004238874736
2015	0.006640702244
2016	0.005313223906
2017	0.002035900999
2018	0.0008870525911
2019	0.005187070819
2020	0.007942188575
2021	4.359673025e-06
2022	0.001726138229
2023	0.005613718785
2024	0.0009316988749
2025	0.001515370454
2026	0.00351025063
2027	0.001470695548
2028	0.001503734078
2029	0.004803789091
2030	0.006979534974
2031	0.009787510804
2032	0.00734716155
2033	0.007388456944
2034	0.0003011465425
2035	0.005336936059
2036	0.004264767439
2037	0.0004306205549
2038	0.01020649508
2039	0.00165497767
2040	0.002394248532
2041	0.001229737206
2042	0.01018746156
2043	0.01173887812
2044	0.004503538696
2045	0.007916139563
2046	0.00830203803
2047	0.006384665361
2048	0.003247983259
2049	0.002331988968
2050	0.006156287263
2051	0.0008217983651
2052	0.000278746594
2053	0.001216251578
2054	0.003453042753
2055	3.575536248e-05
2056	0.003761705464
2057	0.006077798183
2058	0.005424306728
2059	0.001566813665
2060	0.001222738451
2061	0.001488483669
2062	0.008148596816
2063	0.006097192702
2064	0.003527692398
2065	0.005348959001
2066	0.003001988614
2067	0.01302616664
2068	0.001546590072
2069	0.004096286968
2070	0.003058150847
2071	0.002555261383
2072	0.007245938085
2073	0.006586779763
2074	0.0006091413651
2075	0.005449131935
2076	0.0008278087548
2077	0.002870457612
2078	0.00943360459
2079	0.00376108599
2080	0.0006865690238
2081	0.006535643847
2082	0.002990422569
2083	0.005453822698
2084	0.001837916303
2085	0.007261284937
2086	0.003983325876
2087	0.009439775679
2088	0.01273939304
2089	0.003167862896
2090	0.005267215499
2091	0.0003327868244
2092	0.001971822385
2093	0.008918919519
2094	0.006267940014
2095	0.0006682313803
2096	0.002796125541
2097	0.004907574322
2098	0.00780096705
2099	0.004995978229
2100	0.006140447969
2101	0.003179281436
2102	0.0007695209871
2103	0.0002887002366
2104	0.007575050318
2105	0.002173526134
2106	0.00761129459
2107	0.008441722226
2108	0.008710848574
2109	0.005833741071
2110	0.00481373893
2111	0.001953993777
2112	0.003478212078
2113	0.003387744366
2114	0.005338957669
2115	0.005040066202
2116	0.001753117408
2117	0.00251932807
2118	0.0001833787466
2119	0.0002433242507
2120	0.001065594392
2121	0.006624383228
2122	0.002773654705
2123	0.002348363014
2124	0.005475914474
2125	0.006032685688
2126	0.003719478457
2127	0.003203328134
2128	0.005924200257
2129	0.00560566491
2130	0.005026092366
2131	0.004304989876
2132	0.002743099292
2133	0.009210327692
2134	0.01003146702
2135	0.005920628788
2136	0.006043508145
2137	0.006736841667
2138	0.005904768305
2139	0.0004131671036
2140	0.001117891414
2141	0.01160970497
2142	0.000513616472
2143	0.0008233550513
2144	0.004644030414
2145	0.004891015634
2146	0.004314223795
2147	4.877384196e-05
2148	0.0003376021798
2149	0.004872341812
2150	0.004361655101
2151	0.007747095156
2152	0.0002144414169
2153	0.0001753405995
2154	0.00308653315
2155	0.01036525626
2156	0.005584978143
2157	0.003388178493
2158	0.004610813634
2159	1.471389646e-05
2160	6.920980926e-05
2161	0.002207815049
2162	0.004713257691
2163	0.004702952016
2164	0.008651585331
2165	0.003737166187
2166	0.003151093159
2167	0.004233592655
2168	0.0021537514
2169	0.004676822675
2170	0.004145587518
2171	0.003614396771
2172	0.0004860406445
2173	0.001104251491
2174	0.003959487563
2175	0.00837338234
2176	0.001026891189
2177	0.0004637286469
2178	0.004013111878
2179	0.002478742744
2180	0.003580488031
2181	0.0116645148
2182	0.005215155314
2183	0.005808985814
2184	0.007618658224
2185	0.0001705722071
2186	0.000219346049
2187	0.000143387235
2188	0.006080606228
2189	0.009856779425
2190	0.001052217988
2191	0.0004731722172
2192	0.004125186477
2193	0.002407042752
2194	0.004899713539
2195	0.001378107225
2196	0.001711659976
2197	0.001370373145
2198	0.0007493905972
2199	0.0002196958965
2200	0.003694338346
2201	0.0001920009628
2202	0.001744436431
2203	0.009112234256
2204	0.00136456866
2205	0.00336886428
2206	0.01132918469
2207	0.002472502576
2208	0.002436300742
2209	0.001975365162
2210	0.009483706337
2211	0.002458303845
2212	0.005070056351
2213	7.537417249e-05
2214	0.002047183955
2215	0.002306174949
2216	0.007184319836
2217	0.006620978149
2218	0.001984157543
2219	0.003170344444
2220	0.002609479621
2221	0.00139151577
2222	0.004095555829
2223	0.005523075786
2224	0.0004539299576
2225	0.001952444823
2226	0.003947681524
2227	0.008605236032
2228	8.651226158e-05
2229	0.002048937533
2230	0.006029908284
2231	0.005614251052
2232	0.007169546445
2233	0.002073881962
2234	0.007962313519
2235	0.01372498039
2236	0.002830365577
2237	9.31880109e-05
2238	0.007319234992
2239	0.005046036788
2240	0.01387263913
2241	0.009102077545
2242	0.00676873368
2243	0.0001794277929
2244	0.0009431879908
2245	0.0001297891475
2246	0.0001697547684
2247	0.005225830209
2248	0.003049696334
2249	0.0009100408527
2250	0.002299544198
2251	0.007170376022
2252	0.008604250814
2253	0.001928367706
2254	0.002347781532
2255	0.0007872419957
2256	0.008991611812
2257	0.001095399671
2258	0.0009135222692
2259	0.006796106684
2260	0.006944382748
2261	0.01011170792
2262	0.001360201535
2263	0.01107149631
2264	0.01092271361
2265	0.007018848869
2266	0.0006557176909
2267	0.009292021504
2268	0.008330518626
2269	0.006232981984
2270	0.002229301053
2271	0.01131341052
2272	0.0002549704494
2273	0.004844591918
2274	0.003941451629
2275	0.0001604904632
2276	0.009316745167
2277	0.005236285766
2278	0.008274804831
2279	0.005502778306
2280	4.332425068e-05
2281	4.332425068e-05
2282	0.001690607035
2283	0.0004266145817
2284	0.002314644955
2285	0.001385639188
2286	0.007847502754
2287	0.008324928738
2288	0.005048591585
2289	0.00736378358
2290	0.003223458216
2291	0.0009826631965
2292	0.006453970081
2293	0.006124101085
2294	0.0003823861749
2295	0.004172307793
2296	0.002968100728
2297	0.006245455683
2298	0.005745004082
2299	0.001751745589
2300	0.008788342533
2301	0.002552846347
2302	0.006909317432
2303	0.001570148223
2304	0.007297080385
2305	0.0008483841989
2306	0.001663465681
2307	0.006945545761
2308	0.008624127325
2309	0.008954299727
2310	0.004179881677
2311	0.007885030793
2312	0.006678662218
2313	0.005279688251
2314	0.01034414778
2315	0.004670836989
2316	0.004540757972
2317	0.003932537754
2318	0.007754065404
2319	0.007920700474
2320	0.006949640431
2321	2.291099001e-05
2322	0.004044036832
2323	0.005690778457
2324	0.009520081639
2325	0.002219696599
2326	0.002487511827
2327	0.000763146925
2328	0.003145401976
2329	0.004618467646
2330	0.0002782893459
2331	0.003748822552
2332	0.004109509326
2333	0.003920662149
2334	0.00810979771
2335	0.00766113129
2336	0.003359925517
2337	0.002294005579
2338	0.006400110312
2339	0.005060935303
2340	0.002189383751
2341	0.0018839412
2342	0.002192226835
2343	0.004234144138
2344	0.000928746594
2345	7.138964578e-05
2346	0.007392606485
2347	0.006737850368
2348	0.0004280227652
2349	0.003262668744
2350	0.007742827737
2351	7.070844687e-05
2352	0.002592786802
2353	0.007140611837
2354	0.002544805108
2355	0.002302283487
2356	0.002141281946
2357	0.002032787825
2358	0.00730719981
2359	0.00412336635
2360	0.00284688915
2361	0.005722173067
2362	0.0002216621253
2363	0.005988180129
2364	0.0009061642857
2365	0.0007861624645
2366	0.01385964116
2367	0.0009310744342
2368	0.0008755286572
2369	0.004694282592
2370	0.005999070112
2371	0.003631720566
2372	0.01087337541
2373	0.00351075168
2374	0.003832789525
2375	0.001775044116
2376	0.01588764776
2377	0.00290480688
2378	0.005815395235
2379	0.008218299547
2380	0.007297572327
2381	0.005412060184
2382	0.004527529667
2383	0.006316918151
2384	0.001752144657
2385	0.01107567864
2386	0.009483955562
2387	0.004141432629
2388	0.02004633522
2389	0.005283990083
2390	4.028156222e-05
2391	0.006779207249
2392	0.006953867453
2393	0.01041543517
2394	0.0011299728
2395	0.007238774515
2396	0.005886400962
2397	0.01298300496
2398	0.003537108159
2399	0.0001104904632
2400	0.0004765667575
2401	5.980866213e-05
2402	4.271807574e-05
2403	0.00570711104
2404	0.001508996779
2405	0.007913500699
2406	0.003789308617
2407	0.0006227126096
2408	0.008005074566
2409	5.186194369e-05
2410	4.39373297e-05
2411	0.002231511171
2412	0.001198177157
2413	0.0006899675754
2414	0.001324467277
2415	0.00083136955
2416	0.001774191088
2417	0.008490481857
2418	0.0008192165278
2419	0.00299169938
2420	0.005042889405
2421	0.005459114183
2422	0.009573032758
2423	0.003992386827
2424	0.001105167795
2425	0.01530305176
2426	0.00380962975
2427	0.004570784585
2428	0.001964254371
2429	0.01215098355
2430	0.003103214672
2431	0.005675845255
2432	0.004928078816
2433	0.0004811045212
2434	8.319709355e-05
2435	0.0002042234332
2436	0.001074156714
2437	0.006067080398
2438	0.002564557341
2439	0.0001070844687
2440	0.0001070844687
2441	0.009956218427
2442	0.006655632149
2443	0.001183696844
2444	0.004348727794
2445	9.237057221e-05
2446	0.0001188010899
2447	0.001877004736
2448	0.002994144554
2449	0.006111523079
2450	0.001903598302
2451	0.009167847034
2452	0.00443312512
2453	0.004567217685
2454	0.002113349935
2455	0.0124720784
2456	0.005443522544
2457	0.006649807473
2458	0.001713889072
2459	0.002165545239
2460	0.003466214186
2461	0.001292301316
2462	0.008804478729
2463	0.004173416618
2464	0.0007357897562
2465	0.0005941425249
2466	0.003364437096
2467	0.003196044409
2468	0.004058340079
2469	0.004390974405
2470	0.01012914186
2471	2.942779292e-05
2472	2.942779292e-05
2473	0.0009645284873
2474	0.0009058641133
2475	0.00337315832
2476	0.003365280859
2477	0.00508981242
2478	0.001928577181
2479	0.002099113269
2480	0.004694914315
2481	0.0004501507517
2482	0.007425422983
2483	0.0001745384774
2484	0.008518396573
2485	0.007508973226
2486	0.002526666335
2487	0.004365378477
2488	0.001300681086
2489	0.003577590037
2490	0.006795897813
2491	0.005583009483
2492	0.005729026541
2493	0.001073976812
2494	0.0033577526
2495	0.003962213866
2496	0.007278249979
2497	0.005033201268
2498	0.002801323412
2499	0.003666152043
2500	0.009139552148
2501	4.85013624e-05
2502	4.85013624e-05
2503	0.0007211736511
2504	0.002563905439
2505	0.002874979094
2506	0.0002598092643
2507	0.001530768448
2508	0.00221255189
2509	0.006575889039
2510	0.004531408696
2511	0.003760230168
2512	7.306646465e-05
2513	0.0001941064427
2514	0.01255841583
2515	0.004321962996
2516	0.002066402733
2517	0.01346331747
2518	0.008520188726
2519	0.002624530601
2520	0.005594711378
2521	0.003596358831
2522	0.001382362534
2523	0.0001256900014
2524	0.001273109778
2525	0.006486175815
2526	0.0005652401964
2527	0.008909041628
2528	0.003558893259
2529	0.006095229503
2530	0.003912233526
2531	0.001263958315
2532	0.00541849728
2533	0.005424063893
2534	0.01091241003
2535	0.001217362924
2536	0.007499632743
2537	0.001017029107
2538	0.0009882633327
2539	0.001303887311
2540	0.007105234283
2541	0.007054493324
2542	0.00194947273
2543	0.001531614936
2544	0.01196781433
2545	0.006387035262
2546	0.004767744246
2547	0.0005594812872
2548	0.002866323118
2549	0.003502655738
2550	0.00908671125
2551	0.003974046422
2552	0.009209780469
2553	0.007021792008
2554	0.007754640615
2555	0.0008918788165
2556	0.001269270859
2557	0.006631245424
2558	0.0006242845437
2559	0.002477935627
2560	0.001116108479
2561	0.005208586401
2562	0.004695179681
2563	0.004831262821
2564	0.0001667866814
2565	0.0002469618447
2566	0.007785880633
2567	0.0002974816629
2568	0.0001139031026
2569	0.003987970982
2570	0.00382556844
2571	0.001300584766
2572	0.009280306343
2573	0.004175300518
2574	0.0003481363771
2575	0.0009578497698
2576	0.0119272827
2577	0.000450613079
2578	0.008161148481
2579	0.007322491942
2580	0.0001946330216
2581	0.003900833881
2582	0.002734888287
2583	0.01001568854
2584	0.003640322008
2585	0.008823381707
2586	0.003960362216
2587	0.00603783112
2588	0.00372413418
2589	0.00498832025
2590	0.003632386371
2591	0.008767533687
2592	0.0009527889526
2593	0.002366342005
2594	0.001300693789
2595	0.004876946674
2596	0.01057940583
2597	0.008549832579
2598	0.007651932104
2599	6.335149864e-05
2600	0.00237840124
2601	0.00614869383
2602	0.003771239342
2603	0.003440995123
2604	0.001157810971
2605	0.002135828007
2606	0.0007467473734
2607	0.003332337487
2608	0.002463554072
2609	0.0006336512262
2610	0.007366545635
2611	0.008012468922
2612	0.008900974384
2613	0.01353642657
2614	0.007833509328
2615	0.000726325531
2616	0.005301146605
2617	0.003469288849
2618	0.00435972917
2619	0.007825303247
2620	0.001091982111
2621	0.0004350158946
2622	0.004109831938
2623	0.005155061454
2624	0.0127676377
2625	0.003997045152
2626	0.00264597333
2627	0.004700812051
2628	0.004736711302
2629	0.00313719214
2630	0.004807575086
2631	0.001474334501
2632	0.0111612176
2633	0.001819435024
2634	0.005134182859
2635	0.0004986317816
2636	0.003563346505
2637	0.004215836345
2638	0.003937392186
2639	0.01144696605
2640	0.01433842126
2641	0.001215977993
2642	0.001080439152
2643	0.0004713029103
2644	0.002890238681
2645	0.002164718034
2646	0.00355023891
2647	0.005154274076
2648	0.008767187644
2649	0.001439570512
2650	0.006918417284
2651	0.003910502318
2652	0.002173705156
2653	0.0001820163488
2654	0.0002534059946
2655	0.005490199683
2656	0.007246985899
2657	0.0002970316802
2658	0.01313741004
2659	0.003262198865
2660	0.0002473887375
2661	0.0004605812897
2662	0.01062473905
2663	7.19346049e-05
2664	7.547683924e-05
2665	0.002755781137
2666	0.003312087303
2667	0.000858998655
2668	0.002507341888
2669	4.264305177e-05
2670	0.009653438503
2671	0.009759198149
2672	0.0003194581845
2673	0.00423481685
2674	0.0007026120488
2675	0.002387465607
2676	0.001211660902
2677	0.005934845605
2678	0.004068806042
2679	0.003316054964
2680	0.007055720732
2681	0.003301928874
2682	0.002026977476
2683	0.0001907356948
2684	0.002251457489
2685	0.001678274209
2686	0.005021234442
2687	0.004890945518
2688	0.007223149841
2689	0.0009678769844
2690	3.283378747e-05
2691	0.009189089215
2692	0.001310569923
2693	0.005512949263
2694	0.002368498935
2695	0.002595037043
2696	0.003559515736
2697	0.008025528401
2698	0.005826200943
2699	0.002667822764
2700	0.004076579472
2701	0.0005874299988
2702	0.001774911225
2703	0.007958430312
2704	0.0003199586718
2705	0.001502154477
2706	0.01097741538
2707	0.002579758513
2708	0.00684552327
2709	0.0009762238933
2710	0.008378341188
2711	0.007830979072
2712	0.00826911996
2713	0.0007244045914
2714	0.002356183467
2715	0.002220930634
2716	0.0001032116542
2717	0.000746552037
2718	0.000445084306
2719	0.000600215713
2720	0.004667503172
2721	0.005789118778
2722	0.007248140188
2723	0.002065168746
2724	0.006274483935
2725	0.002215486143
2726	0.002726711566
2727	0.003133948442
2728	0.00654277355
2729	0.005951083624
2730	0.00320075096
2731	0.01919636445
2732	0.008707963495
2733	0.005037196188
2734	0.004670822356
2735	0.004654906969
2736	0.0004200551429
2737	0.002503529459
2738	0.000676750559
2739	0.002473300195
2740	0.008842330017
2741	0.008766599192
2742	0.001843924333
2743	0.0009435877024
2744	0.007020507868
2745	0.01004331723
2746	0.004020318237
2747	0.004491782315
2748	0.003859079616
2749	0.0006293921691
2750	0.001302247756
2751	0.00208947789
2752	0.00480771389
2753	0.001353477919
2754	0.003112377836
2755	0.007950162446
2756	4.10529204e-05
2757	0.002418511627
2758	0.0001554495913
2759	0.0001882833787
2760	4.921789254e-05
2761	0.0004428533996
2762	0.003566350867
2763	0.006374872009
2764	0.00681831966
2765	0.003032719627
2766	0.001270263505
2767	0.002852120616
2768	0.008356060658
2769	0.002056614249
2770	0.0005329551673
2771	0.005718472734
2772	0.001495600143
2773	0.002611009768
2774	0.01099994418
2775	0.004663362769
2776	0.003681233207
2777	0.002132723296
2778	0.007736789801
2779	0.0003639111977
2780	0.0104871465
2781	0.002874365175
2782	0.004996371997
2783	0.003202377971
2784	0.005357120473
2785	0.001022977875
2786	0.002448011149
2787	0.005141946287
2788	0.0005021738932
2789	0.003023650748
2790	0.001847514395
2791	0.0006194221362
2792	0.0006654439428
2793	0.005396690395
2794	0.005436575746
2795	0.003271166537
2796	0.002598052387
2797	0.006336233312
2798	0.006462152726
2799	0.001742670039
2800	0.002851730365
2801	0.007367315147
2802	0.008373721103
2803	0.008083902757
2804	0.004618924556
2805	0.00657897652
2806	0.004483349551
2807	0.002538967184
2808	0.001773843213
2809	0.00547377237
2810	0.004365363154
2811	0.00091194297
2812	0.002743856757
2813	0.00645979067
2814	0.0005081933035
2815	0.01108155363
2816	0.004664013975
2817	0.009415406938
2818	0.00187555775
2819	0.006130537448
2820	0.005398310269
2821	0.004667333273
2822	0.002894817864
2823	0.008030981493
2824	0.007636468338
2825	0.0003243642143
2826	0.007480932135
2827	0.00762458132
2828	0.003758842185
2829	0.001123651105
2830	0.004071606359
2831	0.002969520208
2832	0.003489871101
2833	0.003513293131
2834	0.002603592558
2835	0.0002668054638
2836	0.004312038854
2837	0.00457095664
2838	0.001934124802
2839	0.003681961169
2840	0.005830969597
2841	0.007406825329
2842	0.002431162079
2843	0.007322745086
2844	0.009325729942
2845	0.002892759283
2846	0.002084262553
2847	0.004818072781
2848	0.002037773386
2849	0.001278278231
2850	0.008396596702
2851	8.692098093e-05
2852	8.692098093e-05
2853	0.007069072695
2854	0.0006220541321
2855	7.19346049e-05
2856	0.0001659400545
2857	0.0009859067016
2858	1.485013624e-05
2859	0.002086139527
2860	0.006396408891
2861	0.001094476642
2862	0.01642757641
2863	0.004681621566
2864	0.0009276630368
2865	0.0002208446866
2866	0.001447286508
2867	0.00646321746
2868	8.011778127e-05
2869	0.000862211527
2870	0.007026080043
2871	0.002909770668
2872	0.003213560807
2873	0.008129922456
2874	0.003638809628
2875	0.0001208446866
2876	0.0002346049046
2877	2.119309885e-05
2878	9.811046641e-05
2879	0.005533849329
2880	0.003539371238
2881	0.003804867084
2882	0.00143675631
2883	0.006722133033
2884	0.002756045506
2885	9.005348748e-05
2886	0.003466101837
2887	0.01533759305
2888	1.249929747e-05
2889	0.001089549363
2890	0.004590669898
2891	0.008555923908
2892	0.001830239715
2893	0.002467403176
2894	0.004993555848
2895	0.003198060459
2896	0.003425440798
2897	0.002847647502
2898	0.002666203197
2899	0.0007914135736
2900	0.0009234067882
2901	0.003303206036
2902	0.006517101786
2903	0.003405251643
2904	0.003657047387
2905	0.006005470574
2906	0.01748626306
2907	0.0001932561308
2908	0.00468849239
2909	0.005707434161
2910	0.00722482043
2911	0.003724107226
2912	0.004379767185
2913	0.0006434122169
2914	0.001503102177
2915	0.0004832907599
2916	4.822888283e-05
2917	4.822888283e-05
2918	0.0002724056145
2919	0.002189963246
2920	0.004349336317
2921	0.000843261979
2922	0.002360802444
2923	0.0001338742091
2924	1.580381471e-05
2925	1.580381471e-05
2926	0.002983478424
2927	0.002927571476
2928	0.0001051771117
2929	0.0001051771117
2930	0.001647354635
2931	0.002780600064
2932	0.004929953117
2933	0.004945306814
2934	0.00121164024
2935	0.002212300365
2936	0.004192996863
2937	0.007312440519
2938	0.0003105585831
2939	0.003931396048
2940	0.002219712077
2941	0.005395902137
2942	0.008496500175
2943	0.004900678605
2944	0.0008930710546
2945	0.001621834708
2946	0.0005675658137
2947	0.002530786165
2948	0.004086182434
2949	0.0001538147139
2950	0.0002340599455
2951	0.0063506796
2952	0.006657882325
2953	0.004715946411
2954	0.003758997188
2955	0.007698637573
2956	0.002914098008
2957	0.005309134522
2958	0.001651503313
2959	0.001568914995
2960	0.0006690193679
2961	0.006502303106
2962	0.00157741121
2963	0.006255177709
2964	0.001012688692
2965	0.002262183941
2966	0.005787287777
2967	0.00229497502
2968	0.001680503248
2969	0.00123118019
2970	0.01040166112
2971	0.002857011684
2972	0.0009522634016
2973	0.0002844564473
2974	0.000175902267
2975	0.002767834389
2976	0.001095397368
2977	0.002248462364
2978	0.003847397484
2979	0.0009234219114
2980	0.006468840667
2981	0.0004561911856
2982	0.004118551289
2983	0.005347232528
2984	0.003963236783
2985	0.006054219527
2986	0.0001548085028
2987	0.0008030998149
2988	0.0007127455238
2989	0.003331100474
2990	0.005169675171
2991	0.002594449212
2992	0.001965375656
2993	0.002715080887
2994	0.002004892682
2995	0.006547305093
2996	0.005510868231
2997	0.01242956564
2998	0.004359236047
2999	0.00270025205
3000	0.003246816744
3001	0.002039483954
3002	0.001452112856
3003	0.005081612105
3004	0.01387178011
3005	0.005624689415
3006	0.009004618626
3007	0.000187025123
3008	0.0004596813004
3009	0.007448698143
3010	0.003775682321
3011	0.001219062913
3012	0.007650254851
3013	0.0005269680977
3014	0.01181229146
3015	0.001640168113
3016	0.0001151219074
3017	0.006260925962
3018	0.004520671506
3019	0.0103955094
3020	0.004412977554
3021	0.001838658147
3022	0.002653563144
3023	0.006077487817
3024	0.003392932328
3025	0.003964039232
3026	0.006709016545
3027	0.007936257062
3028	6.307901907e-05
3029	0.0008415531335
3030	0.004289909955
3031	0.003812586198
3032	0.008155273102
3033	0.001137331445
3034	0.002913190621
3035	0.005376123817
3036	0.002484547467
3037	0.003615610239
3038	0.006894155801
3039	0.005142667421
3040	0.008412854419
3041	0.004628566349
3042	0.008587940835
3043	0.0009750771021
3044	0.0005854173042
3045	0.0001218172995
3046	0.0008986604019
3047	0.006804025742
3048	0.004999607352
3049	0.002603580763
3050	0.01203045022
3051	0.01141339507
3052	0.01135293432
3053	0.006528179151
3054	0.001577820327
3055	0.007705779171
3056	0.006014009817
3057	0.001940240211
3058	0.005350323199
3059	0.004913841845
3060	0.00197035188
3061	0.002615890631
3062	0.006030789058
3063	0.0001005449591
3064	0.0008935967303
3065	9.346049046e-05
3066	9.346049046e-05
3067	0.000785380408
3068	0.003590133744
3069	0.00334716236
3070	0.0006445575371
3071	0.004980236943
3072	0.001092585843
3073	0.01075272589
3074	2.207084469e-05
3075	0.001814617456
3076	0.008311540264
3077	0.007266617181
3078	0.00794796018
3079	0.003117836999
3080	0.004853139102
3081	0.005411707856
3082	0.005791414533
3083	0.007168219119
3084	0.002628238513
3085	0.002360664401
3086	0.002889078653
3087	0.00166491085
3088	0.01228038733
3089	0.001302243993
3090	0.009381566887
3091	0.003273416505
3092	0.005258164508
3093	0.009481363122
3094	0.005854948289
3095	0.002973038988
3096	0.005417790999
3097	9.073569482e-05
3098	9.073569482e-05
3099	0.005080768575
3100	0.004576338245
3101	0.007021416211
3102	0.0009674599002
3103	0.002076047593
3104	0.002880378918
3105	0.003987955862
3106	0.004617228348
3107	0.004081392879
3108	0.004221452675
3109	0.0004562526964
3110	0.006813324943
3111	0.0003642313207
3112	7.634030494e-05
3113	0.003191326851
3114	0.007381772353
3115	0.007553542321
3116	0.003072507649
3117	0.003672079739
3118	0.0007557925468
3119	0.00167323966
3120	0.001045924176
3121	0.007015139589
3122	0.0005927405612
3123	0.006186418765
3124	0.0002949311029
3125	0.002794588991
3126	0.00958098411
3127	0.0001498637602
3128	0.00170360014
3129	0.005699639313
3130	0.002838754762
3131	0.004406988042
3132	0.004550255152
3133	0.007720393665
3134	0.0006306024984
3135	0.000484150772
3136	0.0001735467757
3137	0.0003314759354
3138	0.004433269263
3139	0.008332946047
3140	2.152588556e-05
3141	2.152588556e-05
3142	0.006705479052
3143	0.004092906645
3144	0.002777972545
3145	0.0001840339939
3146	0.005650980427
3147	0.001231176188
3148	0.005229445279
3149	0.01179447154
3150	0.004774522245
3151	0.007209612024
3152	0.007570308993
3153	0.007074038178
3154	0.003605381209
3155	0.005070349728
3156	0.00486475156
3157	0.004135671032
3158	0.002090279922
3159	0.0007038080164
3160	0.00659721859
3161	0.0006434604905
3162	0.0001992733878
3163	0.008549703046
3164	0.007983717607
3165	0.00726553648
3166	0.0007885335487
3167	0.001729351235
3168	5.14986376e-05
3169	5.14986376e-05
3170	0.004620444968
3171	0.0006812258022
3172	0.0006856970932
3173	0.005879011507
3174	0.0068009342
3175	0.006646436303
3176	0.005382263228
3177	1.280653951e-05
3178	1.280653951e-05
3179	0.004240436172
3180	0.007608307047
3181	0.01004597367
3182	0.003412309616
3183	0.0002693479103
3184	0.0006369334462
3185	0.01080233806
3186	0.00992881227
3187	0.006239585928
3188	0.005085037602
3189	0.002837040734
3190	0.004420730972
3191	0.006505603818
3192	0.0007074338927
3193	0.006267708311
3194	0.0001715568495
3195	0.001992897943
3196	0.002730581547
3197	0.003195600722
3198	0.003217063192
3199	0.001035323794
3200	0.005315185474
3201	0.005877989316
3202	0.001358165605
3203	0.001741893094
3204	0.004558075367
3205	0.003218745534
3206	0.00677524576
3207	0.002402998079
3208	8.020467938e-05
3209	0.007151786334
3210	0.006728462625
3211	0.005467314895
3212	0.0004499649673
3213	0.005824817029
3214	0.003586282795
3215	0.002245403317
3216	0.001188947952
3217	0.0002022920277
3218	0.006340331973
3219	9.986376022e-05
3220	0.005118217025
3221	0.00251765049
3222	3.841961853e-05
3223	3.841961853e-05
3224	0.007005749396
3225	0.0002244005453
3226	0.002902588155
3227	0.002187978937
3228	0.008422439824
3229	0.0001343324251
3230	0.0001343324251
3231	5.994550409e-06
3232	0.004791680155
3233	0.001813406352
3234	0.006750447524
3235	0.008599349678
3236	0.004156904559
3237	0.001124143913
3238	0.001759671364
3239	0.002537711126
3240	0.0004872523254
3241	0.00549502125
3242	0.005435226661
3243	0.0004851963477
3244	0.0007632444078
3245	0.0005577956109
3246	0.01439417137
3247	0.002619150415
3248	0.0138267364
3249	0.001284185431
3250	1.403269755e-05
3251	0.001582283431
3252	0.001312335197
3253	0.009411881228
3254	0.005343966342
3255	0.007809369216
3256	0.01065143822
3257	0.0001288828338
3258	0.0001288828338
3259	0.005036917334
3260	7.247956403e-05
3261	7.247956403e-05
3262	0.0002479993433
3263	0.006986854066
3264	0.002871701346
3265	0.009020251854
3266	0.001777530192
3267	0.0002265667575
3268	0.007409850376
3269	0.00516072126
3270	7.356948229e-05
3271	7.356948229e-05
3272	0.01121532322
3273	0.003158762589
3274	0.004476390082
3275	0.001621565322
3276	0.007637403485
3277	0.008501594473
3278	0.007134806005
3279	0.005261142718
3280	0.009708123973
3281	0.005224338198
3282	0.01015656923
3283	0.003012524234
3284	0.001352750215
3285	0.00857456319
3286	0.0002953531327
3287	0.0004666009257
3288	0.0101722356
3289	8.432131346e-05
3290	0.001291529257
3291	0.006473265696
3292	0.0009343892188
3293	0.0004901985655
3294	0.005041404724
3295	0.00164578435
3296	0.001136184375
3297	0.003411189193
3298	0.003020655122
3299	0.002507126759
3300	0.005978786271
3301	0.002641110888
3302	0.002856320935
3303	0.003609432534
3304	0.00331712349
3305	0.007268300804
3306	0.004815605587
3307	0.002151917392
3308	0.002591569425
3309	0.005288879812
3310	0.001814154948
3311	0.002591110728
3312	0.003777794302
3313	0.003279460948
3314	0.00584809048
3315	0.01049913111
3316	0.006505313152
3317	0.004673808738
3318	0.006661374926
3319	0.002959784428
3320	0.002125168368
3321	0.001471757428
3322	0.003802831423
3323	0.009503489305
3324	0.001361649458
3325	0.004213473073
3326	0.001953778172
3327	0.002208120943
3328	0.01108453174
3329	0.008814110715
3330	0.008535482682
3331	0.002927856856
3332	0.004216841515
3333	0.006690085162
3334	0.002037046109
3335	0.0009848521219
3336	0.003427395476
3337	0.00454502645
3338	0.00504333666
3339	0.001008349076
3340	0.001494943893
3341	0.004361170766
3342	0.001032213034
3343	0.008134578748
3344	0.004256667416
3345	0.004679467205
3346	0.005792921035
3347	0.0003114096448
3348	0.008844639997
3349	0.0003753419657
3350	0.008217278722
3351	0.003950539188
3352	0.003226031003
3353	0.009435468879
3354	0.000459646411
3355	0.002506931579
3356	0.002313010879
3357	0.0001223433243
3358	0.0001223433243
3359	0
3360	0.002316571186
3361	0.01034343549
3362	0.011427373
3363	0.006531888672
3364	0.01095597211
3365	0.001376630163
3366	0.00607863426
3367	0.004665110809
3368	0.007374070238
3369	0.005831770751
3370	0.005011898826
3371	0.007794119794
3372	0.005790221227
3373	0.001079004578
3374	0.003241546306
3375	0.001468057392
3376	0.001278745091
3377	0.004455418348
3378	0.002841763246
3379	0.003023806443
3380	0.002143959543
3381	0.002815288241
3382	0.008951979869
3383	0.002759932864
3384	0.002089032303
3385	0.003919410054
3386	0.003816702112
3387	0.0008993188011
3388	0.0001008174387
3389	0.001633610626
3390	0.0009932822053
3391	0.002923249615
3392	0.009110376415
3393	0.002099356612
3394	0.006878137208
3395	0.0002238419619
3396	0.009268880197
3397	5.081743869e-05
3398	0.0001144414169
3399	0.00342218882
3400	0.006613209896
3401	0.005278588651
3402	0.01131184309
3403	0.003879171565
3404	0.008576478392
3405	0.0006211947539
3406	0.001839770938
3407	0.005009774572
3408	0.003333875294
3409	0.008731486364
3410	0.01113262778
3411	0.02076083218
3412	7.757805205e-05
3413	0.0003984819267
3414	0.00247640846
3415	0.001509869086
3416	0.005141331024
3417	0.000700140056
3418	0.00604804266
3419	0.01038101389
3420	0.008465872031
3421	0.001302835033
3422	0.01071749889
3423	0.005104015995
3424	0.0007223636757
3425	0.001130853711
3426	0.003554430625
3427	0.00199796683
3428	0.006721339524
3429	0.0003942632627
3430	0.002715138527
3431	0.001431919672
3432	0.01552797657
3433	0.008953180455
3434	0.0008160629607
3435	0.003087548045
3436	0.005209508482
3437	0.0001099855877
3438	0.007546798071
3439	0.001083868878
3440	0.004109893193
3441	0.001166428021
3442	0.0048731062
3443	0.005064531002
3444	0.00142581814
3445	0.001133017219
3446	0.002327201806
3447	0.005731862146
3448	0.001740392897
3449	0.0002818802958
3450	0.002351006677
3451	0.003706957025
3452	0.002947733603
3453	0.005845162519
3454	0.001786014004
3455	0.001997935859
3456	0.006552910613
3457	0.006562840603
3458	0.003632357052
3459	0.004306194959
3460	0.01147804034
3461	0.001322534846
3462	0.006063247853
3463	0.002496299854
3464	0.006647315762
3465	0.002903163301
3466	0.005191184581
3467	0.004308929207
3468	0.001348542299
3469	0.001473940988
3470	0.008305971933
3471	0.0004335970865
3472	0.001292854475
3473	0.0100155007
3474	6.539509537e-06
3475	6.539509537e-06
3476	0.0002571298819
3477	0.000596410862
3478	0.001076281757
3479	0.007466470372
3480	0.0002082911864
3481	0.001698104931
3482	0.01204909757
3483	0.0004602172752
3484	0.0008052375976
3485	0.004799794871
3486	0.001382252758
3487	0.000108719346
3488	0.000108719346
3489	0.004854819511
3490	0.0009053133515
3491	0.0001645776567
3492	0.004665093479
3493	0.0002608696469
3494	0.002209224888
3495	0.001070262731
3496	0.002580722684
3497	0.002902654715
3498	0.0001744644313
3499	0.006805800669
3500	0.01148127666
3501	0.0009772424808
3502	0.01002702942
3503	0.003353880756
3504	0.01959778741
3505	4.08719346e-06
3506	4.08719346e-06
3507	0.0007686254708
3508	0.004984848941
3509	0.003303946633
3510	0.002868834813
3511	0.009829275002
3512	0.004642368676
3513	0.003923666703
3514	0.003839208986
3515	0.0005770321216
3516	0.003001580791
3517	0.003744400804
3518	0.0006684259407
3519	0.00040702089
3520	0.005324890306
3521	0.00144918101
3522	0.00500374598
3523	0.001502648464
3524	0.0003575899758
3525	0.003224162824
3526	0.006032626784
3527	0.007605760033
3528	0.004893495264
3529	0.008420969376
3530	0.006357216809
3531	0.006504623975
3532	0.002346800119
3533	0.005944772797
3534	0.002969357993
3535	0.002704481548
3536	0.005914642104
3537	0.000748773842
3538	0.00538969068
3539	0.001164839795
3540	0.0007963723752
3541	0.002110849939
3542	0.003092439416
3543	0.001789687126
3544	0.0002547002725
3545	0.008513009631
3546	0.005595475765
3547	0.001373468991
3548	0.00230635685
3549	0.003712924851
3550	0.007059709866
3551	0.007286469966
3552	0.01356372121
3553	0.008384509871
3554	0.01045523361
3555	0.001737998434
3556	0.006765665824
3557	0.002419857102
3558	9.253127083e-05
3559	0.007441428428
3560	0.007534745815
3561	0.001524072026
3562	0.003016867923
3563	0.00135002288
3564	0.01060435659
3565	0.006403559573
3566	0.001713562625
3567	0.004600121385
3568	0.000795001265
3569	0.002258456147
3570	0.0009245538923
3571	0.004998092041
3572	0.002915431704
3573	0.003854100799
3574	7.302452316e-05
3575	7.302452316e-05
3576	0.001229472837
3577	0.001473680411
3578	0.002304731509
3579	0.007268673149
3580	0.004376213111
3581	0.008784271265
3582	0.001381375374
3583	0.001893222171
3584	0.002152079361
3585	0.004016364584
3586	0.005191503414
3587	0.004172137947
3588	0.002868427488
3589	3.704756653e-05
3590	0.003927380774
3591	0.007262523386
3592	0.004457642168
3593	0.002954351257
3594	0.004082897958
3595	0.006698322448
3596	0.000580667656
3597	0.002560972358
3598	0.01061867005
3599	0.009925942683
3600	0.003870504999
3601	0.008973902159
3602	0.002287429668
3603	0.0003214577657
3604	0.007733866899
3605	4.16893733e-05
3606	4.16893733e-05
3607	0.007848815902
3608	0.009244923858
3609	0.001032873837
3610	0.00119516991
3611	0.01343426473
3612	0.006656922222
3613	0.00438668519
3614	0.001351886189
3615	0.001317635019
3616	0.000292506812
3617	0.005942464044
3618	1.636035236e-06
3619	0.001895137999
3620	0.006836500046
3621	0.002733414709
3622	0.00151357105
3623	0.003958360238
3624	0.002179505344
3625	0.00164078677
3626	0.005228393051
3627	0.000402841897
3628	0.00782670586
3629	0.01166203636
3630	0.007230297539
3631	0.006726811408
3632	0.001364033452
3633	0.006701303411
3634	0.001443513931
3635	0.0009191930684
3636	0.005373387936
3637	0.0005322341463
3638	0.0004742724835
3639	0.0008390404495
3640	0.003724605284
3641	0.003238118192
3642	0.002485011202
3643	0.004935594168
3644	0.005797522504
3645	0.0002480582505
3646	0.011143336
3647	0.003998236463
3648	0.0002123627417
3649	0.002681382284
3650	0.002651651498
3651	0.006812696775
3652	0.003550814869
3653	0.0001471389646
3654	0.00442569384
3655	0.0007019981835
3656	0.00481292855
3657	0.003732778083
3658	0.002858633859
3659	0.0001351498638
3660	0.0001351498638
3661	0.004504030383
3662	0.01088640879
3663	0.002683870832
3664	0.0005004760108
3665	0.004189260234
3666	0.0007724055923
3667	0.005795478728
3668	3.133514986e-05
3669	0.0009929983985
3670	3.542234332e-06
3671	0.0007902691059
3672	0.008008716584
3673	0.001116842323
3674	0.006203868737
3675	0.01007447616
3676	0.003795700191
3677	0.003237047236
3678	0.007141810079
3679	0.00519855414
3680	0.01014997233
3681	0.002710156973
3682	0.001747082067
3683	0.003934597131
3684	8.310626703e-05
3685	0.0002576657032
3686	0.001134705547
3687	0.0001075441604
3688	0.005509473478
3689	0.006890638389
3690	0.0008347524977
3691	0.0004727579328
3692	4.49529661e-05
3693	0.002488582243
3694	0.008897681982
3695	0.00722153344
3696	0.003622042336
3697	0.003644559745
3698	0.0008385198256
3699	0.001718645043
3700	0.002633648429
3701	0.003753373508
3702	0.007385462562
3703	0.006278298178
3704	0.003851901803
3705	0.00554146007
3706	0.002005104208
3707	0.005177101146
3708	0.003465873917
3709	0.001599193867
3710	0.003250738096
3711	0.001779802962
3712	0.0006623723551
3713	0.009850162589
3714	0.0001612661135
3715	0.01078196801
3716	0.00213810197
3717	0.0101027612
3718	0.009362177937
3719	0.007455984675
3720	0.0006801752311
3721	0.006103160833
3722	0.002998007752
3723	0.005658451229
3724	0.0005697869249
3725	0.001093045884
3726	5.558583106e-05
3727	5.558583106e-05
3728	0.0001005449591
3729	0.0001005449591
3730	8.613458277e-05
3731	0.001576870466
3732	0.00116644383
3733	0.002739439557
3734	0.01157349107
3735	0.009813423203
3736	0.004860844245
3737	0.009426258649
3738	0.008018044857
3739	0.000214986376
3740	0.005895494753
3741	0.0004922684887
3742	0.0001235951192
3743	0.005630576507
3744	0.01422951377
3745	0.003099648897
3746	0.01209804037
3747	0.003587432629
3748	0.0001196185286
3749	0.0001196185286
3750	0.005551141021
3751	2.997275204e-05
3752	0.00630339583
3753	1.41800356e-05
3754	0.003811056384
3755	0.001990590852
3756	0.001257571569
3757	0.009311541966
3758	0.002454074657
3759	0.002083012998
3760	0.001654273049
3761	0.007474331029
3762	0.001168556451
3763	0.004649040685
3764	0.009940629451
3765	0.008756747182
3766	0.00354375796
3767	0.0002822746566
3768	0.00429288864
3769	0.003574805908
3770	1.989100817e-05
3771	1.989100817e-05
3772	0.001533954322
3773	0.002584612264
3774	0.008729142156
3775	0.003514220449
3776	0.0001794277929
3777	4.196185286e-05
3778	4.196185286e-05
3779	0.003687460386
3780	0.005922175753
3781	0.0003985016364
3782	0.003102699762
3783	0.0011216432
3784	0.004488547214
3785	0.000269093604
3786	0.003859645317
3787	0.007945659007
3788	4.577656676e-05
3789	4.577656676e-05
3790	0.003052581933
3791	0.009260927329
3792	0.01029465526
3793	0.001795272589
3794	0.004502288193
3795	0.002520443153
3796	0.0005582432151
3797	0.003605940046
3798	0.003044942566
3799	0.002175460876
3800	0.001605211113
3801	0.002309040963
3802	0.006860580891
3803	0.00623154589
3804	0.001439591102
3805	0.0002072207084
3806	0.003391477663
3807	0.006213796066
3808	0.0005447396773
3809	0.0008201684823
3810	0.00399617099
3811	0.001135462318
3812	0.002643969102
3813	0.004743551854
3814	0.01249012823
3815	0.004633671274
3816	2.479564033e-05
3817	5.767484105e-06
3818	0.007265161525
3819	0.008170436462
3820	0.0007733505308
3821	0.002985899055
3822	0.002929684366
3823	0.006666595535
3824	0.001363321632
3825	0.001613870842
3826	0.001814638485
3827	0.00112962057
3828	0.005188764724
3829	0.003440190255
3830	5.02919154e-05
3831	0.001069348086
3832	0.001825886312
3833	0.003928986445
3834	0.01216525242
3835	0.0003405406814
3836	0.0006944892555
3837	0.0001138964578
3838	0.0001138964578
3839	0.004390711069
3840	0.001375703257
3841	0.002497687028
3842	0.01077703583
3843	0.009691467138
3844	0.004661165118
3845	0.002106602649
3846	0.003964450895
3847	0.00238414204
3848	0.0002201770935
3849	0.003365121744
3850	0.005050438824
3851	0.001734705925
3852	0.003951095744
3853	0.0009059048963
3854	0.000855258738
3855	0.007164410073
3856	0.001356744057
3857	0.003903388455
3858	0.0009975172234
3859	0.005406979118
3860	0.002298278372
3861	0.004011085588
3862	0.008807266337
3863	0.00342078533
3864	0.004009055711
3865	0.002670456091
3866	0.006897563985
3867	0.003897501399
3868	0.000902423306
3869	0.01113068882
3870	0.008372928125
3871	0.0107810486
3872	0.0002350585938
3873	8.174386921e-07
3874	0.00160317333
3875	0.008083407978
3876	0.008953571244
3877	0.001131840163
3878	0.001938418841
3879	0.001269745766
3880	7.970027248e-05
3881	0.004562996734
3882	0.0002554722979
3883	0.0003762274912
3884	0.0009399577243
3885	0.006477306933
3886	0.006863074132
3887	0.008467597013
3888	0.003731822635
3889	0.000485195277
3890	0.003384432146
3891	0.002659047331
3892	0.008880257938
3893	0.004183547292
3894	0.000997414711
3895	0.007544533618
3896	0.005070897418
3897	0.0001530487935
3898	4.632152589e-05
3899	6.866485014e-05
3900	0.00555301525
3901	0.00573679159
3902	0.008524290265
3903	0.006932476344
3904	6.499163672e-05
3905	0.002730690299
3906	0.0001312666109
3907	0.0005179163189
3908	0.003524698057
3909	0.006157157421
3910	0.01017570981
3911	5.340599455e-05
3912	5.340599455e-05
3913	0.006712639546
3914	0.005489440815
3915	0.000279134553
3916	0.004508837146
3917	0.0001991825613
3918	0.000886866152
3919	0.007964614558
3920	0.00516619816
3921	0.00369037928
3922	0.006733049283
3923	0.005753854806
3924	0.0002616521113
3925	0.0002344686649
3926	0.001390410899
3927	0.0002827761385
3928	0.000174386921
3929	0.002704655558
3930	0.003397900839
3931	0.001964007431
3932	0.0003887829246
3933	0.0009539785049
3934	0.0001341027841
3935	0.000369346049
3936	0.001505524756
3937	0.00438617373
3938	0.001518749511
3939	0.007402291748
3940	0.0002945504087
3941	0.005992922857
3942	0.00895110243
3943	0.0052319316
3944	0.006417961129
3945	0.003131455707
3946	0.0003421768727
3947	0.001734412216
3948	0.004182026879
3949	0.003455825518
3950	0.00387671052
3951	0.00616837354
3952	0.001730000938
3953	0.003548261832
3954	0.002411385498
3955	0.002886823699
3956	0.002045228846
3957	0.001884805233
3958	0.0006055221501
3959	0.008203190506
3960	0.01026465552
3961	0.004553420096
3962	0.0002419360345
3963	0.002766622376
3964	0.001570955113
3965	4.08719346e-07
3966	0.0001065395095
3967	0.001771247401
3968	0.01152263336
3969	0.005724281776
3970	0.001264466942
3971	0.00151089962
3972	0.00521541364
3973	0.001823916625
3974	0.001556942254
3975	0.01079494196
3976	0.006030971952
3977	0.0001182561308
3978	0.0001182561308
3979	0.003005075742
3980	0.004749757889
3981	0.001725022707
3982	0.0002105812897
3983	0.005869906325
3984	0.001006736089
3985	0.00196388174
3986	0.004675357051
3987	0.001952718652
3988	0.008001454163
3989	0.009022232516
3990	0.001929161577
3991	0.00302435765
3992	0.001805982785
3993	0.003559753025
3994	0.003242289436
3995	0.0002404714004
3996	0.0005630228618
3997	0.002351027818
3998	0.0006581381465
3999	0.006132653022
4000	0.002265966266
4001	0.0008908742984
4002	0.0007698936808
4003	0.003756751589
4004	0.0006432986926
4005	0.006092715682
4006	0.0001739885799
4007	0.0006607134966
4008	0.007272216018
4009	0.002078155973
4010	0.001691440653
4011	0.001372308926
4012	0.002750754537
4013	0.001883200975
4014	0.0004282754581
4015	4.427792916e-05
4016	0.0001321525886
4017	0.001936082749
4018	0.003839560501
4019	0.002537030867
4020	0.0005160643477
4021	0.001773346796
4022	0.0007594365157
4023	0.0002821146245
4024	0.005282158175
4025	0.000693105965
4026	0.0001916893733
4027	0.0003242506812
4028	0.001485025689
4029	0.0004599933533
4030	0.008074471192
4031	0.0005654313679
4032	0.01047473237
4033	0.002583964273
4034	0.0123622504
4035	0.004579151667
4036	0.001154998538
4037	0.001736306295
4038	0.0002960357024
4039	0.001746923863
4040	0.005715655337
4041	0.0008864019084
4042	0.001289577699
4043	0.004564892366
4044	0.002172056247
4045	0.002934981225
4046	0.0003827505762
4047	0.009301816077
4048	0.004723960202
4049	4.386920981e-05
4050	7.792915531e-05
4051	0.00784322454
4052	0.009741344183
4053	0.003550234509
4054	1.373525489e-05
4055	0.00140922865
4056	0.0006569288733
4057	0.001920055807
4058	0.001235738615
4059	0.001288699086
4060	0.001183350548
4061	0.004098416656
4062	0.01090478114
4063	0.004909745121
4064	0.001026708313
4065	0.004809301985
4066	0.003604867829
4067	0.006020366736
4068	0.0006462180981
4069	0.0011125625
4070	0.001239368915
4071	0.001740935092
4072	0.007390645992
4073	0.005475968396
4074	0.002705223806
4075	0.01034324586
4076	0.004025632739
4077	0.000622230432
4078	0.002880006452
4079	0.002529375655
4080	0.004748908114
4081	0.01082202962
4082	7.057220708e-05
4083	7.057220708e-05
4084	0.01728006467
4085	0.00329704729
4086	0.002685418439
4087	0.008766932354
4088	0.001142605579
4089	0.003232587952
4090	0.009939746852
4091	0.006913772143
4092	0.001177323071
4093	0.006554086001
4094	0.002178550877
4095	0.007064151289
4096	0.0004691854145
4097	0.003881691175
4098	0.002912668269
4099	0.01186174781
4100	0.007245998397
4101	0.0001261580381
4102	0.000828746594
4103	0.004670253152
4104	0.0064513263
4105	1.321525886e-05
4106	3.705722071e-05
4107	0.00887063238
4108	0.004289965715
4109	0.001917250166
4110	0.001750600495
4111	0.002491161289
4112	0.004064784466
4113	0.003740904744
4114	0.0004461726935
4115	0.0005950424283
4116	0.006749936709
4117	0.0005133615742
4118	0.0006573599475
4119	0.004306818267
4120	0.01325326308
4121	1.171662125e-05
4122	0.00103648363
4123	0.0004409103681
4124	0.007845172885
4125	0.001443637756
4126	0.007813386083
4127	0.005668737754
4128	0.001937423452
4129	0.0003787584111
4130	0.005768499206
4131	0.007547771625
4132	0.003479400498
4133	0.001360361698
4134	0.007875198604
4135	0.009440349718
4136	0.007356645112
4137	0.001680289581
4138	0.007372813336
4139	0.003431109645
4140	0.001440659969
4141	0.00468998727
4142	0.009291860745
4143	0.007666828055
4144	0.001596713183
4145	0.007540418932
4146	0.008444293072
4147	0.008657580744
4148	0.002307091807
4149	0.006068548128
4150	0.002750916138
4151	0.0003288341767
4152	0.009371436639
4153	0.003343126196
4154	0.0005377927293
4155	0.002178705554
4156	0.003541061565
4157	0.007791815182
4158	0.006396286422
4159	0.001185276598
4160	0.007865742123
4161	0.0006061848034
4162	0.005205195797
4163	0.001478290856
4164	0.005890775099
4165	0.0001130790191
4166	0.0001130790191
4167	0.0009892480006
4168	0.00371027493
4169	0.009608118435
4170	0.01254494191
4171	0.006885232985
4172	0.0008985387677
4173	0.003456107451
4174	3.514986376e-05
4175	9.019073569e-05
4176	0.0003733651226
4177	0.0008055858311
4178	9.891317957e-05
4179	0.001030618391
4180	0.0004442955567
4181	0.003863292353
4182	0.00358048346
4183	0.001501751187
4184	0.00143244709
4185	0.0003477520436
4186	0.0004051723481
4187	0.0005982288828
4188	0.00631399715
4189	0.001490284236
4190	0.002691023733
4191	8.882833787e-05
4192	8.882833787e-05
4193	0.01166254733
4194	0.006118812498
4195	0.00925360045
4196	0.004566526215
4197	0.001547223248
4198	0.001604581113
4199	0.0008891779079
4200	0.003507227567
4201	0.004656248235
4202	0.002101759828
4203	0.004495741031
4204	0.0004080375874
4205	0.00315114866
4206	0.005853022237
4207	0.005766705226
4208	0.01350586268
4209	9.658314813e-05
4210	0.003498609859
4211	0.006353883595
4212	0.00737140192
4213	0.001304099891
4214	0.001288742187
4215	0.004195153275
4216	0.0007938900042
4217	0.0003846205358
4218	0.001800111825
4219	0.0001505407354
4220	0.001004088616
4221	0.002678170458
4222	0.01092829547
4223	0.008001182871
4224	0.0009497484102
4225	0.005930519602
4226	0.006070950241
4227	0.001132446256
4228	0.005660918266
4229	0.001184987706
4230	0.001263671822
4231	0.002170152895
4232	0.004425569386
4233	0.005359469268
4234	0.0003016802906
4235	0.001670533553
4236	0.0003095756701
4237	0.001909202472
4238	0.005155707711
4239	0.008443075256
4240	0.01183884061
4241	0.001423094798
4242	0.001144890132
4243	0.0002411444142
4244	0.001231831413
4245	0.001224726711
4246	0.002246373325
4247	0.006014598412
4248	0.002670674607
4249	0.008483047169
4250	0.008248570357
4251	0.0003320589393
4252	0.001587195564
4253	0.01129956161
4254	0.0002309613162
4255	0.0008279291553
4256	0.000868119891
4257	0.004180918426
4258	0.000343304672
4259	0.006450824005
4260	0.005418367526
4261	0.003256720358
4262	0.005300512501
4263	0.006546119147
4264	0.001988573241
4265	0.002212555732
4266	0.002396448832
4267	0.0003603251122
4268	0.003839184178
4269	0.0002389164157
4270	0.0002659279357
4271	0.001866367133
4272	0.007234835228
4273	0.003889810869
4274	0.007060421478
4275	0.0004030792895
4276	4.414168937e-05
4277	0.005782016329
4278	0.002007027604
4279	0.0001090644868
4280	0.006953968341
4281	0.005064991898
4282	0.01247338681
4283	0.003295033837
4284	0.006109139286
4285	0.004164113088
4286	0.006527935435
4287	0.000805806632
4288	0.004245393468
4289	0.0003353542234
4290	0.0007565395096
4291	0.008581031351
4292	0.006923315469
4293	0.002737308239
4294	0.01270999633
4295	0.0009074205871
4296	0.001728386864
4297	0.005327007014
4298	0.00294493557
4299	5.29972752e-05
4300	0.005544401354
4301	0.008078110696
4302	0.004043376477
4303	0.006640692438
4304	0.001994352152
4305	0.0005045072688
4306	8.809256268e-05
4307	0.00189163214
4308	0.007546009263
4309	0.002269244832
4310	0.01035569806
4311	0.007171591755
4312	0.004212902477
4313	0.01162567676
4314	0.0002259763851
4315	0.00215730262
4316	0.003245014116
4317	0.0001763106745
4318	0.0028437544
4319	0.0009853695589
4320	0.002035000873
4321	0.004610739151
4322	0.01004762006
4323	0.005281303184
4324	0.005574842984
4325	0.0007038135942
4326	0.001693135394
4327	0.007095418815
4328	0.01452709869
4329	0.01213491364
4330	0.00794059849
4331	9.843892357e-05
4332	0.0008315933429
4333	0.001749100814
4334	0.003685710683
4335	0.002092276204
4336	0.005037348745
4337	0.003394078139
4338	0.004489102083
4339	0.006257224022
4340	0.002087083013
4341	0.0009042950166
4342	0.008366924859
4343	0.006874810695
4344	0.0004651078394
4345	0.008671919089
4346	0.001069615173
4347	0.002780526963
4348	0.01970792646
4349	0.0001597603646
4350	0.004157604066
4351	0.001038361911
4352	0.005094591424
4353	0.0007834650309
4354	0.0109392917
4355	0.003142734026
4356	0.005994901426
4357	0.001250234389
4358	0.003624382501
4359	0.008337815511
4360	0.007843667198
4361	0.003197980001
4362	0.00553431496
4363	0.004632730207
4364	0.004549970931
4365	0.001353717178
4366	0.01521041401
4367	0.008950237151
4368	0.004561449401
4369	8.201634877e-05
4370	8.201634877e-05
4371	0.000414373297
4372	0.0002160762943
4373	0.0001197547684
4374	0.003715369436
4375	0.006463357826
4376	0.001813070489
4377	0.007381272427
4378	0.00138262491
4379	0.0008392977351
4380	7.527247959e-05
4381	0.007060583894
4382	0.004139730958
4383	0.011852895
4384	0.0004759707484
4385	0.009770024072
4386	0.0003495231608
4387	0.004904968215
4388	0.0007950508851
4389	0.0009090079582
4390	0.0100094309
4391	0.006759946416
4392	0.001245856537
4393	0.001619713497
4394	0.004480015651
4395	0.006076331828
4396	0.008789383971
4397	0.00194758354
4398	0.0001444979171
4399	0.0007019966723
4400	0.004719719646
4401	0.002158519516
4402	0.0004015894641
4403	0.0001042461399
4404	0.001500746106
4405	0.003118062017
4406	0.004856859142
4407	0.003668815143
4408	0.0004387207736
4409	0.006828407979
4410	0.005961381399
4411	0.004322646045
4412	0.007926435181
4413	0.002568147214
4414	0.005005064872
4415	0.002442026393
4416	0.005650930182
4417	0.0005205513473
4418	0.002662272717
4419	0.004745950314
4420	0.003625017773
4421	1.852861035e-05
4422	0.006581947316
4423	0.00211464489
4424	0.00378599522
4425	0.002471893107
4426	0.004768696629
4427	0.003418054898
4428	0.004243576002
4429	0.0002785628481
4430	0.01236413207
4431	0.006806416061
4432	0.003573732563
4433	0.001064278762
4434	0.008245464921
4435	0.0001896457766
4436	0.0002351498638
4437	0.007027338125
4438	0.0004384533956
4439	4.353891382e-05
4440	0.002296565253
4441	0.006315445241
4442	0.003941529159
4443	0.005240886207
4444	0.0003643856594
4445	0.006541465502
4446	0.006965300102
4447	0.003010424975
4448	0.005321807998
4449	0.003955403881
4450	0.0007041594197
4451	0.0002886239782
4452	0.005384575076
4453	0.004642539494
4454	7.683923706e-05
4455	7.683923706e-05
4456	0.003619099567
4457	0.006017164845
4458	0.001337588165
4459	0.0002877047589
4460	0.001074976198
4461	0.006479604618
4462	0.007650456454
4463	0.007967556387
4464	0.001715654729
4465	0.008532450893
4466	0.00164825202
4467	0.006860251196
4468	0.0003599426302
4469	0.001049860039
4470	0.006034635609
4471	0.001269644779
4472	0.002700573493
4473	0.002052459126
4474	0.001967771359
4475	0.01134319893
4476	0.0001488125319
4477	0.007135045651
4478	0.01237107899
4479	0.005713943352
4480	0.002494067335
4481	0.003458752327
4482	0.004015379974
4483	1.74386921e-05
4484	1.74386921e-05
4485	0.0003627516709
4486	0.003679570114
4487	0.0005303717324
4488	0.007584989075
4489	0.003833104506
4490	0.002625617293
4491	0.007400227561
4492	0.002521937876
4493	0.007213732784
4494	0.004787354467
4495	0.00448154094
4496	0.005575801581
4497	0.003341272839
4498	0.0001059266696
4499	0.004216127781
4500	0.0003495972169
4501	0.000435159879
4502	0.002138079717
4503	0.008040733078
4504	0.004339601715
4505	6.076294278e-05
4506	6.076294278e-05
4507	0.004610746508
4508	0.005917398751
4509	0.00505175778
4510	0.003279579056
4511	0.004912318036
4512	0.00860098151
4513	0.006123178514
4514	0.002875367481
4515	0.002123326674
4516	6.634877384e-05
4517	0.0001463655751
4518	0.002738679203
4519	0.004712948497
4520	0.004781254595
4521	0.005388253915
4522	0.003789669151
4523	0.003670915378
4524	0.003462575306
4525	0.004532013983
4526	0.005050436573
4527	0.002808973263
4528	0.00046668778
4529	0.002770378265
4530	0.006579148574
4531	0.00156995306
4532	0.0007294942306
4533	0.004723959017
4534	0.002983123186
4535	0.0001323791532
4536	7.288828338e-05
4537	0.007909613885
4538	0.006023491705
4539	0.000154352693
4540	0.002341142196
4541	0.0002062471211
4542	0.002980196382
4543	0.0001727964728
4544	0.008247596158
4545	0.0003192669
4546	0.004306125723
4547	0.003224288983
4548	0.009629617273
4549	0.0004268316634
4550	0.0006198703528
4551	0.0008662764653
4552	0.004812622429
4553	0.004221746466
4554	0.002370704152
4555	0.004507034334
4556	0.001140598545
4557	0.0008881219558
4558	0.0005775571903
4559	0.001677141985
4560	0.001594081393
4561	0.0004258855586
4562	0.002066002292
4563	2.970027248e-05
4564	2.970027248e-05
4565	0.001280994773
4566	0.006694652209
4567	0.001799207032
4568	0.006076963179
4569	0.009000420991
4570	0.002218395721
4571	0.0109939101
4572	0.009372924584
4573	0.0124297138
4574	0.003422235934
4575	0.004621973748
4576	0.00343485243
4577	0.005786576494
4578	0.001340195759
4579	0.00736074766
4580	0.00372379666
4581	0.007159098719
4582	0.009449702917
4583	0.00365321616
4584	0.0001810744652
4585	0.003706058503
4586	0.007896158913
4587	0.0004865672096
4588	0.001428950954
4589	0.001831713422
4590	0.01536819783
4591	0.0007955362042
4592	0.005483179268
4593	0.001185095341
4594	0.01072238235
4595	0.005170916624
4596	0.005090169907
4597	0.009368545794
4598	0.002207822435
4599	0.00050346596
4600	0.001080755888
4601	0.0005767132442
4602	0.0008838782926
4603	0.0008393590166
4604	0.0001377384196
4605	0.001944350521
4606	0.002787199246
4607	0.004032761491
4608	0.004415603891
4609	0.005657935279
4610	0.001298410317
4611	0.0008336279547
4612	0.003576364371
4613	0.002084285876
4614	0.005836569788
4615	0.01285702037
4616	0.004770371134
4617	0.005661427396
4618	0.0007817825241
4619	0.009144209722
4620	0.0001848034285
4621	0.003813355416
4622	0.004565576552
4623	0.005932835852
4624	0.001669697418
4625	0.003579926026
4626	0.006038186035
4627	0.004450134756
4628	0.003074032869
4629	0.005575351325
4630	0.0002796775659
4631	0.001481779965
4632	0.004299868206
4633	0.0009693887232
4634	0.01034716686
4635	0.000121253406
4636	0.000121253406
4637	0.001028493229
4638	0.005751541352
4639	0.003955461368
4640	0.005154875556
4641	8.310626703e-05
4642	7.356948229e-05
4643	7.356948229e-05
4644	0.001808893301
4645	0.001653114557
4646	0.0008302308121
4647	9.046321526e-05
4648	9.046321526e-05
4649	0.0124269019
4650	0.004801181993
4651	0.005083383298
4652	0.006818480138
4653	0.008786381587
4654	0.007728940186
4655	0.001001108518
4656	0.007692928591
4657	0.0003122473578
4658	0.0007643443769
4659	0.001023881394
4660	0.005124606673
4661	0.01200967477
4662	0.005218850876
4663	0.001802912917
4664	0.0003613260672
4665	0.0006711852861
4666	0.001981986297
4667	0.001087760789
4668	0.002727667271
4669	0.001986079708
4670	0.000614145026
4671	0.004173772135
4672	0.00245629102
4673	0.003129387054
4674	0.005565509374
4675	0.01156253361
4676	0.004275927161
4677	0.006549672363
4678	0.001775162545
4679	0.002756599011
4680	0.01063749332
4681	0.0003425026243
4682	0.0001590037095
4683	0.006420151569
4684	0.001890606499
4685	0.002524957621
4686	0.002708943304
4687	0.003181590722
4688	0.002209334018
4689	0.008158430806
4690	0.005925894582
4691	0.00531713535
4692	0.01189003668
4693	0.002220353193
4694	0.005250562369
4695	0.001711893731
4696	0.002228225523
4697	0.003702536469
4698	0.001698360519
4699	0.01361236197
4700	0.003048673424
4701	0.006440099963
4702	0.003211092856
4703	0.0009423126346
4704	0.001718605836
4705	0.001320330604
4706	0.006540947274
4707	0.0006617166213
4708	0.01010271093
4709	0.0002152099102
4710	0.004496625241
4711	0.007827565575
4712	0.006179990963
4713	0.007565240833
4714	0.000589027174
4715	0.007439554489
4716	0.002746895059
4717	0.0117086989
4718	0.006232547098
4719	0.007070289602
4720	0.004993300029
4721	0.0005238478492
4722	0.002008545551
4723	4.713896458e-05
4724	0.0019124242
4725	0.003213417609
4726	0.001037438692
4727	4.638963025e-05
4728	0.001797434375
4729	0.0003100817439
4730	0.002093657195
4731	0.009558546702
4732	0.006310971873
4733	0.01275855457
4734	0.004392808445
4735	0.0001434604905
4736	0.0002006811989
4737	0.005234987719
4738	0.003833960549
4739	0.003256764557
4740	0.003727370027
4741	0.001071149336
4742	0.001102803568
4743	0.007998784456
4744	0.0003236160387
4745	0.003662383375
4746	0.007175842713
4747	0.008759789536
4748	0.0007603892112
4749	0.0005603784732
4750	0.0006640013352
4751	5.084014532e-05
4752	0.001732222499
4753	0.004676166918
4754	0.008989424335
4755	0.001750021076
4756	0.002004701077
4757	0.0001922343324
4758	0.00115725319
4759	4.822888283e-05
4760	4.822888283e-05
4761	0.00472969593
4762	0.002005272271
4763	0.003559417553
4764	0.003923741854
4765	0.001464547831
4766	0.003077386893
4767	0.0007461149008
4768	0.001026058142
4769	0.001298779825
4770	0.002905491639
4771	0.002550989633
4772	0.005386413233
4773	0.004314796543
4774	9.295395197e-05
4775	0.009905001006
4776	0.004705814432
4777	0.007965076111
4778	0.004827311352
4779	0.009435212014
4780	0.007433672689
4781	0.0001083106267
4782	0.005769402356
4783	0.006773256621
4784	0.007804454699
4785	0.008722842647
4786	0.003018251051
4787	0.00131621845
4788	0.006373046264
4789	0.00920735227
4790	0.01014766144
4791	0.004418844785
4792	0.003550096472
4793	0.00134594148
4794	0.0133583955
4795	0.00609286686
4796	0.002623321072
4797	0.006154984877
4798	0.006153853675
4799	0.007936374957
4800	0.002756847447
4801	0.003199197403
4802	0.002372874855
4803	3.514986376e-05
4804	0.003672635332
4805	0.003060531941
4806	0.005332553388
4807	0.004520733798
4808	0.0003802735845
4809	0.0002290188259
4810	0.0007864607916
4811	0.0007171958168
4812	0.007576565741
4813	0.004788284247
4814	0.001120124649
4815	0.0007075974354
4816	0.0007502329052
4817	0.002959803929
4818	0.001102580201
4819	0.0004719292476
4820	0.008028145142
4821	8.732970027e-05
4822	0.0002847411444
4823	0.002757361516
4824	0.005152383743
4825	0.009637708176
4826	0.002474166951
4827	0.0007236603088
4828	0.0009380429482
4829	0.006646287001
4830	0.006081817987
4831	1.784741144e-05
4832	2.683923706e-05
4833	2.329700272e-05
4834	0.001849046322
4835	0.004256709747
4836	0.0004971980265
4837	0.002874530044
4838	0.0002420980926
4839	0.002626466122
4840	0.005285245173
4841	0.005349802981
4842	0.01425370811
4843	0.0007464584936
4844	0.001540630937
4845	0.002356285947
4846	2.267790926e-05
4847	0.001569770016
4848	0.003929540805
4849	0.006206944305
4850	0.002761923532
4851	0.006969455745
4852	0.008956260903
4853	0.000581484405
4854	0.000286866485
4855	0.001846848259
4856	0.006983015869
4857	0.006554173225
4858	0.002499696658
4859	0.001938876282
4860	0.003122894001
4861	0.007263213479
4862	0.001183710897
4863	0.0002096730245
4864	0.003582986245
4865	0.0005338237617
4866	0.009214760817
4867	0.008269357538
4868	0.00565422181
4869	0.003596872464
4870	0.003927837396
4871	7.916333734e-05
4872	0.006238638057
4873	0.008659498987
4874	0.002557758792
4875	0.003872521382
4876	0.002086058815
4877	0.003843463172
4878	0.005412414988
4879	3.174386921e-05
4880	7.19346049e-05
4881	0.0005236632001
4882	0.0006275256811
4883	0.00473092315
4884	0.001016262793
4885	0.005205347928
4886	0.003102013238
4887	0.006116862464
4888	0.001998251274
4889	0.006637086353
4890	0.01064375227
4891	0.001830874677
4892	0.00121948882
4893	0.001707885868
4894	0.004037029246
4895	0.005584335653
4896	0.0003247448462
4897	0.0002410524439
4898	0.003320699169
4899	0.0002097475944
4900	0.001326818531
4901	9.024523161e-05
4902	0.001728227987
4903	0.003054520048
4904	0.0008806640568
4905	0.0004493415077
4906	0.002529915957
4907	0.008844378195
4908	0.0004003405995
4909	0.0001867201594
4910	0.006115792165
4911	0.00878621355
4912	0.00459510483
4913	0.004916157832
4914	0.003576675549
4915	0.006470530997
4916	0.0003943419213
4917	0.002399887754
4918	0.003275159437
4919	0.001865519921
4920	0.001520159627
4921	0.0001879654859
4922	0.003207774213
4923	0.002816396145
4924	0.003918685528
4925	0.0002884196185
4926	0.0004844686649
4927	0.000108719346
4928	0.000108719346
4929	0.00921928923
4930	0.005123271892
4931	0.005001071025
4932	0.00745360027
4933	0.003219126651
4934	0.004623761385
4935	0.003879191952
4936	0.005000759694
4937	0.0009882787726
4938	0.003121529923
4939	0.0004945347409
4940	0.0001226158038
4941	0.0001226158038
4942	0.003243745102
4943	0.0003399404563
4944	0.004714509522
4945	0.0033875589
4946	0.001350359586
4947	0.003726056416
4948	0.005256396646
4949	0.005287265144
4950	0.001765940553
4951	0.005525663109
4952	0.004008584125
4953	0.003187085511
4954	0.009326098327
4955	0.007345383168
4956	0.008103930791
4957	0.0009246390585
4958	0.01207544751
4959	0.01155944968
4960	0.002910462239
4961	0.00050899522
4962	0.002481291865
4963	0.002757267394
4964	0.004673633292
4965	0.003397998993
4966	0.002249437366
4967	0.005575440518
4968	0.00182527882
4969	0.0009085192864
4970	0.002083951808
4971	0.002017567115
4972	0.001841470833
4973	0.004819001254
4974	0.0003407853397
4975	0.000905879866
4976	0.006080103085
4977	0.001164669806
4978	0.005939960349
4979	0.0005509517379
4980	0.0002710944596
4981	0.003031936516
4982	0.0003193864202
4983	0.001335331613
4984	0.006106202033
4985	8.422986667e-05
4986	0.002988582296
4987	0.0003374622146
4988	0.0009008477648
4989	0.0002215807885
4990	0.003088094986
4991	0.002230866595
4992	0.01771930096
4993	0.0003900648168
4994	0.001929585828
4995	0.00748076215
4996	0.004856626405
4997	0.001746106238
4998	0.003995439354
4999	0.003425993448
5000	0.001734507242
5001	0.0004610657194
5002	0.008697858994
5003	0.007165908856
5004	0.0003712101346
5005	0.007167182385
5006	0.000353238669
5007	0.0002585857793
5008	0.0003453011377
5009	0.008174193575
5010	0.003338080515
5011	0.009711348138
5012	7.302452316e-05
5013	6.294277929e-05
5014	0.004688820369
5015	0.01085002292
5016	0.003519821974
5017	0.00282067558
5018	0.001250774967
5019	0.005519882849
5020	0.005521595324
5021	0.004923310825
5022	0.004639639164
5023	0.002563142521
5024	0.006912716312
5025	0.004097867378
5026	0.0001302409864
5027	0.008094164838
5028	0.002616637868
5029	8.559709597e-05
5030	0.01122550204
5031	0.0008925960656
5032	0.0003177014901
5033	0.00325267554
5034	0.00911972037
5035	0.01033916769
5036	0.001560801856
5037	0.003060454893
5038	0.004879141622
5039	0.001099524597
5040	0.003824507806
5041	0.00668902019
5042	0.002286233703
5043	0.005519672922
5044	0.001066030731
5045	0.0009885901448
5046	0.001370502519
5047	0.008752498056
5048	0.003100992466
5049	0.006940081888
5050	0.008457273413
5051	0.001060301705
5052	0.002022464462
5053	0.0002210105164
5054	0.002881277531
5055	0.001115783027
5056	0.007922409452
5057	0.006907977863
5058	0.001736225391
5059	0.006415121581
5060	0.007556686324
5061	0.0006105304731
5062	0.004576659976
5063	0.004437416416
5064	9.076294278e-05
5065	0.00444189589
5066	0.00188525932
5067	0.00602197577
5068	0.002136471093
5069	0.0004089056872
5070	0.0006825014857
5071	0.008227819058
5072	0.002496132626
5073	0.002859749302
5074	0.002121255522
5075	0.001134241472
5076	0.004423675291
5077	0.01032653473
5078	0.001862555888
5079	0.005221788229
5080	0.0008455084023
5081	0.001232642049
5082	0.001656548793
5083	0.008398022799
5084	0.004857014258
5085	0.0008096654516
5086	0.003390568779
5087	0.00604625762
5088	0.002694025919
5089	0.009622004218
5090	0.0004348905054
5091	0.005014019696
5092	0.003568424495
5093	0.002735359928
5094	0.0004508989988
5095	0.006084072241
5096	0.006819649594
5097	0.004218937614
5098	0.009082815715
5099	0.002860244014
5100	0.003173307142
5101	0.004359648587
5102	0.006060081026
5103	0.006540697197
5104	0.003782825803
5105	0.005587619125
5106	0.005241747481
5107	0.007681798769
5108	8.098246906e-05
5109	0.01517442253
5110	0.001191868452
5111	0.002155691326
5112	0.0006532055243
5113	6.239782016e-05
5114	6.239782016e-05
5115	0.000944934754
5116	0.001696764103
5117	8.719346049e-05
5118	8.719346049e-05
5119	0.005247174402
5120	0.004597387056
5121	0.0001907356948
5122	0.0002501362398
5123	0.008631880904
5124	0.0003368723239
5125	0.002995357176
5126	0.01694076096
5127	0.0008477794222
5128	0.00460117225
5129	1.961852861e-05
5130	1.961852861e-05
5131	0.0006998945662
5132	0.006820978775
5133	0.001339216466
5134	0.007188942946
5135	0.005429151425
5136	0.006907033857
5137	0.004294078655
5138	0.006861718306
5139	0.001165147554
5140	0.00212393398
5141	0.0004188465032
5142	0.002886762484
5143	0.0008463267704
5144	0.0028221037
5145	3.762975455e-05
5146	0.00657653493
5147	0.002923758141
5148	0.001872011274
5149	0.0001247956403
5150	0.0001247956403
5151	0.01148371556
5152	0.005597743012
5153	0.005991544736
5154	0.00113000021
5155	0.006226704833
5156	0.003507696275
5157	0.0001455040872
5158	7.002724796e-05
5159	7.002724796e-05
5160	0.0005653422288
5161	0.002585658756
5162	0.0009491060367
5163	0.005941041284
5164	0.002334074625
5165	0.004049614098
5166	0.000842430555
5167	0.003550136125
5168	0.0005174803939
5169	0.003558014543
5170	0.00242499973
5171	0.003542813407
5172	0.0005801737486
5173	0.0003799046317
5174	0.000169737276
5175	0.00928346413
5176	0.01279193769
5177	0.001430878021
5178	0.0008627526632
5179	0.004285305456
5180	0.0008047508991
5181	0.005232649905
5182	0.0001067844563
5183	0.005530956137
5184	0.004164578271
5185	0.0001470027248
5186	0.0001855585831
5187	0.008224381504
5188	0.006314215327
5189	0.0006709302677
5190	0.008981596454
5191	0.002729550202
5192	0.002371853172
5193	0.0001725703906
5194	0.005267440847
5195	0.000417122233
5196	0.0008585218777
5197	0.008324722329
5198	0.008031807234
5199	0.00225040196
5200	0.004924747952
5201	0.002047490487
5202	0.00348027768
5203	0.004095839277
5204	0.0009085470861
5205	0.004123450535
5206	0.02191408815
5207	0.0123847386
5208	0.007176942092
5209	0.004582060115
5210	0.0009207592995
5211	0.00685329145
5212	0.001280665208
5213	0.003312099796
5214	0.001118094979
5215	0.002282966595
5216	0.00605669536
5217	0.002261180724
5218	0.00550978265
5219	0.0015765068
5220	0.001814435179
5221	0.003860012273
5222	0.0007222829253
5223	0.001025057334
5224	0.0009974979853
5225	0.004337260279
5226	0.002387139651
5227	0.001605169543
5228	0.01231919238
5229	0.001579247488
5230	0.00942865072
5231	0.004374652727
5232	0.003329385053
5233	0.0009382680579
5234	0.003989681355
5235	0.004730075078
5236	0.006422902656
5237	0.003314764419
5238	0.001627597098
5239	0.004041156668
5240	0.005411463696
5241	0.002794653945
5242	0.0054880164
5243	0.002090959271
5244	0.002152369606
5245	0.002000233444
5246	0.004464984895
5247	0.00115842297
5248	0.003427785728
5249	0.01044409088
5250	0.001335589292
5251	0.002284609988
5252	7.452316076e-05
5253	0.0001520435967
5254	0.0003127838329
5255	0.003928046895
5256	0.0005704166476
5257	0.006692661842
5258	0.0001766507219
5259	0.004998300036
5260	0.0004933288001
5261	0.0006230585455
5262	0.001003719789
5263	0.002757146038
5264	0.004647792662
5265	0.0005277537836
5266	0.006662222225
5267	0.005692757158
5268	0.0001474934233
5269	0.004995533877
5270	0.002807204515
5271	0.0003752969027
5272	0.001868268607
5273	3.814713896e-05
5274	3.814713896e-05
5275	0.007767095446
5276	0.002809503009
5277	0.0003012093445
5278	0.001263248512
5279	0.0107506494
5280	0.002161439515
5281	0.003260561567
5282	0.0009250949673
5283	0.008499189505
5284	0.0003765784843
5285	0.001123192937
5286	0.001833343253
5287	0.0001382782929
5288	0.002774963662
5289	0.001462930577
5290	0.00368667591
5291	0.003095873146
5292	0.001887245086
5293	0.006351736085
5294	0.00291982177
5295	0.01122371179
5296	0.004759986116
5297	0.0007253616012
5298	0.002692475849
5299	0.000356880109
5300	0.002038459692
5301	0.002794995502
5302	0.002845405784
5303	0.0001164850136
5304	0.002413586817
5305	0.0001661241679
5306	0.002179166956
5307	0.01789317851
5308	0.005018985799
5309	0.006033459595
5310	0.0001419464789
5311	0.002049472772
5312	0.003788187123
5313	0.003159189411
5314	2.057220708e-05
5315	0.0003285331511
5316	0.007172553436
5317	0.0005964558325
5318	0.0006940123224
5319	9.918256131e-05
5320	9.918256131e-05
5321	0.001725732977
5322	0.005094355997
5323	0.005410918852
5324	0.007641600781
5325	0.004623807819
5326	0.0005587651459
5327	0.0006673592284
5328	0.004229513698
5329	0.006765302298
5330	0.001895578482
5331	0.000417620395
5332	0.003706685579
5333	0.003086403245
5334	0.0001133514986
5335	0.0008867847412
5336	0.000485488427
5337	0.001600798576
5338	0.009054670669
5339	0.002434672215
5340	0.0001685286104
5341	0.000699131255
5342	0.00543725735
5343	0.001601802246
5344	0.004682875105
5345	0.000119346049
5346	0.000119346049
5347	0.005016489372
5348	0.003471036963
5349	0.001962814685
5350	0.0008856511304
5351	0.00041748395
5352	0.008525012703
5353	0.001780257624
5354	0.00717218504
5355	0.0001480472298
5356	0.001732638102
5357	0.003156646754
5358	0.004657438503
5359	0.001277533385
5360	0.002146609118
5361	5.513437629e-06
5362	0.001789530441
5363	0.000298524069
5364	0.000955554677
5365	0.003331750829
5366	0.01280775032
5367	0.001924909944
5368	0.003509248348
5369	0.01072787577
5370	0.0008715573743
5371	0.008426276502
5372	0.001079059246
5373	0.001805298476
5374	0.003404957599
5375	0.00461058749
5376	0.002722310212
5377	0.002486979939
5378	0.003525118106
5379	1.625840278e-05
5380	0.002216792178
5381	0.004662446411
5382	0.0009669429686
5383	0.004971913796
5384	0.01094043354
5385	0.005645853859
5386	0.01064433218
5387	0.0004201723206
5388	0.005669640775
5389	0.004473580766
5390	0.0003538636233
5391	0.007198449129
5392	0.0005797223547
5393	0.004948229318
5394	0.001172317432
5395	0.003459825649
5396	0.009048840103
5397	0.002761504509
5398	0.005642566383
5399	0.00518699349
5400	0.0003489133086
5401	0.002464718637
5402	5.885558583e-05
5403	0.00250569587
5404	0.001467295815
5405	0.004053550569
5406	0.004252007128
5407	0.001967553882
5408	0.001317629046
5409	0.0005298752203
5410	0.0002038828338
5411	0.001329137269
5412	0.004431577049
5413	0.001490463112
5414	0.000233443543
5415	0.0003350718512
5416	0.003376603786
5417	0.0008578990134
5418	0.000389814734
5419	0.001529572232
5420	0.0062799705
5421	0.006271005732
5422	0.002632935782
5423	0.001488842839
5424	0.007165299025
5425	0.0001301400118
5426	0.007878238361
5427	0.0005582437322
5428	0.001269634264
5429	2.997275204e-05
5430	0.002588494088
5431	0.004231434926
5432	0.00308979223
5433	0.0004803333447
5434	0.001551350454
5435	9.455040872e-05
5436	9.455040872e-05
5437	0.001161702255
5438	0.00109366594
5439	0.0003542535696
5440	0.0001
5441	0.0001
5442	0.006799333176
5443	0.003034791701
5444	0.0004578328969
5445	0.0001093748514
5446	0.00190719394
5447	0.001356743869
5448	0.0004072447787
5449	0.0037139411
5450	0.003374222195
5451	0.007624840033
5452	0.002087470714
5453	1.444141689e-05
5454	1.444141689e-05
5455	0.004320092434
5456	4.550408719e-05
5457	0.001940668112
5458	0.001816367396
5459	0.005454733836
5460	0.0003628065395
5461	0.005647989504
5462	0.00115894993
5463	0.0003218926719
5464	0.000720490195
5465	0.01318671177
5466	0.00311005162
5467	0.00430821482
5468	0.002702056665
5469	0.000553482624
5470	0.0006644414169
5471	0.002966603138
5472	0.01240202374
5473	0.001987223521
5474	0.0007907838502
5475	0.001717979727
5476	0.007217561477
5477	0.001270539798
5478	0.008690555364
5479	0.001424064392
5480	0.01162953133
5481	0.009145282156
5482	0.003501040559
5483	0.004094938286
5484	0.003380625782
5485	0.002770775897
5486	0.001964066965
5487	0.003486352834
5488	0.003667101209
5489	0.003846772801
5490	0.001276408652
5491	0.00467851985
5492	0.001944343454
5493	5.83260757e-05
5494	0.0009421596018
5495	0.01733044003
5496	0.0003874917303
5497	0.006149677555
5498	0.001904770963
5499	0.008068415352
5500	0.008611214363
5501	0.004345108255
5502	0.0007725525326
5503	0.008167618339
5504	0.003499308162
5505	0.001354419106
5506	0.004955629704
5507	0.008945890197
5508	0.002706118458
5509	0.001888088023
5510	0.004629552674
5511	0.001545202738
5512	0.002959678864
5513	0.006963575426
5514	5.722070845e-06
5515	0.004123865366
5516	0.008027622417
5517	0.01177383563
5518	9.346049046e-05
5519	9.346049046e-05
5520	0.0009450802436
5521	0.006986133185
5522	0.006096583638
5523	6.049046322e-05
5524	6.049046322e-05
5525	0.001656867453
5526	0.001215403673
5527	0.0009621150592
5528	0.004057139652
5529	0.00481028879
5530	0.003085597776
5531	0.01038420414
5532	0.01557113471
5533	0.006349137821
5534	0.0002239299917
5535	0.006993810808
5536	0.0005940641062
5537	0.006592217273
5538	1.757493188e-05
5539	0.006591621812
5540	0.002793935658
5541	0.003475671461
5542	0.01315643845
5543	0.005290106104
5544	0.003172536534
5545	0.001130037964
5546	0.007005383712
5547	0.0002583106267
5548	0.005201984748
5549	0.007878361086
5550	0.0002414772706
5551	0.0009155313352
5552	0.002058886599
5553	6.866485014e-05
5554	6.866485014e-05
5555	0.001077908191
5556	0.003031026112
5557	0.004339174233
5558	0.002116819739
5559	0.0001064032698
5560	0.007766112645
5561	5.558966994e-05
5562	0.005722160239
5563	0.002386976425
5564	0.0005168307558
5565	0.003505829574
5566	0.008033505924
5567	0.00243456757
5568	0.003034611052
5569	0.01112075291
5570	0.0008518956765
5571	0.001527260659
5572	0.0001110511071
5573	6.730245232e-05
5574	6.730245232e-05
5575	9.032697548e-05
5576	0.0004972895877
5577	0.001736524643
5578	2.261580381e-05
5579	2.261580381e-05
5580	0.0002982553259
5581	0.01108017789
5582	0.002017325135
5583	0.003555782292
5584	0.002741057521
5585	0.0005574830543
5586	0.005687614795
5587	0.003300334831
5588	0.003454601263
5589	0.007201572345
5590	4.536784741e-05
5591	6.811989101e-05
5592	0.009468202035
5593	0.004596759779
5594	0.009433916447
5595	0.009635340717
5596	0.0002861653422
5597	0.00368555944
5598	0.001452263271
5599	0.0005476096272
5600	0.002638845
5601	0.004995769265
5602	0.00594062685
5603	0.006222325922
5604	0.0003690054496
5605	0.005982571908
5606	0.0007850096293
5607	6.403269755e-06
5608	0.001675447385
5609	0.005201270267
5610	0.005499578261
5611	0.0004875228538
5612	0.003314144412
5613	4.483889066e-05
5614	0.003443548071
5615	0.000714364944
5616	0.00800689163
5617	0.001393026586
5618	0.001058275548
5619	0.001636323701
5620	0.002100674248
5621	0.003793856568
5622	0.007045713166
5623	0.002968699184
5624	0.004184253174
5625	0.004031476709
5626	0.00547446387
5627	0.003307403113
5628	0.005374144663
5629	0.01096761448
5630	7.138964578e-05
5631	7.138964578e-05
5632	0.001450906848
5633	0.001176068185
5634	1.683923744e-05
5635	0.003936357457
5636	0.009196693189
5637	0.004429990938
5638	0.0004257715525
5639	0.001183700407
5640	0.007670101951
5641	0.0001282016349
5642	0.0008685286104
5643	0.002549032844
5644	0.002465297063
5645	0.0002332322519
5646	0.0004534173478
5647	0.001176190526
5648	0.004804698696
5649	0.004781900338
5650	0.0001692098093
5651	0.0003264719869
5652	0.002896096216
5653	0.0005662804008
5654	0.001765319936
5655	0.005803916638
5656	0.004649713365
5657	0.004210339674
5658	0.005295137821
5659	0.0007641850792
5660	0.002667271882
5661	0.002706321534
5662	0.006291396614
5663	0.007539948907
5664	9.950045413e-05
5665	0.002553920895
5666	0.0071782781
5667	0.02064994033
5668	0.01042921544
5669	0.003800999387
5670	0.003859213991
5671	0.004503033761
5672	0.006394000623
5673	0.001748592635
5674	0.01051857278
5675	0.004894136087
5676	0.01195186773
5677	0.006059354691
5678	0.004842896713
5679	0.003919419834
5680	0.004828584092
5681	0.003801718436
5682	0.0006455976646
5683	0.0005796624818
5684	0.006538035193
5685	0.001562934649
5686	0.004162738269
5687	0.004005044341
5688	0.0003591280654
5689	0.008620921334
5690	0.00187605038
5691	0.005851728806
5692	4.487912109e-05
5693	0.005149728783
5694	0.003389324352
5695	0.007466618103
5696	0.0005084337791
5697	0.0005910799057
5698	2.179836512e-06
5699	5.858310627e-05
5700	0.006442603991
5701	0.009234336744
5702	0.001909939981
5703	0.004663287217
5704	0.0009079647671
5705	2.929155313e-05
5706	0.01118372723
5707	0.002846451016
5708	0.004930088066
5709	0.004869680079
5710	0.001591033878
5711	0.003275848838
5712	0.001905662671
5713	0.0006720007056
5714	0.003354200324
5715	5.478136575e-05
5716	0.004233376537
5717	0.0001258586085
5718	0.0004028497505
5719	1.403269755e-05
5720	0.002373572103
5721	0.0003367979273
5722	0.000850440894
5723	0.000988175346
5724	3.772702329e-05
5725	0.003739283509
5726	0.008428518005
5727	0.007310450498
5728	0.001951702235
5729	0.001318895444
5730	0.0009160573826
5731	0.0007014070083
5732	0.004680132482
5733	0.01069650014
5734	0.002754541929
5735	0.002155750007
5736	0.001631747066
5737	0.006717645937
5738	0.004903761643
5739	3.732970027e-05
5740	3.732970027e-05
5741	0.0008230945945
5742	0.001357026188
5743	0.01119263267
5744	0.002190176455
5745	0.0001605220973
5746	0.0006626945165
5747	0.001620334405
5748	0.004419595419
5749	0.001490828431
5750	0.002650255092
5751	0.004081761812
5752	0.006555714429
5753	0.004879043855
5754	0.001973600695
5755	0.0002799816411
5756	0.0003519009164
5757	0.0008689046057
5758	0.01237948598
5759	0.001146570726
5760	0.0008730135083
5761	0.0001233663458
5762	0.003249589256
5763	0.001744888089
5764	0.002215820347
5765	0.0009930871133
5766	0.004947496248
5767	0.009898342071
5768	0.006094854668
5769	1.485013624e-05
5770	0.00831758192
5771	0.006938594179
5772	0.0008856948229
5773	0.0001485013624
5774	0.0001870572207
5775	0.002087649418
5776	0.006206559871
5777	0.005780936469
5778	0.0004551701759
5779	0.001657489148
5780	3.342415985e-05
5781	0.01072027465
5782	0.006918519844
5783	0.0002505962316
5784	0.00808038486
5785	7.19346049e-05
5786	0.0002844686649
5787	0.0006804198955
5788	0.002960430582
5789	3.372948923e-05
5790	0.000583195152
5791	0.002631323742
5792	0.003552028827
5793	0.0002194141689
5794	0.005111311015
5795	0.007562842904
5796	0.004134374359
5797	0.0001257493188
5798	2.537635327e-05
5799	0.0003369670749
5800	0.0006269789063
5801	0.002355135577
5802	0.004630926644
5803	0.001803173094
5804	0.007198998836
5805	0.0006996675063
5806	0.00154481698
5807	0.0007662189907
5808	0.0003373144091
5809	0.0001173024523
5810	0.001000287476
5811	0.0009831434275
5812	0.001440674912
5813	0.001918928154
5814	0.007962685389
5815	0.001817118056
5816	0.004449571258
5817	0.005266521497
5818	0.005218968385
5819	0.003322138834
5820	0.005192707264
5821	0.002909448166
5822	0.0008899838563
5823	0.003695325893
5824	0.002409787448
5825	0.0001155313351
5826	0.0001719346049
5827	0.00491255186
5828	0.003577028091
5829	0.0001023160763
5830	0.007654043265
5831	0.002686648175
5832	0.004080613415
5833	0.0008085631134
5834	0.004129700388
5835	0.0004457576825
5836	1.253405995e-05
5837	0.003510119321
5838	0.0009048548275
5839	0.008833648459
5840	0.003809174796
5841	0.006607157882
5842	0.008038036635
5843	0.006776351054
5844	0.001185099041
5845	0.004256945807
5846	0.003753769958
5847	0.0009554211566
5848	0.001280466252
5849	0.00594142564
5850	0.000453474778
5851	0.00168356486
5852	0.006045916445
5853	0.003540016266
5854	0.001431022873
5855	0.00288211772
5856	0.0001351552979
5857	0.0007543337548
5858	0.002712571033
5859	0.003340615112
5860	0.003272261575
5861	0.002360693749
5862	0.007345132583
5863	0.005826424216
5864	0.007924576927
5865	0.001475774727
5866	0.0001367847411
5867	0.0001602179837
5868	0.0007830221773
5869	0.0008346314379
5870	0.003697991195
5871	0.0008368295986
5872	0.0007167896524
5873	0.002177658466
5874	0.002697581088
5875	0.0008407307033
5876	0.004027048234
5877	0.001473968672
5878	0.001010913609
5879	0.003140020243
5880	0.0001375957453
5881	0.009022053414
5882	0.002419369223
5883	9.332425068e-05
5884	0.0001098092643
5885	0.0001098092643
5886	0.004013434518
5887	0.001235866076
5888	0.0004756416963
5889	0.0001859491371
5890	0.009253211225
5891	0.0005030881017
5892	0.0008488899122
5893	0.002018749377
5894	0.0006320927368
5895	0.003583823581
5896	0.00126954098
5897	0.000894414169
5898	8.147138965e-05
5899	0.004855320653
5900	0.006070646015
5901	0.0006436633246
5902	0.002162378484
5903	0.001582716446
5904	0.004089509694
5905	0.003361178598
5906	0.003440985795
5907	0.0009528785943
5908	1.516627203e-05
5909	0.01417536497
5910	0.001735229201
5911	0.003295947293
5912	0.003121656129
5913	0.001225004768
5914	0.004517505085
5915	0.004870296554
5916	0.002960055613
5917	0.0001006811989
5918	0.0002884176747
5919	0.00166666521
5920	0.00233131564
5921	0.00435363927
5922	0.005250987626
5923	0.00760505333
5924	0.0003856555235
5925	0.004328220048
5926	0.0009499868754
5927	0.01551827044
5928	0.002003733156
5929	0.009451704368
5930	0.01088146045
5931	0.00146942619
5932	0.0163792317
5933	0.0004287590092
5934	0.006193398625
5935	0.002340327317
5936	0.0002363086051
5937	0.005003150071
5938	0.004660354736
5939	0.0006128385651
5940	0.0001491876299
5941	0.01212796243
5942	0.001289436782
5943	0.002195964033
5944	0.00281997813
5945	0.001352943641
5946	0.01034499188
5947	0.00418283421
5948	0.001385953175
5949	0.01055051215
5950	1.925853223e-05
5951	0.006673367292
5952	0.00196784031
5953	0.003089116024
5954	0.0002835149864
5955	0.009951748743
5956	6.702997275e-05
5957	0.004831605222
5958	0.008262813601
5959	0.01068296801
5960	0.002404160134
5961	0.0002607629428
5962	0.0009749318801
5963	0.00610617938
5964	0.008309040582
5965	0.0001816104323
5966	0.001646855576
5967	0.005919032625
5968	0.0001924146659
5969	0.008125987794
5970	0.003931369991
5971	0.001909880983
5972	0.004146759828
5973	0.008897860121
5974	0.01026614452
5975	0.001742615525
5976	0.0004146493696
5977	0.003886036142
5978	0.004031199852
5979	0.002664760852
5980	0.003351266178
5981	0.00434585657
5982	0.001279388376
5983	0.004293515599
5984	0.001983730523
5985	0.003303185283
5986	0.001146009011
5987	0.004388591233
5988	0.006337957947
5989	0.0003594579169
5990	0.001627475898
5991	6.159934534e-05
5992	0.003773934235
5993	0.0050745132
5994	0.001998103345
5995	0.004933696135
5996	0.0001854223433
5997	0.007224902673
5998	0.0008636239786
5999	0.0002880563125
6000	0.003480355657
6001	0.0001437122795
6002	0.001215595986
6003	0.0002942595732
6004	0.0002531650225
6005	0.000104352663
6006	0.0005626357023
6007	4.386920981e-05
6008	0.000371765267
6009	0.000171253406
6010	0.006029441675
6011	0.001592460518
6012	0.0005908604443
6013	0.00429950014
6014	0.005421141617
6015	0.003838590777
6016	0.001402125934
6017	0.003414570079
6018	0.001365479949
6019	0.0009077463223
6020	4.604904632e-05
6021	4.632152589e-05
6022	0.009383507428
6023	0.002187590724
6024	0.00432062717
6025	0.003925500346
6026	0.0005128292462
6027	0.002470342786
6028	0.003051382557
6029	0.0005956844067
6030	0.008580668102
6031	0.0006479085001
6032	0.0006702641801
6033	0.004832473692
6034	0.001271652989
6035	0.008656393533
6036	0.01502562584
6037	0.0003125
6038	0.001102868033
6039	0.0009612375908
6040	0.0004034813512
6041	0.002956222587
6042	0.0009238031608
6043	0.006895784949
6044	0.0005747840565
6045	0.005503643739
6046	0.002108913942
6047	0.006637862187
6048	8.065395095e-05
6049	0.0002258855586
6050	0.002000271145
6051	0.008899005645
6052	0.001933288998
6053	0.003986696463
6054	0.002353134933
6055	0.002695450758
6056	0.000359792932
6057	0.007502416878
6058	0.00873108788
6059	0.0002471389646
6060	0.001680849189
6061	0.006901578605
6062	0.003324406177
6063	0.0003398878025
6064	0.01603243516
6065	0.009028351084
6066	0.001269887536
6067	0.003532665298
6068	0.004540355647
6069	0.003801256935
6070	2.261580381e-05
6071	2.261580381e-05
6072	0.003546946704
6073	5.55404178e-05
6074	0.0002034209457
6075	0.001970596051
6076	0.0006461508762
6077	0.005958866113
6078	0.0001313351499
6079	0.0001313351499
6080	0.001165194096
6081	0.001380654322
6082	0.008759045301
6083	0.001822049597
6084	0.002317738131
6085	0.000353133515
6086	0.0009028610354
6087	9.727520436e-05
6088	0.001305664546
6089	0.004278307166
6090	0.007109726665
6091	0.0003807338581
6092	0.005439726078
6093	0.0009239591648
6094	0.003923509407
6095	0.000679873407
6096	0.004550661415
6097	0.006310957598
6098	0.002831277101
6099	0.000306880109
6100	0.001296541799
6101	0.004658838437
6102	0.004330109119
6103	0.01052632818
6104	6.539509537e-05
6105	0.005468488857
6106	0.005363543919
6107	0.0005161357454
6108	0.001294225132
6109	0.01710480935
6110	0.003248918183
6111	0.01235057134
6112	0.003334896282
6113	0.008621539329
6114	0.0007179556654
6115	7.452316076e-05
6116	0.002079422179
6117	0.0001313351499
6118	0.000531880109
6119	0.005435105893
6120	0.003137158009
6121	0.0005771344233
6122	0.003187623337
6123	0.0001308883011
6124	0.003206937127
6125	8.631092729e-05
6126	0.0006678073377
6127	0.006096882453
6128	0.0005529410529
6129	0.00272939558
6130	0.001714484244
6131	0.006121380221
6132	0.01475211774
6133	0.000397495127
6134	0.0003745690111
6135	0.00601768954
6136	0.005346104889
6137	0.000269109593
6138	0.004706199552
6139	8.583106267e-06
6140	0.006179214843
6141	0.0004172047041
6142	0.0006822008839
6143	0.006943546754
6144	8.165771679e-05
6145	6.857402361e-05
6146	8.024523161e-05
6147	0.004960776169
6148	0.004175827072
6149	0.00166644401
6150	0.0009191049861
6151	2.861035422e-06
6152	0.002171091487
6153	0.0009553647484
6154	0.007380610696
6155	0.00441174632
6156	0.002446464627
6157	0.002395671686
6158	0.0004234071197
6159	0.005914305637
6160	0.001148206034
6161	0.0001791634804
6162	0.006394589139
6163	0
6164	0.007957033057
6165	0.004094451362
6166	0.001493448749
6167	0.00150464431
6168	0.005080283528
6169	0.0005621257105
6170	0.001208223103
6171	0.002328357562
6172	0.006764813372
6173	0.0005672492218
6174	2.494981075e-05
6175	0.002195908249
6176	0.0001568119891
6177	0.001799455041
6178	0.00159836527
6179	0.000942418392
6180	0.00292274268
6181	0.000249137148
6182	0.002011296571
6183	0.0008387829246
6184	0.0003325613079
6185	0.001090752814
6186	0.0007212063223
6187	4.659400545e-05
6188	0.003171194884
6189	0.004253442227
6190	0.006350855262
6191	0.0008131400803
6192	0.0009351553219
6193	0.009975229491
6194	0.001406611915
6195	0.004951627891
6196	0.000276898887
6197	0
6198	0.006159209218
6199	0.00505006476
6200	0.001474654469
6201	0.007232867178
6202	0.0004004549555
6203	0.00771601405
6204	0.000228422112
6205	0.001680575939
6206	0.00779790211
6207	0.006724947528
6208	0.002423796656
6209	0.008915127271
6210	0.004753405999
6211	0.0001040871935
6212	0.001631825017
6213	0.003359220953
6214	0.009555054607
6215	0.004787041554
6216	0.0009756675605
6217	3.866614604e-05
6218	9.713896458e-05
6219	0.001826365845
6220	0.007518039192
6221	0.0008143753491
6222	0.001139520687
6223	0.0002002543767
6224	0.003513072998
6225	0.000195524657
6226	0.002617868902
6227	0.00158269288
6228	0.003272722968
6229	0.007814108036
6230	0.002770496314
6231	0.006596400046
6232	0.004392769584
6233	1.307901907e-05
6234	0.008922796656
6235	0.00148641995
6236	4.344672252e-06
6237	0.002082036926
6238	0.008534946747
6239	0.0007193804526
6240	6.675749319e-05
6241	9.100817439e-05
6242	0.0002460490463
6243	0.000530724966
6244	0.0117683438
6245	0.0003563945986
6246	0.003225124435
6247	0.004436007541
6248	0.01027767292
6249	1.444141689e-05
6250	0.0009856948229
6251	0.003451420188
6252	0.002179863871
6253	0.00040291099
6254	0.005774530698
6255	0.0001115803815
6256	0.0004078874133
6257	0.002480162623
6258	0.0003072089094
6259	0.002918642686
6260	0.005312359629
6261	0.004056125494
6262	2.117132311e-05
6263	0.00445631833
6264	0.004461859784
6265	3.174386921e-05
6266	8.910081744e-05
6267	8.910081744e-05
6268	0.008863707566
6269	0.008714191573
6270	0.004526506228
6271	0.001480865412
6272	0.001486164223
6273	0.001927643741
6274	0.001157697548
6275	0.000277445354
6276	0.009408795032
6277	0.000811622561
6278	0.004377119653
6279	0.0007411898274
6280	0.0008737692672
6281	0.004290265159
6282	0.001797693431
6283	0.00467705768
6284	0.002330844954
6285	0.0006509082652
6286	0.002607166739
6287	0.0001236302633
6288	0.000770054798
6289	0.001132892138
6290	0.002542146996
6291	0.004310645908
6292	0.00480496409
6293	0.0001860264855
6294	0.005108278788
6295	0.000319299022
6296	0.002436662076
6297	0.002015489443
6298	0.002239161465
6299	0.01296957705
6300	0.005071030574
6301	0.002595725404
6302	0.0066088633
6303	0.002438758516
6304	0.002365815801
6305	0.003259621783
6306	0.00247328702
6307	0.002072937005
6308	0.0002466003322
6309	0.007752565045
6310	3.732970027e-05
6311	0.0009628065395
6312	0.003089405982
6313	0.003456159282
6314	0.0007556654308
6315	0.008814888488
6316	0.004530961559
6317	0.005302553875
6318	0.0001485013624
6319	0.002968952496
6320	0.0006715966131
6321	0.002686536715
6322	0.01093457553
6323	0.008941455294
6324	0.001093984969
6325	0.0007169178368
6326	0.001394345938
6327	0.002789004002
6328	0.005497580442
6329	4.26340695e-05
6330	0.001206000281
6331	0.0006196142136
6332	0.0002104268552
6333	2.862144561e-05
6334	0.002749004471
6335	0.005884121703
6336	0.003325120433
6337	0.003495574598
6338	0.00010786336
6339	0.0008116415367
6340	0.0001133514986
6341	0.0001133514986
6342	0.005050571457
6343	0.002099850508
6344	0.00304843252
6345	2.997275204e-06
6346	2.997275204e-06
6347	0.001493436413
6348	0.001830305062
6349	0.003180510634
6350	0.006022217305
6351	0.0121853715
6352	0.001663711348
6353	0.003993901426
6354	0.004654601598
6355	0.01438064441
6356	0.002395676673
6357	0.004887727611
6358	0.004960028774
6359	0.006035504602
6360	0.0005166376609
6361	3.160762943e-05
6362	3.160762943e-05
6363	0.006646143732
6364	0.0004145776567
6365	0.004075958084
6366	0.012836314
6367	0.001591037505
6368	0.004210192167
6369	0.007985436705
6370	4.495912807e-05
6371	4.495912807e-05
6372	0.0005058877637
6373	0.005002909666
6374	0.004996245899
6375	0.003824264226
6376	0.005471858251
6377	0.001019411327
6378	2.72479564e-07
6379	0.008512452173
6380	0.004734295773
6381	0.003540920171
6382	0.008606410413
6383	0.0008499452507
6384	0.0007452617077
6385	5.694822888e-05
6386	0.001061603398
6387	0.003608030027
6388	0.0001882833787
6389	0.0008416893733
6390	0.0009607377223
6391	0.002939029753
6392	0.01065247911
6393	0.005603094361
6394	0.004518788938
6395	0.002991002074
6396	0.003008681353
6397	0.001252602282
6398	0.0001164850136
6399	6.158038147e-05
6400	0.00603845684
6401	0.0004855024182
6402	0.0005594675778
6403	0.0002598910082
6404	6.811989101e-06
6405	6.811989101e-06
6406	0.004690855057
6407	0.00286515618
6408	0.001843961611
6409	0.0009242760521
6410	1.771117166e-06
6411	0.002849714009
6412	0.002675615226
6413	0.0001176227569
6414	0.00188762881
6415	0.001916455584
6416	0.001026810978
6417	0.002375450207
6418	0.008113805242
6419	0.01582390571
6420	0.006522609941
6421	0.002415630518
6422	0.0009381319088
6423	0.005665748177
6424	0.003974115643
6425	0.005083358802
6426	0.0002009990917
6427	0.003444213355
6428	0.0002089722034
6429	0.0005506991772
6430	0.000417605009
6431	0.0001337874659
6432	0.006746214063
6433	0.0007197184374
6434	0.007174986915
6435	0.003850807934
6436	0.0001054495913
6437	0.0001054495913
6438	0.008724696727
6439	0.004344691465
6440	0.001886102783
6441	0.0001286103542
6442	0.0001286103542
6443	0.0006093612321
6444	0.003645450826
6445	0.003385260667
6446	0.002265201793
6447	0.003009418448
6448	0.002588879427
6449	0.002834272716
6450	7.111716621e-05
6451	0.001954906713
6452	0.002811198173
6453	0.005201318261
6454	7.220708447e-06
6455	0.0026421352
6456	0.002552265469
6457	0.004160261787
6458	0.012569921
6459	0.0006844780338
6460	0.003239057897
6461	0.001406922435
6462	0.005095638753
6463	0.0003069800589
6464	0.004161871919
6465	0.001508735516
6466	0.0005263742715
6467	0.009476879196
6468	0.009853676865
6469	0.004754353365
6470	0.002057688035
6471	0.004292006689
6472	0.002633326938
6473	0.0006522930419
6474	0.002552426565
6475	0.004733453352
6476	0.0007889744779
6477	9.632152589e-05
6478	0.0001324250681
6479	0.001092345364
6480	0.006099670146
6481	0.0004561346922
6482	0.004921439699
6483	0.0003340318692
6484	0.002305475386
6485	0.005800031301
6486	0.0001925976385
6487	0.003199483379
6488	0.004162491835
6489	0.00503325268
6490	0.0003878746594
6491	0.005713697759
6492	0.0002058583106
6493	0.003277525831
6494	0.001737734382
6495	0.006214771717
6496	8.222275301e-05
6497	0.0009697300307
6498	0.008196628995
6499	7.220708447e-06
6500	6.462306994e-05
6501	0.0005627354833
6502	0.002990209781
6503	0.01083132432
6504	1.989100817e-05
6505	1.989100817e-05
6506	0.0003274750227
6507	0.0005925506659
6508	0.002152280901
6509	0.002112230211
6510	0.00838497142
6511	0.0006842653469
6512	0.002062788308
6513	0.002108026649
6514	0.007509721412
6515	0.001573734424
6516	0.003654023925
6517	0.004289205982
6518	0.003899997226
6519	2.861035422e-05
6520	2.861035422e-05
6521	0.001046604054
6522	0.0005799226975
6523	0.002633675664
6524	0.004026851408
6525	0.0004900544959
6526	0.001391340012
6527	0.01917673808
6528	4.015481629e-05
6529	0.0003545458427
6530	0.008175098036
6531	0.004608052658
6532	0.0004316376123
6533	0.002568627599
6534	0.002493905349
6535	0.002987691639
6536	0.006013758469
6537	0.0007417346173
6538	0.004365147152
6539	0.000341808371
6540	0.004705700471
6541	0.0001739532767
6542	0.002906200597
6543	0.00115475798
6544	0.006010696825
6545	0.0007937135851
6546	0.006635710398
6547	0.00233623216
6548	0.0001994550409
6549	6.889191644e-05
6550	0.005724607147
6551	0.004343282439
6552	0.0006660762943
6553	0.00912732633
6554	0.006115961613
6555	0.001010922224
6556	0.003829801151
6557	0.003757972235
6558	0.003200767754
6559	0.007610752353
6560	0.001008923316
6561	0.002240970204
6562	0.0001792461399
6563	0.009684723186
6564	7.384196185e-05
6565	7.384196185e-05
6566	0.001131643502
6567	0.001148921206
6568	0.00495076173
6569	0.0006996268328
6570	0.004157306375
6571	0.006129234616
6572	0.0001027247956
6573	0.002164493743
6574	0.001523556893
6575	0.003788641348
6576	0.001585157436
6577	0.002758458664
6578	0.0001738419619
6579	3.923705722e-05
6580	0.001398660679
6581	0.005093921773
6582	0.006446969965
6583	0.001147825144
6584	0.002397559817
6585	0.0006364885894
6586	0.005829074082
6587	8.065395095e-05
6588	8.065395095e-05
6589	0.001835814117
6590	0.00230452909
6591	0.008351488962
6592	0.00690331901
6593	0.002122459951
6594	0.001471246823
6595	0.003666182369
6596	7.602179837e-05
6597	0.001594352543
6598	0.001408941352
6599	0.001073989938
6600	0.008560964309
6601	0.003033242447
6602	0.004709607505
6603	0.001499903846
6604	0.001639087579
6605	0.005594147384
6606	0.003502606109
6607	0.001586086616
6608	0.0075769183
6609	0.001671560319
6610	0.00218864156
6611	4.741144414e-05
6612	4.741144414e-05
6613	0.001012412915
6614	0.005954180691
6615	0.005622073034
6616	0.002877422308
6617	0.005182531531
6618	3.866699008e-05
6619	0.01213176463
6620	0.0002298365123
6621	0.001776751053
6622	0.002817336106
6623	0.0006682107175
6624	0.0004823783176
6625	0.001254867001
6626	6.403269755e-06
6627	0.004846156305
6628	0.003213886455
6629	0.0004568355148
6630	0.007574206255
6631	8.310626703e-05
6632	8.310626703e-05
6633	0.004008167312
6634	0.008390041775
6635	0.003189069863
6636	0.002430492585
6637	0.002974979984
6638	0.007715288454
6639	0.0003059945504
6640	0.0005329700272
6641	0.001981078343
6642	0.0009804282097
6643	0.0064567591
6644	0.0003612680574
6645	0.002960919418
6646	0.001272819153
6647	0.001227911612
6648	0.005439497201
6649	0.004345301231
6650	0.0001332425068
6651	0.0001332425068
6652	0.008389058517
6653	0.008661237978
6654	0.004811911279
6655	0.008196760195
6656	0.003857524579
6657	0.001697021472
6658	0.007779257244
6659	0.006411435948
6660	0.002779734665
6661	0.0003152169225
6662	0.004158833081
6663	0.006849256108
6664	0.002072129751
6665	0.005179633504
6666	0.00456762652
6667	0.002745263014
6668	0.0009643233169
6669	0.00164076664
6670	0.004370060974
6671	0.0006985302164
6672	0.00726260138
6673	0.004934139581
6674	3.172911041e-05
6675	0.004237333542
6676	0.003792301592
6677	0.0008241185271
6678	0.006710855793
6679	0.001781578543
6680	0.0004602789732
6681	0.006601852183
6682	0.003666143784
6683	0.0001488982848
6684	0.001592901452
6685	0.001394813901
6686	0.006029718036
6687	0.0001385329997
6688	0.0001416452809
6689	0.001612439124
6690	0.001956258286
6691	0.0002069562558
6692	0.01159812119
6693	0.003403508223
6694	0.002259050196
6695	0.0003232795204
6696	0.001962367067
6697	0.002019186209
6698	7.098092643e-05
6699	0.001936130645
6700	0.002552698738
6701	0.005890027471
6702	0.006321394621
6703	0.0008039998158
6704	0.004727929938
6705	3.133514986e-05
6706	0.00271855787
6707	0.01167097192
6708	0.003834407489
6709	0.005230929094
6710	0.002777457263
6711	0.00320612588
6712	0.0007794007553
6713	6.21253406e-05
6714	0.003258804751
6715	0.004906051971
6716	0.005317440305
6717	0.003014479516
6718	0.0004930517711
6719	0.001287353186
6720	0.004736085527
6721	0.001913600068
6722	0.001710589659
6723	0.0008093374737
6724	0.0001223433243
6725	0.0001223433243
6726	0.002808795121
6727	0.003821888155
6728	0.0008709809264
6729	0.003473125371
6730	0.0009591964113
6731	0.001329617132
6732	0.001194414778
6733	0.0002645408785
6734	0.002238018911
6735	0.0008573898253
6736	0.0006173461381
6737	0.00214208078
6738	0.006763832508
6739	0.00294475615
6740	0.000146866485
6741	0.003369558241
6742	0.0002951114168
6743	0.001446283875
6744	0.0009498856
6745	0.002368060922
6746	0.000113760218
6747	0.001562599335
6748	0.0004048723365
6749	0.0002356795021
6750	0.0009416477286
6751	0.0006188742198
6752	0.0006383394589
6753	0.00427391328
6754	0.005578250201
6755	0.003035853407
6756	0.002179708301
6757	0.007220119278
6758	0.0001201634877
6759	0.005329271332
6760	0.008544511114
6761	0.0009596693205
6762	0.004297513752
6763	0.006797497297
6764	0.006930570697
6765	0.009139713282
6766	0.001368078041
6767	0.001625576467
6768	0.005648558543
6769	0.0003259557911
6770	0.00124169848
6771	0.005961000896
6772	0.0001767802248
6773	9.246139873e-05
6774	0.004454655081
6775	0.006336969344
6776	0.002343225446
6777	0.002332747952
6778	0.01054166261
6779	0.005864388928
6780	0.004202831538
6781	0.008876774285
6782	0.007939428198
6783	0.00387893293
6784	0.006311649923
6785	0.004046958634
6786	0.002215562707
6787	0.005047419759
6788	0.0001064177412
6789	0.0008441055876
6790	0.0002820163488
6791	0.004045793738
6792	0.0016473069
6793	0.002968032133
6794	0.001700684486
6795	0.01090401323
6796	0.005628399843
6797	0.003228500019
6798	0.00117512159
6799	6.258975117e-05
6800	0.007417965899
6801	0.002616098839
6802	0.006145052165
6803	0.004688864327
6804	0.004529493988
6805	0.009079645861
6806	0.007325537187
6807	0.008746486417
6808	0.0007332049231
6809	5.081743869e-05
6810	0.00537290426
6811	0.003569037237
6812	0.001451546263
6813	0.002914301397
6814	0.0009388094093
6815	0.008154991697
6816	0.0001739782016
6817	0.00171410181
6818	0.008365347439
6819	0.0002064050536
6820	0.0004725840276
6821	8.664850136e-05
6822	8.664850136e-05
6823	0.003036960903
6824	0.00433868312
6825	0.009065642746
6826	0.003408662499
6827	0.001469591407
6828	0.001151856695
6829	0.0002181482989
6830	0.005326673577
6831	0.00528549152
6832	0.008173367422
6833	0.005122201279
6834	0.0001491825613
6835	0.01015043161
6836	0.0003299911315
6837	0.003177956979
6838	0.003239439368
6839	0.006972653748
6840	0.002669997278
6841	0.006278557966
6842	0.008845536637
6843	0.00114128579
6844	0.003932966938
6845	0.0004630790191
6846	0.001118644314
6847	0.0035865192
6848	0.005520729945
6849	0.001762922875
6850	0.0008339737551
6851	0.003331702821
6852	0.0003668857975
6853	0.0001464319928
6854	0.003465770811
6855	0.00664933585
6856	6.634877384e-05
6857	0.002754921158
6858	0.008408501257
6859	0.0002764280078
6860	0.001842069403
6861	0.0005908800177
6862	0.001239624236
6863	0.0003221713555
6864	0.001735572103
6865	0.001262787432
6866	0.001193803977
6867	0.008599982511
6868	0.00754186669
6869	0.01436928241
6870	0.0009453678474
6871	2.711171662e-05
6872	0.004727524357
6873	0.0001583106267
6874	0.006652802178
6875	0.001162713913
6876	0.002125053799
6877	0.0004186145282
6878	0.007393740149
6879	0.0004281554337
6880	0.005598865244
6881	0.00671003561
6882	0.0005795160087
6883	0.007445197018
6884	0.008328023832
6885	0.001525031614
6886	0.00538547695
6887	0.004290130011
6888	0.002305859247
6889	0.0002028383288
6890	0.003688809158
6891	0.006072906563
6892	0.002500871576
6893	0.0003933206817
6894	0.0002252994642
6895	0.004213333625
6896	0.0001079498982
6897	0.0004716182219
6898	0.000453284165
6899	0.004620165089
6900	0.0007377490927
6901	0.01081346209
6902	0.003339507692
6903	0.007823866044
6904	0.01460478667
6905	0.0007724120679
6906	0.00210041935
6907	0.0005798453412
6908	0.003514789675
6909	0.004883765529
6910	0.002374477322
6911	0.005745163325
6912	0.0009516447559
6913	0.0001171662125
6914	0.0009024666823
6915	0.001999578464
6916	0.004524042052
6917	0.002250119673
6918	0.005970398409
6919	0.0009073569482
6920	0.01009677842
6921	0.002214009597
6922	0.003540600426
6923	0.002439333061
6924	0.0001264305177
6925	0.0001264305177
6926	0.003778771838
6927	0.002951303236
6928	0.002410834336
6929	8.73167235e-05
6930	0
6931	0.0008595408892
6932	0.002570181424
6933	0.004842493656
6934	0.0008179439461
6935	0.001086124297
6936	0.0007084108779
6937	0.002632407214
6938	0.01028159362
6939	0.003261505392
6940	0.0001728882834
6941	8.964577657e-05
6942	8.964577657e-05
6943	0.0001070844687
6944	0.0002727622699
6945	0.003742582006
6946	0.001104827078
6947	0.002041880588
6948	0.003887239015
6949	0.00524836149
6950	0.008703939927
6951	0.0006284436225
6952	0.008595769814
6953	0.003321930567
6954	0.0003217211626
6955	0.006473929694
6956	0.0007424148801
6957	0.005979571312
6958	0.0002505819152
6959	0.002584636182
6960	0.002040303822
6961	0.0004965567235
6962	0.0003525885559
6963	0.006901038287
6964	0.009616818092
6965	0.0001112624886
6966	8.664850136e-05
6967	8.664850136e-05
6968	0.004495505079
6969	0.003903340123
6970	0.00713660957
6971	0.0002503738884
6972	0.0001102759334
6973	0.003015830393
6974	0.00362189495
6975	0.004198196166
6976	0.003512814471
6977	0.002907720051
6978	0.003536514916
6979	9.78941767e-05
6980	0.0007510561253
6981	0.002330659881
6982	0.0004695906948
6983	0.001783586919
6984	0.001520259993
6985	0.001715532833
6986	0.006233985504
6987	0.00423512233
6988	0.0002482995389
6989	0.002565483372
6990	0.003928439161
6991	0.004509565126
6992	0.0002760899182
6993	0.008243284235
6994	0.000205821393
6995	0.001236254549
6996	0.002643500572
6997	0.004328049408
6998	0.0001940702701
6999	0.005357600915
7000	0.0006930804374
7001	0.0002355188156
7002	3.337874659e-05
7003	0.002669339478
7004	0.001587025203
7005	0.007856741011
7006	0.005018103736
7007	0.0008833787466
7008	0.001516987291
7009	0.0001107947321
7010	0.006800770545
7011	0.002684926607
7012	0.005900785748
7013	0.0004202932034
7014	0.006136334498
7015	9.073569482e-05
7016	9.073569482e-05
7017	0.003603239028
7018	0.0002498637602
7019	0.003891348715
7020	0.006513934997
7021	0.0008537040973
7022	0.0032261783
7023	0.002002387822
7024	0.003037518711
7025	0.001809653991
7026	0.0001081743869
7027	0.0001081743869
7028	0.001456980259
7029	0.01005733756
7030	0.006895851266
7031	0.004597485621
7032	0.005379571518
7033	0.008424980742
7034	0.00042030523
7035	0.0001971616712
7036	0.0009745231608
7037	2.561307902e-05
7038	0.0001885331517
7039	0.002853600756
7040	0.004327739411
7041	0.00325679067
7042	0.003560001529
7043	0.001234465794
7044	0.003515535355
7045	0.001271662694
7046	0.0005390484918
7047	0.001444227907
7048	0.002286699786
7049	0.001156252255
7050	0.007840108821
7051	0.0004185540332
7052	0.003583727237
7053	0.005952243246
7054	0.001164104902
7055	0.007022415628
7056	0.001946713996
7057	0.003766078149
7058	7.220708447e-05
7059	7.220708447e-05
7060	0.004418669625
7061	0.001120882457
7062	0.005276648342
7063	5.725703906e-05
7064	0.0009880571366
7065	0.001597262531
7066	0.003936350206
7067	8.801089918e-05
7068	0.00291239782
7069	0.0002678474114
7070	0.000281304409
7071	0.0001359673025
7072	0.0003467917075
7073	0.005058727475
7074	0.00238710015
7075	0.005874923536
7076	0.001124988048
7077	0.004475050136
7078	0.005085463842
7079	0.001308168373
7080	0.001368147535
7081	0.01562331802
7082	0.0008796828808
7083	0.00179197048
7084	0.003201313619
7085	0.000473530046
7086	0.01615965298
7087	0.004197496904
7088	0.001241209669
7089	0.003832063971
7090	0.003062408399
7091	0.001254516815
7092	0.0005179207723
7093	9.377006177e-05
7094	0.0006413407702
7095	0.0003354491318
7096	0.004004368161
7097	0.008474946958
7098	0.003980070741
7099	0.002757168692
7100	6.948228883e-05
7101	6.948228883e-05
7102	0.0002683923706
7103	0.00160188453
7104	0.0004391042882
7105	0.0008835149864
7106	0.001213317492
7107	0.0003400874901
7108	0.00141312389
7109	0.001428235155
7110	0.003393430261
7111	0.0006005359658
7112	0.002856219802
7113	0.004397680484
7114	0.005154973387
7115	0.003722088079
7116	0.001860969361
7117	0.002901457143
7118	0.004576012466
7119	0.0004147568735
7120	0.0009155313352
7121	0.002456259769
7122	0.003416694631
7123	0.0001280653951
7124	1.553133515e-05
7125	0.0001035422343
7126	0.0001035422343
7127	0.000432602521
7128	0.002956743632
7129	0.001611232388
7130	0.001826761551
7131	0.001101095045
7132	0.001420556646
7133	0.003695665509
7134	6.049046322e-05
7135	6.049046322e-05
7136	0.002454476869
7137	0.003317936531
7138	3.174386921e-05
7139	0.001171263931
7140	0.005549879503
7141	0.004782167642
7142	0.0007470249108
7143	0.005362515438
7144	0.0008289863351
7145	4.559139399e-05
7146	0.0009184787406
7147	0.0002891689373
7148	0.0006942411812
7149	0.0006034576944
7150	0.00878223375
7151	0.001895005801
7152	0.001881381772
7153	0.000864331124
7154	0.0001589759543
7155	0.00800850628
7156	0.002569540977
7157	2.72479564e-07
7158	0.0001891863246
7159	0.004634332573
7160	0.001152086095
7161	0.0001954359673
7162	0.0006164396004
7163	0.004567773442
7164	0.00344936938
7165	0.0008869050829
7166	0.006246950499
7167	0.005729088488
7168	0.0008742506812
7169	0.0001258855586
7170	0.007578904219
7171	0.0002678576045
7172	0.002516824009
7173	0.0005755748127
7174	0.0001141689373
7175	0.0001141689373
7176	0.0001534059946
7177	0.005764630149
7178	0.00706153435
7179	0.001494038628
7180	0.00410745401
7181	0.003475580195
7182	0.0004684515051
7183	0.005734931991
7184	0.0004116030877
7185	8.0902438e-05
7186	0.0004678975861
7187	0.005295865692
7188	0.008211263763
7189	7.861035422e-05
7190	0.0006223358542
7191	0.001566466103
7192	8.868010881e-06
7193	0.001202805096
7194	0.006653302972
7195	0.005473987373
7196	0.0004376838013
7197	0.001390851373
7198	0.002232117465
7199	0.00616947612
7200	0.001280458293
7201	0.002004165706
7202	0.0005375567666
7203	0.00275430571
7204	0.002311741579
7205	0.001186912068
7206	0.001624531753
7207	0.003304644594
7208	0.003233545844
7209	0.001722715487
7210	2.982160207e-05
7211	0.000129972752
7212	0.000129972752
7213	0.001414684533
7214	0.005407097494
7215	0.005103564113
7216	0.01160709897
7217	0.0005224197221
7218	0.0003378122371
7219	0.001722217269
7220	0.001071932248
7221	0.004570203381
7222	0.007222467555
7223	0.002590485486
7224	0.003562812063
7225	0.002883931461
7226	0.001767663567
7227	0.0002723024523
7228	0.001429757418
7229	0.0009045823326
7230	0.005116122732
7231	0.00669440415
7232	0.0002539509537
7233	0.001793222757
7234	0.004599054951
7235	0.01093397009
7236	2.879809111e-05
7237	0.001199444656
7238	0.004521436335
7239	0.01051903474
7240	0.001285723033
7241	0.0004083388629
7242	0.002354789636
7243	0.003046752664
7244	0.0001158433967
7245	0.003363013874
7246	0.00177165003
7247	0.001800501243
7248	0.001812906877
7249	0.004722054968
7250	0.001019803456
7251	0.005433095598
7252	0.004700353293
7253	0.002222704649
7254	0.0003152658734
7255	0.008315671744
7256	0.0020082307
7257	0.004365857067
7258	0.002976774972
7259	0.005151113958
7260	0.002243996848
7261	0.0005511762858
7262	0.005341851307
7263	0.005021052422
7264	0.001029942216
7265	0.003682145823
7266	4.292401382e-06
7267	0.006217653205
7268	0.00071226973
7269	0.004844856749
7270	0.00298140618
7271	0.005858714743
7272	5.317762783e-05
7273	0.00266650989
7274	4.250681199e-05
7275	0.004436447704
7276	0.001965433139
7277	0.001039757984
7278	0.00032648816
7279	0.001207925869
7280	0.007268146114
7281	3.440054499e-05
7282	0.002052564312
7283	0.001417626569
7284	0.0004501239579
7285	0.005588991537
7286	0.0002265667575
7287	0.002509082151
7288	0.0005857644026
7289	0.002726277268
7290	0.002085431772
7291	0.0002266854558
7292	0.002094273007
7293	7.370572207e-05
7294	0.002267512843
7295	0.003128281264
7296	0.005921089788
7297	0.004873428311
7298	0.00346056072
7299	0.008399310065
7300	0.0001081743869
7301	0.005353684745
7302	0.005309850473
7303	0.004573734243
7304	0.0005634827315
7305	0.0004406052939
7306	0.002326208465
7307	0.005965882668
7308	0.003291683724
7309	0.001280387432
7310	0.003212523245
7311	6.702997275e-05
7312	6.702997275e-05
7313	0.003278353978
7314	0.001061486788
7315	0.002755922639
7316	0.0001023160763
7317	0.002879194223
7318	0.0009553587646
7319	0.00205332593
7320	0.002505558246
7321	0.001682548065
7322	0.001644553559
7323	0.0003825158946
7324	0.003259953727
7325	0.007745881076
7326	0.002667589243
7327	0.0001700614336
7328	0.001520980696
7329	0.002053623823
7330	0.007681375731
7331	0.005910944022
7332	0.003444610997
7333	2.384196185e-05
7334	0.0005631901043
7335	0.002528356318
7336	0.004945717111
7337	0.003858224598
7338	0.0001418256131
7339	0.0004389489674
7340	0.005282834716