node_id	error
3	0.002647159887
216	0.001227654361
377	0.002194025679
524	0.007409975545
564	0.002884894236
684	0.001049534568
735	0.001410408681
822	0.00288410616
966	0.0007501149815
993	0.002904042581
1024	0.006070393696
1109	0.001899655418
1127	0.007020065383
1143	0.001368390929
1335	0.0006895659312
1714	0.003818573147
1745	0.0001721092899
1857	0.0009513622684
1897	0.0004277844766
2033	0.003858530859
2194	0.02361392377
2223	0.003764373043
2497	0.009582686022
2601	0.001876898811
2734	0.001128790767
2786	0.00231983342
2887	0.003571038368
3060	0.001454249464
3099	0.00184655871
3142	0.005129860608
3150	0.002186483785
3257	1.249903226e-05
3335	0.002774293875
3400	0.001293226719
3409	0.003791751117
3492	0.002893671302
3783	0.004774610163
3939	0.003104587002
3948	0.0007057548759
3965	0.002217748632
3994	0.00210791555
4001	0.002042716264
4030	0.00234684292
4035	0.002270221763
4489	0.002083583895
4493	0.002758352697
4515	0.002687669437
4617	0.003628530505
4757	0.00606133908
5109	0.003725492973
5168	0.002960032367
5254	0.001338699343
5428	0.0002752295072
5488	0.004991409747
5561	0.003257417647
5711	0.0003690067332
5778	0.004464698422
5983	0.004114593721
6088	0.004433618249
6486	0.001023315347
6581	0.00319340125
6793	0.001416324804
6835	0.003677591025
6900	0.0001091374896
6944	0.004091863012
7073	0.007095690758
7162	0.002500202363
7201	0.002355210374
7449	0.003581282248
7562	0.002698270975
7597	0.005247133465
7700	0.001100232951
7748	0.00340107324
7838	0.005392609215
7910	0.003606746889
7959	0.00299265422
8030	0.003474379327
8101	0.006959843438
8109	0.005765505802
8313	0.002815635999
8431	0.004634155822
8465	0.00327144876
8502	0.003423713262
8560	0.01298070197
8561	6.655796152e-05
8668	0.01363110184
8729	0.000439463896
8761	0.003434129217
8918	0.003213212758
8958	0.001388076478
8981	0.002947643078
9042	0.001901997113
9045	0.002523025915
9078	0.0001315470853
9258	0.005052107551
9304	0.003637231395
9337	0.002573522677
9434	0.001197788917
9448	0.0002428603451
9459	0.005107735301
9535	0.003707050873
9546	0.000412213704
9656	0.001083022918
9873	0.001252353099
9881	0.001046285658
9895	0.001789969604
10050	0.003154334271
10073	0.002569875399
10168	0.002538363283
10178	0.001347540656
10200	0.001080338065
10261	0.005207254835
10288	0.003296129639
10333	0.001191416382
10354	0.0131960678
10408	0.005386339604
10463	0.000175007214
10497	0.004036816902
10664	0.003890470298
10827	0.003650068428
10971	0.004035796808
11039	0.003439038917
11071	0.004101221616
11093	0.003913761904
11097	0.003783485488
11116	0.004076960499
11454	0.001227654637
11472	0.005543847277
11503	0.001607217859
11542	0.003277190107
11809	0.001483159675
11858	0.0003422222568
11931	0.00730054632
11939	0.003896886064
11995	0.001266820661
12071	0.004480901573
12190	0.0134276251
12232	0.0007875818408
12246	0.001233322904
12255	0.003425024012
12325	0.002774481828
12401	0.009299826364
12476	0.0002799863371
12843	0.009429740274
12892	0.001792219226
12932	0.0002721108302
12949	0.002386390415
12967	0.001992846506
13009	0.003735367795
13154	0.009631237308
13168	0.001245767779
13214	0.006642587774
13261	0.001086680866
13370	0.0008991418805
13420	0.0002315538421
13430	0.006355794254
13582	0.002001245568
13742	0.001359303477
13801	0.001615279529
14041	0.002066860965
14105	0.005240376287
14115	0.0008941844985
14119	0.002083957074
14169	0.006014451555
14170	0.008579890905
14311	0.00233407938
14397	0.002097917875
14486	5.351751395e-05
14509	0.0005628833496
14551	0.01083341396
14891	0.0007777010126
14928	0.003762224539
14966	0.001495714688
15062	0.001802563328
15098	0.006069399626
15176	0.002648021222
15196	0.004914841206
15221	0.002965608994
15233	0.0006079961642
15288	0.001404750072
15322	0.004255627174
15580	0.01216609138
15743	0.00133916436
15975	0.003101043219
16026	0.0005201951166
16034	0.002174315047
16039	0.003465821199
16098	0.003000198285
16522	0.005108562471
16529	0.007377993822
16622	0.002482889448
16728	0.0002369675657
16803	0.004146318752
16822	0.002154992653
16823	0.007315601873
16988	0.001973482604
16991	0.005771625829
17143	0.00182580593
17356	0.0004182207054
17488	0.002587579781
17559	0.002208063773
17862	0.00833981569
17973	0.004789972693
17992	0.003517892375
18043	0.003028162188
18341	0.002875385696
18414	0.004945448707
18488	0.003076030075
18544	0.002331359927
18611	0.001860677411
18801	0.003384791485
18873	0.002614930115
18972	0.002611540998
19103	0.003531518676
19109	0.004831314058
19125	0.002812684923
19234	0.006831356327
19248	0.003823894179
19269	0.003602437914
19302	0.007720703585
19465	0.003094479218
19574	0.002184542083
19709	0.0001920086834
19736	0.002963652131
19841	0.0003351068259
20174	0.002664154411
20189	0.002803076328
20257	0.004239995741
20325	0.0004484812203
20436	0.003010454521
20455	0.0004804330168
20497	0.000442143925
20612	0.002643853395
20636	0.002930522518
20727	0.002331287062
20761	0.007110763462
21040	0.004287189182
21073	0.0006861870989
21467	0.002646918475
21632	0.001756459542
21680	0.003353771311
21694	0.002667643077
21698	0.001397078921
21903	0.004323326821
22009	0.001106420385
22046	0.005120688862
22378	0.001625109928
22468	0.004100949383
22538	0.004509240773
22547	0.002390571626
22591	0.002338880806
22652	0.0042551312
22663	0.001564828472
22674	0.02097845093
22809	0.005162899042
22861	0.003040723355
22864	0.0004292471665
23054	0.002925337877
23084	6.629728331e-05
23264	0.0005092864304
23298	0.001858648839
23302	0.001511413739
23429	0.00828085253
23549	0.001043514388
23666	0.002644974499
23693	0.006729098286
23756	0.003042325685
23757	0.002597707421
23796	0.006127112533
24102	0.00208381989
24107	0.00208910284
24195	0.003825539943
24233	0.001422763827
24240	0.002956275134
24255	0.004580811199
24334	0.001971204518
24516	0.005322414168
24517	0.003725167254
24580	0.003136343815
24630	0.003017722081
24835	0.001635423926
24860	0.001659672536
24875	0.0007809446515
25326	4.18767426e-05
25391	0.002409697882
25606	0.002504638874
25666	0.001359421514
25767	0.007579849021
25818	0.005030292615
25922	0.002945456688
25975	0.003096995921
26045	0.004492557126
26317	0.001498583929
26400	0.00549948637
26443	0.004070922159
26477	0.0006668334773
26518	0.003316370777
26622	0.00218951657
26673	0.002781193272
26710	0.002077582429
26735	0.003154559089
26935	0.003987074688
26970	0.00499918309
27560	0.01590144557
27692	0.0005645093263
28069	0.004667345402
28196	0.002081264776
28368	0.0006048826346
28376	0.002354027663
28514	0.02878575104
28566	0.001475177335
28624	0.002854834624
28681	0.004326756271
28980	0.003437370583
29012	0.0004637564863
29018	0.0003074194165
29105	0.0007776505592
29302	0.004064889581
29573	0.003282418451
29668	0.002570604022
29794	0.006500598153
30019	0.004807708527
30072	0.004216540571
30074	0.002512767248
30126	0.00385295198
30154	0.003317505779
30402	0.005670030282
30536	0.003629157265
30552	0.0006644665411
30615	0.003291420994
30817	0.007120022001
31039	0.001765131699
31178	0.0004172935873
31201	0.009509162584
31414	0.001347215943
31512	0.001096668518
31656	0.001588367627
31844	0.002410880023
32055	0.003871785561
32130	0.009629073785
32146	0.003416431938
32194	0.003420865806
32245	0.005172571054
32279	0.007833601074
32377	0.0008049995928
32489	0.004872822909
32502	0.003969869431
32504	0.001003939332
32520	0.002521100338
32548	0.001787225504
32638	0.002369254569
32688	0.001641399279
32865	0.005188163594
32952	0.002277248145
33031	0.005092149588
33140	0.001020946984
33150	0.00242521705
33167	0.003768519023
33190	0.005698436161
33247	0.004700408748
33339	0.001097412163
33487	0.002074257123
33493	0.00595461612
33630	0.006252053824
33694	0.0162478168
33721	0.01659758332
33776	0.03456703503
33872	0.003478667846
33915	0.001484445766
34063	0.002589889621
34206	0.000542099624
34341	0.0008349342612
34464	0.004275569921
34760	0.002826092906
34798	0.004512367504
34926	0.007437091219
35041	0.0002799940131
35147	0.004142482055
35151	0.00355373072
35247	0.004079322201
35405	0.001228819764
35500	0.001238014622
35690	0.000136444119
35725	0.001560965069
35845	0.004892471941
35847	0.003299321247
35911	0.001888526943
36000	0.004684818741
36304	0.008381276136
36355	0.002482323869
36405	0.001913550853
36408	0.003209397599
36437	0.00759146404
36522	0.002450951881
36658	0.00313328455
36702	0.004208476575
36761	0.001478310345
37039	0.00221383222
37044	0.003409464416
37066	0.004250609927
37202	0.002486347126
37267	0.01000642453
37331	0.0004603172757
37445	0.003465382654
37496	0.002301965309
37580	0.003940432656
37621	0.0003808426466
37628	0.002349069054
37689	0.003904722637
37860	0.00218554864
37922	0.0004946357945
38028	0.0007713138218
38063	0.001309917262
38072	0.004930552371
38416	0.002871172236
38418	0.002401712853
38463	0.003628281485
38531	0.002487675956
38642	0.0007473206759
38674	0.00588071297
38749	0.00788434113
38771	0.002459829963
38810	0.004250349154
38934	0.004254336072
38950	0.006509929178
38978	0.003701026686
39235	0.003157740613
39429	0.001589610257
39433	0.0004976532603
39542	0.002751311133
39629	0.005017388954
39649	0.004732151821
39707	0.002415281857
39728	0.003962945431
39735	0.002792014995
39871	0.003203961222
39979	0.004051452641
40027	0.004508930576
40082	0.002644806727
40482	0.0009851777112
40680	0.001887137787
40716	0.002079190369
40819	0.002806051449
40989	0.008731353259
41117	0.003297153587
41143	0.002981767903
41267	0.003005830803
41327	0.003493469245
41430	0.001581311505
41494	0.0008876880772
41798	0.005235709806
41823	0.001566005639
41836	0.001865507192
41846	0.005098935247
41881	0.0003937595933
41968	0.0008662064039
42099	0.003943182895
42124	0.001747581293
42384	0.006155438417
42404	0.003759641304
42416	3.271844208e-05
42483	0.005000856792
42548	0.001310962345
42654	0.004086701637
42830	0.004412714592
42846	0.001489924382
42919	0.002391815917
42951	0.001621662663
43031	0.004363540582
43049	0.00219049499
43063	0.003283033655
43246	0.0001999475665
43311	7.985627292e-05
43412	0.002067059163
43444	0.002282600783
43627	0.004871288017
43738	1.446320434e-05
43742	0.01354571329
43755	0.0009599095281
43785	0.002195613429
43941	1.144706631e-05
44082	0.005917957134
44110	3.074773877e-05
44141	0.000446869775
44206	0.003415511648
44211	0.003641682275
44226	0.01675535551
44228	0.001029576641
44278	0.001560228761
44430	0.007538923209
44582	0.0002812615513
44618	0.001837047921
45139	0.002916756287
45553	0.004042483683
45607	0.004210394598
45610	0.002212129166
45612	0.0008023267847
45643	0.01480612674
45696	0.002290722295
45792	0.002464944235
46013	0.0005325094249
46078	2.772482282e-05
46125	0.001866794829
46138	0.001760817729
46169	0.002493273864
46181	0.01493672028
46314	0.003059782835
46323	0.002118155685
46346	0.004486299622
46404	0.003358712763
46520	0.004965820259
46604	0.01086495578
46784	0.003488897118
46822	0.004452033247
46877	0.001100358891
46921	0.002290368774
47053	0.004888237046
47099	0.001793659611
47325	0.00143792406
47401	0.003440780351
47568	0.0009586425936
47597	0.006958513769
47632	0.0001097267467
47757	0.003871805002
47888	0.00243887344
47989	0.002378554297
47992	0.005471892079
48023	0.002898196432
48088	0.002401888127
48107	0.007836121797
48188	0.002192624068
48292	0.003714328244
48295	0.005750257053
48343	0.001779128556
48403	0.004197949054
48448	0.00149064504
48527	0.001671183814
48544	0.002326934868
48640	0.0007918056466
48718	0.0002018372341
48734	0.003945861598
48765	0.0004116825681
48907	0.0009895300698
48935	0.004040439555
48994	0.0008447057226
49009	0.004141252353
49210	0.0065010629
49550	0.002143676858
49665	0.03440133078
49780	0.00408757937
49785	0.01243254792
49787	0.01004185298
49803	0.003852772513
49844	0.002832585476
50359	0.002300295367
50435	0.004006879618
50503	0.002549787637
50546	0.0005138725131
50547	0.008750220216
50625	0.001783035537
50695	0.002070536837
50915	0.003855621348
50930	0.002026220215
51016	0.003813537272
51132	0.001614519264
51171	0.002317620393
51231	0.00178956129
51330	0.004228520914
51420	0.002131850468
51467	0.0008828325504
51492	0.006051492828
51507	0.0003592191137
51640	0.0008580838758
51764	0.01129335139
51778	0.004683117195
51876	0.001187523544
51991	0.0002523340047
52016	0.001256482865
52124	0.004348353891
52168	0.0007463997404
52390	0.009684433518
52428	0.004349957785
52469	0.003195125882
52504	0.001878567273
52522	0.003950066276
52579	0.001199480949
52965	0.002476242811
53156	0.003470550485
53260	0.0009878324529
53265	0.003970766268
53311	0.0001098799776
53334	0.0006780305367
53427	0.003194576977
53483	0.008558498777
53535	0.01029715213
53627	0.001444482443
53840	0.00270869612
53881	0.0007049801203
53920	0.00395014734
53930	0.001374867341
54162	0.0003638969424
54234	0.002741286316
54250	0.001799792885
54272	0.003444893183
54291	0.0003873630471
54445	0.003266956052
54552	0.002662573488
54688	0.0033529885
54750	0.002398675316
54881	0.003152847532
54910	0.003504772135
54912	0.00306894294
54967	0.002340716134
54986	0.003728291171
55025	0.007518829182
55168	0.004812291866
55485	0.01551731124
55541	0.00331240807
55632	0.002339472779
55655	0.004409482022
55749	0.006508326279
55805	0.002122560744
55840	0.002662577949
56188	0.002223556254
56246	0.00167377714
56324	0.006422521838
56385	0.003210833698
56457	0.002762537408
56635	0.001438755848
56801	0.005103809915
56806	0.003410896259
56992	0.006902752057
57172	0.007880315556
57488	0.002162622019
57504	0.002626932047
57548	0.002398738409
57591	0.002344651642
57835	0.006402811529
57849	0.002114816043
58052	0.0008845912625
58128	0.007246776093
58142	0.001880864531
58181	0.002742575269
58420	0.002281195745
58501	0.005091403215
58563	1.505061025e-06
58569	0.0009362345809
58607	0.0004904980017
58657	0.001428216125
58696	0.002775500453
58737	0.003935456092
58756	0.003984085267
58887	0.003940986062
58943	0.003608651207
59010	0.006879821514
59092	0.0009023754794
59137	0.007400013414
59235	0.002667880051
59345	0.003671279972
59367	0.007097677332
59377	0.001983762598
59388	0.005436038024
59451	0.00435183641
59586	0.001748367487
59591	0.001080527379
59628	0.002454617064
59721	0.005907943485
59754	0.00368290953
59862	0.01576432851
59905	0.002472294753
60134	0.003239168383
60164	0.004211334151
60167	0.01187560965
60191	0.00426011948
60203	0.007867200276
60264	0.005223784583
60410	4.698523376e-05
60573	0.001969888352
60737	0.001888359756
60767	0.0009312428763
60779	0.01842292123
60906	0.00042818385
61060	0.003507067482
61069	0.003691149283
61177	0.002877661417
61193	0.001875125161
61213	0.003783649339
61358	0.003152951005
61535	0.004299337919
61595	0.006405552695
61630	0.02799116652
61689	0.005257094153
61698	0.002098893347
61717	0.009898087783
61729	0.007654084315
61933	0.009708427948
62121	0.007358194107
62317	0.001426290363
62409	0.008853017878
62604	0.002626203608
63294	0.001654254227
63328	0.002888685328
63350	0.002776646852
63594	0.008286410066
63649	0.003750802439
63965	0.001301360645
63969	0.002206976908
64324	0.003070424824
64448	0.00399600034
64533	0.003189085292
64623	0.002902972813
64656	0.001764635415
64739	0.00347223895
64801	0.004302029956
65145	0.004603593948
65254	0.002732255521
65273	0.0001577812034
65293	0.002547812154
65522	0.002744947664
65590	0.002869926879
65633	0.00158147591
65744	0.003448071639
65822	0.001881083076
65832	0.0008985385132
66105	0.00112281163
66166	0.004499780271
66197	0.002518488095
66207	0.0007884542946
66555	0.004039011748
66602	0.00285870694
66645	0.009999717027
66768	0.002684363454
66923	0.004727610112
66926	0.001649152174
67012	0.001096101204
67191	0.00229318665
67389	0.001316506833
67396	0.003150572254
67426	0.004730368653
67449	0.004255170973
67611	0.003630902518
67630	0.002084980766
67673	0.003516842522
67674	0.004160824698
67690	0.01407769529
67735	0.0001363772903
67820	0.003107633638
67970	0.002989106035
67995	0.0007988985674
68406	0.003046909504
68436	0.00342661738
68442	0.007178635379
68616	0.003882600507
68627	0.0038472272
68953	0.003792712806
69015	0.0002445087602
69067	0.003363674755
69156	0.0002999959263
69177	0.003907964761
69210	0.002566455636
69245	0.005278440161
69247	0.01519998538
69277	0.0005830922089
69292	0.001475641955
69331	0.02043450483
69415	0.006868386357
69453	0.002420702676
69476	0.002818178796
69746	0.002944698692
69779	0.0008908415897
69823	0.001537793933
70078	0.001721891015
70200	0.00494587482
70273	0.001366394021
70653	0.007822480922
70703	0.003746415512
70710	0.0009978588402
70721	0.002852905447
70881	0.00105974891
71321	0.0008064543817
71503	0.002308197879
71664	0.001540807317
71665	0.004566818404
71667	0.003704005582
71842	0.00106695121
71904	0.003387833839
72025	0.002880538271
72101	0.001302199834
72152	0.01349900712
72202	0.004083553652
72299	0.003363576902
72508	0.001633104109
72523	0.002059425984
72632	0.002755944869
72791	0.005061035612
73126	0.0007859710468
73255	0.002715798226
73459	0.003715985848
73467	0.004001314469
73529	0.004188805147
73564	0.0006003091663
73631	0.002893381392
73792	0.002457415956
74129	0.001356050551
74178	0.004220466478
74207	0.002485270555
74333	0.006711272942
74673	0.005642229089
74828	0.001722672109
74830	0.001587679299
75001	0.003003973301
75019	0.001410597221
75044	0.002136222236
75064	0.001208499009
75134	0.00355866133
75156	0.002053387083
75164	0.001644332516
75316	0.007686536187
75351	0.00194407281
75366	0.007732418327
75393	0.002139894501
75473	0.0004696394834
75497	0.008941590376
75622	0.004054432037
75635	0.0002599797824
75642	0.0009645958776
75704	0.003169358421
75741	0.005351783636
75745	0.002714871616
75790	0.000564316618
75829	0.004008416826
75855	0.004291774593
75969	0.001582092538
75985	0.0004632037821
76008	0.0008116939361
76192	0.005297188612
76305	0.002669368457
76312	0.001759706286
76469	0.006739400547
76564	0.006505049695
76620	0.002392320764
76750	0.003387558869
76919	0.0001540340946
76977	0.002516327314
76982	0.0009441233696
77020	0.001646598796
77075	0.003617894085
77082	0.0009728979805
77087	0.003212859831
77132	0.002368767538
77176	0.004471792461
77250	0.001745981077
77381	0.007272745235
77489	0.003676783784
77608	0.005258146398
77642	0.004226388416
77719	0.005427196749
77838	0.004824974296
77876	0.003993383898
77928	0.002229680055
78005	0.003009895548
78109	0.004725747362
78132	0.001112871096
78551	0.00191832262
78570	0.0127150026
78591	0.0001695360162
78924	0.004773506722
78930	0.003107102201
79090	0.002840951463
79127	0.005426930791
79195	0.003716094539
79421	0.004496363972
79573	0.007358298131
79589	0.007118291731
79672	0.003773665028
79707	0.002834085365
79724	0.002106408501
79834	0.005633351107
79884	0.004307456996
79925	0.002387351778
80113	0.0003917676696
80177	0.005878580935
80240	0.003837404533
80278	0.005576342529
80297	0.004350468723
80439	0.003565940673
80469	0.002680347265
80533	0.001591183884
80718	0.003237919176
80720	0.006361345076
80744	0.006200090645
80769	0.003434052593
80794	0.00357688922
80931	0.0009720878026
80959	0.0004732025792
80978	0.005125142479
81090	0.00253241586
81148	0.003604371021
81218	0.003231622235
81224	0.01110571277
81332	0.000776501467
81353	0.0006427141249
81373	0.0004172961048
81426	1.160709832e-07
81444	0.009574757848
81470	0.003262425624
81477	0.001934426157
81552	0.002774956481
81658	0.000495463774
81756	0.000815644864
81774	0.003511276364
81851	0.003309365077
81879	0.002953610348
81955	0.0002428377784
81974	0.002554780418
82011	0.003739886699
82032	0.003539625766
82165	0.0004648465645
82242	0.01018614059
82272	0.004293127078
82302	0.005920952102
82405	0.002223814301
82422	0.002734195465
82507	0.003500952814
82541	0.003471854547
82566	0.01221529332
82655	0.00159610449
82657	0.000861438381
82787	0.002114713775
82815	0.003136961327
82894	0.002692652014
83048	0.001668017584
83057	0.002299043688
83133	0.002736642683
83238	6.739557126e-05
83318	0.0003982305834
83327	0.005474730034
83338	0.0008041245265
83485	0.002934501896
83512	0.00592663582
83517	0.02179904328
83715	0.00365208409
83790	0.004320804199
84063	0.001535535626
84307	0.004299502157
84530	0.003837303594
84738	0.002730417047
84743	0.00045619895
84900	0.002670101644
84963	0.003778891892
85078	0.001566870958
85131	0.003341773711
85140	0.001517083062
85209	0.001504541527
85317	0.001695652528
85436	0.0001912591255
85470	0.002532031335
85475	0.001279154135
85496	0.003278196905
85514	0.00298457405
85706	0.001489675191
85754	0.003799402478
85856	0.004368959136
85944	0.002994299609
85956	0.00304887129
86026	0.004225175494
86158	0.001582052152
86250	0.001541354168
86256	0.00184010867
86301	0.003128136889
86404	0.01148817243
86833	0.001667996614
86911	0.002649397972
87161	0.001243309769
87162	8.951321916e-05
87285	0.002329342512
87352	0.00564096951
87444	0.003677421991
87868	0.003496833776
87957	0.001600914569
88073	0.004146087032
88082	0.003110593124
88344	0.002552804568
88370	0.001674795971
88383	0.01079110942
88399	0.00195906638
88410	0.003440973087
88536	0.001191585071
88603	0.00119590486
88604	0.003587254504
88689	0.005259846629
88887	0.001513648131
89007	0.0051276645
89008	0.0040863312
89237	0.01024320966
89261	0.003512684314
89316	0.007974240593
89334	0.003889484012
89388	0.00333046826
89397	0.00150218174
89411	0.007143915815
89523	0.001859771862
89649	0.000283045075
89679	0.001798033394
89721	0.002505711713
89794	0.003349165963
89795	0.002814978804
89846	0.00487041783
89883	0.01576858239
89937	0.002892786347
90027	0.003486737493
90038	0.0001081097951
90060	0.002118569219
90063	0.002625354648
90163	0.0009082193307
90378	0.00471799321
90877	0.00194871384
90916	0.003273653924
91142	0.00433487574
91213	0.004444010507
91392	0.001076310493
91471	0.007020995227
91502	0.01159598907
91524	0.004058867554
91626	0.002071096202
91804	0.01607670985
91822	0.003287936948
92060	0.002488291379
92081	0.003402474809
92101	0.004977145048
92156	0.005259167921
92295	0.00242462952
92331	0.0008109644257
92507	0.007242279866
92573	0.002282255695
92574	0.0002011798694
92627	0.009939809255
92656	0.002957499528
92722	0.001487059234
92834	0.004039530321
92865	0.003244510738
93050	0.002786102129
93111	0.002850772103
93309	0.003334262143
93504	0.00408817885
93838	0.001297307449
93846	0.00120873225
93853	0.002639188416
93910	0.004773571388
93955	0.001446272562
94100	0.001494373479
94216	0.01165477425
94274	0.01067275805
94313	0.00207021606
94455	0.002142947211
94515	0.01316578108
94631	0.003669871479
94711	0.002464507118
94822	0.0003854053976
94926	0.003440537051
94977	0.004543489048
95048	0.002770974988
95082	0.002376020129
95103	0.005518147575
95106	0.004450420822
95114	0.004004746735
95141	0.002380745319
95172	0.002039330445
95226	0.002626258448
95402	0.006504237104
95421	0.003771261504
95728	0.006742148137
95908	0.005354158941
96120	0.001872344053
96311	0.001404540823
96428	0.007108357198
96465	0.00349009751
96600	0.002314955436
96753	0.002219619848
96870	0.005894376021
97071	0.001368088338
97097	0.00194967189
97197	0.001647380493
97206	0.006242617063
97220	0.003669823564
97291	0.0009453587261
97407	0.003504658052
97431	0.002606136474
97694	0.01181159732
97742	0.004347386987
97823	0.003686412915
97912	0.003519829745
97919	0.001736585503
98023	0.01712114029
98111	0.005518418523
98115	0.00279443728
98208	0.002636705879
98226	0.004122933823
98227	0.001614609716
98259	0.001103391205
98279	5.299116605e-06
98295	0.003708699846
98310	0.004194164609
98420	0.002030688734
98597	0.004435568496
98787	0.00815964118
98883	0.0006356586852
98955	0.0008299983564
98982	0.002198911501
98989	0.004335079291
98995	0.002712083216
99067	0.001267487269
99200	0.001563978261
99232	0.003036873153
99245	0.003331712145
99268	0.003297309091
99296	0.01693378743
99307	0.003157010269
99369	0.00294289528
99414	0.004708797557
99421	0.002407299258
99444	0.000271573692
99676	0.00133491102
99734	0.005055566872
99844	0.003745300732
99870	0.004146065076
99957	0.003206666244
100001	0.003488412574
100050	0.005758180084
100084	0.004502109047
100154	0.005006545824
100173	0.006630688604
100422	0.001417772512
100501	0.001204637115
100587	8.74737189e-06
100614	0.003251136102
100617	0.002908680255
100693	0.002503876981
100923	0.009100091896
101229	0.001751282528
101344	0.002905817617
101530	0.00101699977
101570	0.004091611923
101574	0.003141496111
101690	0.001137230127
101983	0.004247399167
102237	0.001778063113
102276	0.002994625116
102277	0.001410781414
102330	0.001114950591
102343	0.01553269662
102412	0.003793658925
102475	0.007853698712
102744	0.003288080766
102759	0.002065544165
102938	0.002040873099
102977	0.01187360048
103151	0.000357525169
103269	0.002241675387
103307	0.001693921656
103350	0.0007123668209
103424	0.00268209835
103689	0.005358704699
103966	0.0005380145955
104144	0.00276948597
104153	0.001836895402
104155	0.002803156266
104185	0.008242876175
104260	0.001160106205
104383	0.005609947625
104395	0.002640483101
104406	0.006904461403
104457	0.01589559256
104480	0.002346180149
104514	0.001832440921
104528	0.003358184317
104620	0.0002550461598
105059	0.007642954176
105090	0.004929332696
105150	0.002048116978
105595	0.01308315809
106047	0.0009238907508
106057	0.005613670995
106171	0.008731709562
106211	0.001683290628
106241	0.004600564688
106320	0.003108142619
106343	0.002746868802
106362	0.003879421536
106677	0.006937415271
106690	0.003422335788
106796	0.00185996955
106822	0.0002928480076
107121	0.001276516079
107173	0.0009276665267
107244	0.002459023357
107382	0.002715482376
107616	0.003134132178
107622	0.004664609017
107791	0.0004807337448
107933	0.002245935101
108049	0.002296323445
108106	0.0007250174942
108134	0.0002278415805
108152	0.008598560561
108196	0.002957651281
108283	0.00309484867
108310	0.0038700925
108385	1.832794343e-06
108400	0.001138003245
108533	0.002211707986
108823	0.02672124788
108888	0.006229433417
108951	0.007164103466
109134	0.002674479788
109164	0.003932935864
109216	0.01255542465
109268	0.003196954314
109327	0.003054219772
109340	0.0005527788511
109396	0.002374081698
109398	0.001766067082
109466	0.005233488904
109539	0.005573864109
109689	0.004100626692
109760	0.00263952227
109787	0.000896272843
109919	0.002924582904
109969	0.01136549017
109972	0.00565084439
110714	0.004145210751
110738	0.002283370992
110850	0.0003378931717
110866	0.003505292025
110998	0.00805147254
111071	0.003878297251
111139	0.003411610759
111286	0.002784042031
111545	0.001649584031
111548	0.003915751926
111585	0.001098932516
111684	0.001837134644
111837	0.002257880248
112026	0.004704168992
112081	0.001698841652
112086	0.003738946923
112098	0.002633850046
112227	0.001026014591
112310	0.003068438469
112444	0.0007036427676
112552	0.00193292229
112706	0.0008207924309
112799	0.00815414483
112806	0.008449622362
112989	1.260307803e-06
113008	0.004671968565
113050	0.006294583769
113265	0.002368561633
113329	0.001615717907
113365	0.001478677554
113535	0.001495809023
113616	0.001128370387
113621	0.00149954246
113641	0.001934821595
113658	0.002939804789
113778	0.004839858909
113885	0.01419284529
113947	0.00538639926
114122	0.003081170879
114153	0.006692343264
114534	0.009454337038
114577	0.0108916751
114631	0.0009547116562
114663	0.001486440921
114699	0.001155572132
114740	0.001959880957
114745	0.00339612032
114767	0.004250733523
114821	0.008441940172
114824	0.00230298526
115144	0.0003089151592
115206	0.0143453245
115229	0.003164961879
115242	0.001354039215
115518	0.006412635341
115562	0.003986711183
115593	0.001570390395
115599	0.002576748961
115665	0.004611101488
115678	0.003276342795
115865	0.004238139656
115912	0.0009827244398
115930	0.004333970803
115968	0.00118288336
116059	0.002848069112
116178	0.004696662414
116243	0.00619971146
116287	0.009941295282
116338	0.005802384182
116395	0.003418327759
116409	5.327778996e-05
116477	0.005793382019
116495	0.005052428133
116637	0.0006112783793
116650	0.002476175603
116691	0.002290630857
116726	0.00243813942
116860	0.00531582032
116913	0.003614311039
116933	0.006274075308
117061	0.001654433762
117102	0.006536435063
117118	0.004402671435
117125	0.00214637582
117294	0.004710413661
117313	0.003620695347
117325	0.0006084565299
117429	0.0002555539173
117431	0.002181529199
117539	0.002601057789
117586	0.001272871247
117611	0.001717786496
117708	0.004296262998
117900	0.00129732841
118243	0.001908545014
118341	0.0163884552
118360	0.003249390518
118692	3.432123964e-05
118705	0.0009841487695
118725	0.004419679599
118754	0.001850298198
118948	0.003603496502
119060	0.00359520801
119066	0.004024649709
119152	0.002839785844
119186	0.0002942475572
119297	0.0005240353726
119365	0.002442732221
119727	0.001629963243
119958	0.008435924788
120037	0.00462394659
120101	0.002116910459
120196	0.002825576015
120225	0.003794064572
120483	0.00409501363
120618	0.001527689274
120656	0.006092061627
120729	0.004341859637
120835	0.007364921664
120840	0.001619338273
120944	0.004039362266
120990	0.001090880112
121139	0.002868156853
121221	0.004504556941
121288	0.008798983383
121369	0.002595622291
121509	0.003478599798
121557	2.032989993e-05
121582	0.004129196234
121882	0.007636137987
121897	0.001195755001
121947	0.003245917
122019	0.003665083375
122035	0.000336837307
122093	0.004575100447
122311	0.0006826474244
122532	0.002543632159
122547	0.002313618632
122647	0.002977373081
122811	0.00359010405
122887	0.003093153977
122947	0.002884391339
123030	0.00294717569
123055	0.004976363792
123109	0.005171121524
123192	0.00229754994
123291	0.002272281095
123339	0.002754964543
123381	0.01041210312
123419	0.004593302166
123451	0.001186544313
123518	0.001866877156
123558	0.003014626607
123879	0.004664897491
123930	0.00547872396
123942	0.002449001649
124093	0.005141375689
124113	0.007582784575
124154	0.001872190556
124255	0.002398491898
124406	0.002015676365
124425	0.0002558911824
124474	0.003018295162
124489	0.01229114436
124646	0.002945375966
124685	0.01230818618
124702	0.001945028314
124738	1.750956174e-06
124745	0.008385390655
124800	8.485885442e-05
125099	0.001845939815
125124	0.02272921761
125188	0.00171641618
125254	0.001842775617
125346	0.00293463782
125394	0.002054113709
125400	0.003509939369
125463	0.003768767016
125478	0.0008870012643
125530	0.002978809899
125803	0.006833048597
125822	0.001773643336
125823	0.004772727088
125840	0.004142794334
125879	0.002188644739
125881	0.002688578999
125981	0.003560536469
125992	0.003570824083
125999	0.006313524129
126064	0.006774279623
126075	0.0006370454926
126087	0.009546047767
126143	0.0009732898506
126147	0.007968585183
126200	0.004282365662
126319	0.001166042305
126335	0.003768024885
126342	0.002762935097
126362	0.00378093752
126631	0.01898661497
126637	0.001623254077
126783	0.007477158169
126825	0.01169689187
126867	0.002214526656
127025	0.0009677919777
127035	0.001165841663
127104	0.007706056531
127114	0.001860704986
127188	0.004525789446
127190	0.003626144677
127223	0.0008185513552
127237	0.001776675054
127259	0.001877959213
127292	0.0001015874242
127306	0.004973239463
127504	0.004031505966
127532	0.001154152848
127568	0.004191575264
127605	0.00925182637
127646	0.007329957003
127718	0.001443748167
127857	0.003253990494
128126	0.0001149779773
128170	0.001917063181
128244	0.004915560984
128379	0.003206482808
128615	0.002455360706
128688	0.002706216613
128696	0.004371533668
128743	0.007253610201
128772	0.00802398641
128930	0.003937149698
128967	0.001786657756
129048	0.002666614316
129298	0.01055393605
129464	0.003986524774
129531	0.003902971533
129666	0.004853302202
129673	0.007486540757
129820	0.001106410644
129902	0.003286079631
129966	0.002927208376
130073	0.005498163258
130118	0.002669170733
130564	0.00382160078
130923	0.001792247812
130933	0.002641169963
130975	0.003796275099
131114	0.002314144656
131132	0.0009215218999
131134	0.003993593865
131262	0.001115526869
131418	0.001229210037
131498	0.004221205213
131504	0.002268385894
131604	0.00428392336
131675	0.002551569979
131733	0.004253317538
131783	0.01894222267
131969	0.000520237164
132165	0.002593047437
132221	0.002789715845
132223	0.003389312898
132359	0.008642934642
132380	0.0029707053
132434	0.01485799876
132481	0.001684013463
133001	0.005308878161
133023	0.002413546806
133128	0.003411835423
133196	0.01415839688
133485	0.005604219778
133529	0.002734046862
133691	0.003094508409
133828	0.01369083108
133870	0.002596434433
133927	0.001735103395
133992	0.01147558311
134009	0.003859105201
134021	0.005167718406
134063	0.00899668314
134071	0.002655078954
134180	0.003037548341
134279	0.006202606071
134382	0.002730727429
134433	0.0009098507229
134522	0.003695868565
134574	0.001368475244
134604	0.002229539857
134667	0.003890371412
134744	0.01188818097
134800	0.003080542287
134911	0.002503893105
135008	0.005923765236
135085	0.002589619349
135115	0.005271621288
135400	0.001626103482
135455	0.004439762445
135549	0.001622498816
135611	0.007584132723
135616	0.001088140685
135859	4.422144881e-05
135985	0.001680246905
136174	0.01674752009
136186	0.002908863994
136355	0.001485244806
136426	0.002554183944
136453	0.002017579909
136548	0.007739596155
136665	0.002346860075
136690	0.004753371402
136738	0.008364076947
136900	0.002520974531
137156	0.005670540862
137195	0.006525215396
137413	0.003069190775
137416	0.003703803065
137511	0.003524989115
137619	0.001909796579
137666	0.001009711017
137678	0.003375440222
137695	0.009039210722
138039	0.002732519507
138126	0.002172331695
138153	0.0007458694364
138162	0.003299868763
138176	0.001473189291
138231	0.01636289613
138513	0.000630695944
138521	0.006756067669
138664	0.0002237980834
138722	0.004027195565
138844	0.002762341552
138880	0.005441243529
138931	0.004349239175
139027	0.0008963435461
139063	0.0009816924482
139091	0.0008970606211
139258	0.01327123989
139302	0.002172130119
139382	0.004770387188
139507	0.001811808869
139514	0.003791747044
139550	0.002463981193
139566	0.002898278741
139590	0.01162605925
139622	0.0001628828211
139720	0.005326732257
139804	0.001427206576
139824	0.004773998068
139854	0.002904695824
139978	7.159786001e-05
139979	0.002985969626
140063	0.006297859441
140456	0.002240140018
140566	0.00284062724
140885	0.002632583654
141184	0.001596675209
141279	0.002285647436
141768	0.01474541912
141943	0.002720327267
142032	0.00255211319
142047	0.004480553901
142068	0.006432363524
142250	0.0005669110147
142385	0.002444674454
142393	0.002393017555
142440	0.001933795167
142706	0.002949595498
142963	0.00209327373
142994	0.004176592459
143104	0.0005256845376
143180	0.003994679011
143208	0.003624120892
143444	0.001465655401
143452	0.0008217818335
143512	0.001611965184
143521	0.005643520197
143919	0.003177735954
144148	0.00118533606
144378	0.002507440606
144380	0.001584443358
144525	0.005213603186
144581	0.003538961627
144584	0.002795841301
144645	0.002379115458
144706	0.001436313473
144717	0.01089031282
144802	0.002984589642
144806	0.0007423835775
144929	0.01931332783
144961	0.008167534837
144993	0.01158586054
145199	0.003776545019
145211	0.00433829143
145223	0.003614437184
145228	0.001937007906
145349	0.002699910566
145566	0.005738816425
145597	0.002883665887
145605	0.002763050509
145625	0.004053089825
145641	0.002854476237
145655	0.003542198788
145688	0.006381041169
145694	0.0003868304573
145721	0.001756457623
145815	0.002103325602
145932	0.002144261011
146104	0.003961593378
146136	0.002632445828
146311	0.00263546201
146347	0.002941959077
146422	0.005631473928
146508	0.002088199228
146589	0.003145876655
146698	0.003325219649
146751	0.002647503548
146840	0.01074469359
146844	0.005439172691
146905	0.003397997783
147068	0.005845085475
147091	0.002414110434
147129	6.51416011e-05
147325	0.005333168167
147353	0.0009683240587
147400	0.003661927741
147452	0.001753916383
147602	0.003729225334
147754	0.002448055952
147917	0.001456171001
147973	0.004420794366
148095	0.000452418701
148175	0.005117525652
148264	0.004342127854
148306	0.01794451689
148401	0.003307262138
148548	0.001334008216
148584	0.001573513599
148615	0.001209879507
148672	0.0009810334834
148687	0.009847952552
148939	0.002551498397
149039	0.00339655788
149130	0.0005455221202
149134	0.006207164907
149172	0.003829412702
149223	0.006685783267
149230	0.01456649599
149533	0.003056578647
149589	0.002304747805
149626	0.001198805264
149709	0.0008181916507
149760	0.005832912033
149830	0.002816343541
149950	0.003361540419
150014	0.003016655314
150061	0.0005391245447
150187	0.009727428774
150271	0.005266698378
150274	0.005062025639
150484	0.01430496352
150551	0.001835526086
150645	0.009259249972
150652	0.007795047513
150654	0.01198540453
150674	0.005159199383
150708	0.003206052062
150736	0.0006614287256
150757	8.993909753e-05
150791	0.001025250705
151092	0.0002239622842
151185	0.003246435825
151275	0.0002106004558
151546	0.002652689889
151587	0.00432511259
151723	0.003822176766
151732	0.004126187348
151786	0.003059808022
151900	0.002771956459
151923	0.000350146519
151975	0.001012639344
152122	0.00774801259
152168	0.003557633428
152265	0.003107374032
152334	0.0001586846858
152340	0.003673434418
152348	0.003535225907
152432	0.004677716518
152449	0.001463929571
152764	0.004630029845
152785	0.003025155835
152834	0.0005190460142
152853	0.0005466366161
153177	0.003015283868
153199	0.003117963337
153423	0.0006914747341
153460	0.0008572260207
153604	0.0009423457347
153732	0.004998085227
153848	0.003375398265
153870	0.003008965287
153936	0.007531418943
154018	0.0007199609942
154044	0.003483678741
154067	0.005744617708
154068	0.005793519308
154132	0.001680316588
154143	0.003052061905
154190	0.001714632371
154346	0.000163912134
154363	0.002856154797
154527	0.003145797292
154681	0.002523615376
154760	0.00222010759
154892	0.004999758029
154903	0.007015363527
154984	0.002045862292
155070	0.0003934436897
155110	0.0005336519755
155132	0.005986959082
155228	0.002344709546
155231	0.007108843595
155267	0.001423937553
155443	0.003038761601
155671	0.004769985278
155694	0.005135371077
155885	0.001314301253
156127	0.001430639075
156293	0.004428848199
156314	0.003670928939
156340	0.001696315675
156354	0.004035726814
156631	0.002034758876
156667	0.00364783638
156674	0.01056453312
156706	0.001278082799
156784	0.002266816528
157014	0.00611253874
157136	0.01722237751
157414	0.001789179282
157416	0.0006900715083
157481	0.002211068822
157482	0.00210883416
157620	0.001816838749
157641	0.002818127757
157710	0.002702337017
157790	0.00634198288
157843	0.003526795181
157864	0.01529545468
157950	0.003910154129
157989	0.001772093813
158062	0.002812047643
158211	0.001089507218
158401	0.0001476135928
158476	0.003639221735
158479	0.004380813723
158570	0.0003800659443
158664	0.00835654337
158759	0.001571812594
158794	0.001779262341
158849	0.007305400925
158895	0.003194506676
159093	0.008538070446
159107	0.001811627479
159121	0.00181370615
159212	0.004140717294
159299	0.005637266506
159320	0.0004002946617
159555	0.03223903981
159648	0.006336402149
159683	0.001604393339
159704	0.003659229964
159711	0.001241203362
159891	0.006382144684
159893	0.002774323041
160014	0.005540087478
160060	0.003616654518
160154	0.003839168349
160321	0.004097539409
160430	0.003437664591
160432	0.003098903479
160507	0.005434674691
160606	0.002456730393
160704	0.001712023538
160735	0.001746653008
160850	0.0007986172628
160886	0.0005369582108
160918	0.0004745140226
160970	0.00176910869
161061	0.002386089237
161063	0.001414859116
161149	0.003287060359
161151	0.0002815166482
161169	0.0001104963223
161204	0.003014229027
161237	0.006388205947
161294	0.004441838123
161318	0.0006517392216
161360	0.004190477953
161556	0.0003344358483
161615	0.004037889761
161748	0.00324141602
161982	0.002382100037
162191	0.004289959332
162268	0.00234712718
162278	0.0011188635
162445	7.73392162e-06
162530	0.000353108017
162653	0.0004065501522
162681	0.002990987775
162715	0.001614278156
162725	0.003122299125
162821	0.002912968008
162929	0.002127203789
163121	0.001917496042
163129	0.0003714635175
163154	0.006832588604
163229	0.0007795565333
163365	0.0008113685835
163454	0.00351799316
163603	0.003187607144
163715	0.002996263154
163792	0.004102327799
163858	0.0023529526
163869	0.003234066949
163944	0.004679298768
164069	0.001105311939
164147	0.009744699193
164205	0.004352856278
164286	0.002274899986
164337	0.004187988904
164455	0.002290768994
164512	0.003618833924
164517	0.0009005723726
164532	0.01741247481
164567	0.001154520266
164610	0.002475033738
164685	0.001032650588
164717	0.005544515069
164765	0.00232194446
164933	0.002205434742
164981	0.002680033731
165140	0.01498777686
165258	0.02975382122
165305	0.001347972841
165356	0.001112489859
165387	0.006911831818
165464	0.002971417777
165473	0.0006444872177
165479	0.008178537338
165509	0.0001411610786
165604	0.003446695194
165673	0.01992625806
165690	0.002618345595
165747	0.005817089029
165810	0.00363922201
166010	0.0003496093766
166060	3.699219913e-05
166131	0.01199891039
166196	0.003103987273
166491	0.003878048382
166499	0.0002810218724
166508	0.003032267188
166554	0.0008975567463
166594	0.000941687426
166675	0.002523020434
166761	0.00321340218
167012	0.007022000437
167659	0.00397298275
167733	0.002253076102
167899	0.004971062836
167983	0.003116075604
168053	0.001210416163
168224	0.0001015434693
168256	0.009153420131
168274	0.002706457256
168279	0.0022002079
168329	0.004646051421
168454	0.0008665612452
168529	0.003386950557
168717	6.447859082e-05
168776	0.006044610978
168816	0.005471646215
168830	0.003364934618
168969	0.01152153515
169003	0.004578739153
169130	0.003184326042
169171	0.003302294361
169282	0.002911039797
169340	0.001218621249
169492	0.003647197825
169650	0.003250645106
169715	0.008324723817
169771	0.0002666989691
169821	0.003153781179
169823	0.00536540819
170051	0.002101723893
170208	0.000425496134
170305	0.007779146473
170315	0.001166340906
170362	0.002756321246
170426	0.005899923892
170633	0.002680535723
170828	0.002582759946
170857	0.003202331798
170878	0.005624944663
170958	0.008452731298
170959	0.002997256834
170977	0.007389014929
171000	0.002708990425
171029	0.009003247159
171309	0.0002963118468
171492	0.005805855775
171549	0.004775343191
171798	0.0004513078474
171846	0.002349141416
171960	0.0005898258413
172012	0.00359732494
172073	0.001014321286
172103	0.00306650459
172228	0.001778269696
172276	0.007965940563
172290	0.003718036473
172477	0.0007944993905
172616	0.00216666607
172733	0.002688062743
172768	0.005003977446
172808	0.003777255525
172820	0.002645876076
172901	0.002993583371
173005	0.001650754775
173074	0.0008662468179
173175	0.002869121375
173231	0.003908185094
173237	0.001842939523
173317	0.004584025857
173320	0.002962579175
173334	0.003930768206
173380	0.003653501116
173483	0.00114233015
173561	0.002560390549
173563	0.002723335745
173602	0.003121831327
173762	0.00367733639
173855	0.002488681703
173913	0.006337843589
174108	0.00351728619
174207	0.0003932378041
174388	0.002047355945
174608	0.0056369575
174653	0.004637999792
174683	0.003595612786
174746	0.003954111068
174871	4.540662504e-05
174916	0.001388009244
174973	8.429712051e-06
175052	0.02037345187
175084	0.0009252684574
175148	0.003350431201
175197	0.008889798171
175241	0.0006184896169
175521	0.001764744461
175545	0.002733058057
175586	0.0003489503036
175598	0.0003327203424
175692	0.006088986709
175797	0.004282927129
175854	0.003621667086
175917	0.00297878486
175970	0.0178915336
176006	4.044708763e-06
176127	0.002829046965
176223	0.001290141222
176301	0.00313687658
176359	0.006795308591
176559	0.001753490765
176717	0.003521978819
176780	0.00056879717
176782	0.001425618051
176795	0.001877918057
177194	0.004719503577
177423	0.0001500954319
177449	0.006095739082
177490	0.004546402377
177538	0.006920637326
177793	0.01027405434
177860	0.004666139137
177897	0.0015871393
177957	0.001435645984
177981	0.01035917428
178007	0.00400843103
178042	0.003750104946
178210	0.000483003796
178264	0.004602272279
178343	0.01423081327
178395	0.002319353831
178534	0.0007681273166
178588	0.002049426565
178627	0.001052330328
178718	0.004238933688
178805	0.0041463772
179030	0.001537313083
179096	0.00220521772
179297	0.0006587018497
179513	0.008913740608
179681	0.002861013043
179792	0.01157572246
179825	0.005249495208
179837	0.007619076279
179959	0.004506171137
180080	0.004323588556
180137	0.007049092585
180240	0.0007930257152
180378	0.003267277186
180700	0.006875978806
180794	0.01180090471
180941	0.0002304919505
181049	0.0008795311439
181078	0.002162499388
181098	0.001637954718
181172	0.01627178905
181222	0.00919681688
181224	0.002917990328
181234	0.002479121178
181265	0.002419359025
181412	0.002133785944
181472	0.003668741757
181525	0.007206586965
181626	0.002767780909
181667	0.004477635142
181734	0.006301590454
181863	0.001335235312
181913	0.002695623535
182204	0.001657428851
182617	0.003840518239
182618	0.003672194079
182692	0.003232615493
182757	0.0005554536861
183010	0.004691886783
183015	0.007200164254
183028	0.004339499264
183247	0.001758467452
183542	0.00500909953
183644	0.002708178223
183657	0.0001636455842
183671	0.001393616368
183940	0.006691887202
183992	0.0252589124
184229	0.003671956127
184235	0.0006544477975
184525	0.01289986958
184560	0.04330384881
184567	0.006048392678
184611	0.001105274396
184802	0.002927649999
185046	0.00441337159
185052	0.002560092849
185133	0.004491455337
185388	0.002466592881
185453	0.005064618935
185471	0.0006125570782
185549	0.01395312594
185696	0.004916283926
185768	0.00387999651
185842	0.00330750886
186038	0.002978056054
186050	0.01236965342
186226	0.002537195155
186287	0.002677848709
186480	0.007734353331
186542	0.001876412675
186689	0.005088501088
186809	0.0006362737777
186933	0.0007436887074
187076	0.005808203452
187114	0.001600226405
187131	0.01783131669
187195	0.005012712872
187444	0.002696360378
187464	0.002776715956
187509	0.001907048933
187520	0.003606693642
187558	0.002208138029
187611	0.002923993748
187684	0.005046546739
187723	0.00681594248
187831	0.004991054117
187850	0.00477447802
187858	0.006257290907
187861	0.002362675826
187879	0.0002445507725
187904	0.001059504008
187945	0.0006787484309
187957	0.00209732293
187994	0.01304852941
188000	0.002466894407
188008	0.005949700594
188125	0.003889473197
188127	0.00383442178
188211	0.002818177259
188315	0.003257770226
188316	0.005156706843
188496	0.005115083573
188567	0.001430471839
188620	0.005285856596
188843	0.002031031693
188856	0.001031609787
188985	0.002223728153
189205	0.003982693411
189357	0.002655843224
189372	0.0007848376445
189506	0.003528184629
189544	0.003779590779
189545	0.007374445226
189655	0.009579807346
189694	0.002913513679
189785	0.002020288108
189788	0.006086367504
189818	0.001314110189
189824	0.00707610115
189990	0.004357332913
190020	0.002505967405
190023	0.001440973135
190060	0.001181100129
190069	0.0008499850991
190263	0.00369148986
190330	0.001769418892
190340	0.0007071720598
190360	0.001808920688
190410	0.001979515915
190713	0.003484114948
190840	0.008456350755
190876	0.0004775336802
190937	0.003817937732
191003	0.003320159216
191050	0.003324545505
191208	0.002820550736
191453	0.003890092908
191456	0.002504529647
191522	0.001637118003
191919	0.005452990994
191925	6.810408916e-05
192052	0.00186253432
192199	0.001098448346
192224	0.0005364107677
192305	0.003921474636
192360	0.001405483741
192410	0.003371280607
192616	0.00228630077
192760	0.00107205595
192795	0.003054123425
192955	0.002491266235
192957	0.005039279413
193015	0.008282030501
193044	0.01012566783
193241	0.001396364427
193261	0.005113769684
193277	0.0038420998
193289	0.003771677491
193436	0.00212882395
193452	0.00167332973
193550	0.003087687337
193674	0.0009362887013
193914	0.001593728825
193959	0.00247387285
194007	0.002613053267
194201	0.003190277615
194217	0.01498669121
194515	0.003463810738
194563	0.0139582809
194680	0.004095004588
194782	0.00293736784
194839	0.003108384006
194917	0.002096419179
195042	0.003697143785
195132	0.005583241704
195215	0.004276731945
195242	0.002412281147
195358	0.0003233988413
195460	0.003522220792
195486	0.001488940681
195567	0.002434585415
195572	0.0033614029
195692	0.001977249325
195809	0.003862114211
195929	0.005618990302
195957	0.0003387251491
195965	0.0001531103532
196042	0.0004873802054
196264	0.00317842624
196275	0.001563523376
196305	0.0003604907508
196308	0.005902309031
196403	0.002240787122
196407	0.0009048771091
196883	0.004147591752
196889	0.003017035821
196923	0.002589345403
196928	0.003582698075
197072	0.00172837751
197200	9.502000899e-05
197217	0.005332984015
197354	0.002950768915
197432	0.01807422208
197600	0.003684617493
197648	0.001433439002
197689	0.0008698859277
197703	0.004544831368
197777	0.006841226948
197816	0.0003443134093
197936	0.0003841483043
197960	0.003319230923
198054	0.002765895091
198103	0.002228279786
198227	0.002662225856
198300	3.696374029e-05
198310	0.003509320154
198442	0.001653555271
198510	0.001567471933
198549	0.002778406535
198613	0.00154564605
198742	0.0003649142902
198770	0.0003136226512
198771	0.0006514983861
198867	0.002487783574
198877	0.003285402936
198937	0.001303115137
198946	0.003816296877
199006	0.005922663963
199042	0.003373232489
199128	0.003234762563
199135	0.004179047614
199164	0.0003120537465
199275	0.0002528678746
199375	0.02310684483
199389	0.003418320389
199479	0.002217282664
199791	0.006501003103
199941	0.01075326036
200281	0.003283977378
200305	0.002522407398
200457	4.222299273e-05
200519	0.002522635747
200606	0.004998104511
200684	0.003314726793
200946	0.002920833227
201028	0.003965996836
201361	0.001666908964
201374	0.0003451908648
201515	0.002190245948
201528	0.0052864702
201987	0.002261945181
202019	0.009920792747
202183	0.003533660289
202820	0.001596132865
202853	0.00202263669
203045	0.002582212315
203078	0.01135309837
203169	3.907115678e-05
203253	0.0001390416614
203538	0.002950717912
203539	0.002327064679
203576	0.001149416106
203738	0.004499093743
203795	0.001543915965
203802	0.002087210474
203909	0.003367018423
204030	0.004127363885
204238	0.004775064712
204370	0.0007540047857
204666	0.001684232505
204806	0.0007165292542
204954	0.004192250544
204968	0.004719680098
205022	0.00363526584
205083	0.002720422048
205110	0.001320092715
205200	0.009126534638
205258	0.003728703685
205281	0.004490597953
205299	0.001545696598
205352	0.004099933942
205361	0.0059413032
205450	0.001778878087
205553	0.001701925722
205752	0.003588000428
205875	0.006174567622
205897	0.009014129363
206004	0.001407760508
206076	0.0005157713995
206120	0.0220567146
206145	0.006113138011
206223	0.003209347348
206273	0.005550162977
206330	0.001089423652
206353	0.004136498578
206510	0.002561846184
206605	0.001947705525
206629	0.0008012839461
206660	0.004144931391
206971	0.01126925008
207008	0.002913623054
207032	0.002693713635
207147	0.0006436140545
207151	0.02355746134
207165	0.002599988338
207259	0.003713133441
207268	0.00690279101
207372	0.00222030319
207502	0.005112308528
207572	0.004597340517
207604	0.00231976478
207671	0.003916361343
207679	0.005850588637
207813	0.002923861001
208052	0.01118068129
208083	0.01283770108
208097	0.002553297312
208181	0.0009156661163
208258	0.003058567133
208364	0.002740762861
208472	0.008084318577
208479	0.0023804138
208652	0.003861298153
208742	0.001900439622
208753	0.003190204111
208951	0.001199485997
208963	0.01119337178
208968	0.0005582720436
209024	0.002444883836
209190	0.003565391942
209319	0.006446788285
209346	0.001218577189
209366	0.004948334113
209463	5.612918402e-06
209482	0.001826268406
209518	1.230960255e-05
209695	0.002542078464
209899	0.002512022688
209912	0.003487401546
210006	0.003463635367
210010	0.004184410263
210302	0.0003576464236
210535	0.005687349841
210942	0.005697094013
211353	0.002419382428
211612	0.005539340372
211675	0.004259974439
211681	0.01927256865
211775	6.824161368e-06
211794	0.001788457994
211935	0.00316862086
212056	0.005012227354
212390	0.00563900621
212439	0.0195285701
212527	0.009190923442
212529	0.001921053263
212556	0.004592823318
212617	0.003862798073
212648	0.02036586649
212679	0.001882020834
212718	0.002887084073
212795	0.004343227969
212883	0.001455204884
212933	0.003617619133
212985	0.001116111975
213040	0.001261257594
213105	0.002387016715
213126	0.0009242346295
213141	0.0006440815145
213194	0.001178423698
213365	0.004705837818
213532	0.002351847828
213566	0.001533337406
213634	0.001646555152
213749	0.003493209586
213936	0.001002157028
213992	0.00352217542
214311	0.005664401999
214323	0.00796251473
214331	0.01768573066
214374	0.001130408013
214375	0.004453737539
214567	0.002208576633
214591	0.005369732334
214607	4.193900349e-05
214652	0.00156528111
214854	0.003860031428
214941	0.01148201465
215050	0.008735898988
215099	0.00459507091
215164	0.01610108278
215184	0.006664639997
215404	0.008594977925
215530	0.0006253220546
215531	0.002135000077
215640	0.006467374257
215720	0.004365972794
215767	0.004705939124
215786	0.002108407302
215873	0.003536025368
215884	0.005483160426
215975	0.001076954952
216044	0.006109733008
216128	0.002224481304
216171	0.001223085031
216180	0.002005599305
216252	0.002688037798
216270	0.004125934879
216311	0.01009805011
216648	0.0009118737891
216667	0.00585105387
216717	0.003983516988
217035	0.00133214915
217413	0.006493779358
217472	0.01552490613
217480	0.01371155335
217568	0.006400659605
217651	0.007463702287
217771	0.00439294627
217867	0.002473320951
218157	0.01711787775
218215	0.001709109115
218295	0.001998852006
218356	0.009135625025
218490	0.002974320647
218522	0.0002044858253
218528	0.005760994871
218617	1.055846421e-05
218640	0.002141335267
218772	0.00235455043
218798	0.003931861549
218838	0.004054390987
218910	0.004004725658
219009	0.005325819454
219079	0.0003699918051
219087	0.001564458572
219170	0.008583250966
219575	0.004606363907
219628	0.005001786359
219729	0.002969468823
219773	0.00346729486
219861	5.666939747e-05
220241	0.003774087808
220329	0.004074848954
220476	0.0053089161
220542	0.00385184217
220603	0.002944613793
220624	0.003946004908
220653	0.002118303613
220691	0.002542507614
220724	0.01603213549
220874	0.004062706744
220881	0.005977188294
221000	0.002960730038
221156	0.003607551293
221202	0.0009403493538
221208	0.002659386263
221261	0.004147360205
221777	0.005507716623
221786	0.003190606402
221836	0.003484263495
221907	0.005005923541
221933	0.0005750418973
221970	0.001763220417
221995	0.006269985751
222162	0.004024524761
222173	0.002931751114
222214	0.007238105419
222275	0.01425434264
222311	0.00280274202
222324	0.002785825893
222456	0.003129196729
222472	0.001579275757
222495	0.0006747355288
222701	0.004606338926
222708	0.005572223474
222798	0.004123790636
222845	0.004003516196
223013	0.006440109635
223018	0.00753321549
223032	0.008592462924
223287	0.002401140297
223383	0.006064517479
223390	0.009253925216
223420	0.005732923162
223473	0.001506336266
223508	0.008395784064
223704	0.001453213129
223708	0.009763122486
224052	0.009118841074
224078	0.003852425282
224115	0.001528431606
224213	0.003967818843
224392	0.003264540459
224393	0.002538764771
224413	0.001580444396
224420	0.002737196409
224674	0.001118321353
224710	0.005120028132
224795	0.002193914621
224806	0.002995295418
224902	0.005122180218
224955	0.008458790867
224963	0.0009324363847
225032	0.0005625310324
225056	0.008497781683
225087	0.005156751537
225107	0.002055607881
225169	0.002045642049
225215	0.004239713038
225221	0.001838741019
225255	0.001891900016
225275	0.008094285102
225484	0.005971620657
225885	0.0003767071031
225965	0.003506303622
225986	0.002490951671
226004	0.005411359456
226063	0.004495549877
226095	0.01175480932
226145	0.0008688049298
226172	0.002764543829
226188	0.00209541152
226544	0.0006808385522
226845	0.001336770822
226960	0.0007214062257
227031	0.002791520939
227362	0.005230785422
227408	0.003695455089
227427	0.005893173
227600	0.002305014549
227669	0.002474715722
227744	0.0193857712
227799	0.002620980382
227801	0.003489391447
227842	0.0001623075077
227934	0.001670295559
228027	0.003105830233
228139	0.001366016641
228151	0.004342198305
228278	0.002872733381
228435	0.00169788033
228444	0.002201700702
228603	0.002292071054
228671	0.0007701484744
228673	0.0008607840094
228790	0.002440865254
228889	0.0003419305575
228933	0.004857365246
228966	0.003539679849
228975	0.0054601091
229027	0.0008639470249
229105	0.003055314746
229115	0.0007542208179
229116	0.00233721898
229218	0.002667969998
229281	0.004931801359
229304	0.002126029903
229306	0.001673636078
229488	0.0009388496607
229735	0.01070029545
229773	0.002428000187
229995	0.003183097611
230009	0.002834543276
230163	0.0005966684921
230319	0.0100042473
230325	0.011888662
230335	0.001913089934
230359	0.003893780708
230369	0.00586862474
230547	0.004805436159
230599	0.002133574363
230650	0.003404227262
230810	0.001910232264
230824	0.003161556377
230990	0.001728213609
231026	0.002518921227
231027	3.783839616e-07
231102	0.00664082781
231152	0.001859454354
231282	0.003366552558
231335	0.001119723913
231344	0.002701598536
231378	0.001294601735
231542	0.004638005754
231601	0.006027970022
231748	0.006093265196
231792	0.001502494576
231812	0.00826976825
231936	0.002520743345
232041	0.003748716862
232058	0.00480239426
232104	0.0009506293041
232118	0.005531735393
232255	0.005833392755
232264	0.004164958528
232450	0.003079117602
232514	0.00329384226
232633	0.006112881003
232708	0.003805982806
232795	0.006375771595
232832	0.009904233619
232878	0.003248878127
233057	0.001716540134
233219	0.002314479101
233229	0.0006683071539
233304	0.006613854507
233373	0.006249714279
233376	0.004127526813
233378	0.00369498834
233418	0.009746595929
233521	0.008308156895
233529	0.004701290742
233568	0.006038232471
233632	0.0001752962969
234039	0.006855119026
234185	0.004466129982
234346	0.006098427902
234373	0.00389528792
234469	0.003908607869
234524	0.004936105059
234942	0.002406798521
235369	0.002214411747
235374	0.001518373053
235446	0.01401338047
235482	8.031559843e-08
235510	0.00790751935
235567	0.02435515591
235683	0.003899451477
235715	0.003980829383
235820	0.01207803255
235829	3.252923235e-05
235854	0.003191080637
235921	0.0005291432357
236120	0.001533147264
236267	0.007353752793
236301	0.004501694749
236349	0.002968908109
236385	0.002490449586
236394	0.02279317535
236411	0.002837209084
236554	0.009059856322
236562	0.001862594993
236615	0.002859292355
236718	0.002006931671
236853	0.003606972722
236938	0.002578268537
237100	0.0002791638106
237272	9.172308233e-05
237275	0.001473873469
237280	0.0006443170484
237313	1.693479135e-06
237473	0.0004884559948
237697	0.007921761834
237775	0.002876030647
237821	0.003133769587
237958	0.0003481819041
237972	0.005780351333
238496	0.006758383951
238513	0.004144239017
238569	0.0003248042947
238597	0.01373616701
238618	0.004273273153
238619	0.02834790834
238712	0.003958030623
238745	0.0008163983717
239245	7.3139444e-05
239277	0.002968836472
239312	0.002629703591
239428	0.0003821576731
239517	0.00146456786
239528	0.001976916004
239720	0.002863951368
239736	0.003576376376
239753	0.0004877747262
239779	0.001943997648
239850	0.007510246731
239887	0.0038753743
239895	0.0017079668
240053	0.003364211903
240082	0.002981744667
240177	0.003918471327
240223	0.008752424971
240281	0.006717932844
240312	0.004471183564
240413	0.003862266352
240426	0.001764937703
240520	0.005408112788
240598	0.002127966951
240654	0.002915260073
240666	0.003079056293
240745	0.001773076244
240757	0.0007490535404
240925	0.007993951027
241079	0.0056212214
241235	0.006596722082
241558	0.004128200418
241565	0.00428410763
241600	0.0007564864814
241605	0.003660847973
241641	0.003929712158
241735	0.0135868659
241785	0.0003173786523
241804	0.002191536656
241847	0.004639567107
241854	0.007923675134
241952	0.002303006535
241994	0.001475856558
242009	0.012207019
242048	0.01224431841
242322	0.001797144552
242346	0.001687531845
242402	0.006845319558
242556	0.004028733329
242731	0.006267040457
242751	0.0006059611773
242835	0.00982437476
242887	0.003828216186
242896	0.002347865534
242987	0.001056938954
243123	0.001944381293
243151	0.007683836059
243171	2.972283962e-05
243315	0.002821369807
243330	0.001629655688
243377	0.001495169572
243493	0.005687294321
243686	0.001293634911
243881	0.001062551924
243975	0.002181461207
244164	0.01354793099
244240	0.01009033698
244253	0.004049594255
244339	0.003061577358
244373	1.122012717e-05
244431	0.005354951384
244596	0.000351085468
244632	0.003723391035
244664	0.002390604012
244919	0.02119365427
244944	0.002689264374
245155	0.00525733234
245245	0.003215507883
245270	0.002743148917
245315	0.00197935828
245317	0.003163154031
245345	0.002651688317
245384	0.003687405868
245405	0.002128303211
245490	0.00353487711
245665	0.00226981738
245735	0.0001108642469
245770	0.004076376992
245837	0.001459737002
245985	0.00230339246
246002	0.002292548733
246028	0.00969947436
246101	3.506400531e-06
246256	0.005928530654
246354	0.002996950698
246424	0.001939900648
246507	0.004401752224
246926	0.002776070981
247112	0.004156768399
247183	0.001717025287
247490	0.00216974237
247575	0.0003512562281
247576	0.01262654913
247599	0.003026280911
247755	0.01085029038
247819	0.004905834612
247822	0.008608307072
247887	0.004741047314
248136	0.005470030961
248210	0.0005534274895
248224	0.00101106121
248239	0.001849855035
248303	0.01299309572
248496	0.00161362532
248990	0.001478339957
249046	0.007671814877
249063	0.003258207652
249137	0.005119071155
249152	0.003147470695
249228	0.005731449032
249295	0.004295232085
249354	0.000327919336
249443	0.003336108312
249475	0.005155845818
249587	0.002382184403
249631	0.002219449472
249873	0.003495483774
249875	0.01363678423
249987	0.001267968827
250017	0.001203169253
250084	0.002094409575
250107	0.002688412585
250179	0.00879171891
250182	0.001762003014
250206	0.003074027976
250207	0.002500189039
250216	0.01222546497
250410	0.007006903606
250460	0.01098497579
250608	0.003118750638
250822	0.002390718412
250936	0.005475120842
251088	0.003407948424
251150	0.01635311941
251184	0.002062700804
251303	0.00356409459
251422	0.0014252116
251503	0.002259038593
251507	0.008479867045
251517	0.0008713844304
251526	0.005934352042
251584	0.002492988144
251642	0.003984805875
251672	0.003368827408
251804	0.006722674262
251840	0.003529888936
251891	0.006641239437
252005	0.01124714823
252034	0.001658800621
252161	0.002780948751
252186	0.0003794154176
252297	0.008504650169
252305	0.008086594054
252346	0.002368793871
252501	0.002092705736
252515	0.002288447625
252652	0.0007799642331
252729	0.0001833644488
252767	0.002932867892
252901	0.004668488982
252944	0.0006680546622
253025	0.001628406197
253059	0.006624218454
253222	0.004354579686
253320	0.003425933403
253334	0.006999476476
253369	0.001650376936
253374	0.005495297132
253429	0.002972035661
253438	0.002720540035
253537	0.003155519766
253540	0.0006759282906
253611	0.01175497188
253666	0.004865337166
253760	0.001955487312
253824	0.005713494922
253960	0.003059936414
254149	0.01484463544
254179	0.0009211696997
254275	0.01157836326
254314	0.005403485035
254323	0.0008232647804
254337	0.003503039408
254395	0.002099330021
254598	0.00338302088
254673	0.001397105051
254740	0.001330915701
254773	0.001687338214
254829	0.001724116542
254938	0.006242322795
254967	0.003760013995
254983	0.0007957273879
255111	0.00400975484
255175	0.003103439529
255289	0.001439118753
255318	0.00602601664
255328	0.007991705472
255330	0.001883317345
255340	0.006713943239
255853	7.312552854e-05
256041	0.002983383393
256178	0.001271421999
256185	0.00124120515
256356	0.0014098435
256441	0.003563765643
256515	0.00303467034
256818	0.0007279844904
256862	0.002969102926
256944	0.002152317879
257055	0.0007603366737
257058	0.002236562039
257084	0.0002639144601
257086	0.005730083583
257213	0.002969290307
257260	0.002491922619
257317	0.008038810213
257356	0.002257184884
257383	0.007409116635
257425	0.0006371228975
257478	0.001851061118
257603	0.003925324919
257611	0.003276161324
257635	0.008505333122
257786	0.01381414959
257805	0.004282590964
258240	7.577567359e-06
258435	0.002155943489
258476	0.003130881482
258573	0.005356138657
258670	0.00253436539
258689	0.001998563619
258759	0.003570441626
258771	0.00198002569
258849	0.002169821152
258910	0.002175899011
258956	0.001661959514
259181	0.004681084446
259249	0.001848935556
259347	0.005835683612
259614	0.004358132296
259689	0.001585028808
259742	0.003424007728
259752	0.00261915829
259802	0.002093918742
260052	0.001708177912
260068	0.006085336286
260092	0.003276648134
260430	0.002368440749
260448	0.001764927104
260488	0.002112937994
260555	0.002145986902
260614	0.004042671891
260650	0.002584816356
260786	0.0007317428427
260834	4.900215303e-05
260872	0.0009141438377
260907	0.006956499838
260931	0.005673334169
260971	0.003741424265
261031	0.001928968533
261116	0.0001168469914
261258	0.0006426036243
261405	0.001536839018
261496	0.009173549321
261497	0.0003060906798
261553	0.004201273545
261566	0.009597384386
261813	0.005100251342
261819	0.01063938712
261833	0.004881923666
261945	0.002623635997
261979	0.007993226436
262015	0.001570053213
262024	0.006764423562
262056	0.003369711689
262149	0.002827832195
262223	0.02023880351
262229	0.0008029284953
262306	0.003801871807
262408	0.003453452766
262434	0.001793579082
262449	0.005543204197
262667	0.002720960625
262701	0.001048448835
262808	0.004683158067
262831	0.0006511636551
262865	0.0001206175587
263037	0.005410372077
263149	0.01017333746
263229	0.002909630631
263239	0.00756991786
263343	0.006545344778
263344	0.00847754454
263347	0.01477576089
263367	0.004185595407
263424	0.002452896208
263459	0.002696724687
263594	0.01688477529
263596	4.768727709e-05
263748	0.008371747661
263792	0.001098733182
263828	0.001940776965
263949	0.003400790212
264001	0.02309294153
264109	0.007445238611
264187	0.003565670278
264211	5.938025287e-08
264224	0.003181210053
264293	0.003435732957
264395	0.002652990383
264398	0.0003435114402
264438	0.003548164826
264482	0.002221565211
264484	0.001748707273
264485	0.004305464556
264542	0.005444916256
264627	0.003575868689
264728	0.007784938606
264848	0.004866470827
264925	0.0008410980995
264944	0.01564241911
265144	0.0005984815402
265209	0.000992665155
265397	0.008784134356
265401	0.003393952704
265447	0.01781220581
265555	0.004372704702
265585	0.001087797172
265601	0.002682527591
265792	0.000155140579
265986	0.002743347589
266167	0.005766276317
266367	0.0009817457889
266368	0.000348010448
266416	0.003448575912
266436	0.001906443903
266574	0.001189637068
266741	0.005859255345
266798	0.002272121874
266937	0.00177950567
266948	0.00458196405
267062	0.001598043967
267129	0.0002602947987
267233	0.002955469951
267288	0.007725992671
267405	0.008732721485
267445	0.002331661581
267465	0.003706812416
267479	0.003669330147
267672	0.004822590747
267751	0.003533384368
267808	0.00492244256
267906	0.002416010632
268039	0.006832553679
268105	0.00204891793
268170	0.002703295695
268221	0.002895446821
268257	0.003215914312
268346	0.005221655485
268529	0.00107970043
268620	0.01014372279
268902	0.003099928746
269015	0.001851941161
269059	0.007983750559
269069	0.004354615459
269085	0.007732691081
269091	0.003596971188
269107	0.01506870212
269143	0.002225728211
269185	0.002973344243
269269	0.005446379085
269283	0.00140987761
269318	0.0001644529539
269366	0.00123567465
269404	0.01151210574
269467	0.003036090853
269526	0.004947393663
269545	0.001613277272
269591	0.008636709419
269650	0.001274693925
269657	0.01340420302
269760	0.006303992364
269792	0.008966136691
269895	0.003997757718
269997	0.005474852879
270009	0.002700168102
270120	0.0003946342277
270196	0.005537948611
270206	0.004577227754
270303	0.0229609223
270557	0.009855019628
270560	0.01372726859
270568	6.188169934e-05
270588	0.004926811883
270638	0.009906573065
270669	0.002690676623
270783	0.02168029856
270865	0.003716232078
270963	0.006778325677
271047	0.007323973554
271194	0.007775486679
271266	0.001578534994
271278	0.001996913851
271393	0.004705664736
271465	0.002359861581
271472	0.00557485645
271502	0.01628641549
271727	0.0005137510625
271865	0.0004317520638
271887	0.002326833059
271958	0.001654348882
272284	5.446996273e-07
272361	0.00570013014
272496	0.00244101995
272556	0.002602020235
272821	0.0008697610434
272855	0.002941531994
272876	0.002080325377
273027	0.002945649074
273139	0.004292315103
273203	0.003461772964
273206	0.003824032136
273274	0.0007015973951
273340	0.009235563122
273395	0.001146688531
273552	0.0005312580498
273787	0.008428593108
274057	0.003377350337
274123	0.005750197838
274176	1.390982423e-05
274407	0.003713765145
274485	0.01434994755
274536	0.006498131377
274574	0.009933950974
274604	0.005221087423
274798	0.002253182781
275041	0.004158630722
275103	0.005858261659
275224	0.004592873987
275525	0.005271931359
275549	0.003492757712
275568	0.00452118438
275637	0.001825994548
275641	0.005976264109
275727	0.003677068884
275880	0.002919597239
276111	0.0007338642866
276157	0.002307556657
276182	0.003354782396
276189	0.003334153334
276262	0.001699173622
276268	0.009638460487
276278	5.64850849e-06
276340	0.009457257795
276438	0.0004445836241
276465	0.003209104483
276466	0.01256228184
276554	0.00277734071
276677	0.007899445497
277110	0.007486246979
277134	0.008107249882
277222	0.003553252029
277261	0.002869989481
277304	0.004328188584
277310	0.002275582882
277317	0.002581300996
277439	0.003377154915
277577	0.002558502102
277617	0.005035915155
277636	0.00255598821
277679	0.002998917093
277761	0.0002438767192
277816	0.002983983446
278244	0.005115793874
278263	0.0004649504777
278475	0.00144439823
278627	0.01097509314
278644	0.002249020906
278862	0.01481764642
279296	0.001708170124
279303	0.00079227529
279469	0.003180848223
279594	0.001480368572
279709	0.004185320363
279713	0.006331922809
279745	0.006057728158
279746	0.009005215888
279770	0.006012103971
279808	0.007806619018
279905	0.006165884982
279979	0.00329313928
280023	0.004597310281
280049	0.003487984754
280162	0.00185655143
280210	0.002144005469
280337	0.003963084185
280568	0.004596659238
280697	0.005738985839
280981	0.002170378448
281324	0.001968413099
281407	0.001730763123
281546	0.002706394243
281558	0.001769606286
281648	0.004695026256
281713	0.0005978435518
281753	0.001846059779
281777	0.002988137264
281868	0.003564406321
281911	1.395435942e-06
281920	0.00321540066
281998	0.01123364552
282006	0.00128546229
282064	0.004558201313
282092	0.004472712611
282097	0.009077991056
282100	0.0005116761026
282101	0.002525391158
282103	0.0001466898442
282118	0.003791217301
282205	0.005516161485
282220	0.000250682005
282283	0.002296238118
282468	0.01685518212
282565	0.005689421322
282665	0.003020515156
282774	0.00137173117
282851	0.002824624476
282918	0.005887379658
283203	0.009215050292
283434	0.003261688045
283868	0.005838993513
283876	0.001947293989
283969	0.003250690182
284144	0.0002559097439
284149	0.002123294853
284161	0.001544369465
284279	0.0008080643033
284598	0.0008223869609
284679	0.004140578348
284737	0.0004867873249
284834	0.005888854463
284957	0.01264411497
285101	0.005049922441
285151	0.01313640485
285206	0.0005637711352
285207	5.875303474e-05
285251	0.0002044734522
285295	0.003874351512
285399	0.02276287032
285515	0.008270827495
285516	0.004610919652
285532	0.01273818943
285614	0.003681513538
285626	0.001412682486
285739	0.003250767191
285873	0.001908739766
286070	0.0020916167
286280	0.004523437438
286289	0.0007346344465
286354	0.001387669645
286375	0.002370825183
286571	0.01659309978
286659	0.002519064248
286813	0.001434593222
287026	0.007407905032
287217	0.002814066048
287514	0.0002613252535
287563	0.003264606423
287624	0.001191415855
287787	0.0005718189757
287984	0.003019236028
288180	0.00340633063
288187	0.003234466095
288326	0.004370429585
288475	0.0001258924167
288556	0.003346790338
288673	0.00139393004
288701	0.00150775011
289081	0.02053707063
289122	0.004165638394
289170	0.001774938881
289409	0.006672061681
289444	0.002648543533
289454	0.006773458107
289501	0.003205739091
289595	0.000582371333
289738	0.004025592424
289796	0.002631431061
290020	0.0003796597585
290023	0.006352606532
290032	0.00393572911
290094	0.0042236365
290283	0.005098156974
290356	0.003008125246
290401	0.001983448581
290464	0.002252432778
290826	0.002685937811
290848	0.004741722638
290874	0.001663494132
290911	0.003466587089
291179	0.0009075750813
291181	0.004829011282
291389	0.01377280059
291440	0.0004158040149
291645	0.001126917698
291739	0.003805314488
291843	0.005837435496
291911	0.002124831363
292380	0.0006494186064
292402	0.003151452046
292452	0.002072501237
292654	0.002596294432
292803	0.008266065603
293045	0.00470903773
293048	0.001925864236
293057	0.009117661846
293148	0.003182279604
293212	0.00309402346
293523	0.00272024958
293529	0.001916860168
293595	0.002815386891
293871	0.001186811312
293878	0.001687551719
294082	0.001162378737
294348	0.005441140596
294494	0.003813059385
294588	0.002752842826
294609	0.001151866644
294668	0.002354948023
294723	0.003705824954
294907	0.002781889857
294985	0.007184138431
295284	0.003132424383
295285	0.00364136706
295515	0.02828762143
295572	0.000501098997
295629	0.005686384167
295695	0.007249869375
295855	0.001175619518
295898	0.002233973839
295933	0.0001015037226
296081	0.01145683005
296143	0.004174505838
296174	0.01056525894
296520	0.0008898254128
296758	0.002628766275
296824	0.002821577791
297068	0.002892980073
297073	0.0051504564
297118	0.003995236807
297155	0.003263543345
297198	0.0005906567692
297221	0.0023480846
297320	0.0002942041314
297700	0.004384739732
297712	0.002630944511
297759	0.006220028986
297767	0.003263721596
297784	0.0008911653006
297830	0.003279226887
298108	0.00228762918
298253	0.003061386373
298260	0.008737209484
298487	0.002571330898
298511	0.002593994109
298528	0.003471484182
298564	0.005682306224
298663	0.0001942031716
298679	0.00274719477
298944	0.004483811946
298960	0.005357736822
299225	0.003182713861
299338	0.01035323963
299364	0.001550742406
299374	0.0003304263076
299400	3.001314811e-05
299521	0.00542037796
299537	0.00247089184
299553	0.006102086369
299557	0.005073832762
299636	0.004011568027
299681	0.003893128552
299752	0.003176666082
299862	0.007208192608
299910	0.001170297771
300028	0.003366742744
300142	0.004291796132
300174	0.001431110703
300276	0.003630122559
300340	0.003650797656
300378	0.001318126082
300387	0.001792974228
300444	0.01318940833
300445	0.009819200487
300642	0.005731337552
300806	0.005902005458
300924	0.01325588372
300944	1.830248841e-05
301059	0.004768754573
301088	0.004481054366
301113	0.002878328223
301202	0.006440075542
301529	0.01265587713
301608	0.002286985084
301628	0.003121980895
301876	0.001936531767
301904	0.004482254368
301945	0.001413826676
301991	0.01760096327
302039	0.01646043998
302074	0.004537150008
302284	0.002915104979
302490	0.01059401973
302499	0.001897073431
302681	0.002345188414
302693	0.01605877594
302719	0.002486427632
303202	0.005739993721
303218	0.009888054833
303253	0.001307774411
303349	0.003165584732
303423	0.004428147681
303510	0.003511415036
303605	0.00681663553
303640	0.003809712448
303684	0.00247043284
304071	0.006136839923
304074	0.01568221878
304143	0.003739166811
304187	0.003439995469
304214	0.004224116726
304225	0.005090245268
304306	0.0027269717
304315	0.0005609666916
304330	0.002389541785
304333	0.00342969987
304335	0.01472325625
304463	0.002079388358
304621	0.005035749363
304652	9.335865702e-06
304914	0.000554702022
305004	0.007574885385
305071	0.003606509613
305207	0.0009904805813
305366	0.002681412137
305610	0.002555491595
305634	0.0009194296609
305672	0.002505942141
305712	0.00319046789
305719	0.002641334612
305733	0.0006257542813
305919	0.001927982089
305934	0.001149405844
305970	0.001226175798
306094	0.00121721014
306119	0.006193019765
306153	0.003808289824
306167	0.001798885969
306196	0.005525344721
306292	0.001916574291
306319	0.001599642374
306493	0.009264324687
306549	0.003708051014
306624	0.01154547393
306742	0.002395650757
306818	0.006671400911
306853	0.002802241045
306881	0.009988226302
306967	0.002245024068
307059	0.001150618587
307103	0.004245071256
307118	0.009053941524
307121	0.008689399961
307186	0.002339439357
307339	0.005049811598
307351	0.009862143126
307497	0.002857997096
307641	0.001284842292
307950	0.007361796008
308058	0.02049084661
308085	0.002962252532
308111	0.007499387102
308275	0.003721669972
308316	0.0005638286421
308345	6.871268586e-05
308443	0.003903945396
308556	0.001420984931
308657	0.009838219673
308919	0.003211179038
308983	0.004908186886
309058	0.003840980874
309206	0.004990127518
309268	0.002230260009
309418	0.003186139355
309606	0.003590610071
309626	0.002930398298
309696	0.003123008222
309777	0.002486704872
309942	0.002331027107
310190	0.003413767392
310202	0.003066495346
310228	0.002875504445
310232	0.003625216532
310235	0.003025047233
310283	0.003485104464
310458	0.00165703147
310460	0.00354723603
310699	0.003370466012
310850	0.00445339391
310976	0.0009426082083
310986	0.004030612911
311309	0.004366113939
311334	0.01026435906
311361	0.002882532029
311379	0.01305945421
311428	0.004142250752
311481	0.00237795711
311512	0.002495182547
311714	0.00284366196
311766	0.008394955605
311956	0.001123810479
312068	0.004605063928
312186	0.01262118953
312412	0.002026606192
312838	0.002678204849
313054	1.757261792e-05
313200	0.003836824617
313280	0.0002768140865
313362	0.002818575572
313509	9.347855999e-05
313526	0.003338718886
313558	0.001586030813
313597	0.002572330376
313598	0.003283646282
313647	0.01064842616
313765	0.006595577175
313787	0.003227550812
313858	0.004374431463
314143	0.0007520114089
314204	0.0007276365233
314268	0.02319883249
314379	0.002003619786
314407	0.00392415994
314635	0.00553017507
314755	0.004964386187
315201	0.002793258009
315210	0.01141230838
315364	0.003148664339
315507	0.003968399313
315603	0.006442747462
315659	0.008789204522
315751	0.01666100322
315881	0.01660563789
315918	0.0009066051051
316001	0.005216926038
316146	0.009699966424
316220	0.002154409234
316230	0.01780096471
316355	0.005103903969
316382	0.002026130156
316384	0.004034346766
316406	0.003458823545
316436	0.001811953567
316460	0.0004802133381
316487	0.009697557551
316689	0.007562384186
316810	0.002232925896
316882	0.002993487179
316978	0.004471181558
317104	0.002642931248
317108	0.0003647714437
317141	0.003566393388
317228	0.001227425677
317239	0.003019533689
317357	0.002145422694
317499	0.0003382534768
317607	0.0005466952824
317762	0.001939642347
317784	0.003887792195
317847	0.001402632848
318045	0.003507552226
318273	0.001884321831
318371	0.0005885470635
318480	0.0009229075468
318488	0.001964706918
318604	0.0022874664
318808	0.000984049528
318950	0.001568316798
318954	0.002022360357
319005	0.003953475033
319025	0.01146712156
319032	0.009244183629
319055	0.001496193618
319125	0.01226875945
319372	0.001341678881
319623	0.0006272697703
319842	9.362792564e-05
319960	0.003946866126
320041	0.007215944454
320227	0.001858546843
320392	0.003533799499
320403	0.0004962957877
320440	0.006947502011
320686	0.004904100454
320715	0.00339412622
321009	0.01354798288
321160	0.004639257736
321183	0.004784070807
321263	0.0058440094
321513	0.009118711423
321556	0.01627979629
321646	0.002167032526
321657	0.00489901595
321674	0.02424198654
321677	0.001289540892
321747	0.004172116336
321800	0.005002900683
321904	0.01267812514
321933	0.007262925469
322031	0.01141807454
322122	0.002796759
322270	7.388095399e-05
322290	0.005264785615
322387	0.001898506576
322427	0.0004447630818
322480	0.0006203953324
322517	0.006786500998
322543	0.01068560389
322633	0.002681058641
322940	0.007795236452
322967	0.002627890341
323150	0.001267756742
323197	0.006351089531
323223	0.005605211223
323277	0.02286441545
323355	0.01456378066
323386	0.004060717183
323430	0.002313422579
323559	0.004460753527
323575	0.002953128959
323610	0.005611326409
323639	0.001836256151
323685	0.001412190337
323850	0.001803750039
324012	0.006481720311
324080	0.0006621101988
324161	0.004052273242
324177	0.01078145056
324266	0.00197304325
324267	0.002545426026
324415	0.004340098181
324569	0.0009267399609
324677	0.002028272403
324704	0.004126115799
324878	0.006916863771
324915	0.001322763247
324976	0.001618366888
325071	0.005896593416
325075	1.233282175e-06
325095	0.002127270444
325135	0.01306435068
325161	7.672781073e-05
325321	0.01247293327
325588	0.003077160222
325654	0.01795842011
325728	0.003585635283
325854	0.003067448261
325989	0.001625735424
326110	0.01088270445
326236	2.427618237e-05
326353	0.01222747779
326413	0.001351943238
326446	0.0006152500131
326550	0.0007188075387
326597	0.001926485689
326663	0.001122333683
326689	0.002000072839
326695	0.006239471199
326824	0.01010462929
326866	0.0043256137
326872	0.002818036647
326964	0.001185859639
327068	0.01169058882
327084	0.0005889951495
327366	0.005589876547
327391	0.01350268359
327421	0.002977293674
327443	0.01274253117
327471	0.001673522492
327557	0.002326582522
327669	0.003001812674
327686	0.003091120698
327691	0.002158431554
327733	0.0001247986254
327766	0.009824123431
327802	0.0004165869573
327818	0.0004980979586
327846	0.003557498045
327991	0.003923611426
327995	0.00659115826
328009	0.01210195694
328028	0.01258953094
328047	0.016027475
328160	0.004854426895
328492	0.002698438768
328667	0.004663656317
328727	0.002356494623
328906	0.002267167339
328914	0.00175623969
328915	0.004808826464
329014	0.00144793336
329061	0.001909981401
329130	0.001759988436
329156	0.001927593708
329216	0.0001900089382
329273	0.003186015221
329357	0.0008701371916
329495	0.001845813607
329712	0.01603121821
329931	0.001963598207
329944	0.005741274409
329969	0.0008882995295
330000	0.01057488791
330139	0.005187630068
330178	0.003522337868
330240	0.00151188395
330339	0.0008821282944
330381	0.004522506058
330453	0.001742541017
330514	0.001385099476
330531	0.006606909891
330585	0.01192828556
330750	0.003124495733
330807	0.006198154227
330809	0.01751938013
330842	0.0017501018
330845	0.0007688984699
330993	0.003826665719
331041	0.002166638924
331053	0.007913439233
331057	0.003994188595
331134	0.002645554594
331206	0.01970339447
331415	0.01196710006
331507	0.0001734106816
331782	0.003952553324
331998	0.01454942191
332080	0.002591324353
332411	0.001270871609
332633	0.001063126673
332873	0.01459311761
332954	0.002150542503
333193	0.003121139938
333453	0.0005876869753
333715	0.0028022418
333953	0.001467546431
334008	0.002595054557
334154	0.0009291233
334190	0.01661912708
334270	0.008058908219
334317	0.009380058048
334318	0.01744866839
334614	0.0003603300648
334626	0.003391456143
334657	0.001993235393
334725	0.007178905439
334763	0.007287149856
334847	0.01101901078
334861	0.001437546805
334863	0.002091088601
334865	0.001727675717
335098	0.005296926921
335119	0.001248619703
335221	0.006469583613
335245	0.003494615313
335315	0.004480852216
335377	0.002071555423
335433	0.007625621387
335455	0.0009571131706
335484	0.004951451569
335746	0.0004518520417
335807	0.005381272183
335906	0.003536465563
336226	0.004883858976
336391	0.0002772661694
336543	0.003899102148
336581	0.00704867575
336588	0.00656852954
336645	0.002958472271
336732	0.01229397667
336756	0.008545430477
336833	0.006959219334
337022	0.000367186622
337291	0.0004993325939
337389	0.006169515139
337411	0.006364681657
337500	0.002772811681
337529	0.004420955206
337537	0.007114101946
337682	0.0008303966797
337780	0.002013647148
337794	0.003471239969
337814	0.003127437392
337836	0.00158851908
337856	0.005795796091
337920	0.02692705045
338094	0.001700065024
338102	0.001013937916
338143	0.007321042639
338292	0.007130686877
338308	0.003326499095
338362	0.005996344931
338423	0.008980060825
338452	0.001962719106
338473	0.005668359821
338839	0.00185289065
338878	0.002846735303
339020	0.0009356745767
339123	0.001680385088
339203	0.004052006264
339331	0.002546918028
339473	0.002859719738
339585	0.0004486904321
339604	0.008845722741
339628	0.0007750270223
339789	0.0004444462703
340003	0.002081467504
340009	0.01511336415
340016	0.003066897855
340201	0.001438902184
340363	0.003840397781
340408	0.003457433336
340445	0.003211225902
340510	0.00656795743
340567	0.01664488891
340595	0.001053695007
340781	0.001357424821
340904	0.005667969475
340954	0.004127673314
340962	0.001554836677
341062	0.008373028604
341089	0.002712410046
341264	0.02142553676
341281	0.0004822008537
341437	0.006373028267
341537	0.002158910495
341833	0.0007165573087
341837	0.008274813558
341915	0.002264389707
342011	0.003183483162
342050	0.001104246467
342179	0.003779400528
342209	0.002331610493
342393	0.0005636343716
342422	0.001333654813
342434	0.002710432601
342446	0.002946368238
342449	0.00583782156
342474	0.01023501752
342599	0.001534099404
342945	0.002974143191
342957	0.002322678535
343000	0.001660652244
343018	0.00539382603
343047	0.001191705125
343079	6.37078335e-06
343090	0.00712301157
343096	0.01499238751
343319	0.002294669423
343583	0.002266172423
343592	0.001290463477
343677	0.004058457268
343684	0.0003261058196
343721	0.002350145916
343791	0.004116737637
343821	0.000565982884
343842	0.004738819011
344271	0.009889370294
344320	0.005368888969
344328	0.002772451322
344440	0.002003114988
344442	0.004973492346
344707	0.002939060856
344761	0.008880462969
344836	0.003172519747
344837	0.01059818343
345103	0.003106576592
345145	0.0005798521185
345304	0.003044829917
345325	0.003394600812
345390	0.003143488431
345491	0.00128682737
345567	0.003844355576
345688	0.004212083595
345731	0.006360997232
345778	0.004369727606
345948	0.006868952285
346074	0.01292258156
346300	0.005357113353
346586	0.001716136089
346654	0.002761988998
346829	0.003301849916
346840	0.002242979575
347131	0.005468121491
347209	0.009248973332
347312	0.005650003886
347463	0.003774045795
347476	0.005926559194
347489	0.0141848185
347689	0.0009027487553
347716	0.002088491512
347770	0.005438045204
347810	0.001086248032
347909	0.006803997629
347957	0.003347928095
348002	0.01476610661
348069	0.0005969386877
348203	0.002494979322
348290	0.004108431271
348415	0.01360297607
348471	0.002490011041
348495	0.001052363586
348547	0.001936833722
348638	0.006053579524
348651	0.001781773438
348695	0.003069373932
348830	0.003957619526
348855	0.003471594883
348916	0.004748944327
349044	0.001097653736
349116	0.003028328894
349134	0.0110720825
349146	0.007166058854
349202	0.004482472596
349303	0.008508712275
349365	0.003265077267
349553	0.002229566003
349566	0.008276296055
349601	0.003826720503
349724	0.002570554808
349874	0.01233875611
349971	0.003264707465
350134	0.00109497199
350323	0.003220516007
350396	0.008271925835
350399	0.004429644144
350439	0.002039130628
350454	0.001180778643
350512	0.007232682847
350535	0.01023570601
350692	0.004801662686
350783	0.003612321739
350904	9.598192453e-05
350939	0.0008254321431
350963	0.01917613851
350992	0.000734758535
351100	0.01162425894
351112	2.454184649e-05
351199	0.0002448318102
351262	1.197380793e-05
351458	0.001156208377
351490	1.930964519e-06
351666	3.11079992e-05
351852	0.003280484107
351937	0.007676028658
352228	0.0117575977
352265	0.002220797444
352270	0.001529120232
352318	0.02004408586
352420	0.005214330815
352643	0.002868165028
352677	0.003358522559
352733	0.002472436542
353011	5.020526226e-05
353383	0.002815520391
353626	6.424988761e-05
353851	0.0006064172834
353982	0.004271343933
354038	0.003698200141
354206	0.02338862224
354220	0.00403698846
354347	0.0003283242154
354499	0.007797948009
354847	0.003246518226
355127	0.002588253798
355243	0.001145405597
355448	0.007369376608
355537	0.01243157321
355551	0.001737014793
355560	0.001312374565
355564	0.006791131685
355622	0.002333417692
355687	0.002730937541
355805	0.0004282317772
356075	0.0002616140618
356100	0.01501427702
356163	0.01076441794
356187	0.003359770258
356416	0.0024945813
356448	0.009824092327
356765	0.00305894162
356884	0.01988748863
356979	0.003604340943
356987	0.003241114449
357024	0.008057494161
357036	0.00903459722
357091	0.007190434589
357111	0.003222513022
357283	0.01618056027
357336	0.001971987657
357587	0.01120024974
357686	0.00339717444
358077	0.003717830386
358084	0.001282247486
358212	0.004009489321
358232	0.002983223531
358278	0.006503469978
358367	0.005963412253
358387	0.003884364498
358470	0.01837106417
358599	0.001729566227
358715	0.003897137599
358814	0.01226990494
359135	0.001954059929
359190	0.002122057209
359358	0.0007830993031
359390	0.002475936012
359403	0.0005233500987
359458	0.008081401165
359481	0.001511093714
359561	0.001687990442
359611	0.001332239905
359629	0.001715149028
359743	0.001895591222
359756	0.005415096872
359767	0.007318726364
360056	0.001925503161
360113	0.004288622579
360162	0.001300890616
360196	0.002066830117
360405	0.003846182447
360416	0.00311042329
360839	0.003990510795
360972	0.003408449142
361213	0.00216789487
361261	0.002565865327
361463	0.006827866401
361544	0.005716344053
361578	0
361581	0.003276863308
361599	0.02186171714
361754	0.002601354339
361759	0.01394795918
361797	0.0002069420895
361815	0.001164425573
361931	0.00414431795
361984	0.0158484277
362069	0.003253096301
362077	0.003382222774
362331	0.002230729307
362337	0.01638883463
362361	0.002204264783
362446	0.001223626732
362447	0.001690537892
362491	0.003155661606
362603	0.001960234986
362643	0.001266828135
362744	0.003275195576
362746	0.004105364899
362849	0.00546453782
362939	0.003975358745
363142	0.002085972184
363329	0.002354999842
363333	0.001435773907
363468	0.00308007998
363498	0.001837908508
363635	0.001559782787
363840	0.002314689224
363885	0.001240970022
363899	0.0006984464831
363906	0.004898035818
363907	0.003412746256
363982	0.003528745803
364030	0.002711666995
364205	0.004998694034
364324	0.003341956226
364541	0.003213840969
364679	0.001742740227
364728	0.000431038759
364827	0.003230721049
364871	0.004806207585
364916	0.01046795977
364939	0.002827655825
364969	0.00250960528
365058	2.104573193e-06
365074	0.01357162342
365121	0.003695279323
365236	0.001815870412
365327	0.001223839569
365508	0.01132442223
365685	0.006565908051
365909	0.003853295717
365995	0.003332505116
365998	0.0007003807894
366136	0.005079669642
366191	0.002698316501
366356	0.007687216621
366478	0.008481024516
366498	0.001801000241
366604	0.001023552533
366642	0.003504557072
366695	0.003377184909
366696	0.009992920255
366769	0.003091794783
366825	0.001982516148
366908	0.001372528934
367004	0.001570610331
367008	0.001104070841
367072	0.0003927815493
367079	0.004897227919
367100	1.533989866e-07
367239	0.006973638298
367648	0.008423611409
367961	0.00190957007
368037	0.002086684423
368100	0.0035194977
368105	0.007322222438
368300	0.00148317963
368475	0.002569810661
368544	0.0004047778337
368585	0.002660752384
368615	0.002474485742
368621	0.002897484962
368653	0.009803854637
368855	0.002038951066
369025	0.01113737371
369111	0.003031526647
369313	0.003813456741
369341	0.004974488164
369365	0.01071168592
369450	0.004537847874
369532	0.001587823981
369662	0.004787918018
369663	0.004583693577
369682	0.008993033206
369757	0.000507101586
369788	0.00412907757
369803	0.001967365011
369968	0.004017414902
369983	0.004874557
370104	0.007112174431
370109	0.0002569364133
370129	0.008123220273
370131	0.003751275243
370147	0.002802575389
370163	0.001471158345
370429	0.002518049832
370435	0.003722219475
370445	0.001925100342
370567	0.001882753317
370757	0.01775242086
370767	0.00356013555
370786	0.002044176078
370833	8.01691507e-06
370974	0.001336000118
371020	0.004840590671
371069	0.00103333546
371095	0.0007631385136
371203	0.006460356858
371215	0.002681250099
371259	0.002169192094
371284	0.005347522615
371373	0.006366308366
371390	0.004693414788
371417	0.01137154899
371566	0.006588066085
371610	0.001009584503
371611	0.0001675939055
371643	0.002142830417
371666	0.004434999123
371676	0.005661934772
371723	0.005607809605
371852	0.001473508593
371943	0.001041832802
372052	3.341281152e-06
372135	0.0008565519062
372277	0.002582580013
372327	0.01286309123
372408	0.001768014894
372460	0.002329208358
372580	0.009172376897
372604	0.003470479949
372666	0.006370221161
372709	0.006715976035
372760	0.001858789358
372813	0.01330224812
372818	0.002915480399
372836	0.008492009449
372871	0.00220038924
372891	0.0004462593813
372918	0.002731559714
372963	0.0007268388081
373174	0.00610349073
373240	0.003380902887
373404	0.002051104818
373420	0.002978402015
373467	0.007395008727
373484	0.0125721759
373567	0.00203396357
373629	0.006011733271
373927	0.003987232789
374022	0.002570897549
374042	0.003802109162
374062	0.003394439188
374178	0.02450959022
374292	0.004640839398
374342	0.003514446969
374458	0.0008145634539
374516	0.007649880306
374522	0.001960410939
374598	0.0008764087442
374616	0.002795693302
374904	0.002856563999
374944	0.006202621817
374952	0.006312791581
374992	0.005426691658
375059	0.003059605388
375167	3.250688202e-06
375425	0.001968975833
375463	0.008414452912
375500	0.02102673873
375683	0.005074999203
375711	0.001297151127
375721	0.001871491605
375855	0.001570156786
375934	0.0005648362588
376128	0.006538130499
376142	0.002064638854
376198	0.002099313467
376226	0.009894534182
376339	0.003175389318
376353	0.01432062006
376535	0.004049241859
376826	0.002452484969
376894	0.003678796447
377044	0.01364793295
377189	0.002089237389
377350	0.0002667497118
377401	0.007158156431
377410	0.001650990056
377814	0.003021556758
377818	0.001546779243
377896	0.0008215410427
377917	0.000204779685
377919	0.00580866493
377926	0.00129175866
377940	0.006428743774
378253	0.01153160942
378286	0.00141239233
378415	3.550562997e-05
378551	0.004338936279
378907	0.001525009055
379073	0.003490946529
379225	0.006225688039
379227	0.00068359057
379269	0.005980229048
379318	0.007794441191
379338	0.0002543076423
379402	0.002364654277
379449	0.005432131688
379629	0.002906036506
379682	0.003027820049
379832	0.002072361796
379834	0.004441943231
379836	2.962161076e-06
379890	0.005340045601
379905	8.697499591e-06
379988	0.008091687774
380033	0.002992041626
380074	0.005782161226
380086	0.001280813421
380177	0.006311453041
380353	0.0003908903003
380455	0.002188360249
380475	0.006455258759
380630	0.002113581735
380978	0.007661824562
380983	0.01587399986
381080	0.003800857635
381126	0.0006291264079
381281	0.001821880601
381309	0.01232532992
381420	0.0034298693
381441	5.384580387e-05
381491	0.001268075797
381496	0.000827261414
381650	0.0003714560403
381818	0.001781250199
381833	0.002058825142
381846	0.002115873926
381963	0.009685360144
382033	0.003616375958
382065	0.002856707171
382186	0.002463016896
382281	0.0004927452301
382404	0.002008513588
382495	0.0001669536739
382537	0.0108689713
382665	0.004039793549
382684	0.004402223191
382762	0.007336629478
382796	0.002518653069
382801	0.004776055927
382867	0.009820290207
382971	0.003350832855
382977	0.001670321822
383038	0.001010647838
383176	0.00794503565
383202	0.0005850909198
383272	0.006842285771
383285	0.0005151501502
383359	0.006640145494
383412	0.002160994288
383499	0.003147301372
383847	0.0007440077111
383881	0.00214184702
383938	0.002678691868
383942	0.006719286988
384023	0.005356034357
384203	0.003148656852
384220	0.005060499607
384395	0.01104989443
384540	0.004274402968
384575	0.007530893702
384637	0.00234155562
384802	0.00744364727
384850	0.007510316536
384900	0.005995284117
384982	0.006674071977
384996	0.004327899268
385257	0.003198117756
385273	0.003782130984
385286	0.002297266038
385734	0.004110816794
385895	0.002648394834
385990	0.007113007011
386095	0.004793920085
386149	0.003364352345
386392	0.0008545868394
386415	0.003614922934
386527	0.008952911813
386648	0.01402675496
386803	0.003137464054
387015	0.001073424257
387113	0.002765382039
387128	0.000757036313
387136	0.002139590711
387412	0.01227161178
387435	0.001964722198
387541	0.004314956507
387630	0.008157807722
387809	0.002249835052
387841	0.003068690063
387919	0.003268004609
387920	0.0001873766788
388012	0.01000205378
388034	0.001008146893
388091	0.0001016836862
388165	0.005657510082
388220	0.001991433148
388244	0.0006278402333
388293	0.0119816027
388403	0.0004365167044
388414	0.01130147443
388419	0.005189608789
388595	0.007071567442
388606	0.003988050239
388734	0.001192859751
388745	0.001350186336
388748	0.00192608801
388868	0.00680723943
388937	7.791374333e-06
389275	0.003657855392
389560	0.001425381208
389649	0.004230835891
389673	0.002627442254
389746	0.003874865881
389782	0.0001074892829
389798	0.01066414432
389907	0.01414107067
389908	0.006459663763
389938	0.002425364968
390148	0.004674198138
390273	0.003581668422
390388	0.006488503734
390414	0.003544555963
390417	0.001454786829
390454	0.00198697204
390713	0.005395240168
390882	0.002860532918
391006	0.00346397534
391071	0.002468069137
391115	0.005591814058
391134	0.003008988144
391147	0.0005490611926
391175	0.002192788268
391197	0.00130997678
391222	0.002233457716
391526	0.01195260007
391712	0.003571386566
391799	0.01379051457
391821	0.00719182561
392015	0.005123353983
392022	0.00120295767
392171	0.001739335715
392185	0.002587107522
392204	0.004690424935
392227	0.003406074037
392252	0.003368216789
392286	0.009515419701
392318	0.005954905292
392340	0.004452092261
392393	0.01019755545
392420	0.004077442309
392471	0.005134135352
392508	0.006892541844
392511	0.005038703644
392566	0.002565484994
392663	0.0009774854907
392750	0.007053703037
392868	0.01734443686
392921	0.001048339364
392995	0.005391618986
393009	0.005518770779
393017	0.00424135828
393030	0.002416510871
393031	9.169813581e-05
393215	0.005047077777
393283	0.001310325795
393375	0.002404413989
393442	0.001661340297
393460	0.003704339362
393483	0.003592940729
393536	0.004098333018
393568	0.004854538263
393661	0.003051301245
393798	0.006125659854
393809	0.003315606358
393852	0.002999146936
393872	0.002285781317
393934	0.003360318945
394034	0.007005597555
394332	0.02011579398
394396	0.0136339149
394462	0.001437397139
394464	0.0006385087649
394487	0.006687087475
394522	0.002673790563
394535	0.002625656222
394562	0.00261949564
394602	0.003432622456
394642	0.00412467492
394656	0.001203515086
394684	0.0002730772533
394815	0.00367255178
394857	0.01169921361
394896	0.001987910757
394963	0.0005150757729
394965	0.002743669674
394968	0.001960124296
395004	0.009750770549
395032	0.01032621395
395118	0.002292846098
395150	0.008243522812
395190	0.001464188513
395220	0.003492017034
395248	0.005504516822
395338	0.009435510205
395461	0.0001756677726
395558	0.003170995694
395573	0.004142794786
395735	0.01042788884
395756	0.001593482112
395785	0.002144531301
395813	0.02124953125
396256	0.001575985529
396263	0.002112435236
396394	0.003060140967
396427	0.0009195592995
396442	0.0002483991192
396453	0.009538877555
396505	0.007151229171
396529	0.01135194191
396536	0.01064133581
396547	0.004207810507
396555	0.008063435163
396697	0.01163770734
396803	0.00208185465
396824	0.004954421934
397157	0.003376747166
397299	0.002955070581
397346	0.001684644663
397471	0.002170759081
397494	0.00170538512
397614	0.003861993111
397659	0.003004611609
397743	0.00283316148
397772	0.00825361918
398025	0.002768128196
398122	0.003512976175
398261	0.01282111811
398315	0.01450236575
398534	0.007068472363
398631	0.006403494116
398746	0.004980991539
398870	0.002823334562
398886	0.002638968778
399118	0.0031469269
399159	0.002102835706
399233	0.001819922269
399290	0.002817767673
399373	0.0005066580711
399423	0.004272580849
399433	0.0009347868378
399461	0.001472619234
399498	0.00425362065
399556	0.0006866427962
399579	0.001335559137
399593	0.002240876349
399611	0.004014629311
399634	0.0002245374772
399671	0.01103545564
399682	0.004839523144
399955	0.003041858225
400132	0.003866334747
400166	0.003096914921
400255	0.01326231971
400325	0.01408540746
400345	0.003383835033
400556	0.00489350752
400564	0.01262473261
400591	0.006968216088
400603	0.02359178463
400646	0.004297428677
400812	0.004366067874
400847	0.02780139383
400943	0.008602286116
400961	0.002566067692
401001	0.004101563617
401025	0.006903469475
401047	0.004107262234
401111	0.003741397982
401166	0.003978142228
401208	0.002818646304
401213	0.002293310684
401259	0.007368867183
401332	0.002204444676
401337	0.004557796075
401431	0.0009380891746
401436	0.0140582392
401487	0.002475535831
401558	0.001957627033
401626	0.003659621482
401661	0.002457630818
401666	0.006283895999
401788	0.002177212729
401839	0.01049484885
401939	0.002863021004
402017	0.001990223192
402021	0.00362147165
402047	0.001128611607
402119	0.004125156832
402241	0.002247631085
402539	0.001557969236
402640	0.01729032103
402693	0.004937524663
402844	0.008186227943
403008	0.005022497907
403029	0.003956586521
403255	0.0001422296962
403298	0.003831243174
403331	0.003199863889
403337	0.001003885051
403418	0.001665622529
403453	0.009514086279
403867	0.01268363936
403939	0.004124422399
403946	0.001693927368
403958	0.002192354128
403965	0.003221876788
403995	0.005648545354
404166	0.004441027534
404219	0.003645980829
404406	0.002718843258
404481	0.01071549071
404605	0.01536191346
404729	0.002868973169
404778	0.0009157520877
404979	0.005440610751
405023	0.002951973353
405160	0.005054962619
405164	0.006449883862
405290	0.007679733317
405355	0.006207203291
405358	0.003915345972
405377	0.0004742815658
405440	0.001861512173
405500	0.008234763382
405521	0.002937522308
405562	0.001420247253
405762	0.002950919432
405924	0.003721031896
405928	0.004094359114
406229	0.01202584023
406239	0.003577466606
406287	0.007485688591
406362	0.002112165217
406398	0.002263937721
406464	8.668831762e-06
406487	0.01102914085
406495	0.002934097134
406584	0.00318737602
406749	0.01115331429
406910	0.0003712781435
406917	0.0001608886921
406927	0.001013144837
406988	0.002565141784
407096	0.002958483734
407155	0.006258302977
407293	0.004004736803
407346	0.0001833472403
407414	0.004123518914
407432	0.00382033636
407452	0.003631048952
407527	0.004176365152
407672	0.004356206387
407860	0.004157653202
407872	0.005261272892
407877	0.001561950717
408014	0.006349014658
408018	0.005380410699
408038	0.0027187807
408114	0.007002903292
408273	0.004217040253
408312	0.007814240996
408397	0.01349426634
408513	6.692870384e-05
408592	0.005463189752
408595	0.009604081722
408598	0.004089058713
408700	0.01642387118
408727	0.003296731046
408761	0.002399622631
408926	0.01414705615
408957	0.0008293413803
409024	2.678391983e-06
409096	0.003572728928
409125	0.003414655317
409131	0.0002361361766
409620	0.006165988625
409639	0.001451833644
409871	0.007145969133
409985	0.0009892550541
410015	0.003838165255
410041	0.006203335762
410089	0.004713540786
410155	0.001470537869
410163	0.002007083343
410283	0.001177514655
410311	0.0007375174751
410625	0.003316262809
410635	0.012242271
410675	0.01386687411
410686	0.00583752048
410951	0.001467354037
411137	0.004209653889
411169	0.0005725551287
411207	0.008917367843
411293	0.005109264213
411310	0.006118322593
411403	0.002454633176
411526	0.007131811026
411637	0.0006394584107
411640	0.0255647061
411730	0.0008807812109
411833	0.007400236923
411884	0.009141869365
411959	0.003029056751
412067	0.001941669012
412292	0.003550475443
412315	0.004344900431
412332	0.005073538084
412501	0.01014786055
412502	0.01111945174
412623	0.01620623213
412624	0.005650646863
412748	0.005081367338
412772	0.01832261097
412775	1.006713068e-05
412813	0.007998422399
412827	0.006691383371
412845	0.01180385443
412879	0.004084377916
413050	0.01966388667
413060	0.003543708438
413183	0.002143416473
413379	0.005158522931
413403	0.001103730909
413598	0.01483249731
413636	0.007781753756
413685	0.00609368944
413692	0.002521259269
413697	0.004244762854
413800	0.01811661439
413830	0.00555689163
413958	0.007560829805
414230	0.003905490524
414317	0.004954298191
414333	0.0004057819269
414362	0.0006516144332
414745	0.01146980004
415024	0.003226224336
415036	0.003135154652
415085	0.001042050548
415167	0.002374661962
415319	0.003597585141
415377	5.993058606e-05
415423	0.006677056635
415522	0.002369430598
415547	0.01390629238
415619	0.001740184032
415622	0.01328003998
415654	0.009956932346
415781	0.0007787394348
415834	0.001091407287
415848	0.004223078988
415889	0.005961876443
416054	0.00151707424
416113	0.004236799395
416135	0.003047144608
416225	0.00807977676
416270	0.0002052103416
416639	0.002550732205
416674	0.002036566922
416785	0.000213028133
416923	0.00172654557
416985	0.00140419184
417030	0.008053311092
417274	0.001801110272
417389	0.01160484349
417496	0.00505590434
417596	0.000501648217
417613	0.005975549527
417712	0.008574012449
417757	0.002631668376
417950	0.005311360539
417963	0.001594800171
418017	0.02036506343
418046	0.002004238389
418192	0.005768344341
418200	0.002102912412
418226	0.001575070366
418276	0.002420412388
418290	2.914580745e-07
418473	0.003446843566
418511	0.002532278715
418537	0.008152242721
418607	0.005354892441
418661	0.0161888775
418734	0.002571600014
418747	0.003314067002
418785	0.00539504699
418854	0.001433139523
419024	3.63491429e-05
419159	5.032488513e-05
419186	0.005712352858
419240	0.01404106138
419248	0.001790529815
419286	0.003331113914
419287	0.005836467942
419342	0.004411900245
419370	0.003917116049
419389	0.01329850444
419468	0.0009354792973
419599	0.004122302699
419613	0.002791304716
419727	0.002142569079
419753	0.006335094802
419812	0.003882574699
419837	0.002521641749
419982	0.003266264899
420030	0.01157856767
420133	0.003937893742
420164	0.0004945531109
420237	0.01065230228
420321	0.004501506378
420451	0.002656499989
420613	0.008048646771
420708	0.003784552896
420771	0.004980161794
420985	0.002869014327
420988	0.005320317644
421156	0.002652343118
421224	0.0007412675041
421431	0.001870066822
421496	0.002216246104
421509	0.01453728578
421533	0.002918976946
421584	0.001607238657
421663	0.008637462001
421838	0.008952426699
421859	0.009564049608
421868	1.436545348e-06
422241	0.01886483096
422442	0.001049986743
422535	0.005840213356
422549	0.004753259955
422578	0.004521885817
422647	0.01083752194
422787	0.003532899716
422991	0.01104893651
423026	0.004644632787
423027	0.004125994175
423139	0.007352155427
423633	0.02041238746
423637	0.007421902669
423642	0.01169765409
423714	0.004993354145
423742	0.01169151169
423753	0.009283580328
423772	0.0008413358068
423916	0.002152237197
423950	0.004420741703
424020	0.002259942086
424120	0.009251993909
424169	0.006579476408
424210	0.006054467735
424427	0.00138570668
424555	8.601695015e-05
424633	0.0009394350811
424668	0.009028066084
424675	0.001065270081
424687	0.002015470227
424717	0.005828024538
424875	0.004218030733
424995	0.003910469265
425075	0.003553007847
425209	0.01915387189
425415	0.004114836308
425676	0.008284013638
425721	0.002303891526
425818	0.01281040167
426015	0.002795443273
426105	0.004290866463
426151	0.002381500704
426205	0.007624531568
426268	0.006592274995
426324	0.006264864296
426352	0.001128131733
426429	0.006400397896
426431	0.003267031569
426568	0.002393606873
426799	0.004062098664
426813	0.004041452352
426852	0.004959990912
426877	0.007499295164
426934	0.009695863662
427053	0.005039724439
427248	0.007337039275
427364	4.824932479e-05
427402	0.001938355975
427451	0.003640034361
427501	0.0007130383387
427507	0.004452459573
427515	0.002152797079
427517	0.0003251696864
427596	0.006061983325
427683	0.007347261198
427708	0.000468258823
427773	0.003933980023
427890	0.0176003457
427957	0.004197031872
428114	0.001510879165
428125	0.02772934682
428193	0.006507535455
428251	0.002962946476
428304	0.008700124562
428306	0.002933024614
428335	0.01228878248
428448	0.004306996779
428474	0.007199136373
428579	0.01162597758
428591	0.01238385545
428627	0.002336870641
428715	0.005884838211
428821	0.009793648429
428838	0.005947088517
429015	0.003230783618
429137	0.005035437927
429212	0.003113964062
429288	0.003423542224
429297	0.002448664027
429622	0.002290576902
430004	0.02154273082
430163	0.002430666287
430194	0.01270106875
430254	2.43344844e-06
430291	0.001323912868
430413	0.001150419332
430801	0.00385706501
430858	0.01304215626
430894	0.005843234718
430977	0.005779689557
431006	0.006197908393
431197	0.0004564037847
431209	0.001741556763
431410	0.00275189039
431640	0.003434303926
431658	0.003924244713
431662	0.00268393051
431726	0.0006685274837
431755	0.001771741843
431859	0.0005816097312
431932	0.006989474313
431941	0.004919562789
431999	0.006525483544
432077	0.007730572324
432267	0.002406443874
432344	0.004110771356
432377	0.002222627375
432383	0.0009895172095
432622	0.003013197282
432673	0.00291236822
432733	0.002601936441
432791	0.005013078465
432851	0.0006510850546
432899	0.006132148989
432902	0.00502683164
433030	0.0007994067713
433120	0.002677314047
433202	0.003649535509
433444	0.005981019175
433466	0.002748834472
433596	0.00284034632
433610	0.001569424013
433665	0.008089057572
433695	0.01305528943
433773	0.004889563465
433943	0.006719341883
433969	6.317526006e-06
434065	0.003838021122
434171	0.001461870439
434179	0.0001091593697
434332	0.007449773152
434409	0.004757026962
434723	0.001192720666
434885	0.005769395963
434975	0.0003998641939
434980	0.003331658047
435046	0.00574570621
435203	0.002452299332
435305	0.0002214815578
435459	0.003598557536
435469	0.0004452729619
435511	0.003124824518
435512	0.003630260728
435610	0.003665268304
435712	0.003700242252
435777	0.003866612651
435831	0.01445597138
435890	0.005286137131
436009	0.01395308016
436055	0.002883266179
436073	0.003905293922
436145	0.008038703626
436198	0.001955406188
436314	0.009129052482
436342	0.003638978846
436664	0.008204466877
436786	0.009135546037
436792	0.001284221595
436796	0.0003675544282
436814	0.005150569161
436894	0.00031344293
436900	0.01743289076
436912	0.007578606423
436963	0.007692848595
437033	0.00323604963
437037	0.00705226977
437043	0.0009052393528
437176	0.001826600016
437274	0.005094158555
437425	0.004632118354
437474	0.01437298375
437475	0.001720519394
437530	0.0002293739036
437755	0.002670236653
437830	0.006621908765
437862	0.002856135554
437865	0.01178935549
437892	0.0007937585378
437982	8.510420071e-06
438017	0.00168772305
438198	0.001835781642
438202	0.01206523142
438408	0.001876622509
438550	0.01979196465
438864	0.001828653551
439239	0.00783537778
439290	0.004448137926
439396	0.004591341209
439414	0.01216987685
439467	0.001401149795
439474	0.0006960936424
439492	0.01154491309
439857	0.00336942195
439871	0.00158247772
439875	0.0008281321309
440019	0.0006513755605
440097	0.006185919729
440218	0.009839705216
440231	0.002579449956
440262	0.003689765904
440266	0.002404831127
440307	0.001411122036
440439	0.004505615623
440454	0.007883530265
440497	0.002511626621
440815	0.005463557018
440877	0.002143280655
440939	0.001431511836
441118	0.001527772133
441208	0.004351286497
441320	0.02787777937
441503	0.006014923547
441688	0.003833246944
441736	4.285249755e-06
441808	0.01061405026
441888	0.001514781781
441895	0.003781371639
442174	0.004479458703
442185	0.001359346241
442284	2.779833248e-06
442399	0.002497009484
442412	0.004617021462
442424	0.006096649194
442466	0.002552273749
442494	0.005850002553
442672	0.002041017483
442755	0.001048936577
442897	0.004119285865
443174	0.001330928777
443183	0.002692636788
443212	0.002261929735
443361	0.01009706839
443500	0.006316642374
443573	0.003637417313
443752	0.001649717616
444098	0.005083599602
444206	0.003531330121
444467	0.008574159704
444547	0.00530299048
444570	0.005490552817
444655	0.002075200221
444665	0.0003704491288
444722	0.004155746705
444733	0.01410896848
444850	0.003926230237
444851	0.001250977727
444855	0.007337672327
444985	0.007612803349
445131	0.002574134453
445191	0.01308763818
445234	0.008599283296
445252	0.001555184378
445288	0.002732281934
445428	0.003746088097
445584	0.002587659227
445809	0.009959039021
445946	0.001791952977
446006	0.001594658206
446018	0.02373496915
446346	0.001325025992
446459	0.003795189145
446476	0.001133369183
446555	1.109953957e-06
446579	0.003464128259
446604	0.003607412023
446618	0.008194933219
446630	0.003061251386
446666	0.001241926816
446748	0.0009362600753
446789	0.00213704579
446927	0.005112525535
446967	0.0007145252205
446988	0.002669229444
447124	0.002649328409
447142	0.001222736065
447214	0.001018643565
447650	0.005511574208
447725	0.005121096193
447749	0
447773	0.002876358814
447968	0.003080099731
448034	0.002930992033
448142	0.008206562333
448196	0.008599909966
448390	0.003260514742
448391	0.007193800755
448743	0.01109525485
448758	0.005484090469
448760	0.008413610255
448805	0.003859692332
448820	0.003695529157
448920	0.003758058583
448938	0.003274855269
449003	0.03025858678
449115	0.001234365188
449133	0.009214628441
449172	0.0001999157669
449316	0.0004563653728
449383	0.003108497733
449572	0.000751613052
449611	0.0006211063281
449766	0.01178739822
449820	0.007180519004
449863	0.01753883238
449886	0.003526482873
450038	0.004541219387
450083	0.004076819054
450160	0.005131005416
450235	0.00719890252
450360	0.005044603886
450395	0.01196064944
450498	0.01016770247
450504	4.774780242e-05
450557	0.004077529506
450590	0.001752971132
450630	0.00538547264
450691	0.003572417264
450714	3.818036067e-06
450773	0.003796120034
450870	0.006200785061
450916	0.001065467313
451039	0.0008148597294
451063	0.004907993622
451100	0.0004226511185
451200	0.004146336921
451249	0.008004213055
451271	0.003570760777
451473	0.006357329315
451539	0.001546137616
451586	0.002473994255
451591	0.02127694976
451629	0.004809165949
451689	0.002095262081
451830	0.00352269954
451862	0.0002333712243
451918	0.004042450546
452087	0.001229420491
452096	4.164657417e-06
452109	0.003314023736
452171	0.00630051726
452248	0.0005826094846
452270	0.004271225634
452273	0.0009695809079
452284	0.002012766393
452387	0.006182485162
452417	0.001657253264
452496	0.01412996048
452704	0.0005503447356
452799	0.005326689049
452953	0.001267511114
452993	0.01495882572
453065	0.001175623976
453083	0.005813267796
453192	0.002124839958
453280	0.01105579598
453337	0.009439671708
453384	0.005101992184
453472	0.003673308667
453484	0.0009361413194
453780	0.007884978523
453844	0.004377184437
453967	0.003821268486
453979	0.0005217428493
454081	0.008251303012
454148	0.02783453275
454223	3.042841004e-06
454271	0.00216182014
454278	0.00488723595
454290	0.01004675919
454318	0.003855218203
454651	0.002725097313
454682	0.006803217376
454751	0.005443766226
454913	0.001479845306
455002	0.005209095688
455088	0.001899121258
455179	0.003560636611
455193	0.003844314794
455252	0.003065260405
455323	0.003074196004
455458	0.002136939782
455477	0.004392167576
455514	0.01474515509
455597	0.00452116884
455776	0.002602730836
455782	0.006408700275
455877	0.004082476529
455881	0.0003861274871
455926	0.0009144504616
456080	0.002533953154
456120	0.001175254493
456178	0.006870681713
456194	0.004029366872
456374	0.00557992996
456529	0.004459514181
456604	0.003972870144
456612	0.006139725504
456628	0.00386216329
456636	7.793305823e-05
456712	0.01117175542
456725	0.003296671257
456743	0.008957053316
456769	0.001635407903
456785	4.159282199e-06
456957	0.0006568871302
456965	0.0007274959017
456984	0.001749088972
457101	0.002465133236
457158	0.001672507959
457502	0.01981601592
457520	0.004339940079
457587	0.0008142513265
457630	0.002728845574
457661	0.008055678792
457760	0.009270573646
457778	0.01316178329
457791	0.0002947301617
457800	0.001643090548
457859	0.008498496501
458153	2.013218958e-06
458177	6.618295591e-05
458191	0.004853254083
458348	0.002824527614
458437	0.006230927509
458501	0.004448860008
458661	0.003646690088
458827	0.01972020984
458880	0.01252479298
458903	0.0009880308832
459035	0.003503326994
459082	0.009735709033
459269	0.001721806367
459348	0.01180570958
459372	0.003606484339
459466	0.002292574856
459535	0.000117917653
459612	0.00391197962
459637	0.001951283704
459701	0.0006644234029
459714	0.002347882648
459719	0.002756783576
460142	0.02066387897
460157	0.004664099054
460287	0.003175534613
460383	0.001493910863
460394	0.0004607032534
460559	0.003205175439
460611	0.0005682284583
460690	0.002130083148
460817	0.001707161044
461038	0.003202427288
461069	0.0006824608101
461103	0.004646809734
461165	0.001377243948
461219	0.006690332167
461447	0.0006698606291
461538	0.01131669246
461706	0.0009316596594
461828	0.00977378144
461839	0.01143838689
461905	0.001150742135
462025	0.00623036589
462026	3.859657978e-05
462062	0.0001915176844
462070	0.0001291997778
462095	0.004003959695
462183	0.01100853721
462288	0.01077577623
462303	0.0003975211917
462313	0.02169095417
462383	0.003196604706
462515	0.002078259897
462657	0.002333827748
462937	0.0005164377773
463040	0.0002943373169
463048	0.001989060359
463192	0.003854725133
463238	0.01183710239
463248	0.01754601913
463336	0.006535137418
463414	0.006875222448
463584	0.004388565822
463781	0.004327257097
463851	0.01330614695
463962	0.003549878171
464019	0.004924548983
464049	0.001066437889
464104	0.001380230872
464147	0.0009346099169
464190	0.002154590798
464449	0.01856127519
464511	0.001494585988
464563	0.004061532197
464570	0.002060046311
464611	0.006065509282
464698	0.007843685133
464700	0.001136488786
464722	0.001765127639
464758	0.001328276499
464783	0.007309865521
464848	0.004381215544
465004	0.00226946502
465033	0.01195217841
465067	0.002600033247
465143	0.0004666098859
465226	0.003225965289
465498	0.001810437848
465585	0.003132417714
465679	0.009729336323
465682	0.0003207105876
465691	0.01057911273
465726	0.007119225958
465991	0.001566231024
466047	0.005498507369
466106	0.001628838752
466141	0.01452664593
466237	0.003033827827
466280	0.005642366049
466370	0.006736433844
466454	0.0008927339099
466593	0.003909261618
466726	0.008626259901
466805	0.003293862091
466857	0.004097254495
466958	0.001984242642
467185	1.000917603e-05
467190	0.01941805282
467199	0.002341516757
467320	0.006184918077
467347	0.00510302039
467430	0.002296943859
467458	0.002842392525
467486	0.007086416669
467794	0.006069874671
467981	0.004328017244
468009	0.01103443837
468208	0.002597408231
468270	0.003013014523
468330	8.580008854e-05
468365	0.0005672418876
468588	0.006624649229
468673	0.006616339862
468913	0.002192115092
468963	0.003152479247
469039	0.002029058586
469193	0.01434508913
469255	0.006786885012
469378	0.006983778468
469568	0.004343695174
469569	0.01261594991
469655	0.002839639074
469807	0.004043292617
469815	1.156773003e-06
469817	9.500840459e-07
469890	0.005226808477
469908	0.002981872104
469986	0.007585870666
470014	0.009801020037
470032	0.004761726886
470113	0.004216678811
470218	0.0008716756264
470394	0.009762010947
470439	0.004068444797
470611	0.006192249916
470692	0.008874673226
471027	0.001419802849
471109	0.003944969669
471518	0.005441725945
471632	0.005371241568
471832	0.006427007516
471917	0.002270343642
471925	0.0034215104
471973	0.003702869989
472064	0.005205646208
472121	0.002772840619
472316	0.001980282284
472363	0.009357158553
472512	0.01498534054
472533	0.01120685153
472786	0.007748262958
472918	0.003945098187
472919	0.00696167977
473030	0.003421186272
473073	0.003417579722
473171	0.00816573569
473247	0.006945997367
473302	0.00347633429
473526	0.005000070419
473772	0.005282261835
473823	0.00305290923
473944	0.001620028076
474146	0.01176651553
474210	0.01512664
474452	0.002658774433
474487	0.005480245134
474534	0.007533173323
474692	0.001814551003
474700	0.005512048006
474767	0.001819876285
475048	0.006108451124
475113	0.00266432383
475116	0.003225346108
475159	0.001459608336
475251	0.004924832685
475479	0.008092932293
475512	0.0003989907231
475659	0.003394361622
475687	0.008979437786
475704	0.004927053327
475779	0.004208292899
475918	0.006074213226
475972	0.0001917857881
476086	1.755394196e-05
476133	0.01021990072
476446	0.003716325825
476480	0.002477975105
476634	0.004447370743
476884	0.006899502035
476975	0.00070064513
477059	0.003658102486
477073	1.320068698e-06
477164	0.002468188494
477301	0.001550865604
477323	0.002732898804
477328	0.003631330885
477414	0.002168335709
477664	0.004976167135
477666	0.006467582918
477689	0.001196375817
478000	0.002456454753
478020	0.009891696389
478190	0.002499515272
478366	3.050850812e-06
478388	0.01253581925
478465	0.00403625944
478506	0.003336280779
478536	0.0004799887539
478582	0.004211641978
478853	0.00242250168
478854	0.005066052233
478902	0.0009195105986
478960	3.331225558e-05
479023	0.003282419707
479108	0.01629582968
479126	0.005573960312
479136	0.009008293576
479156	0.001765489042
479307	0.004445062112
479366	0.00257055095
479369	0.003054204623
479624	0.003230156162
479695	0.002965808397
479760	0.01274983737
479762	0.009704698082
479841	0.0003036020438
480248	0.001470624727
480277	0.007456730898
480410	0.002836412517
480463	0.003671258061
480651	0.01500142913
480719	0.0009744375316
480762	0.02195310827
480865	0.004309850307
480869	0.003475284708
480897	0.003189690342
480957	0.001903921446
481070	0.003070143873
481077	0.003829180853
481242	0.005890168341
481405	0.001708925252
481541	0.00496450347
481629	0.00384212852
481669	1.981244976e-06
481735	0.00645378246
481827	0.0009481267913
481856	0.006729072447
481900	0.005982190057
482092	4.792062535e-06
482173	0.004381896981
482231	0.0001199588369
482285	0.0008909854277
482320	0.001084950714
482333	0.001527906419
482365	0.003709276042
482410	0.007296195731
482469	0.00277404542
482688	0.004756803714
482791	0.004346879257
482804	0.00765997133
482841	0.004944230233
482881	0.003310085698
482978	0.004330427425
483107	0.006160642402
483151	0.004005378685
483195	0.003008645936
483212	0.002944987797
483236	0.002371649325
483393	0.004139607806
483462	0.0003149079581
483652	0.001303708157
483827	0.001605691754
483854	0.01165517068
483981	0.0006430346885
483996	0.002221351192
484100	0.003152386784
484101	0.01343986371
484117	0.0004277324738
484170	7.259765825e-05
484331	0.00215850397
484374	0.001355515739
484440	0.001773871267
484599	0.001747609473
484611	0.003519098626
484624	0.0007721671455
484632	0.007299320464
484745	4.371185744e-05
484847	0.001123785519
484960	0.001105063948
485136	0.00232807995
485196	0.001714691312
485310	0.005472510707
485324	0.001027356421
485331	0.0002943170115
485803	0.006170551105
485911	0.009269105411
486019	0.006566447117
486049	0.001391796712
486085	0.0002928630575
486226	0.0001676964613
486227	0.0009872296367
486322	0.004261869984
486365	0.00681024068
486404	0.005346888644
486418	0.00296969797
486538	0.01242805302
486635	0.01056299283
486704	0.004725515542
486843	0.00466156999
486972	0.002750351907
487123	0.005987774362
487427	0.005984953658
487596	0.006999101771
487615	0.002790392871
487637	0.002589688165
487764	0.002453265936
487798	0.00229802978
487858	0.002611028666
487875	0.0038443864
488041	0.0004744897388
488162	0.012788331
488164	0.006291823222
488208	0.0001214977832
488226	0.01305796438
488299	0.0009313812491
488392	0.001554848579
488417	0.008463086962
488463	0.01352493864
488564	0.002811016497
488633	0.001049010291
488653	0.0006770024521
488674	0.007851880044
488743	0.0005502111134
488900	0.0008107186833
488920	0.01287364694
488961	0.001111129088
489169	0.002412516307
489202	0.0004759576408
489246	0.002098819823
489333	0.0063870183
489348	0.00255825134
489377	0.001940132504
489473	0.001802673768
489505	0.00297408134
489627	0.005880554904
489669	0.0009619593205
489698	0.003801882822
489854	0.01201021834
489894	0.001121092095
489962	0.004797110245
490035	0.002159711121
490086	0.008120573877
490181	0.001754162832
490392	5.571492512e-05
490503	0.01282856389
490523	0.006665646157
490528	2.062645405e-05
490973	0.001447863267
490974	0.007321218247
490995	0.002572651579
491007	0.001608162876
491226	0.004855450158
491300	0.005933751077
491404	0.001066114066
491714	0.001971870598
491717	0.005247352939
491726	0.001519184782
491727	0.002364999073
491811	0.00581515145
491922	0.004107750862
492010	0.003557068672
492159	0.002713852169
492160	0.005165347235
492188	0.006642857419
492266	0.006142598428
492371	0.0006464247744
492607	0.01867331315
492731	0.003565902202
492893	0.005629655821
492918	0.006127923555
493024	0.0009445255778
493203	0.003666718432
493644	0.005854233478
493692	0.003498490291
493719	0.001584486493
493915	0.001112469904
493949	0.0054955396
494064	0.0005806116442
494115	0.006573280563
494133	0.02895760416
494407	0.005409327675
494445	0.001434903654
494450	0.001491394098
494534	0.003729204181
494544	0.01084854723
494572	0.001456118878
494597	0.0008583451126
494721	0.007107790011
494826	0.01568389981
494968	0.002861765248
495475	0.008246752802
495559	0.001844948691
495609	2.500707995e-06
495639	0.007148326297
495657	0.004475671865
495710	0.005788261245
495749	0.004128325608
495755	0.01192615129
495772	0.005360384188
495867	0.01096374955
495875	0.01404033598
495988	0.006756916909
496051	0.00313172723
496155	0.01931457297
496347	0.002183472317
496372	0.005198028256
496541	0.001342300068
496647	0.002320925643
496720	0.01420626043
496805	0.003236740124
496810	0.003643005256
496823	0.009892035029
497045	0.003696828211
497190	0.004519873677
497371	0.002566955148
497596	0.003239414592
497693	0.002131708932
497697	0.001641372474
497909	0.0216716553
498019	0.001188795793
498020	0.004098840023
498083	0.00374286637
498178	0.001278986328
498559	0.003447084088
498594	0.009014727906
498607	0.00237005971
498846	0.0001264875703
498869	0.002930692886
498893	0.0009058993927
499004	0.0001367234875
499058	0.02313376949
499079	0.002179143417
499134	0.0004706825511
499156	0.002303192992
499168	0.003986977832
499197	0.002034133149
499259	0.02132137873
499292	0.001338782311
499343	0.003180395727
499370	0.003910914882
499398	0.006743532828
499420	0.02135554983
499442	0.004427937796
499466	0.0001869374162
499567	0.002262135398
499631	0.003484936242
499668	0.002065545041
499827	0.003296849586
500039	0.001776175647
500052	0.001187675622
500068	0.001224908875
500100	0.006089071586
500167	0.01810621255
500222	0.003971843539
500230	0.01325079819
500328	0.01114968527
500360	0.008610149371
500476	0.01945681268
500550	0.006248754644
500700	0.0001334691736
500867	0.005103486266
500902	0.01065438474
501016	0.001348796991
501056	0.003472397383
501140	0.005477112203
501413	0.001007289418
501461	0.01890483903
501827	0.001890537756
502067	0.0001942862125
502185	0.001670065007
502543	0.005093094628
502549	0.01210269759
502560	0.002887830236
502565	0.01006582454
502664	0.007787707517
502715	0.001907114
502730	0.001161753422
502918	0.003496577072
502977	0.006831526098
503019	0.001128445093
503057	0.01881403864
503086	0.002192570766
503203	0.002185368694
503217	0.00244831764
503264	0.003863397708
503394	0.002712297546
503451	0.005456815342
503535	0.0002644343218
503652	0.005953700078
503706	0.003719982564
503713	0.01393189669
503716	0.01582752055
503835	0.002382614745
503933	0.01318810687
503946	0.006525212909
504006	0.00488120519
504315	0.00192339732
504347	0.006642529914
504380	0.003942891429
504424	0.001112299584
504508	0.0178696262
504564	8.351299666e-07
504660	0.003306461552
504754	0.0004743614709
504799	0.002048043161
504807	0.003069950863
504980	0.01173635558
504999	0.001027164373
505204	0.003360946907
505232	0.0167692178
505387	0.006808703845
505432	0.003852337565
505841	0.009197954123
505853	0.01062904935
505953	0.005015370446
505962	0.003581053711
506011	0.002352393027
506149	0.00565853843
506237	0.00378543557
506246	0.003246409321
506570	0.005658642141
506656	0.005389148409
506869	0.00502003025
507161	0.0008826850241
507394	0.005483946109
507433	0.002238733067
507606	0.0004731622071
507625	0.005485928017
507858	5.752447423e-05
507865	0.0004785088773
507871	0.0001799579841
507934	0.01557419941
507947	0.00352869424
507957	0.01598738102
507963	0.00412397407
508050	0.0008260068509
508303	4.887756096e-06
508319	0.005482509846
508325	0.002718288244
508524	0.003500199592
508526	0.004864514458
508545	0.004120846442
508676	0.004350857197
508698	0.01565988399
508728	0.00010318459
508814	0.0245748993
508850	0.001653748904
509125	0.004981291744
509168	0.0001994308908
509175	0.000812320081
509231	0.02258463435
509249	0.002407539629
509261	0.002073720296
509358	0.004417433113
509541	0.004420414312
509594	0.002815390397
509837	0.002379914445
509876	0.00368562021
510021	0.003008706853
510066	0.002091547149
510155	0.002011367229
510320	0.007820968603
510327	1.099124674e-05
510347	0.005447609042
510398	0.007946723434
510440	0.001413120387
510457	0.002713440788
510468	0.001852126905
510531	0.002722282202
510573	0.001161846809
510683	0.01524616292
510689	0.004943156604
510832	0.00103962409
510938	0.005694167242
510986	0.006141654015
511036	0.003669287278
511231	0.004298789195
511489	0.000138061658
511521	0.004656856971
511650	0.006806833199
512093	0.0004241995343
512124	0.008875306407
512215	0.005960072565
512240	0.008244362166
512314	0.005292939127
512454	0.01617617519
512591	0.001557724311
512599	0.003717363938
512611	0.008757103541
512638	0.002113368006
512711	0.001765146939
512957	0.001510445079
512974	0.002122485104
513055	0.01598560787
513102	0.005907506402
513144	0.003960154872
513342	0.01212663899
513349	0.003086199437
513429	0.006815539023
513447	0.001542318744
513557	0.01338866685
513581	0.002933151383
513598	0.0001364835514
513874	0.006926013029
513953	0.001925879616
514081	0.00134793029
514169	0.002663854062
514206	0.004616880981
514326	0.005541276661
514338	0.003063741563
514505	0.004576665579
514525	0.004240966904
514549	0.003039208571
514564	0.00523688422
514589	0.003043446861
514601	0.003895136356
514647	0.001337483372
514662	0.008128151771
514669	0.005266412029
514713	0.002507089973
514832	0.003177767973
514869	0.007121159579
515064	0.003458732344
515168	0.0008931279917
515182	0.01430368184
515276	0.0002664645966
515400	0.003494025945
515528	0.01312498748
515716	0.005058040218
515932	0.006746469961
515981	1.051715633e-06
516055	0.00945473291
516123	0.006062884781
516258	0.005009862917
516423	3.729667157e-06
516431	0.01228339417
516472	0.003268483325
516510	0.00210099277
516581	0.002190920902
516720	0.002495262773
516736	0.003300160945
516764	4.971078772e-06
516852	0.00466449607
517038	0.002262009462
517061	0.006948857389
517126	0.005193197414
517169	0.006825563722
517286	0.009692388996
517326	0.00965696898
517376	0.004796162985
517418	0.0009303665997
517436	0.002340638884
517442	0.009578924937
517558	0.001291592589
517578	0.007804434962
517594	0.006134317685
517726	0.002330385632
517869	0.001325327408
518076	0.001916912835
518133	0.001558451734
518230	0.003749580753
518471	0.003399993673
518503	0.006003313553
518571	0.003086598456
518660	0.004754613355
518695	0.001875682143
518748	0.01111174469
519092	0.00249556309
519174	0.002122561866
519208	0.001231516452
519242	0.003964418485
519384	0.00265262978
519429	0.01234053998
519482	0.005996353154
519531	0.002853473802
519557	0.003413222157
519641	0.002423572871
519693	0.001331841365
519745	0.01293919847
519983	0.002200825049
520177	0.002129383262
520179	0.006354809226
520338	0.009005432067
520389	0.00284521006
520662	0.004937459932
520718	0.002733584926
520885	0.006929089961
520998	0.01685476944
521024	0.005329251901
521032	0.004770798743
521115	0.0004369825733
521159	0.002783086636
521277	0.001043576089
521445	1.861232026e-05
521650	0.01407637056
521707	0.006772565469
521847	0.002735159532
521877	0.002130662214
521922	0.0003887437211
521987	0.004206308106
521989	0.008934169084
522050	0.004203028544
522102	0.003027434929
522115	0.001242855805
522365	0.002789907498
522399	0.001657941825
522453	0.001587731679
522484	0.003573011713
522769	0.01012904002
522802	0.001351114456
522839	0.003129508786
522860	0.006678541634
522933	0.01536889558
523014	0.002881189076
523072	0.002462592904
523173	0.001475836814
523187	0.003517494846
523485	0.003967331058
523513	0.001138778439
523584	0.002316760621
523608	0.001159552944
523702	0.004122007546
523715	0.003722446927
523787	0.01635459908
523791	0.01129550355
523822	0.00677151993
523853	0.009244885836
524171	0.02617058598
524207	0.01104582372
524299	0.002893585722
524397	0.005504003977
524780	0.004072551661
524793	0.00868104526
524893	0.000927486761
524938	0.008159324338
524993	0.01437784902
525157	0.003933383395
525337	0.003678697326
525375	0.003942199699
525561	0.002464221528
526013	0.003173306979
526055	0.01005922433
526105	0.0007155268261
526154	0.002034991008
526253	0.001483536148
526269	0.00127876568
526316	0.00320625278
526472	0.001575061193
526543	0.01933328086
526674	0.001734093833
526772	0.004268127348
526840	0.006604713633
526850	0.001562662607
526883	0.006969244822
526925	0.001105972683
527178	0.008082087121
527216	0.006789841753
527227	0.002795992574
527231	0.0134616733
527258	0.000472111483
527314	0.004097851266
527502	0.0006586916267
527668	0.004167839849
527674	0.009017270377
527677	0.02481372892
527704	0.005582795094
527706	0.003223349194
527817	4.503214582e-06
527899	0.01809893731
528024	0.01383516917
528031	0.005569678537
528232	0.007123507589
528604	0.001654014804
528642	1.161416843e-05
528652	0.01144595159
528795	0.002357361235
528863	0.00137734091
528913	0.01011643593
528942	0.02063721334
529057	0.002682248463
529098	0.00725203382
529100	0.003465922811
529181	0.00466158233
529242	0.0008224186579
529286	0.003325370768
529382	3.775975054e-06
529561	0.001174304664
529576	0.008958954277
529604	0.003985019664
529730	0.005853068853
529843	0.004700617159
529880	0.002463490651
529931	0.00347374921
529990	0.002693787066
529998	0.003110824416
530083	0.008478059847
530105	0.007758661153
530127	0.005583225951
530175	0.002985140104
530367	0.0002563788372
530428	0.001493316608
530439	0.01569906615
530452	0.01657000004
530457	0.006937589076
530492	0.002336221244
530616	0.01162260594
530676	0.003725748998
530724	0.004047778523
531008	0.006013649136
531295	0.02616510514
531349	0.007050096118
531351	0.005609236263
531378	0.004222797078
531381	0.001468260871
531401	0.002989150461
531569	0.01067532066
531764	0.01154095017
532040	0.01015615778
532138	0.00207761672
532229	0.001228784537
532337	0.01834242958
532404	0.0004224582152
532437	0.002825902571
532442	0.001634593837
532493	0.008810112941
532651	0.00523797829
532687	0.004248604603
532839	0.007741189854
532847	0.005423380757
533002	0.02574777886
533183	0.001298423829
533206	0.00141316164
533462	0.008413624904
533481	0.003746261176
533650	0.007261278998
533652	0.007558355699
533756	0.002417784877
533760	0.006625386223
534104	0.002258502711
534209	0.01267096465
534277	0.01015399877
534372	0.003571026105
534392	0.004731474557
534406	0.008972421131
534505	0.005020710696
534535	0.00282132425
534631	0.006048981544
534640	0.003138630646
534769	0.003481654902
534832	9.015503476e-06
534865	0.0003914172415
535020	0.001326442948
535085	0.00237196476
535351	0.01303097898
535403	0.0007629533386
535405	0.0001837027186
535411	0.01334003108
535624	0.009851926558
535662	0.002886104194
535747	0.0005749320756
535934	0.01231776543
535972	0.003677377039
536162	8.220358596e-06
536227	0.00867868992
536269	0.0003740543824
536312	0.01103049113
536323	0.003026457636
536337	0.001766339606
536347	0.0001414789972
536481	0.004129458666
536607	0.003707855483
536635	0.01189846244
536694	0.002951811961
536724	0.003430981647
536734	0.0009877436669
536778	0.002619316923
536924	0.002502879416
537030	0.007650899166
537226	0.002141085521
537287	0.0006356558233
537369	0.001962986799
537492	0.005408165952
537516	0.0002485352456
537797	0.01300870329
537824	0.01494409922
537845	3.477489571e-05
537856	5.4810333e-06
537877	0.002752373126
537968	0.005891787999
538010	0.001174042509
538027	0.004287624736
538136	0.003097006025
538322	0.005502043573
538334	0.001464424251
538429	0.0001176267616
538500	0.003149067927
538545	0.005232736142
538575	0.0009224507688
538784	0.0007343839872
538811	0.0002820649331
538830	0.0002974063591
538842	0.006669681615
538956	0.004021704381
539159	0.003535241312
539169	0.01028200955
539191	0.004969049089
539275	0.00477763873
539384	0.0008840002486
539669	0.003753184866
539772	0.002978214043
539774	0.008994906812
539797	0.004457843069
539858	0.005329406495
539997	0.01869530843
540088	0.002705300992
540168	0.001542555756
540496	0.007073408448
540546	0.01402943679
540873	0.005539655789
540888	0.0001843685321
540904	0.01124974438
541005	3.580210541e-06
541163	3.495046319e-05
541198	0.0007605428351
541206	0.002815976946
541320	0.003308374784
541361	0.002601446589
541363	0.001274300706
541454	0.002096350471
541468	0.003849000284
541574	0.00238020748
541675	0.002643953313
541848	0.002683975648
541944	0.007312125119
542109	0.005472982257
542252	9.318131989e-07
542377	0.001265343137
542460	0.005950434989
542474	0.008758846437
542513	0.01061542189
542660	5.247945652e-06
542799	0.007693576622
542863	0.01036263511
542900	0.001308162833
542932	0.0001111500143
542966	0.01228728301
543025	6.112571691e-06
543050	0.006190755847
543128	0.007027967322
543155	0.00636304788
543396	0.006133601162
543496	0.007561876863
543565	0.003934223205
543629	0.002995906051
543656	0.003794572443
543812	0.0165952102
543814	0.008737496676
543951	0.002340961448
543986	0.00494005286
544130	0.003378620429
544453	0.01077989895
544529	0.003571639968
544567	0.001925053485
544681	0.002326865611
544780	0.001183493501
545001	0.001623779145
545012	0.001111553653
545053	0.004983472007
545214	0.005720311977
545420	0.002196852238
545481	0.009411678051
545513	0.005711608441
545602	0.004072785319
545656	0.02187207959
545674	0.00342987319
545720	0.005644538464
545746	0.001111501284
545754	0.003401599164
545831	0.0008819004758
545879	0.002475079807
545899	0.005272061408
545935	0.005492968545
546043	0.002931775636
546065	0.001318698675
546104	0.000960199563
546265	0.001603074237
546409	0.001545413588
546524	0.004115430843
546775	0.001498719124
546858	0.001883523269
546917	0.00467892068
547049	0.01231682619
547128	0.003507091631
547210	0.003739848168
547227	0.00116343452
547844	0.0163993957
548135	0.003305963227
548148	0.003780396236
548373	0.01242725126
548399	0.001382969607
548579	0.002101033809
548757	0.002196801152
548989	0.003142561237
548991	0.002558563254
549002	0.006321451005
549042	1.235040744e-05
549093	0.00601951862
549171	0.004591981964
549176	0.004162396832
549270	0.01034930851
549404	0.004495494375
549454	0.002055312764
549523	0.004947872852
549616	0.006698487779
549808	0.001330118178
549966	0.004236514266
550032	0.005558263119
550104	0.003522144065
550313	0.002063304673
550393	0.001931309527
550426	0.008265030958
550486	0.002597244791
550528	0.002709232762
550578	0.003388673219
551056	0.01230612601
551127	0.003003207506
551152	0.002263242444
551357	0.004016424445
551434	0.007006902263
551473	0.0009192317456
551481	0.003323442839
551507	0.0097090551
551675	0.002746780551
552017	0.008536522724
552137	0.002048285195
552288	0.0005838443645
552326	5.88245146e-06
552417	0.006226568156
552616	0.001272121098
552620	0.008374696076
552628	0.02654313464
552652	0.0016440168
552791	0.01580280274
552822	0.005042479212
552870	0.005197686056
553033	0.002636352291
553035	0.002053494006
553170	0.0008242070188
553230	0.003029738523
553286	0.0113568815
553302	0.008119356046
553388	0.003953892454
553390	0.002640186858
553397	0.004316568806
553689	0.002165350136
553770	0.01205944637
553773	0.00127545205
553887	0.006618719613
553927	0.002335332838
553991	0.0003290048958
554090	0.00336341748
554427	0.008429500212
554511	0.01184228797
554635	0.002688642856
554871	0.003634077868
554929	0.0003653099197
554992	0.007670771607
555032	0.002583714538
555186	0.001205189313
555229	0.0005711145492
555255	0.01156344042
555462	0.0001121332118
555491	0.003396133957
555757	0.0008271040097
555841	0.01229499132
556006	0.002643496472
556033	0.009267169395
556143	0.006501189281
556210	0.01040513249
556301	0.001990367907
556393	0.002673504562
556695	0.01388729533
556942	0.002651146741
556958	0.005717777418
557048	0.003669808857
557135	0.006925536099
557142	0.0007431683828
557143	0.0001545632994
557196	0.02342633036
557244	0.005629743862
557342	0.002943091288
557620	0.003770322132
557901	0.00175295409
557960	0.001117662352
558013	0.001656279567
558028	0.009095042212
558057	0.002556967783
558206	0.00220823124
558343	0.001488757068
558396	0.006057720349
558489	0.009156238177
558808	0.0009616684306
558826	0.01647357114
558920	0.00580966854
558928	0.004196921844
559011	0.01191880313
559103	0.01265417287
559347	0.003031966483
559405	0.00113771401
559408	0.002105171378
559605	0.004663720304
559675	0.009448886873
559805	0.002451417895
559822	0.02099356122
559931	0.005485401443
560000	0.006327679454
560020	0.008330813511
560044	0.004370321016
560163	0.01343294534
560575	0.001898398969
560581	0.002296164069
560584	0.001734099923
560594	0.01094687596
560617	0.00405980426
560653	0.01103819258
560760	0.002391431011
560851	0.0007727281411
560983	0.004870088982
561127	0.00568729917
561189	0.006206742206
561249	0.004620497189
561295	0.004413339551
561324	0.001369469173
561364	0.007402025268
561435	0.0004965160981
561603	0.0008474657154
561642	0.008620362823
561715	0.01450816888
561738	0.00364583931
561744	0.005610278341
561762	0.005502001472
561822	0.006679399851
561896	0.003871616891
561959	0.001580299268
562013	0.003600239651
562052	0.009446254187
562204	0.02626459279
562238	0.007686546372
562389	0.0003943157317
562466	2.048837512e-05
562568	0.002570796051
562734	0.003150686483
562781	0.009968476696
562889	0.00304855274
562980	0.002798353179
563048	0.0100457154
563157	0.01089123169
563289	0.003291337738
563371	5.207191405e-06
563373	3.72496894e-06
563380	6.101320982e-06
563484	9.977443117e-06
563770	0.001180935498
563771	0.002731043008
563779	0.0004055419149
563823	0.02015575108
563827	0.001074162697
563865	0.0008345152748
563928	0.005444543357
564067	0.000724966837
564149	0.005090558452
564185	0.01000927955
564255	3.104331104e-05
564279	0.008069228496
564282	0.004940419201
564301	0.007001728529
564433	0.007253064603
564451	0.008667755875
564560	0.003704011671
564862	0.00238062384
564971	0.000317879931
564975	0.0005060205427
564982	0.01104348804
564989	0.008839458569
564996	0.0009314906935
565070	0.007790982945
565190	0.003179442963
565282	0.001623005922
565295	0.007387834832
565342	0.008866389768
565439	0.006392088609
565700	0.002634076467
565772	0.001747569982
565821	0.002164622362
565938	0.02506062202
566209	0.002460370876
566282	0.005892143411
566290	0.0063483412
566356	0.003335231985
566427	0.02255464259
566440	0.002492459149
566636	0.002684999754
566741	0.0003089163072
566870	0.009733108747
566947	0.001705681172
567002	0.002696449415
567008	0.004914706897
567026	0.01075212431
567097	2.696325689e-06
567101	0.001262489859
567243	0.002920656316
567292	0.001052432239
567312	0.002295770218
567327	0.002492590303
567344	0.00224478801
567436	0.002535479901
567447	0.008725283318
567497	0.01008501988
567544	0.0007189710138
567587	0.005769151237
567728	0.00217660798
567947	0.00643788883
567991	0.002592771944
568019	0.001756776187
568042	0.01156921105
568197	0.001870798542
568335	0.001449935961
568629	0.00112955565
568664	0.007214638184
568692	0.005226863801
568706	0.008130254833
568720	0.01919198351
568744	2.563628225e-06
568766	0.008695089293
569047	0.005128309352
569178	0.00815157661
569412	0.003574200555
569438	0.005588985988
569504	0.001652943027
569513	0.001143189087
569740	0.01577566365
569835	0.01235373262
569847	0.004056420831
569950	0.0022688677
570029	0.0002510619089
570140	0.004877618146
570416	0.002318034912
570446	0.008740844852
570600	0.00321524417
570612	0.002253948185
570641	0.00336075594
570730	0.001730880075
570755	0.005904185974
570838	0.00160348736
570847	0.003651051528
570862	0.000498796765
571183	0.01357703365
571214	0.005599150502
571279	0.001345530647
571419	0.005259102592
571491	0.0007978536721
571669	0.005090268868
571681	0.005219905736
571752	0.003074049983
571762	0.005059266515
571802	0.0008120103699
571855	0.002568760897
571865	0.00152826093
571889	0.0009455298862
571980	0.002708708135
571991	0.007241005405
572042	0.0007522994067
572137	0.002828872782
572188	0.0009311353342
572320	0.001086498049
572395	0.002617018396
572459	0.002204243027
572670	0.005842275329
572708	0.007819027987
572710	0.007747602582
572742	0.002106134335
572747	0.002352691459
572851	0.004551151727
572867	0.001863720288
573025	0.001630912412
573044	0.01294601992
573201	0.006296517881
573278	0.005403481043
573388	0.002543722594
573481	0.002141225708
573568	0.002730785514
573665	0.005147756582
573683	0.003459004061
573697	0.008684159239
573991	0.001655820058
574026	0.02177320634
574054	0.001594168719
574068	0.001265621613
574104	0.003428586629
574168	0.01159729597
574482	0.01555706182
574579	0.002228182664
574638	0.002256492967
574644	0.00442179719
574861	0.004492332408
575018	0.009443378567
575048	0.01284955252
575065	0.003086147834
575070	0.004546479783
575265	0.0001780106394
575270	0.01158400559
575495	0.008351523552
575539	0.01415019349
575766	0.006229467118
575898	0.005907694858
575938	0.002917273168
576110	0.0005801487219
576159	0.00438543143
576299	0.002941727767
576302	0.0149997794
576309	0.0003113358348
576375	0.002133337248
576382	5.48856245e-06
576383	5.251802724e-06
576505	0.00260063536
576617	1.062674334e-05
576636	0.005784756586
576679	0.005330641289
576768	0.003769407809
576802	0.006150656214
577034	0.0006326371039
577072	0.007319671798
577079	0.004070268928
577173	0.0008512302167
577317	0.009429447056
577427	0.001158452853
577432	0.003028290816
577470	0.007308833827
577475	0.005932356418
577477	0.002550865682
577516	0.008830549398
577518	0.006321964716
577871	0.003482531784
577915	4.680952946e-06
578052	8.262121334e-05
578076	0.0008297318048
578588	0.002450203895
578625	0.002954494782
578655	0.001394100953
578907	0.01366855833
578918	0.01285334696
579219	0.001753423748
579275	0.00456998248
579442	1.011367512e-05
579444	0.004894653629
579455	0.001020793009
579547	0.002880812661
579548	0.0008235002982
579611	0.008115647899
579651	0.003839613462
579757	0.01788969395
579787	0.00257856772
579996	0.0005487816652
580011	0.006444119661
580056	0.00496709499
580067	0.00318031311
580203	0.01574023943
580226	0.003428074945
580367	0.0001183532269
580446	0.01009904578
580564	0.0006300740585
580788	0.02032907853
580811	0.003920337541
580843	0.01252317765
580890	0.0166542175
580909	0.01465812097
580924	0.01020750891
580948	0.003383003886
580997	1.066560696e-06
581141	0.01077283738
581194	0.0004965985349
581305	0.004473980203
581313	0.006348720297
581326	9.641003505e-05
581501	0.01131038641
581609	0.003893781481
581664	0.001233186159
581698	0.005310214725
581820	0.0005047633687
582065	0.001072868407
582084	0.003110373541
582107	0.0043233789
582341	0.0004123765053
582355	0.001042548276
582524	0.005419709213
582591	0.004793990195
582765	0.001235299535
582800	0.004895855373
582851	0.0001922504986
582857	0.009145924816
583111	0.008648368288
583335	0.01126327664
583425	0.002556872487
583443	0.0009273126817
583449	0.0001773577476
583501	0.01275072661
583544	0.002344332584
583595	0.004459070968
583633	0.00151565499
583728	0.00350717249
583888	0.003297731754
583907	0.0006039541648
583955	0.002556790674
584016	0.01047503004
584023	0.001736338667
584143	0.007266545308
584151	0.01172548092
584282	0.00368102037
584395	0.002523473507
584581	0.001598761195
584587	0.002001886117
584597	0.001575750858
584598	0.003946651464
584600	0.002197687155
584652	0.01699846315
584749	0.002374553831
585095	0.002686263128
585149	0.001942059645
585250	0.01119115722
585319	0.002806354646
585426	0.005882063031
585570	0.009433317848
585777	0.0002021028173
585801	0.002671146166
585912	0.0067651507
585981	1.047109857e-06
586001	0.01234310523
586050	0.005085280925
586091	0.003151859137
586092	0.0004690573628
586175	0.007531458113
586238	0.002827992372
586330	0.02131563478
586355	0.006501556542
586409	0.004112230196
586590	0.01251433687
586591	0.01308245506
586685	0.002612595305
586722	0.01106741235
586941	0.001173841699
586957	0.005365528734
587152	0.0002957113369
587190	0.001715959231
587226	0.008192496842
587323	0.002192924095
587385	0.005065419894
587414	0.01432297674
587435	0.002239250376
587587	0.009489966652
587638	0.01212538862
588388	0.004820588202
588506	0.0003793320832
588565	0.009823653447
588695	0.003019148148
588767	0.0008542450016
588778	0.00383104526
588868	0.004933905987
588954	0.00234242943
588981	0.009142159219
589113	0.003662761765
589191	0.01123650495
589265	0.002711730899
589514	0.01648254239
589538	0.0002083046773
589592	0.01158084515
589618	0.0005439818225
589669	0.001215581863
589748	0.002404638169
589822	0.0008357195763
589863	0.0007255991362
589911	0.001191141064
590122	0.002886249141
590212	0.007130823351
590361	0.007562351798
590365	0.002099615585
590529	0.004659010673
590574	0.002269902551
590661	0.005660602325
590673	7.916649266e-06
590820	0.01742499951
590830	0.00143711487
590877	0.01356244898
591074	0.001298129906
591104	0.005136669091
591133	1.747530391e-06
591158	0.002619399961
591227	0.006331059483
591231	0.001815241478
591254	0.004754520445
591267	0.004384154575
591307	0.002764289829
591489	0.00687424191
591554	0.006580678052
591641	0.005984008538
591655	0.002208856535
591785	0.005086670677
591838	0.004188335623
591846	0.003461462637
591995	0.004797164948
592016	0.0008478649273
592073	0.000160590449
592083	0.009861471438
592086	0.002183716043
592262	0.0004938734046
592420	0.002372395917
592702	0.005064088773
592963	0.002154712433
592982	0.0004146536461
593002	0.007221030306
593226	0.004315390449
593228	0.009185188499
593343	0.001481583222
593423	0.0111032134
593471	0.01142987754
593487	0.002774146302
593764	0.001170335373
593798	0.002237855763
593804	0.003327984309
593824	0.006508569514
593990	0.003357068513
594031	0.0007089601931
594177	0.00133387038
594201	0.00383392739
594219	0.002166624157
594222	0.001934972495
594315	0.007164943626
594332	0.01707209781
594382	0.003955507146
594585	0.004603955748
594852	0.004190736381
594984	0.004699808826
595006	0.00265687282
595083	0.003991150238
595123	0.01083395243
595214	0.005787775248
595300	0.003203184355
595375	0.0116597664
595406	0.002557428707
595423	0.002324628777
595526	0.003204747372
595576	0.0002802139297
595886	0.01818801464
595923	3.072928086e-06
596013	0.0009356643329
596014	0.003256210267
596023	0.004402908807
596056	0.002494473634
596242	0.0002219153999
596300	0.004134824981
596381	0.006006797906
596425	0.005637759741
596541	0.003193683212
596673	0.009702936281
596793	0.0007900717798
596867	0.01333203065
596937	0.001413444135
596972	0.005660791886
597054	0.01433130376
597108	0.01441969037
597185	0.0009931145633
597294	0.01380428534
597456	0.02536478846
597505	0.005388308107
597512	0.002881482196
597561	0.006355833292
597640	0.002136171673
597691	0.0117640985
597988	0.002230053276
597994	0.00349966304
598065	0.01174996551
598198	0.002824153709
598233	0.00184039572
598239	0.01162149335
598274	0.006349227138
598325	0.006235880141
598362	0.002135573529
598603	0.004211659724
598940	0.007471934078
598970	0.001961704194
598976	0.006284336557
599001	0.003332584509
599017	0.02160393153
599034	0.008223586678
599165	0.003617396629
599329	8.963185192e-05
599436	0.01012262633
599437	0.01057533992
599438	0.002061860959
599453	0.002428240273
599689	0.005249164519
599748	0.002990553075
599771	0.006823299318
599833	0.003117895888
599942	0.01353918748
599990	0.0001067937864
599991	0.0006252290824
600171	0.002021111547
600358	0.004434936082
600375	0.002653922681
600397	0.004562543448
600459	0.002505571354
600525	0.01399127087
600545	0.005586776525
600752	0.008147048566
600822	0.0007957463764
600831	0.0001905670097
601002	0.009339549674
601066	0.004534334295
601125	0.004006570722
601136	0.0003916587813
601179	0.00395004302
601258	0.0003610787565
601327	4.587522818e-05
601361	0.01365322446
601384	0.00970125262
601562	0.001813112176
601666	0.008054280593
602101	3.785005246e-05
602103	0.00490527048
602126	0.007686500384
602233	5.189458915e-05
602396	0.009467252902
602513	0.007298713263
602631	0.002479158779
602731	0.00457004804
602848	0.007993909278
602951	0.005358441733
602984	0.005230477503
603015	0.000138144455
603017	2.729207776e-07
603047	0.003332986755
603229	0.005612857491
603321	0.003337153946
603606	0.008144713627
603633	0.003241043723
603674	0.01210172087
603689	0.006623513939
603910	0.0004421599079
603919	0.007095105255
603963	0.009730596078
603988	0.004790390338
604000	0.0008694771204
604196	0.004364417363
604305	0.0002492856235
604397	0.008782177269
604547	0.003202879211
604645	0.02115361039
604746	0.003173211947
604873	0.0008075075053
604956	0.007582839798
604960	0.01072924229
604965	0.0032916939
604972	0.002074692991
605195	0.003512127782
605324	0.008094722664
605428	0.01519494553
605444	0.005105927255
605447	0.0003637345542
605705	0.004722441594
605765	0.008747746501
605840	0.0004828232563
606000	0.002595099597
606160	0.001037299329
606275	0.01298360267
606376	0.002688804962
606469	0.00207258081
606706	0.01802912639
607091	0.008177864992
607188	0.007611924765
607339	0.003566353563
607541	0.003988592277
607598	0.007554443444
607604	0.003029457919
607733	0.01313263921
607735	0.008416959841
607745	0.007477611674
607821	0.004269053488
607915	0.006624196658
607954	0.01227165617
608179	0.008063084937
608279	0.00091275502
608282	0.008194541031
608289	0.01417492921
608342	0.003155703589
608365	0.009595097517
608376	0.003192422617
608401	0.00330892628
608535	6.334312346e-06
608593	0.0002017924854
608769	0.0003994211349
608978	1.923006651e-06
609001	0.004819818406
609041	3.716518673e-06
609111	0.002749354591
609272	0.001569632276
609286	0.00540180345
609303	2.106808682e-05
609305	0.003352842898
609347	0.01958095872
609474	0.003994288395
609597	0.001102763241
609701	0.004938711998
609713	0.02303639115
609936	0.004534688426
610058	0.004123603482
610083	0.002436808809
610280	0.003898662035
610488	0.02133228853
610505	0.001620065975
610552	0.003855985394
610643	0.003215626238
610899	0.002986224101
610952	0.01946302185
611209	0.00224489066
611250	0.01869312345
611280	0.00209486361
611364	0.004953727415
611541	0.003210314068
611583	0.006603049885
611694	0.004220435517
611700	0.006017341554
611713	0.001078262161
611911	0.02130746197
611989	0.00321631791
612021	0.008145138287
612195	0.004694391806
612545	0.00149098936
612763	0.006137556719
612835	0.0002334431067
612865	0.003473341023
612880	0.006557179678
612910	0.01220572349
612948	0.003806278095
613013	0.0007201642657
613115	0.0002146945407
613275	0.0006571798134
613451	0.004614655545
613463	0.01094589717
613484	0.0002908515612
613513	0.001156133762
613605	0.01502018356
613750	0.0004318349898
613752	0.007288589176
613827	0.001606624182
613829	0.004739339977
613830	0.001562222307
613944	0.01018631464
614130	0.002671792814
614203	0.002999635444
614234	0.007357336845
614277	0.003895967721
614332	0.008706604962
614341	0.003150396848
614470	0.008172895364
614492	0.01063622116
614546	0.006014394907
614651	0.003650991816
614695	0.02045321594
614783	0.005612095755
614858	0.00933428724
615119	0.00103241166
615150	0.003132469559
615173	0.008202538198
615202	0.01054324195
615300	0.003363464674
615314	0.004216980498
615470	0.0003371881944
615484	0.0003768307748
615514	0.0001993485833
615560	0.009321401241
615578	0.002785309149
615619	0.01224477472
615737	2.854819849e-08
615887	0.0006154470823
615935	0.01351631258
615970	0.003702653806
616055	0.005890042873
616098	0.004365734419
616265	0.005642994277
616360	0.01155793518
616416	0.002669622102
616493	0.01155295928
616567	0.001348035474
616742	0.008226827833
616797	0.001282515389
616815	0.004432698759
617024	0.004736230082
617080	0.003154832025
617098	0.008897017212
617144	0.00783397906
617145	0.001834113577
617208	0.004816418347
617233	0.00509082435
617473	0.003916223398
617534	0.0113956427
617602	0.002154946283
617696	0.0005625461515
617739	0.005205585943
617741	0.002569813583
617754	0.01844166836
617795	0.003439296164
617836	0.006724449388
617841	0.00164726773
617852	0.003283964465
617920	0.002973652351
617922	0.002668459475
617934	0.005026788192
617943	0.006218769827
617970	0.008399857565
617979	0.001913830225
617996	0.003983900367
618066	0.0004994217415
618190	0.004076141941
618291	0.003358810237
618490	0.001595123398
618715	0.0006990568845
619000	0.02075853547
619026	0.002560529185
619113	0.01236599512
619130	0.01316676959
619369	0.006711828504
619672	0.004079075733
619775	0.002345319483
619781	0.006390809212
619789	0.003113003895
619922	0.004825252555
619948	0.001304904336
620001	0.002318955641
620059	0.008861792027
620274	0.01594625605
620288	0.002082543296
620474	0.01078633982
620501	0.0036976956
620542	0.0008741560037
620770	0.0007944029399
620794	0.002418310515
620888	0.001283142196
620966	0.007286624228
621109	0.005327250265
621113	0.003976287624
621151	0.005576293926
621452	0.004433539251
621485	0.006451022286
621502	0.001694373775
621503	0.001751452331
621516	0.0001992113819
621531	0.004353587778
621559	0.003203682054
621621	0.009722121035
621736	0.003081018827
621743	0.003129562631
621804	0.005957023247
621956	0.002923336713
621973	0.001983084454
622049	0.001219329759
622211	5.521514823e-05
622294	0.004429650841
622481	0.002194736939
622536	0.005169416145
622647	0.005271904118
622656	0.005812221696
622708	0.005839199335
622780	0.003090443918
622859	0.002493818455
623067	6.488777132e-05
623103	0.003358791619
623236	0.001299691061
623287	0.002305729229
623371	0.005612899057
623395	0.01196668381
623607	0.00290601341
623691	0.00780008916
623890	0.001198292478
623959	0.0009224649038
624001	0.00611570503
624126	0.002757922679
624345	0.004725598025
624546	0.001916204877
624578	0.005177338055
624623	0.004912905218
624656	0.003281302919
624762	0.003499596556
624904	0.002571762492
625132	0.000961598297
625145	0.003348793113
625311	0.0006819719173
625323	0.004052261826
625493	0.002817308077
625700	0.001909498681
625740	0.004288264868
626105	0.004127277933
626179	0.007571812323
626215	0.002676693527
626236	0.01852825135
626400	0.01200382996
626591	0.003768532943
626815	0.005962946938
627037	0.00506966331
627039	0.0001304609754
627070	0.000106213514
627170	0.004290871141
627216	0.003465823479
627282	0.004298072983
627372	0.001451340565
627407	0.002592109009
627433	0.006601871104
627487	0.004880305624
627592	0.005191219091
627597	0.001370474164
627743	0.003963182255
627794	0.001340970259
627841	0.009333735246
628144	0.004250595294
628245	0.005025555794
628261	0.0169255531
628552	0.01215105318
628617	0.0004626834576
628771	0.002265162605
628791	0.00513713688
628814	0.01272352446
628902	0.002664509173
628949	0.006160234696
628975	0.002109973585
628979	0.005769377833
629102	0.01148477729
629216	0.002503312558
629340	0.01598585982
629350	0.005263839103
629455	0.0016020446
629463	0.002340732031
629532	0.005344355882
629547	0.0007197993544
629581	0.002555666394
629653	0.007308420809
629730	0.002453657483
629758	0.002704290524
629771	0.01677845696
629867	0.001401357216
629975	0.00465200463
629991	0.00687606984
630083	0.0009898055647
630105	0.001383851748
630245	0.000269368346
630370	0.00752687684
630409	0.003186896018
630544	0.01153593874
630676	0.001432900557
631008	0.006546527582
631094	0.002678887221
631178	0.004710292673
631512	0.002697288369
631557	0.003984466459
631579	0.002122775583
631744	0.004160269439
631818	0.003078493192
632091	0.002005987492
632198	0.02103042946
632232	0.0008399043124
632233	0.0006078821714
632296	0.004071654533
632337	0.003080751897
632458	0.01399322473
632469	0.002330945818
632561	0.009263800115
632594	0.0006788957857
632685	0.00844004218
632733	0.006635438264
632745	0.004633798198
632765	0.002781176583
632853	0.003745534555
632962	0.004040072518
632977	0.001647606123
633207	0.002669610874
633242	0.004509625769
633278	0.01227023624
633334	0.008866137823
633378	0.004123205862
633527	0.003816004953
633563	0.002563805341
633630	0.003322829088
633637	0.004853617423
633796	0.005592049507
633973	0.006382514629
634047	0.004550165414
634072	0.004913011608
634118	0.002206191053
634269	0.0019678982
634284	0.004153363868
634379	0.007700548717
634383	0.01130104711
634457	0.004762833171
634466	0.01109820027
634499	0.004187135505
634566	0.002034012397
634749	0.004190892984
634838	0.004078738326
634843	0.006417221835
634903	0.003639196806
634907	0.002465744269
634952	0.00386984057
634996	0.003122320297
635028	0.000851382054
635155	0.001939361965
635203	0.003466336426
635230	0.005597978461
635258	0.004994484034
635445	0.001194222391
635451	0.009419580996
635481	0.008389100475
635500	0.01052444739
635706	0.006367304764
635741	0.003606213311
635872	0.02183692823
636324	0.003160328181
636340	0.002726377129
636585	0.005341210972
636657	0.00343372195
636790	0.001161571136
637161	0.00404670753
637173	0.002906703717
637223	0.004521724127
637329	0.005441125759
637418	0.005247718312
637525	0.02375605769
637553	0.004480925704
637818	0.01057801768
638286	0.001575055833
638336	0.01163199821
638439	0.003892524571
638474	0.003003399393
638605	0.01369932669
638614	0.005363835901
638617	0.002811955284
638661	0.005210247351
638774	0.001773564403
638915	0.002162077461
638954	0.004515902779
638956	0.001628560922
639047	0.001334496106
639099	0.0001482310962
639515	0.006308780027
639580	0.001971329482
639761	0.00334040815
639799	0.004357282226
639899	0.002854477058
640051	0.01430042365
640095	0.0009508431581
640116	0.01110360199
640151	0.002442000807
640185	0.004720833798
640296	0.007535680953
640345	0.008718334303
640384	0.004431733548
640460	0.004547899173
640535	0.004127293962
640578	0.001314283365
640592	0.004865746575
640631	0.01587710373
640755	0.005269956184
640798	0.01982818147
640853	4.316487612e-07
640887	0.009795066935
640945	0.002378249163
641111	0.005994514251
641184	0.008944193577
641264	0.001329099505
641333	0.006045829337
641335	0.005491966588
641350	0.00932630659
641843	0.00158978194
641876	0.02380544276
642088	0.001584171143
642102	0.006296504291
642147	0.00876337806
642346	0.007837907915
642445	0.001820254892
642457	0.004755733753
642501	0.005240765211
642515	0.02081199355
642587	0.01219063562
642612	0.003338519589
642796	0.004502690258
642807	0.002951962134
642895	0.0009071201025
642897	0.0007181416013
643023	0.005427257974
643169	0.0007666029106
643258	0.00882635529
643296	0.003020473871
643305	0.004334713636
643374	0.004692110546
643399	0.002946599693
643533	0.008238261233
643581	0.005090963399
643600	0.007187672692
643680	0.003791398888
643720	0.004633528311
643946	0.004915957655
643994	0.01027635831
644013	0.004936863735
644017	0.008746963963
644163	0.003798863277
644193	0.002622817408
644200	0.00394185695
644205	0.002510961917
644259	0.006830108498
644277	0.007982858016
644308	0.005152218116
644326	0.01033402971
644385	0.00529755329
644406	0.009937583832
644427	0.001210501054
644432	0.001166275429
644457	0.002132215502
644468	0.001067648633
644563	0.008766106047
644576	0.002558354539
644613	5.108033996e-06
644660	0.001182904066
644662	0.002001593716
644677	0.002453256143
644773	0.005014803886
644896	0.004170485374
645037	0.01342227823
645074	0.001683993692
645111	0.02863310519
645168	0.002879227912
645224	0.005745418626
645232	0.008297877506
645274	0.008766355516
645346	0.0008559622824
645401	0.006850916185
645816	0.01053664267
645819	0.0008227181101
645935	0.01666744623
646010	0.01374619046
646160	6.127899204e-05
646352	0.009089783029
646502	0.002977489126
646525	0.0005553967775
646779	0.0007220372983
646780	0.008103447221
646853	0.01913403143
646882	0.01023340826
646892	3.718332701e-05
646937	0.006909117198
646942	0.01140263342
647017	0.01377297816
647088	0.001406343718
647091	0.002026623626
647094	0.00892393671
647172	0.001217454796
647269	5.630009257e-06
647296	0.002929427031
647317	0.01112215987
647399	0.01048734104
647744	0.01065076015
647765	0.007335076351
647852	0.0181715031
647875	0.004580875568
647883	0.003208268586
647941	0.006604242964
648051	0.002999814862
648230	0.0214392377
648243	0.00368259753
648354	0.003619577977
648358	0.006788298537
648401	0.0008969761153
648434	0.002572467651
648580	0.003407163683
648623	0.0007322641797
648635	0.003368100535
648720	0.002075471957
648744	0.0005243453384
648783	0.0009868446554
648932	0.007564773455
648933	0.005777712591
649014	0.001441196376
649138	0.01438854326
649212	0.003381991346
649247	0.001473013623
649248	0.001911205833
649286	0.003526776395
649307	0.007111825563
649361	0.000351676367
649570	0.004025839233
649633	0.0003523116488
649679	0.00193272815
649746	0.004523133677
649811	0.002120026071
649829	0.002777442525
649948	0.002612985604
650053	0.003859158394
650154	0.001817598435
650384	0.00318755148
650405	1.170171624e-06
650444	0.006585633778
650572	0.005563696662
650657	0.001210841811
650671	0.009940113682
650707	0.003537153149
650739	0.005016501475
650806	0.007450228342
650807	6.982737095e-06
650862	0.0009574305274
650889	0.002818772012
651046	0.0009480400129
651067	0.001944742531
651214	0.002058320798
651248	0.003268557333
651364	0.001173283232
651368	0.003526089962
651387	0.002010127401
651640	0.008755911532
651794	0.002751269192
652020	0.002952531746
652026	0.005405438959
652125	0.003272291279
652167	0.009911674745
652268	0.006433713458
652530	0.004453011844
652582	0.001672508311
652860	0.002599823495
652948	0.005129229203
652980	4.887451582e-07
653131	0.01212340589
653212	0.003334018098
653301	0.005546701536
653446	3.954496455e-06
653469	0.0004279144893
653518	0.002001700912
653571	0.004050273379
653587	0.001919816829
653643	0.00543269529
653733	0.004645090741
653771	0.00210049192
653772	0.005896991335
653811	0.004533542358
653815	0.006961522652
653964	0.0001504511592
653985	0.01437886262
653998	0.002642756169
654037	0.002456063164
654064	0.004450517504
654203	0.01051403688
654287	0.009634264743
654467	0.005597246813
654578	3.840303661e-07
654636	5.44491663e-06
654695	0.001007148276
654733	0.005020594685
654996	0.005517144552
655027	0.0001350804069
655296	0.004306204344
655605	0.007179683705
655611	0.005891306981
655793	0.01787720517
655861	0.002648385419
655893	0.001221448132
656105	0.001476732559
656111	0.008053954574
656137	0.002439258361
656196	0.00947457584
656260	0.0122724337
656365	0.009217848821
656468	0.003825796553
656623	0.01082895648
656640	0.005886208627
656696	0.002587593251
656765	0.01037096212
656778	0.002940947933
656914	0.004092984276
657034	0.002552389356
657232	0.006072693977
657250	0.006374145152
657258	4.43766248e-06
657330	0.006282513496
657368	0.003134361036
657413	0.004475870675
657430	0.01856358416
657600	0.003522367192
657634	0.01224557457
657635	0.009858843888
657651	0.002558580828
657794	0.002302946767
657878	0.00257132005
657998	0.002639615725
658201	0.01138181973
658279	0.003866426451
658449	0.01132815733
658591	0.004925016628
658962	0.007013559562
659036	0.01041221767
659088	0.004871317318
659210	0.001513462928
659264	0.0004757587554
659314	0.003746070706
659363	0.008248300386
659447	0.006473592949
659497	0.003790975965
659775	0.003061987355
659779	0.02402530354
659831	0.0008815453958
659886	0.003659960897
659894	0.000966912853
659901	0.003542818102
659960	0.01440902018
659986	0.006062798993
659999	0.008111291377
660017	0.01605358604
660077	0.006067726673
660159	0.002186494321
660181	0.01353021931
660216	0.01468536661
660239	0.0002953502609
660397	0.003931030237
660411	0.01159748985
660735	0.00183857671
660739	0.004268622266
660772	0.00905016978
660865	0.01397075591
661072	0.00319230358
661241	0.002402123583
661437	0.0065674208
661480	0.003806929124
661667	0.005812914699
661671	0.006605102037
661679	0.003545512232
661762	0.005032708668
661878	0.01179140052
662118	0.002574926213
662346	2.156695844e-05
662423	0.01076815732
662496	0.002002008518
662561	0.005912176829
662598	0.004982866378
662648	0.005525383451
662752	0.002625071878
662941	0.000241579588
663023	0.01622846466
663078	0.006013636075
663111	0.005622474825
663257	0.004155189883
663334	0.004147934123
663339	1.397719798e-06
663389	0.006423467511
663564	0.001490722178
663659	0.003620342517
663670	0.005593087159
663682	0.02343555597
663711	0.006641772766
663810	0.003289184507
663813	0.004598477711
664041	0.003248137312
664182	0.006423220171
664312	0.0005072607447
664315	0.002981900528
664352	0.000183524059
664452	0.001406689874
664461	0.009075710523
664496	0.01417595875
664558	0.005214504816
664632	0.004857001914
664785	0.009959182678
664897	0.003035329354
665057	0.002252474132
665125	0.01209506947
665139	0.006152368154
665140	0.009448044406
665213	0.003352905692
665251	0.002627664334
665350	0.00658017855
665596	0.006806458541
665674	0.003880817684
665768	0.008594146271
665834	0.01070721947
665858	0.002035126411
665896	0.008076274649
665947	0.001974137381
666018	0.005859766241
666078	0.001961911208
666080	0.006220633276
666082	0.001748813573
666090	0.002460692388
666112	0.01761145057
666140	0.003912714979
666186	0.002796424037
666291	0.00317334237
666323	0.002472781234
666371	0.003905588057
666382	0.0007422139654
666416	0.001327203933
666427	0.02872062948
666735	1.720246197e-05
666805	0.008432566844
666966	0.004281225402
666996	0.0004879382332
667033	0.002954701448
667078	0.009136958922
667131	0.005920927049
667176	0.0003514139264
667303	0.003531781511
667333	0.001082901994
667374	0.001017678921
667398	0.01116234776
667464	0.0006409773187
667738	0.003094137366
667808	0.01811068912
667876	0.006970630163
668210	0.00397429714
668221	0.00215367719
668264	0.0007132648497
668308	0.003151814617
668392	0.004342014699
668436	0.0001477105366
668477	0.001836073724
668623	0.006033174287
668796	1.767704451e-06
668821	0.00298445988
668891	0.001500487799
668909	0.005184470537
668978	0.0002639852565
668983	3.699846525e-07
669002	0.008035957265
669027	0.008628591917
669031	0.008282233941
669081	0.008999356097
669083	0.004823559711
669181	0.01122791539
669259	0.004847116537
669354	0.008945281748
669429	0.006368182322
669480	0.002508556971
669524	0.02689880237
669569	0.00710509175
669573	0.01454586173
669709	0.01759470635
669880	0.006050808534
669891	0.006943270223
669911	7.247816634e-06
670059	0.003439474751
670284	0.01030725135
670332	0.001876337108
670498	0.005893157941
670546	0.001603834801
670551	0.003204529912
670759	0.001905171305
670983	0.002282361342
671091	0.0197208065
671201	0.000628257863
671289	0.00408725926
671363	0.001833325366
671390	0.009331892443
671439	0.003923140981
671521	0.003839953709
671694	0.008936565055
671716	0.004147718177
671805	0.004311645238
671892	0.003181247965
671912	0.01576393497
671964	0.008127081554
671989	0.000173204064
671994	0.0004633630509
672032	0.0002307489133
672159	0.005685131299
672245	0.003923609945
672317	0.006542983508
672343	0.002491167499
672375	0.0060588528
672513	0.004741999887
672522	0.008010474762
672571	0.004983914339
672607	0.001507116324
672636	0.003719952193
672690	0.02020713244
672986	0.0006746150186
673100	0.004773119686
673185	0.0036600145
673419	0.003548315574
673482	0.001423764969
673590	0.002447076714
673830	0.0003184023413
673844	0.0006913083131
673904	0.006602321332
674125	0.003283352833
674154	0.001625078116
674256	0.01595655262
674297	0.02210252929
674406	0.002229767078
674717	0.003253578556
674751	0.009195249519
674805	0.0006398051443
674894	0.01077643783
675030	0.002498139782
675090	0.01020362554
675224	0.002832814505
675502	0.002879252242
675732	0.007446769985
675789	0.002099445642
675798	0.005378858501
675855	1.722027333e-06
675865	0.00305711477
676045	6.387799971e-06
676149	0.004483187472
676151	0.002758298971
676200	0.006055095956
676207	0.007851158469
676296	0.005873444539
676469	0.0008977071507
676477	0.005132669676
676499	0.002346636394
676598	0.005546185629
676612	0.003618414399
676738	0.0114226063
676987	0.008831372776
677067	0.0208507769
677182	0.007525580133
677459	0.01047029945
677507	0.006156520526
677514	0.01801942957
677542	0.00939258195
677599	0.005521448539
677620	0.003141850158
677668	0.002603529469
677783	0.008590469602
677796	0.001628517889
677835	0.0105731677
678090	3.049175985e-06
678178	0.003675352089
678297	0.003042723027
678323	0.01300152444
678367	0.006562957928
678400	0.006311458018
678489	2.596874098e-05
678546	0.005255663768
678732	1.003170644e-05
678765	0.003491971626
678787	0.002792708681
678799	0.003973274878
678814	0.003467214012
678820	0.002633113023
678870	0.000191609372
678919	0.0007111196196
678977	1.113379741e-06
679231	0.0003202094427
679458	0.004146223541
679599	0.001777467194
679773	0.01026367281
679817	6.417635022e-07
679963	2.997560842e-06
680065	0.002122863335
680248	0.006793847132
680266	0.0008209488667
680476	0.005129684047
680525	0.002283962005
680605	0.007358426493
680784	0.004836480797
680901	0.01182703751
680912	0.0001176086453
680965	0.0006456969138
681351	0.01374324306
681627	0.004001628622
681737	0.0003097442108
681847	0.004280206305
681949	0.02110558108
682022	0.004746561419
682070	0.005253210291
682304	1.287714073e-06
682631	0.002511328443
682678	0.009812687135
682723	0.006816109702
682730	0.005294339103
682804	0.002449569071
682820	0.007721924524
682953	0.01357206766
683015	0.003231384209
683064	0.004995158316
683271	0.01284796195
683295	0.003193890915
683382	0.01492618298
683458	0.00509910801
683667	0.003972316064
683689	0.01255270326
683717	0.005508928617
683728	0.000368591086
683753	0.004199528605
683943	0.004790430564
683988	0.002048492301
684033	0.005132513961
684046	0.01000599465
684368	0.0007260346885
684393	0.00102591463
684555	0.0001845994711
684640	0.02170510385
684711	0.003524567633
684824	0.001225089441
684835	0.02197740213
684842	0.002868386331
684898	2.307836366e-06
684906	0.004319297978
684986	0.002570839643
685177	0.01888666669
685188	0.001142831246
685399	0.003659905902
685415	0.01361930631
685534	0.01280614649
685733	0.0005559020216
685816	0.008101379921
685930	0.001662540991
685988	0.002801034602
686125	0.005740652593
686209	0.004916283954
686244	0.007104024169
686306	0.000923635411
686628	0.002848032174
686720	0.003516344121
686851	0.009387847814
686893	0.002033528077
686910	1.472035781e-05
687073	0.01727261208
687125	0.002073763242
687200	0.003240088016
687241	0.00162702248
687333	0.001198794993
687637	0.004068161326
687700	0.002399378949
687854	2.762133365e-06
687899	0.002926630103
687927	0.003924174085
688111	0.001382008213
688163	0.0107854549
688182	0.008540304395
688230	0.01513068129
688363	0.00782149253
688449	0.00688713999
688492	0.01510581774
688595	0.000780150039
688644	0.00330916435
688659	0.006597285987
688688	0.002636025382
688788	0.003201513497
688978	0.0005584672708
688991	0.007334130298
689047	0.01503725049
689163	0.001034769768
689263	0.0006282736843
689357	0.004054608982
689383	0.007452621851
689460	0.0007123815563
689559	0.00488940096
689579	0.002869909242
689779	0.01007365174
689791	0.001388978728
689883	0.002112410058
689885	0.00266795765
689898	0.006639842327
689964	0.01310923184
690061	0.004824907965
690206	0.005621235545
690519	0.005781590814
690634	0.002253219988
690700	0.006879156698
690715	0.003914040544
690973	0.00218186095
691058	0.001232982234
691291	0.004886164354
691328	0.007456198578
691379	0.004403687149
691400	0.002998925743
691541	0.001625539463
691602	0.0007972240143
691692	0.003894575903
692012	2.031489805e-06
692016	0.009231317725
692031	0.001721803529
692044	0.01772685629
692092	0.001220869088
692252	0.004144143291
692277	0.0003332609189
692344	0.01017782205
692376	0.0006192825402
692466	0.002532975796
692493	0.02302151687
692539	0.00404502233
692686	0.01065229212
692794	0.02493661278
692852	0.0008151208165
692855	0.002709370711
693217	0.003985312367
693317	0.005205554151
693462	0.009351127998
693545	0.01079104798
693570	0.003856825693
693788	0.0006668732133
693793	0.003703517507
693921	0.0193734988
693966	0.002865740691
693996	0.001982337908
694041	0.02020286044
694044	0.003332969437
694131	0.0004535094894
694166	0.006770668073
694203	0.009135192739
694220	0.00995264216
694315	0.004868035315
694407	9.253422739e-07
694518	0.01203022128
694559	0.002627635174
694579	0.001726098803
694784	0.0002815020631
694859	0.007609756429
694913	0.001708950431
694918	0.0002924603608
695215	0.01279350167
695225	0.01349854533
695293	0.002805093341
695345	0.004161402492
695347	0.001375151701
695512	0.001053480281
695649	0.006111697883
695684	0.008685612671
695894	0.007452623863
695936	0.003134475678
696045	0.00203372785
696056	0.009860343467
696107	0.01286926853
696281	0.002652355427
696544	0.005170978217
696633	3.194478159e-06
696677	0.005725089488
696687	0.01135388596
696719	0.003037355501
696860	0.002118611487
696979	0.001568745593
697029	0.002681132017
697142	0.0003839052944
697181	0.003399444636
697362	0.0001980657078
697562	0.0002891209722
697714	0.005387272338
697761	0.0004436231546
697794	0.0005612727481
697988	0.01670665487
698001	0.002094024991
698057	0.002464762554
698128	0.007440042719
698145	0.0008589304609
698189	0.01762153312
698287	0.01245711906
698294	0.003587450327
698509	0.0005021639887
698715	0.00462693465
698821	0.004163715713
698868	0.001604118108
698941	0.004906998766
699124	0.00972643721
699356	0.0008174164443
699452	0.002805618386
699482	0.0001666045468
699651	0.005856432229
699735	0.001261473301
699757	0.002174477005
699918	0.007630567479
699930	0.003692699957
700014	0.001025272209
700032	0.001918195269
700100	0.008666070865
700117	0.003929001481
700122	0.002875791897
700182	0.01362755269
700335	0.0007656843367
700587	0.003495795704
700620	0.007527145041
700623	0.003219418157
701048	0.01579865389
701126	0.001154298128
701216	0.003878569881
701257	0.004479153943
701340	0.004245128779
701353	0.01225379581
701381	0.02239090776
701521	0.005203514788
701878	0.0001290844859
701938	0.001921537902
702071	0.005550639872
702088	0.007005473661
702381	0.001434599123
702387	0.0003569078828
702421	0.0004236438388
702439	0.0006182155642
702542	0.01166983488
702552	0.008767176251
702707	0.00195617251
702923	0.001000061389
703042	0.00507003893
703435	0.009560631946
703444	0.001801807028
703511	0.002604599959
703549	0.001787351612
703587	0.001044966844
703664	0.01087644822
703686	0.005404556274
703798	0.008213683754
703925	0.001726613942
703929	0.005493888156
703978	0.002268034559
704009	0.0009372811455
704030	0.003151475113
704040	0.003954919482
704115	0.003250830214
704127	0.006179141995
704131	0.01071900234
704205	0.00168602249
704359	0.008012317907
704438	0.00454006826
704445	0.003098363979
704463	0.00449827414
704503	0.01437601721
704504	0.01079491173
704533	0.001234924329
704574	0.003861712735
704648	0.00208441967
704667	0.0007908738155
704702	0.0001943555473
704772	0.01266957341
704978	0.01190884183
705101	0.00481577455
705112	0.006924924568
705113	0.03082055529
705126	0.0013461595
705230	0.002761359772
705255	0.02099178462
705397	0.014417918
705403	0.007571053166
705406	0.01569098368
705464	0.02045217685
705714	0.003087641007
705822	0.005432578646
705889	0.002228927337
705981	0.004341203071
706058	0.0008559946647
706091	0.0076806621
706192	0.01287093385
706256	0.005720389083
706342	1.179992204e-08
706379	0.005833141934
706457	0.001974673842
706498	0.008085491996
706518	0.004372409118
706600	0.006623274294
706688	0.01845599991
706965	0.008009942227
707003	0.002590984339
707112	0.00106396317
707120	0.005275541231
707189	0.003187132556
707274	0.004989952683
707617	0.005037179361
707630	0.008986829866
707650	0.002332851802
707666	0.003087862079
707921	0.001271350214
707936	0.006226339278
707937	0.005154584107
708061	0.004724047837
708104	0.000899802479
708126	0.002511199296
708265	0.001402058244
708424	0.004975827657
708494	0.006438021346
708506	0.009962342597
708630	0.002884809849
708780	0.0005764323135
708821	0.001716590436
708861	3.60945715e-05
708934	0.007696235093
709149	0.009224474687
709282	0.005716578328
709646	0.002468673418
709666	0.005648843142
709673	0.005409314816
709753	0.002573970701
709778	0.00137348513
709819	0.003775712992
709886	0.005633193774
709901	5.457828509e-05
710171	0.001951766603
710190	0.002700854568
710195	0.002924708958
710275	0.006838158661
710292	0.006133541659
710322	0.0008179806771
710499	0.0003413713174
710526	2.32268143e-06
710554	0.007377421803
710564	0.003358241133
710705	0.001097474043
710708	0.001176228785
710712	0.004915821739
710781	0.003976998349
710826	0.006213992943
710910	0.004491670304
710952	0.00651202824
711249	0.00508013393
711255	0.01181953053
711640	0.005750300774
711660	0.003167370218
711977	0.006087839312
711991	0.002819682331
712077	0.003552528242
712082	0.03157142971
712182	0.001778446318
712433	0.0034667252
712541	0.001962165121
712565	0.02275215587
712580	5.322488779e-05
713018	0.01344353363
713214	0.0003999906098
713274	0.003895271848
713360	1.63158664e-06
713515	0.00757450974
713531	0.01227968403
713610	0.0002764933686
713681	0.0009918031728
713813	0.006198332716
713853	0.002954303388
714031	0.002893583539
714127	0.003337781087
714248	0.007629396526
714353	0.00346079671
714402	0.002551821241
714538	0.001502775073
714614	0.002999412413
714768	0.006060697181
714863	0.004837630841
714910	0.01453835941
714911	0.006181316679
715001	0.00577815132
715166	0.001440642149
715305	0.02145466692
715333	0.008796760917
715440	0.003649907083
715590	0.004753118072
715748	0.003503805716
715815	0.0001885558837
715865	0.001205820594
715982	0.01538761587
716046	0.007629870356
716336	0.0002731189332
716468	0.002737031573
716490	0.002254707059
716611	0.001567347698
716634	0.01617674641
716637	0.001299826891
716649	0.005174652528
716735	0.008274347387
716736	0.007454421632
716832	0.008019926156
716902	0.01025396997
716906	0.01012471941
717192	0.01083099637
717226	0.01381437385
717302	0.00835555963
717338	0.01833181801
717370	0.01050380901
717384	0.01237117472
717467	0.001806548887
717469	0.00889574059
717535	0.01565590178
717878	0.008487522463
718134	0.003710914419
718156	0.002165637712
718340	0.00572167292
718487	0.001701968825
718522	0.006249756841
718529	0.004526406873
718778	0.004569937852
718823	0.001318426233
718931	0.009053779875
718939	0.0007983455479
718992	0.009902420261
718995	0.01159588785
718998	0.01353074605
719141	0.005883940079
719205	0.01683890871
719296	0.001421653801
719434	0.003128021172
719463	0.009111152647
719638	0.002330736172
719817	0.01695311513
719841	0.004612674799
719874	0.0008295501482
719922	0.01768167963
719990	0.0006937476717
720045	0.009767653009
720289	0.002696762301
720302	0.008246192648
720382	0.001926700516
720428	0.000404343013
720632	0.02195292938
721021	0.001329619269
721111	0.01698152544
721115	0.02145750273
721197	0.01773538731
721246	0.007090217524
721287	0.00107192724
721289	0.002174395131
721341	1.636002095e-06
721477	0.0007194959807
721478	0.001832899256
721532	2.217624059e-06
721592	0.003260549623
721735	1.863417044e-05
721844	0.00156295793
721962	0.008823852989
722031	0.001051239902
722070	0.01026091115
722125	0.01340784694
722402	0.003565139153
722468	0.007862253347
722519	5.835299353e-05
722677	0.003009677187
722828	0.003119484148
722878	0.01603173919
722996	0.001510650781
723018	0.001792196338
723111	0.008280957742
723204	0.007939409977
723238	0.0003725288937
723243	0.001093401094
723257	0.009716964548
723343	0.0189553258
723481	0.005343475828
723531	0.0008670705132
723627	0.005161034315
723640	0.006234793868
723818	0.009203278022
724011	0.005509162235
724198	0.005712028511
724233	0.009236713462
724376	7.993495578e-09
724482	0.00503048164
724501	0.002798949117
724556	0.00061675616
724674	0.005221142529
724681	0.005368317066
724689	0.01069298035
724696	0.007849655573
724714	0.008392797341
724827	0.004063733287
724865	0.006546063714
724869	0.00287040226
724902	0.0007061386274
725074	6.59425321e-06
725113	0.002131687124
725125	0.01290821219
725280	0.005250276697
725313	0.00200419892
725403	0.01489874138
725516	0.004531507473
725569	0.01922621597
726223	0.002621085553
726471	0.00465824446
726577	0.004751560494
726586	0.002302506907
726650	0.005717291216
726663	0.001672013657
726834	0.00717452288
726954	0.002021134947
727066	0.0165386748
727094	0
727121	0.007130974727
727136	0.001341730466
727435	0.01180768149
727600	0.00183340818
727637	0.01600696829
727700	0.002917314285
727778	0.002899172231
727925	0.005378294325
727954	1.918438939e-07
728022	0.006229987663
728338	0.001879465198
728459	0.005399798929
728530	0.003180933006
728558	0.003215971415
728817	0.004412953227
728841	0.004991986006
729051	0.00299178247
729251	0.001315478439
729306	0.02247117492
729326	0.004987580844
729454	0.0009705989634
729692	0.008576018702
729695	0.005194362156
729745	0.003937195689
730218	0.02599026625
730247	0.01809049743
730370	0.003003264517
730541	0.007919953249
730604	0.004308076945
730638	0.00207872223
730802	0.002453650422
730838	0.002069413413
730944	0.0001523986985
731013	0.007369781837
731056	0.01286618566
731148	0.006026220627
731169	0.008983460356
731347	0.003415029282
731362	0.005223621961
731522	0.005234081665
731590	0.004071567015
731657	0.004437252854
731797	0.003556076413
731869	0.01519751711
731983	0.01224134111
731994	0.003269061224
732100	0.005160945475
732244	0.001074777586
732343	0.003360309501
732349	0.005476519834
732369	0.002591120195
732445	0.002537797148
732533	0.002486245148
732555	0.01848300126
732560	0.001949292905
732611	0.004307658143
732730	0.009394816978
732775	0.001391388128
733016	0.008397566634
733195	0.003338389014
733379	0.001936748596
733412	0.0007528281392
733515	0.004572894702
733601	0.002564312646
733668	0.002727370663
733945	0.007788560584
734083	0.007311113215
734263	0.004231279005
734326	0.005028016887
734542	5.070160053e-07
734548	0.009586188191
734555	0.001953040819
734687	0.003233133727
734710	0.01320549667
734734	0.01919026997
734769	0.001399830472
734965	0.006188785941
735049	0.006462369255
735068	0.0100313745
735095	0.0002212927325
735097	0.0002096653054
735105	0.001577493331
735261	0.01377731036
735398	0.0004311968722
735692	0.009126558862
736005	0.00237300791
736061	0.005643606059
736238	0.001662417172
736355	0.01086564882
736434	0.001698124977
736616	0.007306485426
736620	0
736742	0.002709665948
736785	0.003498264769
736952	0.008732862141
736966	0.006247555622
736972	0.005651342175
737030	2.854819849e-07
737181	0.003325874021
737210	1.039764553e-05
737453	0.004042306468
737613	0.006483795778
737871	0.01770047261
738033	4.605776024e-08
738208	0.004136531775
738487	0.003053393041
738497	0.008164653018
738509	0.002709560278
738639	0.01235147774
738799	0.01694056865
738836	0.006425075001
738962	0.01214329123
739128	0.002978322703
739220	0.00702655442
739432	0.003573780546
739982	0.0006917842257
740017	0.004118996419
740094	0.0002648698033
740135	0.008706353897
740144	0.006253886986
740191	0.007571332679
740413	0.008062600085
740416	0.01047148689
740441	0.004906678881
740486	1.920722795e-06
740555	0.002445481737
740708	0.01747584707
740935	0.00209985144
740951	0.0222764209
741046	0.008632602506
741103	0.006473717689
741113	0.01830055195
741153	0.001271230827
741260	0.0023217193
741314	0.004066803272
741366	0.0001865829061
741456	0.003222485419
741555	0.01370179682
741561	0.003638336941
741737	0.01135031943
741771	0.003075459051
741801	3.294081464e-06
742031	0.00397781882
742161	3.888280948e-06
742265	0.007131569239
742306	0.006176868636
742342	0.01008913297
742356	0.001986502947
742430	0.006108655783
742436	0.002959505745
742738	0.006885169059
742787	0.00365035798
742831	0.003303784844
742887	0.01145515361
742922	0.01093238149
743019	0.005181028224
743075	0.01009402231
743132	8.33607396e-08
743365	1.75894967e-06
743559	0.004169904105
743680	0.009556695831
743792	0.003866693653
743842	0.01937060135
743947	1.238963526e-05
744068	0.005493682693
744130	0.004733640238
744174	0.02533252243
744211	0.01008428116
744224	0.003629804269
744234	0.008613593695
744267	0.001430637161
744269	0.0009547804999
744476	0.004655552334
744551	0.003002829147
744583	0.003738677188
744642	0.004390994595
744679	0.005491158121
744769	0.002845989558
744781	0.01294431516
744982	0.0002218529473
745073	0.01521327771
745323	0.02276888171
745336	0.003123384216
745494	0.002562625264
745644	0.006155282671
745943	0.001255005996
745969	0.002128009963
745995	0.006706601326
746599	0.003974902381
746620	0.00642707287
746648	0.003357196828
746720	0.002841683042
746898	1.511912592e-06
746974	0.006179214587
746997	0.002254012397
747022	0.0001992465859
747036	0.002212447739
747116	0.01213022606
747181	0.006980351912
747189	0.003381712604
747234	0.0042401339
747800	0.005283762445
747823	0.01437554202
747927	0.01006706804
748007	0.0002451354614
748030	0.001368749261
748085	0.001749544829
748227	0.006999413254
748415	0.007666894536
748624	1.66112451e-06
748672	0.004153478534
749328	4.544492558e-07
749331	0.002051744471
749581	0.002109024773
749627	0.01024829846
749788	0.004631849063
749840	0.02012416387
749873	0.01149311328
750097	0.001364862655
750311	0.01425809401
750444	1.735730468e-06
750547	0.00269123698
750824	0.0007812031155
750827	0.00434331858
750995	0.007653177508
751003	0.005655029561
751044	1.578740436e-05
751052	0.0271962504
751058	0.02209006387
751063	0.002403417539
751199	0.001299704071
751248	0.01327896014
751422	0.0001254227388
751628	0.003067286471
751639	0.002410928272
751793	0.0006570345813
751861	0.002816911757
751879	6.882780336e-06
752018	0.004225223974
752359	0.004494146286
752363	0.003230397398
752430	0.005481567135
752475	1.082547687e-06
752578	0.008078515056
752819	0.001583751641
752841	0.00314636455
752847	0.0004860330487
752943	0.00403398784
752994	2.782741433e-05
753130	0.0008917597217
753240	0.002432037637
753463	0.003379457131
753547	0.0003297962536
753634	0.006049384795
753832	0.0009871331829
753918	0.009472613565
753986	3.711265804e-07
754009	0.001015188262
754026	0.000272881927
754094	0.002414202363
754103	0.004636777457
754113	0.002527055799
754235	0.01748771778
754404	0.004303505934
754425	0.00265642066
754493	0.004175820768
754526	0.01561530835
754670	0.004471962338
754800	0.001417543767
754875	0.01434799084
755018	0.0004840383565
755026	0.004411575768
755069	0.007397837092
755155	0.001733915743
755439	0.0006805018083
755618	0.003561610326
755623	0.001452706017
755652	0.009989896296
755674	0.002592768556
755681	0.002054728384
755795	0.001722172722
755871	0.002175819632
755940	0.002453243814
756032	0.002816008174
756064	0.00307931598
756065	0.002279975361
756120	0.02145851911
756195	0.002451383374
756673	0.01351035636
756731	0.0217612281
756743	0.001343301351
756852	0.009150479263
756993	0.01325974848
757203	0.003074849597
757282	0.02577345889
757347	0.01386923802
757351	0.008315247336
757358	0.006617062546
757453	0.001973520228
757464	0.002268306553
757550	0.0031225848
757588	0.0002613268009
757731	0.02594387997
757770	0.003446208121
757827	0.002813051727
757909	0.0003581653573
758007	0.002241080473
758190	0.01214092759
758202	0.005431854442
758621	0.0006577109527
758742	0.002081444717
758813	0.01247377955
758853	0.005311699772
758942	0.0007061407682
758951	0.005489464721
759189	0.003485506867
759256	0.002219700976
759425	5.549769787e-06
759643	0.008270224653
759700	0.003265747214
759769	0.006874578906
759947	6.173262442e-06
759950	0.005635980125
760066	0.002111390675
760091	0.01136293131
760205	0.00179394144
760331	0.002645633915
760390	0.005933516423
760408	7.728377975e-06
760456	0.001308789633
760474	0.00919094748
760566	0.00226307543
760773	0.01292925123
760801	0.003983906912
760856	0.0005442330633
761154	0.0006801565016
761221	0.00395264399
761224	1.277543846e-05
761329	0.004187213234
761370	4.693323832e-06
761672	0.008563752645
761901	0.003129668483
762126	0.0008253525894
762169	0.004611024666
762286	0.003125345749
762326	0.0006708473685
762388	0.003898053504
762555	0.006191719111
762572	1.722369912e-05
762704	6.575792041e-06
762737	0.005822298198
762914	0.0100315152
762938	0.004618596114
762940	0.00199213429
763000	0.006325037161
763035	0.002499336695
763052	1.071128408e-06
763103	0.004233157659
763157	0.004739644382
763216	0.001349301528
763360	0.003770384703
763536	0.006826372049
763574	0.0118430803
763597	0.002760669204
763642	0.001992398644
763667	0.005667661724
763830	0.0005126344308
763857	0.002622917495
763899	0.002890335479
763931	0.01573756583
764011	0.004329481292
764142	0.02515014203
764784	0.003118147506
764786	0.007600169316
764887	0.0004213815271
764952	0.006932561594
765194	0.01045059413
765349	0.009986924501
765359	0.01382840565
765369	0.002075739775
765433	0.007138759779
765609	0.003649109129
765648	0.0005748303014
765654	0.000236900787
765712	0.006359331328
765989	0.003030570066
766078	0.01049842319
766112	0.001837666789
766206	0.001106860655
766212	0.008493826901
766229	0.001538397198
766246	0.004850025344
766378	0.005363551651
766615	0.000332975326
766688	0.02140763612
766714	4.646614989e-05
766919	0.006631125518
766927	0.007310647924
766944	0.01215573337
767073	0.01018370011
767130	0.004923253108
767203	0.002870360299
767462	0.00512365356
767797	0.002811032142
768082	0.003484782065
768101	0.01285023347
768153	0.03400427718
768272	0.01674969126
768305	0.003540422093
768320	1.507344881e-07
768371	0.002680593847
768676	0.02798002011
768859	0.004517804655
768863	0.0002348882518
769143	0.003976634199
769160	0.01051591937
769281	0.0142593622
769291	0.003045712869
769316	0.007446472577
769423	0.006649416187
769776	0.009748548574
769827	0.003240968673
769844	0.002496404506
769968	0.002039289239
769974	0.001015508905
770149	0.002074667657
770179	0.004461303523
770323	0.003769999402
770328	0.002697926678
770494	0.005466618326
770610	0.003295896578
770708	0.005005914814
770734	1.461667763e-07
770768	0.01416343576
770884	0.003338424986
770938	0.01152827315
770977	0.005419818805
771040	0.01626524206
771044	0.00180137779
771054	0.0006081408979
771092	1.027735146e-06
771206	0.003785712087
771327	0.005176802218
771356	0.002692249377
771537	0.002553701654
771696	0.008178515658
771791	0.00241525446
771970	0.00953031352
772005	0.004308438725
772048	0.007693815954
772326	0.01078749005
772418	0.0004006772763
772530	0.01668323395
772569	0.002459757539
772779	0.005148378401
772808	0.008350741907
772897	0.003760781966
772918	0.0007683947094
772938	0.009992480345
772940	0.0001130870922
773207	0.003212621407
773276	0.00825028297
773384	0.001435252944
773397	0.002482873472
773408	0.004260645125
773435	0.00188450457
773437	0.002190724018
773445	5.12725645e-07
773594	0.001744829062
773696	0.001565372744
773768	0.01468979425
773821	0.01372784736
773857	0.00938129474
774009	0.003446164709
774182	0.01718803569
774217	0.007447036597
774306	0.002651689791
774317	0.001182264443
774348	0.003899366043
774411	0.005744395747
774425	0.007740781361
774464	0.003308124916
774465	0.006622058831
774485	0.005127183299
774509	0.006415465429
774538	0.01054644785
774707	0.0004426640983
774854	0.005106488008
774866	0.008498457877
774890	0
774988	0.003563599653
775059	0.01464300272
775273	0.001890787214
775381	0.003258177688
775475	0.000604826236
775476	0.0008614644408
775564	0.001522087658
775604	0.004496009103
775645	0.00596140076
776223	0.003669367218
776468	0.004034075174
776539	0.005281595034
776612	0.004491166697
776821	0.0002345530258
776868	0.006918303312
777055	0.002639768085
777061	0.003623401069
777131	0.005653121493
777340	0.005212209703
777401	0.004416381387
777491	0.01312937672
777498	0.01275076007
777629	0.0005068281996
777756	0.002883433694
777798	0.004776775199
777921	0.003355824493
777925	0.004927824433
777932	0.00414569683
778012	0.01197197017
778030	0.002326593123
778104	0.00317272506
778279	0.005102320895
778359	0.007170728626
778422	1.756285171e-06
778426	0.01657639001
778438	0.009425483064
778448	0.003597113218
778486	0.003838193525
778525	0.0122098265
778613	0.0003917608924
778848	3.337855368e-06
778929	0.002991564515
779121	0.01613247721
779242	0.003329737187
779301	0.003176772312
779303	0.0004285542094
779479	0.01251626603
779492	0.01364867587
779498	0.006804299753
779526	0.005708116244
779538	0.0003472391284
779542	0.001406376593
779546	0.005039912764
779554	0.004370705546
779569	7.008664297e-06
779595	0.009523658165
779639	0.008716261272
779886	0.01421016903
779921	0.02332935208
780017	0.003511380209
780072	0.002255111647
780290	0.003111065867
780386	0.0009556157918
780471	0.003282890609
780914	0.006571961189
780992	0.007773783914
780999	0.00510001041
781343	0.005290926371
781530	0.01358661977
781563	0.003231845238
781694	0.002483210405
781763	0.00230732484
781826	0.005654588557
781880	0.004408710445
781897	0.0007329257218
781945	0.004900722632
781968	0.01002557249
782021	0.005491543811
782052	3.147221944e-05
782069	0.002081015988
782172	0.01905510735
782192	0.003378079774
782281	0.01197908238
782303	0.004624136468
782358	0.01427900534
782433	0.006238093861
782476	0
782730	0.002911833205
782823	0.008675888004
782972	0.002926011593
783067	1.464180004e-05
783240	0.008087652005
783268	0.007991444141
783383	0.001297094398
783393	0.002174030174
783628	0.001530948684
783640	0.01144593121
783766	0.008273506255
783806	0.003969653951
783862	0.01884450727
784091	0.002810307488
784138	0.000164614543
784201	0.002174971057
784307	0.005544461945
784325	0.0001316918998
784380	0.02527502912
784408	0.0042131658
784415	0.004484877487
784501	0.03047586189
784544	0.005363577414
784759	0.0004262341661
784835	0.003443339073
784877	0.003099342694
785007	0.0003505757849
785026	0.003748544405
785126	0.007933335882
785272	0.03130912527
785360	0.006971775594
785511	2.514525323e-06
785531	0.02120945396
785642	0.01308313774
785667	0.001017696439
785669	0.002668831211
785699	0.001864769517
785765	0.00542064294
785784	0.01040888843
785787	0.003600485263
785831	0.003965311169
785837	0.001935446443
785889	0.0063338146
785940	0.005727227578
786087	0.0003128885451
786243	0.006014465823
786470	0.002583178527
786477	0.009038909306
786491	0.01899375298
786509	0.0007362641465
786674	9.606993568e-05
786914	0.01281378308
786962	0.002113103326
787011	0.004742913288
787138	0.01474330997
787215	0.003974882267
787257	0.003139966204
787293	0.01949588479
787387	1.087115399e-05
787426	0.005306337092
787708	1.678634071e-07
787861	1.139282473e-05
787955	0.004830406614
788001	0.01605552558
788185	0.00211784875
788201	1.045435029e-05
788302	0.00240604154
788324	0.001553988145
788356	0.003254513562
788471	0.004431454623
788530	0.004434820516
788553	0.008475398217
788641	2.758707581e-06
788777	0.00680786757
788811	0.001588724072
788817	0.006298816321
788818	0.003640551538
788886	0.0006965813281
789156	0.001506117954
789300	0.002509690355
789309	0.009298698498
789314	7.536724403e-07
789421	0.000926525503
789470	0.001733022352
789472	0.001754939956
789509	0.004403849411
789551	0.003313146897
789564	0.002762492591
789786	0.0128985926
790020	5.462221979e-07
790075	0.01047870374
790117	0.004728651382
790122	0.01275700222
790223	0.003621884452
790417	0.02846887237
790485	0.004393276794
790582	0.004722167859
790638	0.002966994608
790696	1.452456211e-05
790803	0.001173403517
790869	0.001536690683
790932	0.003050008057
790975	0.002958673447
791205	0.006187982614
791334	0.00273575593
791432	0.001582621123
791454	0.002561364266
791811	0.00659827199
791848	0.0004836819541
791864	0.003495149747
791866	0.001321644108
791916	0.00363204898
792016	0.006164157571
792031	0.01068125857
792112	0.002493939759
792351	0.005764471478
792364	0.01061323436
792383	0.00206462516
792641	0.003558666493
792866	0.0003164531744
792942	0.0008489964513
793088	0.006273364257
793191	0.004677588557
793220	0.006472869525
793258	0.0001930522466
793467	0.0007850386264
793556	0.007487515597
793946	0.0004502021639
793961	0.007361343924
793976	0.002992084944
794132	0.01855409125
794151	0.001957059097
794164	0.002195722533
794211	0.000857585841
794334	0.008093304346
794336	0.005083599135
794378	3.688427245e-06
794404	0.01260028055
794489	0.02116704289
794535	0.001301977854
794693	1.616969963e-06
794888	0.002417764604
795046	0.003785971824
795113	0.0009946987214
795237	0.0002407589853
795419	0.01184410971
795813	0.003080759719
795850	0.002440075802
795940	0.002160575069
795968	0.002610982687
796054	0.007993132347
796104	0.01312397829
796123	0.001082995501
796204	0.000156560244
796386	0.004286580423
796566	0.001763297024
796579	8.929876489e-07
796585	0.003629062223
796700	0.004321963138
796866	0.005967926172
797004	0.008262587134
797119	0.004397350769
797184	0.01080421767
797187	0.003994198488
797234	0.007446741079
797293	0.003101836266
797352	5.013063656e-07
797377	0.004832461898
797440	0.008534610045
797580	0.00156188231
797619	0.006948559381
797772	0.008797859719
797793	0.01618098494
797922	0.01591066691
798035	0.006703118101
798052	0.001936482446
798073	0.0151258742
798199	0.007942053178
798261	0.0003647046338
798416	0.01167098126
798480	0.01303451248
798486	0.0007619328246
798761	0.01150762311
798952	0.01671338374
799076	0.004153245557
799325	0.000722996902
799381	0.001682341513
799423	0.002993103187
799441	0.003691583452
799462	0.005447908281
799476	0.02128189246
799577	0.003575156497
799579	0.004252980282
799646	0.007335177362
799666	0.002309737233
799681	0.001619990296
799832	0.005700752998
799884	0.006010000601
800043	0.002401434402
800049	0.00115860092
800103	0.003554021039
800163	0.004637330317
800319	0.005820093064
800350	0.002300122904
800408	0.002623518977
800461	0.008661794279
800523	0.003178795945
800529	0.0001767729933
800563	0.001754211136
800706	0.001713163603
800742	1.691195279e-06
800900	0.003272303752
801136	0.004239902804
801268	1.576736035e-06
801341	0.004839448771
801448	0.001410309989
801576	0.007165759863
801650	0.003621913618
801824	0.004940762683
801880	0.002782072027
801900	0.001332293006
802012	0.004626403305
802103	0.005534429679
802217	0.005525710998
802258	5.331775744e-06
802267	0.002521860186
802431	0.001311770346
802688	0.005089865454
802793	0.009174727308
802844	0.002137254366
803086	0.0001950773403
803147	0.006570388159
803200	0.003711866617
803363	0.00192531938
803537	0.00472863603
803542	0.00509121948
803582	0.007844912064
803651	0.0003424104793
803784	0.002266279853
803871	0.001747645106
803980	0.009990214608
803993	0.001893654094
804109	0.000300535546
804113	0.0007479373578
804252	0.001396497825
804303	0.007476594224
804315	0.009736481606
804694	0.01552245362
804702	0.003197791862
804704	0.002081840583
804733	0.003799321837
804859	0.00583036579
805072	0.003218964791
805114	0.004830398164
805277	0.005295912415
805308	0.003155601493
805327	0.002929625861
805378	0.004316148029
805482	0.001223914855
805548	0.003848092983
805770	0.006497837009
805887	0.00711771699
805902	0.0006472787606
805905	0.00558084016
805958	0.002053532086
805970	6.512267281e-05
806057	0.002325307076
806076	0.007145236734
806190	0.002427576919
806284	0.007422220964
806337	0.002273346605
806360	0.0009621982024
806409	0.006935182122
806740	0.0002921486837
806841	0.005636073648
806877	0.001145258328
806883	0.00186659464
806955	0.006582053653
806964	0.002971615191
806988	0.0009226736188
807053	0.002323196766
807156	0.001980210519
807304	0.005379672872
807307	0.004730588778
807437	0.002588837137
807484	0.0009199879656
807631	0.005557838387
807639	0.002064945083
807694	0.008106210429
807715	0.0007100408541
807827	0.01236195017
807920	0.003676778215
807956	0.008974239562
807970	0.009674653039
808040	0.006581203181
808065	0.004999597137
808066	0.000883454406
808239	0.01754512037
808247	0.0002814096939
808428	0.0003838100353
808455	0.00187457149
808551	0.009066886707
808791	0.00240863676
808818	0.01300494468
809027	0.006069108882
809105	0.01569813902
809214	0.001544303378
809413	0.003901797616
809516	0.004536967953
809550	0.001386631031
809669	0.008807398866
809712	0.01731859502
809825	0.009756104005
809827	0.01470029481
809838	0.002536261479
809856	0.007205184648
809952	0.01297029136
810047	0.01863312388
810089	0.01976960208
810174	0.00605702699
810216	0.002587064274
810289	0.005301395292
810711	0.003835236385
810813	0.00140766671
810850	0.002115960716
810921	0.003771677734
811055	0.02347415823
811093	0.01518045708
811208	1.332629906e-06
811256	0.0002361097759
811379	0.001599980368
811416	0.002026642079
811431	0.004942307023
811600	0.004291460876
811700	0.006222175219
811870	0.002817064636
811908	0.0006167380654
811935	0.01008934156
812080	0.001454062663
812122	0.0009179027464
812168	0.00576310524
812314	0.003656427275
812420	0.00302683514
812489	0.007264814184
812588	7.227376124e-05
812610	0.002783678316
812624	0.009196089632
812794	0.0003844880724
812945	1.993422962e-05
812954	0.007407383747
813281	0.005306826934
813346	0.005835553878
813368	0.02063531572
813437	0.003229375524
813465	0.004051239838
813481	0.001849018267
813529	0.007422812921
813572	0.01000746355
813656	0.003305488886
813671	0.005310925763
813705	0.0002073033031
813801	0.03665182363
813809	0.001667972208
813836	0.01671689319
813984	0.004168551316
814043	0.0108797766
814058	0.002876436586
814148	0.01206062796
814278	0.003162488169
814547	0.006838800738
814587	0.001429220243
814772	0.007833720623
815018	0.003665432256
815046	0.00100198829
815069	0.006618537612
815096	0.02050310093
815136	0.00817610397
815219	0.002971202284
815292	0.00595803325
815380	0.01253932989
815384	0.01414003547
815628	0.01432736783
815710	0.01525581542
815767	0.004033594065
815769	0.004316261368
815781	0.005558020989
815788	0.005610384367
816103	0.01023944362
816108	0.005908154215
816220	0.00245812014
816236	0.004944475555
816260	0.002171028334
816292	0.002886935719
816320	0.01255824362
816367	0.001349444239
816387	0.01781981338
816452	0.02079997222
816565	0.003448351879
816619	0.003017909956
816634	0.003628365473
816695	0.003442279198
816708	0.01996785009
816733	0.001227740733
816900	0.006631244258
816943	0.007820793235
816983	0.004974655392
816989	0.01023095621
817048	0.002883480687
817051	0.0009405896351
817136	0.00867293638
817184	0.007712211565
817187	0.002870897299
817190	0.003981857085
817338	0.00404076933
817378	0.004511147194
817407	0.007947795335
817448	0.004218885605
817519	0.00378261796
817617	0.001103985847
817636	0.001373603601
817758	0.007377766517
817763	0.0009380887008
818052	0.001805156407
818573	0.001005120891
818611	0.01854153535
818654	0.0007262765236
818696	0.00123771714
818708	0.004177465402
818777	0.00758144206
818805	0.01192056936
818822	0.0004394550548
818892	0.00570651786
818903	0.00845503171
818916	0.01076549893
818936	0.003490166999
818974	0.001650779381
818987	0.004019818977
819163	0.001202030892
819205	0.001267230268
819356	0.002136571671
819555	0.01209861786
819616	0.001213648836
819727	0.004593456805
819825	0.003378020342
819845	1.420558357e-06
819906	0.01860982587
819943	0.002894120234
820099	0.00516955671
820125	0.001242501166
820268	0.009944039241
820624	0.001335335275
820638	0.008612354185
820688	0.003613208214
820811	0.002850811484
821010	0.004283155413
821063	0.001837053447
821093	0.0033973703
821151	0.00419427291
821218	0.01131184899
821307	0.004867867262
821540	0.0009333641725
821615	0.00766625621
821709	0.002248124085
821777	0.01431431778
821838	0.002552444576
822132	0.0009996243541
822148	0.00787218438
822186	0.00293769437
822202	0.003313416164
822403	0.01957292799
822485	0.005834852448
822489	0.0121134526
822542	0.0007772571444
822668	0.003592583414
822772	0.0007504520686
822790	0.00247889516
823007	0.004702195959
823017	0.000839054307
823070	0.004275268037
823262	0.00652846452
823350	0.007835814997
823358	0.002712465681
823359	0.005715935652
823389	0.001650096001
823397	0.007422662842
823520	0.01402950473
823661	0.008755687949
823757	0.02672458502
823792	0.003653864115
823820	0.0001288619928
823889	0.01022844271
824010	0.00643580338
824018	0.000290192182
824214	0.001582894543
824399	0.009700354252
824470	1.048670491e-06
824608	0.002165833774
824620	0.0141078703
824627	0.001709134672
824635	0.009718206463
824728	0.002652573263
824829	8.575878828e-07
825006	0.0150183756
825017	0.01741251364
825111	0.007185196429
825235	1.670640576e-06
825257	0.002766072342
825290	0.001984846268
825301	0.003426163175
825317	0.006716484491
825418	0.002932392828
825437	0.006092448687
825817	0.01807656813
825875	0.007919588725
825959	0.005446660068
826098	0.001942768988
826111	0.002073269274
826324	0.002394868239
826419	0.004122721799
826427	0.006887391071
826436	0.004521142767
826520	0.00174949557
826563	0.002859070524
826753	0.01067991934
826780	0.005683764662
826901	0.002035325056
826905	0.009026563528
826987	0.0116779042
827111	0.003553172896
827193	0.001079737211
827230	0.01073363685
827454	0.002315423679
827573	0.01407535443
827679	0.01718609604
827682	0.006930362223
827788	0.0002459487359
827793	0.006740995929
827815	0.006444056051
827832	0.007576099045
827873	0.0006469006738
827879	0.0001932257197
827900	9.135042876e-06
827971	0.005028313696
828134	0.00734235955
828155	0.002060456692
828592	0.004810187074
828623	0.001312428273
828731	0.001043677317
828866	0.002804204956
828936	0.002746780443
829011	0.004738631155
829338	0.003453461935
829432	0.008367654527
829494	0.00833979332
829640	0.004835369709
829680	0.006489168407
829777	0.0005372444099
829944	0.005078045714
829949	0.008291749253
830010	0.007441618197
830028	0.0009677844741
830154	0.01108177197
830272	0.00105051602
830337	0.02875488362
830514	0.002376136203
830538	0.0008045640579
830561	0.005600942011
830597	0.008163795077
830645	0.007591167684
830668	0.0006664609913
830815	0.00961288109
830957	0.001638031747
831043	0.00811161554
831095	0.0003969162046
831103	0.002361721884
831216	2.495112548e-06
831340	0.0146127466
831379	0.003285573857
832100	0.002851620321
832123	0.00320990504
832458	0.009984476116
832512	0.00308039626
832539	0.005212326026
832581	0.004499726789
832651	0.001200023314
832658	2.086302346e-06
832689	0.002473435445
832782	0.003237735072
832899	0.002529950742
833050	0.005143777743
833110	0.01119890181
833236	0.006666626188
833258	0.001014233041
833391	0.003143160264
833482	0.008625954302
833497	0.01640839343
833532	0.003105663005
833591	0.002237597871
833631	0.01186462922
833686	0.004094840677
833834	0.002067801339
833894	0.01235311135
833946	1.886464957e-06
834025	0.00531329203
834144	0.004251026463
834216	5.449813028e-06
834226	0.006722744621
834378	0.005440036334
834492	0.01015438688
834561	0.006292864047
834650	0.007284620181
834732	0.009774089709
834736	0.002621760073
834906	0.003314481506
835035	0.003120909848
835197	0.0007366312965
835432	0.008523829038
835528	0.01112425379
835655	0.001149600316
835768	0.003631388408
835819	1.750575532e-06
835825	0.003442619646
835897	0.008168798042
836064	0.002162895248
836123	0.000914801865
836156	3.781684694e-07
836283	0.005165967803
836525	0.0006884345961
836555	1.13581365e-05
836671	0.004130089312
836723	0.007471874923
836852	0.002041495985
836996	0.003083747676
837015	0.008972147262
837085	0.0008916613237
837202	0.0002922294142
837372	0.004131517349
837422	0.007029618075
837516	0.0001214151076
837547	0.000634263143
837848	0.000172997872
837867	0.0216509735
837884	0.005672761731
838082	0.0005814355775
838192	0.0004924949084
838202	0.001867142374
838227	0.005648668425
838270	0.01067030236
838383	0.001054485013
838395	0.000697723109
838424	0.01143941732
838514	0.002167695089
838781	0.001182909831
838841	0.002594239392
838850	0.004411270534
838893	0.005172432147
839238	0.004780749599
839386	0.01275199904
839393	0.006074262015
839456	0.004325081177
839667	0.001213255517
839711	0.0004185716534
839734	0.008223538926
839838	3.23165607e-07
839889	0.002428146318
839905	0.0001517262008
839963	0.01016247262
839998	0.002041387654
840126	0.0009572368279
840182	0.005900158738
840321	0.0002012679901
840323	0.001105053255
840351	0.004332714469
840482	0.0005504457819
840526	0.005351402649
840586	0.00309525953
840646	2.854819849e-07
840657	0.003688117873
840671	3.198920802e-06
840678	0.006103818567
840786	0.001503804314
840998	0.003460995899
841003	0.005669150054
841031	0.002854969193
841040	0.002483587968
841089	0.01835700061
841201	0.009130989096
841454	0.005647076721
841507	0.00877626017
841665	0.01161503995
841831	0.009570856008
841841	0.003059924064
841992	0.002332097427
842041	0.004306305903
842053	0.009229774796
842227	0.009049845245
842403	0.003907986972
842409	8.507934115e-06
842533	0.002226553625
842641	0.01294834324
842800	0.00251987973
842863	0.004037122615
842949	0.003616059825
843169	0.0002986245775
843225	0.0008995973609
843341	4.713878535e-06
843406	0.002897707144
843459	0.0004406110621
843700	0.006959156059
843840	0.008450892583
843847	0.004754023315
843860	0.01237846448
843919	0.00567309034
843975	0.0003286381188
844112	0.01557439858
844179	0.00912850216
844238	4.133779142e-07
844373	0.005315266481
844423	0.0009245618611
844502	0.01032882843
844688	0.001473087499
844973	0.001037465379
845166	0.01539299895
845284	0.009334283479
845305	0.004500554236
845545	0.01438205532
845706	0.002521963033
845883	0.002730057799
846063	0.005209596764
846121	0.001162904542
846276	0.01109007101
846335	0.003230083755
846379	0.005253890146
846625	0.0004796423187
846654	0.002443508386
846825	0.006621019819
846906	0.00076395551
847004	0.0009996564842
847187	0.01374765319
847343	0.00600609483
847404	0.006241077343
847518	0.004365077457
847663	0.001977977196
847665	0.005753483856
847668	0.000384224697
847744	0.007305767305
847863	0.004193017503
848037	0.005056126151
848052	0.0119286018
848208	0.005586844591
848239	0.01233427534
848251	0.01529211198
848285	0.0078906772
848340	0.01803139921
848379	0.002570903452
848555	0.001430512647
848611	0.001055120723
848632	1.944703281e-06
848634	1.667214792e-06
848714	0.01275825293
848718	0.002399934845
848765	0.01940403222
848816	7.808960023e-06
848849	1.018599722e-06
849010	0.004545181316
849018	0.002181966239
849091	0.01107693898
849193	0.008337779492
849207	0.001901557661
849268	0.007364703037
849300	0.004429680513
849495	0.001414484631
849503	0.006698191921
849520	0.001469322135
849720	0.007829736278
850146	0.005376816749
850172	0.00611792999
850228	0.002796790051
850476	0.004814760812
850489	0.001751444755
850515	0.0007175014833
850773	0.01619864274
850833	0.003652057097
850908	0.004635719734
851012	0.004046543261
851058	1.781407586e-07
851158	0.0091214828
851207	0.00857521477
851249	0.0009877539683
851263	0.0004968518905
851555	0.0003497120651
851662	0.004684181545
851769	0.00500305199
851961	0.0221811131
851981	0.003715691196
851994	0.001684957661
851996	0.00112135805
852093	0.0002539313055
852171	0.00476095269
852317	0.01018068908
852479	0.005688851857
852627	1.366868712e-05
852721	0.000773953323
852738	0.002840514854
852767	0.001918258011
853073	0.007176307762
853090	0.005260091686
853177	0.009988084872
853207	0.01110736507
853268	0.01807989637
853338	0.002998441312
853390	1.197882409e-06
853499	0.0007975301799
853535	0.0047201019
853556	0.001462554042
853576	7.316712953e-06
853688	1.233282175e-06
853771	0.00116126841
853794	0.002458972676
853918	0.001289130625
853942	4.986799313e-06
854059	0.006207203041
854306	0.01158760921
854355	0.002699198391
854452	0.01035483664
854536	0.004972705672
854802	0.002144388298
854803	0.004117544103
854818	0.01046294003
854900	0.002077790266
854977	0.004244996134
854987	0.008581363409
855000	6.796755098e-06
855048	0.004098316665
855052	0.0007613245912
855191	0.001569072076
855358	0.004582499059
855432	0.00720942786
855435	0.002121984491
855562	0.007776238552
855603	0.002339116591
855674	0.004976871594
855876	0.002584789298
856091	0.005192090341
856183	0.01662182108
856223	1.652369729e-06
856278	0.002522193143
856395	0.00448783974
856445	1.262972301e-06
856561	0.0003151659051
856583	0.004783274434
856691	0.01013660144
856720	0.003170359012
856745	0.004931067194
856761	0.003274990126
856899	0.005054445667
856945	0.002589974028
857142	0.0007483886685
857191	0.008754599128
857210	0.001678484403
857241	1.049926612e-05
857245	0.01084744232
857318	0.0006891545626
857485	0.01067149943
857502	0.003058709069
857526	0.006972301279
857577	0.01462163005
857595	0.003316620807
857689	0.00321756159
857705	0.007857621258
857735	0.009479772681
857756	0.0001834298369
857786	0.004919691452
857868	0.001966681183
857910	0.002878399389
857914	0.01427037777
858243	0.002403674369
858290	0.005176388319
858349	0.003173847961
858362	0.00934272501
858383	0.006535386503
858465	0.00242450563
858552	0.02277551652
858640	2.413655022e-06
858689	0.00407924943
858810	0.0007095974438
858845	0.007999708372
858969	0.004253774413
859018	0.002261582056
859034	0.001653524034
859076	0.009864629309
859223	0.0002409208143
859246	0.003446396261
859280	0.002551694205
859660	0.001815391625
859781	4.043566835e-06
859804	2.057754147e-06
859813	0.003334927244
859871	0.007149959019
859901	0.004498734211
859962	0.000631813289
860145	0.01255751633
860169	9.593146301e-06
860241	0.005683853805
860245	0.009145914535
860313	0.009892525475
860606	0.001887287165
860621	2.729207776e-07
860778	0.005461881427
860815	0.002125214474
860903	0.004536021545
860920	0.001483900786
860941	0.006267449509
861234	0.003860434719
861328	0.003362848596
861384	0.008012231245
861423	0.004664996277
861449	0.006828310515
861569	0.002506334828
861599	0.004459502242
861604	0.02070098512
861700	0.0006761234429
861972	1.809727399e-05
862044	0.002646937804
862098	0.004006082172
862444	0.002002832048
862491	0.005951526166
862650	0.02128385596
862656	1.209301688e-06
862794	0.006934751765
862795	0.0004207111913
862880	0.002657823629
862988	0.006116944273
863000	0.005298521694
863016	0.02257185042
863038	0.0002396330682
863050	0.00445924153
863288	0.008960582485
863366	0.0003054983804
863418	0.001853400113
863647	0.00151856254
863684	0.002651650342
863757	1.39657787e-06
863844	0.004367288918
863950	0.005382778504
863954	0.01033578896
864054	0.004463580051
864468	0.003524474158
864617	0.002995141859
864721	0.004167912942
864951	0.004649375536
865021	8.644394504e-07
865082	0.009182823852
865090	0.001589073209
865187	0.001281624891
865301	0.001335393184
865343	0.004207221215
865357	0.02016895228
865418	0.02177411907
865444	0.001726262344
865615	0.004924641557
865631	0.003838040807
865700	0.01126519624
865853	0.009610942783
865937	0.001157264072
865943	0.009930884768
865952	0.002891906678
866051	0.001923943712
866123	0.004665520348
866144	0.01102010976
866295	0.001026488332
866313	0.001444814174
866468	3.948786816e-06
866604	0.002733026512
866637	0.0086004103
866657	0.001702596882
866671	0.003469859437
866764	0.00634066731
866862	0.01022960718
867237	0.003972681532
867303	0.0008027478311
867320	0.01167143174
867627	0.004057059197
867660	1.3691716e-06
867788	0.002375526134
867944	0.001162319633
868094	0.0009753346945
868220	0.01420122045
868243	0.003257458409
868244	0.001902557049
868280	0.02671005101
868331	0.003515260206
868452	1.503919097e-06
868458	0.003590144743
868518	0.005558748151
868584	0.006455048073
868604	0.003229398097
868668	0.001060205782
868697	1.475370898e-06
868823	0.00226492856
868957	0.003077370482
869085	0.005218039724
869140	0.004849572414
869182	0.002193718694
869342	0.006818168566
869445	0.01537398527
869511	0.0004619464683
869550	0.006067304898
869601	0.0006129477813
869608	0.01124648358
869613	0.001305896301
869648	0.002667781801
869787	0.0001912376584
869860	0.01292677404
869902	0.005074909636
870054	0.01467147772
870152	0.004526284768
870331	0.003408170258
870402	0.00276050412
870525	0.003744349978
870563	0.003844273189
870600	0.003307879365
870895	0.01246343415
870906	0.01970580069
870990	1.580428269e-06
871015	0.01316695524
871085	0.004381053048
871176	0.002259763553
871220	0.005943272867
871352	0.006186223571
871387	0.02180572222
871584	0.003307849771
871758	0.004101783429
871782	0.003220764243
871988	1.322733197e-06
871995	0.00170110771
872201	0.006415749556
872270	0.002092170475
872339	0.003223967674
872528	0.004704840056
872610	0.007804542163
872647	0.00649285286
872749	6.858837913e-06
872833	0.00223260425
872872	0.03156103863
873170	0.0001636337925
873174	0.003311812809
873209	5.284461863e-06
873217	0.02008664401
873228	6.349119345e-07
873284	0.01548718662
873324	0.004081911296
873387	0.01080777949
873605	0.009372285872
873624	0.004713712876
873782	0.001959512762
873867	0.007936116149
874022	0.00407970537
874112	0.003230430612
874302	0.006544699075
874360	0.00405712561
874476	1.837362055e-06
874485	4.509473434e-06
874562	2.20620478e-05
874660	0.003594510393
874912	0.004606402253
875330	0.003959366798
875385	1.096250822e-06
875468	0.002215685371
875501	0.00755453901
875546	5.779297303e-06
875625	0.0001802062212
875677	0.004075686638