node_id	error
3	0.002216272452
216	0.002108932327
377	0.0031941818
524	0.003691578516
564	0.002331337695
684	0.0005652745239
735	0.003702879278
822	0.003244876518
966	0.002833172932
993	0.001657530947
1024	0.002905879769
1109	0.002565376145
1127	0.003791100299
1143	0.002325134727
1335	0.003357040604
1714	0.001873319636
1745	0.001308766405
1857	0.00232034972
1897	0.003762154933
2033	0.001157070788
2194	0.008535852743
2223	0.002098769762
2497	0.0008066214725
2601	0.002515194767
2734	0.003929003122
2786	0.003960763547
2887	0.003493783821
3060	0.002749968373
3099	0.002318345774
3142	0.003007981251
3150	0.002348368732
3257	0.002565985051
3335	0.002603168676
3400	0.001834464166
3409	0.002451429426
3492	0.006703845076
3783	0.003137183841
3939	0.0009435620409
3948	0.001333548979
3965	0.001239702707
3994	0.002783954427
4001	0.002252088253
4030	0.0032465931
4035	0.00278356097
4489	0.003740134984
4493	0.004720931572
4515	0.002242839646
4617	3.191785779e-05
4757	0.004725280502
5109	0.002314121891
5168	0.003467934764
5254	0.002752850286
5428	3.876144931e-05
5488	0.001837343468
5561	0.001618281635
5711	0.003309259332
5778	0.00311666223
5983	0.002834257189
6088	0.004411027946
6486	0.00175906848
6581	0.003157041884
6793	0.003033583326
6835	0.0004431270595
6900	0.00221903482
6944	0.0008875479294
7073	0.0003607677044
7162	4.392636396e-05
7201	0.001050815464
7449	0.001529281493
7562	0.002763256628
7597	0.001290045949
7700	0.001655538917
7748	0.002381971564
7838	0.001412025623
7910	0.001621726887
7959	0.002047716109
8030	0.003289688458
8101	0.001907432364
8109	0.002011089537
8313	0.002174831045
8431	0.0001862610066
8465	0.001667657413
8502	0.002266317667
8560	0.001793890316
8561	0.002037751661
8668	0.007273917396
8729	0.0007947035024
8761	0.00410155657
8918	0.002451820221
8958	0.001623802715
8981	0.001228620899
9042	0.0003685719869
9045	0.001688136893
9078	0.002187704319
9258	0.001518524053
9304	0.001820279765
9337	0.001735230348
9434	0.002470449504
9448	0.002116631888
9459	0.003130110576
9535	0.0019537678
9546	0.002900882437
9656	0.003340085342
9873	0.002560137062
9881	0.00207459568
9895	0.00289581637
10050	0.001915867459
10073	0.002197543829
10168	0.001966127154
10178	0.001154075596
10200	0.004369830684
10261	0.002020504624
10288	0.000870572309
10333	0.0006542604734
10354	0.00502282157
10408	0.002255301539
10463	0.004783487698
10497	0.002720008246
10664	0.004588079083
10827	0.003404247426
10971	0.003096613578
11039	0.002914709979
11071	0.003146859765
11093	0.003303546339
11097	0.002772837027
11116	0.001686514709
11454	0.001663376032
11472	0.003735541557
11503	0.002816655527
11542	0.0008576206021
11809	9.487468615e-05
11858	0.00163860673
11931	0.0009346457508
11939	0.002442358434
11995	0.003391805679
12071	0.001154994778
12190	0.0009450554021
12232	0.001907378299
12246	0.002267641767
12255	0.001879841636
12325	0.002013657713
12401	0.003458189629
12476	0.001640065972
12843	0.001415107653
12892	0.002186101014
12932	0.0007849538192
12949	0.002649712764
12967	0.002471487464
13009	0.002499980504
13154	0.0004426048563
13168	0.003009751593
13214	0.001620277939
13261	0.008287435315
13370	0.002240973165
13420	0.001310295571
13430	0.003584109037
13582	0.003669816298
13742	0.002627062143
13801	0.0006440226661
14041	0.002025236824
14105	0.005277644025
14115	0.001275534439
14119	0.003525575698
14169	0.00231622353
14170	0.002510843982
14311	0.002385261924
14397	0.001769570298
14486	0.0008908643276
14509	0.001213162458
14551	0.003992376904
14891	0.0004044913495
14928	0.003569765246
14966	0.0007147571059
15062	0.004590578017
15098	0.002347558735
15176	0.002262196147
15196	0.003366170474
15221	0.002122284738
15233	0.001543606362
15288	0.001924647042
15322	0.003182860094
15580	0.00476127698
15743	0.0006780339363
15975	0.002440583348
16026	0.0006856207359
16034	0.002328412215
16039	0.002614424894
16098	0.00255029726
16522	0.001403477111
16529	0.002675651138
16622	0.003811279469
16728	0.002757258066
16803	0.002489272673
16822	0.001828363872
16823	0.005289047095
16988	0.004221859089
16991	0.004737644191
17143	9.676116571e-05
17356	0.0002400620714
17488	0.002474938725
17559	0.001862227338
17862	0.002520411367
17973	0.002241518942
17992	0.0008794473462
18043	0.001509445323
18341	0.0005849731225
18414	0.004102464546
18488	0.002105068472
18544	0.002115344702
18611	0.00317361238
18801	0.003142638784
18873	0.0005489613356
18972	0.001744114032
19103	0.002073929604
19109	0.0009622170385
19125	0.002849881106
19234	0.003146697518
19248	0.0004166647857
19269	0.004088034903
19302	0.007186736052
19465	0.001334381347
19574	0.001446114006
19709	0.0001002697759
19736	0.002345145042
19841	0.002351004281
20174	0.002324915525
20189	0.002369826551
20257	0.002847868622
20325	0.004334830714
20436	0.002055468854
20455	0.002254230101
20497	0.001077310703
20612	0.001745177104
20636	0.001779432771
20727	7.450446639e-05
20761	0.0003577349106
21040	0.007477944519
21073	0.001500787537
21467	0.002174896715
21632	0.006443006933
21680	0.002374445976
21694	0.00260377032
21698	0.002357700712
21903	0.003134730436
22009	0.002578012887
22046	0.001785603315
22378	0.002387399163
22468	0.007563936998
22538	0.0003029749235
22547	0.002607745612
22591	0.002490237682
22652	0.002195712346
22663	0.003045743879
22674	0.00195819167
22809	0.0009553861886
22861	0.002177135539
22864	0.003187191765
23054	0.00273489788
23084	0.002791472397
23264	0.002160220049
23298	0.002447757873
23302	0.0008692968053
23429	0.002825722559
23549	0.002728658818
23666	0.003999194056
23693	0.001485528547
23756	0.001307091593
23757	0.001996626734
23796	0.003584789378
24102	0.001805259177
24107	0.001805477897
24195	0.001202118649
24233	0.002179856019
24240	0.002902281302
24255	0.0003775563787
24334	9.638543891e-05
24516	0.0006203308638
24517	0.002008337082
24580	0.003184438218
24630	0.002395237155
24835	0.0009564221572
24860	0.004756266304
24875	0.002690621757
25326	0.001579723931
25391	0.003219147951
25606	0.001603409933
25666	0.002863402462
25767	0.005315955114
25818	0.003138126827
25922	0.002070619046
25975	0.002802195108
26045	0.002135032664
26317	0.003198800884
26400	0.002144526659
26443	0.002833053482
26477	0.003354872384
26518	0.001273835728
26622	0.00215711827
26673	0.003795818896
26710	0.001275079285
26735	0.00262988548
26935	0.003167366119
26970	0.001092053577
27560	0.007696373798
27692	0.001352309064
28069	0.0006354375228
28196	0.007756338386
28368	0.001557997259
28376	0.007983969831
28514	0.01512872189
28566	0.002974019869
28624	0.003076786613
28681	0.004626282378
28980	0.001970855029
29012	0.002389078807
29018	0.002062450235
29105	0.001049807818
29302	0.002647692341
29573	0.002863664787
29668	0.002654268579
29794	0.0006219765337
30019	0.002337325215
30072	0.0001252657932
30074	0.002743455964
30126	0.001896281742
30154	0.002823506194
30402	0.003655359565
30536	0.002829581598
30552	0.001990464237
30615	0.003450876427
30817	0.0004474877358
31039	0.002038529031
31178	0.006483211941
31201	0.0032318403
31414	0.004163787528
31512	0.00383682743
31656	0.001471571919
31844	0.002142954981
32055	0.0008831519206
32130	0.0003567456623
32146	0.002374461602
32194	0.005431442916
32245	0.005488208839
32279	0.001681116654
32377	0.006479296829
32489	0.004659740023
32502	0.002542683006
32504	0.002697213848
32520	0.002002729158
32548	0.001601988686
32638	0.001075624697
32688	0.004733916424
32865	0.001815905142
32952	0.001693821817
33031	0.00372052207
33140	0.002734130757
33150	0.002089542846
33167	0.004024010325
33190	0.001916334598
33247	0.004237517075
33339	0.0009263328781
33487	0.001782850588
33493	0.0022615623
33630	0.001805269997
33694	6.769879924e-05
33721	0.002172265472
33776	0.006157811359
33872	0.001672343662
33915	0.002396205588
34063	0.001726319319
34206	0.003268980256
34341	0.006517440822
34464	0.001795301634
34760	0.001294561548
34798	0.005417008106
34926	0.004567255623
35041	0.001434212192
35147	0.002295910062
35151	0.002262617471
35247	0.0008083671195
35405	0.002053775687
35500	0.001207507545
35690	0.002358699938
35725	0.001994326444
35845	0.003061843578
35847	0.002360063516
35911	0.003501564947
36000	0.002942692066
36304	0.001862278276
36355	0.002464455939
36405	0.0006916532878
36408	0.001261229726
36437	0.001861293469
36522	0.001985915547
36658	0.002431621904
36702	0.002788848524
36761	0.008306664631
37039	0.002662860823
37044	0.002148881774
37066	0.001931037553
37202	0.002328995422
37267	0.001159258397
37331	0.002399281296
37445	0.002580336285
37496	0.001684037076
37580	0.002120401977
37621	0.0020025741
37628	0.002910996268
37689	0.002389570567
37860	0.0007649000628
37922	0.005972219534
38028	0.002348738064
38063	0.001090342816
38072	0.0008203853877
38416	0.001999579208
38418	0.001334742297
38463	0.002615239345
38531	0.002814722982
38642	0.002459498928
38674	0.003971318843
38749	0.0006479097655
38771	0.002153864362
38810	0.005096200876
38934	0.002836947581
38950	0.003190317797
38978	0.004188261439
39235	0.003732101574
39429	0.002027192617
39433	0.0002110621839
39542	0.0005491120353
39629	0.002020029624
39649	0.0007412326675
39707	0.00204089281
39728	0.001939187572
39735	0.001951659836
39871	0.001395349496
39979	0.002148195317
40027	0.002413083564
40082	0.0006403904356
40482	0.00207995933
40680	0.001696055377
40716	0.001839815389
40819	0.003063626284
40989	0.003920594583
41117	0.001302289357
41143	0.001138165372
41267	0.002208404565
41327	0.003417027992
41430	0.004023367606
41494	0.0009491994686
41798	0.002430380464
41823	0.001764415002
41836	0.002551177059
41846	0.001111761211
41881	0.004107195607
41968	0.004471157477
42099	0.002678650309
42124	0.0007354990861
42384	0.004103851533
42404	0.001727176813
42416	0.002477372726
42483	0.00293826068
42548	0.001200116665
42654	0.001048486693
42830	0.002249116478
42846	0.002362187354
42919	0.001792988305
42951	0.00215218472
43031	0.002669594838
43049	0.01550974185
43063	0.001990060031
43246	0.0021008555
43311	0.002868960033
43412	0.00364134714
43444	0.002316764818
43627	0.0004322552046
43738	0.002806760226
43742	0.001788768342
43755	0.001693688779
43785	0.00127683962
43941	1.283222805e-07
44082	0.006886470607
44110	0.002951005354
44141	0.002440382241
44206	0.002721391036
44211	0.004235101179
44226	0.002657648374
44228	0.002332343244
44278	0.003978865098
44430	0.002341478491
44582	0.00179739774
44618	0.002450653839
45139	0.004490661171
45553	0.00390947042
45607	0.0008741353452
45610	0.001744544358
45612	0.003905121009
45643	0.0007251962448
45696	0.001945213454
45792	0.002267480037
46013	0.004487238588
46078	0.002976588097
46125	0.002715519437
46138	0.002018653266
46169	0.00211024484
46181	0.001312600162
46314	0.002008988883
46323	0.0001089676725
46346	0.0009416100306
46404	0.001573200304
46520	0.004038750308
46604	0.0008655705098
46784	0.002526639136
46822	0.004731487844
46877	0.002614935236
46921	0.002271004907
47053	0.001442029928
47099	0.001865645474
47325	0.002260066538
47401	0.001929666677
47568	0.001702135316
47597	0.003436659384
47632	0.003448746047
47757	0.002859623428
47888	0.002113743131
47989	0.002375855441
47992	0.0004732380501
48023	0.002317680042
48088	0.002574148048
48107	0.004511084734
48188	0.002187364705
48292	0.002802855324
48295	0.001723270066
48343	0.001684735733
48403	0.002390763274
48448	0.001590222443
48527	0.00303671345
48544	0.002580055907
48640	0.001125492052
48718	0.002362662915
48734	0.003011771321
48765	0.002228220867
48907	0.001539583632
48935	0.002062835031
48994	0.002386483515
49009	0.00183554201
49210	0.001757016093
49550	0.001402872148
49665	0.001527277001
49780	0.001938809076
49785	0.01302882509
49787	0.005171417459
49803	0.004190519254
49844	0.001757361174
50359	0.01424048354
50435	0.001066949471
50503	0.003418456357
50546	0.002295126897
50547	0.0008013303107
50625	0.003569147316
50695	0.00324076054
50915	0.002522942207
50930	0.001987174982
51016	0.002671487717
51132	0.000397110863
51171	0.001839583497
51231	0.0009507185128
51330	0.005115478426
51420	0.002401346417
51467	0.003521769693
51492	0.003163928618
51507	0.001927916793
51640	0.004011363476
51764	0.004151619666
51778	0.0005994215266
51876	0.003419641885
51991	0.0009606857199
52016	0.001601283788
52124	0.001672390391
52168	0.002171387965
52390	0.0002253877348
52428	0.002347508445
52469	0.001969622076
52504	0.002717452497
52522	0.00345396322
52579	0.003488170712
52965	0.00612215628
53156	0.002456519089
53260	0.001128006988
53265	0.0008008748106
53311	0.00216056894
53334	0.002433185359
53427	0.001234964976
53483	0.0009998400924
53535	0.005485985917
53627	0.002086611704
53840	0.00231749765
53881	0.002638137955
53920	0.003702763837
53930	0.004342719616
54162	0.002060792101
54234	0.001984316733
54250	0.00146386362
54272	0.002504428481
54291	0.002687344715
54445	0.001987246504
54552	0.004076408731
54688	0.002102028349
54750	0.002447656811
54881	0.001644404114
54910	0.002518133678
54912	0.002191619199
54967	0.00354886695
54986	0.008857595762
55025	0.002807354987
55168	0.003265734784
55485	0.005441347263
55541	0.001671157334
55632	0.001854601677
55655	0.001812268996
55749	0.001433705598
55805	0.004677426135
55840	0.003470699155
56188	0.001226221077
56246	0.002971082528
56324	0.004717541416
56385	0.004177923722
56457	0.0003192710926
56635	0.002508714871
56801	0.002747931527
56806	0.001631476121
56992	0.002555967883
57172	0.002416694375
57488	0.00215913375
57504	0.005576680445
57548	0.001571761222
57591	0.002453000436
57835	0.004048101184
57849	0.00139391295
58052	0.002626786187
58128	0.001937860064
58142	0.002278262455
58181	0.002489007708
58420	0.001202190013
58501	0.002149580015
58563	1.82708469e-08
58569	0.001099752862
58607	0.001604549555
58657	0.001513930883
58696	0.001417688448
58737	0.001581217942
58756	0.0004844772509
58887	0.00158148246
58943	0.002211073006
59010	0.005375134041
59092	0.003076648848
59137	0.003843639013
59235	0.002349160943
59345	0.003077342529
59367	0.002897014552
59377	0.004593625399
59388	0.0006090436713
59451	0.0015975222
59586	0.00122228364
59591	0.001737226046
59628	0.001660054193
59721	0.0007148805528
59754	0.001438422957
59862	0.005760969472
59905	0.005644295118
60134	0.002079789726
60164	0.001175819449
60167	0.01388961576
60191	0.002184328028
60203	0.002705337477
60264	0.003827887049
60410	0.002810329577
60573	0.00298673464
60737	0.002778117786
60767	0.01517126714
60779	0.001003465757
60906	0.00182386053
61060	0.002150803406
61069	0.002712074829
61177	0.001869602636
61193	0.001791604864
61213	0.003038010175
61358	0.005028267875
61535	0.002284493833
61595	0.002729537476
61630	0.01154293102
61689	0.006811447265
61698	0.0005573806787
61717	0.004331038271
61729	3.407947306e-05
61933	0.004652486459
62121	0.004436460248
62317	0.0001754258805
62409	0.0006372943054
62604	0.002824863239
63294	0.00275907136
63328	0.002184642292
63350	0.002249751287
63594	0.002236918797
63649	0.004011540556
63965	0.003771595626
63969	0.0009772586893
64324	0.001078838789
64448	0.00240581409
64533	0.002456044568
64623	0.002759706907
64656	0.002693723807
64739	0.00183880718
64801	0.00325499063
65145	0.001722184628
65254	0.002347059305
65273	0.0009168636212
65293	0.00194172148
65522	0.003422441533
65590	0.002135398765
65633	0.002178653652
65744	0.002532092714
65822	0.002441533516
65832	0.001868090389
66105	0.0003146243092
66166	0.0001023301097
66197	0.003806422318
66207	0.001632004054
66555	0.0005057509234
66602	0.001395077041
66645	0.001063078071
66768	0.005523156049
66923	0.001215771672
66926	0.001501500597
67012	0.002097844489
67191	0.00175041368
67389	0.002333581239
67396	0.003849982943
67426	0.0003395859093
67449	0.0006927299796
67611	0.001878868041
67630	0.002535208361
67673	0.00164691217
67674	0.001594724993
67690	0.0005367136126
67735	0.001047080539
67820	0.00227689196
67970	0.002580399842
67995	0.002871588718
68406	0.002246236884
68436	0.002154570996
68442	0.001041768297
68616	0.001999532691
68627	0.002521818816
68953	0.002221410927
69015	0.001109338613
69067	0.001018008319
69156	0.001213690839
69177	0.002697655122
69210	0.001893756338
69245	0.002558022161
69247	0.006077824655
69277	0.001948732331
69292	0.001485561042
69331	0.001365336913
69415	0.001463742368
69453	0.001758232787
69476	0.003147851999
69746	0.003260978487
69779	0.002248168865
69823	0.0057180833
70078	0.0009263556288
70200	0.002369474227
70273	0.003101533976
70653	0.0004283302739
70703	0.001315242811
70710	0.001260828903
70721	0.002004112886
70881	0.001799942601
71321	0.003315316763
71503	0.002735244346
71664	0.002757527418
71665	0.002046617389
71667	0.004529900246
71842	0.002316812284
71904	0.00273032398
72025	0.002359155634
72101	0.0008260986644
72152	2.552924922e-06
72202	0.001176633745
72299	0.002325109569
72508	0.001833655464
72523	0.002273528856
72632	0.001815822695
72791	0.003962896115
73126	0.001247785994
73255	0.00296045532
73459	0.002370678613
73467	0.0005106174992
73529	0.002359587437
73564	0.0041186278
73631	0.00377066818
73792	0.003883575034
74129	0.002335018556
74178	0.001662350129
74207	0.001834149422
74333	0.002138778542
74673	0.002469007055
74828	0.001910188549
74830	0.003311484984
75001	0.002699667931
75019	0.001849265642
75044	0.002182915783
75064	0.00617429166
75134	0.01255838928
75156	0.005944215755
75164	0.003319107236
75316	0.01944722962
75351	0.002928357949
75366	0.00364009208
75393	0.002126968837
75473	0.0002179279229
75497	0.0005558639728
75622	0.003779557184
75635	0.001228146937
75642	0.002922002268
75704	0.003249800658
75741	0.003547496029
75745	0.002482957534
75790	0.002406138667
75829	0.0006085276455
75855	0.00113652001
75969	0.00238370424
75985	0.002435249044
76008	0.0002598938523
76192	0.002863882882
76305	0.0005428936467
76312	0.002737757386
76469	0.003445955489
76564	0.008864842979
76620	0.002369576287
76750	0.002991215027
76919	0.00233077523
76977	0.002857386334
76982	0.002525912756
77020	0.001069372176
77075	0.002508996453
77082	0.0007801619125
77087	0.002481351349
77132	0.003317612745
77176	0.005161794834
77250	0.0017554177
77381	0.001995335035
77489	0.004224007558
77608	0.002595449986
77642	0.005328204125
77719	0.004876702584
77838	0.002481853602
77876	0.003867409006
77928	0.002329557088
78005	0.001682339685
78109	0.002593182985
78132	0.003202541702
78551	0.002416117956
78570	0.009502205992
78591	0.00180574247
78924	0.003314567082
78930	4.657430574e-05
79090	0.003383360816
79127	0.007798212581
79195	0.003141406115
79421	0.001926023877
79573	0.002095643361
79589	0.001198156606
79672	0.001397759192
79707	0.002416073135
79724	0.003120687293
79834	0.001315450689
79884	0.00818733495
79925	0.002206616668
80113	0.002406366615
80177	0.003054534605
80240	0.002268167527
80278	0.002095967658
80297	0.001280095009
80439	0.003912262642
80469	0.002702155976
80533	0.001741872155
80718	0.004190228544
80720	0.0007463062412
80744	0.005055784963
80769	0.002026716461
80794	0.00158963829
80931	0.002217754028
80959	0.004130430922
80978	0.002393467775
81090	6.248281436e-05
81148	0.001981249538
81218	0.001578823788
81224	0.001458835896
81332	0.002327514664
81353	0.008395969116
81373	0.00277775532
81426	0.001833768297
81444	0.006450218698
81470	0.0002751276412
81477	0.00156640938
81552	0.001891310325
81658	0.0008361334939
81756	0.002711735821
81774	0.00249182062
81851	0.004433037716
81879	0.002547594027
81955	0.002459866253
81974	0.002579031049
82011	0.00102662518
82032	0.001721344834
82165	0.0016200306
82242	0.008847529619
82272	0.002268143144
82302	0.003442674329
82405	0.0006340159345
82422	0.001642152289
82507	0.002540562467
82541	0.001149384747
82566	0.005591967321
82655	0.0008592926521
82657	0.00352230772
82787	0.001773056832
82815	0.002600752192
82894	0.00586238786
83048	0.002816641781
83057	0.003219468346
83133	0.000160600713
83238	0.002959098304
83318	0.002877953996
83327	0.00017882283
83338	0.001215395706
83485	0.003096757898
83512	0.002064044639
83517	0.006870606693
83715	0.005433899878
83790	0.001831350393
84063	0.0001477686742
84307	0.002297850296
84530	0.002493856886
84738	0.003524146055
84743	0.006410804323
84900	0.002140825103
84963	0.003864615109
85078	0.002014564253
85131	0.0005288636836
85140	0.003502841251
85209	0.003264621973
85317	0.002194539454
85436	0.001683421955
85470	0.002161404369
85475	0.001997146131
85496	0.003045328485
85514	0.001725153086
85706	0.003318589234
85754	0.00104683282
85856	0.002147192
85944	0.01096574749
85956	0.003366653073
86026	0.0001886057313
86158	0.001725535451
86250	0.00843595189
86256	0.001374454487
86301	0.002195510851
86404	0.004314679653
86833	0.003840624471
86911	0.002400973946
87161	0.001953592661
87162	0.003105326399
87285	0.003537894731
87352	0.004599072908
87444	0.002405707744
87868	0.002697043684
87957	0.001965677531
88073	0.001840667978
88082	0.0002126735104
88344	0.002416339236
88370	0.006453525995
88383	0.007890782892
88399	0.002510749866
88410	0.002328669423
88536	0.001851851305
88603	0.001904541782
88604	0.004266085929
88689	0.002954497888
88887	0.002498187422
89007	0.001823980734
89008	0.002148237594
89237	0.003718665026
89261	0.002251563883
89316	0.007824701659
89334	0.01149281483
89388	0.002636013089
89397	0.002369711317
89411	0.003286691189
89523	0.002385818205
89649	0.002588638591
89679	0.003044358382
89721	0.0007024888322
89794	0.004457647884
89795	0.002416478694
89846	0.001418767896
89883	0.002809067221
89937	0.001845212386
90027	0.001070891085
90038	0.002408723786
90060	0.001977604901
90063	0.003884361432
90163	8.248340815e-05
90378	0.0004732183791
90877	0.001862659155
90916	0.002488520344
91142	0.002736899527
91213	0.001346967408
91392	0.003107179128
91471	0.0006334095481
91502	0.007453934192
91524	0.002202347837
91626	0.001685959134
91804	0.004053630092
91822	0.003006007072
92060	0.003084130271
92081	0.002110260697
92101	0.006024177218
92156	0.002055008285
92295	0.002579603222
92331	0.0009832168486
92507	0.008722811824
92573	0.0003288061831
92574	0.005534324226
92627	0.000130410966
92656	0.001426872504
92722	0.004360146633
92834	8.49571668e-05
92865	0.002791729966
93050	0.005152596622
93111	0.005904208547
93309	0.001443743662
93504	0.001197878294
93838	0.0013400858
93846	0.001822165326
93853	0.002453246657
93910	0.0009093918118
93955	0.00210249043
94100	0.001071215517
94216	0.0004306854373
94274	0.005151922929
94313	0.002229564014
94455	0.0001978414009
94515	0.004329518364
94631	0.001070259722
94711	0.001654092638
94822	0.003118583823
94926	0.002820199057
94977	0.002343303198
95048	0.002508016548
95082	0.0002566699959
95103	0.0003414544681
95106	0.000397714888
95114	0.0006143950445
95141	0.001470969338
95172	0.002779104913
95226	0.002080439816
95402	0.00080735675
95421	0.002436312413
95728	0.00510842517
95908	0.00397728653
96120	5.656775948e-05
96311	0.003030509024
96428	0.002121353858
96465	0.002527032724
96600	0.002906335351
96753	0.01411336849
96870	0.003804693838
97071	0.003627093157
97097	0.00256589023
97197	0.002403995402
97206	0.003261133566
97220	0.0005687216744
97291	0.000240637176
97407	0.005916414726
97431	0.001009681033
97694	0.001430213354
97742	0.001709993862
97823	0.002073654585
97912	0.002821880426
97919	0.002021443263
98023	0.002172063426
98111	0.001689933318
98115	0.002088760357
98208	0.0004457386877
98226	0.002043744052
98227	0.004122496448
98259	0.0006558542206
98279	2.560016403e-07
98295	0.003035733723
98310	0.002199829267
98420	0.0002496821522
98597	0.002376178577
98787	0.005655538583
98883	0.002570417886
98955	0.006800804013
98982	0.003135795708
98989	0.01355393109
98995	0.001936728395
99067	5.483319041e-05
99200	0.004243233494
99232	0.003319231966
99245	0.003347414541
99268	0.002879836913
99296	0.00229839193
99307	0.001589614549
99369	0.002103957433
99414	0.001234264277
99421	0.00212652806
99444	0.0002854732912
99676	0.003958543027
99734	0.00186708648
99844	0.002386891977
99870	0.001961736388
99957	0.002052863818
100001	0.0008183191517
100050	0.002959299859
100084	0.002960665514
100154	0.003711575473
100173	0.004056159244
100422	0.004427221514
100501	0.004198836088
100587	0.002027656444
100614	0.001927355493
100617	0.001753219891
100693	0.003262227691
100923	0.004870511973
101229	0.001309199238
101344	0.000243466472
101530	0.001232601338
101570	0.001254372813
101574	0.002237062643
101690	0.002796244117
101983	0.001715671087
102237	0.00198716492
102276	0.001634619301
102277	0.001778549478
102330	0.001233461892
102343	0.009005542332
102412	0.001891757982
102475	0.002198470807
102744	0.002406016428
102759	0.003288350954
102938	0.001907648788
102977	0.003122572766
103151	0.003666626467
103269	0.002045569613
103307	0.002341330585
103350	0.003402605299
103424	0.002926940838
103689	0.002322836458
103966	0.001273686396
104144	0.002149014583
104153	0.00144120577
104155	0.003783198712
104185	0.01250346074
104260	0.001908309408
104383	0.002243846433
104395	0.002505765283
104406	0.009834972892
104457	0.003473524952
104480	0.00205591869
104514	0.002265886615
104528	0.001555598059
104620	0.001575978279
105059	0.002964425058
105090	0.009137469117
105150	0.0008533549129
105595	0.001405155469
106047	8.41027383e-07
106057	0.003413964119
106171	0.00141990726
106211	0.001905135412
106241	0.00335558879
106320	0.0003766720178
106343	0.003810535976
106362	0.002302045566
106677	0.003154461435
106690	0.001163915388
106796	0.003366088108
106822	0.0004842070319
107121	0.004296738862
107173	0.001809819911
107244	0.002182658438
107382	0.003589194612
107616	0.001362895308
107622	0.002271102943
107791	0.002906134966
107933	0.002732268132
108049	0.003300943191
108106	0.0068700597
108134	0.003098198803
108152	0.002246088346
108196	0.002562320364
108283	0.0001976871377
108310	0.002351313233
108385	4.686898096e-07
108400	0.002232248176
108533	0.002513694138
108823	0.005255777733
108888	0.0005505741729
108951	0.001698651054
109134	0.00197201811
109164	0.001694684726
109216	0.001396903242
109268	0.003986813334
109327	0.001545555695
109340	0.005768300626
109396	0.00282605937
109398	0.001676930803
109466	0.005000038412
109539	0.001676566219
109689	0.003343211723
109760	0.003848034624
109787	0.001297863872
109919	0.005234981803
109969	0.002894587638
109972	0.000777836999
110714	0.001915856117
110738	0.0005463541565
110850	0.001497102302
110866	0.002110038547
110998	0.0001212728745
111071	0.004583416418
111139	0.002598073719
111286	0.002988572293
111545	0.001358111859
111548	0.002060138157
111585	0.004054939832
111684	0.002136177319
111837	0.001972593053
112026	0.002498885699
112081	0.00205643845
112086	0.001315645654
112098	0.0009771261954
112227	0.002952922842
112310	0.003607798924
112444	0.002491299759
112552	0.001975361357
112706	0.002166752252
112799	0.007994366229
112806	0.0008078246477
112989	1.235185388e-07
113008	0.001698477102
113050	0.002285126566
113265	0.002684010895
113329	0.004171724213
113365	0.0003575530685
113535	0.0007829747062
113616	0.001841546342
113621	0.002344010291
113641	0.002435033815
113658	0.002625084828
113778	0.003675389494
113885	0.006063338328
113947	0.0004290238714
114122	0.00211944003
114153	0.002010363764
114534	0.001702202903
114577	0.00137991089
114631	0.002592611416
114663	0.003000295834
114699	0.001796977427
114740	0.002572841643
114745	0.001667544085
114767	0.001347419843
114821	0.001196075683
114824	0.001664084767
115144	0.003446447014
115206	0.003753750196
115229	0.001643743941
115242	0.003715199873
115518	0.002848760076
115562	0.002605206138
115593	0.0006586484666
115599	0.003725523722
115665	0.003522720635
115678	0.001882998652
115865	0.00357660196
115912	0.003859367163
115930	0.0003643012521
115968	0.006082558178
116059	0.002099361233
116178	0.00143066657
116243	0.001965123874
116287	0.003287777065
116338	0.001667253349
116395	0.001370884424
116409	2.877658387e-07
116477	0.00980897692
116495	0.001732809954
116637	0.004963501944
116650	0.001632034821
116691	0.00151190732
116726	0.002155586451
116860	0.002941524202
116913	0.001218602897
116933	0.001105862221
117061	0.00251544921
117102	0.004043801333
117118	0.002227114762
117125	0.000981373121
117294	0.001683116759
117313	0.0009880624382
117325	0.009207470453
117429	0.003287884195
117431	0.001919644039
117539	0.002374813972
117586	0.002925779858
117611	0.002355515873
117708	0.004188964493
117900	0.004135715198
118243	0.002652523581
118341	9.710121468e-05
118360	0.003624472354
118692	0.002919131388
118705	0.003371216435
118725	0.003208295591
118754	0.0004809307883
118948	0.001238322276
119060	0.002397125467
119066	0.004029494527
119152	0.001950267228
119186	0.004151251979
119297	0.001986673608
119365	0.001993924369
119727	0.001914891755
119958	0.004270366652
120037	0.001783086039
120101	0.0005716904988
120196	0.001848005519
120225	4.730740292e-05
120483	0.00286343708
120618	0.01209096425
120656	0.00198639856
120729	0.002135639318
120835	0.004035113797
120840	0.0029516966
120944	0.002183277293
120990	0.0001467991037
121139	0.002628277293
121221	0.003750282124
121288	0.001485357967
121369	0.002171438494
121509	0.001899007777
121557	0.002778041657
121582	0.001236924015
121882	0.007690481995
121897	0.003071392205
121947	0.002597951638
122019	0.001650238468
122035	0.004411840759
122093	0.001052954269
122311	0.001524578161
122532	0.001316271555
122547	0.002211896102
122647	0.001446036066
122811	0.01161882536
122887	0.002569930786
122947	0.002379667769
123030	0.01066709738
123055	0.002954370284
123109	0.002362945244
123192	0.005151481578
123291	0.002162130295
123339	0.00128683111
123381	0.006251261746
123419	0.001245898795
123451	0.0009007968467
123518	0.001809836234
123558	0.005115960693
123879	0.001621354895
123930	0.000389615328
123942	0.00246332265
124093	0.002364667786
124113	0.003220866132
124154	0.002024726481
124255	0.001948200568
124406	0.004045696697
124425	0.0005450811159
124474	0.002495876531
124489	0.00698370338
124646	0.0003903605815
124685	0.003453355143
124702	0.007630379398
124738	9.691411476e-08
124745	0.01022883137
124800	0.002774358424
125099	0.002684050541
125124	0.0004219974901
125188	0.0004425554659
125254	0.00159008124
125346	0.00240008904
125394	0.002347535413
125400	0.002646870684
125463	0.00323399277
125478	0.002309933324
125530	0.002089036927
125803	0.00431759977
125822	0.001174153978
125823	0.002718059472
125840	0.002604517934
125879	0.002443112129
125881	0.002774140759
125981	0.0009917180559
125992	0.003044639503
125999	0.003943651416
126064	0.00839043645
126075	0.006537352901
126087	0.004924318443
126143	0.004603301142
126147	0.002343720767
126200	0.001516172408
126319	0.002093218564
126335	0.0005546551722
126342	0.00311265504
126362	0.002716025622
126631	0.007341890341
126637	0.001517829701
126783	0.003722094062
126825	0.00156338108
126867	0.003250497143
127025	0.002317745976
127035	0.001662266375
127104	0.001982062877
127114	0.002619151286
127188	0.001565449111
127190	0.002318552791
127223	0.001559645961
127237	0.0025422701
127259	0.002425622778
127292	0.00728174516
127306	0.002066899209
127504	0.0004796780188
127532	0.002397013271
127568	0.00409070492
127605	0.005039873809
127646	0.001209313204
127718	0.0002065549243
127857	0.002580735213
128126	0.001005134861
128170	0.00126700528
128244	0.003429178462
128379	0.002371298407
128615	0.003885521517
128688	0.001977824562
128696	0.0004705011201
128743	0.004353425643
128772	0.006487809884
128930	0.0009785146912
128967	0.0027258373
129048	0.002758039351
129298	0.006687484915
129464	0.003132078313
129531	0.003931716124
129666	0.003000966703
129673	0.001582586309
129820	0.002242017223
129902	0.001816855174
129966	0.001594391031
130073	0.001544798121
130118	0.001783512929
130564	0.001482493547
130923	0.002653958825
130933	0.002083153211
130975	0.0009278483422
131114	0.002595354516
131132	0.002154481264
131134	0.002451027033
131262	0.002101013357
131418	0.001646981757
131498	0.001897670294
131504	0.002136548542
131604	0.0005499492144
131675	0.002714329191
131733	0.002776525346
131783	0.005039731978
131969	0.0006834759776
132165	0.004468347633
132221	0.002252243831
132223	0.002702978229
132359	0.0009195545275
132380	0.00147874907
132434	0.002287379039
132481	0.002256193432
133001	0.001780278895
133023	0.001938855835
133128	0.005173166
133196	0.002259099708
133485	0.001657666098
133529	0.003626418403
133691	0.00315189979
133828	0.001989330884
133870	0.0001578898283
133927	0.001358063401
133992	0.009424393945
134009	0.0025307892
134021	0.01453755946
134063	0.002135569568
134071	0.003098667728
134180	0.001252739427
134279	0.003042253825
134382	0.006761537782
134433	0.00451095938
134522	0.003370997097
134574	0.0006569384003
134604	0.001105250445
134667	0.002272425777
134744	0.002100839364
134800	0.002004649955
134911	0.002936262969
135008	0.006075314394
135085	0.00216541838
135115	0.002731366331
135400	0.00207221199
135455	0.003106244283
135549	0.003534985346
135611	0.004437132738
135616	0.002273580159
135859	0.002439042659
135985	0.002360508312
136174	0.0003840342745
136186	7.692387e-05
136355	0.002311796101
136426	0.002259538907
136453	0.001403748673
136548	0.002112025842
136665	0.004860159271
136690	0.0005444064741
136738	0.0008810012022
136900	0.002929446001
137156	9.919399721e-06
137195	0.002937830566
137413	0.003071547013
137416	0.002853195036
137511	0.006625826331
137619	0.001634448322
137666	0.002374865872
137678	0.003947433848
137695	0.006927301212
138039	0.002578354768
138126	0.002751810027
138153	0.002894136205
138162	0.001241793509
138176	0.001640157607
138231	0.01140044774
138513	0.0009398154713
138521	0.003276883698
138664	0.003599805276
138722	0.001132132908
138844	0.001793326025
138880	0.003179942693
138931	0.0007931969322
139027	0.00280279225
139063	0.0001380825809
139091	0.002053628796
139258	0.002280201191
139302	0.003323227283
139382	0.002377215043
139507	0.002026102147
139514	0.001154294132
139550	0.003060056992
139566	0.0004029823396
139590	0.002040888226
139622	0.004518127133
139720	0.003267303542
139804	0.002243100408
139824	0.003295288039
139854	0.003209607676
139978	0.0009630720651
139979	0.002152167844
140063	0.0009173667307
140456	0.00296919083
140566	0.00223454128
140885	0.001989086585
141184	0.002176541495
141279	0.002127161575
141768	0.004328384237
141943	0.003387338221
142032	0.002751071014
142047	0.002852817497
142068	0.0022732344
142250	5.75670822e-05
142385	0.00163283834
142393	0.001602262352
142440	0.0002969915854
142706	0.002294920086
142963	0.001445773228
142994	0.001292692471
143104	0.001877179761
143180	0.002529487065
143208	0.0002852788331
143444	0.001942994808
143452	0.002920053468
143512	0.002126608125
143521	0.01145261598
143919	0.003165525002
144148	0.003205118202
144378	0.001079301712
144380	0.00255104178
144525	0.00236013489
144581	0.00199340751
144584	0.001774545396
144645	0.003817177013
144706	0.002093361246
144717	0.001539713786
144802	0.0004800288793
144806	0.003757160751
144929	0.006454383346
144961	0.006124020071
144993	4.185735285e-05
145199	0.003477780081
145211	0.001985469782
145223	0.0004410676806
145228	0.001003148914
145349	0.002194450718
145566	0.001827638581
145597	0.001436251549
145605	0.003175727989
145625	0.002134037485
145641	0.004915240231
145655	0.001079866959
145688	0.00176319663
145694	0.001820640295
145721	0.001207719768
145815	0.002080269493
145932	0.00289962405
146104	0.003203791373
146136	0.00214050335
146311	0.002386184639
146347	0.003184576588
146422	0.003397420159
146508	0.00100616751
146589	0.003038970154
146698	0.00558925368
146751	0.002150549986
146840	0.0002434980093
146844	0.002162705036
146905	0.00253649357
147068	0.002417132766
147091	0.002187795851
147129	0.002651456035
147325	0.001545752747
147353	0.00147320141
147400	0.003029328955
147452	0.002652944326
147602	0.002424022738
147754	0.002203296829
147917	0.004633387608
147973	0.004570741827
148095	0.002987775266
148175	0.001848026822
148264	0.005583743409
148306	0.009317687942
148401	0.001900698083
148548	0.001949479688
148584	0.0009116989668
148615	0.001773162574
148672	0.0009065335739
148687	0.009162518259
148939	0.002452178017
149039	0.001594870775
149130	0.004233832421
149134	0.007061484437
149172	0.002830019824
149223	0.003793557033
149230	0.009055177983
149533	0.002118824756
149589	0.003224518118
149626	0.0001547076917
149709	0.003269815063
149760	0.000257196122
149830	0.002735917303
149950	0.001825177668
150014	0.001262536941
150061	0.002723193767
150187	0.0008166092228
150271	0.002375193555
150274	0.002551123728
150484	0.0006477873313
150551	0.002871576323
150645	0.001208705641
150652	0.003869467307
150654	0.001382449494
150674	0.002207528402
150708	0.008288684557
150736	0.003053370687
150757	0.001462723155
150791	0.0004200296714
151092	0.001840027395
151185	0.0005105864472
151275	0.005725186498
151546	0.0008204345156
151587	0.001163829775
151723	0.003014701734
151732	0.003221249673
151786	0.002633490421
151900	0.009028681483
151923	0.0009435918005
151975	0.001092048139
152122	0.00147589256
152168	0.01634557938
152265	0.003509283931
152334	0.0001697114804
152340	0.001903925177
152348	0.004502591161
152432	0.00545892278
152449	0.00143372121
152764	0.00178827035
152785	0.003197485333
152834	0.002374241203
152853	0.000829721246
153177	0.004992061394
153199	0.001814858136
153423	0.002735264582
153460	0.00374921824
153604	0.003585734448
153732	0.002305628896
153848	0.002798183988
153870	0.001781884558
153936	0.006141870521
154018	0.003185324785
154044	0.002375749359
154067	0.003562056791
154068	0.002324408952
154132	0.002388749599
154143	0.002726771591
154190	0.001338995719
154346	0.003963774988
154363	0.001864976451
154527	0.001167031005
154681	0.003838999498
154760	0.002529419969
154892	0.002148212774
154903	0.001374100171
154984	0.001147421413
155070	0.002393118099
155110	0.00089262273
155132	0.001110574246
155228	0.001369241625
155231	0.00747990733
155267	0.0009837437555
155443	0.002158115867
155671	0.001455469569
155694	0.0001959526098
155885	0.001695659477
156127	0.002933569235
156293	0.001808207777
156314	0.001039820171
156340	0.003660092404
156354	0.005087137894
156631	0.004037234203
156667	0.002615485309
156674	0.001376673276
156706	0.001717176532
156784	0.002657778553
157014	0.01141162884
157136	0.006449960638
157414	0.00188226158
157416	0.001454497259
157481	0.002855389016
157482	0.001734363203
157620	0.001326216524
157641	0.003926031489
157710	0.001832642566
157790	0.001536598021
157843	0.001599544552
157864	0.01111387011
157950	0.001554805263
157989	0.001721732482
158062	0.002351233533
158211	0.002120174044
158401	0.002067593797
158476	0.004858649636
158479	0.001664875866
158570	0.001893285885
158664	0.009503107944
158759	0.00161058824
158794	0.003725712926
158849	0.005114382305
158895	0.0008106162195
159093	0.001776489991
159107	0.003085188777
159121	0.004791510933
159212	0.004536571261
159299	0.0028687111
159320	0.0004654476211
159555	0.005103064606
159648	0.003689301888
159683	0.002270779442
159704	0.0009380963404
159711	0.001973118961
159891	0.003629573167
159893	0.001304511522
160014	0.001227667017
160060	0.003315405324
160154	0.002736618116
160321	0.003760915895
160430	0.002010258003
160432	0.002129538307
160507	0.00421115785
160606	0.001374315724
160704	0.00475626002
160735	0.001994091858
160850	0.002326029431
160886	0.0003907917689
160918	0.002572257004
160970	0.002420464939
161061	0.001878883984
161063	0.001828922612
161149	0.001222011699
161151	0.001891294543
161169	0.0009131608729
161204	0.002172945942
161237	0.002290931968
161294	0.005270935824
161318	0.001649666944
161360	0.00307945038
161556	0.002644896152
161615	0.0005993795893
161748	0.002952777995
161982	0.002065483264
162191	0.001944275619
162268	0.00221383087
162278	0.001922775603
162445	0.01195685907
162530	0.0004453548898
162653	0.003273555446
162681	9.68666172e-05
162715	0.0009852906446
162725	0.002466680022
162821	0.002805482222
162929	0.0003518010288
163121	0.001966516402
163129	0.002402219728
163154	0.00621690083
163229	0.002023118624
163365	0.002538122267
163454	0.00174806237
163603	0.000725959607
163715	0.001792873208
163792	0.001314606747
163858	0.001348935979
163869	0.001883733007
163944	0.001894436759
164069	0.006384704912
164147	0.001773512679
164205	0.001429897667
164286	5.060189986e-05
164337	0.003333651306
164455	0.002802875488
164512	0.002329282652
164517	0.002158973132
164532	0.0006360644404
164567	0.002493839915
164610	0.00303536816
164685	0.0007300213204
164717	0.002809998789
164765	0.003151334288
164933	0.001907668343
164981	0.002213660179
165140	0.002207648289
165258	0.004399731676
165305	0.00154490191
165356	0.001921768615
165387	0.00236621769
165464	0.00145364049
165473	0.0031808358
165479	0.001253659321
165509	0.0020781725
165604	0.002673478165
165673	0.01373594362
165690	0.002110023181
165747	0.005688355046
165810	0.002624607345
166010	0.0007504937843
166060	0.001570042159
166131	0.008599436305
166196	0.001733821781
166491	0.003049149322
166499	0.002949939679
166508	0.002248405848
166554	0.005461076037
166594	0.002012555021
166675	0.002908651864
166761	0.005977354851
167012	0.004246099001
167659	3.870844466e-05
167733	0.004497592255
167899	0.001732286281
167983	0.002569799597
168053	0.002040216823
168224	0.002844836044
168256	0.001062870415
168274	0.002631298954
168279	0.002350134657
168329	0.002166440697
168454	0.004125737872
168529	0.002845803543
168717	0.00603547351
168776	0.004019724517
168816	0.00335229305
168830	0.001895929302
168969	0.000527234989
169003	0.002200906882
169130	0.001065723567
169171	0.002237154322
169282	0.004035584045
169340	0.00407705576
169492	0.001551281895
169650	0.005167463295
169715	0.003875918079
169771	0.001694903496
169821	0.00246917707
169823	0.0003902460704
170051	0.001346517068
170208	0.007461181721
170305	0.001402701025
170315	0.002552653612
170362	0.0021071942
170426	0.003629503835
170633	0.003413767081
170828	0.0008777944088
170857	0.001412148077
170878	0.002264606038
170958	0.006037372253
170959	0.005329296045
170977	0.003420586074
171000	3.615987476e-05
171029	0.0007434880093
171309	0.00126230248
171492	0.00245973488
171549	0.00112372344
171798	0.003080298556
171846	0.002870511803
171960	0.001447291898
172012	0.000368006808
172073	0.002592425466
172103	0.002092216156
172228	0.001304570211
172276	0.003364661555
172290	0.002186976925
172477	0.00403607192
172616	0.002405434896
172733	0.0006665666523
172768	0.007332585458
172808	0.0006148815704
172820	0.001750507164
172901	0.001568586844
173005	0.002668039365
173074	0.001921264442
173175	0.002001276477
173231	0.004062657665
173237	0.0009431732574
173317	0.002780205808
173320	0.002237526238
173334	0.0009329681914
173380	0.003656136507
173483	0.003033638468
173561	0.002360868064
173563	0.0059557034
173602	0.001767149662
173762	0.001950234549
173855	0.002616152433
173913	0.001424332793
174108	0.004826443673
174207	0.005215428357
174388	0.002020413981
174608	0.003363795495
174653	0.002408216646
174683	0.002596555354
174746	0.005123956455
174871	0.0005596376263
174916	0.003469531764
174973	1.2152793e-07
175052	0.00558875962
175084	0.0003071927931
175148	0.002112146313
175197	0.0005225972394
175241	0.001775905202
175521	0.002974500731
175545	0.002211461552
175586	0.002444228145
175598	0.003023212999
175692	0.002920435748
175797	0.007773173805
175854	0.0005598911108
175917	0.0009265639858
175970	0.002951550547
176006	7.765110016e-08
176127	0.002969951247
176223	0.002079623105
176301	0.005544046645
176359	0.003530988516
176559	0.002200445008
176717	0.002500014263
176780	0.001646075739
176782	0.002339892699
176795	0.001031924003
177194	0.001126272749
177423	0.002418001295
177449	0.0005025677425
177490	0.001934658213
177538	0.007969906775
177793	0.004645286253
177860	0.004022062294
177897	0.00314004677
177957	0.002279736559
177981	0.006945893471
178007	0.002132691256
178042	0.003080370602
178210	0.002178262876
178264	0.00310605126
178343	0.002682435367
178395	0.0002372760989
178534	0.000252107868
178588	0.004956612812
178627	0.002763397091
178718	0.002651225225
178805	0.002458492859
179030	0.001594738109
179096	0.002372188807
179297	0.002343636937
179513	0.003143144558
179681	0.002618214327
179792	0.005491479919
179825	0.002621619657
179837	0.004008753805
179959	0.001545699921
180080	0.002947555166
180137	0.0008952053032
180240	0.001321247119
180378	0.002560948441
180700	0.00496857571
180794	0.0004917340005
180941	0.00262649403
181049	0.005141048354
181078	0.001863336037
181098	0.001534314223
181172	0.001623862711
181222	0.0001155505655
181224	0.000622911207
181234	0.004027521756
181265	0.00179086698
181412	0.002434053863
181472	0.002590413324
181525	0.005612886272
181626	0.001627023582
181667	0.002924887398
181734	0.0005254313227
181863	0.002014554521
181913	0.003054396088
182204	0.001367022305
182617	0.002946979395
182618	0.002173694969
182692	0.001608068455
182757	0.002072754022
183010	0.0009198642889
183015	0.0009931991135
183028	0.002038673227
183247	0.001677964821
183542	0.001131988897
183644	0.002212557784
183657	0.0008138836668
183671	0.0006390443496
183940	0.001914388615
183992	0.001092694614
184229	0.001862216954
184235	0.002506958067
184525	0.009461501071
184560	0.008397839628
184567	0.001256622096
184611	0.001261057051
184802	0.002024095574
185046	0.001423579466
185052	0.002238648591
185133	0.002359196676
185388	0.002064887419
185453	0.001875309083
185471	0.0014921273
185549	0.006240886696
185696	0.002957715241
185768	0.0006980527603
185842	0.002125583072
186038	0.003655421902
186050	0.003837149209
186226	0.00249617554
186287	0.00330695749
186480	0.001993898022
186542	0.001393594462
186689	0.0004810017912
186809	0.001514094181
186933	0.00138947298
187076	0.004211811948
187114	0.003333917517
187131	0.006128967813
187195	0.004396730445
187444	0.0008675347692
187464	0.002758945233
187509	0.004318718106
187520	0.001794740666
187558	0.0026510105
187611	0.002663433399
187684	0.003768561469
187723	0.0005821052232
187831	0.004180007352
187850	0.002786021948
187858	0.0007557023819
187861	0.003562420759
187879	0.007048299601
187904	0.004816387087
187945	0.00221913404
187957	0.002498800763
187994	0.001056274479
188000	0.002339473086
188008	0.003001364365
188125	0.0022312934
188127	0.001996817593
188211	0.0001972962165
188315	0.0006385639416
188316	0.002003947909
188496	0.005165919981
188567	0.007765359489
188620	0.002486365226
188843	0.001166988039
188856	0.001787276558
188985	0.001887036582
189205	0.002230468865
189357	0.0003124495552
189372	0.005228375302
189506	0.004710912486
189544	0.001629985857
189545	0.0003521770919
189655	0.001165123888
189694	0.003543861045
189785	6.969266028e-05
189788	0.003401208733
189818	0.002247068319
189824	0.0008558300162
189990	0.001538390369
190020	0.0009457525727
190023	0.01130279592
190060	0.004902882263
190069	0.002488914192
190263	0.00194572415
190330	0.001112183035
190340	0.002163966984
190360	0.004628414509
190410	0.002119515426
190713	0.002050025571
190840	0.001495811888
190876	0.008859520785
190937	0.001434812325
191003	0.002072927269
191050	0.0009159711153
191208	0.001703406433
191453	0.003059888945
191456	0.002372064078
191522	0.0007333801062
191919	0.001579738808
191925	0.001104216902
192052	0.0004102296816
192199	0.004693632344
192224	0.002485166129
192305	0.002322904229
192360	0.0003161878669
192410	0.000954124284
192616	0.004386584999
192760	0.004230993387
192795	0.001036675455
192955	0.001952832522
192957	0.00571595095
193015	0.002873650913
193044	0.00452866952
193241	0.001725008059
193261	0.00346165659
193277	0.001951175448
193289	0.001988733874
193436	0.002003448106
193452	0.002161378081
193550	0.0009456928482
193674	0.008167657215
193914	0.001621288935
193959	0.002376863324
194007	0.002448304323
194201	0.0009872913594
194217	0.00300649455
194515	0.001994657825
194563	0.01128259842
194680	0.002777869491
194782	0.002783806167
194839	0.00187422244
194917	0.002779135181
195042	0.002441763314
195132	0.0006244999182
195215	0.003398261635
195242	0.002768019178
195358	0.0008456037547
195460	0.002121390057
195486	0.003498886716
195567	0.002924282922
195572	0.003811356608
195692	0.002117424525
195809	0.004112586505
195929	0.003118274436
195957	0.004640324948
195965	0.002995895646
196042	0.001168506795
196264	0.001079948365
196275	0.002142211751
196305	0.002203643835
196308	0.004778011999
196403	0.002143366115
196407	0.002004831961
196883	0.003133998512
196889	0.003207591205
196923	0.002860195199
196928	0.002449806047
197072	0.001267150541
197200	0.001130385231
197217	0.0009362181598
197354	0.001273370917
197432	0.01121573298
197600	4.783131923e-05
197648	0.00789723382
197689	0.003824145953
197703	0.0004232468887
197777	0.005900727861
197816	0.001572032631
197936	0.004106877984
197960	0.001909550067
198054	0.002391981632
198103	0.002482578414
198227	0.001895374547
198300	0.001652699165
198310	0.006307986166
198442	0.001876501598
198510	0.001642637508
198549	0.002121655621
198613	0.003205702614
198742	0.003057131997
198770	0.002835356687
198771	0.002431146432
198867	0.006275205542
198877	0.003000797793
198937	0.002507615348
198946	0.0004353681284
199006	0.002170327823
199042	0.001344637523
199128	0.0004213162631
199135	0.001616494843
199164	0.002293091045
199275	0.004243162431
199375	0.003851037537
199389	0.002602041657
199479	0.001496989387
199791	0.0007871408851
199941	0.0001643085061
200281	0.001219742984
200305	0.00190622093
200457	0.003297566023
200519	0.0004874667294
200606	0.001488859332
200684	0.002010487651
200946	0.001156602315
201028	0.002215320758
201361	0.002794245382
201374	0.001921665446
201515	0.0009438073871
201528	0.0008330303808
201987	0.01253813549
202019	0.002407243857
202183	0.004694891198
202820	0.004205554675
202853	0.002144521287
203045	0.002951488259
203078	0.005289795178
203169	0.001926337489
203253	0.001745023119
203538	0.003916331947
203539	0.002381439158
203576	0.002267875313
203738	0.0005824597062
203795	0.003369741257
203802	0.002292158976
203909	0.003305421289
204030	0.002667224127
204238	0.0002618465196
204370	0.0006572563197
204666	0.005176398829
204806	0.004289281044
204954	0.002445207572
204968	0.001616855575
205022	0.0009531853393
205083	0.0007831305908
205110	0.003407834664
205200	0.002663667638
205258	0.007083347533
205281	0.003702228926
205299	0.001421641283
205352	0.00241186443
205361	0.002948671995
205450	0.002309146205
205553	0.005343731094
205752	0.0006359525022
205875	0.01431520171
205897	0.001476101154
206004	0.0004418222492
206076	0.004755188485
206120	0.0004986233782
206145	0.001278751562
206223	0.004310273081
206273	0.002386117619
206330	0.001092091994
206353	0.00306285974
206510	0.001018374204
206605	0.002280505871
206629	0.003423785795
206660	0.003049358042
206971	0.003813387795
207008	0.001490630821
207032	0.002991195892
207147	0.002988114273
207151	0.005257543777
207165	0.004778821401
207259	0.0001148034408
207268	0.001750140406
207372	0.001177548514
207502	0.001397260984
207572	0.004132286034
207604	0.002457278307
207671	0.002224285858
207679	0.002494130685
207813	0.0006397795119
208052	0.005140481564
208083	2.29683027e-05
208097	0.00396532114
208181	0.00287565857
208258	0.00254988742
208364	0.002266573933
208472	0.001401110442
208479	0.002230834264
208652	0.002327836007
208742	0.002800392315
208753	0.001600802889
208951	0.002449341902
208963	0.004058007993
208968	0.0002940720053
209024	0.001287693537
209190	0.002813352472
209319	0.003215784368
209346	0.002344573592
209366	0.00203923968
209463	9.490306122e-07
209482	0.001686816522
209518	7.07938441e-08
209695	0.002480454433
209899	0.001468909672
209912	3.516915972e-06
210006	0.001528821507
210010	0.002816058857
210302	0.002824900525
210535	0.002766040998
210942	0.0005617660539
211353	0.001124006915
211612	0.003717481239
211675	0.001585961087
211681	0.008190713651
211775	2.161237478e-07
211794	0.002187202322
211935	0.002471432319
212056	0.0006643556009
212390	0.0006901474666
212439	0.004453287298
212527	0.002560380833
212529	0.001787601911
212556	0.00280505813
212617	0.002368854307
212648	0.000376559786
212679	0.001265322435
212718	0.0004334691999
212795	0.0002173374741
212883	0.001935414743
212933	0.002468896678
212985	0.00584802243
213040	0.001055894839
213105	0.002683591887
213126	0.005743723886
213141	0.002283727928
213194	0.001860992713
213365	0.00524680371
213532	0.001448785612
213566	0.0008788630489
213634	0.001706710529
213749	0.001468620951
213936	0.002064698754
213992	0.002887439942
214311	0.00409233394
214323	0.002428456529
214331	0.005160551577
214374	0.003573933664
214375	0.002302317482
214567	0.000835740138
214591	0.003449254975
214607	0.0009646074182
214652	0.002655576199
214854	0.001315780864
214941	0.006196426405
215050	0.007080972989
215099	0.003415427943
215164	0.004486479617
215184	0.001208433135
215404	0.003806086471
215530	0.002581019899
215531	0.00795600029
215640	0.003261982051
215720	0.005598295594
215767	0.002725615714
215786	0.00143341401
215873	0.001834404641
215884	0.004464159698
215975	0.002315380289
216044	0.001417818242
216128	0.002842421249
216171	0.001225033785
216180	0.00254922417
216252	0.002593764006
216270	0.004141221201
216311	0.004330546624
216648	0.000943676966
216667	0.002294943005
216717	0.002669769105
217035	0.001757704978
217413	0.001847700077
217472	0.01085151591
217480	0.01031381988
217568	0.003628780174
217651	0.0006241183901
217771	0.001637227962
217867	0.001223453899
218157	0.001769802546
218215	0.003008566229
218295	0.002283787173
218356	0.007863164556
218490	0.002391602711
218522	0.002103264065
218528	0.002238148812
218617	8.929818611e-07
218640	0.003394439532
218772	0.00190196969
218798	0.002527170794
218838	0.002017522881
218910	0.002830835713
219009	0.004743234218
219079	0.003060989835
219087	0.001342132831
219170	0.005186817796
219575	0.003474086247
219628	0.001021192227
219729	0.003332852506
219773	0.00217235562
219861	0.003182730503
220241	0.001770113813
220329	0.001065153365
220476	0.0004094620644
220542	0.00163677607
220603	0.00410639132
220624	0.004739763057
220653	0.001777580966
220691	0.003036009104
220724	0.0004046196396
220874	0.0008546576138
220881	0.0007696452278
221000	0.005124727613
221156	0.0005520502943
221202	0.001227745528
221208	0.001114555084
221261	0.004989111834
221777	4.44047078e-05
221786	7.851239863e-05
221836	0.005126522327
221907	0.004815767735
221933	0.002850667557
221970	0.002951428242
221995	0.002336379771
222162	0.001393595132
222173	0.0004013055793
222214	0.0006411288815
222275	0.0004296648513
222311	0.001401154992
222324	0.002687319269
222456	0.001516844323
222472	0.003105364834
222495	0.003927762295
222701	0.003441306794
222708	0.002795221778
222798	0.001796605866
222845	0.001377143297
223013	0.0008748125968
223018	0.003681812138
223032	0.001075815255
223287	0.003761094148
223383	0.001860228683
223390	0.01315700359
223420	0.000269561447
223473	0.002806766651
223508	0.00108098208
223704	0.003386170698
223708	0.003525896267
224052	0.001020630291
224078	0.002203474479
224115	0.001305810812
224213	0.002284691261
224392	0.001538450684
224393	0.001904302185
224413	0.002629689662
224420	0.005563245028
224674	0.004795231939
224710	0.0007361645336
224795	0.002582256711
224806	0.002407748998
224902	0.0001689397784
224955	0.002762914733
224963	0.0006987225765
225032	0.0003600258952
225056	0.0001372984923
225087	0.001065000184
225107	0.002707045386
225169	0.002533218107
225215	0.002224225312
225221	0.00243966773
225255	0.003140358889
225275	0.002898597022
225484	0.002241758946
225885	0.001677029567
225965	0.002502934656
225986	0.001006243814
226004	0.001234689726
226063	0.001183725764
226095	0.004735989296
226145	0.002226287985
226172	0.005308353297
226188	0.007956907239
226544	0.0005304610444
226845	0.002019701092
226960	0.002236015169
227031	0.003717034983
227362	0.009317669308
227408	0.001283295492
227427	0.001475948881
227600	0.0006483980724
227669	0.002070734352
227744	0.003606227766
227799	0.0006677257426
227801	0.002310991469
227842	0.001448819969
227934	0.002862413563
228027	0.002487906819
228139	0.001680769122
228151	0.003536204008
228278	0.003988608913
228435	0.003225844689
228444	0.001990115241
228603	0.004216437804
228671	0.001832221213
228673	0.001851875601
228790	0.0008730124666
228889	0.001886612534
228933	0.001895088484
228966	0.004066276936
228975	0.004264857263
229027	0.00279566604
229105	0.001512831684
229115	0.00139879572
229116	0.001821749135
229218	0.002687263074
229281	0.0016546255
229304	0.002797049613
229306	0.002128654843
229488	0.0002911831282
229735	0.001345341377
229773	0.002371933803
229995	0.001482362515
230009	0.00205749724
230163	0.001859492009
230319	0.006124356229
230325	0.003398794072
230335	0.001172923253
230359	0.001183862159
230369	0.005119921595
230547	0.003630724035
230599	0.003860402514
230650	0.003691502683
230810	0.001597071459
230824	0.000560205404
230990	0.0024955679
231026	0.002466675387
231027	0.001610438362
231102	0.003702153748
231152	0.002455049318
231282	1.431604248e-05
231335	0.002716834575
231344	0.001812999255
231378	0.0005735351657
231542	0.01627923827
231601	0.002050738134
231748	1.311015738e-05
231792	0.003185283541
231812	0.004401165377
231936	0.002458547208
232041	0.002871711183
232058	0.0002237632009
232104	0.002950084107
232118	0.0025937971
232255	0.0007919031407
232264	0.001536803319
232450	0.005187707459
232514	0.0019165902
232633	0.002453878012
232708	0.003769939316
232795	0.004205704865
232832	0.00191748478
232878	0.003614447956
233057	0.005837548606
233219	0.001286962357
233229	0.002210207431
233304	0.001387077971
233373	0.006857091156
233376	0.002944634321
233378	0.002900510118
233418	0.005827410223
233521	0.004543093578
233529	0.0001457548044
233568	0.002093626656
233632	0.003502015904
234039	0.001293358683
234185	0.00176730547
234346	0.003912090328
234373	0.002845784492
234469	0.001252092547
234524	0.01310174003
234942	0.002693930756
235369	0.001859497961
235374	0.0003955625072
235446	0.007344439848
235482	1.409404501e-08
235510	0.00562410607
235567	0.0008875813107
235683	0.002599531622
235715	0.002976693825
235820	0.003673520001
235829	0.002343179334
235854	0.004042508905
235921	0.001518500464
236120	0.01049221733
236267	0.005646890359
236301	0.003111063773
236349	0.00152529057
236385	0.001469089286
236394	0.005875815687
236411	0.003071923019
236554	0.007584938454
236562	0.002595881043
236615	0.00158497566
236718	0.002315587283
236853	0.001986648784
236938	0.003134148507
237100	0.001367651578
237272	0.001490592423
237275	0.001046075875
237280	0.0008104484395
237313	2.915938175e-08
237473	0.001842543914
237697	0.006580238989
237775	0.002371886916
237821	0.004810567948
237958	0.001854944134
237972	0.004131623543
238496	0.006663913666
238513	0.002156128869
238569	0.002668140449
238597	0.007706507596
238618	0.006698918309
238619	0.02009072991
238712	0.00276144377
238745	0.006777145065
239245	0.002561939176
239277	0.0006181394275
239312	0.002167558903
239428	0.0005484315554
239517	0.002767484456
239528	0.003603097174
239720	0.001242886529
239736	0.001223705929
239753	0.0013328809
239779	0.004425031506
239850	0.007961872527
239887	0.004217518782
239895	0.002911382243
240053	0.001695829001
240082	0.004139985568
240177	0.00135594677
240223	0.007664396495
240281	0.000862521856
240312	0.001907269016
240413	0.002461179897
240426	0.0004748875915
240520	0.002295403868
240598	0.0001694524438
240654	0.002281541608
240666	0.003018368221
240745	0.002388322352
240757	0.00198518045
240925	0.001103628698
241079	0.001718739849
241235	0.002131566962
241558	0.004054666738
241565	0.0004814860748
241600	0.001278488457
241605	0.001857394907
241641	0.005262862269
241735	0.009435440754
241785	0.001139361436
241804	0.0009322661003
241847	0.003257700051
241854	0.002872316074
241952	0.002101120974
241994	0.00834107767
242009	0.006186459168
242048	0.005157627305
242322	0.002040262544
242346	6.529069183e-05
242402	0.002620448066
242556	0.001608217845
242731	0.0008900833698
242751	0.0006998961026
242835	0.001534758212
242887	0.003229637083
242896	0.002694991479
242987	0.001298095788
243123	0.001372983992
243151	0.01044611372
243171	0.005028215821
243315	0.002149171373
243330	0.003134909387
243377	0.0005984675852
243493	0.0007282094483
243686	0.002898616302
243881	0.003725650876
243975	0.0004406459011
244164	0.006295477293
244240	0.003376270056
244253	0.004587529166
244339	0.001933861306
244373	1.551572288e-07
244431	0.001191904031
244596	0.00208860388
244632	0.00112457207
244664	0.004711966571
244919	0.01139341685
244944	0.002000688419
245155	0.009969522176
245245	0.002880372378
245270	0.00277305188
245315	0.002717413789
245317	0.002156795242
245345	0.002079272989
245384	0.003592566994
245405	0.001523581848
245490	0.002058570177
245665	0.001967525715
245735	0.002211094614
245770	0.001379038022
245837	0.001932677564
245985	0.002038382115
246002	0.001701682087
246028	0.001701879041
246101	0.002784434801
246256	0.001003819079
246354	0.003156632783
246424	0.001873912063
246507	0.004079588399
246926	0.002216007079
247112	0.0007322890107
247183	0.002785490108
247490	0.002537949335
247575	0.002520831067
247576	0.01520136427
247599	0.008716072049
247755	0.003730814731
247819	0.004703226667
247822	6.653158385e-05
247887	0.003397019545
248136	0.0003016967058
248210	0.004042220228
248224	0.001520551563
248239	0.0009883071577
248303	0.007799465874
248496	0.003643539226
248990	0.008024735979
249046	0.00398117755
249063	0.001611851949
249137	0.005714011301
249152	0.001099316715
249228	0.004272423494
249295	0.002670147943
249354	0.004512470652
249443	0.003444927463
249475	0.004942878908
249587	0.001027535794
249631	0.002234738983
249873	0.002312911798
249875	0.01307742539
249987	0.003402724362
250017	0.001216728769
250084	0.003993229042
250107	0.002920111052
250179	0.0003805838239
250182	0.00195333029
250206	0.006275694978
250207	0.0006932492592
250216	0.007778564538
250410	0.00100974045
250460	0.005587328613
250608	0.002529233089
250822	0.003575385674
250936	0.003147229743
251088	0.00228702955
251150	0.005045647028
251184	0.0002437203747
251303	0.003258029067
251422	0.002396303082
251503	0.0004929939238
251507	0.01212296063
251517	0.001258834807
251526	0.002530687678
251584	0.001655678409
251642	0.001523634967
251672	0.002413753665
251804	0.0008037003506
251840	0.001335998944
251891	0.002760713508
252005	0.00881615169
252034	0.002301049576
252161	0.0006478395153
252186	0.001481566126
252297	0.01030563271
252305	0.003982675373
252346	0.002010042217
252501	0.002280125991
252515	0.002252655545
252652	0.000916967241
252729	0.003583554223
252767	0.001406925472
252901	0.002410247465
252944	0.001804616832
253025	0.001493682406
253059	0.003851042035
253222	0.002604552015
253320	0.002091002637
253334	0.004863682406
253369	0.003934937623
253374	0.004234060317
253429	0.0009432085235
253438	0.001238154264
253537	0.003739738005
253540	0.002147104483
253611	0.003086167291
253666	0.004082048848
253760	0.003042756726
253824	0.008596307481
253960	0.001538088219
254149	0.00117903632
254179	0.002651416234
254275	0.003992537696
254314	0.004908242137
254323	0.003950876839
254337	0.001450636424
254395	0.002632658571
254598	0.001787206357
254673	0.004563515348
254740	0.005007891447
254773	0.003366014691
254829	0.001336567918
254938	0.005109896312
254967	0.00183124123
254983	0.003214247538
255111	0.002767167444
255175	0.002905719967
255289	0.003065637229
255318	0.007396138741
255328	0.0004855923992
255330	0.002825977054
255340	0.002566122867
255853	0.001426966631
256041	0.002712921175
256178	0.01239618677
256185	0.002292403304
256356	0.0001486420078
256441	0.001497870259
256515	0.002995939896
256818	0.002013618393
256862	0.00236599785
256944	0.002939665646
257055	0.003591207154
257058	0.00269840311
257084	0.001748888676
257086	0.004991851379
257213	0.002342744276
257260	0.002720437101
257317	0.002514630045
257356	0.002922770378
257383	0.003330114079
257425	0.004659231329
257478	0.003254364375
257603	0.002076941544
257611	0.002347321081
257635	0.00310464459
257786	0.00889018051
257805	0.002159901175
258240	6.344870144e-08
258435	0.000324999967
258476	0.002033225241
258573	0.00306667456
258670	0.0001135072768
258689	1.963750909e-05
258759	0.003165755757
258771	0.001920715425
258849	0.001061333496
258910	0.002036355709
258956	0.001936273845
259181	0.00243883716
259249	0.002142354997
259347	0.00146897924
259614	0.001953864242
259689	0.002356382193
259742	0.002345363138
259752	0.001801724089
259802	0.004841161358
260052	0.002909633514
260068	0.002180175671
260092	0.002160299238
260430	0.002281251507
260448	0.00285667909
260488	0.001891294312
260555	0.002580327518
260614	0.003754814115
260650	0.00406693009
260786	0.002919108772
260834	0.007854405879
260872	0.001502566508
260907	0.0001897913389
260931	0.003415335648
260971	0.001985992216
261031	0.002603239799
261116	0.003133034497
261258	0.001964887322
261405	0.004933400591
261496	0.003985208902
261497	0.0008074963282
261553	0.005388746874
261566	0.007282181941
261813	0.004600546961
261819	0.0009044259464
261833	0.002218195155
261945	0.002346180932
261979	0.004925266771
262015	0.002251560786
262024	4.25327467e-05
262056	0.008037469391
262149	0.00507577014
262223	0.008041774416
262229	0.00152864596
262306	0.0008694498513
262408	0.002532454161
262434	0.002586239392
262449	0.00223278986
262667	0.002472304081
262701	0.001632403193
262808	0.00187977175
262831	0.005293931444
262865	0.003507845817
263037	0.002283018011
263149	0.005274263139
263229	0.004807244432
263239	0.00698982212
263343	0.01363708648
263344	0.008768593487
263347	0.0001636923386
263367	0.001660068021
263424	0.001723730454
263459	0.001776971067
263594	0.001734896834
263596	0.003270305935
263748	0.007450301984
263792	0.002078290673
263828	0.001948730436
263949	0.004051344461
264001	0.009003866726
264109	0.0002400491391
264187	0.001642736784
264211	4.567711757e-09
264224	0.00613095949
264293	0.001810177563
264395	0.00306583978
264398	0.001702823013
264438	0.004935617626
264482	0.001198323632
264484	0.003001621379
264485	0.001995607647
264542	0.0001859363803
264627	0.0009017488606
264728	0.003091942819
264848	0.005490804803
264925	0.006644743922
264944	0.01196536594
265144	0.0008688777994
265209	0.007951785771
265397	0.004152870495
265401	0.00694580331
265447	0.001942357134
265555	0.0006655431016
265585	0.00206635366
265601	0.003123537204
265792	0.003061484849
265986	0.002484760144
266167	0.001651678845
266367	0.003173043157
266368	0.002703526795
266416	0.00155784141
266436	0.00136560766
266574	0.002538824325
266741	0.00189552772
266798	0.001987070983
266937	0.001198189358
266948	0.005202349856
267062	0.001732263242
267129	0.002511100841
267233	0.000852455788
267288	0.006117326455
267405	0.0004116137302
267445	0.001952229432
267465	0.003690649937
267479	0.003842273532
267672	0.001856046246
267751	0.004491338475
267808	0.0001860110089
267906	0.001824852868
268039	0.005499196179
268105	0.001933171397
268170	0.001454031843
268221	0.002082011586
268257	0.003160597643
268346	0.004991277794
268529	0.0009106305477
268620	0.004085774705
268902	0.001431788589
269015	0.002226182515
269059	0.008768162996
269069	0.007441369604
269085	0.0003942794423
269091	0.002249020841
269107	0.005804187268
269143	0.001900383461
269185	0.00311571728
269269	0.003048392065
269283	0.0009330226621
269318	0.001695135151
269366	0.001771385499
269404	0.001478863625
269467	0.0008639624838
269526	0.001779954097
269545	0.001938676481
269591	0.0007038432688
269650	0.002721468168
269657	0.002934205805
269760	0.001901960384
269792	0.01233826438
269895	0.003535126718
269997	0.000346194601
270009	0.001931566226
270120	0.00101433811
270196	0.0003964370321
270206	0.003421199363
270303	0.01828579026
270557	0.0152578089
270560	0.001669515993
270568	0.0003463082158
270588	0.0002613779448
270638	0.004192388451
270669	0.0001195455507
270783	0.001969229953
270865	0.002944153592
270963	0.003494952377
271047	0.002706006797
271194	0.002232374353
271266	0.004774643698
271278	0.001103147891
271393	0.002030624467
271465	0.004718732262
271472	0.007285710179
271502	0.002024580926
271727	0.002931330886
271865	0.00228627262
271887	0.002176333563
271958	0.003350850403
272284	0.0004693950349
272361	0.002642701627
272496	0.002374028489
272556	0.002520225606
272821	0.002244777655
272855	0.002925426785
272876	0.002412532119
273027	0.004419860926
273139	0.001906584674
273203	0.001285057349
273206	0.006550570753
273274	0.001743490924
273340	0.0007018270021
273395	0.005209100008
273552	0.001371647115
273787	0.0001803982141
274057	0.0008329897334
274123	0.0100885389
274176	3.895661047e-09
274407	0.003099222651
274485	0.0004443214133
274536	0.0009405036319
274574	0.008745112878
274604	0.002213391952
274798	0.003892652476
275041	0.002364088607
275103	0.004526564636
275224	0.001221022546
275525	0.001911996604
275549	0.003125450954
275568	0.001301992191
275637	0.01102707634
275641	0.001560706954
275727	0.0002426392844
275880	0.002289792091
276111	0.003182036235
276157	0.002167833974
276182	0.00169072875
276189	0.001167859431
276262	0.0008156883105
276268	0.01276759468
276278	9.790889495e-09
276340	0.004890596872
276438	0.001915530137
276465	0.001438693399
276466	0.002270141036
276554	0.001493292352
276677	0.004350726871
277110	0.006277467812
277134	0.001810570045
277222	0.0003815663119
277261	0.00131583452
277304	0.003213700125
277310	0.002762341754
277317	0.001638381582
277439	0.002585451207
277577	0.002310321777
277617	0.001185956719
277636	0.002673969628
277679	0.003111831403
277761	0.001321396986
277816	0.003418466144
278244	0.002795572949
278263	0.001396161908
278475	0.002148629797
278627	0.009294747185
278644	0.005217139681
278862	0.008436441423
279296	0.002056933437
279303	0.003500062016
279469	0.001522300515
279594	0.001825372736
279709	0.002126834977
279713	0.00112919365
279745	0.001558623234
279746	0.007850274368
279770	0.006281215111
279808	0.004597998123
279905	0.009762278668
279979	0.00268158303
280023	0.003026212237
280049	0.0004300130107
280162	0.01021905239
280210	0.002240279891
280337	0.002711235259
280568	0.002980666842
280697	0.001724382471
280981	0.001763081926
281324	0.002038844258
281407	0.003837416776
281546	0.00671492537
281558	0.002564381107
281648	0.004919951589
281713	0.0001893692917
281753	0.004598360875
281777	0.003506506377
281868	0.004274891977
281911	1.758569027e-07
281920	0.002927812802
281998	0.002526661793
282006	0.003586547434
282064	0.008566026582
282092	0.001834441617
282097	0.008725264173
282100	0.004048843243
282101	0.001364506405
282103	0.007923106987
282118	0.00252680347
282205	0.001889460801
282220	0.002257144636
282283	0.003619896346
282468	0.01412907649
282565	0.002877842439
282665	0.002174111171
282774	0.002774796914
282851	0.004583848056
282918	0.001230216203
283203	0.002525737774
283434	0.002437884838
283868	0.003778183034
283876	0.002224011267
283969	0.004829371006
284144	0.00377944582
284149	0.002539362273
284161	0.0009339778294
284279	0.0008629824241
284598	0.003650888418
284679	0.001847186741
284737	0.002707716989
284834	0.002775676594
284957	0.001803301921
285101	0.001040119356
285151	0.004094327358
285206	0.001995602129
285207	0.002680524433
285251	0.0007704837488
285295	0.002039717412
285399	0.0002586675116
285515	0.008555500221
285516	0.005085627804
285532	0.001407632685
285614	0.002241688292
285626	0.001605193557
285739	0.004378070501
285873	0.00208124846
286070	0.002449761828
286280	0.003589429105
286289	0.001300573398
286354	0.002057974659
286375	0.001560495156
286571	0.004900228417
286659	0.00197424429
286813	0.001859971854
287026	0.001720276205
287217	0.0002795035853
287514	0.0007293444995
287563	0.002538847655
287624	0.002883702155
287787	0.004199584276
287984	0.006227795269
288180	0.002098880272
288187	0.001705026596
288326	0.004344648249
288475	9.194458379e-07
288556	0.001926452943
288673	0.001973857173
288701	0.004201118156
289081	0.004287590122
289122	0.001421051521
289170	0.003176412899
289409	0.002222592645
289444	0.001656477044
289454	0.000427492752
289501	0.003977718524
289595	0.002139616009
289738	0.006831380553
289796	0.002116221109
290020	0.0009869497169
290023	0.001694444329
290032	0.0003084827074
290094	0.002690165128
290283	0.006509580798
290356	0.002149065073
290401	0.002082723663
290464	0.002968719367
290826	0.002338294011
290848	0.003703160296
290874	0.005859374501
290911	0.002099865054
291179	0.001740989159
291181	0.002677906258
291389	0.008560816283
291440	0.002239409314
291645	0.00329804248
291739	0.00105700239
291843	0.00353387624
291911	0.00220269545
292380	0.002893770573
292402	0.0008554160596
292452	0.003416644849
292654	0.002980847915
292803	0.0008489289833
293045	0.0003856739396
293048	0.004391989093
293057	0.001439539895
293148	0.0007078551923
293212	0.005918729495
293523	0.003931126649
293529	0.001354313903
293595	0.002280211786
293871	0.002363031578
293878	0.002358602625
294082	0.001558615685
294348	0.0002340460314
294494	0.002511480077
294588	0.001562122431
294609	0.009255863633
294668	0.003462412542
294723	0.005292799235
294907	0.001506472222
294985	0.001172092405
295284	0.002650075203
295285	0.00215981242
295515	0.003755228724
295572	0.002104040111
295629	0.006394904941
295695	0.007741180889
295855	0.001844341339
295898	0.004136423887
295933	0.009413902004
296081	0.00014203637
296143	0.001431764532
296174	0.004146736713
296520	0.005612502719
296758	0.001859453876
296824	0.001484398817
297068	0.003054730103
297073	0.002902748489
297118	0.001981202632
297155	0.001772756498
297198	0.00186335669
297221	0.002494444375
297320	0.001567904298
297700	0.0001347756649
297712	0.001608319094
297759	0.006966194501
297767	0.0008150869928
297784	0.002880040457
297830	3.198692969e-05
298108	0.002600944362
298253	0.002070451972
298260	0.004120156661
298487	0.002556122474
298511	0.0005306224962
298528	0.002735440784
298564	0.006383838002
298663	1.241100894e-06
298679	0.003076680699
298944	0.002470003264
298960	0.00266267208
299225	0.001900397245
299338	0.001295935392
299364	0.001738086733
299374	0.002015880541
299400	0.002257764927
299521	0.004569266336
299537	0.0005614440997
299553	0.003889783434
299557	0.002184564802
299636	0.001757112337
299681	0.002420940899
299752	0.00275708357
299862	0.002071662807
299910	0.003575297216
300028	0.003480839411
300142	0.002069958464
300174	0.004109668645
300276	0.002587428614
300340	0.00145321881
300378	0.001140362748
300387	0.003894418279
300444	0.005130400784
300445	0.003397285115
300642	0.00143211166
300806	0.003790981291
300924	0.002667366857
300944	0.001319473958
301059	0.003460155165
301088	0.001600526189
301113	0.003688790679
301202	0.001282509557
301529	0.00204550005
301608	0.00242581822
301628	0.006602586826
301876	0.002108297751
301904	0.002684316192
301945	0.0002202400148
301991	0.005625643578
302039	0.008285773738
302074	0.003257634397
302284	0.001731603574
302490	5.25543012e-05
302499	0.003750849597
302681	0.001599517698
302693	0.002707441853
302719	0.001912437924
303202	0.003769456291
303218	0.001044747135
303253	0.006024208798
303349	0.002191065053
303423	0.002092188957
303510	0.001052275363
303605	0.004086123648
303640	0.0008484228242
303684	0.002666308826
304071	0.006541892088
304074	0.008827535235
304143	0.002249857708
304187	0.00399551822
304214	0.002498237599
304225	0.001432991673
304306	0.002737854799
304315	0.002033048169
304330	0.007665453094
304333	0.001833597771
304335	0.01589206868
304463	0.002024908529
304621	0.0001423202448
304652	0.001827939461
304914	0.004059904411
305004	0.005571109227
305071	0.002269209822
305207	0.007980081072
305366	0.003805832715
305610	0.002289993887
305634	0.002192753012
305672	0.003206821714
305712	0.00162606438
305719	0.002015524265
305733	0.003998445879
305919	0.001932982195
305934	0.00122712626
305970	0.001174673058
306094	0.003213093647
306119	0.002848770667
306153	0.0014585191
306167	0.001304580219
306196	0.001991941146
306292	0.003321779167
306319	0.00212607846
306493	0.004619136613
306549	0.003171583945
306624	0.001578982904
306742	0.001348983717
306818	0.001013000842
306853	0.0009132248126
306881	0.009163516513
306967	0.001512021604
307059	0.006850706553
307103	0.002132264845
307118	0.001219801775
307121	0.007116176616
307186	0.002294515238
307339	0.001917938854
307351	0.0001499085007
307497	0.003716064795
307641	0.00012075241
307950	0.00186062738
308058	0.00558583933
308085	0.004210499614
308111	0.001829920919
308275	0.002155075464
308316	0.008233286801
308345	0.007174908584
308443	0.0008090775763
308556	0.002091958783
308657	0.004526025496
308919	0.002061247237
308983	0.00415770642
309058	0.002399272829
309206	0.001394086124
309268	0.002929797513
309418	0.0006883736091
309606	1.768332123e-05
309626	0.001699118738
309696	0.0006300443059
309777	0.002044370945
309942	0.0002412687233
310190	0.00395201202
310202	0.001966196869
310228	0.001827150642
310232	0.003233949595
310235	0.00169140094
310283	0.002555067146
310458	0.001759372842
310460	0.001775489974
310699	0.000905251036
310850	0.0002141030709
310976	0.0001650798971
310986	0.002172573396
311309	0.000199853626
311334	0.002391477846
311361	0.002093051626
311379	0.003209124488
311428	0.0005105589285
311481	0.002679037989
311512	0.001225443034
311714	0.002959566705
311766	0.004011067846
311956	0.003574389207
312068	0.002278868248
312186	0.004169248121
312412	0.00432845514
312838	0.002197482142
313054	3.451472133e-07
313200	0.001400784747
313280	0.001120205691
313362	0.002309589815
313509	1.250104331e-05
313526	0.001983766588
313558	0.004176527332
313597	0.004788717521
313598	0.002104722078
313647	0.003206687834
313765	0.002913826089
313787	0.002132625556
313858	0.002447023897
314143	0.002685697727
314204	0.002212388246
314268	0.007793132412
314379	0.0008590595976
314407	0.001964507089
314635	0.00296906854
314755	0.002519217515
315201	0.002563584445
315210	0.00285271117
315364	0.0005539589439
315507	0.003282447612
315603	0.0002737674028
315659	0.003702387372
315751	0.003704570285
315881	0.007742839409
315918	8.494553225e-05
316001	0.01744919261
316146	0.006008577698
316220	0.001759406869
316230	0.01029681634
316355	0.01119693328
316382	0.003567724614
316384	0.001682321834
316406	0.00242448056
316436	0.001074298159
316460	0.001319441344
316487	0.0003885810767
316689	0.002765559661
316810	0.00231136502
316882	0.001492549061
316978	0.002683881497
317104	0.001449520387
317108	0.001145333131
317141	0.001632796204
317228	0.001558510178
317239	0.000347311222
317357	0.002932009857
317499	0.001543564245
317607	0.002757115367
317762	0.001614179497
317784	0.00175670557
317847	0.002544239144
318045	0.002644327307
318273	0.001987480178
318371	0.002115457845
318480	0.004510761346
318488	0.0003990176008
318604	0.001259325089
318808	0.002273490158
318950	0.002278966308
318954	0.002121266395
319005	0.001269595592
319025	0.000671158371
319032	0.002761559527
319055	0.002660924069
319125	0.003358484122
319372	0.002501111492
319623	0.001367554435
319842	0.002656020583
319960	0.004430373103
320041	0.003417231899
320227	0.00128489456
320392	0.0008599586587
320403	0.002899950683
320440	0.0007846659205
320686	0.0009479047521
320715	0.002615291575
321009	0.009312301094
321160	0.0007250799665
321183	0.008481816961
321263	0.001883010502
321513	0.003875439551
321556	0.002013546521
321646	0.002157389992
321657	0.001784945942
321674	0.0003878971459
321677	0.0005153323391
321747	0.001736716185
321800	0.01020895736
321904	0.001606574347
321933	0.0001611126495
322031	0.002457625639
322122	0.00104622839
322270	5.469489142e-05
322290	0.001212985173
322387	0.001864427382
322427	0.007695460532
322480	0.003084473273
322517	0.001554162021
322543	0.001151368944
322633	0.002449775893
322940	0.004160309216
322967	0.002517875776
323150	0.001805238743
323197	0.002016356589
323223	0.001389845846
323277	0.0108992666
323355	0.001125571354
323386	0.0003533502199
323430	0.005478963951
323559	0.002561031157
323575	0.002671811391
323610	0.006639391894
323639	0.0009349029262
323685	0.0009256487765
323850	0.001997362196
324012	0.00161279382
324080	0.001822376286
324161	0.003014380578
324177	0.001366660913
324266	0.0009866881176
324267	0.004920504015
324415	0.002882199866
324569	0.001822490898
324677	0.003665492959
324704	0.002540482445
324878	0.0009436960516
324915	0.003452139556
324976	0.0001477427095
325071	0.001736824346
325075	2.357865331e-07
325095	0.002390799987
325135	0.001718713463
325161	0.002750150037
325321	0.001823046813
325588	0.002627417987
325654	0.0007770032558
325728	0.005969722578
325854	0.001782384164
325989	0.005494331715
326110	0.007310196332
326236	0.003367839152
326353	0.001776323046
326413	0.002415837723
326446	0.00315014296
326550	0.002720448556
326597	0.001564852887
326663	0.0007152823039
326689	0.001478566087
326695	0.003484722412
326824	0.006100086214
326866	0.004044194324
326872	0.002116586734
326964	0.004455480544
327068	0.003456344328
327084	0.001634166853
327366	0.002156999812
327391	0.01439857421
327421	0.009323745713
327443	0.002433522767
327471	0.002751676343
327557	0.00160739384
327669	0.0002344123577
327686	0.000381296663
327691	0.00257453692
327733	0.001302433933
327766	0.009038516714
327802	0.002722242577
327818	0.00257925428
327846	0.00174800472
327991	0.006212779108
327995	0.002353024773
328009	0.001870164446
328028	0.005089204502
328047	0.004942750827
328160	0.0001654370548
328492	0.001351617106
328667	0.01759037983
328727	0.0003080797769
328906	0.002973079496
328914	0.0009107907482
328915	0.002342465159
329014	0.003373614489
329061	0.002225779746
329130	0.000565196222
329156	0.001009306726
329216	0.004394513675
329273	0.002536307998
329357	0.0006888656472
329495	0.001005751651
329712	0.007282702463
329931	0.002437397494
329944	0.007077604146
329969	0.00221022212
330000	0.00627663345
330139	0.0005634383742
330178	0.001100857191
330240	0.001837847261
330339	0.00390925416
330381	0.004464969981
330453	0.001658261723
330514	0.002220805747
330531	0.000664026905
330585	0.01081260649
330750	0.002441997911
330807	0.001249213268
330809	0.0005527769311
330842	0.004565643835
330845	0.003460967751
330993	0.001494680763
331041	0.002072267987
331053	0.001250241
331057	0.0003212156903
331134	0.001450160809
331206	0.01927904887
331415	0.0008375408116
331507	0.002863046755
331782	0.002965325499
331998	0.00843285619
332080	0.002478644655
332411	0.007490854439
332633	0.002347703868
332873	0.002920660347
332954	0.0008362390072
333193	0.002101923485
333453	0.000856517584
333715	0.001212705727
333953	0.001376086552
334008	0.006753941188
334154	0.005537939857
334190	0.006757029588
334270	0.001030036145
334317	0.001433222083
334318	0.0001701606913
334614	0.001107954465
334626	0.003514363515
334657	0.002444549715
334725	0.004822815933
334763	0.001821770596
334847	0.002393396454
334861	0.003543879729
334863	0.003938386887
334865	0.002090503068
335098	0.00261472616
335119	0.0022110217
335221	0.002710551581
335245	0.002867073119
335315	0.002104362777
335377	0.003752782543
335433	0.006791254
335455	0.001143288322
335484	0.0005834373694
335746	0.002308361634
335807	0.001940409073
335906	0.002153320393
336226	0.008515370399
336391	0.001402275779
336543	0.00207237556
336581	0.00454542411
336588	0.00810715702
336645	0.002138488901
336732	0.007420757507
336756	0.004258089781
336833	0.001334637067
337022	0.002353675889
337291	0.002102078304
337389	0.001220981122
337411	0.004167739359
337500	0.00218308251
337529	0.002072577688
337537	0.00355424903
337682	0.00245502282
337780	0.00329195638
337794	0.003373119068
337814	0.004174246698
337836	0.0004986931077
337856	0.001102006279
337920	0.01263704641
338094	0.00178497279
338102	0.002114352649
338143	0.004889873029
338292	0.002686569648
338308	0.002022105875
338362	0.002082077127
338423	0.001992528469
338452	0.002108595618
338473	0.01093425844
338839	0.002143347441
338878	0.00400893378
339020	0.001625161535
339123	0.002043444148
339203	0.001839814629
339331	0.003885032821
339473	0.003673244746
339585	0.001776072321
339604	0.0003274981553
339628	0.002113603003
339789	0.00538325743
340003	0.002907356626
340009	0.003814863873
340016	0.00260588546
340201	0.003926684229
340363	2.066681963e-05
340408	0.001108422961
340445	0.002490519422
340510	0.0005590977891
340567	0.007049283072
340595	0.002658865745
340781	0.0008297769204
340904	0.007312879457
340954	0.001941179415
340962	0.002373204936
341062	0.002123361748
341089	0.002565041708
341264	0.01154049645
341281	0.00342235585
341437	0.002576116055
341537	0.0005687232182
341833	0.0009983115659
341837	0.005237733631
341915	0.002104343294
342011	0.002630642703
342050	0.003732839613
342179	0.01037480519
342209	0.001795438119
342393	0.003057580416
342422	0.0003515480903
342434	0.00307986012
342446	0.002696011194
342449	0.004853347093
342474	0.0001328873308
342599	0.00211303545
342945	0.001957574768
342957	0.002477512608
343000	0.002194127693
343018	0.002246267054
343047	0.008235707766
343079	2.118908909e-07
343090	0.00274388807
343096	0.006244145145
343319	0.006408136909
343583	0.002816859989
343592	0.0002528020828
343677	0.002476990169
343684	0.002361541922
343721	0.001362216422
343791	0.002812614587
343821	0.0009981385649
343842	0.0093716432
344271	0.006354391391
344320	0.004983493453
344328	0.002193111557
344440	0.00292850934
344442	0.00217645308
344707	0.002203199596
344761	0.006568117127
344836	0.005767577697
344837	0.002027670389
345103	0.002763201972
345145	0.003172964397
345304	0.0002274681934
345325	0.001586827923
345390	0.0004822038194
345491	0.00153757106
345567	0.001281863104
345688	0.002693021637
345731	0.003062892147
345778	0.007594824654
345948	0.003680481535
346074	0.005785509664
346300	0.005098962398
346586	0.002291133414
346654	0.003012499037
346829	0.001791073073
346840	0.001573450478
347131	0.001066730475
347209	0.001231154505
347312	0.00400820967
347463	0.001327086974
347476	0.001632966599
347489	0.003391812806
347689	0.002596212367
347716	0.004301606393
347770	0.002680034101
347810	0.002837735934
347909	0.00110551587
347957	0.002906838951
348002	0.002678214673
348069	0.0003827998219
348203	0.001744180905
348290	0.003184727392
348415	0.004225946345
348471	0.001178911254
348495	0.00265758253
348547	0.001439471743
348638	0.001707452769
348651	0.003809948654
348695	0.007316448346
348830	0.0003616399553
348855	0.002077678785
348916	0.002488498763
349044	0.01204968153
349116	0.00195834012
349134	0.002906687931
349146	0.0005541719321
349202	0.002240397031
349303	0.00316308727
349365	0.002476356883
349553	0.001425688155
349566	0.003648273192
349601	0.001165749519
349724	0.0007974741014
349874	0.008856494873
349971	0.0006702354915
350134	0.002046328138
350323	0.0008415019657
350396	0.005088199522
350399	0.002978116866
350439	0.002314918209
350454	0.002475585682
350512	0.003764057478
350535	0.001336839774
350692	0.004536874873
350783	0.001117925569
350904	0.008555105563
350939	0.003004762741
350963	0.00328742155
350992	0.003567389352
351100	0.007833941576
351112	0.0009836461791
351199	0.004032955392
351262	4.225725192e-07
351458	0.002784370577
351490	0.002615253796
351666	0.001735831851
351852	0.001446526306
351937	0.0002191145752
352228	0.002299333627
352265	0.003365235675
352270	0.001949168959
352318	0.006490266293
352420	0.004823152836
352643	0.001876489401
352677	0.01022026135
352733	0.001661913898
353011	4.467066363e-05
353383	0.002228289385
353626	0.002554214158
353851	0.004030745583
353982	0.001596925911
354038	0.003306406171
354206	0.01099033662
354220	0.003476852854
354347	0.003447765026
354499	0.01440419863
354847	0.002554174076
355127	0.002089192608
355243	0.01478497777
355448	0.004768776827
355537	0.004454448498
355551	0.001652183486
355560	0.006253606776
355564	0.003325631247
355622	0.0007303538134
355687	0.005679084121
355805	0.00194105631
356075	0.0004655933966
356100	0.01249319196
356163	0.008762341315
356187	0.002495306615
356416	0.002351052726
356448	0.003317428196
356765	0.00151216859
356884	0.008808630038
356979	0.008312309024
356987	0.002021188256
357024	0.004438420133
357036	0.005173868
357091	0.004554566953
357111	0.001734951227
357283	0.0143675101
357336	0.002844298549
357587	0.007152780787
357686	0.003341785033
358077	0.002065414087
358084	0.002380976373
358212	0.00535261229
358232	0.001448764671
358278	0.003327132664
358367	0.002265069787
358387	0.002318995807
358470	0.011746101
358599	0.002538056785
358715	0.003980824115
358814	0.007154831693
359135	0.0008815082287
359190	0.002241468769
359358	0.002913594885
359390	0.001897398224
359403	0.003595813338
359458	0.0124553552
359481	0.001570088689
359561	0.001936470059
359611	0.00222936886
359629	0.002425336585
359743	0.0004374969207
359756	0.003974776502
359767	0.0001056792786
360056	0.006043236813
360113	0.004058656065
360162	0.003268822857
360196	0.0005019747729
360405	0.002122693616
360416	0.001330432972
360839	0.001495981813
360972	0.002044139764
361213	0.00145260385
361261	0.0107107547
361463	0.0007581942968
361544	0.005122370962
361578	0
361581	0.001046565753
361599	0.006306629192
361754	0.002632578677
361759	0.003867459431
361797	0.002762915433
361815	0.002280935276
361931	0.003059309356
361984	0.003349482484
362069	0.002395079054
362077	0.001472377912
362331	0.004719215388
362337	0.001218476091
362361	0.003355463303
362446	0.00362198292
362447	0.001408340606
362491	0.001429154898
362603	0.001799603287
362643	0.0008568421688
362744	0.004015868171
362746	0.001244420843
362849	0.002341320043
362939	0.004558603582
363142	0.007834876276
363329	0.000951299533
363333	0.001781799898
363468	0.00223685047
363498	0.002454981324
363635	0.002105209032
363840	0.003107905653
363885	0.0006908151549
363899	0.0005124401329
363906	0.005941850271
363907	0.00312908187
363982	0.002220453383
364030	0.002316137093
364205	2.198195452e-06
364324	0.002052966063
364541	0.001959474464
364679	0.001387036234
364728	0.002377965723
364827	0.009281212738
364871	0.003182448883
364916	0.002821786464
364939	0.003930511521
364969	0.0009147646336
365058	2.623336332e-07
365074	0.005583056421
365121	0.001629663416
365236	0.001981451442
365327	0.003399615158
365508	0.007161013048
365685	0.002042511698
365909	0.00294933649
365995	0.00275759874
365998	0.00235446834
366136	0.001556523599
366191	0.0007680088527
366356	0.007041324644
366478	0.003058521817
366498	0.001948858123
366604	0.0008590424185
366642	0.003309990901
366695	0.005593998162
366696	0.005203181344
366769	0.00159990779
366825	2.227385518e-05
366908	0.002814427878
367004	0.0005677840766
367008	0.0005642574701
367072	0.006745342513
367079	0.002628252448
367100	4.034812049e-08
367239	0.002316276977
367648	0.003199925917
367961	0.0009036651191
368037	0.00333399012
368100	0.001467246131
368105	0.002035403958
368300	0.003138374773
368475	0.003162274163
368544	0.002966862401
368585	0.003112638327
368615	0.003803254917
368621	0.001817525016
368653	0.007212089844
368855	0.001581432049
369025	0.006373378215
369111	0.0007792843223
369313	0.004293930709
369341	0.003625614251
369365	0.0009155849012
369450	0.001573589139
369532	0.00207745917
369662	0.003883322159
369663	0.001241055974
369682	0.01164795869
369757	0.002864757719
369788	0.004256244756
369803	0.0007858571206
369968	0.001211992196
369983	0.006229738457
370104	0.003028488335
370109	0.003354307074
370129	0.001509255086
370131	0.003547496197
370147	0.01040032821
370163	0.0015317912
370429	0.004146879944
370435	0.002168166137
370445	0.001386244721
370567	0.002502332959
370757	0.002234608378
370767	0.004905512385
370786	0.0006936132721
370833	3.298342369e-07
370974	0.001799488615
371020	0.001364601821
371069	0.004532677383
371095	0.005291802598
371203	0.001606027069
371215	0.0006992544242
371259	0.003540217309
371284	0.001727114319
371373	3.420866775e-05
371390	0.009175982963
371417	0.001115952433
371566	0.01259402071
371610	0.001064751359
371611	0.001358159972
371643	0.005753214828
371666	7.88017411e-05
371676	0.004601441242
371723	0.003094232629
371852	0.002186813246
371943	0.001526398342
372052	1.568791486e-08
372135	0.004043393056
372277	0.0008897659506
372327	0.0003673417154
372408	0.002254493978
372460	0.002135131447
372580	0.002299061043
372604	0.002136357568
372666	0.00048757319
372709	0.002749834831
372760	0.0008080657511
372813	0.002937701054
372818	0.0020520512
372836	0.001631371439
372871	0.001783902289
372891	0.0003143627632
372918	0.000526668901
372963	4.129560197e-05
373174	0.008033181597
373240	0.001323268197
373404	0.001430586474
373420	8.084895289e-05
373467	0.000693189178
373484	0.00733441979
373567	0.002232051637
373629	0.004134881773
373927	0.0002338209084
374022	0.001884536262
374042	0.0004420295505
374062	0.002068699546
374178	0.003987928657
374292	0.001412821513
374342	0.002266303844
374458	0.003382222433
374516	0.00371373963
374522	0.0005073642963
374598	0.002256084987
374616	0.006158209151
374904	0.002245931209
374944	0.003033587724
374952	0.003650477718
374992	0.002444457208
375059	0.001962433214
375167	2.902760727e-07
375425	0.002438171078
375463	0.002613333547
375500	0.0006561833494
375683	0.0004517635232
375711	0.002050847665
375721	0.003109009393
375855	0.004344623341
375934	0.001574795158
376128	0.007967944316
376142	0.002342140517
376198	0.007865119787
376226	0.0003240892507
376339	0.002655476847
376353	0.005063685058
376535	0.00255249561
376826	0.002403866006
376894	0.0026415071
377044	0.0006104286665
377189	0.003340512991
377350	0.002392685439
377401	0.0002905860763
377410	0.00714989313
377814	0.002002070431
377818	0.0003955826996
377896	0.001646660322
377917	0.003528561543
377919	0.003980262671
377926	0.004836567892
377940	0.001977177886
378253	0.002462810716
378286	0.002651589762
378415	0.002812489296
378551	0.002773427617
378907	0.002442231444
379073	0.001364246362
379225	0.002171800849
379227	0.003791313393
379269	0.001884494627
379318	0.003337860956
379338	0.003882537089
379402	0.002399629576
379449	0.003450449141
379629	0.0009798405456
379682	0.002339718978
379832	0.002293105989
379834	0.002029879814
379836	1.530183441e-07
379890	0.002504871216
379905	2.674330853e-07
379988	0.002797780588
380033	0.001798987698
380074	0.004717533929
380086	0.00634616828
380177	0.002714869368
380353	0.004392104385
380455	0.00175329295
380475	0.006396883222
380630	0.003860343676
380978	0.004538964564
380983	0.008947013565
381080	0.003533663393
381126	0.001162126164
381281	0.001550138552
381309	0.00689974188
381420	0.002853215689
381441	0.001117808683
381491	0.001491776225
381496	0.001299433456
381650	0.002383526674
381818	0.00504269668
381833	0.00283210538
381846	0.002253206566
381963	0.003383382386
382033	0.003971289729
382065	0.001676043185
382186	0.001587566453
382281	0.0001102447826
382404	0.003225301029
382495	0.002115192683
382537	0.002469434306
382665	0.001989021307
382684	0.003427459067
382762	0.007437954778
382796	0.00181987477
382801	0.001811959871
382867	0.003046602288
382971	0.002110133836
382977	0.002010932727
383038	0.001056567398
383176	0.003043356704
383202	0.004086457404
383272	0.002033460278
383285	0.0002499595114
383359	0.002499396868
383412	0.001999995154
383499	0.00154556896
383847	0.001088663407
383881	0.00333992827
383938	0.0003874516066
383942	0.00520872492
384023	0.002292663673
384203	0.00500789985
384220	0.001111752508
384395	0.001769577245
384540	0.004635079824
384575	0.003448646727
384637	0.0003149163673
384802	0.00148247294
384850	0.004815469765
384900	0.003657430629
384982	0.001864292693
384996	0.0136517045
385257	0.004431489276
385273	0.001677231738
385286	0.004475062341
385734	0.001781413831
385895	0.001453322542
385990	9.074410788e-06
386095	0.001964754387
386149	0.002945713794
386392	0.001126752863
386415	0.003115045927
386527	0.002439884049
386648	0.001173561467
386803	0.003037079377
387015	0.002517128059
387113	0.003322880651
387128	0.001958787264
387136	0.003577550043
387412	0.007178820396
387435	0.002965967225
387541	0.006206972317
387630	0.002502285556
387809	0.002190366826
387841	0.002112726058
387919	0.001643628552
387920	0.004578731021
388012	0.001254723391
388034	0.001788001792
388091	0.005688052524
388165	0.002424767324
388220	0.00173966663
388244	3.103841931e-05
388293	0.0009664720806
388403	0.00145275481
388414	0.006974282146
388419	0.003022477168
388595	0.003083705214
388606	0.002365593144
388734	0.001628171245
388745	0.002742636551
388748	0.003290048604
388868	0.006014667514
388937	2.648198348e-09
389275	0.001993937649
389560	0.002152375823
389649	0.003128241401
389673	0.00249484615
389746	0.002797419156
389782	0.002631294047
389798	0.01603188744
389907	0.0009362862105
389908	0.007790733572
389938	0.0003728654828
390148	0.002842862816
390273	0.002164984074
390388	0.002085554172
390414	0.0002504047771
390417	0.001732010429
390454	0.001868583835
390713	0.003226568881
390882	0.00218562853
391006	0.0009286414395
391071	0.003587411599
391115	0.003650467843
391134	0.00381489017
391147	0.00203746709
391175	0.002594930792
391197	0.007503077273
391222	0.0006697466177
391526	0.005882377108
391712	0.0006081842063
391799	0.00453958651
391821	0.004020518535
392015	0.004924501239
392022	0.00369249423
392171	0.0008082630622
392185	0.005879826217
392204	0.002820750503
392227	0.002210324927
392252	0.005445047486
392286	0.005784777927
392318	0.002075620065
392340	0.003310457895
392393	0.001017258864
392420	0.002609190993
392471	0.002866487411
392508	0.0003314290746
392511	0.001661554765
392566	0.002041453029
392663	0.01148569253
392750	0.005544159327
392868	0.005319313042
392921	0.0004992142065
392995	0.003816973875
393009	0.001582228876
393017	0.002523069049
393030	0.004784987758
393031	0.003845728361
393215	0.001459082076
393283	0.01067304787
393375	0.001968337541
393442	0.0009796994916
393460	0.002396940117
393483	0.002314700811
393536	0.001223396698
393568	0.001524600038
393661	0.00163365713
393798	0.002022112483
393809	0.002459827169
393852	0.0008404850665
393872	0.002424647052
393934	0.0003296154966
394034	0.0002018107605
394332	0.002944944705
394396	0.003652516659
394462	0.001890072226
394464	0.002526250043
394487	0.001355604693
394522	0.002690319553
394535	0.002109234548
394562	0.003098514861
394602	0.002488088565
394642	0.001703954796
394656	0.004126604516
394684	0.002638648533
394815	0.002360900099
394857	0.004052722507
394896	0.00145697511
394963	0.0009362902661
394965	0.0004521302289
394968	0.00377597622
395004	0.0009864419498
395032	0.003997956012
395118	0.001723049932
395150	0.002616923015
395190	0.004819193979
395220	0.009116708683
395248	0.003113312964
395338	0.002093192396
395461	0.004400430382
395558	0.00230021884
395573	0.007668693455
395735	0.005065411337
395756	0.002068168987
395785	0.001725683353
395813	0.001322278454
396256	0.00190621012
396263	0.0008420873183
396394	0.0009582072537
396427	0.002199022788
396442	0.001713120453
396453	0.0005313154326
396505	0.003815624735
396529	0.002518059581
396536	0.002653441075
396547	0.00352207642
396555	0.00501951569
396697	0.01004930232
396803	0.00210509399
396824	0.003387590169
397157	0.002517346966
397299	0.001733706006
397346	0.002384613475
397471	0.004415965942
397494	0.002877322498
397614	0.000105183105
397659	0.002809969774
397743	0.001414086289
397772	0.001394556401
398025	0.001850099822
398122	0.002298761043
398261	0.001027065594
398315	0.004621741191
398534	0.004523507508
398631	0.007263152046
398746	0.006475958888
398870	0.002192277372
398886	0.002406272124
399118	0.001490473728
399159	8.528860258e-05
399233	0.002077853258
399290	0.001991330416
399373	0.0030772941
399423	0.0006254044455
399433	0.003538159611
399461	0.0003330055382
399498	0.002941155356
399556	0.002362726557
399579	0.001345544595
399593	0.001345970407
399611	0.0008207526382
399634	0.001472247666
399671	0.0008786991324
399682	0.002416546581
399955	0.002570157742
400132	0.001155271803
400166	0.00234827602
400255	0.006239512734
400325	0.0100335356
400345	0.00167676986
400556	0.0004164615169
400564	0.0001109926984
400591	0.0063300488
400603	0.003029806905
400646	0.002834120061
400812	0.0009786055913
400847	0.001604698534
400943	0.001623554185
400961	0.003953286378
401001	0.002408327256
401025	0.001251551498
401047	0.002026414271
401111	0.00279887082
401166	0.004151583568
401208	0.0004789356108
401213	0.001132701121
401259	0.001779164454
401332	0.001997423622
401337	0.002388310166
401431	0.0003044130214
401436	0.003519028844
401487	0.001190636146
401558	0.00403848402
401626	0.002231678158
401661	0.001827898687
401666	0.003912649749
401788	0.001099092058
401839	0.00813314452
401939	0.00430405883
402017	0.002282564024
402021	0.0003814827061
402047	0.003157190642
402119	0.001285373007
402241	0.003341322772
402539	0.003051410263
402640	0.003461250701
402693	0.003138056718
402844	0.006435765512
403008	4.383957209e-05
403029	0.0009433489151
403255	0.008789878292
403298	0.002437674934
403331	0.001316676092
403337	0.002905028453
403418	0.001621174371
403453	0.001188258276
403867	0.006924502739
403939	4.62810038e-05
403946	0.003772046241
403958	0.002953577358
403965	0.003072263768
403995	0.002680113223
404166	0.0006632105255
404219	0.003047077337
404406	0.003343601541
404481	0.002957231072
404605	0.006925851889
404729	0.001365757077
404778	0.003032760876
404979	0.001310157876
405023	0.001801498297
405160	0.004570722845
405164	0.0005150101559
405290	0.0002764288395
405355	0.0004720335429
405358	0.002325338566
405377	0.00435997674
405440	0.001828458469
405500	0.008472228751
405521	0.003883605551
405562	0.001398438687
405762	0.002214446072
405924	0.002882877181
405928	0.00238249705
406229	0.002372155216
406239	0.002740792705
406287	0.004848410381
406362	0.002827095712
406398	0.004828487539
406464	5.395529874e-08
406487	0.006574982277
406495	0.002642016671
406584	0.002435797524
406749	0.002373219113
406910	0.001875409828
406917	0.002827136373
406927	0.003068291067
406988	0.002297818972
407096	0.002469573079
407155	0.003283681947
407293	0.005114411205
407346	0.004322031248
407414	0.001897989677
407432	0.001367832729
407452	0.00115505751
407527	0.002806381893
407672	0.002854715765
407860	0.003766683447
407872	0.002010202738
407877	0.001335202637
408014	0.001973727421
408018	0.002456378741
408038	0.002416563741
408114	0.01038225392
408273	0.002393328519
408312	0.007054279228
408397	0.005160005123
408513	0.002188903159
408592	6.391688421e-05
408595	0.003210050466
408598	0.0007871335697
408700	0.001453368453
408727	0.001943675497
408761	0.001313343939
408926	0.004459947946
408957	0.0006505089612
409024	1.524691309e-07
409096	0.0004310247515
409125	0.0006897450719
409131	0.003229151559
409620	0.001445318376
409639	0.002639110816
409871	0.0005677864401
409985	0.0007749967785
410015	0.002166590716
410041	0.0001506713411
410089	0.00303586315
410155	0.0003554223182
410163	0.002597906284
410283	0.001521420953
410311	0.004747420382
410625	0.00377182378
410635	0.001080177456
410675	0.002366790611
410686	0.00359562939
410951	0.001757548683
411137	0.00190802984
411169	0.0004793010294
411207	7.748820806e-05
411293	0.003905377249
411310	0.009064665029
411403	0.01260596252
411526	0.001928350639
411637	0.008367617969
411640	0.00310538812
411730	0.003660020234
411833	0.004134097918
411884	0.009018441313
411959	0.001574855833
412067	0.001652540705
412292	0.003313986537
412315	0.00293606501
412332	0.002699786902
412501	0.0001565799599
412502	0.008444362223
412623	0.00819564701
412624	0.001744281194
412748	0.003186596724
412772	0.01572680028
412775	1.188051911e-07
412813	0.008835775062
412827	0.004092810994
412845	0.0004580939745
412879	0.00338907545
413050	0.008058721976
413060	0.003204843864
413183	0.002154140186
413379	0.001872881651
413403	0.0002796293027
413598	0.007568243439
413636	0.003442686808
413685	0.00038057467
413692	0.002713035515
413697	0.004730741537
413800	0.008609484637
413830	0.008246172497
413958	0.003496037512
414230	0.002204096949
414317	0.001151261338
414333	1.268804777e-08
414362	0.009055939496
414745	0.005255267966
415024	0.001247672793
415036	0.004590868326
415085	0.002764355144
415167	0.003375128987
415319	0.002044810603
415377	0.001930890481
415423	0.006649440264
415522	0.002095084682
415547	9.976485071e-05
415619	0.003649229507
415622	0.00528049628
415654	0.002261201059
415781	0.002006075264
415834	0.0003184823251
415848	0.002801933936
415889	0.004640394927
416054	0.004103116201
416113	0.0004984499114
416135	0.002130510641
416225	0.002815430694
416270	0.001726408669
416639	0.00784509551
416674	0.002355218843
416785	0.001717755976
416923	0.001775021365
416985	0.0001367314618
417030	0.001497946801
417274	0.001692295531
417389	0.001631013922
417496	0.002343705997
417596	0.01568734186
417613	0.0005882360008
417712	0.005609280424
417757	0.002431738934
417950	0.005063669606
417963	0.003544758332
418017	0.008959528502
418046	0.002347326928
418192	0.004958245928
418200	0.002200934185
418226	0.003120052865
418276	0.002029447586
418290	3.329403716e-07
418473	0.001846825958
418511	0.002886453029
418537	0.002872917831
418607	0.002826430913
418661	0.008190306612
418734	0.002173077326
418747	0.01009658489
418785	0.0008966215121
418854	0.006061117773
419024	0.00407939453
419159	0.0009410938285
419186	0.009984927437
419240	0.010518858
419248	0.001656098424
419286	0.002299228595
419287	0.003697678463
419342	0.0003919764461
419370	0.003380874614
419389	0.004728894769
419468	0.003582659679
419599	0.003351952692
419613	0.003598259998
419727	0.002667444818
419753	0.001948263171
419812	0.002873807277
419837	0.002249323024
419982	0.002688328687
420030	0.004275814703
420133	0.003038647063
420164	0.004160947547
420237	0.007141645059
420321	0.0023310232
420451	0.002542801705
420613	0.005055113973
420708	0.002647926824
420771	0.00223841909
420985	0.001130742385
420988	0.0113585124
421156	0.002180163287
421224	0.001590818956
421431	0.002302264402
421496	0.003625250198
421509	0.002094780426
421533	0.002647950717
421584	0.0003858636286
421663	0.008572235325
421838	0.001842125888
421859	0.009169173705
421868	4.414367173e-08
422241	0.005141777988
422442	0.006668040013
422535	0.002837266666
422549	0.001161068254
422578	0.0005017350189
422647	0.007750202515
422787	0.001808369797
422991	0.001980163415
423026	0.001166194197
423027	0.002028933446
423139	0.0007530495272
423633	0.0008198586117
423637	0.001308672101
423642	0.00445209536
423714	0.002133599119
423742	0.00255525917
423753	0.0004853644645
423772	3.074928608e-05
423916	0.009448834592
423950	0.0006730202212
424020	0.003079374329
424120	0.002591111571
424169	0.005669140135
424210	9.80635538e-05
424427	0.001975806505
424555	0.001697745476
424633	0.001371302716
424668	0.004157032097
424675	0.004636864845
424687	0.00272374706
424717	0.003125897519
424875	0.002908475973
424995	0.005280268734
425075	0.001957748408
425209	0.01299029482
425415	0.001211871113
425676	0.008884010838
425721	0.002452488921
425818	0.003406393323
426015	0.002094625611
426105	0.003576281051
426151	0.000155098249
426205	0.0005925246703
426268	0.002379252873
426324	0.00591111051
426352	0.001641590266
426429	0.002648456978
426431	0.00168862861
426568	0.000786128289
426799	0.002805885608
426813	0.0001414646508
426852	0.00053083181
426877	0.0003227628707
426934	0.002454735483
427053	0.002661967532
427248	0.002132333333
427364	0.002202041604
427402	0.0004264239377
427451	0.001978457267
427501	0.003636946905
427507	0.00291167788
427515	0.006657460786
427517	0.005875238993
427596	0.004100550496
427683	0.00340203871
427708	0.005311346362
427773	0.002408180663
427890	0.004815362388
427957	0.001232295534
428114	0.002752805456
428125	0.005712555607
428193	0.001795594995
428251	0.002782017709
428304	0.004435385723
428306	0.002400858617
428335	0.004416413391
428448	0.00198071736
428474	0.002168772384
428579	0.007987493843
428591	0.0004128905321
428627	0.002224119864
428715	0.001960186157
428821	0.003351634605
428838	0.004390779863
429015	0.0006283330262
429137	0.0005436130323
429212	0.002906756677
429288	0.002435017325
429297	0.002119760125
429622	0.001893097753
430004	0.0001593370289
430163	0.002522820926
430194	0.001630948829
430254	1.377165091e-07
430291	0.002118317566
430413	0.001934936991
430801	0.004474137536
430858	0.00566930185
430894	0.002390854577
430977	0.001293598213
431006	0.001253231758
431197	0.001371985455
431209	0.003485718106
431410	0.001199116037
431640	0.001316108442
431658	0.007189810941
431662	0.0007904256669
431726	0.003427664828
431755	0.002044230869
431859	0.001884487546
431932	0.01100789561
431941	0.001537276706
431999	0.01050052121
432077	0.004142432554
432267	0.0002549675576
432344	0.005630427337
432377	0.002269615181
432383	0.002258688246
432622	0.0004606526943
432673	0.002158143087
432733	0.003754405916
432791	0.007227157941
432851	6.392805002e-05
432899	0.004210041688
432902	0.001325272821
433030	0.001683015074
433120	0.001068169786
433202	0.002189736867
433444	0.0003943367904
433466	0.001544069141
433596	0.002074680386
433610	0.001373935606
433665	0.001810553275
433695	0.009836035863
433773	0.002564273951
433943	0.002659260138
433969	1.033438701e-07
434065	0.001364305183
434171	0.006017821099
434179	0.001362577263
434332	0.00321730632
434409	0.001018141415
434723	0.00394449776
434885	0.0009265102371
434975	0.005170287625
434980	0.002307372202
435046	0.003118031397
435203	0.003316040002
435305	0.0008131120553
435459	0.002680768544
435469	0.0007178367035
435511	0.003244768271
435512	0.005064383053
435610	2.083868495e-05
435712	0.000414700029
435777	0.00359299709
435831	0.003839106797
435890	0.001092184938
436009	0.001109951772
436055	0.002275594539
436073	0.002450674223
436145	0.001628228261
436198	0.002237367956
436314	0.001602864658
436342	0.001858441352
436664	0.0004406997285
436786	0.005945263425
436792	0.001152775472
436796	0.001554627955
436814	0.001562844724
436894	0.006223184348
436900	0.001573940009
436912	0.00524289606
436963	0.0005555592327
437033	0.004529799797
437037	0.002037362101
437043	0.001245113339
437176	0.001482453939
437274	0.005142462955
437425	0.002837354661
437474	0.004539896137
437475	0.001809632209
437530	0.004289427195
437755	0.002620495576
437830	0.0004614570981
437862	0.002262632572
437865	0.0004034598679
437892	0.003118476212
437982	0.002025725498
438017	0.002047048458
438198	0.002052526627
438202	0.01035858785
438408	0.004320736258
438550	0.005394236919
438864	0.004104932122
439239	0.003875108473
439290	0.003697323764
439396	0.006594716992
439414	0.002996730076
439467	0.001954328831
439474	0.002245968817
439492	0.002903834834
439857	0.004556089228
439871	0.00197419174
439875	0.001097965218
440019	0.002503876874
440097	0.002368684524
440218	0.01135224458
440231	0.002590966314
440262	0.002922371627
440266	0.00229149474
440307	0.00269472039
440439	0.002261179459
440454	0.003554036103
440497	0.003829584492
440815	0.002241007956
440877	0.001843308306
440939	0.0005985956433
441118	0.003633926283
441208	0.008366467561
441320	0.007295140426
441503	0.002252872867
441688	0.002707604182
441736	0.003398838106
441808	0.01082528764
441888	0.003573117574
441895	0.002552840039
442174	0.002752520301
442185	0.001105181163
442284	8.441580328e-08
442399	0.0002877705265
442412	0.001929490284
442424	0.002676842324
442466	0.002316994006
442494	0.004088907207
442672	0.002699330603
442755	0.009407739624
442897	0.008530363602
443174	0.00472439186
443183	0.003888840544
443212	0.002299341089
443361	0.00608947748
443500	0.007413156596
443573	0.0009066064752
443752	0.001429728708
444098	0.0001950324457
444206	0.002352063788
444467	0.001608205352
444547	0.002973934486
444570	0.003713384991
444655	0.0005523175644
444665	0.0005548209728
444722	0.002925372982
444733	0.0004309369937
444850	0.002586030688
444851	0.0007548503974
444855	0.002208671484
444985	0.00154816302
445131	0.003350720371
445191	0.01008462645
445234	0.003370040256
445252	0.002234473831
445288	0.002220919774
445428	0.003769662937
445584	0.0009362000522
445809	0.006174100664
445946	0.001506871669
446006	0.001943863928
446018	0.001916009111
446346	0.001021976375
446459	0.001597451437
446476	0.006433041503
446555	1.598699081e-08
446579	0.001016288757
446604	0.00247708134
446618	0.0003782463713
446630	0.002261652726
446666	0.003006686994
446748	0.001161955346
446789	0.003369755152
446927	0.009305694986
446967	0.0008473475866
446988	0.002511562647
447124	0.004912045961
447142	0.005014151234
447214	0.002966172439
447650	0.0009553191818
447725	0.003725929445
447749	0.003037803118
447773	0.003721909223
447968	0.004762267682
448034	0.001692498442
448142	0.001988554765
448196	0.002530168587
448390	0.003107487971
448391	0.004725268062
448743	0.0005421385542
448758	0.001795133188
448760	0.001138415843
448805	7.883962152e-05
448820	0.001281929334
448920	0.001310853472
448938	0.005664500136
449003	0.0008978527882
449115	0.006533482344
449133	0.003267682489
449172	0.01056146145
449316	1.286572145e-08
449383	0.002366040956
449572	0.003368434402
449611	0.002615875364
449766	0.005323295462
449820	0.00431341727
449863	0.001154756365
449886	0.002349615534
450038	0.001436828798
450083	0.0008146469061
450160	0.0009791694544
450235	0.01207531521
450360	0.0007226741639
450395	0.006744407464
450498	0.007986091261
450504	0.002247188822
450557	0.0003011709513
450590	0.001373733303
450630	0.006414452792
450691	0.002952880971
450714	1.424006575e-07
450773	0.01469061884
450870	0.005190574782
450916	0.00354857447
451039	0.004958895663
451063	0.001912359488
451100	0.005146271058
451200	0.0006431951273
451249	0.005794125462
451271	0.002373729961
451473	0.002356898695
451539	0.001511063359
451586	0.000485333965
451591	0.0008962179137
451629	0.002544351177
451689	0.003909254123
451830	0.001972773573
451862	0.00350474759
451918	0.002396973515
452087	0.001526451579
452096	2.841381997e-07
452109	0.002698057983
452171	0.002565056673
452248	0.003198628937
452270	0.002403054748
452273	0.0065528249
452284	0.001803354107
452387	0.008066787615
452417	0.001594416295
452496	0.002505321939
452704	0.00170391838
452799	0.002831027662
452953	0.00122366404
452993	0.009716502452
453065	0.001528587345
453083	0.00331272457
453192	0.002915993617
453280	0.001368897889
453337	0.001497007083
453384	0.007765698889
453472	0.00425564833
453484	0.005117281482
453780	0.009213297461
453844	0.001512259099
453967	0.003346926398
453979	0.002730896267
454081	0.005671823086
454148	0.002937479204
454223	1.564236939e-07
454271	0.00344835862
454278	0.004277481636
454290	0.005065660826
454318	0.002957533615
454651	0.0008562795386
454682	0.004952058209
454751	0.003074574354
454913	0.002423897366
455002	0.000278450217
455088	0.002401001506
455179	0.004681488611
455193	5.420545024e-06
455252	0.001290286691
455323	0.00187039174
455458	0.005544986973
455477	0.002217033349
455514	0.009328442784
455597	0.00374140321
455776	0.002105058563
455782	0.006002489499
455877	0.01054105015
455881	0.004487866205
455926	0.002106502411
456080	0.0009612074429
456120	0.0009260585297
456178	0.002400283451
456194	0.01004379178
456374	0.0044606403
456529	0.001720413856
456604	0.001227598023
456612	0.001933988897
456628	0.001878284282
456636	1.116752768e-07
456712	0.004286120467
456725	0.003161218236
456743	0.005633561257
456769	0.0004291889267
456785	3.011792132e-08
456957	0.005352574337
456965	0.001280512256
456984	0.003121113929
457101	0.0009730919782
457158	0.0007035096894
457502	0.00321878778
457520	0.002676312971
457587	0.003396818546
457630	0.001421800993
457661	0.006233841397
457760	0.0008527100513
457778	0.00385666782
457791	0.00219444849
457800	0.002908274861
457859	0.005484149137
458153	1.362700678e-07
458177	0.006456120303
458191	0.001052060177
458348	0.0004750594012
458437	0.0001831167911
458501	0.002726162521
458661	0.001587233095
458827	0.008660008466
458880	0.001935550761
458903	0.003062742148
459035	0.002456459364
459082	0.005104441671
459269	0.001789499635
459348	0.0003848559658
459372	0.002477803032
459466	0.003985778413
459535	0.002620974157
459612	0.004727708563
459637	0.001055453559
459701	0.002373562968
459714	0.002730443358
459719	0.001806772917
460142	0.001434447691
460157	0.00570979835
460287	0.002286764958
460383	0.002328221636
460394	0.001906842403
460559	0.002193602174
460611	0.0004216801147
460690	0.002695525611
460817	0.002857559312
461038	0.01109439283
461069	0.002907714684
461103	0.002767029917
461165	0.001141048814
461219	0.0007720263987
461447	0.00128916247
461538	0.01147315906
461706	0.0009010343792
461828	0.005209564067
461839	0.00245624864
461905	0.0008423458835
462025	0.001491960779
462026	0.002315655154
462062	0.002107900216
462070	0.003060778248
462095	0.002193598462
462183	0.0009845732224
462288	0.003599323606
462303	0.001430184535
462313	0.004943117815
462383	0.003990874705
462515	0.003012270956
462657	0.003096787618
462937	0.002431245777
463040	0.006585290993
463048	0.004045622114
463192	0.004294310805
463238	0.006681557854
463248	0.002251361518
463336	0.0037033213
463414	0.0008046481448
463584	0.001533869168
463781	0.01316395504
463851	0.002209875224
463962	0.002696086843
464019	0.0005751658811
464049	6.326634892e-06
464104	0.0002123282662
464147	0.003194599784
464190	0.003194624163
464449	0.007355302765
464511	0.0003766627939
464563	0.002682694459
464570	0.0005684405967
464611	0.001855848641
464698	0.001785878594
464700	0.002618585181
464722	0.00202064152
464758	0.00178329912
464783	0.002823883103
464848	0.004865525124
465004	0.001997761131
465033	0.008531027918
465067	0.0002586290302
465143	0.003575516311
465226	0.004164829457
465498	0.002710278405
465585	0.00198430707
465679	0.001363826577
465682	0.0003104785286
465691	0.001862235163
465726	0.002760095074
465991	0.003372628487
466047	0.001860843165
466106	0.003626210053
466141	0.006810808005
466237	0.0020680835
466280	0.001389542824
466370	0.001449329218
466454	0.002623731306
466593	0.002105289898
466726	0.01084209485
466805	0.001833528371
466857	0.001290156503
466958	0.0003162769941
467185	3.84471771e-07
467190	0.009427287241
467199	0.01160123406
467320	0.002106509157
467347	0.007523117794
467430	0.005255784025
467458	0.002078232593
467486	9.756904397e-05
467794	0.005983033894
467981	0.002422152989
468009	0.002186598418
468208	0.002243402718
468270	0.002248775192
468330	0.0001514704924
468365	0.005881249187
468588	0.00933094157
468673	0.003604610147
468913	0.001442651307
468963	0.003120273838
469039	0.002786544485
469193	0.01042200428
469255	0.00245711682
469378	0.008943403315
469568	0.003043798258
469569	0.003791181266
469655	0.0003462429678
469807	0.002045173232
469815	9.592194661e-08
469817	1.164766499e-07
469890	0.0057277214
469908	0.004463439564
469986	0.003636466836
470014	0.002166010636
470032	0.001475787588
470113	0.003387461063
470218	0.002397233273
470394	0.001405139896
470439	0.003443474503
470611	0.008038151516
470692	0.008488497286
471027	0.002649029214
471109	0.001781668938
471518	0.002939831729
471632	0.002833468922
471832	0.001329928961
471917	0.002951562867
471925	0.005481985039
471973	0.003059306946
472064	0.003048288554
472121	0.004123647766
472316	0.007054431174
472363	0.0004589092993
472512	0.00260918723
472533	0.001431917311
472786	0.003692905222
472918	0.002292865335
472919	0.002810725105
473030	0.002547343356
473073	0.0014289587
473171	0.001449143186
473247	0.002481663936
473302	0.002298544832
473526	0.0107316304
473772	0.001739374032
473823	8.136667452e-06
473944	0.008390044087
474146	0.002616889273
474210	0.007943236412
474452	0.003758206887
474487	0.0009826779392
474534	0.008223934577
474692	0.001957790447
474700	0.002708106768
474767	0.00497995939
475048	0.003540435969
475113	0.001949315361
475116	0.001095200535
475159	0.003311873966
475251	0.003020717691
475479	0.004537207558
475512	0.007233053972
475659	0.004068219182
475687	0.001969463315
475704	0.004061390948
475779	0.003670283263
475918	0.005205080938
475972	0.001911406152
476086	6.947295346e-08
476133	0.0006315874638
476446	0.000606793154
476480	0.003953269327
476634	0.0005238402338
476884	0.0005021785046
476975	0.002192698281
477059	0.006357740558
477073	5.024483098e-09
477164	0.003752714418
477301	0.0007704089844
477323	0.003662361123
477328	0.00293123472
477414	0.00433690251
477664	0.001456191432
477666	0.005796167738
477689	0.0005235795735
478000	0.004449458956
478020	0.005615084252
478190	0.00262872121
478366	0.0001499566106
478388	0.00787861335
478465	0.005295383338
478506	0.003676120569
478536	0.00144246744
478582	0.002322313279
478853	0.007491920095
478854	0.003848862779
478902	0.002240062051
478960	0.003894650104
479023	0.004471900382
479108	0.002151984499
479126	0.0009883915799
479136	0.001839557158
479156	0.001702400354
479307	0.00418859024
479366	0.002711902835
479369	0.0022357744
479624	0.002494024598
479695	0.002360304433
479760	1.600804462e-05
479762	0.001671367387
479841	0.001022693885
480248	0.00234574401
480277	0.003807003299
480410	0.001727616074
480463	0.005761425413
480651	0.002165512826
480719	0.002477808476
480762	0.006467009484
480865	0.0003353609323
480869	0.003109547485
480897	0.000416399623
480957	0.001098103789
481070	0.007923197393
481077	0.002869849062
481242	0.006289884886
481405	0.007929591792
481541	0.004048575228
481629	0.001730266392
481669	3.705646778e-08
481735	0.004609526168
481827	0.003083851877
481856	0.0008854777054
481900	0.003060170812
482092	1.643744591e-07
482173	0.01000586056
482231	0.002940037095
482285	0.0005605219262
482320	0.003860451932
482333	0.0006832427396
482365	0.002221483508
482410	0.002246485899
482469	0.007583043723
482688	0.00210529077
482791	0.001152409342
482804	0.00326975682
482841	0.006438787602
482881	0.003065789219
482978	0.003086293508
483107	0.002715825638
483151	0.00269045282
483195	0.0007994756261
483212	0.005578350549
483236	0.003103613227
483393	0.002310835908
483462	0.003024271606
483652	0.00205163891
483827	0.001792543039
483854	0.002645213647
483981	0.003522849146
483996	0.002502707239
484100	6.372623592e-06
484101	0.007498840649
484117	0.0008597944371
484170	0.002921155223
484331	0.003406591779
484374	0.00274137644
484440	0.0008415706619
484599	0.00296310322
484611	0.003497578169
484624	0.004659403544
484632	0.005584892451
484745	0.004236567219
484847	0.001585087506
484960	0.007362274862
485136	0.003570682692
485196	0.006255613499
485310	0.003913055074
485324	0.002722416434
485331	0.001823525044
485803	1.371787252e-05
485911	0.001582330342
486019	0.002861817276
486049	0.001417880967
486085	0.003112941817
486226	0.0003135089139
486227	2.243721031e-06
486322	0.004413004563
486365	0.001341769607
486404	0.003501042449
486418	0.0004389562622
486538	0.0006251317605
486635	0.007675713239
486704	0.000265710034
486843	0.004868379409
486972	0.002874073116
487123	0.007250073456
487427	0.0003706931143
487596	0.004644020732
487615	0.001167159699
487637	0.003269588241
487764	0.0001970558447
487798	0.004306353364
487858	0.005178943436
487875	0.00349524149
488041	0.001749017512
488162	0.003480014481
488164	0.002582282988
488208	0.004768263368
488226	0.00128818211
488299	0.009205682699
488392	0.003056277277
488417	0.005540536193
488463	0.00315704306
488564	0.0006761677014
488633	0.007143333749
488653	0.003780710927
488674	0.0004858673543
488743	0.008858405093
488900	0.00140246351
488920	0.00637833573
488961	0.003975116269
489169	0.001280723336
489202	0.004449166091
489246	0.01086301104
489333	0.002887251431
489348	0.001665068078
489377	0.00339453145
489473	0.001620241129
489505	0.00244288025
489627	0.0002249575573
489669	0.001664140145
489698	0.003467292003
489854	0.007474384097
489894	0.004828338142
489962	0.008602675287
490035	0.001941145516
490086	0.005935225549
490181	0.002814100953
490392	0.002192759968
490503	0.005153695367
490523	0.001980739718
490528	1.260963075e-07
490973	0.002488713791
490974	0.007563174649
490995	0.004415079087
491007	0.002800369472
491226	0.001315526614
491300	0.0009186144201
491404	0.007581703758
491714	7.04547787e-05
491717	0.001975222641
491726	0.001831147505
491727	0.001837923548
491811	0.0002948330518
491922	0.004057893498
492010	0.002411382338
492159	0.001710438921
492160	9.157419466e-05
492188	0.001808028285
492266	0.001333666801
492371	0.005754627536
492607	0.0005565398374
492731	0.005864090948
492893	0.002884758083
492918	0.0150479288
493024	0.002476574143
493203	0.002062033155
493644	0.005433277148
493692	0.0002865403696
493719	0.0004147063147
493915	0.0002015439605
493949	0.0007804206017
494064	0.0008986282094
494115	0.002708131447
494133	0.004340332824
494407	0.003961340272
494445	0.009353912959
494450	0.002396791401
494534	0.001677766236
494544	0.0133938755
494572	0.003403607625
494597	0.0001680360656
494721	0.004462021209
494826	0.007638186881
494968	0.001472862808
495475	0.001991063855
495559	0.002408932193
495609	1.08271381e-07
495639	0.005145889364
495657	0.002760030988
495710	0.002564193468
495749	0.004414963402
495755	0.01190498758
495772	0.002328565256
495867	0.01556448241
495875	0.005413295271
495988	0.004930865355
496051	0.002233677912
496155	0.008851942922
496347	0.001401183468
496372	8.302463901e-05
496541	0.001603839737
496647	0.001937985112
496720	0.003512698745
496805	0.001312968516
496810	0.002563604663
496823	0.001007620288
497045	0.001683785756
497190	0.003019661419
497371	0.003165073059
497596	0.002963176112
497693	0.0008940595869
497697	0.004288627132
497909	0.007562369452
498019	0.000863064109
498020	0.0005306496705
498083	0.002555436373
498178	0.001434626004
498559	0.00061907841
498594	0.01149486549
498607	0.002420832826
498846	0.004738573089
498869	0.003664601857
498893	0.006553989643
499004	0.004899380858
499058	0.0003555441002
499079	0.001493990358
499134	0.001219072544
499156	0.002688882553
499168	0.001560591159
499197	0.002882338802
499259	0.004345943515
499292	0.005748318573
499343	0.0005144931529
499370	0.00185982361
499398	0.004777342276
499420	0.002614826981
499442	0.001067271284
499466	0.003351311482
499567	0.001329375548
499631	0.002727924
499668	0.002400552967
499827	0.002768487114
500039	0.001372347865
500052	0.0005862903273
500068	0.001065989131
500100	0.0002309228043
500167	0.002899511908
500222	0.00197231163
500230	0.01331542718
500328	0.00359021248
500360	0.008476668331
500476	0.008098697286
500550	0.003829763051
500700	0.003955148844
500867	0.001160450865
500902	0.002673128614
501016	0.001295309886
501056	0.001738698374
501140	0.0004597229618
501413	0.00345906032
501461	0.002866515202
501827	0.002028925506
502067	0.0001266222126
502185	0.00250029667
502543	0.002095495578
502549	0.005507537285
502560	0.003100658884
502565	0.004388128803
502664	0.001435359211
502715	0.008631220453
502730	0.005698067648
502918	0.0004647080911
502977	0.002204121293
503019	0.001090277073
503057	0.003381687037
503086	0.003832277477
503203	0.00237962051
503217	0.006836628277
503264	0.002412018902
503394	0.001842058227
503451	0.0002964595112
503535	0.002727035929
503652	0.002819184516
503706	0.0002997125873
503713	0.007229476281
503716	0.0009201753483
503835	0.003656179603
503933	0.001143223885
503946	0.009017618611
504006	0.002724595391
504315	0.001960992456
504347	0.0001277998637
504380	0.002157917587
504424	0.001052895333
504508	0.01469698047
504564	0.0001244826363
504660	0.002361479198
504754	0.00324462932
504799	0.0009855982409
504807	0.01014680769
504980	0.002330284461
504999	0.006567934349
505204	0.00161438653
505232	0.005038521953
505387	0.0001472909512
505432	0.004576929155
505841	0.001672034365
505853	0.004905037864
505953	0.003589948788
505962	0.001827314874
506011	0.002080064129
506149	0.003711417043
506237	0.0008322615292
506246	0.007844891354
506570	0.01561964057
506656	0.00297530456
506869	0.008287830925
507161	0.002274185594
507394	0.004589990601
507433	0.002730605171
507606	0.004223792248
507625	0.001846650835
507858	0.0009203710262
507865	0.0007831940943
507871	8.632017772e-05
507934	0.007556882745
507947	0.001221142039
507957	0.01002176075
507963	0.000647173356
508050	0.003028926325
508303	1.128847974e-08
508319	0.0004612170261
508325	0.001390621145
508524	0.002619703014
508526	0.003386784492
508545	0.002487950046
508676	0.00307507288
508698	0.01232242837
508728	0.002598113378
508814	0.01220784272
508850	0.002072676891
509125	0.0001246160202
509168	0.002313389801
509175	0.00312332767
509231	0.003297525426
509249	0.001433224066
509261	0.001734356213
509358	0.003969980818
509541	0.005547394796
509594	0.002967961856
509837	0.002086255579
509876	0.003100170928
510021	0.00198605357
510066	0.002508663781
510155	0.001026767625
510320	0.002283640601
510327	5.665612426e-08
510347	0.002165184526
510398	0.007867654704
510440	0.002511087601
510457	0.002490033821
510468	0.002137256918
510531	0.002783371386
510573	0.001731540585
510683	0.004477347929
510689	0.003509013732
510832	0.003912537231
510938	0.004255103023
510986	0.002955684999
511036	0.00275577598
511231	0.004499066638
511489	0.003050001222
511521	0.0009972945925
511650	0.001976270894
512093	0.0008645408097
512124	0.003788716092
512215	0.003911592405
512240	0.006306593946
512314	0.002127307441
512454	0.0008243349758
512591	0.001813677417
512599	0.002391456139
512611	0.002672704859
512638	0.0004914480143
512711	0.004065395337
512957	0.003981177493
512974	0.004655113503
513055	0.007267813503
513102	0.003560847607
513144	0.002213539634
513342	0.0004477907209
513349	0.01081147942
513429	0.00587841089
513447	0.003437496331
513557	0.003128070039
513581	0.002320423374
513598	0.004905617867
513874	0.007618732983
513953	0.007566185127
514081	0.003274299745
514169	0.004065608201
514206	0.004138874726
514326	0.006606388669
514338	0.0005384018635
514505	0.002786033759
514525	0.004120696772
514549	0.01277292685
514564	0.001365810813
514589	0.003475838031
514601	0.002359635909
514647	0.0009063026972
514662	0.008260599557
514669	0.002716897144
514713	0.001651668494
514832	0.002428928198
514869	0.0005235152179
515064	0.002136457974
515168	0.0009398272376
515182	0.001265335758
515276	0.0007968587264
515400	0.003824589085
515528	0.0003898992549
515716	0.001390244507
515932	0.006481966768
515981	9.071757729e-07
516055	0.004321237167
516123	0.004986543445
516258	0.001167468361
516423	3.859380946e-07
516431	0.0006038763802
516472	0.002135226009
516510	0.001612306905
516581	0.004233713459
516720	0.002564058914
516736	0.004479876651
516764	1.237071092e-08
516852	0.0009892817172
517038	0.001134316128
517061	0.004761573379
517126	0.001840470085
517169	0.004141380161
517286	0.00443871876
517326	0.000588676931
517376	0.001151433311
517418	0.003273483539
517436	0.007540051183
517442	0.004009047896
517558	0.003110150239
517578	0.008240467661
517594	0.003913017041
517726	0.001668042996
517869	0.000410553351
518076	0.003722419317
518133	0.002575188564
518230	0.006915875722
518471	0.0002714873493
518503	0.004841711148
518571	0.003250365338
518660	0.004457115953
518695	0.01199130807
518748	0.005110049149
519092	0.001852122033
519174	0.002857693701
519208	0.0005897402924
519242	0.003425115678
519384	0.001550673029
519429	0.001323292117
519482	0.001295575862
519531	0.002970986126
519557	0.001979422101
519641	0.002137250805
519693	0.004621877841
519745	0.00223151456
519983	0.006142851995
520177	0.004000530569
520179	0.006962674759
520338	0.002757527768
520389	0.001468739507
520662	0.002208171444
520718	0.001617960267
520885	0.005482198625
520998	0.006891160252
521024	0.00698404242
521032	0.002823074819
521115	0.00204353671
521159	0.008258376086
521277	0.0005076454091
521445	0.003220007107
521650	0.01463680669
521707	0.003851708426
521847	0.001451735267
521877	0.002187887034
521922	0.005742090969
521987	0.0008714850274
521989	0.01325092037
522050	0.002514775197
522102	0.002620401692
522115	0.00368034174
522365	0.001762378813
522399	0.004102516278
522453	0.001787669895
522484	0.0002498413169
522769	0.007283648172
522802	0.001655499353
522839	0.0004996058166
522860	0.006347800577
522933	0.006188621868
523014	0.002418103594
523072	0.006583739764
523173	0.002393442499
523187	0.01106802491
523485	0.005225992443
523513	0.00283437024
523584	0.002741169545
523608	0.0003231124687
523702	0.001886156248
523715	0.004672689752
523787	0.003512335872
523791	0.0007044129658
523822	0.003484737798
523853	0.0005811977072
524171	0.005818074088
524207	0.003314525728
524299	0.003992581696
524397	0.001775643141
524780	0.001625210162
524793	0.006864662796
524893	0.005006113168
524938	0.003988018202
524993	0.007497760226
525157	0.002954262184
525337	0.01373369234
525375	0.006764460053
525561	0.002435824929
526013	0.004892575544
526055	0.007363543787
526105	0.002503361947
526154	0.001046447599
526253	0.00605713345
526269	0.002997839005
526316	0.001293317712
526472	0.001429204562
526543	0.0121291401
526674	0.003791886583
526772	0.003312504501
526840	0.008374941029
526850	0.004834097609
526883	0.003953042702
526925	0.006555824473
527178	0.008573020307
527216	0.0006762906224
527227	0.01075273193
527231	0.006634062817
527258	0.003448543347
527314	0.002012258058
527502	0.001195822078
527668	0.0005488680141
527674	0.0003518239698
527677	0.005052729906
527704	0.002708207182
527706	0.001577259326
527817	1.42929723e-07
527899	0.004383393906
528024	0.01471044637
528031	0.00110635956
528232	0.003399437518
528604	0.0002616382622
528642	1.906987693e-07
528652	7.875169455e-05
528795	0.001457190561
528863	0.001013764151
528913	0.0003204052911
528942	0.01000018726
529057	0.001980938314
529098	0.006225226249
529100	0.0003608943775
529181	5.91403663e-05
529242	0.002469161345
529286	0.01267243091
529382	1.965082092e-07
529561	0.00863466302
529576	0.001860947915
529604	0.001759459168
529730	0.000610166753
529843	0.002762346646
529880	0.002711546022
529931	0.005210865238
529990	0.001677189735
529998	0.00274483671
530083	0.000774193084
530105	0.00189590215
530127	0.002437164135
530175	0.001621321929
530367	0.002349663221
530428	0.00641512771
530439	0.002928347312
530452	0.006991969686
530457	9.006219421e-05
530492	0.00285558923
530616	0.001669086778
530676	0.002726147261
530724	0.002832186407
531008	0.006571466303
531295	0.006943105606
531349	0.001097817689
531351	0.006356394254
531378	0.007356666813
531381	0.002326382117
531401	0.00322608691
531569	0.004986688284
531764	0.001213289628
532040	0.005943139611
532138	0.003022827065
532229	0.003222325525
532337	0.007741696562
532404	0.009397506072
532437	0.0004324194206
532442	0.002921125004
532493	0.001892147489
532651	0.003974902461
532687	0.00311006326
532839	0.003477520315
532847	0.00547729172
533002	0.003220699272
533183	0.001543522459
533206	0.0005993212609
533462	0.002048760366
533481	0.002213878425
533650	0.0009703573469
533652	0.002475769933
533756	0.01806495606
533760	0.0002323700994
534104	0.01134230773
534209	0.0002717906149
534277	0.005516875551
534372	0.00128150898
534392	0.002266615619
534406	0.005147272793
534505	0.0008594775298
534535	0.00256861446
534631	0.0003006036748
534640	0.002662958668
534769	0.007599305181
534832	0.004738270074
534865	0.003588411774
535020	0.0003323269224
535085	0.0007968990063
535351	0.003685889292
535403	0.003497301299
535405	0.00524981212
535411	0.004651085103
535624	0.003594882057
535662	0.0006714464924
535747	0.001181451193
535934	0.002721329057
535972	0.005538823858
536162	5.584576685e-08
536227	0.007520962362
536269	0.005058122178
536312	0.008392215895
536323	0.002163024348
536337	0.003554330282
536347	0.0005612064647
536481	0.008036934649
536607	0.007785929539
536635	0.002345228132
536694	0.002851536114
536724	0.002234030389
536734	0.00198617495
536778	0.005880164951
536924	8.511904642e-05
537030	0.01699865148
537226	0.0006110663073
537287	0.003635326517
537369	0.002222612842
537492	0.003738882944
537516	0.002466665427
537797	0.006992106691
537824	0.005550118495
537845	0.00185176467
537856	0.0007699301508
537877	0.002765745796
537968	0.0005758724178
538010	0.003138014193
538027	0.003666592776
538136	0.002669827137
538322	0.00798284259
538334	0.001974829327
538429	1.126757465e-05
538500	0.003566447263
538545	0.004367454075
538575	0.001528544285
538784	0.002835610243
538811	0.00245139615
538830	0.005402096654
538842	0.009201883128
538956	0.003279531735
539159	0.0005129224652
539169	0.004833638883
539191	0.000761725165
539275	0.001624565988
539384	0.002600863165
539669	0.001806797767
539772	0.003549014151
539774	0.001234817458
539797	0.002365612901
539858	0.001931170608
539997	0.0024918979
540088	0.001002692845
540168	0.0002710471325
540496	0.01431859596
540546	0.002395763961
540873	0.002767865228
540888	0.002712905307
540904	0.01288793268
541005	2.153148541e-07
541163	0.0005858549842
541198	0.003164388411
541206	0.006445797777
541320	0.002657944136
541361	0.001025802761
541363	0.002242723171
541454	0.001616888088
541468	0.001926470351
541574	0.003324918721
541675	0.002257302319
541848	0.0001505359089
541944	0.001389095676
542109	0.002733136088
542252	5.024482938e-08
542377	0.002194418168
542460	0.003331992312
542474	0.006928643391
542513	0.007503450577
542660	2.811354826e-07
542799	0.001783837108
542863	0.0002865368456
542900	0.005433247602
542932	0.009974064909
542966	0.003823576178
543025	3.451318071e-07
543050	0.002470319999
543128	0.002421333018
543155	0.004899405908
543396	0.002830700171
543496	0.0009298750234
543565	0.007575341901
543629	0.001505317699
543656	0.002674513249
543812	0.008251554911
543814	0.0007913615884
543951	0.001579115121
543986	0.006689467284
544130	0.005298126274
544453	0.002008278866
544529	0.001192188004
544567	0.001794839194
544681	0.001722858085
544780	9.18370875e-06
545001	0.00392626388
545012	0.005213189433
545053	0.0009047021587
545214	0.0008260757725
545420	0.004042719605
545481	0.0002333473051
545513	0.003029872071
545602	0.002456287696
545656	0.0008111420731
545674	0.001778413465
545720	0.0008865922167
545746	0.002521313676
545754	0.002481369388
545831	0.001330643459
545879	0.0007785075334
545899	0.001527725138
545935	0.0006594587576
546043	0.001720715849
546065	0.002923667317
546104	0.005135482765
546265	0.006430877029
546409	0.003583856603
546524	0.008352742948
546775	0.005880786107
546858	0.003139268037
546917	0.01379437923
547049	0.002502625899
547128	0.004204290571
547210	0.005790319163
547227	0.000247442811
547844	0.009365426966
548135	0.002503915615
548148	0.001960358098
548373	0.001382542925
548399	0.0002103898973
548579	0.003037950412
548757	0.003291881514
548989	0.002090488951
548991	0.002299352507
549002	0.001447240524
549042	1.07649862e-07
549093	0.0006990844903
549171	0.0009193777744
549176	0.001016614664
549270	0.006705536019
549404	0.001873412723
549454	0.003666057108
549523	0.0009624348049
549616	0.002921060768
549808	0.00215276772
549966	0.004707328714
550032	0.00222265914
550104	0.003550746066
550313	0.003983888387
550393	0.003861577103
550426	0.00200537458
550486	0.001278351702
550528	0.002109496323
550578	0.001461324167
551056	0.003747508833
551127	0.002475879355
551152	4.338160766e-05
551357	0.003718349511
551434	0.000692988082
551473	0.001679757258
551481	0.001884136585
551507	0.0060947041
551675	0.003113627242
552017	0.003014447098
552137	0.002988347141
552288	0.004727941835
552326	1.454684134e-07
552417	0.003081632555
552616	0.002030991366
552620	9.435533509e-05
552628	0.003551182774
552652	0.002383159224
552791	0.008637859862
552822	0.005446135236
552870	0.001897242225
553033	0.003098205416
553035	0.0005763079079
553170	0.0006091248381
553230	0.005419215464
553286	0.008972120157
553302	0.001229905714
553388	0.003550619715
553390	0.002603733721
553397	0.007262216557
553689	0.002835247391
553770	0.00453727329
553773	0.006099583465
553887	0.003221033026
553927	0.002904415952
553991	0.0004158259656
554090	0.0008249488271
554427	0.002541516147
554511	0.004362264907
554635	0.001996763514
554871	0.002619684662
554929	0.0037731227
554992	0.003483630565
555032	0.002108903157
555186	0.001002824222
555229	0.007221964865
555255	0.001603862113
555462	0.0002431821529
555491	0.002181878814
555757	0.00213343938
555841	0.001548169837
556006	0.002272902642
556033	0.003489060898
556143	0.006669306751
556210	0.002150562328
556301	0.001896137119
556393	0.0006257127828
556695	0.001928769994
556942	0.002533223934
556958	0.0008333016954
557048	0.003114937748
557135	0.00187033556
557142	0.0005727914956
557143	0.001265666295
557196	0.006233050179
557244	0.00101515848
557342	0.004452541996
557620	0.001285843298
557901	0.002220327347
557960	0.0006758436689
558013	0.002343762088
558028	0.003985616513
558057	0.005411361453
558206	0.006491887881
558343	0.009557270109
558396	0.0004803064963
558489	0.005462151412
558808	0.002189035347
558826	0.0140013095
558920	0.001600071383
558928	0.002315156073
559011	0.007212796269
559103	0.004230086199
559347	0.002628118334
559405	0.008399397162
559408	0.002631250386
559605	0.0002227139282
559675	0.002227678426
559805	0.006173713412
559822	0.001449743992
559931	0.0007414089409
560000	0.002809615498
560020	0.003413839497
560044	0.00383724665
560163	0.0006784308124
560575	0.002475114597
560581	0.002750452024
560584	0.002459676757
560594	0.003920891302
560617	0.003239190678
560653	0.0002508827829
560760	0.001250789605
560851	0.001313170986
560983	0.002742568591
561127	0.0002103379236
561189	0.002043422545
561249	0.001508047942
561295	0.007116820966
561324	0.003729045316
561364	0.002992660756
561435	6.029876242e-05
561603	0.003343391516
561642	0.00252839545
561715	0.005660505418
561738	0.004409095567
561744	0.002700800396
561762	0.003058853449
561822	0.004175740976
561896	0.003037728493
561959	0.004440944314
562013	0.002092127566
562052	0.01105573641
562204	0.0004260402381
562238	0.009778198756
562389	0.001316511264
562466	0.001241713099
562568	0.002383387052
562734	0.0005400558926
562781	0.001250002852
562889	0.003446260644
562980	0.001834286693
563048	0.002929277239
563157	0.004789150495
563289	0.00507110795
563371	7.932169427e-08
563373	8.575337323e-07
563380	4.675953297e-07
563484	6.610106396e-08
563770	0.001575864775
563771	0.0006889906467
563779	0.006091404263
563823	0.003979479904
563827	0.00616891741
563865	0.001195461625
563928	0.001304053882
564067	0.001402757667
564149	0.0006668144504
564185	0.002983774945
564255	2.124569459e-06
564279	0.00135535487
564282	4.934170413e-05
564301	0.007044236397
564433	0.006108220027
564451	0.0006868756358
564560	0.0006883297564
564862	0.003357649404
564971	0.001876005317
564975	0.00240536047
564982	0.004607322904
564989	0.01197545521
564996	0.003771894449
565070	0.001625092354
565190	0.004971544439
565282	0.009755959626
565295	0.005537539206
565342	0.004741506808
565439	0.0003811151685
565700	0.0009733048527
565772	0.003505496126
565821	0.002242043897
565938	0.004135135697
566209	0.003223607894
566282	0.002962581276
566290	0.0008077043703
566356	0.001131999405
566427	0.006920762712
566440	0.007114693624
566636	0.0009922773281
566741	0.001024635565
566870	0.0006234261664
566947	0.000281178115
567002	0.0008716309456
567008	0.002061897517
567026	0.01157681976
567097	2.159177384e-07
567101	0.001212733728
567243	0.0006354949808
567292	0.000858580234
567312	0.00197606869
567327	0.008281888071
567344	0.002247281005
567436	0.001604838254
567447	0.0009123617191
567497	0.0003711803871
567544	0.0008755387076
567587	0.01156544708
567728	0.003133147596
567947	0.0004947490743
567991	0.002386808659
568019	0.0004845615917
568042	0.006181395318
568197	0.002090257
568335	0.00389288569
568629	0.002416963247
568664	0.002133316215
568692	0.001067998874
568706	0.001545804616
568720	0.0009093514054
568744	2.102482136e-08
568766	0.0008966469176
569047	0.002375255958
569178	0.003230485647
569412	0.0003714145783
569438	0.0004415194373
569504	0.002140276613
569513	0.001822356056
569740	0.01123063777
569835	0.01688302125
569847	0.0007218186677
569950	0.001704864885
570029	0.0008886290263
570140	0.005251121723
570416	0.005627694336
570446	0.003730918172
570600	0.002124601966
570612	0.001465457431
570641	0.009057395655
570730	0.002210491409
570755	0.001091141021
570838	0.00300806711
570847	0.002755607041
570862	0.0001567312362
571183	0.003108759925
571214	0.006106746971
571279	0.002744294877
571419	0.007515255947
571491	0.002342542192
571669	0.006897645869
571681	0.002680644032
571752	0.002862323022
571762	0.0001733334441
571802	0.0003018594228
571855	0.007304737604
571865	0.001345409694
571889	0.001354708261
571980	0.005789269349
571991	0.007157024555
572042	0.003656662443
572137	0.007500607183
572188	0.001998402688
572320	0.003763085985
572395	0.001068531336
572459	0.001301691378
572670	0.001278115405
572708	0.0008342983229
572710	0.005211814364
572742	0.003307798609
572747	0.004174896111
572851	0.00226432915
572867	0.001734306919
573025	0.002956234516
573044	0.00533542175
573201	0.01104439133
573278	0.003896227697
573388	0.008508823577
573481	0.006150830991
573568	0.002917026357
573665	0.01087221447
573683	0.003978087927
573697	0.005246712207
573991	0.002970369094
574026	0.004419744906
574054	0.00388290967
574068	0.0007737620093
574104	0.009424572472
574168	0.00370192245
574482	0.01196579483
574579	0.002650732452
574638	0.002335301801
574644	0.009007090242
574861	0.001237249686
575018	0.005984065351
575048	0.009555451624
575065	0.002639169254
575070	0.0009476144442
575265	0.003606189994
575270	0.007648830839
575495	0.001609929472
575539	0.00222223723
575766	0.001947057256
575898	0.001796073207
575938	0.004034959736
576110	0.005474730555
576159	0.002956713833
576299	0.002611503911
576302	0.002217716479
576309	0.003924166519
576375	0.001720713595
576382	1.845839887e-08
576383	5.120740662e-10
576505	0.002298589802
576617	2.701225544e-07
576636	0.002425204743
576679	0.0009577052686
576768	0.001557937836
576802	0.001843459754
577034	0.006145043716
577072	0.0009954037445
577079	0.002198457403
577173	0.0008286195303
577317	0.008882459551
577427	0.00402340901
577432	0.001558647468
577470	0.004091067939
577475	0.006837376247
577477	0.005346537482
577516	0.0009835538263
577518	0.002147827441
577871	0.001386999496
577915	8.467726751e-09
578052	0.008717020889
578076	0.0005212266271
578588	0.008603999191
578625	0.0006162006655
578655	0.0006508768641
578907	0.003913673216
578918	0.0002553067034
579219	0.002203604255
579275	0.001271383256
579442	1.217296146e-07
579444	0.002466109918
579455	0.002294080215
579547	0.004298263697
579548	0.001181770886
579611	0.004503370316
579651	0.001690745508
579757	0.001843213238
579787	0.002109462516
579996	0.001045357805
580011	0.002677947202
580056	0.002490802323
580067	0.001985199745
580203	0.004166416172
580226	0.0005055249727
580367	0.001432882649
580446	0.005996788913
580564	0.003193571753
580788	0.0002910046411
580811	0.002706546102
580843	0.01448027529
580890	0.006209931244
580909	0.001461678137
580924	0.00157779432
580948	0.001415359895
580997	3.699846524e-08
581141	0.002313339989
581194	0.001452275063
581305	0.0007251018893
581313	0.002425373382
581326	0.00688589742
581501	0.001967435656
581609	0.002094168033
581664	0.002613479897
581698	0.003169039033
581820	0.005708226138
582065	0.001077925971
582084	0.004231755429
582107	0.00260217932
582341	0.002376922053
582355	0.003740191913
582524	0.006338483604
582591	0.002331541342
582765	0.003039647445
582800	0.0030636398
582851	0.006257334865
582857	0.004422189164
583111	0.008724947935
583335	0.00375009438
583425	0.002681011309
583443	0.002367631443
583449	7.514448104e-05
583501	0.001680940973
583544	0.00221133485
583595	3.1955759e-05
583633	7.806107864e-05
583728	0.001671239681
583888	0.0123577377
583907	0.007391703832
583955	0.002721243855
584016	0.002719771994
584023	0.002783290423
584143	0.003476533755
584151	0.001475045417
584282	0.007005311824
584395	0.003258932857
584581	0.0009269807907
584587	0.002474602669
584597	0.00190074375
584598	0.006091148704
584600	0.003006970026
584652	0.00185185014
584749	0.004145427525
585095	0.001663196642
585149	0.001974667905
585250	0.004986211153
585319	0.001908241367
585426	0.01009637895
585570	0.001940265595
585777	0.002446460005
585801	0.001985360485
585912	0.001317067177
585981	1.348742283e-07
586001	0.001883482308
586050	0.0003961758044
586091	0.001618951834
586092	0.0021043252
586175	0.000759476161
586238	0.0009275076809
586330	0.01625708341
586355	0.002518351959
586409	0.007404129769
586590	0.006509969277
586591	0.007553520024
586685	0.00393139576
586722	0.007660909393
586941	0.001206938546
586957	0.005211392582
587152	0.0003975475912
587190	0.001237971333
587226	0.0031378142
587323	0.001450249898
587385	0.0002531422151
587414	0.004367610619
587435	0.000669584748
587587	0.003492175312
587638	0.01511944974
588388	0.002712923089
588506	0.001995971368
588565	0.01440743533
588695	0.002494451346
588767	0.000765494121
588778	0.0016696201
588868	0.002135898098
588954	0.003402186412
588981	0.003019447623
589113	0.006850120762
589191	0.0003854737581
589265	0.00312865782
589514	0.003170716188
589538	0.005995341772
589592	0.0003028330931
589618	0.0003689203575
589669	0.0003936307364
589748	0.001894324815
589822	0.001308729919
589863	0.007247744393
589911	0.0006044437866
590122	0.006675176001
590212	0.003727258644
590361	0.0008262295873
590365	0.00564219731
590529	0.002981951659
590574	0.001941663799
590661	0.004698300371
590673	2.120046589e-07
590820	0.002258633531
590830	0.0001736609416
590877	0.004299993718
591074	0.001103369882
591104	0.002300948237
591133	0.0009509029413
591158	0.005434811563
591227	0.004190631088
591231	8.466877757e-05
591254	0.0001324180213
591267	0.003802797624
591307	0.001833121822
591489	0.001026055274
591554	5.629616528e-05
591641	0.003694015416
591655	0.001698007924
591785	0.0004290764368
591838	0.003247409717
591846	0.0002043873368
591995	0.000831316173
592016	0.0003898241575
592073	0.003381211656
592083	0.005645444984
592086	0.001470938945
592262	0.004915125376
592420	0.001974715834
592702	0.001658308765
592963	0.00243418155
592982	0.0003818061741
593002	0.01031021742
593226	0.0005269593039
593228	0.00290019987
593343	0.00248192387
593423	0.005776802138
593471	0.000958296036
593487	0.004341572311
593764	0.003081626213
593798	0.001945841083
593804	0.002689080675
593824	0.002842730114
593990	0.001544276584
594031	0.002413560863
594177	0.006527899754
594201	0.008338570879
594219	0.00267332791
594222	0.002332816738
594315	0.001549420956
594332	0.0117684376
594382	0.0002568704177
594585	0.001918591326
594852	0.006754108257
594984	0.0003257792347
595006	0.00121391435
595083	0.003821039484
595123	0.001087851866
595214	0.001216840891
595300	0.002050246148
595375	0.002396367666
595406	0.001052506057
595423	0.007144820951
595526	0.002970611562
595576	0.0008793147442
595886	0.0007584975425
595923	8.148730754e-08
596013	0.00085488547
596014	0.002771806191
596023	0.005454519462
596056	0.001515812409
596242	0.003864744393
596300	0.001809581684
596381	0.005389661145
596425	0.001139968365
596541	0.002615246976
596673	0.001159825926
596793	0.003006074589
596867	0.005181866129
596937	0.00272276981
596972	0.002211268667
597054	0.01715126423
597108	0.005882292475
597185	0.001458662369
597294	0.0006110405588
597456	0.006522899712
597505	0.004079073323
597512	0.007975560273
597561	0.001427189081
597640	0.00246698016
597691	0.003206238861
597988	0.002099157264
597994	0.008609291743
598065	0.00212242126
598198	0.003145477275
598233	0.001944812739
598239	0.005256812646
598274	0.002162579475
598325	0.003436518622
598362	0.001397499717
598603	0.006049362124
598940	0.00254670043
598970	0.001600627463
598976	0.00547360861
599001	0.004399112008
599017	0.0008740991973
599034	0.001979716425
599165	0.005031022604
599329	0.0004301872053
599436	0.007327942559
599437	0.008551166595
599438	0.001152087889
599453	0.002211658787
599689	0.008193040283
599748	0.002308198252
599771	0.002436211901
599833	0.0016452579
599942	0.009525239589
599990	0.002980678932
599991	0.002835632968
600171	0.002723520173
600358	0.001558254468
600375	0.002535852669
600397	0.0006114575654
600459	0.0044466564
600525	0.007020878042
600545	0.001869814845
600752	0.008680290806
600822	0.004679166064
600831	0.002084792487
601002	0.006161490662
601066	0.0004764216004
601125	0.002522330777
601136	1.459102652e-07
601179	0.002051955867
601258	0.0009354744263
601327	0.002417585095
601361	0.0009194114401
601384	0.005917319116
601562	0.001183370132
601666	0.005437369495
602101	0.005527898133
602103	0.004057067787
602126	0.005130527771
602233	0.001982469096
602396	0.000106945511
602513	0.01446751232
602631	0.002546994703
602731	0.001597315065
602848	0.0001189371955
602951	0.003590437063
602984	0.002976546684
603015	0.0002739852125
603017	7.29300157e-08
603047	0.000206280528
603229	0.003281309065
603321	0.003226956309
603606	0.008167375872
603633	0.0004737191055
603674	0.002171259642
603689	0.00356182578
603910	0.003017630188
603919	0.005129556851
603963	0.001570503804
603988	0.0009682167509
604000	0.001571895425
604196	0.003082176435
604305	0.007657877538
604397	0.003100181545
604547	0.003147384338
604645	0.003374482403
604746	0.004097326253
604873	0.001361405815
604956	0.001866703471
604960	0.00495723417
604965	0.004923082626
604972	0.005262529474
605195	0.0024477989
605324	0.0001436878697
605428	0.002138032199
605444	0.0005386862375
605447	0.002216859286
605705	0.01229778307
605765	0.0003911917684
605840	0.003632001274
606000	0.00218604513
606160	0.001109350733
606275	0.005153068866
606376	0.002758724923
606469	0.002267157492
606706	0.006935062398
607091	0.00684769925
607188	0.001878770632
607339	0.0001687943161
607541	0.0003574104378
607598	0.003744482034
607604	0.002097710877
607733	0.008802551866
607735	0.001884952417
607745	0.002789891477
607821	0.005976852415
607915	0.0007948659308
607954	0.004857329487
608179	0.01547018867
608279	0.002479786353
608282	0.00267273355
608289	0.002024909662
608342	0.004026054352
608365	0.002570081398
608376	0.002264257766
608401	0.006015088707
608535	5.275316833e-09
608593	0.002743052765
608769	0.006516553573
608978	3.359443266e-08
609001	0.003345848096
609041	1.139010557e-07
609111	0.001655435136
609272	0.001047111969
609286	0.002303168206
609303	0.00144252718
609305	0.006087757579
609347	0.004783105321
609474	0.00144730786
609597	0.000286546989
609701	0.002605888495
609713	0.007969063591
609936	0.00259384276
610058	0.00292951786
610083	0.006427766758
610280	0.002580533582
610488	0.002491066724
610505	0.002603689508
610552	0.004159883253
610643	0.004661488559
610899	0.004745309199
610952	0.007052039241
611209	0.002762962687
611250	0.003828475289
611280	0.002682494253
611364	0.003865181787
611541	0.002474161801
611583	0.001667074552
611694	0.002674413229
611700	0.006368026819
611713	0.004093188296
611911	0.009348047723
611989	0.003300624798
612021	0.00714251064
612195	0.003952425889
612545	0.003705528957
612763	0.004577869435
612835	0.0108386808
612865	0.00260143588
612880	0.00269233233
612910	0.003802101187
612948	0.003046032668
613013	0.000357106999
613115	0.002915570297
613275	0.005423384455
613451	0.002354347768
613463	0.0006996205005
613484	0.003514133081
613513	0.003055194525
613605	0.0009943919669
613750	0.004362823925
613752	0.001123361689
613827	0.0004307710804
613829	0.0004729643848
613830	0.001030944948
613944	0.007651920024
614130	0.005031956409
614203	0.004555612175
614234	0.01226708168
614277	0.002957662349
614332	0.003546046633
614341	0.006830905869
614470	0.0006911928376
614492	0.0005935655333
614546	0.001662260649
614651	0.003061842733
614695	0.0140710008
614783	0.00416163861
614858	0.004665857512
615119	0.0001150201382
615150	0.001305055976
615173	0.004153933832
615202	0.008114850853
615300	0.009564573489
615314	0.008350455018
615470	0.001212243945
615484	0.0001829546834
615514	0.004598336498
615560	0.005366201942
615578	0.0007750712489
615619	0.01015150814
615737	2.981700732e-08
615887	0.005287595649
615935	0.01298595582
615970	0.005356285241
616055	0.002327667541
616098	0.0009194981912
616265	0.0004651901732
616360	0.005131771311
616416	0.0006818892749
616493	0.001642435558
616567	0.002142321544
616742	0.0001398811107
616797	0.01280053014
616815	0.004374277775
617024	0.003791812709
617080	0.001916186143
617098	0.0009293268243
617144	0.003917820017
617145	0.0003845188999
617208	0.005276299011
617233	0.005331940613
617473	0.00286106212
617534	0.004048484881
617602	0.00637558254
617696	0.008306308597
617739	0.009130116256
617741	0.001169551677
617754	0.009680061263
617795	0.001516629092
617836	0.003057893594
617841	0.001104384373
617852	0.001611099793
617920	0.002707543392
617922	0.001749813439
617934	0.003061215238
617943	0.004430166562
617970	0.01014280449
617979	0.002620758277
617996	0.005366012271
618066	0.00308679712
618190	0.004937871993
618291	0.001015694309
618490	0.003545544553
618715	0.0007734525449
619000	0.001409940129
619026	0.005017541987
619113	0.0001525527849
619130	0.002930136577
619369	0.003774933142
619672	0.004402130614
619775	0.003013932353
619781	0.002822668899
619789	0.006785854049
619922	0.004232754374
619948	4.747284869e-05
620001	0.003462375532
620059	0.00344469705
620274	0.005087904299
620288	0.004530459749
620474	0.000943961428
620501	0.0006843685045
620542	0.004488119948
620770	0.001087595257
620794	0.001073002886
620888	0.002879394237
620966	0.0009870994029
621109	0.001251580608
621113	0.001600808505
621151	0.0006384501376
621452	0.003376089001
621485	0.001227448538
621502	0.0007642163225
621503	0.001952485612
621516	0.006168004517
621531	0.001653353065
621559	0.001193869943
621621	0.01138339251
621736	0.002576985683
621743	0.001152649491
621804	0.001102928705
621956	0.001195989357
621973	0.002708049357
622049	1.93403082e-07
622211	0.002286172336
622294	0.003425000801
622481	0.002259578396
622536	0.003339769766
622647	0.001896046376
622656	0.003358466377
622708	0.001180153374
622780	0.0007402469687
622859	0.001881257867
623067	5.835324318e-06
623103	0.0004602363012
623236	0.003903902465
623287	0.003742804142
623371	0.002314525098
623395	0.006681235519
623607	0.001276304862
623691	0.002424849783
623890	0.0009470373672
623959	0.002671108467
624001	0.001630400366
624126	0.003127213998
624345	0.0005885122064
624546	0.002401342094
624578	0.0006491208246
624623	0.00107512596
624656	0.003349455531
624762	0.0002871645563
624904	0.00305774393
625132	0.003050150031
625145	0.004098711147
625311	0.002221448785
625323	0.001970679645
625493	0.003128694378
625700	0.003109120172
625740	0.0001429237114
626105	0.002289253023
626179	0.008250953314
626215	0.0002425677679
626236	0.00529890454
626400	0.004750156194
626591	0.004653235119
626815	6.540617278e-05
627037	0.002241294536
627039	0.003560236936
627070	0.003367650586
627170	0.002949785758
627216	0.001767465294
627282	0.0007229492816
627372	0.004269966237
627407	0.003353702859
627433	0.002929662166
627487	0.002057257059
627592	0.003211752006
627597	0.001248257302
627743	0.0042790693
627794	0.001668480784
627841	0.002906191665
628144	0.001508164894
628245	0.003531722793
628261	0.01082550932
628552	0.00643899147
628617	0.001454056027
628771	0.0007183270426
628791	0.004226117647
628814	0.0009349509039
628902	0.008624165247
628949	0.009981537825
628975	0.002224450806
628979	0.0008755262357
629102	0.005938202091
629216	0.005863496611
629340	0.001762688187
629350	0.002017669311
629455	0.002636404135
629463	0.001942351519
629532	0.0008682342487
629547	0.003636262635
629581	0.002261466565
629653	0.006047376022
629730	0.000470639817
629758	0.0006844764978
629771	0.005547975299
629867	0.001358270513
629975	0.002937346427
629991	0.00148708562
630083	0.001674681121
630105	0.0002075275852
630245	0.001651888266
630370	0.001495719597
630409	0.0008405515328
630544	0.0001525264509
630676	0.003571049896
631008	0.001561267564
631094	0.002230597547
631178	0.002685426056
631512	0.00202835544
631557	0.006887785047
631579	0.002183125076
631744	0.003953855656
631818	5.587973396e-05
632091	0.002021980666
632198	0.002365339721
632232	0.0006044291748
632233	0.0007051396707
632296	0.0011721837
632337	0.01611068346
632458	0.00301525724
632469	0.002716699556
632561	0.0007023175239
632594	0.00202004306
632685	0.002143534495
632733	0.003047433898
632745	0.0001538194067
632765	0.002576388896
632853	0.0007603311255
632962	0.0049556085
632977	0.0005215347363
633207	0.00352332129
633242	0.005373290306
633278	0.001646350573
633334	0.003059670952
633378	0.002577789106
633527	0.0007962489201
633563	0.001834750123
633630	0.001995380611
633637	0.002643199526
633796	0.0004251833517
633973	0.005194435941
634047	0.002535383411
634072	0.002883100113
634118	0.002570223387
634269	0.002692385939
634284	0.001030075432
634379	0.000670272676
634383	0.0001749357397
634457	0.001925082386
634466	0.006662148274
634499	0.001051708769
634566	0.00549516338
634749	0.003062746983
634838	0.0019115154
634843	0.01161587997
634903	0.005206377993
634907	0.001301720807
634952	0.002138737655
634996	0.003237776441
635028	0.001069363514
635155	0.007071872647
635203	0.00442057258
635230	0.0007741025939
635258	0.004990421945
635445	0.00196280296
635451	0.0001931759896
635481	0.004955905364
635500	0.004551079365
635706	0.006745151788
635741	0.002598111462
635872	0.001756469219
636324	0.003092557236
636340	0.0014347498
636585	0.00524408007
636657	0.002031293878
636790	0.006333035902
637161	0.001773304059
637173	0.00145403239
637223	0.004314764673
637329	0.001399422318
637418	0.006480036668
637525	0.00894502693
637553	0.001867634976
637818	0.01565169355
638286	0.00348534565
638336	0.00264996869
638439	0.006022087251
638474	0.001175064026
638605	0.002274511459
638614	0.003579419452
638617	0.001946765937
638661	0.001580356614
638774	0.003022450522
638915	0.004165903231
638954	0.001621137554
638956	0.0004884862366
639047	0.0009108503609
639099	0.00789256967
639515	0.008555606663
639580	0.008476120253
639761	0.004521194726
639799	0.006923148558
639899	0.001811628663
640051	0.004619036156
640095	0.0008757837773
640116	0.001365169464
640151	0.004107244374
640185	0.003579977602
640296	0.006711301747
640345	0.000651803446
640384	0.0002326326323
640460	0.003307958661
640535	0.002509600271
640578	0.002055639521
640592	0.008601620076
640631	0.002453146582
640755	0.00273127581
640798	0.005829055943
640853	6.851567638e-08
640887	0.00256311657
640945	0.004664272729
641111	0.01323298708
641184	0.007251449736
641264	0.002348620403
641333	0.001008059644
641335	0.004144219786
641350	0.001180107456
641843	0.001522812776
641876	0.008679755111
642088	0.002672238736
642102	0.001117470745
642147	0.004315484086
642346	0.004643442917
642445	0.001078915547
642457	0.004854925635
642501	0.003976621793
642515	0.01746753921
642587	0.00696536131
642612	0.001359921281
642796	0.004216708271
642807	0.00202080886
642895	0.002972115439
642897	0.0001864210812
643023	0.002698915547
643169	0.001888146028
643258	0.006621697881
643296	0.0006845133382
643305	0.0003117340882
643374	0.001506703897
643399	0.01262094917
643533	0.00245544981
643581	0.002687663664
643600	0.002055237413
643680	0.0007818218031
643720	0.005110490668
643946	0.001131982731
643994	0.01006217731
644013	0.002622492374
644017	0.000725711132
644163	0.00587042369
644193	0.002441741975
644200	0.002043572358
644205	0.001265375912
644259	0.001975840478
644277	0.009063519593
644308	0.003961248927
644326	0.002844973816
644385	0.002266061755
644406	0.008769746179
644427	0.001966586586
644432	0.004274143133
644457	0.001605458287
644468	0.00266897813
644563	0.003037080243
644576	0.00409130901
644613	8.198718808e-07
644660	0.002749950892
644662	0.002160609486
644677	0.0001157698749
644773	0.0003774886818
644896	0.003739143345
645037	0.003340540879
645074	0.003190490346
645111	0.0007755964478
645168	0.00345061831
645224	6.444879183e-05
645232	0.006505560403
645274	0.00316530755
645346	0.008861808389
645401	0.003797621601
645816	0.005361939755
645819	0.008869848196
645935	0.01091542683
646010	0.01182269258
646160	0.002523713078
646352	0.001514257793
646502	0.003028066109
646525	0.01140273078
646779	0.005190240135
646780	0.002291673072
646853	0.008547229041
646882	0.0002862331532
646892	0.001901976035
646937	0.004774277348
646942	4.253782603e-05
647017	0.007988722909
647088	0.001645012614
647091	0.001197533321
647094	0.006952428725
647172	0.001996851221
647269	2.274040414e-07
647296	0.001757348604
647317	0.002478467874
647399	0.002737986077
647744	0.003094082279
647765	0.007371472887
647852	0.01009719869
647875	0.006283748653
647883	0.001486294116
647941	0.01235101312
648051	0.003288019785
648230	0.004469171049
648243	0.001797638319
648354	0.0003281329875
648358	0.005023341592
648401	0.0006848836693
648434	0.001506027961
648580	0.004313889097
648623	0.001628096115
648635	0.005538121391
648720	0.001779211995
648744	0.002525300861
648783	0.007439512272
648932	0.008344263116
648933	0.001700285974
649014	0.001727167026
649138	0.01062232549
649212	0.01183167203
649247	0.0008414551542
649248	0.0002567193217
649286	0.001935051964
649307	0.001789213117
649361	0.001125714761
649570	0.001114997724
649633	0.0007478689126
649679	0.001934765893
649746	0.002423786173
649811	0.002653718131
649829	0.002605583416
649948	0.003103491228
650053	0.006808875677
650154	0.001659203265
650384	0.003143444646
650405	0.0002562473755
650444	0.0009084118911
650572	0.001450604234
650657	0.002905208877
650671	0.005666431361
650707	0.006866195006
650739	0.0005592033572
650806	0.007872329728
650807	3.151300182e-08
650862	0.005678509424
650889	0.002181372689
651046	0.003053274434
651067	0.003002677138
651214	0.008897332211
651248	0.003233143612
651364	0.001129138214
651368	0.003921402051
651387	0.0008444303452
651640	0.0006919175297
651794	0.0022837711
652020	0.002080265864
652026	0.005280784581
652125	0.002672282901
652167	0.005332610626
652268	0.006270352982
652530	0.007237792243
652582	0.002646331751
652860	0.0002832008575
652948	0.007142390813
652980	8.830909396e-08
653131	0.01538125781
653212	0.001633991688
653301	0.004186106173
653446	1.782323241e-07
653469	0.003617883589
653518	0.001460464643
653571	0.002701708983
653587	0.00296921846
653643	0.001775164344
653733	0.009079388737
653771	0.004589925253
653772	0.001576942582
653811	0.004601260901
653815	0.008551201459
653964	0.004248606759
653985	0.0008015067743
653998	0.002435643984
654037	0.0002499359708
654064	0.001918158888
654203	0.01379854032
654287	0.001105776556
654467	0.002941445433
654578	1.052096275e-07
654636	3.471466079e-07
654695	0.006123712662
654733	0.00315913772
654996	0.003849597531
655027	0.0009359120077
655296	0.001748121299
655605	0.002641715866
655611	0.001696656192
655793	0.01134402448
655861	0.001754926691
655893	0.006430864127
656105	0.0009607094766
656111	0.002782537657
656137	0.005602060742
656196	0.0007316443216
656260	0.001639040292
656365	0.01123935378
656468	0.01000128054
656623	0.003256332186
656640	0.002480160201
656696	0.002669918377
656765	0.006020756987
656778	0.000174246867
656914	0.000505181064
657034	0.003191516467
657232	0.005615785702
657250	0.008046638553
657258	2.714129174e-07
657330	0.003545370605
657368	0.001529295641
657413	0.002857088593
657430	0.00482166933
657600	0.002514782246
657634	0.003197170347
657635	0.002596503003
657651	0.0010875262
657794	0.00332541278
657878	0.001636373862
657998	0.004485033323
658201	0.00495547801
658279	0.003814046174
658449	0.006198775248
658591	0.003836685053
658962	0.01050988174
659036	0.001146002197
659088	0.002801089079
659210	0.006560585169
659264	0.00288831815
659314	0.002625090387
659363	0.006307282599
659447	0.01308127811
659497	0.001711480125
659775	0.001533201819
659779	0.004111323621
659831	0.004081414108
659886	0.002772790389
659894	0.001718828937
659901	0.003394422016
659960	0.0004513233438
659986	0.002804004166
659999	0.00373566586
660017	0.01194005488
660077	0.002024959678
660159	0.002223583815
660181	0.01159016905
660216	0.001444387831
660239	0.004526832948
660397	0.003825156991
660411	0.01165843367
660735	0.009945451961
660739	0.002836840191
660772	1.889747669e-05
660865	0.006745338005
661072	0.0004367829819
661241	0.001550875878
661437	0.007713758282
661480	0.004328552715
661667	0.0049552683
661671	0.004538963607
661679	0.002333646896
661762	0.0009873408327
661878	0.005108273209
662118	0.001331214197
662346	0.007228595427
662423	0.003689463849
662496	0.002101401458
662561	0.01021921872
662598	0.003874954521
662648	0.01923537045
662752	0.006999478911
662941	0.003764893716
663023	0.001674755086
663078	0.004983454353
663111	0.008325015936
663257	0.002910539497
663334	0.00218517738
663339	1.919163977e-07
663389	0.005338680918
663564	0.001227314904
663659	0.000486279334
663670	0.001249798634
663682	0.0003384812693
663711	0.001802742291
663810	0.00223600237
663813	0.0002582069164
664041	0.001894669491
664182	0.0009141361306
664312	0.0008386877261
664315	0.003683406243
664352	7.419268957e-08
664452	0.001737830824
664461	0.003860294294
664496	0.006370081249
664558	0.006175274258
664632	0.001930362262
664785	0.007653734025
664897	0.001451117251
665057	0.005311291597
665125	0.0008917315875
665139	0.006164083885
665140	0.005367605326
665213	0.001009452611
665251	0.002104367868
665350	0.004080302195
665596	0.004038274595
665674	0.003213959657
665768	0.005861990374
665834	0.001565510514
665858	0.006584131295
665896	0.001009431453
665947	0.002738957412
666018	0.006653341367
666078	0.002568862481
666080	0.007063002581
666082	0.005576385844
666090	0.001689388952
666112	0.01015966824
666140	0.002871126555
666186	0.002918211628
666291	0.001411480095
666323	0.002987411779
666371	0.001768539709
666382	0.0009205434201
666416	0.002726421572
666427	0.002496233492
666735	9.990463692e-08
666805	0.0004679242009
666966	0.001244918559
666996	0.002652988666
667033	0.004121185115
667078	0.009168281727
667131	0.004025244899
667176	0.002544516855
667303	0.0005342223181
667333	3.271822987e-05
667374	0.004692128504
667398	0.00509138829
667464	0.007488196787
667738	0.00153398313
667808	0.001632443019
667876	0.003792955371
668210	0.004973246564
668221	0.001709934197
668264	0.0005930904181
668308	0.002690111131
668392	0.00903936524
668436	0.00111851101
668477	0.005032694844
668623	0.0008613825468
668796	2.02752353e-08
668821	0.001784328605
668891	0.002976275608
668909	0.001976730786
668978	0.0008227512711
668983	2.283855877e-08
669002	0.01041661396
669027	0.001091406984
669031	0.003455514402
669081	0.003860788115
669083	0.002710563196
669181	0.005591579769
669259	0.003495122515
669354	0.000128555105
669429	0.0008442090425
669480	0.002467861413
669524	0.001870520676
669569	0.003527460389
669573	0.001367764296
669709	0.003551317911
669880	0.004196894576
669891	0.005200208633
669911	4.274486449e-08
670059	0.01472143433
670284	0.009612099281
670332	0.002429297044
670498	0.003196638167
670546	0.002505012448
670551	0.009818572223
670759	0.001770036011
670983	0.003712364321
671091	0.006653630763
671201	0.005336405519
671289	0.0009891247475
671363	0.002147917636
671390	0.0009329425714
671439	0.002078660913
671521	0.002891645714
671694	0.002893450876
671716	0.004720673828
671805	0.0002784792479
671892	0.001429756168
671912	0.0009442915236
671964	0.00577849875
671989	0.001350034212
671994	0.002099917904
672032	0.00233481384
672159	0.001383020177
672245	0.0005890952549
672317	0.00190521301
672343	0.008494748797
672375	0.0003342975438
672513	0.004980488408
672522	0.003991046761
672571	0.004372653682
672607	0.000660708309
672636	0.00226502788
672690	0.003568865412
672986	0.003947646839
673100	0.002280238469
673185	0.002616957108
673419	0.008617058658
673482	0.004837566168
673590	0.01552532842
673830	0.001719941796
673844	0.006956482016
673904	0.003453283463
674125	0.001399458879
674154	0.00233626473
674256	0.001080157687
674297	0.01059275466
674406	0.004200287415
674717	0.002870149964
674751	0.005733799126
674805	0.00117765802
674894	0.006919163714
675030	0.0121133711
675090	0.01414038922
675224	0.002411437946
675502	0.003133300604
675732	0.004025616351
675789	0.004598688201
675798	0.005746935007
675855	8.699587683e-08
675865	0.002174609572
676045	9.261825513e-08
676149	0.003323559283
676151	0.001434099905
676200	0.00134503294
676207	0.005155959491
676296	0.003168308524
676469	0.0001671352292
676477	0.002931171548
676499	0.002752590421
676598	0.0004549644962
676612	0.002306138083
676738	0.004917196812
676987	0.003763469685
677067	0.003696516887
677182	0.002991227794
677459	0.002438882725
677507	0.000549321548
677514	0.007138315115
677542	0.003866303993
677599	0.0009725626681
677620	0.004387890865
677668	0.0006225038357
677783	0.0003855525782
677796	0.005553952939
677835	0.002176812822
678090	1.692788829e-07
678178	0.000849172193
678297	0.007573021073
678323	0.001795222821
678367	0.001436016858
678400	0.006008181
678489	0.001461949506
678546	0.001508120878
678732	5.859231886e-07
678765	0.004128240784
678787	0.003909626017
678799	0.00349555777
678814	0.003049022112
678820	0.002800181091
678870	0.001665744385
678919	0.006744362286
678977	0.0001652985869
679231	0.000438402988
679458	0.0008858318737
679599	0.002158377236
679773	0.01105273112
679817	2.467192037e-07
679963	2.255390958e-07
680065	0.002184064116
680248	0.004489856617
680266	0.00859581421
680476	0.001948821838
680525	0.0007605640046
680605	0.002339191903
680784	0.003629966974
680901	0.009747827975
680912	0.005267986489
680965	0.004861776676
681351	0.001004047761
681627	0.000837207173
681737	0.002969230912
681847	0.001418252199
681949	0.002579082999
682022	0.008133461378
682070	0.001532230463
682304	2.834916231e-07
682631	0.00214277266
682678	0.001222104201
682723	0.001212055239
682730	0.002201865376
682804	0.00081783998
682820	0.001174493664
682953	0.008849964987
683015	0.004604123057
683064	0.00537690016
683271	0.007080366577
683295	0.004208808495
683382	0.003526965549
683458	0.002013424262
683667	0.007290458029
683689	0.01069067349
683717	0.0008079794481
683728	0.002893738369
683753	0.001565373056
683943	0.002732150049
683988	0.001634389313
684033	0.0008756033172
684046	0.004518265406
684368	0.0001027670077
684393	0.003696456549
684555	0.001157489155
684640	0.004563334966
684711	0.005284911116
684824	0.002183474699
684835	0.01423118171
684842	0.0002749808453
684898	2.190715424e-07
684906	0.002456335895
684986	0.007711507162
685177	0.004351507311
685188	0.004651891517
685399	0.001723149114
685415	0.001936787613
685534	0.004231678719
685733	0.003752318833
685816	0.006224594967
685930	0.002782618498
685988	0.0015631202
686125	0.007379356654
686209	0.005364023773
686244	0.01325469898
686306	0.001783741078
686628	0.0051883783
686720	0.00194378848
686851	0.003557016215
686893	0.004391229328
686910	0.0002850523583
687073	0.006630617667
687125	0.002821892499
687200	0.002227915053
687241	0.001105699491
687333	0.001493494452
687637	0.002858532847
687700	0.001033338154
687854	7.554466145e-08
687899	0.003523917968
687927	0.00308538278
688111	0.0008974063344
688163	0.001739073277
688182	0.0016440374
688230	0.001648748456
688363	0.002185748936
688449	0.00088738943
688492	0.0008946466204
688595	0.002821980543
688644	0.002906256522
688659	0.00104370404
688688	0.008779386673
688788	0.00225045086
688978	0.0005540135915
688991	0.0005721148642
689047	0.005943018442
689163	0.00235590652
689263	0.002229321487
689357	0.01113457969
689383	0.004725263984
689460	0.001390616171
689559	0.006412861811
689579	0.005802709636
689779	0.007201480755
689791	0.003547822315
689883	0.007430437789
689885	0.003725779639
689898	0.003255569056
689964	0.007578492956
690061	0.0002260199124
690206	0.002893961429
690519	0.0002004499514
690634	0.0008852977005
690700	0.0005759445689
690715	0.0004616314259
690973	0.005699844643
691058	0.002527460084
691291	0.004601534581
691328	0.003746280401
691379	0.002192083969
691400	0.00132184677
691541	0.003323427784
691602	0.003804197422
691692	0.002927103835
692012	1.11947002e-07
692016	0.008181981109
692031	0.001102271728
692044	0.0004412569879
692092	0.0004901453148
692252	0.002200579473
692277	0.001386275378
692344	0.0001110388097
692376	0.008182606441
692466	0.002663565902
692493	0.01132027326
692539	0.001888643347
692686	0.003592074287
692794	0.01181187023
692852	0.006248300193
692855	0.002012940175
693217	0.002481969788
693317	5.682282885e-05
693462	0.002656069066
693545	0.002736724982
693570	0.003568808582
693788	0.008188428166
693793	0.004578108347
693921	0.001386610338
693966	0.001578991988
693996	8.293632472e-05
694041	0.004799258114
694044	0.001043797042
694131	0.001943334734
694166	0.01193209174
694203	0.002797826566
694220	0.0001286271178
694315	0.002124224198
694407	5.100611453e-09
694518	0.006059088152
694559	0.002505044047
694579	0.00279029618
694784	0.001182388172
694859	0.000729175794
694913	0.001589208959
694918	0.001647080385
695215	0.002345799281
695225	0.004915279451
695293	0.0008775029762
695345	0.0009243097749
695347	0.004601499627
695512	0.002368468714
695649	0.003986236735
695684	0.001920653981
695894	0.0007617530105
695936	0.005652393985
696045	0.000225177451
696056	0.00802216541
696107	0.007286499909
696281	0.0003452129055
696544	0.001966695475
696633	2.570366472e-07
696677	0.00426956837
696687	0.00707873071
696719	0.00257782279
696860	0.007201738282
696979	0.001323477078
697029	0.002312023342
697142	0.005202288817
697181	0.003229625865
697362	0.004961621429
697562	0.0008936422684
697714	0.005415222532
697761	0.007199694566
697794	0.003614634181
697988	0.00249759857
698001	0.0008905675104
698057	0.003559711488
698128	0.0002645042921
698145	0.004369096544
698189	0.002009767206
698287	0.004631807528
698294	0.004530965472
698509	0.0008474925988
698715	0.003320729313
698821	0.002892884965
698868	0.002871202386
698941	0.003989982379
699124	0.006115004043
699356	0.00240620146
699452	0.002816130543
699482	0.003604538068
699651	0.002884746497
699735	0.00271525897
699757	0.001063263043
699918	0.004647661554
699930	0.005361790048
700014	0.001291631566
700032	0.002146571871
700100	0.0009955104225
700117	0.002571211153
700122	0.002196567414
700182	0.00212475183
700335	0.001760589218
700587	0.008236923532
700620	0.001412950316
700623	0.002409410607
701048	0.007388651742
701126	0.003511311452
701216	0.002835461299
701257	0.003494932266
701340	0.002479196365
701353	0.005270427181
701381	0.01599113744
701521	0.01580451693
701878	8.837325045e-07
701938	0.0135779814
702071	0.001970345598
702088	0.003627168844
702381	0.002808870868
702387	0.00531456091
702421	0.002519589776
702439	0.0001114215687
702542	0.002489524899
702552	0.006637226145
702707	0.002226860373
702923	0.007646777444
703042	0.0006536704818
703435	0.0008044333165
703444	0.001429814482
703511	0.002381658694
703549	0.0005456182239
703587	0.0021479236
703664	0.002569998329
703686	0.01095418737
703798	0.006775971593
703925	0.004919401994
703929	0.008059508943
703978	0.002394905977
704009	0.003281657892
704030	0.01174388046
704040	0.01287157457
704115	0.004343014671
704127	0.002051137301
704131	0.00634387054
704205	0.002419696614
704359	0.01119372453
704438	0.0008123958185
704445	0.005112390527
704463	0.00481033369
704503	0.009846901629
704504	0.007203074018
704533	0.003022850036
704574	0.001719465966
704648	0.009003556853
704667	0.001721218376
704702	0.004183377048
704772	0.006800669302
704978	0.004043979969
705101	0.001188536917
705112	0.001793103823
705113	0.005452327171
705126	0.003313079473
705230	0.006540814662
705255	0.001345739267
705397	0.001454977166
705403	0.003501005744
705406	0.00109352799
705464	0.00616397942
705714	0.0004311977619
705822	0.003360702312
705889	0.001774509708
705981	4.094013268e-05
706058	0.005592337876
706091	0.001546000984
706192	0.003202446812
706256	0.002652634467
706342	0.0001489287054
706379	0.009343664183
706457	8.62813931e-06
706498	0.0008475710231
706518	0.004905127408
706600	0.005431512878
706688	0.005858301212
706965	0.00325854279
707003	0.002132894275
707112	0.001104140123
707120	0.0001308523701
707189	0.003504471471
707274	0.00163895545
707617	0.003690174819
707630	0.0009441767887
707650	0.003065235531
707666	0.006279951815
707921	0.002161386902
707936	0.00514428482
707937	0.00103953075
708061	0.001674581095
708104	0.007320184468
708126	0.0008727681436
708265	0.002264842833
708424	0.005011326659
708494	0.002697150311
708506	0.001526642194
708630	0.002171875267
708780	0.0005313441511
708821	0.001956874965
708861	0.002665906977
708934	0.0009971882071
709149	0.001795199491
709282	0.001455229034
709646	0.00338823494
709666	0.002948890399
709673	0.004367171407
709753	0.002624948409
709778	0.002112800883
709819	0.009573372005
709886	0.003119146153
709901	0.0001157473594
710171	0.002178524257
710190	0.006509271142
710195	0.002505874397
710275	0.005910851484
710292	0.002377650335
710322	0.004546291385
710499	0.0004975692959
710526	5.307246068e-08
710554	0.005355858653
710564	0.005215595305
710705	0.007270258075
710708	0.001431300077
710712	0.0009168170919
710781	0.004043947548
710826	0.001041154546
710910	0.003032095166
710952	0.001478487212
711249	0.004095291063
711255	0.00543688108
711640	0.0001435247786
711660	0.0007951011622
711977	0.004926667728
711991	0.003272785074
712077	0.005322148988
712082	0.003910064973
712182	0.002395882256
712433	0.0003609840622
712541	0.002374768947
712565	0.004473358588
712580	0.003262326123
713018	0.004927392689
713214	0.001864705693
713274	0.002311459457
713360	1.249456439e-07
713515	0.01261095555
713531	0.005817127257
713610	0.001267787387
713681	0.002468038291
713813	0.0006340925502
713853	0.001361264283
714031	0.001882182222
714127	0.00124716715
714248	0.001189489427
714353	0.004944333795
714402	0.002995100887
714538	0.003243535399
714614	0.005699387512
714768	0.0008725770162
714863	0.003622134577
714910	0.01204435022
714911	0.006408735009
715001	0.001435699032
715166	0.002409899897
715305	0.007393463167
715333	0.001664368199
715440	0.002569908441
715590	0.003746394361
715748	0.004891917142
715815	0.002817073084
715865	0.00462354187
715982	0.01007185637
716046	0.001102999656
716336	0.006573176433
716468	0.001504353656
716490	0.003108485012
716611	0.00110701433
716634	0.01294569336
716637	0.0004403183926
716649	0.00159350008
716735	0.007065286589
716736	0.01337378263
716832	0.003132042591
716902	0.004039171484
716906	0.002200612034
717192	0.01164821223
717226	0.005244556175
717302	0.00222365346
717338	0.003308270878
717370	0.002843470361
717384	0.00165453443
717467	9.927460698e-05
717469	0.005124912487
717535	0.006268313338
717878	0.003699538775
718134	0.0008415045189
718156	0.002635266824
718340	0.002454148895
718487	0.001297372288
718522	0.003661629416
718529	0.002041678301
718778	0.001084737014
718823	0.0001995696274
718931	0.001164473943
718939	0.006524573029
718992	0.0008509984829
718995	0.005027739319
718998	0.0009974662641
719141	0.006615645515
719205	0.003292277408
719296	0.01048579909
719434	0.002466164455
719463	0.009829860411
719638	0.00309286703
719817	0.0004792793721
719841	0.0122355927
719874	0.0002740101289
719922	0.003720045172
719990	0.001452817624
720045	0.005919248593
720289	0.0001870998555
720302	0.006616729289
720382	0.002164367189
720428	0.0007428880121
720632	0.005345646146
721021	0.006614961899
721111	0.0004356513855
721115	0.005573704512
721197	0.008113359427
721246	0.001598533972
721287	0.004602732654
721289	0.0009083841375
721341	4.768727301e-08
721477	0.002856321236
721478	0.0006573998838
721532	1.122839263e-07
721592	0.0005287695886
721735	1.418238297e-06
721844	0.003007063739
721962	0.003253968328
722031	0.002098621712
722070	0.002306992881
722125	0.003251510285
722402	0.003154974026
722468	0.003702573218
722519	1.4914711e-06
722677	0.00225255331
722828	0.001769456833
722878	0.007002783998
722996	0.002262501682
723018	0.000309239106
723111	0.0009076664411
723204	0.003685411836
723238	0.004844181709
723243	0.002640247215
723257	0.01073223753
723343	0.004859103344
723481	0.009070616197
723531	0.001634653342
723627	0.002140468677
723640	0.005535013405
723818	0.003713737916
724011	0.007353968656
724198	0.001482933415
724233	0.0006414611743
724376	0
724482	0.002394847726
724501	0.00352156766
724556	0.004893058298
724674	0.0039024265
724681	0.002419624983
724689	0.00130664506
724696	0.001455260835
724714	0.000590568892
724827	0.005480995944
724865	0.004151364783
724869	0.001663511984
724902	0.004198617987
725074	8.532375204e-08
725113	0.001040156686
725125	0.001003227811
725280	0.01556488523
725313	0.001240192842
725403	0.0003117467106
725516	0.001471714327
725569	0.002192079877
726223	4.390469097e-05
726471	0.004231666949
726577	0.002376824018
726586	0.00371416106
726650	0.002424910038
726663	0.0002683277331
726834	0.003400766152
726954	0.004294255695
727066	0.003197220871
727094	0.002257317509
727121	0.005156598221
727136	0.001120965093
727435	0.003965023926
727600	0.002392156076
727637	0.01267699438
727700	0.003289450536
727778	0.002049451684
727925	0.0003482500294
727954	1.674827649e-08
728022	0.002229800504
728338	0.0001603869478
728459	0.002874318275
728530	0.002913429831
728558	0.0006623257197
728817	0.001671943198
728841	0.007476292218
729051	0.002306409817
729251	0.006544100613
729306	0.006123154845
729326	0.001715231922
729454	0.003288006365
729692	0.006942012196
729695	0.01008344677
729745	0.002342363072
730218	0.01076750263
730247	0.0006274067832
730370	0.0005428572028
730541	0.008807241836
730604	0.002677377067
730638	0.002480302795
730802	0.008634696427
730838	0.003130078828
730944	0.0008199508325
731013	0.0005743413434
731056	0.003279534673
731148	0.003643922581
731169	0.0004618589324
731347	0.004429455287
731362	0.002529724014
731522	0.002803335923
731590	0.002385131327
731657	0.003411520558
731797	0.000949255057
731869	0.004871628822
731983	0.006457100118
731994	0.0008441468166
732100	0.0007667212895
732244	0.002755370652
732343	0.002637159837
732349	0.0008161982443
732369	0.01062904129
732445	0.004149284231
732533	0.0001269455603
732555	0.00410836427
732560	0.001293118998
732611	0.002250625092
732730	0.005084913079
732775	0.007775199392
733016	0.002160716968
733195	0.003919448057
733379	0.003163566195
733412	0.001089062611
733515	0.0001130447635
733601	0.0035830509
733668	0.002518378007
733945	0.00875440664
734083	0.002901385198
734263	0.001134101884
734326	0.00438699481
734542	0.0004759061446
734548	0.001546462724
734555	0.006859751452
734687	0.002458383595
734710	0.002585026975
734734	0.01054771117
734769	0.01208870727
734965	0.003244746205
735049	0.006038435053
735068	0.004334097929
735095	0.0018772267
735097	0.002989871331
735105	0.003450197283
735261	0.001279690358
735398	0.0004021704825
735692	0.009113508265
736005	0.003025079018
736061	0.002989240573
736238	0.0009570793787
736355	0.002906288173
736434	0.001808892071
736616	0.000241056149
736620	0.0005657201323
736742	0.002874191303
736785	0.002860451998
736952	0.007330707999
736966	0.001576350242
736972	0.002876236468
737030	8.733401203e-08
737181	0.007318070806
737210	0.007125663435
737453	0.001481764264
737613	0.001078928771
737871	0.003269485857
738033	3.010570252e-08
738208	0.0003434286653
738487	0.0006607694562
738497	0.002375591406
738509	0.002557367615
738639	0.00560906767
738799	0.001671977267
738836	0.001357872199
738962	0.0006256145909
739128	0.00208126346
739220	0.003188486499
739432	0.002962492559
739982	0.001210283579
740017	0.002627003045
740094	0.0002510381969
740135	0.0145261254
740144	0.010947005
740191	0.002092041521
740413	0.00433889037
740416	0.008622533076
740441	0.0009610012621
740486	4.567712171e-09
740555	0.00239382349
740708	0.003193445799
740935	0.002044168552
740951	0.002734958344
741046	0.0001113587226
741103	0.00291828378
741113	0.007518481612
741153	0.009046602839
741260	0.003121498742
741314	0.001670775468
741366	0.00100904335
741456	0.0009425482759
741555	0.006301302716
741561	0.001137066142
741737	0.0004842306102
741771	0.003285630372
741801	1.151416815e-07
742031	0.00213719724
742161	2.061913484e-07
742265	0.008383924648
742306	0.002177897056
742342	0.004419726122
742356	0.001973127396
742430	0.005290987017
742436	0.002782805751
742738	0.007767155513
742787	0.0006085816709
742831	0.002808907205
742887	0.001408821384
742922	0.002269987378
743019	0.001890810595
743075	0.007945285715
743132	3.363365017e-08
743365	2.472545882e-07
743559	0.001612352935
743680	0.002619875553
743792	0.0001325084394
743842	0.002230494424
743947	0.001043010565
744068	0.003510005396
744130	0.001615222329
744174	0.004949871602
744211	0.005789509911
744224	0.002742469191
744234	0.0003609112388
744267	0.002441262788
744269	0.001181910363
744476	0.002469406055
744551	0.001136845884
744583	0.003941736922
744642	0.008424764749
744679	0.01065443685
744769	0.002257285678
744781	0.001706172052
744982	0.005921912547
745073	0.002245611578
745323	0.001610535452
745336	0.00346376647
745494	0.002569083095
745644	0.002023275344
745943	0.0002817821438
745969	0.006638360583
745995	0.001420096061
746599	0.0112174736
746620	0.00182042818
746648	0.002081138253
746720	0.001031832972
746898	4.796097329e-08
746974	0.004771463873
746997	0.003803086245
747022	0.003726806386
747036	0.002485229907
747116	0.004643764591
747181	0.001014136821
747189	0.001258074822
747234	0.001519716266
747800	0.001814194897
747823	0.001575473432
747927	0.0005673374675
748007	0.0008905573823
748030	0.0009099943363
748085	0.00123560564
748227	0.0005250243971
748415	0.003938119425
748624	1.80623999e-07
748672	0.003394936492
749328	1.052857561e-07
749331	0.01527212231
749581	0.002670721844
749627	0.009067316928
749788	0.001949686796
749840	0.00417525824
749873	0.004208550684
750097	0.003913626941
750311	0.01194298381
750444	1.84992326e-07
750547	0.002145382027
750824	0.004662531237
750827	0.00221047775
750995	0.005116398663
751003	0.01073024278
751044	1.248495451e-07
751052	0.01491034018
751058	0.01291433248
751063	0.003732119747
751199	0.002149477592
751248	0.002292826961
751422	0.001206506251
751628	0.001177420882
751639	0.003065171675
751793	0.002544566859
751861	0.00365513775
751879	2.463627827e-08
752018	0.003996790267
752359	0.002468566295
752363	0.005570991103
752430	0.002561393115
752475	1.370313498e-08
752578	0.01016001467
752819	0.007310273156
752841	0.002137101785
752847	0.002371774264
752943	0.002091927134
752994	0.001678084347
753130	0.0003890452501
753240	0.01504646109
753463	0.00265355526
753547	0.001123605156
753634	0.0008799403891
753832	0.005022342036
753918	0.01308165803
753986	5.962198158e-09
754009	0.003666320153
754026	0.001187767859
754094	0.004896091656
754103	0.004084898716
754113	0.003248412739
754235	0.007575834146
754404	0.006080222313
754425	0.0004608071442
754493	0.002130521917
754526	0.003714942024
754670	0.00248182937
754800	3.873159646e-05
754875	0.000169615029
755018	0.002664350567
755026	0.000595654621
755069	0.007146035177
755155	0.002827585792
755439	0.0002707633749
755618	0.001206971973
755623	0.003118863691
755652	0.002382872164
755674	0.00538277821
755681	0.006962002176
755795	0.004045769383
755871	0.002103636604
755940	0.0004541798533
756032	0.01038513883
756064	0.001831622996
756065	0.001416330237
756120	0.0003734775464
756195	0.0008681800226
756673	0.002164672726
756731	0.002442176475
756743	0.003741180871
756852	0.01025677566
756993	0.003490938396
757203	0.001458794961
757282	0.0006148351311
757347	0.004687023559
757351	0.005234970087
757358	0.001289688218
757453	0.0004181154339
757464	0.001306591122
757550	0.00256344203
757588	4.446382632e-05
757731	0.004784365952
757770	0.002633707387
757827	0.00248947354
757909	5.172098977e-05
758007	0.002075310388
758190	0.004860211101
758202	0.002371102473
758621	0.00129965568
758742	0.0002316369918
758813	0.01108703263
758853	0.001814171287
758942	0.009919806556
758951	0.007556176254
759189	0.008605823681
759256	0.001059742396
759425	7.618712704e-07
759643	0.005216106596
759700	0.001595707592
759769	0.002447160797
759947	1.276055513e-07
759950	0.0002920034435
760066	0.004597108724
760091	0.001601419452
760205	0.003651123803
760331	0.001200753408
760390	0.009677592505
760408	7.534820074e-07
760456	0.001703186641
760474	0.007501370226
760566	0.003331676386
760773	0.001289333755
760801	0.002314783556
760856	0.0001292701808
761154	0.001676379639
761221	0.003052112505
761224	6.670085447e-07
761329	0.00296865591
761370	1.417725298e-08
761672	0.0008067745816
761901	0.002732397914
762126	0.003674890632
762169	0.004842709236
762286	0.003199310639
762326	0.001582684512
762388	0.003678778792
762555	0.00271190058
762572	4.706499532e-06
762704	4.554876798e-07
762737	0.003733228371
762914	0.0005463072873
762938	0.002711967022
762940	0.002792482853
763000	0.0004483386483
763035	0.003087146284
763052	7.286678744e-08
763103	0.009810976435
763157	0.005123868429
763216	0.005378953601
763360	0.001724561656
763536	0.008421853122
763574	0.00406298524
763597	0.001418866713
763642	0.002083183231
763667	0.002410537305
763830	0.002322630058
763857	0.003691505326
763899	0.005492962624
763931	0.001380883393
764011	0.0002427477028
764142	0.002262908903
764784	0.004034292309
764786	0.005009487431
764887	0.0006339760273
764952	0.00415244561
765194	0.003370258313
765349	0.003947427477
765359	0.001134447534
765369	0.004914564956
765433	0.0006766283651
765609	0.002325590663
765648	0.008431598103
765654	0.00263723494
765712	0.002387208542
765989	0.002534828425
766078	0.002461095608
766112	0.0009510553098
766206	0.004819083788
766212	0.01502522122
766229	0.00219683366
766246	0.001931406781
766378	0.008397013374
766615	2.121268411e-10
766688	0.002309187606
766714	0.003695763832
766919	0.00170450387
766927	0.01000008696
766944	0.000581071955
767073	0.008453683516
767130	0.008119869611
767203	0.002341150896
767462	0.002833078031
767797	0.002030622245
768082	0.005439461142
768101	0.003369613608
768153	0.01151831815
768272	0.001113775674
768305	0.0036550662
768320	0.0001270013167
768371	0.002649987901
768676	0.01057230183
768859	0.0005194606273
768863	0.004967207056
769143	0.00882225289
769160	0.01024322457
769281	0.01153417162
769291	0.003870401743
769316	0.002823454561
769423	0.01158302779
769776	0.006925289346
769827	6.750097373e-05
769844	0.001626450431
769968	0.002203943384
769974	0.003462542758
770149	0.003843834185
770179	0.0002406395188
770323	0.0002086919961
770328	0.001229237523
770494	0.002558552775
770610	0.003050773676
770708	0.002218457475
770734	2.512241463e-08
770768	0.00553414254
770884	0.004376624995
770938	0.003880649314
770977	0.00132910843
771040	0.000690807939
771044	0.001823584806
771054	0.0002602906191
771092	1.842310415e-08
771206	0.00135747936
771327	0.006190124141
771356	0.002463831295
771537	0.004593535457
771696	0.003771541497
771791	0.01201519159
771970	0.006101361798
772005	0.001773395339
772048	0.01095853493
772326	0.000403031662
772418	0.001363118645
772530	0.006010478748
772569	0.005693041673
772779	0.002627520444
772808	0.005545065356
772897	0.002674373523
772918	0.003586524373
772938	0.002448470653
772940	0.002142091582
773207	0.002374375849
773276	0.005884812094
773384	0.003355162554
773397	0.002373246367
773408	0.003512515952
773435	0.007425532972
773437	0.005463094523
773445	1.151742258e-07
773594	0.00294661485
773696	0.002251229721
773768	0.004107258628
773821	0.005480681856
773857	0.005515327585
774009	0.0005463791626
774182	0.009933705575
774217	0.00992565735
774306	0.0001109679383
774317	0.001255269469
774348	0.002815054918
774411	0.002464257962
774425	0.00137229441
774464	0.0009885808352
774465	0.006015068565
774485	0.004621168141
774509	0.001359355076
774538	0.005227140317
774707	0.002907546303
774854	0.005501941671
774866	0.001870744101
774890	0
774988	0.0005743125595
775059	0.0004750907147
775273	0.003879520031
775381	0.002455603959
775475	0.005159249944
775476	0.004650086444
775564	0.000807261178
775604	0.001453365093
775645	0.006189187947
776223	0.00272372367
776468	0.0001989663412
776539	0.002518130322
776612	0.004536630264
776821	0.0001813098669
776868	0.004613998289
777055	0.001078440295
777061	0.0009299099882
777131	0.00533558363
777340	0.001088621552
777401	0.004235098624
777491	0.003771837949
777498	0.002868314939
777629	0.01050867105
777756	0.002271744369
777798	0.005779522065
777921	0.001210667788
777925	0.002899370595
777932	0.009726965179
778012	0.0004753138268
778030	0.0001654435179
778104	0.005460571736
778279	0.003723528574
778359	0.001449008997
778422	3.882554965e-08
778426	0.002351874861
778438	0.0008727471022
778448	0.004558155483
778486	0.007546918541
778525	0.002378694033
778613	0.0008983443224
778848	1.594097021e-07
778929	0.004128480186
779121	0.004132484456
779242	0.001939060356
779301	0.003161439359
779303	0.008105561144
779479	0.0003481513974
779492	0.001173343922
779498	0.001483989373
779526	0.001035757677
779538	0.007003151888
779542	0.002209480529
779546	0.003553770849
779554	0.005932276175
779569	1.585992696e-07
779595	0.004556891906
779639	0.003329181979
779886	0.0004689192431
779921	0.0011062929
780017	0.0006702263762
780072	0.001925196113
780290	0.0002143990889
780386	0.008434204668
780471	0.0008283976195
780914	0.002592845792
780992	0.001634909902
780999	0.00275178749
781343	0.00253342337
781530	0.003450486541
781563	0.004411439786
781694	7.941284267e-05
781763	0.002590058387
781826	0.003365713518
781880	0.002266269392
781897	0.001808162996
781945	0.0006371560416
781968	0.0005106874812
782021	0.003582773084
782052	0.001361652791
782069	0.002213043576
782172	0.005819450506
782192	0.009710166565
782281	0.002113450226
782303	0.00403101236
782358	0.009191294732
782433	0.006547274413
782476	0.0006048736268
782730	0.009108087456
782823	0.002510171608
782972	0.007901906289
783067	2.765212504e-06
783240	0.004518290567
783268	0.002219549953
783383	0.002620255485
783393	0.002523266891
783628	0.001258261455
783640	0.0003106891334
783766	0.01697966388
783806	0.003533572839
783862	0.005570895456
784091	0.002808872217
784138	0.0005368817699
784201	0.003375895348
784307	0.003181755993
784325	0.0001247810555
784380	0.002604078885
784408	0.00176185974
784415	0.002026997293
784501	0.009624821455
784544	0.0008108735239
784759	0.003103966749
784835	0.003727851192
784877	0.00836812522
785007	0.0004225357267
785026	0.001995568936
785126	0.008026582606
785272	0.00438021797
785360	0.0004433041379
785511	1.297699197e-07
785531	0.01073145202
785642	0.00659022002
785667	0.003493404336
785669	0.00219474142
785699	0.002694069118
785765	0.0005448279602
785784	0.0006642482273
785787	0.001701273429
785831	0.0007352282195
785837	0.001321968453
785889	0.002872482734
785940	0.002657409479
786087	0.00686396435
786243	0.002643966296
786470	0.001845943528
786477	0.004515590458
786491	0.01023479106
786509	0.00315652511
786674	0.001289195504
786914	0.004785031693
786962	0.004249213856
787011	0.004747520071
787138	0.002312317623
787215	4.897664278e-05
787257	0.003781136872
787293	0.008378478975
787387	2.301055558e-07
787426	0.003011737447
787708	2.969012641e-08
787861	7.595119997e-07
787955	0.003692448813
788001	0.005634437389
788185	0.0009029930467
788201	2.063082728e-07
788302	0.000459016304
788324	0.003604828791
788356	0.00196687783
788471	0.00225172987
788530	0.00401646153
788553	0.001689998098
788641	4.224400144e-08
788777	0.01301854201
788811	0.005463188958
788817	0.001857632181
788818	0.001751839859
788886	0.003911728632
789156	0.00186316772
789300	0.003316470436
789309	0.001341210629
789314	2.031544184e-08
789421	0.001472850433
789470	0.001994334466
789472	0.004841779924
789509	0.001857671018
789551	0.001039072708
789564	0.0007222156857
789786	0.001567987074
790020	1.471455717e-07
790075	0.001269773333
790117	0.003682659152
790122	0.0004489854198
790223	0.0039126748
790417	0.009555384331
790485	0.002842031935
790582	0.01344926852
790638	0.002494947247
790696	6.18457825e-08
790803	0.001082325275
790869	0.002035519901
790932	0.01259346412
790975	0.0127407009
791205	0.002729339477
791334	6.09178904e-05
791432	0.001705365214
791454	0.001717308455
791811	0.002154240845
791848	0.004727471121
791864	0.004647795126
791866	0.001957819791
791916	0.001930021749
792016	0.001311308994
792031	0.001203195204
792112	0.005112164977
792351	0.006281967142
792364	0.0005069658831
792383	0.0008898829978
792641	0.003481445497
792866	0.001536621096
792942	0.003267764433
793088	0.003174757299
793191	0.0005968688519
793220	0.001537940806
793258	0.001521900882
793467	0.001530613708
793556	0.004810324758
793946	0.002727738133
793961	0.003583533521
793976	0.002038788225
794132	0.01071600629
794151	0.0008226206747
794164	0.001900395707
794211	0.001044748719
794334	0.002671266226
794336	0.003248596409
794378	3.323359755e-08
794404	0.01115244753
794489	0.001757260367
794535	0.005235986136
794693	1.374301212e-07
794888	0.003471607262
795046	0.006833165078
795113	0.004013076936
795237	0.0008296209443
795419	0.008771011445
795813	0.007744652877
795850	0.001779941723
795940	0.0008459401788
795968	0.001740852629
796054	0.003146154975
796104	0.002933406053
796123	0.003773741327
796204	0.00765866155
796386	0.003617895598
796566	0.002786861741
796579	3.654169406e-08
796585	0.00343637922
796700	0.0003271879001
796866	0.0005469045271
797004	0.006017315119
797119	0.0007039114018
797184	0.004815425406
797187	0.003115236661
797234	0.006371553603
797293	0.002480039977
797352	5.176739991e-08
797377	0.002425995244
797440	0.0009865882466
797580	0.001877918211
797619	0.004303088435
797772	0.01074016239
797793	0.01141225304
797922	0.005796851661
798035	0.006489313884
798052	0.001980477768
798073	0.0009937704105
798199	0.000799137266
798261	0.000193147044
798416	0.0001764746508
798480	0.007475953609
798486	0.0005335906655
798761	0.008772418343
798952	0.001855394117
799076	0.002550693505
799325	0.007733461537
799381	0.001882133406
799423	0.002024515964
799441	0.005036859607
799462	0.003331179621
799476	0.001497354878
799577	0.001138168653
799579	0.009437561221
799646	0.003928273135
799666	0.001658775296
799681	0.002755762742
799832	0.00025988562
799884	0.002373780404
800043	0.002941972926
800049	0.0002780406895
800103	0.005548255832
800163	0.009132919867
800319	0.004998653799
800350	0.002387577988
800408	0.01181408497
800461	0.00261352106
800523	0.01004799378
800529	0.003656928769
800563	0.001417628391
800706	0.001195253094
800742	2.09027189e-08
800900	0.002644037936
801136	0.0004696113074
801268	6.675174933e-08
801341	0.004964235164
801448	0.002045521266
801576	0.006058541933
801650	0.004331402741
801824	0.002901080754
801880	0.001976578169
801900	0.002810703985
802012	0.001063840631
802103	0.007709115652
802217	0.004500035537
802258	1.546587959e-07
802267	0.00167491617
802431	0.001934591461
802688	0.004709642935
802793	0.004401001477
802844	0.002659959063
803086	0.004696784634
803147	0.005262894231
803200	0.004155804826
803363	0.006490153343
803537	0.001454430995
803542	0.003981227738
803582	0.001864451801
803651	0.00238460809
803784	0.002027227896
803871	0.00222053175
803980	0.00515785521
803993	0.002460257667
804109	0.003162329171
804113	0.0004584074385
804252	0.001251641504
804303	0.003421260653
804315	0.002141281685
804694	0.003282593738
804702	0.002385955163
804704	0.001288646814
804733	0.003141354951
804859	0.002723111659
805072	0.002652897505
805114	0.00472418075
805277	0.001243806958
805308	0.002588713753
805327	0.00360136068
805378	0.003799384647
805482	0.0004176799673
805548	0.0006480752856
805770	0.002431060436
805887	0.003835731777
805902	0.002572133588
805905	0.003281326631
805958	0.0005047827044
805970	0.008056051132
806057	0.003464058039
806076	0.00102370375
806190	0.006754052471
806284	0.004939966608
806337	0.002617132551
806360	0.003155571278
806409	0.008312292109
806740	0
806841	0.001364912306
806877	0.003243447552
806883	0.001112913008
806955	0.004726096013
806964	0.0142187906
806988	0.0003220897182
807053	0.004393335323
807156	0.003210154185
807304	0.006498759938
807307	0.0005078246143
807437	0.003912178644
807484	0.005473481306
807631	0.0008370217478
807639	0.01565591871
807694	0.01155919984
807715	0.001387836762
807827	0.0007175361805
807920	0.001417800944
807956	0.0007468271017
807970	0.004444184098
808040	0.001077654873
808065	0.00127811536
808066	0.0004539534338
808239	0.007313858817
808247	0.002584928508
808428	0.0008002519435
808455	0.0006443034374
808551	0.0001814968753
808791	0.001848722602
808818	0.00106135911
809027	0.008933654861
809105	0.008684079042
809214	0.0001057122103
809413	0.00940974459
809516	0.00173171641
809550	0.000855487292
809669	0.006212617673
809712	0.005234647345
809825	0.000193825977
809827	0.01042682459
809838	0.001974882095
809856	0.002224616309
809952	0.001077207937
810047	0.002328690057
810089	0.006416335463
810174	0.01187698795
810216	0.00173838825
810289	0.005479061082
810711	0.00341338256
810813	0.002574726111
810850	0.0009944930892
810921	0.002547261724
811055	0.006661791803
811093	0.00486542801
811208	4.948354377e-08
811256	0.001555522008
811379	0.005978765406
811416	0.001749097885
811431	0.0002663892924
811600	0.002668859554
811700	0.01065400357
811870	0.00889681391
811908	0.0009943137116
811935	0.002545999231
812080	3.824282497e-05
812122	0.00386013153
812168	0.002546224351
812314	0.000762767073
812420	0.01170655038
812489	0.003209597134
812588	1.20633947e-05
812610	0.0009422900417
812624	0.005890491553
812794	0.001822653572
812945	0.002447453293
812954	0.002105519311
813281	0.003335797403
813346	0.007593829753
813368	0.001648033272
813437	0.002958535488
813465	0.005916242067
813481	0.001767821077
813529	0.003674881834
813572	0.006593928905
813656	0.00175103827
813671	0.003066960222
813705	0.002920827695
813801	0.01289425701
813809	0.002757908933
813836	1.067735032e-05
813984	0.001713732349
814043	0.001287749272
814058	0.0001076700802
814148	0.003475571367
814278	0.009035025794
814547	0.01120293092
814587	0.002040943888
814772	0.0071855762
815018	0.003801842444
815046	0.006991488916
815069	0.005405992268
815096	0.007738563878
815136	0.006258021283
815219	0.004935151285
815292	0.002878660305
815380	0.003697159066
815384	0.008975023552
815628	0.0003613426334
815710	0.01022913902
815767	0.001811292307
815769	0.00418093372
815781	0.0001922201401
815788	0.002613312651
816103	0.004446295895
816108	0.004399999588
816220	0.002675441454
816236	0.004249486595
816260	0.002381418526
816292	0.0009910557425
816320	0.003611510483
816367	0.009305061226
816387	0.008205693399
816452	0.01052340262
816565	0.001731035548
816619	0.001748830015
816634	0.002002734501
816695	0.0002076140597
816708	0.005482987064
816733	0.002501639555
816900	0.005607701926
816943	0.002600312843
816983	0.00237378895
816989	0.007219555246
817048	0.0009668078053
817051	0.002303577923
817136	0.005815799333
817184	0.002393577381
817187	0.008378384605
817190	0.008295290578
817338	0.002631549181
817378	5.214210332e-05
817407	0.004558834641
817448	0.001418435279
817519	0.004102339777
817617	0.0007166777135
817636	0.0001180382137
817758	0.0002609257682
817763	0.001212052595
818052	0.003652901124
818573	0.002325681325
818611	0.009518365969
818654	0.005836034251
818696	0.000904700364
818708	0.001914417887
818777	0.001715840195
818805	0.004224300958
818822	0.002426472993
818892	0.005754767231
818903	0.006043324568
818916	0.0006226025773
818936	0.002428740155
818974	0.002889015878
818987	0.000884292112
819163	0.0025010757
819205	0.0002094933789
819356	0.004013513994
819555	0.004397775074
819616	0.001236889289
819727	0.004817175105
819825	0.008445449389
819845	1.906040862e-07
819906	0.004364606746
819943	0.003180789422
820099	0.003936411035
820125	0.001745261217
820268	0.005044926668
820624	0.004047566987
820638	0.001001056113
820688	0.002422839671
820811	0.001927004351
821010	0.001757664412
821063	0.0006995790788
821093	0.002121532097
821151	0.002097509418
821218	0.004014052868
821307	0.004310577966
821540	0.002767063045
821615	0.004460221677
821709	0.002480201621
821777	0.00765222021
821838	0.001285533941
822132	0.007141692435
822148	0.0009167433722
822186	0.002447333325
822202	0.002818620907
822403	0.01116030204
822485	0.00210011308
822489	0.001703950892
822542	0.003236959151
822668	0.0001494122527
822772	0.001863527705
822790	0.002305439099
823007	0.003027746513
823017	0.001567335826
823070	0.001310449202
823262	0.006973654049
823350	0.00822393987
823358	0.002705968939
823359	0.002517563523
823389	0.002757759101
823397	0.003537494109
823520	0.003363037994
823661	0.002339499863
823757	0.001519702404
823792	0.0006520734199
823820	0.0008640166015
823889	0.007584284071
824010	0.0007358168021
824018	0.003317547889
824214	0.00136796035
824399	0.005870593905
824470	9.141586308e-08
824608	0.000137653024
824620	0.0006003588979
824627	0.003851133596
824635	0.01024440099
824728	0.002050747824
824829	1.89682452e-07
825006	0.01263693645
825017	0.0009205362347
825111	0.003728403695
825235	5.95905125e-08
825257	0.003006838037
825290	0.004149404702
825301	0.002906819391
825317	0.002510280337
825418	0.003939083244
825437	0.005335821859
825817	0.005987247426
825875	0.002679946113
825959	0.006271508579
826098	0.001435589087
826111	0.003562329998
826324	0.002672830805
826419	0.01109344802
826427	0.0011818884
826436	0.00202408764
826520	0.00111926692
826563	0.002519845452
826753	0.005431627735
826780	0.0005426486473
826901	0.006837284036
826905	0.004883881804
826987	0.007219088827
827111	0.002405357618
827193	0.0006168908046
827230	0.001147279209
827454	0.002197975337
827573	0.01134268749
827679	0.007924100727
827682	0.007818180052
827788	0.005488218148
827793	0.0005959690378
827815	0.001567927311
827832	0.007627625863
827873	0.004107474428
827879	0.007956281842
827900	1.177875402e-06
827971	0.004609606882
828134	0.004867423362
828155	0.00231158051
828592	0.002373131962
828623	0.001558594788
828731	0.002886479951
828866	0.002743401723
828936	0.00330630455
829011	0.003295832261
829338	0.001815693598
829432	0.01015473741
829494	0.0009594703606
829640	0.002457719241
829680	0.005699209728
829777	0.005145438051
829944	0.0001552674364
829949	0.002872136251
830010	0.002982001291
830028	0.00183758578
830154	0.001117128558
830272	0.002125936611
830337	0.00578522821
830514	0.00100009683
830538	0.003047665244
830561	0.001490883681
830597	0.002430899841
830645	0.0003557300402
830668	0.003037757404
830815	0.009134998077
830957	0.003264138056
831043	0.008082234245
831095	0.00193026461
831103	0.004884220574
831216	1.127310567e-07
831340	0.002587842539
831379	0.00218082426
832100	0.001088124525
832123	0.005505378898
832458	0.002574712267
832512	0.002670682724
832539	0.008415661637
832581	0.003245547162
832651	0.001681121078
832658	6.855851954e-08
832689	0.001391066712
832782	0.002033146778
832899	0.002851787778
833050	0.001599022326
833110	0.009653562479
833236	0.001724404698
833258	0.0005998011026
833391	7.64758828e-06
833482	0.004716215865
833497	0.007923165548
833532	0.001452850805
833591	0.001680664076
833631	0.004160925068
833686	0.001120051681
833834	0.0003645499221
833894	0.004704021312
833946	2.737199622e-08
834025	0.0007636792712
834144	0.002909803596
834216	4.236012671e-07
834226	0.0002781069053
834378	0.003115404257
834492	0.003403849125
834561	0.007055565932
834650	0.002217915181
834732	0.005078240146
834736	0.002769271624
834906	0.0002675223514
835035	0.001952904404
835197	7.035149631e-05
835432	0.005276840751
835528	0.0004732876064
835655	0.003635759918
835768	0.003716955359
835819	1.276536719e-07
835825	0.002877402391
835897	0.002438419833
836064	0.003190194455
836123	0.002005539794
836156	2.928423767e-07
836283	0.002554685578
836525	0.001214170193
836555	0.002488604082
836671	0.00097677053
836723	0.003113422269
836852	0.002661746407
836996	0.001801675178
837015	0.00596126068
837085	0.002152468845
837202	3.868244411e-05
837372	0.002458002791
837422	0.003380557115
837516	9.934286119e-07
837547	0.005837286175
837848	0.001665443267
837867	0.0009576559798
837884	0.003838158092
838082	0.007037134748
838192	0.004385992787
838202	0.0005908538168
838227	0.007556483633
838270	0.00353569991
838383	0.00660640333
838395	0.001247849904
838424	0.007375657026
838514	0.0007946358296
838781	0.003326621739
838841	0.0004509647579
838850	0.008863019019
838893	0.00444733934
839238	0.002465972462
839386	0.001856303731
839393	0.0002946895432
839456	0.001870925336
839667	0.001368337192
839711	0.0007592910646
839734	0.001723964751
839838	9.835805991e-08
839889	0.002853028339
839905	0.003490338145
839963	0.001489607307
839998	0.0001873843749
840126	0.003471712514
840182	0.007421515829
840321	0.0002720026684
840323	0.002506240293
840351	0.003672778793
840482	0.0002681998779
840526	0.003013550382
840586	0.002387462671
840646	6.699310585e-09
840657	0.002229799617
840671	1.773610246e-07
840678	0.006461241113
840786	0.001125201683
840998	0.002776642303
841003	0.008424636969
841031	0.001875156938
841040	0.0001994526945
841089	0.006591145067
841201	0.0007577151183
841454	0.002124122737
841507	0.001569148618
841665	0.008502463684
841831	0.005459765881
841841	0.001825885236
841992	0.003258981481
842041	0.005915494699
842053	0.0001774415553
842227	0.004548528032
842403	0.005731953873
842409	5.380288908e-09
842533	0.0005140213295
842641	0.01761057279
842800	0.002899995127
842863	0.003015460917
842949	0.006327543589
843169	0.008912228721
843225	0.0002883132796
843341	4.567711789e-08
843406	0.005585750652
843459	0.003029265876
843700	0.002123365428
843840	0.001292352115
843847	0.00278432945
843860	0.004427497662
843919	0.0001870636908
843975	0.002910267381
844112	0.01352583502
844179	0.003128495185
844238	7.308338816e-08
844373	0.003211095328
844423	0.0002918108079
844502	0.002950718023
844688	0.001755764265
844973	0.002311113301
845166	0.004227756422
845284	0.009625073332
845305	0.001857724555
845545	0.001340170931
845706	0.0005475630543
845883	0.001193591455
846063	0.001180303321
846121	0.0003209467253
846276	0.0006931691736
846335	0.002895481624
846379	0.005523891705
846625	0.003889821905
846654	0.006911263816
846825	0.004878717355
846906	0.01049640541
847004	0.0004371489674
847187	0.007641424419
847343	0.0008067847374
847404	0.0004682762418
847518	0.003839975239
847663	0.003277124805
847665	0.0001342666575
847668	0.001089527486
847744	0.003326437494
847863	0.0004056181297
848037	0.003906595898
848052	0.009757570994
848208	0.005611574846
848239	0.009111261447
848251	0.0004440812013
848285	0.0001255042846
848340	0.006716394747
848379	0.002420603683
848555	0.006745612359
848611	0.003260883418
848632	1.879963112e-07
848634	6.562279226e-08
848714	0.003628201744
848718	0.00266674621
848765	0.004098912748
848816	9.456291865e-07
848849	8.450266759e-08
849010	0.001559883764
849018	0.002491971064
849091	0.005148419305
849193	0.008307579844
849207	0.002189187729
849268	0.001906555868
849300	0.00624749206
849495	0.00339529622
849503	0.004885339166
849520	0.0004997106769
849720	0.002973651143
850146	0.002683133961
850172	0.005099997022
850228	0.003265093495
850476	0.00566172631
850489	0.0004765858131
850515	0.002837416631
850773	0.003345396059
850833	0.002723078692
850908	0.001438820221
851012	0.001375949475
851058	4.187069116e-08
851158	0.002357602489
851207	0.001388420984
851249	0.0008486792659
851263	0.001069509836
851555	0.00473200754
851662	0.0008312738028
851769	0.001843258835
851961	0.001899710776
851981	0.006259820753
851994	0.0008982789137
851996	0.002595349141
852093	0.0008399655125
852171	0.01152330277
852317	0.003203217735
852479	0.0005736534669
852627	5.633126402e-07
852721	0.002731393101
852738	0.003360331141
852767	0.001763846555
853073	0.00366113375
853090	0.001870314821
853177	0.005643023841
853207	0.003119584723
853268	0.005495232667
853338	0.000379273752
853390	5.370323937e-08
853499	0.001503088967
853535	0.002528394497
853556	0.001276874754
853576	5.662769006e-07
853688	1.738790081e-07
853771	0.006065945071
853794	0.001230568838
853918	0.002118463007
853942	5.026472635e-07
854059	0.0114856851
854306	0.008499925935
854355	0.0004988861765
854452	0.005622173545
854536	0.003217750598
854802	0.0009689448649
854803	0.005003459589
854818	0.005032332871
854900	0.0006605991835
854977	0.002482402568
854987	0.007164662861
855000	2.154543867e-07
855048	0.001825816942
855052	0.002685837536
855191	0.002154854713
855358	0.005981861629
855432	0.0006863142329
855435	0.002394492852
855562	0.002049710474
855603	0.002066390531
855674	0.000488214793
855876	0.001765621465
856091	0.009555119649
856183	0.01495771079
856223	2.404145509e-08
856278	0.003397054451
856395	0.01234648594
856445	1.105386247e-07
856561	0.000842242448
856583	0.002203131999
856691	0.0136878599
856720	0.009270619411
856745	0.002395344292
856761	0.00141394283
856899	0.001402041519
856945	0.002141368975
857142	0.002767943716
857191	0.005573863027
857210	0.002545644087
857241	3.437340608e-08
857245	0.00740743936
857318	0.004350066795
857485	0.004106793267
857502	0.0001506432593
857526	0.003279851663
857577	0.0004603438463
857595	0.002743434896
857689	0.004086774989
857705	0.001371461546
857735	0.003746930625
857756	0.002348800628
857786	0.0002010761664
857868	0.005286156388
857910	0.00234328248
857914	0.00606104508
858243	0.001353605848
858290	0.0004142867225
858349	0.002207483883
858362	0.002026607039
858383	4.348672102e-05
858465	2.115237881e-05
858552	3.173258811e-05
858640	6.387545968e-09
858689	0.0031893527
858810	0.001686037438
858845	0.00126822744
858969	0.001223194602
859018	0.009664162922
859034	0.002310761274
859076	0.004341748359
859223	0.003566005316
859246	0.00812322305
859280	0.003662792942
859660	0.002246384716
859781	2.641983679e-08
859804	1.063975211e-06
859813	0.004310449522
859871	0.01046920693
859901	0.0005928538981
859962	0.009757226428
860145	0.0001937237667
860169	1.061572983e-06
860241	0.0003783814267
860245	0.0001192977717
860313	0.002616428981
860606	0.00689581664
860621	4.347656456e-08
860778	0.006094362851
860815	0.001706056978
860903	0.0004424670447
860920	0.002317471948
860941	0.0001664610502
861234	0.002297644975
861328	0.001147342971
861384	0.0005408969819
861423	0.0003011535367
861449	0.001700816989
861569	0.004178413309
861599	0.0008952073403
861604	0.005777900188
861700	0.00447428951
861972	1.158592979e-06
862044	0.002444649323
862098	0.002998162856
862444	0.002559753984
862491	0.009827770278
862650	0.001170792404
862656	2.029638425e-07
862794	0.009395228482
862795	0.004647843267
862880	0.0007064233316
862988	0.002674496529
863000	0.008204805068
863016	0.007869970305
863038	0.01275412673
863050	0.001535881862
863288	0.004546258801
863366	0.0003038697506
863418	0.004000769581
863647	0.004948061064
863684	0.008885920689
863757	2.543255156e-07
863844	0.00359877011
863950	0.0182584018
863954	0.006693910503
864054	0.004382591802
864468	0.002047898118
864617	0.002459488959
864721	0.001886957242
864951	0.002365043085
865021	8.772678551e-08
865082	0.0003035882512
865090	0.009070064718
865187	0.004685975351
865301	0.00151001388
865343	0.003395266366
865357	0.001588712134
865418	0.008855532521
865444	0.0008868742417
865615	0.005944562109
865631	0.001028936683
865700	0.00277822444
865853	0.002255419428
865937	0.001354651367
865943	0.002171031076
865952	0.00334556528
866051	0.00591513406
866123	0.0007211252354
866144	0.009650165722
866295	0.002432776927
866313	0.004430333679
866468	5.435862016e-07
866604	0.006124278934
866637	0.001521130202
866657	0.004644652583
866671	0.002166399863
866764	0.002437945606
866862	0.007293677791
867237	0.003245997252
867303	0.001189441212
867320	0.004945990508
867627	0.001431922043
867660	5.890173103e-08
867788	0.00441110693
867944	0.001113616047
868094	0.000158042841
868220	0.006042752342
868243	0.002321722084
868244	0.0001704686137
868280	0.002751616052
868331	0.002154667557
868452	9.668323265e-08
868458	0.002682116403
868518	0.004596662536
868584	0.004592552009
868604	0.002241633601
868668	0.008257990789
868697	2.542692875e-08
868823	0.00342954815
868957	0.001253421107
869085	0.003728684596
869140	0.00605644419
869182	0.002552469809
869342	0.002503560441
869445	0.002742898729
869511	0.0002026645842
869550	0.002757484683
869601	0.002936000372
869608	0.004439857672
869613	0.005723392384
869648	0.002360067461
869787	0.0003820518924
869860	0.001552891179
869902	0.004274709383
870054	0.005991021388
870152	0.0005379995209
870331	0.001878309877
870402	0.002348339351
870525	0.00101465818
870563	0.004156133343
870600	0.0005403054686
870895	0.003648915579
870906	0.003519599564
870990	1.415990643e-07
871015	0.003599131009
871085	0.001298588204
871176	0.0004326370031
871220	0.001808575903
871352	0.002664772473
871387	0.008201608842
871584	0.002854985661
871758	0.002082039736
871782	0.004424688111
871988	2.963180653e-08
871995	0.003046902713
872201	0.002152526528
872270	0.00381274898
872339	9.404706035e-05
872528	0.002983460828
872610	0.0008289845302
872647	0.002538518738
872749	2.981352287e-08
872833	0.01030141475
872872	0.002262949163
873170	0.0004297537326
873174	0.007412974805
873209	9.80202772e-07
873217	0.003285097
873228	1.370313531e-08
873284	0.001428225601
873324	0.0006868744027
873387	0.0006283399518
873605	0.008116826984
873624	0.003817522703
873782	0.002722390004
873867	0.001723463039
874022	0.0004344705022
874112	0.001160454362
874302	0.01329004534
874360	0.002354735947
874476	1.826794052e-07
874485	1.653836076e-08
874562	4.382749001e-06
874660	0.003632306731
874912	0.002852958142
875330	0.006272712427
875385	5.252868499e-08
875468	0.0007937516774
875501	0.0004272150155
875546	7.8158911e-07
875625	0.003136911094
875677	0.007192871938