node_id	error
0	0.0006984655081
1	9.418806404e-05
2	5.58255552e-05
3	0.0003972310405
4	9.666695415e-05
5	0.0003500092908
6	0.0006442022599
7	0.002987288019
8	0.003058563774
9	0.001979104442
10	0.0006468963395
11	4.424109777e-05
12	0.0005349763202
13	9.569368746e-05
14	4.083445687e-05
15	7.695965405e-05
16	0.0001052061258
17	4.149327046e-05
18	6.333654192e-05
19	8.112232379e-05
20	0.000199210949
21	0.0003356270619
22	0.002134187545
23	0.0002512526824
24	0.0045807646
25	0.005229668658
26	0.0001077847451
27	0.001168322957
28	0.0005499384484
29	0.0001763408722
30	0.0002470173525
31	1.071975407e-05
32	0.005725349913
33	0.0005010598255
34	0.0001467473903
35	0.003732916447
36	0.0007445775822
37	0.001340891643
38	0.0004029025387
39	0.0002324471119
40	3.433242503e-06
41	0.0001129251781
42	7.497442298e-05
43	0.0007718268473
44	0.0002527719068
45	0.0001771316757
46	0.0001021342294
47	0.0001132192549
48	0.003196932504
49	0.0004682043873
50	0.003704698585
51	0.002827516317
52	0.0001970702614
53	0.003782828801
54	0.0002596790447
55	0.00128608292
56	0.0007425136118
57	0.0008012613342
58	0.0002829562831
59	0.0002098489288
60	0.0004623981602
61	0.0002344850545
62	9.577708199e-06
63	0.0001073709141
64	0.0004887014219
65	0.0004904098368
66	0.00010452027
67	2.796196832e-05
68	2.452533059e-05
69	0.0002696896303
70	0.0004665308444
71	0.003226968948
72	0.0002272092019
73	0.000581694729
74	9.495665728e-05
75	0.002891754617
76	3.430623967e-05
77	0.0006123332589
78	0.0002126430528
79	9.679815344e-05
80	0.0001931960838
81	0.001176647054
82	0.0008468233727
83	0.0001772572726
84	0.0002144875695
85	0.0006720052653
86	0.0003727638841
87	0.0002773211663
88	0.0003326814115
89	0.001107086663
90	0.0007344208828
91	0.0002653658158
92	0.0004665162785
93	0.0006116447955
94	0.0005724211869
95	0.0002566268134
96	0.0001592366479
97	4.139369443e-06
98	0.0001573620344
99	0.0005068476966
100	0.0001553628034
101	0.0005587417129
102	0.000482178953
103	0.0003377740486
104	0.0004161775079
105	9.886987697e-05
106	0.0002328287524
107	0.0007546839814
108	0.0001276413089
109	0.001665679525
110	0.0006851163588
111	2.04106363e-05
112	0.0001104804403
113	0.0008356829899
114	0.0001855376628
115	0.0004366656093
116	0.0008177320596
117	0.000771010586
118	6.395207693e-05
119	0.0001944380273
120	0.0002864508024
121	0.0001670331462
122	0.0006102156995
123	0.001072202296
124	0.0002639549924
125	0.003057122383
126	1.086560889e-05
127	0.0006463773963
128	0.001272625037
129	0.001892064744
130	0.00329371114
131	0.0002466374952
132	0.003990726987
133	0.006350501296
134	0.005689898169
135	0.004028541971
136	0.0003464794614
137	0.002467130446
138	0.003867607449
139	0.0005669778051
140	9.371425882e-05
141	0.002300916801
142	3.368143108e-05
143	0.001112723744
144	5.274341034e-06
145	0.0006886983853
146	0.000275282395
147	0.0001577970936
148	0.0002857633554
149	0.0007613038847
150	0.001509513919
151	0.0007996729216
152	0.00231572303
153	0.00112007684
154	0.0001557003198
155	0.0001735383114
156	0.000131617644
157	0.0002793205643
158	0.0002487198403
159	0.0001450941641
160	0.002071196835
161	0.000277547868
162	0.001084798672
163	0.0002017827311
164	0.0005207819306
165	0.001380027482
166	1.88438434e-05
167	5.477602537e-05
168	0.0002702917921
169	0.002982284385
170	0.0002385948091
171	0.0007140425246
172	0.0003333081276
173	0.003044320716
174	0.0007993483636
175	0.001384676106
176	7.392033038e-06
177	0.0004434579467
178	0.0032363073
179	0.0003331987159
180	0.0009229880968
181	0.0002420680304
182	0.004454236622
183	0.002452290717
184	0.0004178972865
185	1.730782316e-05
186	1.89465606e-05
187	4.704813809e-06
188	6.539509504e-06
189	0.0001885181856
190	0.00261517175
191	0.000348324781
192	0.0001746249292
193	0.003474956771
194	0.00215860665
195	2.722441721e-05
196	0.002155218889
197	0.001099661724
198	0.0022721997
199	0.002574505722
200	0.0003661825547
201	0.0008351843371
202	0.001615387133
203	0.002362705327
204	0.0007153463655
205	0.001455599614
206	0.003307204297
207	3.290928158e-05
208	0.001093450042
209	0.000494773819
210	0.002342693627
211	0.002174668179
212	0.0005561207865
213	0.0002274625287
214	0.0004114739702
215	0.000919153328
216	0.0001281141822
217	0.001202237336
218	0.0009977057074
219	0.0001491899876
220	1.964073587e-05
221	0.001084821143
222	3.624433099e-06
223	0.0003689800869
224	0.0008185812681
225	0.003251804917
226	0.0005363410921
227	0.001074140773
228	0.0005269102911
229	0.0003000199865
230	0.000184161948
231	0.0003484673496
232	0.002773812513
233	0.0004564133815
234	0.0001505083934
235	3.330967676e-05
236	0.0002818345472
237	0.0004432518824
238	1.800960163e-06
239	5.449591586e-07
240	0.007482077216
241	0.0006932770824
242	1.634877384e-06
243	1.634877384e-06
244	0.002039549409
245	0.002462602941
246	0.001731998347
247	0.0001355996673
248	0.0001624584993
249	0.001640337913
250	0.0003878083686
251	5.722070841e-06
252	3.905540422e-06
253	0.0006515652036
254	0.001716569807
255	0.001143439588
256	1.065225308e-05
257	0.002880669163
258	0.005974530771
259	0.001371078774
260	4.917744527e-05
261	0.0009812018456
262	0.0009115830858
263	3.21416648e-05
264	0.0005264379475
265	0.0004880149239
266	0.0001984747183
267	0.002996500778
268	9.318798129e-05
269	7.241060445e-05
270	0.0009106372865
271	0.00207133959
272	0.00353712092
273	0.0003283613248
274	0.0004647802591
275	0.001231723765
276	0.0004166546741
277	2.523040255e-06
278	8.307552217e-05
279	0.003235578901
280	0.0001672837747
281	0.0002450909457
282	2.449380827e-05
283	0.0001502603249
284	0.0001921915959
285	0.0004335704304
286	7.430932567e-06
287	2.939374307e-05
288	2.313071984e-05
289	0.001470573037
290	0.0007974251567
291	0.003118277939
292	0.002872790427
293	0.0001629077966
294	0.0002229283084
295	0.002879361487
296	0.004830162716
297	0.002901956561
298	0.0009260599136
299	5.799075012e-05
300	0.0003173781112
301	0.0008907953951
302	0.0005865073065
303	0.003480047953
304	8.514095847e-05
305	0.0001964649049
306	0.0003515949361
307	0.0001879038685
308	6.179484468e-05
309	0.0001916473977
310	0.0003145757289
311	0.0001059720797
312	0.000175406051
313	0.00281192038
314	0.002820174745
315	2.91097944e-05
316	0.001393913374
317	3.005184175e-05
318	0.001636563704
319	0.0004543660372
320	0.0001252336592
321	0.002676276258
322	0.0009400866143
323	0.0002982596429
324	0.000148500072
325	0.0001909983357
326	0.001019916635
327	0.0004166019319
328	0.0004173293778
329	0.0001221576562
330	0.002464535789
331	0.0009348204141
332	0.0001262689035
333	0.003624803925
334	5.307111206e-05
335	0.0006239351096
336	0.0003435383857
337	0.001908580806
338	0.002585284759
339	0.0005269668231
340	0.002527885406
341	0.002461145561
342	0.0004799124512
343	0.0007394439518
344	0.00168815754
345	3.334229315e-05
346	0.0004343030705
347	0.0004023153149
348	0.0002776761708
349	8.33657805e-05
350	0.0001737700172
351	6.537358248e-05
352	0.0002319809915
353	0.00595242929
354	0.001165765007
355	6.846323769e-05
356	0.0004780297716
357	0.0004308925275
358	3.062891744e-05
359	0.0002492019616
360	0.000777208786
361	0.007761552611
362	0.0003571209904
363	6.374564965e-05
364	0.0007695551127
365	0.005230240284
366	0.001922615046
367	0.006690948715
368	0.0003459284871
369	0.0001196382554
370	0.0001022966802
371	6.406608928e-06
372	0
373	0.0001887520557
374	0.001490426791
375	0.000361175848
376	0.0004170525932
377	0.0005653594764
378	0.0005986457551
379	0.001297598537
380	0.0002763046186
381	0.001007298954
382	0.0003434532477
383	0.0002831739709
384	0.003566884131
385	0.002440138929
386	0.001731085709
387	7.199747182e-05
388	0.0003276590487
389	0.001024684332
390	0.0007497162327
391	0.0003224690734
392	2.865807425e-05
393	2.739256891e-05
394	0.0008743801164
395	0.001819425335
396	0.002432823214
397	0.003469590376
398	0.0003969721839
399	0.0005186351188
400	0.001077233546
401	0.003691869248
402	0.001496291613
403	3.197092818e-05
404	1.850883693e-05
405	0.0004193780554
406	0.0006859037246
407	4.905054569e-05
408	0.00161938848
409	0.0001046357052
410	0.001553225812
411	0.0020979043
412	0.006169889992
413	0.000586563443
414	0.0004833718772
415	0.0002358415543
416	0.004426546514
417	0.0008106465564
418	1.590358411e-05
419	3.05566343e-06
420	0.0001288675487
421	0.0001108070129
422	6.679835273e-05
423	0.001341112731
424	0.005003604812
425	0.005770123982
426	0.005564007946
427	0.004271957019
428	0.001293449159
429	6.856979072e-05
430	1.253405994e-05
431	1.253405994e-05
432	0.0004655812156
433	0.001615155628
434	0.002145258231
435	0.0008748335556
436	0.001103505558
437	0.001062563813
438	0.0003775618126
439	0.0003414989458
440	0.002836818348
441	0.005499283615
442	0.0002469876943
443	0.003105838638
444	0.0002037645319
445	0.002491470957
446	0.003781140836
447	1.276242377e-05
448	1.362397838e-06
449	0.0001826783259
450	0.0008922922186
451	0.0003706040059
452	0.0001526239656
453	0.0003041745887
454	0.001143283628
455	0.001884275667
456	0.002038401758
457	0.0005224607215
458	0.00182331628
459	0.000644416366
460	0.0007724138012
461	4.628142686e-05
462	0.0001535623976
463	0.0002008427078
464	9.581755328e-05
465	7.545313917e-05
466	1.993064221e-05
467	0.002637161535
468	0.0001409791214
469	0.0003422445439
470	0.000218424802
471	0.0001479873362
472	0.0003400594705
473	0.0001352666719
474	0.0003770128185
475	0.0009188920994
476	0.001885408645
477	0.0003466024487
478	0.003354807545
479	0.001723368128
480	0.001682564039
481	0.000642483568
482	0.003093213696
483	0.0008120005579
484	0.0023561079
485	0.005251627804
486	0.0003859073251
487	0.0001247529323
488	0.0004437239699
489	0.005237987587
490	0.002138497711
491	0.002085678146
492	0.0005540730723
493	0.0003716983057
494	0.0009745653652
495	0.003415961609
496	0.0002628369019
497	0.001675920887
498	3.253541354e-05
499	0.0005096560342
500	0.0005181328739
501	0.0004132719085
502	0.001575012912
503	8.327201102e-05
504	0.004213300309
505	0.000159731161
506	3.929272797e-05
507	0.0001812156134
508	6.533565932e-06
509	3.609303707e-05
510	0.001125927291
511	1.102612771e-05
512	0.003918099382
513	0.003398592935
514	0.00103233267
515	0.0002112607821
516	0.002101384825
517	0.001661898024
518	0.001640615536
519	6.076347841e-05
520	0.0002202709552
521	0.0009302297543
522	0.003678343054
523	3.067155296e-05
524	0.002557959213
525	0.0008146406414
526	0.0002662543464
527	9.33059068e-05
528	0.0003200597665
529	0.001530394563
530	0.0001162521853
531	0.00224132592
532	0.0007572295949
533	0.002105835953
534	0.0002620264219
535	0.0005447922786
536	0.0003880573499
537	0.00241808129
538	0.000118152218
539	9.023791813e-05
540	0.003880317936
541	0.00184181989
542	0.0004420097476
543	0.0001151714984
544	1.42129609e-05
545	0.0027443363
546	7.984973203e-05
547	0.0008367684655
548	0.00126944559
549	0.003024759236
550	0.0001860941317
551	0.001424423166
552	6.634630627e-06
553	0.0005753262832
554	0.0002097404036
555	0.0003315082239
556	0.0008991367326
557	0.001228503211
558	0.001094368132
559	0.001844552061
560	0.0009252238551
561	0.003056863245
562	0.005260504337
563	0.0004325223599
564	0.002559900778
565	3.462167317e-05
566	0.002101704082
567	3.427496577e-05
568	0.002257246603
569	9.574014908e-05
570	8.106567522e-06
571	0.000959491536
572	0.002090471256
573	0.003709783665
574	0.005883215301
575	0.00200060676
576	0.0002566585068
577	0.0006613127307
578	0.0005804857748
579	0.000144376987
580	0.001508169703
581	0.0005703375847
582	0.002218215303
583	7.158080045e-05
584	0.006135472849
585	0.0001692380005
586	0.003394135445
587	0.003824040352
588	0.0003621835793
589	1.776001057e-05
590	0.0007464202558
591	0.001269261886
592	0.0003306960729
593	0.0007579835859
594	0.0003469346448
595	9.944625069e-06
596	0.003222823192
597	0.0007338058853
598	7.535349889e-05
599	0.0002808761105
600	0.001334813759
601	0.002363115337
602	0.003141086828
603	0.0001517688501
604	2.179836515e-06
605	2.179836515e-06
606	0.002344271364
607	0.000390347404
608	0.0007386429858
609	0.0009443009229
610	0.001351259927
611	0.0002610776624
612	0.0005127613766
613	0.004096530617
614	0.0001087511585
615	0.0001680964889
616	0.0008068860423
617	0.0003044603601
618	0.001090151907
619	0.0001017641474
620	0.0006488626007
621	0.001744687009
622	8.201125959e-05
623	0.002493576582
624	0.002299781178
625	0.0001434576084
626	0.006769588925
627	0.004230626685
628	0.001720655408
629	0.0004448471846
630	0.0004401797426
631	0.0004004281422
632	0.001359894575
633	0.002230984937
634	0.0004482834104
635	0.001066469987
636	0.000916405643
637	0.0003592083104
638	0.004456023575
639	0.0001035263454
640	0.000177536905
641	0.0006145699285
642	0.0005337064586
643	0.004963054071
644	9.520440909e-05
645	0.003207439003
646	0.0003766910468
647	0.0002176913912
648	0.005099356886
649	2.740075528e-05
650	0.0001236509389
651	5.804545929e-05
652	0.0001627541935
653	0.0002506571931
654	0.001224929458
655	0.001255851633
656	0.0003773912806
657	0.0006296475874
658	0.001011734375
659	0.0001780785179
660	0.001823117394
661	0.0007672353451
662	0.00104075204
663	0.0004400088491
664	0.003473972344
665	0.004011318598
666	0.0004890537365
667	0.000448025811
668	0.002527868217
669	0.002738472457
670	7.802311945e-05
671	5.218685806e-05
672	0.001770916038
673	0.005304201721
674	7.122757968e-05
675	0.0001611681686
676	0.0001885273466
677	0.001027419857
678	0.003275184193
679	0.0001880737034
680	0.003043071288
681	0.0002571760316
682	0.0005250042458
683	0.0009866575541
684	0.0001552199314
685	0.0001962774136
686	0.0004003993786
687	0.002757297741
688	0.0002069408804
689	0.00169516867
690	0.0003057398034
691	0.0009498081082
692	2.068461855e-06
693	3.478806778e-07
694	0.0003179311592
695	0.001223138702
696	0.003595597333
697	0.0001281979638
698	0.003518220807
699	4.204824439e-05
700	0.0004370807205
701	0.005114063239
702	0.0006479019213
703	0.005129800359
704	0.0005894008298
705	0.003843210011
706	6.036421266e-05
707	0.0004849377944
708	9.212249357e-05
709	0.0003596877652
710	6.237836908e-05
711	4.202950661e-05
712	0.0002237531379
713	0.000215005468
714	2.189756357e-05
715	2.479564034e-05
716	0.0008486450044
717	0.002486656206
718	0.0001142691902
719	3.951057255e-05
720	0.003581933663
721	0.001587804159
722	0.003452006248
723	0.003157702208
724	0.0001971513631
725	0.0002759804312
726	0.0002769835854
727	0.0002767134634
728	0.001007917855
729	0.0002136622297
730	0.001785154399
731	0.002580654905
732	0.003564443371
733	1.198910081e-05
734	9.264305175e-06
735	0.003796981789
736	0.0003463290727
737	0.0004013404155
738	0.0003113705335
739	0.001201634507
740	0.001451295605
741	8.103453953e-05
742	0.003778895787
743	0.0003962706682
744	0.0003406658004
745	4.57852165e-06
746	1.226158042e-05
747	0.001196228985
748	6.423268507e-05
749	0.004258419835
750	0.0002075992379
751	0.003123335318
752	0.001859920524
753	0.00117368833
754	0.0005073202052
755	0.001312442867
756	0.002233736049
757	0.0006735712495
758	0.002886425302
759	0.005818904745
760	0.0003134273184
761	0.001965247367
762	0.00333458958
763	0.0009375087062
764	0.0004741492002
765	0.003823089482
766	0.00381468193
767	0.0003774552341
768	0.0004880862091
769	0.0002123031692
770	0.0002487722545
771	0.004736573733
772	0.002741118987
773	0.003173733126
774	0.003875480669
775	0.004177065688
776	0.001361384491
777	0.0001062226043
778	0.001205969008
779	0.0009914349459
780	0.001596901536
781	0.0002241562157
782	0.0001811760913
783	0.001121539383
784	0.0002150317498
785	0.0002895931519
786	0.001848803063
787	0.0002299348151
788	0.0003573982711
789	9.110074751e-05
790	1.482851131e-06
791	7.081224853e-06
792	1.416893732e-05
793	2.052679382e-05
794	0.0002028159719
795	0.00215325005
796	0.0008315493726
797	0.0008524434956
798	0.002063898098
799	0.0008596580202
800	0.0001428395385
801	0.001153824385
802	0.000212140871
803	0.001970393008
804	1.024365605e-05
805	4.437484367e-06
806	0.00189678096
807	0.000261531807
808	0.002731665422
809	2.885932116e-05
810	0.0002891820696
811	0.0004012437131
812	0.0004724655156
813	0.001868285301
814	0.0008305155429
815	0.002935227739
816	0.0001426103325
817	0.0002091818122
818	0.002532834004
819	0.0009011604635
820	0.0001125348118
821	0.001604656522
822	0.0004415695229
823	0.002258023936
824	0.0005379851613
825	0.00117461318
826	0.0002523242108
827	0.0005980640447
828	0.001417701637
829	0.0002485091178
830	0.000896042482
831	0.0003807317973
832	0.0003721234067
833	5.177111693e-06
834	5.177111693e-06
835	0.0004437552873
836	0.0002269569788
837	0.0003893319183
838	0.001972340263
839	0.0009121675991
840	0.0001007489704
841	0.002980799418
842	0.0004927471781
843	0.001483532296
844	0.003541114906
845	0.0004554716686
846	0.003307338731
847	0.001730157448
848	0.0004453178201
849	0.0001040204272
850	0.0001041091235
851	0.0008790192475
852	0.0001702205037
853	0.0008515734694
854	0.000699514982
855	0.0008399222142
856	0.005193621255
857	0.000504658351
858	6.066781771e-05
859	0.0006506210577
860	0.002735431176
861	0.0005929941886
862	0.005402538234
863	0.0008819151409
864	0.0007061385337
865	0.0002472106702
866	0.003232972293
867	0.008801228916
868	0.002357688149
869	2.294393535e-05
870	0.0004445034449
871	7.117596723e-06
872	0.000403365145
873	0.0003610736128
874	0.002235510957
875	0.0008538824971
876	0.003950706967
877	0.003381950921
878	0.001580377444
879	0.0002990644928
880	0.0007914099765
881	0.0004561789747
882	0.0006468974963
883	0.000357344732
884	3.869209805e-06
885	3.814713875e-06
886	0.0001899517676
887	0.002730047149
888	0.0001254945724
889	0.001242395145
890	0.0007306826695
891	0.0001880449429
892	0.0006444461037
893	0.003355481004
894	0.002267969954
895	0.001243313416
896	0.001266996352
897	0.0004953063554
898	0.001837827099
899	0.001563410357
900	0.001694779821
901	0.0001998349355
902	0.003309541387
903	0.002091387137
904	0.0001150691579
905	1.062670296e-05
906	1.271571299e-05
907	0.004781335037
908	0.0001820736376
909	0.0001109689919
910	0.0006691970734
911	0.001042854913
912	0.002960570396
913	0.001684862287
914	0.0007986722833
915	0.0003406709715
916	0.000206667712
917	0.001443964515
918	0.001504982184
919	0.002302025694
920	0.0003554772046
921	0.004974745376
922	0.002994435885
923	0.0008111477087
924	0.005214902175
925	0.002876791865
926	0.0001601586851
927	0.0003782320502
928	1.99646934e-05
929	4.523160788e-05
930	0.0002101474822
931	0.0002864596007
932	0.0008720940317
933	0.0001069313271
934	0.0008904883091
935	0.00190918973
936	0.004656960683
937	0.001385575415
938	0.000748247549
939	0.0002414662856
940	0.0003854232439
941	1.200204872e-05
942	7.550354352e-05
943	0.001364716068
944	0.001170935805
945	0.001538347036
946	0.0006901357749
947	0.001253369224
948	0.0009231272651
949	0.001687849697
950	0.001099450854
951	0.003150310959
952	0.003300421943
953	0.001106686265
954	0.000452592564
955	0.002052476315
956	0.0002689023659
957	8.092587371e-05
958	0.0001048906123
959	0.0002377663211
960	0.002110252762
961	0.001173746868
962	0.00040033147
963	0.0006138056913
964	0.000134915542
965	2.48743875e-05
966	0.007174640769
967	0.0003882208349
968	0.002274543848
969	0.003154385278
970	8.46212976e-05
971	2.888826569e-05
972	2.580068999e-05
973	0.002290445358
974	0.000401666919
975	2.882677461e-05
976	0.0005747746161
977	0.004311171953
978	0.000850697466
979	5.470836106e-05
980	0.0006159052642
981	0.00118909832
982	0.001514621081
983	0.0002825151884
984	3.464601707e-05
985	0.003623182323
986	0.0006886592298
987	0.003534041329
988	0.001365760951
989	0.0003475502968
990	0.007791051214
991	5.038229151e-06
992	8.970433964e-05
993	0.0009820165944
994	0.001154263405
995	8.174386905e-07
996	8.174386905e-07
997	0.002960946971
998	0.002842615961
999	0.00290213113
1000	0.000193007886
1001	0.001872957227
1002	0.0005846168694
1003	0.006666584576
1004	0.003118220541
1005	0.001084200073
1006	0.002158553427
1007	0.001376752224
1008	0.003967808084
1009	0.001158392184
1010	0.0007482896427
1011	0.0006714792467
1012	0.001269397152
1013	0.004322936521
1014	0.001156422414
1015	2.142853005e-06
1016	1.553133515e-05
1017	5.013623933e-06
1018	0.0005031346332
1019	0.001458148029
1020	0.004832085075
1021	0.0006813939428
1022	0.0007988319937
1023	0.002795014152
1024	0.0015331161
1025	0.0006087908912
1026	0.001548214947
1027	0.0005063209835
1028	0.004301341256
1029	0.002525172193
1030	0.001435444555
1031	0.0006461128697
1032	0.0001099304938
1033	6.16503226e-05
1034	0.0009098745032
1035	0.005263955707
1036	0.0005354168173
1037	0.0005365732723
1038	0.004495073216
1039	0.0007243449135
1040	0.0003583333582
1041	0.0001535154236
1042	0.003181756768
1043	0.0008672752207
1044	0.00156710542
1045	0.002209234682
1046	0.002118328085
1047	0.0001020281606
1048	0.001797241316
1049	4.369238029e-05
1050	0.001799879239
1051	3.74188617e-06
1052	3.594969577e-05
1053	0.0002383718748
1054	0.0007953416814
1055	0.01004349225
1056	0.0004648059022
1057	0.003710704879
1058	0.001820297017
1059	0.000370380445
1060	0.0001379972702
1061	0.003098353913
1062	0.004869815835
1063	0.0003130122482
1064	0.003181156227
1065	0.003831438214
1066	0.002097688233
1067	1.166948855e-05
1068	0.001562783595
1069	6.2395601e-05
1070	0.0007896291794
1071	0.001617479732
1072	0.0005653938357
1073	0.0006028448836
1074	0.00012713177
1075	0.002571966169
1076	0.003925027338
1077	0.00460829482
1078	0.0005295841367
1079	0.005115657048
1080	0.003312097787
1081	0.0002486467366
1082	0.001085178375
1083	0.003200842107
1084	0.00323424966
1085	0.0009628837245
1086	0.003057408997
1087	0.002686897383
1088	0.0001256200505
1089	0.001042208285
1090	0.000358799436
1091	0.0002135911289
1092	0.006418170922
1093	0.003683849455
1094	0.001965525182
1095	1.634877267e-07
1096	2.452316088e-06
1097	0.002713279267
1098	0.002901085194
1099	0.0007622813854
1100	8.794438494e-05
1101	0.002960045967
1102	0.0001248921279
1103	0.001028714985
1104	0.003532769409
1105	0.00180777561
1106	0.00933353146
1107	0.00503528346
1108	2.254099383e-05
1109	0.0002024809799
1110	0.002059955516
1111	0.000292973832
1112	0.0002697099892
1113	0.001050639702
1114	0.0003247786919
1115	0.003627241809
1116	0.0005546024414
1117	0.0004208683713
1118	0.001360645144
1119	0.0003538858309
1120	0.003756837125
1121	8.839397843e-05
1122	3.390968182e-05
1123	3.160762942e-05
1124	0.004874746441
1125	0.0003774552323
1126	0.0002746380113
1127	0.0001595085795
1128	0.0002444512521
1129	0.0001369714374
1130	0.001062951621
1131	0.0003810719858
1132	0.0004378616647
1133	0.003701553252
1134	0.004932264081
1135	0.0002323095546
1136	0.0001090975536
1137	0.0006427285027
1138	8.796902416e-05
1139	0.0004422488354
1140	0.001491537189
1141	0.0007149654203
1142	0.000529241444
1143	0.001360873769
1144	0.0009175354699
1145	9.219821505e-06
1146	3.908549361e-05
1147	0.0002735898287
1148	3.10847829e-05
1149	3.673681358e-05
1150	0.0004214824028
1151	0.003459193736
1152	0.001124206257
1153	0.001657009224
1154	0.005171060213
1155	0.003695066291
1156	0.0003624968512
1157	0.002316909528
1158	0.002204780205
1159	0.004919696402
1160	0.0004982509199
1161	0.0008233555106
1162	0.0002775766549
1163	0.0003285998822
1164	0.000111487561
1165	0.002498644568
1166	0.001516009002
1167	0.0008281340458
1168	0.0002576801873
1169	0.0009272263141
1170	0.0001624771677
1171	0.001560482253
1172	0.002986678038
1173	0.0001818868544
1174	0.004722283809
1175	0.00010070611
1176	0.001825211902
1177	0.0009668624657
1178	0.002700416771
1179	0.005299617686
1180	0.0005489562166
1181	0.001849533906
1182	7.203952685e-05
1183	8.083560402e-06
1184	1.907356952e-06
1185	0.004044174141
1186	0.0001952089125
1187	0.000652988296
1188	0.001641343373
1189	0.001766534144
1190	0.002812952297
1191	0.0009645876662
1192	0.0007810911232
1193	0.001235863575
1194	0.000941361701
1195	0.0006333589032
1196	0.0008638256059
1197	0.000922385265
1198	9.627611263e-07
1199	0.001020459109
1200	8.174386887e-06
1201	1.998183494e-06
1202	0.0001808429519
1203	0.0003048811749
1204	0.0001760269913
1205	0.0008398464175
1206	0.001710576839
1207	0.001597128286
1208	0.0007170781398
1209	0.0004613736944
1210	1.089692359e-05
1211	0.0002570727247
1212	5.443867036e-07
1213	5.204605944e-07
1214	0.0003270554101
1215	0.001248012229
1216	0.005751106952
1217	0.0007115611437
1218	0.001018238021
1219	0.001064229916
1220	0.001081145585
1221	0.003117258941
1222	0.005517887206
1223	0.0009116344156
1224	0.0006205016634
1225	0.003704783807
1226	0.001013232927
1227	0.002234471194
1228	0.001909296933
1229	0.001398596942
1230	0.0001164990328
1231	0.0005584453537
1232	0.001939726453
1233	0.0005920323887
1234	0.003480753935
1235	0.0005231976296
1236	0.002791512653
1237	0.002699446073
1238	7.107797119e-05
1239	0.002152610407
1240	0.0009205708094
1241	0.001116884841
1242	0.0009204577582
1243	0.001239748198
1244	0.0004232799836
1245	0.0001855817355
1246	0.0004100180305
1247	0.0004779236563
1248	0.00193135379
1249	0.002237378866
1250	4.193089208e-05
1251	0.001917856069
1252	0.0005689484276
1253	0.0002888825752
1254	8.062461341e-05
1255	0.0004223601699
1256	2.293587277e-05
1257	0.001093378138
1258	8.252278768e-05
1259	0.0007580001824
1260	1.982291066e-05
1261	0.002748113205
1262	0.0005707525202
1263	0.001292854449
1264	0.0005658537626
1265	0.002936444222
1266	0.0001233793086
1267	0.003595408201
1268	4.541326023e-07
1269	2.724795608e-07
1270	0.0004853722068
1271	0.002150717844
1272	0.0001142170606
1273	0.001498778789
1274	0.00274269921
1275	0.001557226671
1276	3.994206837e-05
1277	0.0005318072583
1278	0.00280961134
1279	0.0009963080117
1280	0.0001998135028
1281	0.001710222715
1282	0.001393295301
1283	5.726454437e-05
1284	0.0001743045909
1285	0.002812963865
1286	3.845060012e-05
1287	0.0009537828986
1288	0.0001092482194
1289	0.002671667351
1290	0.0007957044126
1291	0.0006050475045
1292	0.002887849463
1293	8.119809166e-05
1294	0.001987748406
1295	0.003918948721
1296	0.001771688914
1297	0.002322258885
1298	0.0002773364238
1299	0.0001928912406
1300	0.01047569713
1301	0.0007676957755
1302	0.0006293218931
1303	0.001420972707
1304	0.0003377145814
1305	0.001907395652
1306	0.0001550215494
1307	0.001320528047
1308	0.001061643618
1309	0.0006297065283
1310	0.0003557889213
1311	0.00338782838
1312	0.001888955771
1313	0.006706395034
1314	0.001162449822
1315	0.0009642915266
1316	0.004327456957
1317	1.371541855e-05
1318	2.462753341e-05
1319	8.515083528e-05
1320	1.545458579e-05
1321	0.003697653072
1322	0.0005750087823
1323	0.001506408458
1324	2.092621823e-05
1325	0.0001331849004
1326	0.002058153061
1327	0.001129194574
1328	0.0003439107323
1329	0.00270017497
1330	0.0004018848739
1331	0.0008901675741
1332	0.001534298126
1333	0.006886410678
1334	0.005539449421
1335	0.0002769692384
1336	0.002022463617
1337	9.676896559e-05
1338	0.0004950220777
1339	9.884291701e-07
1340	0.00336220231
1341	0.001122066567
1342	0.0005817055015
1343	0.002000752223
1344	0.0002308072168
1345	4.087193458e-06
1346	4.087193458e-06
1347	0.0004667349388
1348	0.0002207176398
1349	0.000360736654
1350	0.0001726621032
1351	9.307208175e-05
1352	0.0008026842217
1353	0.001502484403
1354	0.001195048699
1355	0.000580210647
1356	0.006174333785
1357	0.005596576014
1358	0.004393389315
1359	0.001037807003
1360	0.0007833814825
1361	0.0005339698537
1362	0.000177676215
1363	1.742878761e-06
1364	0.002941471274
1365	0.004651702479
1366	0.000350596917
1367	0.001844544151
1368	0.0003404731778
1369	8.71999172e-05
1370	0.001174226879
1371	0.0003728182823
1372	0.002378231774
1373	0.006645948521
1374	9.730193118e-05
1375	0.0009299680389
1376	0.0008601699196
1377	0.0003800810954
1378	0.002097810975
1379	0.001641832956
1380	1.785389907e-06
1381	0.0002254788274
1382	0.00056575455
1383	0.0002934932511
1384	0.001292759631
1385	0.004261563569
1386	0.0008774854465
1387	0.0004676901624
1388	0.000981353775
1389	0.0004183884222
1390	0.0001725224753
1391	0.001151044097
1392	0.0004162307592
1393	0.00252317663
1394	0.00273712574
1395	0.0004598185767
1396	0.0001459295056
1397	0.006163857783
1398	0.0001332870851
1399	0.0002708196117
1400	0.0004545987896
1401	5.660621195e-05
1402	0.002323245433
1403	0.002579894639
1404	0.0007116594493
1405	0.003599207952
1406	4.525799771e-06
1407	6.76327809e-06
1408	0.001067575956
1409	1.861687207e-05
1410	1.089918252e-05
1411	0.002247711097
1412	0.003513090499
1413	0.0003804527311
1414	0.0002233704399
1415	0.0006610108955
1416	0.000735890344
1417	0.0004110779847
1418	8.181808598e-05
1419	0.003740920351
1420	0.0003749794417
1421	0.0009459690644
1422	0.0004930469165
1423	0.0005582619292
1424	0.002138513266
1425	0.0002020649207
1426	0.0009327546841
1427	0.0006535435237
1428	0.0001911780118
1429	0.0003029795095
1430	9.536784741e-06
1431	9.536784741e-06
1432	0.002832027161
1433	0.001802430342
1434	0.001787728766
1435	1.175467203e-05
1436	0.0007051225539
1437	8.518098813e-05
1438	0.003111056077
1439	0.002062619132
1440	0.001780201536
1441	0.00540373951
1442	0.002563765162
1443	0.005062314304
1444	0.0006988467408
1445	0.003093929268
1446	0.0007489438606
1447	0.0003310978823
1448	0.0004366580304
1449	0.0001898646165
1450	0.002031164972
1451	0.0001567483782
1452	0.001348912465
1453	0.0008293909639
1454	0.003417814875
1455	0.0001864994729
1456	0.001890636412
1457	0.004385572837
1458	0.0001033776782
1459	0.000320785116
1460	0.0005361980954
1461	0.0008362301472
1462	0.0002502426304
1463	5.422913679e-05
1464	0.001835422564
1465	0.003879383438
1466	0.0004767523229
1467	3.109099429e-05
1468	0.003290053651
1469	0.001469172472
1470	0.003342760723
1471	4.589764197e-05
1472	0.002734092175
1473	0.002603883401
1474	0.0001541740156
1475	0.0001130638962
1476	0.001390626674
1477	0.002587265595
1478	4.940962761e-06
1479	0.001008510903
1480	0.001713795302
1481	0.001031918213
1482	0.004546462803
1483	0.0002358245227
1484	0.00174349983
1485	0.00309913599
1486	0.005523522891
1487	0.0008425221285
1488	0.003399060361
1489	0.0007810622994
1490	0.001163466491
1491	1.441847131e-05
1492	0.009201073147
1493	0.00515942696
1494	0.003619072383
1495	0.002160782611
1496	0.002574375161
1497	0.00158330924
1498	0.001133134692
1499	0.001617419315
1500	0.003129012471
1501	0.0002956509762
1502	0.001321531708
1503	3.395911722e-05
1504	0.002113728691
1505	0.001801173026
1506	0.002514097794
1507	0.005756678421
1508	0.0006571682053
1509	0.000279555666
1510	0.0007448916972
1511	0.004340769242
1512	0.005101723816
1513	0.0001881156082
1514	3.119623909e-05
1515	0.0001368314793
1516	0.00584207738
1517	0.00223874184
1518	9.562992001e-05
1519	0.0006050457545
1520	0.0009187019431
1521	0.0009163377762
1522	0.0006037263085
1523	0.0001929581666
1524	0.01020012546
1525	0.004106917877
1526	0.004223511969
1527	1.108512457e-05
1528	0.001180317815
1529	0.007340438517
1530	0.0003657664316
1531	0.002504623141
1532	0.000397257874
1533	0.002649634839
1534	0.001390091372
1535	0.0007673675455
1536	0.00172615432
1537	0.001283554624
1538	0.003621544403
1539	0.00163054821
1540	1.975459628e-06
1541	0.001294799311
1542	0.002106684453
1543	0.0003228571594
1544	0.0006864135426
1545	0.0007414181234
1546	0.0001127365329
1547	0.0001243234332
1548	0.001593628826
1549	0.003792389302
1550	6.343469346e-05
1551	0.0009250881415
1552	0.0006986857411
1553	0.001119039467
1554	0.000918401368
1555	0.001341470344
1556	0.002865391841
1557	0.0002136330195
1558	0.00160446022
1559	0.0008806916839
1560	0.0006397150226
1561	0.001127882923
1562	1.532926692e-06
1563	1.117166211e-05
1564	0.003420405183
1565	0.0004992689945
1566	0.0013904065
1567	0.0004427092162
1568	0.001202369186
1569	0.0007047499467
1570	1.089918274e-06
1571	1.089918274e-06
1572	0.001859182007
1573	0.0007403974136
1574	0.001356842812
1575	0.001239089068
1576	0.001833346905
1577	0.001157017036
1578	0.0005643600728
1579	0.001000931318
1580	0.001438635459
1581	0.002124422817
1582	0.0004798278708
1583	3.052264462e-05
1584	0.0003340512977
1585	0.002103537061
1586	0.0007833232549
1587	1.979815392e-05
1588	3.949044419e-05
1589	0.001054012431
1590	0.004517210176
1591	0.001913979747
1592	0.00130721776
1593	0.000902150614
1594	0.004499445368
1595	0.0003189599837
1596	0.005582768104
1597	0.0002606215689
1598	0.0003393948664
1599	0.0003189054589
1600	0.004170037411
1601	0.0004233145584
1602	0.00494045997
1603	0.005501963051
1604	0.00240866652
1605	8.613016062e-05
1606	0.001222118758
1607	1.998183467e-06
1608	1.607629428e-05
1609	0.001395522325
1610	8.918499017e-06
1611	0.001202099003
1612	0.002526110536
1613	0.0006738707521
1614	0.0009626955271
1615	0.0002959476578
1616	0.001099195605
1617	0.0001033025752
1618	0.0009140891446
1619	0.004072240952
1620	0.003075123523
1621	0.002268409659
1622	0.001659695841
1623	6.47918751e-05
1624	0.0004720061681
1625	0.0001571060466
1626	0.003688767679
1627	0.003584473682
1628	0.0002194254677
1629	0.0002830340421
1630	0.000162942079
1631	0.001865663388
1632	0.0004220762936
1633	0.0009481134104
1634	0.0001978691063
1635	0.001446989736
1636	0.007135108387
1637	0.005601260991
1638	0.0005219543929
1639	0.000109579737
1640	0.001470837102
1641	0.0001096944408
1642	0.0002807669431
1643	0.005108885763
1644	0.002658088774
1645	1.082445007e-05
1646	0.00011165524
1647	0.002331485218
1648	1.390346605e-05
1649	4.178019977e-06
1650	0.0005930367252
1651	0.005009995629
1652	0.002838068561
1653	0.001275669525
1654	2.308774341e-06
1655	0.0005237577099
1656	0.001705668731
1657	0.001012466472
1658	0.004975717556
1659	0.003258270704
1660	0.001535607205
1661	0.005251630792
1662	0.002779701521
1663	0.0002107150817
1664	0.002438822156
1665	0.001385920665
1666	0.0004224363476
1667	3.677722277e-05
1668	0.00273299162
1669	0.001861887602
1670	2.705708779e-05
1671	0.0009431759478
1672	7.563660921e-05
1673	0.001989366565
1674	0.0008576731594
1675	0.001235233557
1676	0.004760947324
1677	0.002023542851
1678	0.003241789647
1679	0.001305828966
1680	0.006420392628
1681	0.000369925681
1682	1.802546911e-05
1683	0.008013755998
1684	0.001393627129
1685	0.003388721755
1686	0.002639908554
1687	0.0001016167087
1688	0.0003125579695
1689	0.0001414833882
1690	0.00171189533
1691	0.0008110520263
1692	0.002530928411
1693	0.002830363338
1694	0.0005049684734
1695	0.00194250467
1696	0.001032610497
1697	0.0001622812181
1698	0.0004373360501
1699	0.001070515545
1700	0.0007469197586
1701	0.0008004364409
1702	0.0009553705603
1703	0.004027532865
1704	0.001554994838
1705	0.0005857059036
1706	0.003043585506
1707	0.004645532495
1708	0.0003815157953
1709	0.001188779561
1710	0.0002892038401
1711	0.0009847001358
1712	0.001707132197
1713	0.000814422205
1714	0.003740419253
1715	0.006841750324
1716	0.0001341490098
1717	0.0007115660541
1718	0.0008261105827
1719	0.004412035331
1720	9.821948062e-05
1721	0.0001996816178
1722	0.002645305549
1723	0.001165208832
1724	0.004976159771
1725	0.001548009086
1726	0.003722365923
1727	0.003570393507
1728	0.002143802381
1729	0.000104288054
1730	0.0004002821974
1731	0.005010755055
1732	0.0007825571091
1733	0.0004817184991
1734	0.0002283146083
1735	0.00587752936
1736	0.0005293385714
1737	0.0003631083681
1738	0.0008964676088
1739	0.001583945142
1740	0.002966769885
1741	0.0005914929945
1742	0.003892184535
1743	0.002509706198
1744	0.0006744135359
1745	0.0009452053656
1746	3.451687502e-05
1747	0.00165039432
1748	0.0005937400996
1749	5.263396953e-06
1750	4.947125988e-06
1751	7.099767227e-05
1752	1.698626007e-05
1753	0.001285275775
1754	0.0001346919835
1755	0.0009478503225
1756	0.0002834338834
1757	0.0008585934646
1758	0.001553784303
1759	0.000341231719
1760	0.001520568962
1761	0.004972529263
1762	0.001499558594
1763	0.0003570857637
1764	0.0003659777749
1765	0.004816208644
1766	0.001027079224
1767	0.0003124223368
1768	0.0005286811772
1769	0.003417612506
1770	0.005782766604
1771	0.0009231521001
1772	0.0006690507606
1773	0.0002610526276
1774	0.001927283919
1775	0.003177466375
1776	0.002120374793
1777	0.0001883396357
1778	0.002069638693
1779	0.001296572852
1780	1.199781497e-05
1781	0.000954703765
1782	0.005390127656
1783	0.004733377925
1784	0.001318912145
1785	0.0006393960922
1786	0.0007606736689
1787	0.001770966828
1788	0.0003168527939
1789	0.0004175539166
1790	2.452316085e-06
1791	2.452316085e-06
1792	0.0006869633105
1793	0.002000992975
1794	0.001697757003
1795	0.001008981782
1796	2.356299423e-07
1797	1.180744782e-06
1798	8.17438703e-07
1799	8.996545425e-05
1800	0.001458045375
1801	0.0006048884723
1802	0.0004255941297
1803	0.001161706278
1804	0.001633854433
1805	0.004662277826
1806	0.0004236510875
1807	1.939335688e-05
1808	0.002651979041
1809	0.001824557119
1810	0.001006643346
1811	0.003925750532
1812	0.0008186568387
1813	0.0008186184602
1814	0.0005081663421
1815	0.001102125942
1816	0.001427649405
1817	0.0004406941783
1818	0.0001161876154
1819	0.0002422555738
1820	0.0004245516113
1821	0.006978280014
1822	0.001046711718
1823	0.0002238823882
1824	0.0003845430717
1825	0.002074733845
1826	0.001851952343
1827	1.374028006e-05
1828	1.204580493e-06
1829	0.0003822745899
1830	0.002818265408
1831	0.001769387545
1832	0.00258716368
1833	0.0007005019155
1834	5.182153405e-05
1835	0.00225839889
1836	0.0003424110326
1837	0.0008217335704
1838	0.001434374007
1839	0.001166901481
1840	0.005099914517
1841	0.0001076154623
1842	0.001179148752
1843	0.0007437731508
1844	0.0006911721572
1845	0.0008487337779
1846	0.001469898848
1847	0.001098783006
1848	0.002333165838
1849	0.0008940916088
1850	0.001090292519
1851	0.0007490509551
1852	0.001684663157
1853	0.002802541034
1854	0.0009927125987
1855	0.002157647015
1856	0.0002974048986
1857	0.0007387715461
1858	0.0003364671883
1859	0.002584950899
1860	0.0009217398977
1861	0.003512172074
1862	0.003263594233
1863	0.009600048927
1864	0.001194648144
1865	0.0006933720574
1866	0.00158083922
1867	0.001842787301
1868	0.002048940807
1869	0.002727962587
1870	2.12157631e-05
1871	0.0004910452611
1872	0.000481246209
1873	5.303607046e-05
1874	0.0004527777535
1875	0.003332078591
1876	0.001544481086
1877	0.0003490129589
1878	0.002806578185
1879	5.893340022e-05
1880	0.0001953158432
1881	5.45479044e-06
1882	0.0003991479675
1883	0.0004669751928
1884	0.00171823118
1885	0.0009111232572
1886	0.002832070497
1887	0.003664606547
1888	0.0001703715395
1889	0.001036143428
1890	0.001101008497
1891	0.005340443738
1892	0.0008774298825
1893	0.003126224247
1894	0.002639863342
1895	0.001215584727
1896	0.0008629466223
1897	0.003112021209
1898	0.001186426789
1899	0.0003483711262
1900	0.0008433175436
1901	0.001535965149
1902	0.0004292960863
1903	0.0004529197813
1904	0.003849983374
1905	0.0005188781871
1906	0.00155396646
1907	0.002499880076
1908	0.001030602472
1909	0.001361747874
1910	4.359673025e-06
1911	4.359673025e-06
1912	1.020006978e-05
1913	0.0005443563162
1914	6.969095817e-05
1915	0.001444894482
1916	0.0004022766967
1917	0.003529854462
1918	0.003641928856
1919	0.001009707672
1920	0.0006538783026
1921	0.003396007409
1922	0.002694229063
1923	0.0003410823518
1924	0.0008932783611
1925	0.002493475866
1926	0.0004664990512
1927	0.0008703779061
1928	0.001266498493
1929	0.001050468268
1930	1.707401532e-07
1931	0.001107939643
1932	0.003731569168
1933	0.0005254433804
1934	0.0009581558519
1935	0.0004487155696
1936	0.003939281498
1937	0.001818364831
1938	0.0003691452562
1939	0.0002227445716
1940	0.0004242901039
1941	0.001421428026
1942	0.0002156404022
1943	0.004331241859
1944	0.00181005882
1945	0.0004705160053
1946	0.0003504818441
1947	0.002843518929
1948	0.002668685488
1949	5.42714865e-05
1950	0.004611294151
1951	4.556166653e-05
1952	0.0005631195395
1953	0.001449009344
1954	0.0005604908416
1955	0.00132526718
1956	4.707354314e-05
1957	0.0002052004478
1958	0.003875429807
1959	0.003536070805
1960	0.0004014707653
1961	0.002249790034
1962	0.001151227878
1963	0.0001433852604
1964	0.0006394242788
1965	0.0008536383968
1966	0.001440817908
1967	0.000193807191
1968	0.003190116788
1969	0.002153720619
1970	0.0003346284564
1971	0.003358488727
1972	0.0002883487967
1973	0.0001574141505
1974	0.001482504595
1975	0.0005722591993
1976	0.0003077959552
1977	0.000458618066
1978	0.0003185215985
1979	0.002491822519
1980	0.003328398031
1981	0.002275663944
1982	0.001204304167
1983	0.0008306618417
1984	0.001309685373
1985	0.001048778133
1986	0.001592242369
1987	0.001283565075
1988	0.0001824625968
1989	8.565423303e-05
1990	0.001392293791
1991	0.0006207161148
1992	0.007448014181
1993	0.009991947333
1994	0.002665323251
1995	0.0001585232946
1996	7.956481911e-06
1997	1.634877385e-05
1998	6.408163225e-05
1999	0.001038241502
2000	0.0001189513469
2001	7.000070815e-05
2002	0.002099106393
2003	1.882249264e-05
2004	0.003948781454
2005	0.002610962338
2006	0.0004431629264
2007	0.000386631243
2008	0.00235972753
2009	0.0008407591071
2010	0.002348360862
2011	0.0007600290769
2012	0.006258256483
2013	8.213853944e-05
2014	0.0001344791689
2015	0.0005099354206
2016	0.0007252495246
2017	0.002496083973
2018	0.002052201857
2019	0.0001118908236
2020	0.0004390224132
2021	3.411918019e-06
2022	0.00419197696
2023	0.0002076701011
2024	0.0007128221373
2025	0.001159656577
2026	0.008182710984
2027	0.002670487557
2028	0.004346275486
2029	0.001194202739
2030	0.001688166925
2031	0.0002205077088
2032	0.0007952818387
2033	0.004047482536
2034	0.002210723218
2035	0.0006577396781
2036	0.0002325684656
2037	0.0001697164586
2038	0.0005413979295
2039	0.001020260975
2040	0.002269888816
2041	0.001214160945
2042	0.006651507052
2043	0.0004064141095
2044	0.0004556755838
2045	0.0001480720071
2046	0.006341119036
2047	0.0004406283001
2048	0.001091129363
2049	0.0006221591604
2050	0.003383361929
2051	2.42896064e-06
2052	1.907356907e-06
2053	0.004064198168
2054	0.003043405134
2055	0.0009445658596
2056	0.003585359768
2057	0.0002991070132
2058	0.0005789914493
2059	0.0002440340521
2060	0.001239891018
2061	2.409511592e-05
2062	0.0001890943842
2063	0.0006249835098
2064	0.002123519971
2065	0.004091129474
2066	0.003651146626
2067	0.001455603946
2068	0.0007268450633
2069	0.0002286790336
2070	0.0004820222161
2071	0.002312769102
2072	0.000719242326
2073	0.0001493480523
2074	0.002259354945
2075	0.008207423606
2076	0.00230625552
2077	0.0004866301659
2078	0.002678770417
2079	0.001749013071
2080	0.003946856223
2081	0.000931046234
2082	6.513338417e-06
2083	0.0001367939042
2084	0.0003415766566
2085	0.00177684384
2086	0.001065554811
2087	0.001098763109
2088	0.002434946501
2089	0.001863110519
2090	0.0006337188293
2091	0.002362071626
2092	4.296712158e-05
2093	0.001410851577
2094	0.0002493233993
2095	0.003459492409
2096	0.000214541986
2097	0.0006194912203
2098	0.004447019193
2099	0.002565488026
2100	0.0005601987814
2101	0.0002139346163
2102	0.0009209749118
2103	0.002955558055
2104	0.002834587866
2105	0.007456959772
2106	0.002974649691
2107	0.000646351469
2108	0.00141048865
2109	0.0006965554771
2110	0.0009575114471
2111	0.002719504049
2112	0.005012312293
2113	0.003228584432
2114	4.617833532e-05
2115	0.006784219004
2116	0.00146879099
2117	0.002453310633
2118	1.069936425e-05
2119	9.536784692e-06
2120	0.004305644341
2121	0.008797997752
2122	0.000577049607
2123	0.0004183181722
2124	0.0003888933999
2125	0.0009113982164
2126	0.0006207862966
2127	0.001646100435
2128	0.0001461352165
2129	0.001375820722
2130	0.00200281372
2131	0.001053672818
2132	0.002401614954
2133	0.0006889599592
2134	0.002469083707
2135	0.001832319766
2136	0.000985609056
2137	0.0002216331218
2138	0.001316143183
2139	0.0003277026596
2140	0.002106190751
2141	0.001731449453
2142	0.0004417564537
2143	0.0005513368573
2144	0.001197662745
2145	0.00236096786
2146	0.001605471728
2147	4.066433116e-06
2148	4.904632201e-06
2149	0.002207158229
2150	0.003557340097
2151	0.001417931921
2152	4.087193415e-06
2153	1.089918227e-06
2154	0.002128567744
2155	0.007004564505
2156	0.001223945791
2157	0.002163715349
2158	0.004709575025
2159	1.089918251e-06
2160	1.253405994e-05
2161	0.00133111518
2162	0.006159716981
2163	0.0006294193018
2164	0.0008112491586
2165	0.001170134406
2166	0.002306277888
2167	0.002325940945
2168	0.00327702714
2169	0.0004869227225
2170	5.713740175e-05
2171	0.003011633161
2172	0.0001160400758
2173	0.0001140450161
2174	0.002094104462
2175	0.000556433887
2176	0.001394368868
2177	0.0002003080642
2178	0.0002901980638
2179	0.001899257735
2180	0.002305988046
2181	0.001070594863
2182	0.001874058627
2183	0.001042053306
2184	0.002255463919
2185	6.176203482e-06
2186	8.174386894e-06
2187	0.0004649792379
2188	2.454364327e-05
2189	0.001998459046
2190	0.0006964356395
2191	0.0005045318819
2192	0.004465965376
2193	0.002143629445
2194	0.0005894992118
2195	0.0004279061175
2196	0.002993203069
2197	0.001986100027
2198	0.003524187885
2199	0.003789937716
2200	0.0001022724179
2201	0.00472849954
2202	0.0009514447014
2203	4.486143402e-05
2204	0.000256048953
2205	0.0005209974597
2206	0.0002999901333
2207	0.0005156078807
2208	0.001419179191
2209	0.001922989879
2210	0.0009282346869
2211	0.002167760342
2212	0.003772402716
2213	0.0014109952
2214	0.002387658752
2215	0.0002741451133
2216	0.0001170504807
2217	0.0002094493273
2218	0.001245134745
2219	0.002057706065
2220	0.004233069178
2221	0.0001736052953
2222	0.001195973874
2223	0.002375526526
2224	0.0002344719889
2225	0.001201576162
2226	0.002236784375
2227	0.0003546838578
2228	3.677729255e-05
2229	0.00207495727
2230	0.0005020471648
2231	0.003453996768
2232	0.000612320256
2233	0.009572436509
2234	0.003096257691
2235	0.0004052383497
2236	0.001609232008
2237	3.61510251e-05
2238	0.0004971609404
2239	0.0005983541774
2240	0.0002906956095
2241	0.001266359829
2242	0.004637867815
2243	4.651569772e-06
2244	0.002507978001
2245	0.001824737984
2246	1.724831944e-05
2247	0.0003617134492
2248	0.00032989975
2249	0.001747451737
2250	0.0001647747411
2251	0.0009681448087
2252	0.0009806254392
2253	0.001315459586
2254	0.002294901953
2255	0.002073432557
2256	0.0002681177759
2257	0.003040602921
2258	0.002205920802
2259	2.49675257e-05
2260	0.001517545524
2261	0.002830455937
2262	0.0005033364594
2263	0.0004080945234
2264	0.000448796094
2265	0.0003163575275
2266	0.002046934252
2267	0.0003019357969
2268	0.0003599850294
2269	0.0003691948067
2270	0.002131389627
2271	0.002388464442
2272	0.001245736043
2273	0.001458869486
2274	0.002012918999
2275	1.000084373e-05
2276	0.0001347890051
2277	0.002399636684
2278	0.000209161486
2279	0.007469912101
2280	1.008174387e-05
2281	1.008174387e-05
2282	0.004783031131
2283	0.001281588784
2284	0.0009216153891
2285	0.002681558288
2286	0.000822604582
2287	0.001097413151
2288	0.000671265363
2289	0.002728197517
2290	0.002739946165
2291	0.002838200236
2292	0.0003687474221
2293	0.001639089064
2294	0.000789816808
2295	0.0004444054472
2296	0.002120346933
2297	0.0005135378078
2298	0.0005666708939
2299	0.003320556541
2300	0.0001603630361
2301	0.001160371082
2302	0.000708184193
2303	0.001133636415
2304	0.0005351784238
2305	0.002517963644
2306	0.001233056972
2307	0.0005717157772
2308	0.0004761470486
2309	0.0005473021647
2310	0.001259848039
2311	0.0005180303823
2312	0.0002644798803
2313	5.22954466e-05
2314	0.002875505646
2315	0.004277974877
2316	0.0001722288961
2317	0.000179863064
2318	0.0004710801791
2319	0.002058231145
2320	0.0001507481806
2321	4.749412324e-05
2322	0.0003755534944
2323	0.001708732317
2324	0.001570585475
2325	0.001456556622
2326	6.337912793e-05
2327	0.004393441007
2328	0.0004674946918
2329	0.001490168898
2330	0.00117498168
2331	0.003995236866
2332	0.00471475613
2333	0.0001174605216
2334	0.0002365871599
2335	0.00610993694
2336	0.002288391081
2337	0.002574738003
2338	0.0001938982872
2339	0.0004865547129
2340	0.0004204899837
2341	0.0008013589908
2342	0.0002978393039
2343	0.0001624245554
2344	2.452316072e-06
2345	2.452316072e-06
2346	0.000444796805
2347	0.000864613396
2348	0.0002101484149
2349	3.405237088e-06
2350	0.001163297415
2351	3.996366943e-06
2352	0.001289516371
2353	0.001617990248
2354	8.870237335e-05
2355	0.0005751685083
2356	0.0009574439861
2357	0.002291967314
2358	0.001043761454
2359	0.001466029395
2360	0.003281413192
2361	0.002662176978
2362	9.912545819e-06
2363	0.0005210948051
2364	0.0001318889659
2365	0.002242059618
2366	0.001370064599
2367	0.0004469781914
2368	0.003162055488
2369	5.572852174e-06
2370	0.001543374957
2371	0.001222827767
2372	0.001262628981
2373	0.004192813933
2374	0.002310508151
2375	0.001912995357
2376	0.004039995984
2377	0.001351466234
2378	0.003125444921
2379	3.850373103e-05
2380	0.0009737037005
2381	0.001084038341
2382	0.002143690653
2383	0.0002917381132
2384	0.003776287964
2385	0.0006976124372
2386	0.002137913359
2387	0.003961314306
2388	0.0004301922229
2389	0.002342772139
2390	6.063319061e-06
2391	0.0008103752412
2392	0.001262544825
2393	0.005369207976
2394	0.003727038349
2395	0.00255610147
2396	0.003380371855
2397	0.002996802554
2398	2.27111392e-05
2399	9.661975975e-06
2400	2.152588552e-05
2401	0.00166328376
2402	0.002422935182
2403	0.000551205175
2404	0.0007012173922
2405	0.0009224899081
2406	0.001709586848
2407	0.0007546347129
2408	0.00103033427
2409	2.550062716e-06
2410	2.091804657e-06
2411	0.005617932638
2412	0.0006094539672
2413	0.0006894658465
2414	0.003660837607
2415	0.0001632905838
2416	0.003592399064
2417	0.001528187354
2418	0.000129688726
2419	0.005444393069
2420	0.0009553076733
2421	0.0003268004997
2422	0.003930267313
2423	0.002211999845
2424	0.003613152351
2425	0.002371075887
2426	0.001965404886
2427	0.0005729219486
2428	0.003807723528
2429	0.001092205712
2430	0.001103102825
2431	0.001127655217
2432	0.001474724663
2433	0.0009106923239
2434	1.816530392e-07
2435	9.536784695e-06
2436	0.00510505149
2437	0.000976538916
2438	0.006625478881
2439	2.724796071e-07
2440	2.724796071e-07
2441	0.002428853645
2442	0.0006647282842
2443	0.0005253506517
2444	0.002661174897
2445	5.740236148e-06
2446	3.814713896e-06
2447	0.0005765183515
2448	0.0009596753851
2449	0.001571363809
2450	0.004161173404
2451	0.001788046091
2452	0.002798973999
2453	0.003203944237
2454	0.0002546958168
2455	0.001955384167
2456	0.001821934587
2457	0.004759498327
2458	0.0003652582165
2459	0.004928602242
2460	0.00110195754
2461	7.42075401e-05
2462	0.002822705299
2463	0.0006251318652
2464	0.001448158245
2465	0.003078921876
2466	0.004821374882
2467	0.0006450592774
2468	0.001793031119
2469	0.0008891080768
2470	0.001490741316
2471	5.994550405e-06
2472	5.994550405e-06
2473	0.004628990614
2474	0.001000361904
2475	0.001899216962
2476	0.001197356435
2477	0.001482283707
2478	0.001220498039
2479	0.002885630848
2480	0.0009237024081
2481	0.0005494989475
2482	0.0002690971457
2483	0.001194467287
2484	0.0001716090977
2485	0.001881467279
2486	0.0009070736637
2487	0.000861849715
2488	0.000480204823
2489	0.001084637157
2490	0.006111651077
2491	0.0009408009032
2492	0.002360616352
2493	0.0002736365513
2494	0.001360053204
2495	0.001719838268
2496	0.0006144162622
2497	0.001508665174
2498	0.001578267661
2499	0.002232913892
2500	0.00160819773
2501	9.536784745e-06
2502	9.536784745e-06
2503	0.0007077068755
2504	0.001459900674
2505	0.005084050658
2506	2.193755354e-06
2507	0.0008424483522
2508	0.001252437088
2509	0.002575678344
2510	3.154202301e-05
2511	0.001165228969
2512	0.0008475563048
2513	0.005228831381
2514	0.002285467585
2515	0.00416981492
2516	0.001275412041
2517	0.002647815959
2518	0.001227188127
2519	0.002435862752
2520	0.0006074683801
2521	0.001262766628
2522	0.001019032344
2523	0.0001132058948
2524	0.002864121155
2525	0.0009263833291
2526	0.001364303879
2527	0.0002303905522
2528	0.0006685533178
2529	0.0009188881177
2530	0.00413855991
2531	0.000439632171
2532	0.0001596845185
2533	0.004027441718
2534	0.002970029175
2535	0.002346232651
2536	0.001112129145
2537	0.0003160455292
2538	0.0005995295742
2539	0.002856640084
2540	0.001883527097
2541	0.0007501016882
2542	0.003280435817
2543	0.0005814343869
2544	0.0008583086915
2545	0.0001951011761
2546	2.48411788e-05
2547	0.002567848621
2548	0.001514419109
2549	0.004307991348
2550	0.00246278325
2551	0.00174047021
2552	0.001410728865
2553	0.002092069539
2554	0.0003617105902
2555	0.001898869638
2556	0.0003672666313
2557	0.0008655898305
2558	0.002204722735
2559	0.0003213496356
2560	0.001850500587
2561	0.002895962332
2562	0.004310789468
2563	0.004782394461
2564	0.0001315899159
2565	0.001802349046
2566	7.253709759e-05
2567	0.001016035833
2568	0.001292982817
2569	0.009275673089
2570	0.001071696445
2571	0.001538789814
2572	0.000672622629
2573	0.001706984407
2574	0.001647573163
2575	0.003010346635
2576	0.004853027996
2577	1.347951473e-05
2578	0.0004671619708
2579	0.0003818560623
2580	0.007051917965
2581	0.0003095549115
2582	0.002372553391
2583	0.004878438218
2584	0.00265156136
2585	0.0001801042098
2586	8.269924892e-05
2587	4.56112815e-05
2588	6.984481194e-05
2589	0.002155266213
2590	0.002286207754
2591	0.0001288381663
2592	0.003244316507
2593	0.0008242842401
2594	0.004595332877
2595	0.0004309074228
2596	0.001291025333
2597	0.003592780256
2598	0.0004678771293
2599	1.301105192e-05
2600	0.0003233436833
2601	0.005919974538
2602	0.0008585802813
2603	0.001203526522
2604	0.0001538911863
2605	0.000215275375
2606	0.001181265762
2607	0.002733739601
2608	0.002286438116
2609	1.446367742e-05
2610	0.0003451406189
2611	0.001331404646
2612	0.002620048341
2613	0.002418898761
2614	0.0004596036381
2615	0.0005471414297
2616	0.0009536907888
2617	0.0001544377909
2618	0.0006814226383
2619	0.0004596289212
2620	0.005993356996
2621	1.982960938e-05
2622	7.110688315e-05
2623	0.001485568117
2624	0.001162277325
2625	0.003100116818
2626	0.002697446413
2627	0.002032408152
2628	0.001247569583
2629	0.0007372877654
2630	0.0003571059339
2631	0.000818771069
2632	0.003355346568
2633	0.00290222409
2634	0.002151266251
2635	0.0007160567073
2636	0.001777512222
2637	0.0001647125224
2638	0.003480125542
2639	2.544691216e-05
2640	0.002846584947
2641	0.007794573515
2642	0.0009296467712
2643	0.001625978564
2644	0.0001155900757
2645	0.003040934691
2646	0.002134093684
2647	0.00402928837
2648	0.001242108492
2649	0.00527066079
2650	0.002935332058
2651	0.001362186413
2652	0.005833409975
2653	4.995458626e-06
2654	7.356948191e-06
2655	0.0008029908434
2656	0.0002475502082
2657	0.001940722162
2658	0.000534550142
2659	0.0005447009021
2660	9.784626618e-06
2661	7.484203843e-06
2662	0.001486572783
2663	8.174386892e-07
2664	1.90735695e-06
2665	0.001403209642
2666	0.0002115035258
2667	0.005139740735
2668	0.001435290708
2669	1.162579473e-05
2670	0.0008977330742
2671	0.00299761269
2672	0.003359113898
2673	0.0008067686973
2674	6.150426567e-06
2675	0.0009340590229
2676	0.002617964939
2677	0.0005518765408
2678	0.003253282595
2679	0.006929551583
2680	0.0008096018261
2681	0.0008959771045
2682	0.0002345994317
2683	5.190099961e-09
2684	0.0009495765323
2685	1.988331887e-05
2686	0.001275666758
2687	0.0007883888085
2688	0.0001171729998
2689	0.001950946526
2690	5.104450504e-06
2691	0.0004781387132
2692	0.002230534373
2693	0.004818747185
2694	8.218179813e-05
2695	7.734825682e-05
2696	0.0002265457499
2697	0.001251526601
2698	0.0003044153002
2699	0.00115235011
2700	0.005961199879
2701	0.0003386092461
2702	0.0006490904549
2703	0.003240587922
2704	0.001153098482
2705	0.000105663809
2706	0.0004932561537
2707	0.005137966561
2708	0.002622093378
2709	0.001418257692
2710	0.00136430436
2711	0.005056365782
2712	0.0003195950054
2713	0.001394637798
2714	0.000773320287
2715	0.001099305945
2716	0.002499111076
2717	0.002815413929
2718	0.0002961668085
2719	2.222783898e-05
2720	0.0002839315913
2721	0.0006133274328
2722	0.0002716818855
2723	0.002043467794
2724	0.002990495274
2725	0.001889802089
2726	3.508580672e-05
2727	0.001069841051
2728	0.003483601015
2729	1.350346951e-05
2730	0.006376987882
2731	0.004159190188
2732	0.001140489562
2733	0.003193763428
2734	0.001600230967
2735	0.005366564838
2736	0.0005644136004
2737	0.0002618039231
2738	0.001240320104
2739	0.000473556038
2740	0.004964762828
2741	0.00521517584
2742	0.003022622286
2743	0.003533136975
2744	0.003537819043
2745	0.006048604682
2746	0.002768572044
2747	0.002401691175
2748	0.004348634819
2749	0.001527657699
2750	0.0001454253709
2751	0.0004509826097
2752	0.001439059895
2753	0.002162851047
2754	0.0001484457305
2755	0.000384980025
2756	0.002730442393
2757	0.00282423841
2758	1.816530358e-07
2759	2.724795624e-07
2760	0.0007953155196
2761	0.002221203551
2762	7.3098515e-05
2763	0.0003552186789
2764	0.0004967472642
2765	0.0005520871369
2766	0.001097655165
2767	0.002103791063
2768	0.001810478156
2769	0.001462842715
2770	0.005654090122
2771	0.0001814088361
2772	0.007135309361
2773	0.0005615945232
2774	0.0009956175895
2775	0.0005381785175
2776	0.000553612404
2777	0.001242994968
2778	0.0002553832856
2779	0.002996479901
2780	0.002779103158
2781	0.00219366661
2782	0.001946694686
2783	0.003942714414
2784	0.0003691293154
2785	0.004532489861
2786	0.0001729402499
2787	0.001977882577
2788	0.001330993806
2789	0.001630906258
2790	0.00827910473
2791	0.000631233696
2792	0.0001113183472
2793	0.001731318486
2794	0.0002698357234
2795	0.001412044029
2796	0.005248768442
2797	0.00126159561
2798	0.0003729722945
2799	0.0009293718153
2800	0.002625352473
2801	0.001075914357
2802	5.892409458e-05
2803	0.0003752694328
2804	0.004664782963
2805	0.002054465152
2806	0.0003409463472
2807	0.005184461236
2808	0.0002105205785
2809	0.0008207016544
2810	0.0004380243625
2811	0.002308988116
2812	0.001644563592
2813	0.002275577939
2814	0.002722346278
2815	0.002605341887
2816	0.0005359282092
2817	0.001934060493
2818	0.001639729979
2819	8.974085834e-05
2820	0.007334774324
2821	0.0004391822176
2822	0.00476573062
2823	0.005187002431
2824	0.001925171936
2825	6.859227252e-05
2826	0.0008802460906
2827	0.0009571804471
2828	0.002340019547
2829	0.002687876436
2830	0.0002518973508
2831	0.0005186928965
2832	0.003288314822
2833	0.001816742961
2834	0.00325917354
2835	2.813156612e-05
2836	0.001960315093
2837	0.001313786134
2838	0.00224742574
2839	0.001742436847
2840	0.001936428381
2841	0.0009348942237
2842	0.0003686748845
2843	0.004068174405
2844	0.001954645953
2845	0.004853615851
2846	0.003179411553
2847	0.003376001919
2848	0.000124252875
2849	0.0006647875193
2850	0.0007319736008
2851	4.632152591e-06
2852	4.632152591e-06
2853	0.001401704991
2854	0.000544928236
2855	5.267938235e-06
2856	3.81471388e-06
2857	0.005119421453
2858	8.061032427e-06
2859	0.003633091726
2860	0.0001168919509
2861	0.0049409641
2862	0.002278068279
2863	0.004570860379
2864	0.0006203368894
2865	1.869815323e-05
2866	0.002383489227
2867	0.001089570731
2868	0.001908901132
2869	0.0008887676563
2870	0.00112239252
2871	0.002182856204
2872	0.003988943125
2873	0.0001125693108
2874	0.0007896928561
2875	1.435059039e-06
2876	8.174387319e-07
2877	0.001416873168
2878	0.001225622671
2879	0.004656466695
2880	0.001793478159
2881	0.000850905279
2882	0.00116948404
2883	0.0003481636324
2884	0.001165856586
2885	0.00354943273
2886	0.0006674804339
2887	0.00664712356
2888	0.0008986726715
2889	0.002478579292
2890	0.002312393788
2891	0.002141409996
2892	0.002059906094
2893	0.001367761216
2894	6.701982467e-05
2895	0.00398756116
2896	0.002348070889
2897	0.0009783736016
2898	0.0001706818154
2899	0.0005278227686
2900	8.693273178e-05
2901	0.001328076432
2902	0.001808033166
2903	0.0009744466072
2904	0.0009978974086
2905	0.0005597189248
2906	0.0001935032489
2907	3.368839264e-05
2908	0.001155059581
2909	1.874729602e-05
2910	0.002097429271
2911	0.001173343892
2912	0.001488569795
2913	0.002509809961
2914	0.0006632205356
2915	0.000809197338
2916	2.452316075e-06
2917	2.452316075e-06
2918	0.002865484007
2919	0.0004049393788
2920	0.0005910631502
2921	0.002513707508
2922	0.002165927782
2923	0.0001164189333
2924	5.449591279e-07
2925	5.449591279e-07
2926	0.007143448039
2927	0.0001620196324
2928	3.814713933e-06
2929	3.814713933e-06
2930	0.002562454093
2931	0.003883711742
2932	0.003253024124
2933	0.004123253728
2934	0.0002170685119
2935	0.0007457441788
2936	0.001419933422
2937	0.001276834839
2938	3.04119649e-05
2939	0.002794395091
2940	0.0002850334847
2941	0.003561783206
2942	0.001310304532
2943	0.00231994025
2944	0.0008453240547
2945	0.0008107219509
2946	0.0001124442456
2947	0.0002312368217
2948	0.000907369269
2949	3.941871074e-06
2950	2.179836471e-06
2951	0.003014864236
2952	0.001209147033
2953	0.0002066283336
2954	0.001011554348
2955	0.004704143294
2956	0.0008268433013
2957	0.0004426121972
2958	0.0003579198165
2959	0.002469807013
2960	0.001231241481
2961	0.00114532163
2962	0.001871949991
2963	0.006310275472
2964	0.002547790134
2965	0.005764967955
2966	0.0007169755605
2967	0.0001045629179
2968	0.004159588142
2969	0.00372762276
2970	0.004376944034
2971	0.001150335075
2972	0.0007280791987
2973	0.0001012985691
2974	0.0003317706017
2975	0.003170653169
2976	0.002048414773
2977	0.002793143152
2978	0.0005415421549
2979	0.006540639839
2980	0.003042016187
2981	0.0001840776343
2982	0.00405425082
2983	0.003532107799
2984	0.002343638395
2985	0.001009755679
2986	0.0003930046366
2987	0.004093824886
2988	0.003454215588
2989	0.002571600873
2990	0.003411811688
2991	0.002412810408
2992	0.002507914533
2993	0.002627889114
2994	0.0001838597563
2995	0.0003875799856
2996	0.000965508133
2997	0.00163114287
2998	0.002119422902
2999	0.001589238593
3000	0.0001786044884
3001	0.0004230153362
3002	0.001496722196
3003	0.0005548643227
3004	0.0008699807676
3005	0.0003768692096
3006	0.0002947368905
3007	0.001394069867
3008	0.001666833383
3009	0.0008394654944
3010	0.002409288221
3011	0.002364381214
3012	0.0002858315115
3013	0.0006132831606
3014	0.0052144159
3015	0.007343905038
3016	0.002474014484
3017	0.001418410445
3018	0.001075683143
3019	0.00122369465
3020	0.0002549319891
3021	0.004267997908
3022	0.0003473569904
3023	0.0005913988918
3024	0.000796864346
3025	0.0005587976737
3026	2.702008592e-05
3027	5.12416884e-05
3028	4.959128067e-06
3029	8.44686646e-06
3030	0.004816547583
3031	0.0005366815249
3032	0.000138568369
3033	0.001084335282
3034	0.004688236907
3035	0.00132167279
3036	0.002925680038
3037	0.0003875606811
3038	0.0003440886291
3039	0.003023759655
3040	0.0006105510736
3041	0.001238687758
3042	0.0005139094865
3043	0.00422063598
3044	0.0008818301468
3045	0.0001997426956
3046	0.0009798671177
3047	0.003230819811
3048	0.002230703939
3049	0.001369286876
3050	0.0004108671475
3051	6.730985041e-05
3052	0.001329935409
3053	0.0007333097741
3054	0.001134492105
3055	0.001193116764
3056	0.002720905314
3057	0.003456305137
3058	0.001516900338
3059	0.0003136315035
3060	0.002179929427
3061	0.00202750112
3062	0.001827298496
3063	1.634877421e-06
3064	8.174387332e-07
3065	5.449591287e-07
3066	5.449591287e-07
3067	0.001633925634
3068	0.001538384784
3069	0.0007121528324
3070	0.002425950317
3071	0.00122012064
3072	0.00115871802
3073	0.001857777327
3074	2.333966326e-07
3075	0.0001364590863
3076	0.003596479473
3077	0.001204134556
3078	0.0003793771685
3079	0.001765054224
3080	0.0001258225809
3081	0.0008248913859
3082	0.002144568732
3083	0.005142942781
3084	0.001109047416
3085	0.0005797203796
3086	0.0009287570109
3087	0.0009965369204
3088	0.0004144118966
3089	0.001264352095
3090	0.00293209707
3091	0.002216290057
3092	0.0003151262719
3093	0.0006013076882
3094	0.003016239595
3095	0.001475080061
3096	0.0004165476799
3097	4.087193459e-06
3098	4.087193459e-06
3099	0.000731464277
3100	0.0007504447898
3101	0.002563364114
3102	0.0002394453107
3103	0.001533815071
3104	1.92433921e-05
3105	0.0008402679159
3106	0.0004854568103
3107	0.002837490655
3108	0.001073913984
3109	0.0001642090508
3110	4.102104868e-05
3111	0.0008201654701
3112	0.0003721157583
3113	0.002191212732
3114	0.0008346400593
3115	0.00144019241
3116	0.001937937162
3117	0.003328614094
3118	0.0008266677783
3119	0.0005192445542
3120	0.000144298726
3121	0.002056199502
3122	0.0013887483
3123	0.001715056603
3124	0.001025364542
3125	0.003517565682
3126	0.0004970634961
3127	4.268846498e-06
3128	0.003029631823
3129	0.0009847747029
3130	0.0003471568041
3131	0.0006247843561
3132	4.812547054e-05
3133	0.000413483259
3134	0.0003866903276
3135	1.45662884e-05
3136	4.554144006e-05
3137	0.00176902557
3138	3.943647421e-05
3139	0.00519683305
3140	1.907356953e-06
3141	1.907356953e-06
3142	0.0002718751502
3143	0.006599374362
3144	0.0004201680127
3145	0.0001264090946
3146	0.005058603668
3147	0.003540198925
3148	2.054397494e-05
3149	0.001791303938
3150	0.001119272906
3151	0.001074050829
3152	0.0001755941391
3153	0.00149831723
3154	0.002838864124
3155	0.004026481318
3156	0.004132643862
3157	0.001356111374
3158	0.0003590970518
3159	0.000525018703
3160	0.0014999975
3161	3.543602405e-05
3162	9.3917714e-06
3163	0.002789415463
3164	0.001670190425
3165	0.00160950526
3166	7.475146673e-05
3167	0.0006248252855
3168	6.267029975e-06
3169	6.267029975e-06
3170	0.001476993902
3171	0.0009549173918
3172	5.424231217e-06
3173	0.0001648889855
3174	0.002837366656
3175	0.0009510252889
3176	0.002094436086
3177	4.904632149e-06
3178	4.904632149e-06
3179	0.007193686638
3180	0.0001894862394
3181	0.005562408426
3182	0.003077899589
3183	0.001214798801
3184	0.0008890741307
3185	0.0005856611012
3186	0.002606008314
3187	0.003193875297
3188	0.001084054563
3189	0.002266543556
3190	0.001762168877
3191	0.001349793154
3192	0.004432592911
3193	0.002853642143
3194	0.001235406413
3195	0.001731830281
3196	0.00211972092
3197	0.0008727295142
3198	2.825745908e-05
3199	0.002676542919
3200	0.0003454438559
3201	0.0008619763724
3202	0.0002069086003
3203	0.0004947120716
3204	8.817179703e-05
3205	0.0009512688253
3206	0.001062364102
3207	0.000450979223
3208	0.002779374427
3209	0.0008129080336
3210	0.005372977371
3211	0.003834806209
3212	0.000228059095
3213	0.0005084703052
3214	0.002074608534
3215	0.000352901498
3216	0.001819563405
3217	0.001963511594
3218	0.002777673693
3219	7.756349009e-06
3220	0.00207409893
3221	0.0005235800526
3222	5.722070845e-06
3223	5.722070845e-06
3224	0.001116676555
3225	2.353251261e-05
3226	5.206018044e-05
3227	0.00167271472
3228	0.001413756863
3229	1.089918216e-06
3230	1.089918216e-06
3231	2.724795638e-07
3232	0.0001626995312
3233	0.0002426557373
3234	0.003256460131
3235	0.009943131098
3236	0.004125009506
3237	0.005966018826
3238	0.0004170864981
3239	0.0006363599793
3240	0.0002487177061
3241	0.0004531389172
3242	0.00360114558
3243	0.005415689451
3244	0.000135844766
3245	0.0001163706983
3246	0.001497717512
3247	0.003287681415
3248	0.0007776409012
3249	0.0005076905289
3250	0.000315701619
3251	0.004087184514
3252	3.579543301e-05
3253	0.000392815147
3254	0.004114540349
3255	0.003245600244
3256	0.001488872863
3257	1.907356956e-06
3258	1.907356956e-06
3259	0.002012135882
3260	4.90463215e-06
3261	4.90463215e-06
3262	0.000668243489
3263	0.000819091204
3264	0.0003169876713
3265	0.002043427664
3266	0.001965803611
3267	3.337207757e-06
3268	0.0004972858026
3269	0.001114519272
3270	1.907356949e-06
3271	1.907356949e-06
3272	0.002873439591
3273	0.002815210854
3274	0.0002426045815
3275	0.0005634733247
3276	0.005727931994
3277	0.00357603536
3278	0.001715424278
3279	0.002948578691
3280	0.0001373827747
3281	6.726132397e-05
3282	0.004028721808
3283	0.001166870663
3284	0.0004025791576
3285	0.002072404517
3286	4.439890503e-05
3287	0.001101986291
3288	0.0009290757106
3289	0.001260565962
3290	0.00308985231
3291	0.002797101742
3292	0.002254032658
3293	0.003121866305
3294	0.0016971865
3295	0.0009468110273
3296	0.001567846162
3297	0.002335015769
3298	0.00299094319
3299	0.003358526071
3300	0.001216608089
3301	0.0008195989725
3302	0.003008558533
3303	0.001562609478
3304	0.002970937405
3305	0.0009011059977
3306	0.0005773200433
3307	0.002854368666
3308	0.0003922816584
3309	0.0007090273536
3310	0.003376546577
3311	0.0006556381748
3312	0.0009751518371
3313	0.001504030331
3314	0.005652855113
3315	0.001739001267
3316	0.0006258117561
3317	0.002083955082
3318	0.002426571982
3319	0.003538754811
3320	0.0001737147274
3321	0.001259718487
3322	0.002822198569
3323	0.00220700232
3324	0.002097283591
3325	0.0001488186884
3326	0.004433880541
3327	0.001781647125
3328	0.003203825002
3329	0.0002528489562
3330	0.001978043472
3331	0.00181486724
3332	0.0004136054955
3333	2.743470546e-05
3334	0.001124720183
3335	0.000192015146
3336	0.001281399468
3337	0.003159019504
3338	0.004631264231
3339	0.00136461123
3340	0.002051588673
3341	0.002165304634
3342	1.593265073e-05
3343	0.0004835738376
3344	0.002419889177
3345	0.002272583193
3346	0.000366900955
3347	0.001303806464
3348	0.000171046163
3349	0.001439648576
3350	0.001219237045
3351	5.591209923e-05
3352	7.662871889e-06
3353	0.0003634703729
3354	0.002084000266
3355	0.001933513818
3356	0.0003622529473
3357	3.542234305e-06
3358	3.542234305e-06
3359	0.0001582347816
3360	0.0006375003678
3361	0.007429641751
3362	0.003731744738
3363	6.974911587e-05
3364	0.0007295236561
3365	0.001163913601
3366	0.0002161907713
3367	0.001265369791
3368	0.001210038745
3369	0.004121441536
3370	0.003898413148
3371	0.003911357601
3372	0.0008545015919
3373	0.002718427609
3374	0.002555234722
3375	0.006685771508
3376	0.003492184398
3377	0.001864130771
3378	0.002161398241
3379	0.006262962174
3380	0.00159674962
3381	0.002384900088
3382	0.002800683039
3383	0.0007992414357
3384	0.001914961383
3385	0.00209792631
3386	0.00135652741
3387	1.907356932e-06
3388	1.907356932e-06
3389	0.003943333598
3390	0.003496336116
3391	0.004256429209
3392	0.00143865554
3393	6.972189174e-05
3394	0.001245350192
3395	4.012992416e-05
3396	0.001587615387
3397	4.450499545e-06
3398	6.267029926e-06
3399	0.005204368621
3400	0.00123978961
3401	0.001427982293
3402	0.004345805658
3403	0.003407259737
3404	0.00073750956
3405	0.00124028494
3406	0.001371185491
3407	0.004224402528
3408	0.001735401381
3409	0.001692903957
3410	0.0006228076594
3411	0.0009371693457
3412	0.002035099972
3413	0.0003808796951
3414	0.0006803450115
3415	0.003403922303
3416	0.004584867939
3417	0.0005633510619
3418	0.0025950052
3419	0.002731089226
3420	3.706765655e-05
3421	0.001335060765
3422	0.003952828343
3423	0.002689938318
3424	0.002842117851
3425	0.0001828815191
3426	0.003255444571
3427	0.0005927791254
3428	0.002053857817
3429	0.00177281402
3430	0.001674088414
3431	0.001823760709
3432	0.001308138863
3433	0.002738235841
3434	0.000355870652
3435	0.002568797724
3436	0.0004539732878
3437	0.0002646077657
3438	0.001186317422
3439	0.001176258716
3440	0.0006700952128
3441	0.006026766271
3442	0.001707766626
3443	0.0001807621738
3444	0.0003256681973
3445	0.002175576181
3446	0.001488334151
3447	0.002818837001
3448	0.0001301217402
3449	0.0004046083947
3450	0.002106713535
3451	0.0001653663657
3452	0.002207596433
3453	0.0005015615808
3454	0.005275663163
3455	0.0008930138477
3456	0.001794404819
3457	0.002605484923
3458	0.001953293898
3459	0.0002228169114
3460	0.003003874462
3461	0.0002195079241
3462	2.874916276e-05
3463	0.001090478741
3464	0.001091718463
3465	0.0005100086093
3466	0.002189390706
3467	0.0008500835435
3468	0.005125861125
3469	0.001686712597
3470	0.003280828156
3471	0.001264152392
3472	0.004482863778
3473	0.001640496019
3474	2.179836512e-06
3475	2.179836512e-06
3476	3.010646895e-05
3477	0.0005314381641
3478	2.587734012e-05
3479	6.56873129e-05
3480	0.00148070006
3481	0.0005106507916
3482	0.002363275621
3483	0.0001081428461
3484	0.0009276052391
3485	0.000719648446
3486	0.0007818850682
3487	5.177111694e-06
3488	5.177111694e-06
3489	0.0005849078434
3490	1.607629428e-05
3491	1.825613078e-05
3492	0.001819665375
3493	0.00110331838
3494	0.002777088324
3495	0.0006268459177
3496	0.0005098041926
3497	0.001889358313
3498	0.0006735343729
3499	0.0001383821287
3500	0.002865687123
3501	0.003417355849
3502	0.001778060783
3503	0.002082647604
3504	0.001997117104
3505	1.089918257e-06
3506	1.089918257e-06
3507	0.002074107058
3508	0.001599124307
3509	0.000247452435
3510	0.00044962701
3511	0.001007468187
3512	0.0007700725912
3513	0.0005408705214
3514	0.003631481644
3515	0.0001139759101
3516	0.0003704509768
3517	0.0002947448175
3518	0.002206543523
3519	1.945823008e-05
3520	0.0001370045049
3521	0.001035206019
3522	0.0001108946225
3523	0.001798223971
3524	0.002059804489
3525	0.001765534497
3526	0.001569709063
3527	0.0001388509243
3528	5.47925478e-05
3529	0.0001657055435
3530	0.001117020955
3531	0.003666091544
3532	0.002696076189
3533	6.532968264e-05
3534	0.003279103907
3535	0.0005329800093
3536	0.001505038875
3537	5.788266724e-05
3538	0.0009581626803
3539	0.0008682483089
3540	0.00329440456
3541	0.001113584227
3542	0.004805009599
3543	0.001359340048
3544	1.059233978e-05
3545	0.0006173367231
3546	0.001018942632
3547	0.003821098219
3548	0.0002786283288
3549	0.0009274848376
3550	0.001137593136
3551	0.0005280183704
3552	0.0009920889408
3553	0.006508172162
3554	0.0001343047532
3555	0.00131677298
3556	0.002694499393
3557	0.002239985412
3558	0.000483991029
3559	0.002358012789
3560	0.002681307772
3561	0.0007355112949
3562	0.0008643214463
3563	0.0003561176972
3564	0.002927668853
3565	0.00213696289
3566	0.0002570223334
3567	0.0002065426117
3568	0.0001017434882
3569	0.0002476392551
3570	0.000385667954
3571	0.0007796325049
3572	0.0005958275219
3573	0.001727237101
3574	1.907356951e-06
3575	1.907356951e-06
3576	0.002439780401
3577	0.001257275021
3578	0.001248992091
3579	0.001349032553
3580	0.0004544375653
3581	0.002031684957
3582	0.0001452118509
3583	0.0007709082678
3584	0.001531234937
3585	0.00457268447
3586	0.004656400036
3587	3.67640473e-05
3588	0.0002277671364
3589	0.0001488258978
3590	0.004427134749
3591	0.001958866292
3592	0.001577879533
3593	0.00303062424
3594	0.002948540471
3595	0.0001489883045
3596	0.006807414804
3597	0.003061962155
3598	0.003223182848
3599	0.002484285372
3600	0.0001122082258
3601	0.003599642676
3602	0.001008210021
3603	2.667005411e-05
3604	0.002625512316
3605	1.089918255e-06
3606	1.089918255e-06
3607	0.0004560604954
3608	0.001312746057
3609	0.002998309976
3610	0.00121538981
3611	0.002958400067
3612	0.0003052377078
3613	0.001965902978
3614	0.00196282259
3615	0.004836003144
3616	4.979102048e-06
3617	0.003424815564
3618	0.002255180762
3619	0.002919847829
3620	0.004607486682
3621	0.002569068825
3622	0.001255218028
3623	0.004893154285
3624	0.001076151681
3625	0.002484993313
3626	0.0003304850719
3627	6.588503098e-06
3628	0.0002459626072
3629	0.0003404540959
3630	0.0003098249878
3631	0.003725641642
3632	0.003641404644
3633	0.0003072794203
3634	0.001758435715
3635	0.004255631894
3636	0.002720679465
3637	0.001197221442
3638	0.0016315276
3639	0.003101771032
3640	0.001962346102
3641	0.0004057471868
3642	0.0006745281928
3643	0.000844723549
3644	0.001123252978
3645	0.0001486036552
3646	1.128344997e-05
3647	0.002724813297
3648	0.001055760896
3649	0.002486820485
3650	0.00085062874
3651	0.0009631170899
3652	0.001540409451
3653	1.035422385e-06
3654	0.001587415188
3655	1.494740045e-05
3656	0.00228579169
3657	0.0009760109272
3658	0.00149121559
3659	3.814738239e-15
3660	3.814738239e-15
3661	0.001352762979
3662	0.0006799468187
3663	0.002035675404
3664	0.001296377956
3665	0.002733690884
3666	0.003428192592
3667	0.003893454224
3668	9.151412931e-06
3669	0.001326323341
3670	2.452316076e-06
3671	0.0008041276252
3672	0.005339235868
3673	0.000584530902
3674	0.0005398692433
3675	0.001020649586
3676	0.001447629673
3677	0.002511697862
3678	0.001646567481
3679	0.003153817717
3680	0.001172307258
3681	0.0007013353004
3682	0.001504729937
3683	0.0001643685952
3684	3.471484011e-05
3685	0.005199567821
3686	0.002991239464
3687	8.733095225e-05
3688	7.326815802e-05
3689	0.000537101739
3690	2.939885301e-06
3691	0.000559477968
3692	0.004577753136
3693	0.003531344721
3694	0.001555242764
3695	0.002716518154
3696	0.007911769632
3697	0.001934792181
3698	0.001269835784
3699	0.003380166895
3700	0.006960981527
3701	0.001654311344
3702	0.0006953036585
3703	0.001804753148
3704	0.0006118718593
3705	0.000517236357
3706	0.001850195193
3707	0.002428576612
3708	0.002326554653
3709	0.001545335902
3710	0.0004214438753
3711	0.004706692369
3712	0.0005743039255
3713	0.002894136977
3714	0.01045983598
3715	0.003585423954
3716	0.0005701394981
3717	0.001819493099
3718	0.0007185862262
3719	0.0007450877388
3720	0.0002231206949
3721	0.001125271984
3722	0.0004441999516
3723	0.0057272204
3724	0.001581526436
3725	0.003175375966
3726	6.811989104e-06
3727	6.811989104e-06
3728	1.907356948e-06
3729	1.907356948e-06
3730	0.0004958343633
3731	0.002183113097
3732	0.001837371893
3733	0.0009817896184
3734	0.002679775829
3735	0.001547846239
3736	0.0002383832483
3737	0.0009394672806
3738	0.0001002496483
3739	2.432420742e-05
3740	0.0002178345336
3741	2.347062561e-05
3742	0.003780010178
3743	0.001003635362
3744	0.001149240584
3745	0.002294301913
3746	0.004684201221
3747	0.0001437115731
3748	3.269754815e-06
3749	3.269754815e-06
3750	0.001444647003
3751	1.678678577e-06
3752	0.003276178991
3753	0.001107147577
3754	0.001482175751
3755	0.002316801922
3756	0.0001603131323
3757	0.006839115428
3758	0.006066064091
3759	0.0003369610605
3760	0.001439244016
3761	8.138050152e-05
3762	0.003734180073
3763	0.001369647217
3764	0.003848456608
3765	0.001007803355
3766	0.0007905569533
3767	0.0003811909682
3768	0.002661363224
3769	0.007453899069
3770	5.449591283e-06
3771	5.449591283e-06
3772	0.0005011402487
3773	0.002633389759
3774	0.001566728551
3775	0.0009678658553
3776	5.578262216e-06
3777	2.724795645e-06
3778	2.724795645e-06
3779	0.0005402415358
3780	6.787414339e-05
3781	0.0009701511733
3782	0.001921821002
3783	0.0008127607351
3784	0.0003398321989
3785	0.0006304766455
3786	0.002018545682
3787	0.0009894304173
3788	4.087193456e-06
3789	4.087193456e-06
3790	0.001706394169
3791	0.005620421275
3792	0.004089254947
3793	0.0005245706378
3794	0.002262816412
3795	0.001103731429
3796	0.00284667626
3797	0.00641524024
3798	0.001684284041
3799	0.001229118221
3800	0.002163556699
3801	0.002760576699
3802	0.001193988429
3803	0.004002016125
3804	0.003512107836
3805	4.344102743e-06
3806	0.0005969218595
3807	0.001511755433
3808	0.0002668799327
3809	0.004027048987
3810	0.003077040779
3811	0.0008955423747
3812	0.008518899794
3813	0.001601610542
3814	0.00111434574
3815	0.0007409769646
3816	2.906448683e-06
3817	6.993642143e-06
3818	0.00065231703
3819	0.003030140919
3820	0.001842918392
3821	0.0001536798022
3822	0.004563961775
3823	0.005331494039
3824	0.0009216140834
3825	0.004453041146
3826	0.0002964319904
3827	0.001913511426
3828	0.006046620878
3829	0.001105669605
3830	0.001595397532
3831	0.001680326555
3832	0.003376598975
3833	0.00028327954
3834	0.001288732505
3835	4.287011847e-06
3836	0.003019452538
3837	1.089918274e-06
3838	1.089918274e-06
3839	0.000621397894
3840	0.0001169969187
3841	0.0009932686167
3842	0.00146322979
3843	0.001560126007
3844	0.001759356483
3845	0.002531755782
3846	0.0004548186367
3847	0.002123924809
3848	0.000374890881
3849	0.001837650516
3850	0.0002795767201
3851	0.0008687404183
3852	0.0003898306741
3853	1.07283449e-05
3854	0.0006306831882
3855	0.00128385525
3856	0.002295955848
3857	0.002213840943
3858	0.004746287065
3859	0.0009267142272
3860	0.004074767744
3861	0.0005470110195
3862	0.002106897754
3863	0.0005616240847
3864	0.001883129153
3865	0.005844367584
3866	2.522243989e-05
3867	0.0006187031665
3868	0.00380941886
3869	0.002123103501
3870	0.001340996846
3871	0.0004224252129
3872	0.0002063735669
3873	7.266121709e-07
3874	0.001568656763
3875	0.004262081868
3876	0.004088356135
3877	0.001194199136
3878	0.0004891949111
3879	0.001264555553
3880	6.534319451e-06
3881	0.001064704847
3882	4.583675873e-05
3883	0.0001048916943
3884	0.0002235804626
3885	0.004959700099
3886	0.004724102978
3887	0.001396847645
3888	0.002299010998
3889	3.01081564e-06
3890	0.001323156235
3891	0.004400147851
3892	4.07531283e-05
3893	0.0002140346199
3894	0.0001094824617
3895	0.0003465726301
3896	0.001309400254
3897	0.0003946709841
3898	6.630336059e-06
3899	1.089918258e-06
3900	0.0004226770155
3901	0.002447804435
3902	0.002232556027
3903	0.00286527736
3904	0.001604464173
3905	0.0001164613365
3906	0.001677709568
3907	0.002073040411
3908	0.002133856488
3909	0.002100448007
3910	0.003105947325
3911	5.722070844e-06
3912	5.722070844e-06
3913	0.002269725294
3914	0.001340055465
3915	3.153696648e-05
3916	0.001588788522
3917	3.143449596e-05
3918	0.002447462977
3919	0.007287487587
3920	0.0006844047137
3921	0.005430496449
3922	0.007396252062
3923	0.007120863529
3924	0.0001811262849
3925	3.272019229e-05
3926	0.0007701172587
3927	0.002586697537
3928	1.230200018e-05
3929	0.002541840226
3930	0.001137611002
3931	0.002953475399
3932	4.025702198e-05
3933	0.0008589562823
3934	0.0002834205786
3935	1.104772688e-05
3936	0.00319553777
3937	0.002920743239
3938	0.0007647028158
3939	0.001181199377
3940	1.065933759e-05
3941	0.002150271215
3942	0.0006789675133
3943	0.004622018789
3944	0.002758788326
3945	0.002432938028
3946	0.002014151248
3947	0.000252968408
3948	0.002779768267
3949	0.0002612853454
3950	0.001419552808
3951	0.001947472585
3952	0.001235458552
3953	0.001424672497
3954	0.003776037408
3955	0.002668747724
3956	0.002615615198
3957	0.00400697953
3958	0.000327480144
3959	0.0009797113849
3960	0.00272721361
3961	0.001625143912
3962	0.001207048779
3963	0.0001883476338
3964	0.002639297182
3965	2.543142598e-06
3966	4.632152574e-06
3967	0.0009851872004
3968	0.002738575902
3969	0.001147904405
3970	0.0002046947996
3971	0.001420852313
3972	0.001897651306
3973	0.002349986439
3974	0.0005285724447
3975	6.74481091e-05
3976	0.002760811331
3977	4.904632126e-06
3978	4.904632126e-06
3979	0.0002757211854
3980	6.020559423e-05
3981	1.744669351e-05
3982	1.735694822e-05
3983	0.0005359390288
3984	0.001407788151
3985	0.0006748192256
3986	0.0002389352396
3987	0.002688758415
3988	0.002053567252
3989	0.0005125874231
3990	4.160648279e-05
3991	0.0004510496867
3992	0.001695484757
3993	0.002501760025
3994	0.0005960187383
3995	0.002409125574
3996	0.0007985195786
3997	0.003152777233
3998	0.001846401908
3999	0.0004050273642
4000	0.0009953233734
4001	0.001325672441
4002	0.0001024973726
4003	0.005252252502
4004	0.001778122736
4005	0.002130427431
4006	0.001934457743
4007	0.00389607034
4008	0.0003334273618
4009	0.002648342448
4010	0.00074799991
4011	0.001173721989
4012	0.001435403595
4013	0.0009299931791
4014	0.001768078595
4015	2.633969118e-06
4016	2.724796054e-07
4017	0.002466897987
4018	0.001202342235
4019	0.000503096908
4020	0.001042924569
4021	0.0002226462215
4022	0.002090663391
4023	0.0005051421661
4024	0.000749608386
4025	0.001871827354
4026	5.940054492e-06
4027	5.177111741e-06
4028	0.0005173774492
4029	0.0005978281819
4030	0.004423334738
4031	0.0005650170322
4032	0.0009727558424
4033	0.001499105447
4034	0.001516649384
4035	0.000586325143
4036	0.002226169785
4037	0.004719988507
4038	0.0001378137087
4039	0.001387763031
4040	0.002857483323
4041	0.001443430593
4042	0.0009750803853
4043	0.0005486713575
4044	0.001719692014
4045	0.000953938935
4046	0.001494534129
4047	0.004504586548
4048	0.0003285448486
4049	6.448683019e-06
4050	1.307901907e-05
4051	0.004066776461
4052	0.002847267541
4053	0.002133711973
4054	0.0004144502457
4055	0.001375598541
4056	0.002206064284
4057	0.003004567459
4058	0.0005474802336
4059	0.001779764653
4060	5.349467438e-06
4061	0.004909563342
4062	0.002099396067
4063	0.005997943402
4064	5.244064034e-05
4065	0.001444311438
4066	0.005603895505
4067	0.0009185137
4068	0.0008020433369
4069	0.0005991959728
4070	0.001016057491
4071	0.0008184057704
4072	0.000535334387
4073	0.000228273394
4074	0.0011289106
4075	0.002337359994
4076	0.001749696626
4077	0.001120249557
4078	0.003049065512
4079	0.001939641565
4080	0.00436420664
4081	0.004323113916
4082	2.179836509e-06
4083	2.179836509e-06
4084	7.435623917e-05
4085	0.0001513035913
4086	0.0009376622331
4087	0.0003767996735
4088	0.0007550492406
4089	0.00282735861
4090	0.003827322831
4091	0.001463678894
4092	0.000404076605
4093	0.001328675897
4094	0.004423235777
4095	0.001945356283
4096	0.004891173392
4097	0.00025100886
4098	0.001864069888
4099	0.002079536155
4100	0.0008579493463
4101	6.539509506e-06
4102	1.416893734e-05
4103	1.057983507e-05
4104	0.0005167736886
4105	5.903723892e-06
4106	7.629427796e-06
4107	0.003093039913
4108	0.001197247929
4109	0.0006964277748
4110	0.002767329655
4111	0.001208148901
4112	0.00108165696
4113	0.0006260884229
4114	0.001814802999
4115	0.0002051245257
4116	0.0005164663169
4117	0.003384032609
4118	0.002408863498
4119	0.0005167564516
4120	0.001828882612
4121	6.430517713e-06
4122	0.0006335019643
4123	0.0005348383338
4124	0.002266047644
4125	0.00160833115
4126	0.000246572203
4127	0.000163678236
4128	0.0002818862777
4129	0.0002293801898
4130	0.0002764785787
4131	0.0009452129969
4132	0.00418564652
4133	0.002164768374
4134	0.0002143890969
4135	0.00199274552
4136	0.001733759236
4137	0.006167984811
4138	0.0005486828232
4139	0.001185494846
4140	0.0007347008951
4141	0.002416094868
4142	2.99345762e-06
4143	0.001218033778
4144	0.0008664449766
4145	0.0005483528443
4146	0.00213777467
4147	0.0002123534194
4148	0.0008460860751
4149	0.0004839508062
4150	0.0006834267363
4151	1.500501232e-05
4152	0.0003139548508
4153	0.0008440124849
4154	0.0002273503961
4155	0.001166754867
4156	0.002100025907
4157	0.0008133425538
4158	0.00142529215
4159	0.002766202953
4160	0.000857289433
4161	0.00526278239
4162	0.002577932564
4163	0.002763660145
4164	0.001801413428
4165	1.362397867e-06
4166	1.362397867e-06
4167	0.001875535116
4168	0.0007561569251
4169	0.002183113256
4170	0.001817758492
4171	0.003767697593
4172	0.002043184658
4173	0.001928190027
4174	1.008174387e-05
4175	9.809264302e-06
4176	1.089918438e-07
4177	6.267029996e-06
4178	0.003240425533
4179	0.004411420217
4180	0.0005084743614
4181	0.0001280640102
4182	0.002871867009
4183	0.005687826408
4184	0.001214211175
4185	3.710612024e-05
4186	0.003795338369
4187	2.731844652e-05
4188	0.004460356238
4189	0.004365661684
4190	0.003570735579
4191	4.087193462e-06
4192	4.087193462e-06
4193	0.00182570619
4194	0.001231263612
4195	0.0001245825061
4196	0.003903105182
4197	0.0008553711441
4198	0.002162336983
4199	0.0002238957798
4200	0.0007069374143
4201	0.0004120238181
4202	0.001794898701
4203	0.002480666338
4204	0.001581158319
4205	0.0005929869044
4206	0.000237706242
4207	0.001153991455
4208	0.001661164704
4209	0.002274830287
4210	0.003050401813
4211	0.0002729066811
4212	0.006657979691
4213	0.001212174113
4214	0.003643764661
4215	0.001861751555
4216	0.0002959018768
4217	0.0007865036177
4218	0.00450502097
4219	0.001439018982
4220	0.0007981505051
4221	0.0006740896807
4222	0.001236871345
4223	9.247045622e-05
4224	0.004441790394
4225	0.001957364105
4226	0.002326545945
4227	0.0005117387272
4228	0.0007658845854
4229	0.0001195155134
4230	0.001727390699
4231	0.001305878553
4232	0.001016222876
4233	4.886830452e-05
4234	5.879111201e-06
4235	0.0006594264675
4236	0.001380473792
4237	0.0002317585796
4238	0.001131514548
4239	0.004005444119
4240	0.001247483773
4241	0.0009290255811
4242	0.00367030115
4243	1.295280562e-05
4244	0.0004894510106
4245	3.847633099e-06
4246	0.003611230702
4247	0.0002715346052
4248	0.001129353021
4249	0.0007119154473
4250	0.0001168418761
4251	0.0002625166322
4252	0.001528077957
4253	0.003253851089
4254	0.0006536729648
4255	1.66212534e-05
4256	1.380563126e-05
4257	0.000169298377
4258	0.001411418874
4259	0.002480149911
4260	0.0001016047064
4261	0.003060426659
4262	0.001668818062
4263	0.0005260656429
4264	0.001508443956
4265	0.0007924945164
4266	0.00038032519
4267	0.002135246269
4268	0.001193249864
4269	0.001223349162
4270	0.001768588833
4271	0.0002096362537
4272	0.001879350704
4273	0.003050874241
4274	0.001874147016
4275	0.0007561127373
4276	2.763165808e-05
4277	0.003012079253
4278	0.0006680563825
4279	1.782386333e-06
4280	0.001399175191
4281	0.001355001946
4282	0.003062774648
4283	0.003341280471
4284	0.002694133819
4285	0.004199471418
4286	0.001018065578
4287	0.004320239091
4288	0.004670828743
4289	4.541325753e-07
4290	8.174386698e-07
4291	4.038448008e-05
4292	0.0006944207876
4293	0.002614369579
4294	0.001251975212
4295	0.002021241645
4296	0.003017276592
4297	0.003100157418
4298	0.002515313281
4299	1.037333847e-06
4300	0.004020441644
4301	0.0002704270683
4302	0.001385386631
4303	0.005050977776
4304	0.001694509581
4305	0.001933610385
4306	0.001394201998
4307	0.001744690985
4308	0.004661149103
4309	0.002337623019
4310	0.001843304988
4311	0.006903343452
4312	0.0002590223464
4313	0.006426352915
4314	1.38743999e-05
4315	0.006312719598
4316	0.001333621878
4317	0.001115016654
4318	0.005273313904
4319	0.00104738421
4320	0.0001556511766
4321	0.001767828525
4322	0.0003302290702
4323	0.0009653376236
4324	0.002294267036
4325	0.005287243955
4326	0.003017237868
4327	0.001968993998
4328	0.001165968208
4329	0.0005953038508
4330	0.001871079635
4331	0.0001541668269
4332	0.006154850183
4333	0.004088863562
4334	0.002201849773
4335	0.0009960218289
4336	0.004948469816
4337	0.002092267923
4338	0.0009098914956
4339	0.00105604162
4340	0.0003762471513
4341	0.002125467483
4342	0.002774713445
4343	0.002447768149
4344	0.003764163703
4345	0.003199895405
4346	0.001398340417
4347	0.0005241652907
4348	0.001416995288
4349	0.002126774403
4350	0.002389248427
4351	0.000162937182
4352	0.0003427844543
4353	0.001810535583
4354	0.0001044278391
4355	0.002851658687
4356	0.001716015348
4357	0.002980773335
4358	0.003156638474
4359	0.001911092558
4360	3.838164745e-06
4361	0.0009287028766
4362	0.004124778372
4363	0.001460032557
4364	0.0006756860484
4365	0.002377798272
4366	0.002069632687
4367	0.00132331586
4368	0.0006895510591
4369	2.724795641e-06
4370	2.724795641e-06
4371	2.83119242e-06
4372	1.089918235e-06
4373	8.610354265e-06
4374	0.0008357530469
4375	0.0006044325325
4376	0.001822064059
4377	0.003696539125
4378	0.001021582225
4379	0.004484771804
4380	3.671029585e-05
4381	0.0007856641997
4382	0.001949829998
4383	0.006071747492
4384	0.0005927248644
4385	0.001442596971
4386	4.825717364e-06
4387	0.001205100466
4388	0.0002631946249
4389	0.0005394010917
4390	0.004589048272
4391	0.005917337511
4392	0.0003707305407
4393	0.001380730405
4394	0.0008041957343
4395	0.001578242853
4396	0.002228563028
4397	0.003564644797
4398	0.003816890929
4399	0.001988941514
4400	0.0009705956547
4401	8.998570414e-05
4402	2.224750654e-05
4403	4.26651691e-06
4404	0.002972977976
4405	0.00292262161
4406	0.001379396228
4407	0.001746632229
4408	0.001170415426
4409	0.001848700477
4410	0.0004881268597
4411	0.002225199895
4412	0.001710758207
4413	0.0001883957827
4414	0.002139281621
4415	0.0006099277979
4416	0.001347098628
4417	0.0009482080554
4418	0.001955203753
4419	0.0001596359562
4420	0.002317840304
4421	1.23240187e-05
4422	0.005453071516
4423	0.0009076243282
4424	0.001201677288
4425	0.0003165307219
4426	4.578656543e-05
4427	0.0005406046899
4428	0.002085212659
4429	0.001593650763
4430	0.002692675027
4431	0.0009435807407
4432	0.0008219923779
4433	0.0004100618963
4434	0.004140816955
4435	6.902815647e-06
4436	2.75485681e-05
4437	0.0002689576646
4438	0.003608468109
4439	0.001835179748
4440	0.002617730324
4441	0.000236814058
4442	0.0004643303351
4443	0.0007567230047
4444	0.0001506205672
4445	0.009796634896
4446	0.001375313804
4447	0.0005746771956
4448	4.49154607e-05
4449	0.003405418834
4450	0.003635676664
4451	7.590449503e-05
4452	0.002207281789
4453	0.0004771798503
4454	1.607629428e-05
4455	1.607629428e-05
4456	0.001476307843
4457	0.002203603927
4458	0.000272045558
4459	0.0002546837548
4460	6.525430224e-05
4461	0.0005323469782
4462	0.002556298659
4463	0.0002820380425
4464	1.868494192e-05
4465	0.0002709338026
4466	0.001150846772
4467	0.00277505911
4468	0.002530954032
4469	0.001048234874
4470	0.0005752900197
4471	0.001486556705
4472	0.003011276286
4473	0.006120896903
4474	0.00174036588
4475	0.002011005669
4476	0.00425027192
4477	0.001181148416
4478	0.002178534331
4479	0.001596061538
4480	0.003191161892
4481	0.003156175252
4482	0.001344274803
4483	1.634877383e-06
4484	1.634877383e-06
4485	0.0005448487178
4486	0.0003345536431
4487	0.001358625954
4488	0.0002108608576
4489	0.003445926108
4490	0.0002789600663
4491	0.002693274621
4492	0.001275230369
4493	0.001131593525
4494	0.003840718005
4495	0.00232384633
4496	0.0001974239804
4497	0.00141361103
4498	0.0003421127858
4499	0.003381935446
4500	0.0001857701971
4501	0.000825305435
4502	0.000731105705
4503	0.001465687083
4504	0.001994139684
4505	1.0626703e-05
4506	1.0626703e-05
4507	0.003790515315
4508	0.003752935582
4509	0.0002295424801
4510	0.003044977351
4511	0.0001953746398
4512	0.003856940958
4513	0.0004538200245
4514	0.000719049247
4515	0.006532702024
4516	6.285195281e-06
4517	0.002988421035
4518	0.005160340139
4519	0.0006116347452
4520	0.001439662278
4521	0.002956855543
4522	0.005263569241
4523	0.002505457325
4524	0.0005093557872
4525	0.0002308343659
4526	0.007451106611
4527	0.003456831788
4528	0.001046134008
4529	0.004381096795
4530	0.001939422809
4531	0.000587932606
4532	0.001857926248
4533	0.003387276688
4534	0.00295220391
4535	0.001129402649
4536	3.560399638e-06
4537	0.002081478661
4538	0.004505962759
4539	0.001959437472
4540	0.004225388135
4541	0.0005214000286
4542	0.0008031480812
4543	0.002875740804
4544	0.002183808328
4545	2.450051187e-05
4546	0.000876183363
4547	0.001374288205
4548	0.001456413452
4549	0.002210664321
4550	0.001128249382
4551	0.0008692337401
4552	0.004071095856
4553	0.004681312195
4554	0.000476457562
4555	0.002449875723
4556	0.0004771335239
4557	0.0005998687004
4558	0.0008847387799
4559	0.004622148428
4560	0.00176095825
4561	1.502816759e-05
4562	0.0009089928363
4563	2.724795637e-06
4564	2.724795637e-06
4565	0.0001365496119
4566	7.387490364e-05
4567	0.002235585354
4568	0.006713062469
4569	0.002966634532
4570	0.002036206521
4571	0.001891327544
4572	0.0011954151
4573	0.000431968038
4574	0.00284181245
4575	0.002892797739
4576	0.002783668164
4577	0.001734100567
4578	0.001510238084
4579	0.0003348406235
4580	0.001286004884
4581	0.005421058111
4582	0.0002566691625
4583	0.0005981496525
4584	0.002195420051
4585	0.002877491541
4586	0.0001444120479
4587	0.0107858931
4588	2.17075386e-05
4589	0.001351517784
4590	0.0005860132785
4591	0.002902994243
4592	0.003219746933
4593	0.0001375682242
4594	0.0007827183166
4595	0.0009048390017
4596	0.0007773614293
4597	6.600569078e-05
4598	0.003619505076
4599	0.0005876532039
4600	0.004769971603
4601	0.002935733733
4602	2.005442526e-05
4603	0.002236575065
4604	4.247402975e-07
4605	0.0009450213079
4606	0.002857623433
4607	0.002785654895
4608	0.001115497888
4609	0.0001402378888
4610	0.001103592699
4611	0.0003853288848
4612	0.00313218779
4613	0.004003803716
4614	0.0007804503132
4615	0.003340989119
4616	0.0003299902616
4617	0.004844882416
4618	0.00104648338
4619	0.00078459183
4620	0.0001725678128
4621	0.0006343735645
4622	0.0007042286791
4623	0.003115853095
4624	0.0004856666458
4625	0.002124031287
4626	0.001903623075
4627	0.0009902281697
4628	0.004158451142
4629	0.00496393488
4630	3.215511221e-06
4631	0.0001208742335
4632	0.0001042896758
4633	6.448683044e-06
4634	0.001747722351
4635	2.724795635e-06
4636	2.724795635e-06
4637	0.0001795815077
4638	0.001714154512
4639	0.0002587625013
4640	0.0006057089094
4641	7.45296484e-06
4642	1.089918252e-06
4643	1.089918252e-06
4644	0.003241025548
4645	0.001810505854
4646	0.0006771841666
4647	5.722070849e-06
4648	5.722070849e-06
4649	0.007265443693
4650	0.001483548532
4651	0.001762882322
4652	0.001668553695
4653	0.001246094478
4654	0.000830253133
4655	0.001083440874
4656	0.0006148739097
4657	0.000632741354
4658	0.002093966374
4659	0.004209420345
4660	0.002868953528
4661	0.00165816204
4662	0.0001333493896
4663	0.003751417262
4664	5.572290129e-05
4665	2.219034016e-05
4666	0.006272852969
4667	0.001482590386
4668	0.001955186076
4669	0.002484714196
4670	0.001512840969
4671	0.0007820773023
4672	0.0006454569007
4673	0.0005110459256
4674	0.0009811239695
4675	0.004993947423
4676	0.001235530028
4677	0.001380153377
4678	0.001410676207
4679	0.002424915184
4680	0.0001365003493
4681	0.001608160042
4682	0.0001054893963
4683	0.002845121422
4684	0.0009627205366
4685	0.005244564884
4686	0.002184356607
4687	0.0004632802549
4688	0.001045547154
4689	0.001782454567
4690	0.003436459623
4691	0.000514115801
4692	0.002337781952
4693	0.003595947173
4694	0.002141594856
4695	0.001783578357
4696	0.005488935385
4697	0.005371997357
4698	0.001994878785
4699	0.008184424506
4700	0.0006486833767
4701	0.0006039517117
4702	0.0008574870748
4703	0.003399526461
4704	0.002187285525
4705	0.001756974476
4706	0.002991771864
4707	3.390798336e-05
4708	0.003833067558
4709	1.888179687e-05
4710	0.002778976787
4711	0.0003808863394
4712	0.001748087909
4713	7.492422017e-06
4714	0.0009646769007
4715	2.879097434e-05
4716	0.0008950327022
4717	0.004258941446
4718	0.003284339205
4719	0.001127277542
4720	0.002681663015
4721	0.0008550035412
4722	4.054789542e-05
4723	2.332206091e-06
4724	0.001836584275
4725	0.0009293559538
4726	1.948916209e-05
4727	0.003645217728
4728	0.001009026876
4729	5.615135689e-06
4730	0.005313714674
4731	0.002120881327
4732	0.001487882764
4733	5.630995731e-05
4734	9.229778096e-06
4735	4.447255773e-06
4736	3.891916423e-06
4737	0.001261751298
4738	0.009333256083
4739	0.00235837065
4740	0.002359728561
4741	0.0001618597001
4742	0.001524870644
4743	0.0002181783953
4744	0.001421812863
4745	0.00313013874
4746	0.006098552237
4747	7.470039014e-05
4748	0.0007207695284
4749	0.000466969317
4750	0.004878997552
4751	1.281432464e-05
4752	0.0006116094129
4753	0.0008027403985
4754	0.000539331932
4755	0.004115549007
4756	0.0008872990822
4757	2.068942864e-05
4758	0.0009332739328
4759	4.904632156e-06
4760	4.904632156e-06
4761	0.0008875546206
4762	0.001410236252
4763	0.001885436778
4764	0.00397729772
4765	0.002122962406
4766	0.0006314258368
4767	0.003318783412
4768	0.001862681742
4769	0.004678840351
4770	0.001424302935
4771	0.001551437548
4772	0.002165114334
4773	0.0008874014814
4774	0.002274774857
4775	0.004524653524
4776	0.0003595639257
4777	0.002751452945
4778	0.000777678735
4779	0.001701267905
4780	0.0008126261793
4781	3.968728776e-06
4782	0.001216210025
4783	0.0006546150691
4784	0.0008710306004
4785	0.001396185836
4786	0.005007633634
4787	0.003355778683
4788	0.002886175534
4789	0.004361436524
4790	0.0008954460614
4791	0.0002345201663
4792	0.001905359527
4793	0.005156816438
4794	0.001232475586
4795	0.001601582648
4796	0.0001649763946
4797	0.003671942759
4798	0.0002284224686
4799	0.001457555434
4800	0.001622687849
4801	0.005069107788
4802	0.0003489138974
4803	1.832061369e-05
4804	0.002421347109
4805	0.006035535203
4806	0.0005430511552
4807	0.001605867257
4808	0.002810906111
4809	0.003655120004
4810	0.0004450903191
4811	0.002268987764
4812	0.003823285625
4813	0.0004668877796
4814	0.00114993413
4815	0.002678936995
4816	9.709767197e-06
4817	0.001107083734
4818	0.0002460922626
4819	0.00169117734
4820	0.004196866578
4821	4.33199256e-06
4822	7.901907326e-06
4823	0.002061061765
4824	0.0002187259844
4825	0.001237937735
4826	0.002148565185
4827	2.438371226e-05
4828	0.00100603553
4829	0.001442916114
4830	0.001947981026
4831	5.540417798e-06
4832	1.33969119e-06
4833	1.335149864e-05
4834	9.536784703e-06
4835	0.003390850735
4836	0.0007836566268
4837	0.003053455474
4838	2.489208495e-05
4839	0.002227851777
4840	0.002352532568
4841	2.270790094e-05
4842	0.0004045048776
4843	0.002164007701
4844	0.0002878929463
4845	0.002132514154
4846	0.0004866258223
4847	0.0006125676297
4848	0.002045211451
4849	0.0005115156351
4850	0.002791869144
4851	6.034746732e-05
4852	0.0002340920897
4853	0.002109707147
4854	2.491390944e-06
4855	0.0002701596202
4856	0.0002991383963
4857	0.005510780187
4858	0.0007365092276
4859	0.001459768189
4860	0.007033329728
4861	0.00209583399
4862	0.000415838134
4863	4.665023168e-06
4864	0.002386913025
4865	0.0005401643837
4866	0.007029594063
4867	0.004773041438
4868	0.0007121918314
4869	0.002186339041
4870	0.001552862586
4871	0.0006080810961
4872	0.002603657395
4873	0.001248344109
4874	0.001203480104
4875	0.002684126811
4876	0.00383707835
4877	0.004758028248
4878	0.0004296277174
4879	7.992733874e-06
4880	8.446866483e-06
4881	0.001534933983
4882	0.003057423356
4883	0.0004122134736
4884	0.002913637009
4885	0.0003120706673
4886	0.0002294735078
4887	0.001859015527
4888	0.001712657552
4889	6.69006144e-05
4890	0.001725146946
4891	0.001338868145
4892	0.003623736968
4893	5.348615557e-05
4894	6.232604372e-05
4895	0.001204546575
4896	0.001515872076
4897	0.01158829569
4898	0.003042622588
4899	0.001927659503
4900	0.001602801622
4901	1.383241283e-06
4902	0.001085682803
4903	0.002274317736
4904	0.001078812577
4905	3.954752544e-07
4906	0.002881982976
4907	0.001907752676
4908	1.634877384e-05
4909	0
4910	0.003366553601
4911	0.004205475861
4912	0.003184660617
4913	0.0005425720195
4914	0.001214087256
4915	0.001197609399
4916	0.001098287865
4917	0.007330701855
4918	0.001502876384
4919	0.002196953828
4920	0.003198358524
4921	7.517192142e-06
4922	0.004050668186
4923	0.0009736413037
4924	0.0003628882686
4925	7.058518229e-06
4926	6.26702994e-06
4927	6.539509554e-06
4928	6.539509554e-06
4929	0.0002868471606
4930	0.001581851228
4931	0.00370305254
4932	0.002893574144
4933	0.001467841249
4934	0.003608256215
4935	0.001479023007
4936	0.0007663132127
4937	0.001090046662
4938	0.0005233590662
4939	0.0005974640669
4940	4.087193436e-06
4941	4.087193436e-06
4942	0.003082540003
4943	0.003272876611
4944	0.001551482766
4945	0.0028549829
4946	3.527915522e-05
4947	0.0002508600309
4948	0.005696851545
4949	0.0009697856961
4950	0.001701483756
4951	0.0001668030301
4952	0.005922626233
4953	0.0005212479486
4954	0.005660924506
4955	0.004003057084
4956	0.005211041531
4957	0.0004545835586
4958	0.001606928103
4959	0.0008426162592
4960	0.001186315575
4961	0.0005152874444
4962	0.001534062646
4963	0.0003314899693
4964	0.005895984338
4965	8.933732055e-05
4966	8.792611564e-05
4967	0.0008918261607
4968	0.001431382867
4969	0.001253843656
4970	0.000871156274
4971	0.0009469235996
4972	2.676689596e-05
4973	5.020685078e-05
4974	0.002008375375
4975	0.001969489317
4976	0.004986770933
4977	0.002221779267
4978	0.002906075729
4979	0.002221191675
4980	1.935661595e-05
4981	0.0007775670361
4982	0.002154420158
4983	0.003040581098
4984	0.001045394498
4985	0.001166466989
4986	0.0009132597894
4987	0.0001485573204
4988	0.002445184619
4989	0.001955933726
4990	0.0002521410467
4991	0.00158901369
4992	0.002366495779
4993	4.087193463e-06
4994	0.002398878342
4995	0.00125696813
4996	0.002074703988
4997	0.0002019618397
4998	0.001946102774
4999	0.001479759212
5000	0.00197930611
5001	0.0003509536786
5002	0.003497729983
5003	0.003264196727
5004	0.00287111533
5005	0.001039236013
5006	0.001225267692
5007	4.051644733e-05
5008	0.001690618109
5009	0.001717781551
5010	0.00577784557
5011	0.0004287518367
5012	8.446866482e-06
5013	9.809264306e-06
5014	0.004952120993
5015	0.002864100343
5016	0.00189163489
5017	0.001903830418
5018	0.001800273447
5019	1.991707185e-05
5020	0.0001233245154
5021	0.0008508354701
5022	0.0003030651995
5023	0.0005080352312
5024	0.002474998937
5025	0.0008698193677
5026	0.0005297163663
5027	0.0009508062041
5028	8.205287509e-05
5029	0.001535802366
5030	0.005360522069
5031	0.0008474050173
5032	0.0006642128846
5033	0.002848811507
5034	0.001480807554
5035	0.001419331404
5036	6.03082993e-05
5037	0.002546354531
5038	0.0002345797334
5039	0.001750073338
5040	0.002409696236
5041	8.724974854e-05
5042	0.0002841443109
5043	0.0001463978106
5044	0.0005505581795
5045	0.0001560980734
5046	0.001142357719
5047	0.003626549668
5048	0.002321880511
5049	0.002121217997
5050	0.003429607313
5051	0.001770793072
5052	0.0006692922066
5053	0.003811360393
5054	0.001417643047
5055	0.0002953206716
5056	0.0001462617541
5057	0.001107669948
5058	0.001145388923
5059	9.23014929e-05
5060	0.001004214111
5061	0.0002617540371
5062	4.385113029e-06
5063	0.0009047203874
5064	1.16524133e-05
5065	0.002236568671
5066	0.001498950234
5067	0.002459677316
5068	0.0002545931119
5069	0.000120421986
5070	0.001707548772
5071	0.003203096661
5072	0.002528208761
5073	0.009196062439
5074	0.0005538581141
5075	0.003908973988
5076	0.002551470369
5077	0.0009807412145
5078	0.0004989015481
5079	0.004348518461
5080	0.000960429009
5081	0.001066290847
5082	0.003153088412
5083	0.00475984061
5084	0.00227210766
5085	0.00131897014
5086	0.001154382813
5087	0.0007470864844
5088	0.003365268798
5089	0.003541727676
5090	0.001503120905
5091	0.001228004983
5092	0.005194405511
5093	0.0004157464338
5094	0.004473314262
5095	0.001177838041
5096	0.0007465542175
5097	0.001218599061
5098	0.00137576935
5099	0.0012523055
5100	0.0005875876347
5101	0.003009564385
5102	0.0008241901163
5103	0.0008681588152
5104	0.005770952904
5105	0.002139470077
5106	0.00200675004
5107	0.001941460301
5108	0.0004177729222
5109	0.0102418737
5110	0.0007359844541
5111	0.003034426305
5112	0.002190291969
5113	3.542234329e-06
5114	3.542234329e-06
5115	0.0006146818229
5116	0.001419308114
5117	4.35967302e-06
5118	4.35967302e-06
5119	0.0002748152703
5120	0.002778015515
5121	3.251584657e-14
5122	1.634877391e-06
5123	0.002447421863
5124	5.975617775e-05
5125	8.191152822e-05
5126	0.002213809115
5127	0.00107195623
5128	0.001942066683
5129	1.089918252e-06
5130	1.089918252e-06
5131	0.00814625086
5132	0.005469282993
5133	0.00371348939
5134	7.651618952e-05
5135	0.001123827611
5136	0.0005540409151
5137	0.0002871878003
5138	0.0002254296023
5139	0.006907905997
5140	0.00218373273
5141	7.084348742e-05
5142	0.0007100028602
5143	0.002457030229
5144	0.001536689281
5145	0.004182071069
5146	0.005114627191
5147	0.0001784420172
5148	0.002423649455
5149	1.907356975e-06
5150	1.907356975e-06
5151	0.0002515088005
5152	0.00231377682
5153	0.001863311203
5154	0.001253294609
5155	0.001618452036
5156	0.001951022358
5157	1.062670296e-05
5158	3.542234332e-06
5159	3.542234332e-06
5160	0.003910056064
5161	0.001639370297
5162	0.001453186023
5163	0.001304033
5164	0.003532461228
5165	0.001051240474
5166	0.001158249305
5167	0.002476804663
5168	0.0002144971703
5169	0.001932427227
5170	0.0007036954386
5171	0.003397708357
5172	0.002726636816
5173	1.969418911e-06
5174	0.001687622202
5175	0.0009767560429
5176	0.0003160053894
5177	0.001062553526
5178	0.006176552479
5179	0.001387324067
5180	0.002794595311
5181	0.001986403042
5182	0.001743985337
5183	0.001665274339
5184	0.001620463811
5185	4.722979131e-06
5186	1.362397824e-05
5187	0.002276831146
5188	0.001812399724
5189	0.002393454757
5190	0.00308034809
5191	0.002385207814
5192	0.006772354143
5193	2.826741472e-05
5194	0.00701196484
5195	0.0004829846382
5196	0.003800433849
5197	0.0001058825531
5198	0.001065000413
5199	0.002204285222
5200	0.001082928279
5201	6.496779333e-05
5202	0.0006156690619
5203	0.002948828527
5204	0.0005321495432
5205	0.001010289327
5206	0.002834377815
5207	0.0001887475627
5208	0.000818575162
5209	0.003669948653
5210	0.003836550939
5211	0.0005428666452
5212	0.002233745529
5213	0.001300282776
5214	0.004201533447
5215	0.002620655842
5216	0.00241015412
5217	0.002892544431
5218	0.004017920101
5219	0.003035731194
5220	0.0002319796527
5221	0.0009085148957
5222	0.0007937404419
5223	0.001434408461
5224	0.002833062023
5225	0.00130500536
5226	0.003169057607
5227	0.001886083666
5228	0.0008502221215
5229	0.0007211395403
5230	0.003090559425
5231	0.00625560188
5232	0.00102552254
5233	0.0003330675332
5234	0.003622589937
5235	0.001388697211
5236	0.0008979178942
5237	0.001546357196
5238	0.001552796058
5239	0.001307420198
5240	0.006498993312
5241	0.0002253886858
5242	1.978178846e-05
5243	0.0006241172644
5244	0.001899629321
5245	0.003930412017
5246	0.001194117596
5247	0.005081081902
5248	0.0008693380449
5249	0.007026183745
5250	0.0002341539734
5251	0.0006232840919
5252	7.266121703e-06
5253	1.11716621e-05
5254	5.626702999e-06
5255	0.001488047054
5256	4.979943535e-05
5257	0.002357676908
5258	6.54666779e-05
5259	0.004337333975
5260	0.001646945233
5261	0.0008618318289
5262	0.003962818209
5263	0.000854915
5264	0.002118125807
5265	0.001062095529
5266	0.003201196993
5267	0.0007312490874
5268	0.0007307595356
5269	0.003183766201
5270	0.002419189829
5271	0.001410429775
5272	0.001103832445
5273	6.267029976e-06
5274	6.267029976e-06
5275	0.001752162039
5276	0.00218321567
5277	0.0003398673284
5278	0.0007131680824
5279	0.006505005276
5280	0.00240049351
5281	0.007585613151
5282	0.001532175959
5283	0.00338631823
5284	0.004075546526
5285	0.00395171136
5286	0.005614733494
5287	0.001783428575
5288	0.0007470348535
5289	0.0008972199131
5290	0.000847556711
5291	0.003850742993
5292	0.002930547824
5293	0.0003451400078
5294	0.001975928438
5295	0.003342454667
5296	0.005235877176
5297	0.002216171923
5298	0.0009183687847
5299	6.946211518e-06
5300	0.0009344685089
5301	0.003880815963
5302	0.001667274644
5303	7.538601287e-06
5304	0.0001519690453
5305	0.0004401170764
5306	0.0009297258321
5307	0.002091314459
5308	0.0004226186765
5309	0.0007088045339
5310	0.002757005764
5311	0.00170177823
5312	8.334575043e-05
5313	0.0004495969004
5314	5.449591257e-07
5315	0.0009074812709
5316	0.0002030636479
5317	0.002546930862
5318	0.0006125454195
5319	2.724795687e-07
5320	2.724795687e-07
5321	0.0001239417183
5322	0.001518772492
5323	0.0008279085495
5324	0.00138097784
5325	0.001545192818
5326	0.004649274644
5327	0.003259672151
5328	0.0002575439003
5329	0.003138608002
5330	0.0009304685627
5331	0.0001463547914
5332	0.00273310302
5333	0.003798357626
5334	1.089918254e-06
5335	1.089918254e-06
5336	0.0009442230638
5337	3.73840078e-05
5338	0.00045379854
5339	0.003484737714
5340	3.125926447e-06
5341	0.000953973209
5342	0.00306858082
5343	0.002059448679
5344	0.0009195213096
5345	8.174386861e-07
5346	8.174386861e-07
5347	0.00347921381
5348	0.005098424025
5349	0.004306051751
5350	0.002678484728
5351	0.006321472426
5352	0.003781514984
5353	0.001582046462
5354	0.003389458006
5355	6.762683284e-06
5356	0.0002713584786
5357	0.003201419053
5358	0.003023629323
5359	0.001498094472
5360	0.0003151628214
5361	0.0008184122113
5362	0.0009990434291
5363	3.831454509e-05
5364	0.0005741222261
5365	0.003145800757
5366	0.008440579203
5367	0.00036017337
5368	0.0002256743408
5369	0.0005263178133
5370	0.003016238854
5371	0.001050339546
5372	0.00655949418
5373	0.006782641981
5374	0.00339820792
5375	0.002125494854
5376	0.004171380755
5377	0.003857755978
5378	0.0002230686184
5379	0.0006889199816
5380	0.005048033273
5381	0.001902393157
5382	0.002014375152
5383	0.002505926156
5384	0.005109054511
5385	0.001747981467
5386	0.004964119927
5387	0.001064049539
5388	0.00100240652
5389	0.003300442749
5390	0.0004721131728
5391	0.001231094884
5392	0.0007218287458
5393	0.004387610502
5394	0.001018633411
5395	3.711968963e-05
5396	0.003604018019
5397	0.001606681037
5398	0.003307597997
5399	0.002014756093
5400	0.001367632107
5401	0.00299905981
5402	1.198910082e-05
5403	0.001399118517
5404	0.004385883745
5405	0.003883578106
5406	0.0006368253071
5407	0.004544582922
5408	8.137629551e-05
5409	0.002654516614
5410	3.341797688e-05
5411	0.005874139004
5412	0.001104151583
5413	0.001481741047
5414	0.0004417993915
5415	0.001098267894
5416	0.001658887364
5417	0.001763080864
5418	9.202837632e-05
5419	0.0001856270989
5420	0.001085908223
5421	0.0009508347069
5422	0.000826591018
5423	0.0005340621791
5424	0.002179782983
5425	0.0006215435511
5426	0.002139355844
5427	0.001418135785
5428	0.002516331896
5429	3.178928244e-06
5430	0.00192792875
5431	0.001154284979
5432	0.001021990761
5433	0.001570371867
5434	0.001708370231
5435	2.452316072e-06
5436	2.452316072e-06
5437	0.002199259514
5438	0.0003135604156
5439	1.089918256e-06
5440	8.174386886e-07
5441	8.174386886e-07
5442	0.001340993492
5443	0.002011561359
5444	3.743042175e-06
5445	0.0003306874681
5446	6.134719853e-05
5447	2.724795657e-06
5448	0.0006212581521
5449	0.0006235452428
5450	0.00419978963
5451	0.0007614951949
5452	0.0001415147351
5453	2.724795682e-07
5454	2.724795682e-07
5455	0.005677684411
5456	6.448683019e-06
5457	0.001814229454
5458	0.0002652998236
5459	0.0007190921098
5460	1.765443629e-05
5461	0.006101570781
5462	0.0005214526523
5463	0.001812147612
5464	0.001657905263
5465	0.001909217211
5466	0.001905525669
5467	0.003457355744
5468	0.003478352608
5469	0.0009794861325
5470	9.685258753e-06
5471	0.001015549711
5472	0.002804160314
5473	0.001875531487
5474	0.0001612372834
5475	2.638566256e-05
5476	0.002107485963
5477	0.001783158025
5478	0.002511878529
5479	0.00244164787
5480	0.0007148952308
5481	0.006882868981
5482	0.006357242161
5483	3.495923459e-05
5484	0.003064307539
5485	0.005317840787
5486	0.002468589891
5487	0.002046131805
5488	0.001749655581
5489	0.0001204147713
5490	0.002464318425
5491	0.004526998533
5492	0.001751390447
5493	0.002729582121
5494	0.001494108038
5495	0.002021636775
5496	0.001952182199
5497	0.0003441218775
5498	0.002747958078
5499	0.0004746829202
5500	0.0009721184697
5501	0.002574907951
5502	0.0008366326156
5503	0.004158563038
5504	0.003083449743
5505	0.001915719758
5506	0.001442797039
5507	0.001793099319
5508	0.0001936006972
5509	0.001769521201
5510	0.004161623042
5511	0.001871273343
5512	0.002929906396
5513	0.0001192665618
5514	4.904634167e-16
5515	0.0009513667325
5516	0.0003339504165
5517	0.0006440902216
5518	4.904632151e-06
5519	4.904632151e-06
5520	0.001775618963
5521	0.001744709059
5522	0.002949713508
5523	2.179836508e-06
5524	2.179836508e-06
5525	0.0001428265834
5526	0.0001169625933
5527	0.0002197853403
5528	0.000642817894
5529	0.004371588404
5530	0.004292905147
5531	0.004389929231
5532	0.002030296901
5533	0.00298426865
5534	0.0003969972253
5535	0.000922899262
5536	0.0001646573544
5537	0.0002572694903
5538	4.907227198e-06
5539	0.0007146713718
5540	0.0005746154058
5541	0.0008208435481
5542	0.0004249376688
5543	0.0009660090973
5544	0.002570701006
5545	0.0008875498228
5546	0.002239965403
5547	1.667340835e-05
5548	0.0007466953467
5549	0.001108864938
5550	0.001952859283
5551	2.5431426e-06
5552	0.001437232405
5553	3.814713892e-06
5554	3.814713892e-06
5555	0.004796105475
5556	0.001504454173
5557	0.001129450496
5558	0.0008523676625
5559	3.360581247e-06
5560	0.001638544053
5561	0.002018054001
5562	0.001702485797
5563	0.005073883313
5564	0.004039755169
5565	0.00366446273
5566	9.480001786e-05
5567	0.0007913008562
5568	0.0006913082827
5569	0.002599816786
5570	0.0004208648397
5571	0.0001132479867
5572	0.0001818492
5573	2.179836512e-06
5574	2.179836512e-06
5575	4.541326041e-07
5576	0.0008263214328
5577	0.0004589490729
5578	5.994550413e-06
5579	5.994550413e-06
5580	0.001762764286
5581	0.003099236527
5582	0.003806458241
5583	0.001426432994
5584	0.0003821258996
5585	7.062059091e-05
5586	0.003255023937
5587	0.002915834551
5588	0.001745935855
5589	0.0003906702973
5590	3.178928242e-06
5591	5.722070843e-06
5592	0.001205197593
5593	0.001784425991
5594	0.008735496881
5595	0.004855153035
5596	0.001005211474
5597	0.001585394669
5598	0.002200557727
5599	0.002613693844
5600	0.001289937725
5601	7.84734193e-05
5602	0.001463840161
5603	0.003132024337
5604	1.95458674e-05
5605	0.0009060031212
5606	0.001148209235
5607	7.751394835e-06
5608	0.007239541066
5609	0.004821607914
5610	0.002515127504
5611	0.0001249435948
5612	0.00247926885
5613	0.00135450856
5614	0.007011060927
5615	0.0009211710672
5616	1.938993078e-05
5617	0.002001396261
5618	0.002045019995
5619	0.004150714373
5620	0.00300721116
5621	0.001947954406
5622	0.002784162238
5623	6.946993088e-05
5624	0.002254548046
5625	0.00212670605
5626	0.002639784658
5627	0.001272013745
5628	0.000694659778
5629	0.001503169651
5630	3.269754769e-06
5631	3.269754769e-06
5632	0.007025327738
5633	4.00298535e-06
5634	1.191923613e-05
5635	0.0003284881326
5636	0.007938599131
5637	0.005690164782
5638	0.005656815906
5639	0.002309114924
5640	0.0005278365221
5641	2.997275172e-06
5642	5.449591643e-07
5643	0.001115648483
5644	0.0008904681457
5645	0.0001541820751
5646	1.719171152e-07
5647	0.002199939187
5648	0.002641002702
5649	0.003226598192
5650	2.850222736e-06
5651	0.0003266180427
5652	0.004976074315
5653	0.0002865609529
5654	0.001574514728
5655	0.001997454625
5656	0.009480276746
5657	0.0009460374263
5658	0.0005490501691
5659	0.002403399749
5660	0.00223482838
5661	0.001427724142
5662	0.005042290346
5663	0.004989501076
5664	1.786592169e-05
5665	0.0002637568872
5666	0.00613841988
5667	0.0009262808229
5668	0.001075691875
5669	0.001748517082
5670	0.002686020346
5671	0.003760657247
5672	2.678778896e-05
5673	0.002592406068
5674	0.0001578997279
5675	0.0006493495237
5676	0.0007692214356
5677	0.003549057556
5678	0.002430323123
5679	0.003063604142
5680	0.002585380324
5681	0.0007537380687
5682	0.0004714212349
5683	0.0004165508059
5684	0.006330200624
5685	0.002865598838
5686	0.0005912325466
5687	0.0007790802479
5688	2.639733868e-05
5689	0.0006828349638
5690	0.001321999598
5691	0.00115621282
5692	0.009706443699
5693	0.003941856827
5694	0.002155206288
5695	0.001414167877
5696	0.00654585843
5697	0.001762692195
5698	9.082652134e-07
5699	7.629427795e-06
5700	0.002919424993
5701	0.002601488809
5702	0.003241859196
5703	0.002274055473
5704	0.0002783513261
5705	1.177284724e-06
5706	0.0002010831658
5707	0.002535085958
5708	0.0005882716231
5709	0.0004397092061
5710	0.001308716114
5711	0.004342460183
5712	0.001464629739
5713	0.004870402856
5714	0.002742802673
5715	0.0008065755873
5716	0.001665448553
5717	0.0008351375104
5718	0.0004528127814
5719	3.895388816e-06
5720	9.342756072e-05
5721	1.837894122e-05
5722	0.001220616818
5723	0.002955032994
5724	0.004076293506
5725	0.0008474760419
5726	0.002066811505
5727	0.002492054921
5728	0.0008828055745
5729	0.001554798618
5730	0.0004553355302
5731	0.0003987868732
5732	0.0007054423609
5733	0.0003340486395
5734	0.0005536277411
5735	0.0007929738235
5736	0.001778623132
5737	0.003046078161
5738	0.0007932543837
5739	3.542234334e-06
5740	3.542234334e-06
5741	0.002014505336
5742	0.003652686931
5743	0.004006030156
5744	0.001935195839
5745	0.0002835555364
5746	0.001960965369
5747	0.003961277228
5748	0.002914289697
5749	0.001885756477
5750	0.002988452637
5751	0.001668923405
5752	0.0009478209567
5753	0.001964179701
5754	0.00424099585
5755	0.003599013376
5756	0.0004795268212
5757	0.001512403611
5758	0.002512559722
5759	0.003481677353
5760	0.004116253732
5761	0.0004744655049
5762	0.00142258178
5763	0.0006947292116
5764	0.001544870506
5765	0.004994722052
5766	0.006288068426
5767	0.007280066423
5768	0.005501488995
5769	7.67613858e-06
5770	0.0002776617178
5771	0.001033957244
5772	9.082652138e-07
5773	3.814713898e-06
5774	1.453224347e-06
5775	0.003310611978
5776	0.002315169453
5777	0.001616803305
5778	0.004850423643
5779	7.337745143e-05
5780	8.239263003e-06
5781	0.0001635361773
5782	6.977306247e-05
5783	0.002062218152
5784	0.004733212947
5785	4.359673028e-07
5786	8.17438673e-07
5787	0.002342916937
5788	0.001006070112
5789	0.000226839198
5790	0.0001025155341
5791	0.0008444658476
5792	0.0008204610668
5793	3.58094424e-05
5794	0.001015610665
5795	0.005429572029
5796	3.932171382e-05
5797	1.200726609e-05
5798	0.003377032586
5799	0.001656120903
5800	0.002834292609
5801	0.00363412262
5802	0.0008913456966
5803	0.004644705593
5804	0.003978972282
5805	0.0005152631463
5806	0.002866986926
5807	0.0006027980894
5808	0.001897030617
5809	5.722070875e-06
5810	0.003407478658
5811	0.00172279668
5812	0.003052320429
5813	0.0006132043887
5814	0.00129187041
5815	0.001446560459
5816	0.002215092601
5817	0.003449001763
5818	8.330552833e-05
5819	0.0002034967385
5820	0.001928146345
5821	3.742865337e-05
5822	2.727677842e-05
5823	0.003331915373
5824	0.002988363797
5825	2.997275186e-06
5826	3.814713881e-06
5827	0.003192906958
5828	0.001154534505
5829	2.438231463e-05
5830	0.003495152058
5831	0.002255270906
5832	0.001116298178
5833	0.001961649519
5834	0.002275906843
5835	0.001099379892
5836	5.882019891e-06
5837	0.003553486339
5838	0.001799225834
5839	8.951686677e-05
5840	0.001573286688
5841	0.0009541951259
5842	0.002968501898
5843	0.003998121017
5844	0.006421791099
5845	0.001151831654
5846	0.002036968794
5847	0.004579184368
5848	0.003030734647
5849	0.002595284416
5850	0.0004789197197
5851	0.0006814741217
5852	0.0003918088239
5853	0.002020142846
5854	0.002095621679
5855	0.01430766506
5856	0.0002666541122
5857	0.0038339335
5858	0.001099698936
5859	0.003934437623
5860	0.006255236879
5861	0.0002171153189
5862	0.0028409215
5863	0.006498754488
5864	0.002010046136
5865	0.001046375043
5866	1.725703871e-06
5867	1.63487736e-06
5868	0.00133082971
5869	0.001542716416
5870	0.004602536779
5871	0.004234990636
5872	0.0006077302923
5873	6.645499547e-05
5874	0.00314303072
5875	0.002568008793
5876	0.00104486085
5877	0.0002714504299
5878	0.002250193624
5879	5.873476966e-05
5880	0.0008621891902
5881	0.002530643291
5882	0.001596987093
5883	4.795640322e-06
5884	3.269754814e-06
5885	3.269754814e-06
5886	0.002199917555
5887	0.001282248129
5888	0.001819758588
5889	2.722998342e-05
5890	0.0008559981337
5891	1.138129871e-06
5892	0.001440560592
5893	0.0009668842394
5894	0.0007899384075
5895	0.000390401442
5896	0.002253841842
5897	1.362397827e-06
5898	3.633060849e-06
5899	0.0005034374271
5900	0.001683256939
5901	0.0002347216497
5902	0.002570679885
5903	0.0003116527856
5904	0.0009747232156
5905	0.0002658173969
5906	0.001460048692
5907	0.001535967785
5908	0.0001142980988
5909	0.003540978032
5910	0.0008071661776
5911	0.004165380065
5912	0.004031623489
5913	0.003423617069
5914	0.0001659473575
5915	0.006753156033
5916	0.00359183405
5917	3.547345813e-07
5918	0.001480522069
5919	0.0007017010608
5920	8.200364946e-05
5921	0.002360062654
5922	0.004560700424
5923	0.001543577087
5924	0.0025359397
5925	0.002629805273
5926	0.001062827079
5927	0.001991278002
5928	0.0007594808294
5929	0.0002389419347
5930	0.001156133821
5931	0.004223346906
5932	0.0008999361943
5933	0.001870243809
5934	0.0002975117703
5935	0.0007445851636
5936	0.001046771948
5937	0.0005380134825
5938	0.002878450069
5939	0.0001695088549
5940	0.0009083537737
5941	0.004549982278
5942	0.001320495392
5943	0.003104068004
5944	0.00175729397
5945	0.002602865578
5946	0.0003662509719
5947	0.0004549205135
5948	0.002788161566
5949	0.003136197819
5950	0.000559492799
5951	0.002824893174
5952	0.0009556593832
5953	0.0001791937905
5954	5.169326557e-06
5955	0.003409294233
5956	4.087193462e-06
5957	0.0003157863464
5958	0.005072019943
5959	0.0006886382904
5960	0.00480870151
5961	6.605879783e-06
5962	2.63396912e-06
5963	0.0002158213211
5964	0.001904947745
5965	0.001810401012
5966	0.006253598705
5967	0.0008400823934
5968	0.002525035802
5969	0.002315030738
5970	0.001706644254
5971	0.001684239146
5972	0.001044300644
5973	0.002070508452
5974	0.0009993603836
5975	0.0005515726085
5976	0.0009178587271
5977	0.004077365216
5978	0.000801771061
5979	0.005944555848
5980	0.003424637769
5981	0.0009490262766
5982	9.608950453e-05
5983	0.002777739883
5984	3.932431353e-05
5985	0.003868848448
5986	0.006000586578
5987	0.002178907783
5988	3.062812701e-05
5989	9.491698299e-05
5990	0.00582472696
5991	5.622888362e-05
5992	0.001729204924
5993	0.004261361097
5994	0.001251237332
5995	0.001213963242
5996	2.543142346e-07
5997	0.004749068314
5998	2.026117553e-05
5999	2.084687749e-05
6000	0.002855817749
6001	3.072484568e-05
6002	0.002163624073
6003	0.00186579301
6004	0.007141457097
6005	3.60322781e-07
6006	0.0001226693832
6007	6.993642145e-06
6008	0.001449081933
6009	1.924633648e-05
6010	0.002006533537
6011	0.001346457403
6012	0.001174219826
6013	8.753179349e-05
6014	0.0001938544999
6015	0.001589775527
6016	0.0001873063722
6017	0.0008460128173
6018	0.002046674582
6019	0.002072408341
6020	2.633969118e-06
6021	2.997275204e-06
6022	0.003870704725
6023	0.003810118157
6024	0.001278475276
6025	0.000944160502
6026	2.368901539e-05
6027	0.001203574229
6028	7.263648138e-05
6029	0.0006405327557
6030	0.001662474265
6031	0.005093954223
6032	0.001656315829
6033	0.002184022619
6034	0.006135223543
6035	0.004508823501
6036	0.001152393998
6037	8.576259602e-06
6038	0.0001022778329
6039	0.001292665509
6040	0.0001277590284
6041	0.003192291405
6042	0.0007382002326
6043	0.0002986462396
6044	0.001190457363
6045	0.005562902549
6046	0.002232626624
6047	0.000687864174
6048	5.441806147e-06
6049	3.814713913e-06
6050	0.002346421166
6051	0.001551007317
6052	0.0002923800005
6053	0.00126554858
6054	0.0008959938913
6055	0.0004608076946
6056	0.0004951593578
6057	0.001973837802
6058	0.004289257427
6059	2.472338397e-06
6060	0.0008184544716
6061	0.0009816828018
6062	0.007686363412
6063	0.003403101803
6064	0.006226184231
6065	0.001570238085
6066	0.001985770664
6067	0.003298636891
6068	0.001630471565
6069	0.00117029321
6070	2.724795674e-07
6071	2.724795674e-07
6072	0.0009529016266
6073	1.141364993e-05
6074	0.001404861309
6075	0.0001789630572
6076	0.001373092616
6077	0.001785215293
6078	1.907356905e-06
6079	1.907356905e-06
6080	0.0002472166771
6081	0.002796204278
6082	0.001781642606
6083	0.002423725388
6084	0.0004962776238
6085	1.41213327e-05
6086	8.174387281e-07
6087	8.174387281e-07
6088	0.001353091683
6089	0.005139766081
6090	0.002162958001
6091	0.0095831463
6092	0.0009221550722
6093	0.00205556382
6094	0.000803012322
6095	0.0006854627223
6096	0.0002450768611
6097	0.00178021732
6098	0.001001589619
6099	1.754235248e-09
6100	0.001308834255
6101	0.001788307345
6102	0.004593028408
6103	0.001265875938
6104	2.009428654e-06
6105	0.004380196701
6106	0.000469421593
6107	0.003276156364
6108	0.0009785175849
6109	0.0005661259494
6110	0.002747704224
6111	0.001008117936
6112	0.0005628516916
6113	0.001538783331
6114	0.0005460356776
6115	2.456405236e-06
6116	0.002754093803
6117	4.686648465e-06
6118	1.401331184e-05
6119	7.851831462e-05
6120	0.005538664052
6121	2.564148163e-05
6122	0.001906463962
6123	0.00302823361
6124	0.000674696635
6125	0.00381938088
6126	0.0006964279789
6127	0.001993524028
6128	0.00195557809
6129	0.002713839458
6130	0.001942088884
6131	0.0004973140736
6132	0.0005049473131
6133	0.0008026358902
6134	0.003983918559
6135	0.0002843974266
6136	0.0002335232859
6137	0.0002788628763
6138	0.001350768915
6139	5.177111717e-06
6140	0.000609018473
6141	0.0003422190213
6142	0.004763966496
6143	0.002765694352
6144	0.004884139198
6145	9.990917374e-07
6146	1.998183471e-06
6147	0.001341842247
6148	0.003909083507
6149	0.0008052435073
6150	0.009140530103
6151	5.594913715e-06
6152	0.0005055533128
6153	0.002097323451
6154	0.0009476137523
6155	0.0002762659203
6156	0.003155652315
6157	0.001464456576
6158	0.003434090851
6159	0.001399846094
6160	0.004161949319
6161	0.001832924203
6162	0.0003079445258
6163	0
6164	0.0003030381169
6165	0.0002073674323
6166	0.001267173197
6167	0.001220492192
6168	0.005286836381
6169	0.0001721513563
6170	0.002540353437
6171	0.002237464396
6172	0.001799469815
6173	1.775416618e-05
6174	0.0004164409
6175	0.002752368839
6176	5.631244297e-06
6177	3.269754744e-06
6178	0.0002377481794
6179	0.0005022531442
6180	0.006575612924
6181	3.900128211e-08
6182	0.0006102565226
6183	8.932295757e-06
6184	4.53108505e-06
6185	0.001288488543
6186	0.000739636552
6187	8.786845533e-06
6188	0.001854267032
6189	0.006164257752
6190	0.001461266019
6191	0.0006368126158
6192	0.001010905723
6193	0.001491220616
6194	0.001869786405
6195	0.0001412716026
6196	0.002422102444
6197	3.567005202e-06
6198	0.001027846667
6199	0.002505424733
6200	0.007717619301
6201	0.001986950454
6202	0.0004262887826
6203	0.003674690891
6204	0.0002149311909
6205	1.320783966e-05
6206	0.0006575289022
6207	0.002261796289
6208	0.0007138161302
6209	0.001504109186
6210	0.00189072349
6211	2.033248994e-05
6212	0.001980159762
6213	0.001170921773
6214	0.0001225886364
6215	0.002817712958
6216	0.001658748044
6217	0.005773726082
6218	1.671207993e-05
6219	0.0005331962797
6220	0.0006322973095
6221	0.003186530395
6222	0.00101208223
6223	0.000608220079
6224	0.002221397493
6225	0.0005552281431
6226	0.00119459967
6227	0.001175913183
6228	0.0002172857694
6229	0.001490400081
6230	6.155370526e-05
6231	0.003925799594
6232	0.004341559806
6233	3.542234329e-06
6234	0.0009437032592
6235	0.0003342843796
6236	0.0005172997004
6237	0.0009022830401
6238	0.001394935926
6239	0.0005979894197
6240	2.856480486e-05
6241	1.525885558e-05
6242	7.08446871e-06
6243	0.0005986550649
6244	0.003595748515
6245	0.0001614661375
6246	0.0002711485113
6247	0.00276012303
6248	0.00382480408
6249	5.449591279e-06
6250	5.449591279e-06
6251	0.001701410693
6252	0.001088109164
6253	2.696235853e-05
6254	0.004824320337
6255	1.453224345e-06
6256	0.002592748207
6257	0.007770724032
6258	0.003982060727
6259	0.00262201572
6260	0.00259007151
6261	0.004344779667
6262	0.002147865307
6263	0.003801799892
6264	0.002432364616
6265	1.118982743e-05
6266	6.267029972e-06
6267	6.267029972e-06
6268	0.004277894806
6269	0.002608395825
6270	0.001625614515
6271	0.00347080323
6272	1.681770819e-06
6273	0.003837136526
6274	3.050887885e-05
6275	0.0002159776071
6276	0.0001017338812
6277	0.001178084601
6278	0.0006175371997
6279	6.178737755e-05
6280	0.001147183611
6281	0.0003222210137
6282	0.003672653746
6283	0.001346879136
6284	0.0002185206085
6285	2.443138546e-05
6286	0.001276881565
6287	0.001795423135
6288	0.002945069862
6289	0.006077921117
6290	0.005932900421
6291	0.0002697224616
6292	0.005413433185
6293	8.182416107e-05
6294	0.0008674880302
6295	0.001821247949
6296	0.00357071981
6297	0.001782546477
6298	0.00248888522
6299	0.003924594792
6300	0.0003663756089
6301	0.0005538523971
6302	0.002554105771
6303	0.002647070092
6304	0.0002216235569
6305	0.0001130793733
6306	0.001511180766
6307	0.0001769870451
6308	0.003513795941
6309	0.003490701961
6310	3.542234335e-06
6311	3.542234335e-06
6312	0.0005927860297
6313	0.0006671200174
6314	0.0004040876244
6315	0.001610563616
6316	0.0002004859379
6317	0.00304517331
6318	6.630336039e-06
6319	0.002371341579
6320	0.001128121945
6321	0.001887308812
6322	0.006142315027
6323	0.000244718681
6324	0.005766040647
6325	0.002947800135
6326	0.0006831872035
6327	0.001446812824
6328	0.00176506287
6329	0.0008235512713
6330	0.00253931487
6331	0.001058489476
6332	0.0003829990273
6333	0.0004029280444
6334	0.0005043556246
6335	0.002611321576
6336	0.0006902974667
6337	0.00144073363
6338	0.004425302592
6339	0.002078934198
6340	8.174387341e-07
6341	8.174387341e-07
6342	0.005255948268
6343	0.00153362757
6344	0.001692020944
6345	8.174386918e-07
6346	8.174386918e-07
6347	0.002340499359
6348	0.0008287006371
6349	0.0001936010557
6350	0.0003470161715
6351	0.001158558336
6352	0.0059318576
6353	0.0009914528588
6354	0.0004129024049
6355	0.004645975765
6356	0.0001155769969
6357	0.00166040769
6358	0.002330788607
6359	0.004741466379
6360	0.000128696955
6361	8.174386966e-07
6362	8.174386966e-07
6363	0.0004480193277
6364	0.0001126816758
6365	0.002437723852
6366	0.001799029926
6367	0.001909295635
6368	0.001561399391
6369	0.000373714242
6370	1.035422344e-05
6371	1.035422344e-05
6372	0.0002385863785
6373	0.002715420429
6374	0.00178571796
6375	7.733644766e-05
6376	0.0009311013016
6377	0.0004611078089
6378	1.816530431e-07
6379	0.0003144362747
6380	0.0011643723
6381	0.001703457793
6382	0.00304599288
6383	0.000399375869
6384	0.001062693367
6385	6.902815625e-06
6386	0.001790430683
6387	0.00180231693
6388	1.117166212e-05
6389	2.633969109e-06
6390	0.002692391795
6391	0.002138977733
6392	6.121744386e-05
6393	0.001915931888
6394	0.001543155595
6395	0.002522455346
6396	0.004554025
6397	0.001100601501
6398	6.739327846e-06
6399	4.268846501e-06
6400	0.002729694606
6401	0.000579152079
6402	0.001806224771
6403	1.979096296e-05
6404	1.634877384e-06
6405	1.634877384e-06
6406	0.005154509056
6407	0.0002015674392
6408	0.001749058456
6409	0.0005967716797
6410	0.0002567322941
6411	5.724831775e-05
6412	0.002309180305
6413	0.004897390207
6414	0.002342060451
6415	0.002071440808
6416	0.0002546597958
6417	0.0002418820679
6418	0.0003807550304
6419	0.009828354509
6420	0.001419818567
6421	0.003062503471
6422	0.0001005813865
6423	0.000887393028
6424	0.0001944384686
6425	0.00456437724
6426	8.16695569e-06
6427	0.0022366137
6428	0.0001946561189
6429	0.003801844059
6430	0.00103561717
6431	7.811080805e-06
6432	0.0007645175778
6433	2.959393044e-05
6434	0.0002312184829
6435	0.002432966535
6436	1.634877368e-06
6437	1.634877368e-06
6438	0.003145929522
6439	0.0008260781867
6440	0.002804767672
6441	1.362397775e-06
6442	1.362397775e-06
6443	0.0009586661385
6444	0.001023771365
6445	0.0003845049713
6446	0.0007417800126
6447	0.001149259364
6448	0.003397331506
6449	0.004912624382
6450	9.990917352e-06
6451	0.0007586129068
6452	0.0007870424622
6453	0.0006168248865
6454	6.97850439e-06
6455	0.002462648814
6456	0.0002018932822
6457	5.119002579e-05
6458	0.004867626918
6459	0.005880111157
6460	0.002521582608
6461	0.0008451072887
6462	0.001769248598
6463	0.001960540288
6464	0.002012618788
6465	0.003539990589
6466	0.0001930750259
6467	0.002386132155
6468	0.00531271604
6469	0.001719330982
6470	0.00406587039
6471	0.003325407056
6472	0.0002617001775
6473	0.002530290621
6474	0.006594633084
6475	0.004626986811
6476	0.002456990079
6477	1.425976385e-05
6478	1.716621251e-05
6479	0.003322998147
6480	7.149701642e-06
6481	0.004310796196
6482	0.0005510896873
6483	0.0006137644829
6484	0.003175092397
6485	0.001212402796
6486	3.194876767e-05
6487	0.0006141961848
6488	0.00167127208
6489	0.0004001095725
6490	3.264304408e-06
6491	0.0007019243711
6492	4.159854698e-06
6493	0.004109703797
6494	0.0007192209818
6495	2.916195466e-05
6496	0.0003829681545
6497	0.001245045316
6498	0.0008624575985
6499	5.709095626e-07
6500	1.825639694e-05
6501	0.003292520243
6502	0.0002479521289
6503	0.003386143522
6504	2.724795675e-07
6505	2.724795675e-07
6506	1.3704813e-05
6507	0.0001440649196
6508	0.00518109141
6509	0.002571664684
6510	4.792638323e-05
6511	0.003308728064
6512	0.001663866681
6513	0.004139093002
6514	0.001526373866
6515	0.0008366504976
6516	0.001342258196
6517	0.001343782551
6518	0.0006762765485
6519	5.449591283e-06
6520	5.449591283e-06
6521	0.0003290355024
6522	0.001273320716
6523	0.0005516926409
6524	6.047832567e-05
6525	7.126202072e-06
6526	0.001463760936
6527	0.006285378192
6528	0.0004064487929
6529	0.001963163554
6530	0.001558089609
6531	0.0001373470446
6532	0.001197061801
6533	0.001734405861
6534	0.001692862884
6535	0.001128896308
6536	0.002664698878
6537	0.0005989498994
6538	0.004866775538
6539	0.001846531131
6540	0.001340551186
6541	0.001195870524
6542	0.0005938308934
6543	0.0005089662943
6544	0.006317847955
6545	0.0005928331061
6546	0.002166380117
6547	0.002263394134
6548	1.262488643e-05
6549	6.53950954e-06
6550	0.0003931827542
6551	0.007526124885
6552	4.026004338e-05
6553	0.000715797463
6554	0.0003278456349
6555	0.0006731089724
6556	0.00236977681
6557	0.0014571558
6558	0.003164869115
6559	0.001759025289
6560	1.73208489e-05
6561	0.0002529652313
6562	6.798365126e-06
6563	0.002547039766
6564	8.17438692e-06
6565	8.17438692e-06
6566	0.00170858456
6567	0.002348371166
6568	6.725010622e-06
6569	0.0001862546788
6570	0.004889386342
6571	0.001355005658
6572	1.816530451e-07
6573	0.001181191536
6574	0.001881221466
6575	0.0003034326389
6576	0.000928128624
6577	0.0009720081202
6578	2.724795606e-06
6579	8.122333496e-06
6580	0.0003544679745
6581	0.0002243620692
6582	0.0004530701003
6583	0.00267624993
6584	0.001285867461
6585	0.003676726084
6586	0.0006346742184
6587	1.008174387e-05
6588	1.008174387e-05
6589	0.0004973046018
6590	0.001155093306
6591	0.006740828692
6592	0.003039670436
6593	0.001520936403
6594	0.00436969329
6595	0.00185564286
6596	5.203391727e-06
6597	0.002921098809
6598	0.002464617003
6599	0.001479204712
6600	0.004708629352
6601	0.001078948085
6602	0.0005611096239
6603	0.00244709329
6604	0.002618625486
6605	0.002422363597
6606	0.0008988456839
6607	0.004787081763
6608	0.003691836232
6609	0.000782756936
6610	0.002038626383
6611	1.362397816e-06
6612	1.362397816e-06
6613	0.0001362415
6614	0.001411575805
6615	0.001897443082
6616	0.002017367374
6617	0.001452505245
6618	0.0002710130566
6619	0.0007075804633
6620	3.941157296e-06
6621	0.001237287767
6622	0.001175477001
6623	4.430149629e-06
6624	0.001176924903
6625	0.002822079299
6626	3.633060852e-07
6627	0.0005165324522
6628	0.002842284035
6629	0.003143368461
6630	0.000508423115
6631	2.452316081e-06
6632	2.452316081e-06
6633	0.002249201457
6634	0.001322443955
6635	0.001032374924
6636	0.002221578158
6637	0.0001151272236
6638	0.002697948654
6639	4.188400138e-06
6640	1.756970615e-05
6641	0.001173167533
6642	0.001393855945
6643	0.0002598250786
6644	0.000199313287
6645	0.002689163461
6646	0.0009280773908
6647	0.001639328966
6648	0.00402051785
6649	0.0004484899593
6650	1.634877364e-06
6651	1.634877364e-06
6652	0.002415116573
6653	0.001598321255
6654	0.002211311557
6655	0.007207084046
6656	0.0005388781587
6657	0.001194152301
6658	0.001957216467
6659	0.004075017435
6660	0.006132155015
6661	0.000404883519
6662	0.004897309514
6663	0.000645346474
6664	0.001494415404
6665	0.001308243661
6666	0.002153063689
6667	0.0007108908034
6668	0.001772705837
6669	0.001145940588
6670	0.002687806139
6671	0.0001243765312
6672	0.001165989852
6673	0.0004615058935
6674	0.005400438225
6675	0.001655593664
6676	0.003250596875
6677	0.0005203981579
6678	3.650337973e-05
6679	0.001754019855
6680	0.002090395286
6681	0.001406800159
6682	0.001172318767
6683	0.002455859851
6684	0.000410615358
6685	0.005822356731
6686	0.001625026596
6687	0.002059178459
6688	0.004365807698
6689	0.0002663662495
6690	0.0007335639823
6691	0.0004442615195
6692	0.00486927966
6693	0.005434693663
6694	0.0005897624364
6695	8.67799906e-05
6696	0.002542158994
6697	0.0001100619098
6698	2.442171816e-06
6699	0.001257464273
6700	0.001444133597
6701	0.002756807413
6702	0.001862267388
6703	0.003702058208
6704	0.0007000684417
6705	1.18074478e-06
6706	0.002152760357
6707	0.0008073548555
6708	0.005856306764
6709	0.002971387593
6710	4.149048445e-05
6711	0.003064391329
6712	0.005251941621
6713	1.435059039e-06
6714	0.002669085561
6715	0.001124147461
6716	0.002915605823
6717	0.001928672692
6718	4.981417262e-06
6719	0.0002888264003
6720	0.0004729300405
6721	0.001933167059
6722	0.0008411221734
6723	0.001173850766
6724	7.084468666e-06
6725	7.084468666e-06
6726	0.002034038407
6727	0.002155527306
6728	9.809263885e-07
6729	0.003220848624
6730	0.003875537164
6731	0.003622472713
6732	0.0007138261156
6733	0.0001160078015
6734	0.004040125143
6735	0.0007989462453
6736	0.008136783953
6737	0.001759840568
6738	0.003216287191
6739	0.0009756251989
6740	1.907356936e-06
6741	0.003262246663
6742	0.0001881225702
6743	0.0002799302335
6744	0.004713221303
6745	0.00053267628
6746	7.125989399e-06
6747	0.002982678562
6748	0.001283205627
6749	0.0001908489626
6750	0.00178243692
6751	0.0003569681091
6752	0.002575422056
6753	0.002845407819
6754	0.0005559803975
6755	0.002228353118
6756	0.0009217573841
6757	0.000803286235
6758	3.319802583e-05
6759	0.002749505198
6760	0.001136014099
6761	0.00271554069
6762	0.00183297091
6763	0.003165122008
6764	0.0003209643082
6765	0.004159832313
6766	0.0001329146221
6767	0.002556439115
6768	0.002724835401
6769	0.002870118953
6770	0.002797377018
6771	0.002687557809
6772	0.002184428013
6773	1.018554557e-06
6774	0.0005831296457
6775	3.625141911e-05
6776	0.001658815858
6777	0.003762461226
6778	0.001501077831
6779	0.001971930613
6780	0.002151480997
6781	0.002604186978
6782	0.005636454268
6783	0.0007012005258
6784	0.001182466105
6785	0.001137412794
6786	0.0003804770098
6787	0.004436463881
6788	0.003569776565
6789	0.001254265166
6790	3.752067618e-05
6791	0.0003808382071
6792	0.001261043539
6793	0.000199151248
6794	3.655410508e-05
6795	0.004766997395
6796	0.001351389342
6797	0.001289488849
6798	0.006533873564
6799	0.002143066868
6800	0.0001194619614
6801	1.560711312e-05
6802	0.001734481992
6803	0.0007152321361
6804	0.001053906455
6805	0.0002258568759
6806	0.0008507020717
6807	0.001001043041
6808	0.0003201174028
6809	1.781729692e-05
6810	0.0006319679369
6811	0.001239109725
6812	0.00222422677
6813	0.001187701935
6814	0.00126969653
6815	0.002871104477
6816	2.47048134e-06
6817	0.0004041256615
6818	0.006474298101
6819	0.00127515546
6820	0.000557382071
6821	4.087193461e-06
6822	4.087193461e-06
6823	0.005107251761
6824	0.00202975189
6825	0.0009684964284
6826	0.00153380751
6827	2.653339896e-05
6828	0.0009553396866
6829	0.0008107321463
6830	0.001232868396
6831	0.002722711223
6832	0.002156677214
6833	0.0006039067519
6834	8.337874618e-06
6835	0.005344794884
6836	0.002838163389
6837	0.005329734549
6838	0.0009181608492
6839	0.002126741009
6840	0.002513923099
6841	0.002571654739
6842	0.0009694010132
6843	0.001953554066
6844	0.001590458336
6845	3.763903523e-05
6846	0.003419233892
6847	0.001574170168
6848	5.674133665e-05
6849	0.0007010438501
6850	0.0005904537729
6851	0.004103026752
6852	0.0007147945524
6853	0.003818550623
6854	0.002472986556
6855	0.006355796234
6856	1.017257039e-05
6857	0.002052348718
6858	0.0005297573986
6859	0.000645088627
6860	0.004346418358
6861	0.003159284175
6862	0.001262545099
6863	0.0007755699017
6864	0.000980127121
6865	0.0004361218903
6866	0.0004947499508
6867	0.005123594706
6868	0.004323114141
6869	0.003294206881
6870	5.449591265e-07
6871	4.995458674e-06
6872	0.002105306853
6873	6.721163077e-07
6874	0.00200194676
6875	0.0004795047476
6876	0.001667398424
6877	0.0009997260162
6878	0.00448501666
6879	7.809000394e-06
6880	0.006316392743
6881	0.003912218198
6882	0.001829546181
6883	0.00141686932
6884	0.002760199751
6885	0.003520365471
6886	0.0009450414267
6887	0.005428860134
6888	0.002431278681
6889	6.11898754e-05
6890	0.002382986895
6891	0.0007718068124
6892	0.003663913023
6893	0.002152461367
6894	0.0005691556158
6895	0.002400635424
6896	1.598934292e-05
6897	0.001332460494
6898	4.614443571e-05
6899	0.000255543512
6900	0.002530701859
6901	0.0008342956577
6902	0.001380630521
6903	0.003254154268
6904	0.003778774454
6905	0.0003027984158
6906	0.002801374637
6907	0.002993448582
6908	0.001597819115
6909	0.002807914671
6910	0.0002188688104
6911	0.001637541571
6912	0.003086222163
6913	1.023197813e-05
6914	0.001323389316
6915	0.0006397051608
6916	0.001760166891
6917	0.003551092836
6918	0.005393106335
6919	1.189827429e-05
6920	0.000558854271
6921	0.004095874867
6922	0.001271836058
6923	0.0007232749736
6924	1.634877346e-06
6925	1.634877346e-06
6926	0.001403837888
6927	0.002466553214
6928	0.001548830842
6929	0.0001943610107
6930	0
6931	0.000768123396
6932	0.006727442968
6933	0.002073086467
6934	0.0001870108848
6935	0.001347812687
6936	0.0005378212922
6937	2.20395747e-05
6938	0.003272621114
6939	0.0005044393556
6940	1.816528238e-08
6941	6.26702997e-06
6942	6.26702997e-06
6943	5.431426018e-06
6944	0.0004024490269
6945	0.003218062454
6946	0.0009935429856
6947	0.0001711618554
6948	0.0002335785393
6949	0.005197337108
6950	0.0006664489219
6951	0.004564426137
6952	0.001174584051
6953	0.001205235697
6954	3.610212372e-06
6955	0.0001330757148
6956	0.0001313315298
6957	0.002868898956
6958	0.0009324850695
6959	0.0005423313675
6960	0.003811352579
6961	0.0004148514275
6962	4.450467087e-06
6963	0.0003125687374
6964	0.0009006553538
6965	2.614748541e-05
6966	5.449591281e-06
6967	5.449591281e-06
6968	0.003990989759
6969	0.00137671818
6970	0.006361394393
6971	0.001888344634
6972	0.000298761065
6973	0.001394678398
6974	0.002301862444
6975	0.0009275740407
6976	0.003383248922
6977	0.000987914721
6978	0.001347329417
6979	7.989735254e-05
6980	0.001256547326
6981	0.0005298483952
6982	0.00143007219
6983	0.004545245591
6984	0.000986774546
6985	0.005160661129
6986	8.29473254e-05
6987	0.002983149654
6988	0.001279143559
6989	0.001044735902
6990	0.0009093991085
6991	0.002385665119
6992	5.703630252e-05
6993	0.0008429454736
6994	0.002220839553
6995	0.002739760935
6996	0.0005358208576
6997	0.004038130134
6998	0.001843792901
6999	0.0009750912722
7000	0.0004846624263
7001	0.001061847538
7002	4.268846508e-06
7003	0.0004458133759
7004	0.0008514174985
7005	0.001278469033
7006	0.001418241165
7007	9.08265213e-06
7008	0.006948126006
7009	4.001982015e-05
7010	0.0003099001233
7011	0.0002629194769
7012	0.005177348758
7013	0.0006889616771
7014	0.001869068968
7015	1.089918261e-06
7016	1.089918261e-06
7017	0.004175915593
7018	4.824185784e-06
7019	0.0001854909087
7020	0.002991428896
7021	0.00237843499
7022	0.004248152543
7023	0.0003423741605
7024	0.003476600175
7025	0.00113532787
7026	2.724795593e-06
7027	2.724795593e-06
7028	0.00260006814
7029	0.003530443888
7030	0.00209569379
7031	0.0003859866211
7032	0.003886337487
7033	0.001609486769
7034	0.0005321556407
7035	1.630308909e-05
7036	3.269754768e-06
7037	3.269754768e-06
7038	5.344678409e-06
7039	0.003964693699
7040	0.0004599689135
7041	0.0003155676672
7042	0.003194809342
7043	0.000773422029
7044	0.003705122763
7045	0.0002907035582
7046	0.0008525962027
7047	0.001467662335
7048	0.003799229758
7049	0.003378394577
7050	0.001263713676
7051	0.001809825657
7052	0.003429542792
7053	0.001266412958
7054	0.001677963946
7055	0.005079154749
7056	0.0003484855522
7057	0.001053016004
7058	3.542234332e-06
7059	3.542234332e-06
7060	0.001711081315
7061	0.001314340686
7062	0.002230979939
7063	1.643937523e-05
7064	0.0001826770089
7065	0.001311945747
7066	0.0005559309604
7067	6.53950954e-06
7068	6.53950954e-06
7069	2.149561016e-06
7070	0.0005132239775
7071	1.453224378e-06
7072	0.0001004780874
7073	0.0007393685982
7074	0.0005116429757
7075	0.001210449426
7076	0.000865105658
7077	0.001493005957
7078	0.004268625185
7079	0.0007655199828
7080	0.003811491767
7081	0.003307022062
7082	0.004966507751
7083	0.0008774803014
7084	0.001243165522
7085	0.001200347218
7086	0.0007413374596
7087	0.001304982415
7088	0.0006433139305
7089	0.0005455141102
7090	0.0004322885144
7091	0.0003284421658
7092	0.001801592348
7093	1.956662774e-06
7094	0.004585736096
7095	0.000710539115
7096	0.004239954751
7097	0.000561562289
7098	0.0008942184817
7099	0.005808422175
7100	6.267029969e-06
7101	6.267029969e-06
7102	6.15330442e-05
7103	0.0008064132879
7104	0.002952690422
7105	1.198910078e-05
7106	0.002646548507
7107	5.994550449e-07
7108	0.0034677194
7109	0.000705371817
7110	0.003319329291
7111	0.0004997371456
7112	0.002302185665
7113	0.004282236264
7114	0.0005663676727
7115	0.002525434458
7116	0.0004126123861
7117	0.002836164514
7118	0.0005593497382
7119	0.000124575001
7120	1.653042688e-05
7121	0.001747175762
7122	0.0008301822128
7123	3.088102036e-07
7124	1.907356952e-06
7125	1.253405995e-05
7126	1.253405995e-05
7127	0.001607933882
7128	0.002496382118
7129	0.001526197709
7130	0.0037402813
7131	0.004121095594
7132	0.001240589892
7133	0.003535738559
7134	2.179836513e-06
7135	2.179836513e-06
7136	0.003266925915
7137	0.004720711193
7138	3.996366943e-06
7139	0.005460965336
7140	0.002332651541
7141	0.0002920679804
7142	0.006104213946
7143	0.001269044709
7144	0.0004719338831
7145	0.0007092941596
7146	0.001388746451
7147	1.559621138e-06
7148	0.008200503804
7149	0.001583306961
7150	0.002932996129
7151	0.003626110932
7152	0.00110320835
7153	0.003105795431
7154	0.001026045127
7155	0.001636696354
7156	0.002805652755
7157	2.72479564e-07
7158	0.001445203235
7159	0.001294248538
7160	0.002589859451
7161	2.90412004e-07
7162	2.200856591e-06
7163	0.0009788989082
7164	0.0006942789667
7165	0.003012033737
7166	0.005384071255
7167	0.001572927183
7168	1.089918295e-06
7169	1.089918295e-06
7170	0.003010455217
7171	6.928646983e-05
7172	6.585367353e-06
7173	0.002299504377
7174	7.084468715e-06
7175	7.084468715e-06
7176	4.896847062e-06
7177	0.004796164212
7178	0.006392051706
7179	0.0001927687519
7180	0.001683855078
7181	0.001075718619
7182	0.003841524974
7183	0.0005068034568
7184	1.535438483e-05
7185	0.000307188855
7186	0.001385558792
7187	0.003442533256
7188	0.0005120199225
7189	7.593097183e-06
7190	0.0004770296956
7191	0.003378346079
7192	0.0007789222441
7193	0.001581981514
7194	0.006990923038
7195	0.004309343566
7196	0.0008330051471
7197	0.0005741292504
7198	0.001044996883
7199	0.003080581103
7200	0.0006091509201
7201	0.0003554814939
7202	3.795485787e-05
7203	0.003353450983
7204	0.0006702046242
7205	0.000715664474
7206	0.003235550172
7207	0.002343173039
7208	0.001683701962
7209	0.0006383087438
7210	0.0005152856796
7211	2.997275225e-06
7212	2.997275225e-06
7213	0.0009248087312
7214	0.002277082316
7215	0.004259629384
7216	0.0001196951452
7217	0.004876003382
7218	0.003987818766
7219	0.001693239844
7220	0.004559613167
7221	0.001103656539
7222	0.00294597736
7223	0.0005395764467
7224	0.002510990323
7225	0.00111287227
7226	0.003534135133
7227	1.976381822e-05
7228	0.0001818317562
7229	5.780241833e-05
7230	0.001367637497
7231	0.001617303474
7232	9.212168365e-06
7233	0.001217470759
7234	0.0005922134287
7235	0.0007013642961
7236	0.0006011598926
7237	0.001359198509
7238	0.003702015764
7239	0.0007693982443
7240	0.003465050012
7241	0.0007308031606
7242	0.002942814011
7243	0.005312279712
7244	0.001627898936
7245	2.659210116e-05
7246	0.004086570352
7247	0.001591757629
7248	0.003637574851
7249	0.006147607988
7250	0.004691988561
7251	0.0007275481347
7252	0.001469570756
7253	0.00336717828
7254	0.004695208078
7255	0.001631876179
7256	0.0005092292744
7257	0.001081833021
7258	0.001343161608
7259	0.002741639009
7260	0.004243953662
7261	0.0008879055751
7262	0.001432002959
7263	0.000807358114
7264	0.00229831284
7265	0.001211832337
7266	0.001187526412
7267	0.003142387057
7268	0.0007877406883
7269	0.0003657403154
7270	0.0004502268908
7271	0.001919748219
7272	0.000308206894
7273	0.0001002266097
7274	4.287011812e-06
7275	0.001907276386
7276	0.002834376022
7277	0.003528553329
7278	0.0004221208157
7279	0.0002741005208
7280	0.003157049371
7281	1.138394618e-05
7282	0.0008731392198
7283	0.0006944070414
7284	0.0007640629323
7285	0.002321140307
7286	3.033605808e-06
7287	0.003516395533
7288	0.005185788014
7289	0.00205469847
7290	0.003455644679
7291	0.0008763362924
7292	0.004196098988
7293	2.179836509e-06
7294	0.006099465456
7295	0.001346636711
7296	6.768203627e-05
7297	0.0006509279032
7298	0.003517235732
7299	0.003987639277
7300	1.362397846e-06
7301	0.005514549799
7302	0.005138155582
7303	0.001953887002
7304	0.0004074707259
7305	3.228709678e-05
7306	0.00166249354
7307	0.005825149333
7308	0.000272846699
7309	0.0001391594975
7310	0.001855891298
7311	5.177111712e-06
7312	5.177111712e-06
7313	0.005552149638
7314	0.004437255117
7315	0.005832632186
7316	1.172440636e-05
7317	0.0004227881154
7318	1.79956773e-05
7319	0.004414632016
7320	0.001037868635
7321	0.0009284986188
7322	0.0008636577009
7323	3.825998029e-05
7324	0.00107382085
7325	0.000493340821
7326	0.002539087772
7327	0.001083824887
7328	0.0001452806582
7329	0.005931741594
7330	0.005158531917
7331	0.001728586218
7332	0.0003839793318
7333	7.185675356e-06
7334	0.001772552885
7335	0.0007785559675
7336	0.004431701435
7337	0.005351291406
7338	6.127762663e-06
7339	0.0009714544284
7340	0.003518114122