node_id	error
0	0.003396605764
1	0.0009364947363
2	0.002208335502
3	0.0006920894291
4	0.001537943337
5	0.0005681236058
6	0.0001364339212
7	0.001122120009
8	0.002571296262
9	0.001916970563
10	0.001128459988
11	0.001359178601
12	0.002034496061
13	0.001048334454
14	0.001223373125
15	0.001785038208
16	0.00162266837
17	0.001954399602
18	0.002092347115
19	0.001457779144
20	0.001542354673
21	0.0002396533607
22	0.001300311861
23	0.001065504721
24	0.0009844949744
25	0.0005285608937
26	0.000602161082
27	0.001891716326
28	0
29	0.001282307864
30	0.001662977665
31	0.0007940801367
32	0.004276651569
33	0.001528236307
34	0.001838892889
35	0.00291875995
36	0.002115780294
37	0.0005240962541
38	0.0007166407301
39	0.001931160581
40	1.952770254e-06
41	4.495912846e-06
42	0.001840708864
43	0.006040940044
44	0.00123698454
45	0.001501362712
46	0.0009451288256
47	0.001265148618
48	0.0003268056638
49	0.0007447039187
50	0.001293123962
51	0.001987044661
52	0.004876866619
53	0.0008012164557
54	0.001499575073
55	0.005586596664
56	3.092300065e-06
57	0.0008305127025
58	0.002315076375
59	0.001435446401
60	0.001454232808
61	0.000176562913
62	0.001037902789
63	0.001267060981
64	0.004301038764
65	0.0008092480368
66	0.001291170501
67	1.782275849e-05
68	7.10185547e-05
69	0.000640929137
70	0.002843744089
71	0.0005218491294
72	0.0007402978692
73	0.0006414546919
74	0.001294862693
75	0.005150783299
76	0.001986681742
77	0.001043670741
78	0.001845526379
79	0.00170346715
80	0.0004901551693
81	0.004055196562
82	0.00175100339
83	0.0001849212863
84	6.620770128e-06
85	0.0005385307542
86	0.006398090335
87	0.000358818869
88	0.0005513361495
89	0.002051033133
90	0.0003919985706
91	0.001218503411
92	0.001047552106
93	0.003563317095
94	0.001420464857
95	0.00146424607
96	0.001328671639
97	0.001676297484
98	0.001720430272
99	0.00066570976
100	0.000358491518
101	0.002086507729
102	0.001914175114
103	0.001363232636
104	0.003210585043
105	0.000429668346
106	0.000323370826
107	0.0002072318746
108	0.0004842241274
109	0.00148618869
110	0.003477778275
111	0.002656289565
112	1.174308858e-05
113	0.001807046915
114	0.001539984587
115	0.001202117962
116	0.002185416342
117	0.002812430483
118	0.001447988355
119	0.00119689558
120	0.0009388281426
121	0.0007778586992
122	0.0004855890303
123	0.001669042223
124	0.001083898272
125	0.003609928799
126	0.00152224779
127	0.001084421933
128	0.001423562747
129	0.002417901833
130	0.0002577550877
131	5.602023519e-05
132	0.0002807317955
133	7.966681235e-05
134	0.0001760499465
135	0.002532257796
136	0.001165629508
137	0.001338959312
138	0.0007676868105
139	0.001843637502
140	0.0008728269015
141	0.01181354701
142	0.001210434036
143	0.002569996781
144	0.001713887445
145	0.0007270484361
146	0.002099616568
147	0.00125014284
148	3.786248895e-05
149	0.0005101353726
150	0.002197523317
151	0.001860040638
152	0.0001941971224
153	0.002760661563
154	0.002160791275
155	0.002560378304
156	0.001997792465
157	0.001890280335
158	8.736249796e-05
159	0.0007788758809
160	0.001062844062
161	0.003311438222
162	0.004251301032
163	0.003963483554
164	0.0012762738
165	0.0005711346376
166	0.002115779693
167	0.001640267903
168	0.001208675621
169	0.001583813894
170	0.001368855677
171	0.002366560569
172	0.001292462155
173	0.001626292163
174	0.0008683554375
175	0.0005333591326
176	0.00068332462
177	0.0004324994399
178	0.0004727569094
179	0.001801857047
180	0.002744545972
181	0.00123108065
182	0.001175685302
183	7.529760693e-05
184	0.001693256446
185	4.532243415e-05
186	5.858310929e-06
187	5.177111713e-06
188	1.062670298e-05
189	0.002002962578
190	0.002171225283
191	0.001444760403
192	0.0004761564152
193	0.002594355202
194	0.005994841652
195	0.001113269169
196	0.001593466722
197	3.894883168e-05
198	0.001804405882
199	0.003468164275
200	0.0009138217713
201	0.0005814018323
202	0.00153849676
203	0.000271099286
204	0.0009332025477
205	0.0027440278
206	0.0005843354188
207	0.0009716262703
208	0.001570595801
209	0.001406857909
210	0.004997953937
211	0.004219919378
212	0.0008560388882
213	0.001079636219
214	0.001072040309
215	0.001566386654
216	0.001111474425
217	0.002789349652
218	0.001813295734
219	0.0007679990009
220	0.001227894837
221	0.001663528947
222	0.0003218676057
223	0.0003498062518
224	0.002103393997
225	0.0106566597
226	0.003709605694
227	0.0003990387964
228	0.001407149239
229	0.0003772253042
230	0.0009552342363
231	0.001642324962
232	0.0001921220172
233	0.0004117994568
234	0.001911885136
235	0.001301058088
236	0.0001156452859
237	0.0005626790031
238	5.313351495e-06
239	1.362397823e-06
240	0.003453054625
241	0.0001257671474
242	4.08719346e-06
243	4.08719346e-06
244	0.0007923556666
245	0.00286065703
246	0.004110037388
247	0.001364544659
248	0.001398051414
249	0.001653416946
250	0.001821864649
251	2.179836511e-06
252	1.771117165e-06
253	0.001141831901
254	0.001474041813
255	0.0009413516746
256	0.001204799035
257	0.003795636964
258	0.002721457293
259	0.0007978408384
260	0.001173615738
261	0.001091438637
262	0.00281860853
263	1.596030674e-05
264	0.001445205879
265	0.002005939309
266	0.001346956164
267	0.002460663257
268	0.0008022394314
269	0.000971884673
270	0.0007032493332
271	0.001941622731
272	0.003012006563
273	0.0009526028027
274	0.0004805009005
275	0.0003094214269
276	0.0004066320147
277	0.001853843119
278	0.001323595118
279	8.305808398e-05
280	0.001752139752
281	0.001463145369
282	0.001347157296
283	0.0007912064447
284	0.001083796903
285	0.001232895104
286	6.053588036e-06
287	1.610872978e-06
288	0.001177396021
289	0.001031844573
290	0.001349483595
291	0.00293292287
292	0.00203762427
293	0.001151695321
294	0.001847477899
295	0.0009015787411
296	0.001510423624
297	0.001756223924
298	0.001506633964
299	0.001000676292
300	0.0006246898559
301	0.000413770585
302	0.0001647213086
303	0.000396897327
304	0.002390429001
305	0.001030733869
306	0.000979779538
307	0.001019858246
308	0.001810137244
309	0.0005341286715
310	0.001249472011
311	0.0002873724977
312	0.0004454541742
313	0.001989886848
314	0.004866862073
315	0.001072434494
316	0.001786598001
317	0.001221341938
318	0.002768774682
319	0.001418634545
320	0.001007166736
321	0.002967316261
322	0.0008105860441
323	0.001254840302
324	0.001133308336
325	0.0007231183004
326	0.002609506038
327	0.002596842895
328	0.001391540139
329	0.0007934738189
330	0.000666466442
331	0.002867538512
332	0.0008607058195
333	0.0007230130597
334	0.001387973018
335	0.00108785044
336	0.000768453678
337	0.00378417626
338	0.002741321477
339	0.001522581932
340	0.001566634665
341	0.002397490972
342	0.0007090983638
343	0.001210783852
344	0.000900901723
345	0.0008754662667
346	0.001113133566
347	0.0002677996311
348	0.0004943870122
349	0.0003749708253
350	0.001234604848
351	0.001311520356
352	0.001256402316
353	0.002584619625
354	0.002579865852
355	0.0008268308058
356	0.001724693653
357	0.00171385857
358	0.001514823471
359	0.0002980309492
360	0.0007877259276
361	0.003123185317
362	0.001369671798
363	0.0004968086842
364	0.001073801886
365	0.003490304289
366	0.002098624692
367	0.0002017817633
368	0.001435387999
369	0.001391139755
370	0.001462795676
371	0.001287135956
372	0
373	0.001507344933
374	0.001069491967
375	0.001118981607
376	0.002102203388
377	0.0001288167311
378	0.002300899339
379	0.003042994712
380	0.003158621254
381	0.003661835863
382	0.0008297057989
383	0.001544881725
384	0.005747049558
385	0.00674112285
386	0.002530505004
387	0.00144383596
388	0.003169655349
389	0.0005838994559
390	0.0003569950082
391	0.0011380568
392	4.484105405e-05
393	3.390554008e-05
394	0.0009160921076
395	0.0002826510146
396	0.001863790009
397	0.00167123011
398	0.002021678424
399	0.002313262327
400	4.229833833e-06
401	0.002241183285
402	0.001273705453
403	0.0007939281512
404	0.00145718167
405	0.001617269733
406	0.002029306286
407	0.001182333963
408	0.002080030563
409	0.003257421371
410	0.004593388151
411	0.005103457475
412	0.000740863124
413	0.001463374038
414	0.001274698863
415	0.0006724996096
416	0.001545142537
417	0.001095978918
418	2.234332425e-05
419	1.530426842e-05
420	0.001146825593
421	0.0006191208946
422	0.001254585993
423	0.0003088865896
424	0.0002959954161
425	0.0004320990077
426	0.001376895414
427	0.003687199685
428	0.0004416741545
429	7.480094287e-05
430	8.174386921e-06
431	8.174386921e-06
432	0.003726966339
433	0.00115679572
434	0.0003656812365
435	0.003888676704
436	0.003552061976
437	0.0006202146175
438	0.001133822793
439	0.0007004229871
440	0.001790501784
441	0.005779703605
442	0.002374074145
443	0.001320680065
444	0.0004854842206
445	0.003992978366
446	0.008261006335
447	1.59400545e-05
448	3.405994549e-05
449	0.001824033664
450	0.001318538697
451	0.001456712001
452	0.0006153261958
453	0.001925911645
454	0.002632396132
455	4.949912533e-05
456	0.0003139210811
457	0.002744701478
458	0.001041141746
459	0.001214095295
460	0.001307282941
461	0.001248781965
462	0.001307854576
463	0.001050482611
464	0.001215501512
465	0.001543786559
466	0.001243318091
467	0.001233841369
468	0.001397778776
469	0.0006003539917
470	0.001050770336
471	0.00149774615
472	0.001410971297
473	0.0007645673285
474	0.006165083935
475	0.001393625205
476	0.00691533086
477	0.00104889336
478	0.005169386232
479	0.007340730075
480	0.003331807302
481	0.000666088727
482	0.002471444378
483	0.0002569717378
484	0.002522181307
485	0.002082918453
486	0.001920926218
487	0.001162979335
488	0.001091842292
489	0.003297060852
490	0.001375015179
491	0.0007633793422
492	0.004240995234
493	0.001442970933
494	0.001231295609
495	0.0008231221101
496	0.0003531216067
497	0.001780824021
498	0.001340710095
499	0.0004353163633
500	0.002787134825
501	0.0009099616181
502	0.001799495897
503	0.001283026277
504	0.01040425208
505	0.0002993751992
506	0.0002628692461
507	2.865071074e-05
508	0.001400527538
509	0.001674208282
510	0.0008477826663
511	0.000584057949
512	0.001008163784
513	0.001323385646
514	0.002000408838
515	0.000927928459
516	3.947564672e-05
517	0.004309022529
518	0.003470475051
519	3.533925656e-05
520	0.0009893685412
521	0.002140617684
522	0.003494303022
523	0.0006760813111
524	0.001892621829
525	0.003005189528
526	0.002200322091
527	0.0006604628343
528	0.002414464821
529	0.00289637539
530	0.0007379145478
531	0.0002753257355
532	0.001093005624
533	0.001654089232
534	0.0006979209077
535	8.760195902e-05
536	0.002065460919
537	0.002960330163
538	0.001331254729
539	0.001269330849
540	0.00147647008
541	0.0003920328386
542	0.0009267433667
543	0.001645930923
544	2.302452314e-05
545	0.001221868315
546	0.003235411245
547	0.001385901278
548	0.001554590448
549	0.004884172073
550	0.002071329959
551	0.002836174926
552	0.00182336663
553	0.0009049888728
554	0.0008785564791
555	0.001210047013
556	0.003141354286
557	0.003111293893
558	0.0004946310891
559	0.001502597134
560	4.118921017e-07
561	0.002538878749
562	0.001665145404
563	0.001252502982
564	0.004660034009
565	0.001547884658
566	0.00128368283
567	0.001474024355
568	0.003002357283
569	0.002178679648
570	0.001728355705
571	0.002761982855
572	0.000548644899
573	0.002217516184
574	0.006244284686
575	0.005809385127
576	0.001275561226
577	0.002104616034
578	0.0008322588205
579	0.003914500909
580	0.0009241657848
581	0.001004955389
582	0.002892063803
583	0.001488059564
584	0.005749592109
585	0.002640484964
586	0.006228187079
587	0.000561298242
588	0.0009163762935
589	0.002161248461
590	3.165665023e-05
591	0.003553327673
592	0.002065055237
593	0.004689863288
594	0.0008891037115
595	0.001192502167
596	0.0006274008289
597	0.0009243956694
598	0.001919140954
599	0.001708379486
600	0.0008710018008
601	0.0007657577222
602	0.0005728008574
603	0.0009002138878
604	1.362397825e-06
605	1.362397825e-06
606	0.002251932326
607	0.001369453353
608	0.0007282427833
609	0.0003674090602
610	0.001795853319
611	0.001767060011
612	0.001307142554
613	0.0007427328523
614	0.001154597172
615	0.001575677959
616	0.001592296723
617	0.001452414493
618	0.001326573835
619	0.0007918606396
620	0.0006343969795
621	0.001649835483
622	0.001635942742
623	0.001180857568
624	0.0007473178581
625	0.002514057148
626	3.948857773e-05
627	0.00111649443
628	0.0001328834006
629	8.465238887e-05
630	0.001834749127
631	0.0012375896
632	0.0009649569218
633	0.0007745699049
634	0.001054357261
635	0.001809738191
636	0.000328932858
637	2.666977201e-05
638	0.0005591127938
639	0.001529428289
640	0.001710442771
641	0.0006158867267
642	0.0003560022028
643	0.002930831614
644	0.0003361805889
645	0.004552875324
646	0.005144466586
647	0.001110329947
648	0.003002980699
649	0.001381054356
650	0.0001020738962
651	9.415466895e-06
652	0.0009650777517
653	0.001337791986
654	0.002225452725
655	0.0008424924166
656	0.0006579728718
657	0.001322270717
658	0.0008542469971
659	0.001153649649
660	0.001726469471
661	0.002519523979
662	0.0009275004506
663	0.001015558436
664	0.0001115804586
665	0.0003327720576
666	0.001482617247
667	0.001710243475
668	0.0007243111454
669	0.0004019525068
670	0.001823993325
671	0.002150689583
672	0.0001525256722
673	0.005000425007
674	0.002128018682
675	8.631022812e-05
676	9.971171574e-05
677	0.00214191954
678	0.002779379364
679	0.0002242935677
680	0.0001666476426
681	0.004722936035
682	0.001363433956
683	0.003586696729
684	0.0009676082398
685	0.00145622845
686	0.0008417206618
687	0.002821376646
688	0.001731622167
689	0.001459408903
690	0.001564604949
691	0.002530981298
692	3.419618531e-05
693	6.039963716e-06
694	0.001827177748
695	0.003937223427
696	0.00300698567
697	0.002080708214
698	0.001010708366
699	0.001303303447
700	0.003238274454
701	0.002660605202
702	0.002079263329
703	0.001046812853
704	0.001074242334
705	0.001771003798
706	0.00101017408
707	0.0004955890217
708	0.0005962086751
709	0.001609816715
710	0.0008633315054
711	0.0010438615
712	0.0003202202575
713	0.0002742272048
714	2.043596731e-05
715	1.553133516e-05
716	0.001702292248
717	0.003127616935
718	0.0008408523713
719	0.00233442061
720	3.771774141e-05
721	0.001838508992
722	0.0009157733506
723	0.001870498227
724	0.0007873328017
725	0.002087482666
726	0.001312426958
727	0.001035099111
728	0.001779100042
729	0.001507746325
730	0.002225263291
731	0.004760342069
732	0.002593312322
733	1.634877389e-06
734	3.269754816e-06
735	0.0002440566616
736	0.0006533761547
737	0.001299131049
738	0.001901078995
739	0.0001374939517
740	0.001515862318
741	0.001180553844
742	0.000515183072
743	0.0006856407097
744	0.002119578671
745	3.678474117e-05
746	1.525885557e-05
747	0.004113435897
748	0.01001568519
749	0.004157533313
750	0.007074637599
751	0.0005299985955
752	0.0023421628
753	0.001435429302
754	0.0008230591491
755	0.00116787997
756	0.001104389574
757	0.00177746511
758	0.0007339129865
759	0.0006160762789
760	0.0011250268
761	0.0004722556473
762	0.0001897066763
763	0.001245450072
764	0.001636173178
765	0.005103638492
766	0.005938661087
767	0.002078410636
768	0.001229499099
769	0.001911108498
770	0.004918802216
771	0.003770947076
772	0.0008743299202
773	0.0001731360775
774	0.003100925391
775	0.002097490068
776	0.0008516396164
777	1.680290645e-06
778	0.002074614884
779	0.001310214646
780	0.004754237693
781	0.001246357617
782	0.001108090313
783	0.001148130931
784	0.0008682653353
785	0.003306911251
786	0.004569804818
787	0.001502380291
788	0.0008189021901
789	0.001627860606
790	1.371480471e-05
791	6.811989146e-06
792	1.280653954e-05
793	1.10354223e-05
794	0.001460037631
795	0.002422076294
796	0.001573865189
797	0.0002680878039
798	0.0003589915714
799	0.0009912350797
800	0.0005054111486
801	0.004104717684
802	0.001422248544
803	0.0009950865182
804	7.629427974e-06
805	3.646032092e-07
806	0.00222335978
807	0.003145104097
808	0.005149504199
809	8.692746599e-06
810	2.370307725e-05
811	0.001624890386
812	9.323626026e-05
813	0.001066289885
814	0.00139096018
815	7.078230366e-05
816	0.002737123378
817	0.000512366463
818	0.001546408922
819	0.001005498402
820	2.886954844e-06
821	0.0007761724507
822	0.0005388225332
823	0.002878015401
824	0.004845459357
825	0.0007473593752
826	0.000832695208
827	0.0007414263009
828	0.0007312358494
829	0.001574153755
830	0.000229328904
831	0.008059280706
832	0.003928155569
833	1.907356953e-06
834	1.907356953e-06
835	0.001307372389
836	0.0008908931227
837	0.002462822259
838	9.262349537e-05
839	0.005298338442
840	0.001086280251
841	0.008097249591
842	0.001005204047
843	0.004787343794
844	0.004208603632
845	0.00114620217
846	0.000988607892
847	0.003087574869
848	0.00112944293
849	0.001572688654
850	0.001450009292
851	0.00199931531
852	0.001415852512
853	0.002583617105
854	0.002440594699
855	0.001883702038
856	0.00150087507
857	0.0003010799133
858	2.667542492e-05
859	0.001025594046
860	0.001477378087
861	0.0008110062386
862	0.0001925960793
863	0.001660809298
864	0.0008796019166
865	0.001746517872
866	0.002380959893
867	0.002720290245
868	0.001780060243
869	0.002335434599
870	0.00170323537
871	0.001335815644
872	0.002131986864
873	0.001490628796
874	0.003509548659
875	0.002598438917
876	0.002123916107
877	0.00236900921
878	0.003188125602
879	0.000677631428
880	0.0014598398
881	0.0005995508535
882	0.00203456257
883	0.001352182066
884	1.089918256e-05
885	1.144414168e-05
886	0.001667816462
887	0.001234355944
888	0.002697777477
889	0.002200883563
890	0.002006334546
891	0.002826720599
892	0.002845183416
893	0.001960986998
894	0.001253198578
895	0.004037638863
896	0.003884199301
897	0.005206419375
898	0.006318588963
899	0.003134360839
900	0.002916105591
901	0.0006894212631
902	0.007190800248
903	0.004016734054
904	0.002590545076
905	1.907356899e-06
906	2.043596735e-06
907	0.00293212112
908	6.22499702e-05
909	0.0006118959687
910	0.002413514404
911	0.007592343561
912	0.004272656097
913	0.005159513839
914	0.0004910964253
915	0.001172249588
916	0.001592857376
917	0.001698359204
918	0.001477466356
919	0.002174657792
920	0.0004412360441
921	0.002436809435
922	0.005034115629
923	0.001490574143
924	0.002260864401
925	0.005003602737
926	0.0003903060358
927	0.001375500041
928	1.403269754e-05
929	2.261580369e-05
930	0.001237943587
931	0.007981702378
932	0.003805495559
933	0.001840742075
934	0.001378864317
935	0.0003212356995
936	0.002158496905
937	0.0009296252822
938	0.001464940751
939	0.0003220946441
940	0.001048701077
941	1.952770208e-06
942	0.000255420406
943	0.001393449692
944	0.007896900839
945	0.0005472399224
946	0.0009113359147
947	0.0005323511117
948	0.001873022292
949	0.001934903169
950	0.001131172094
951	0.006866204079
952	0.003826240975
953	0.0003973937706
954	0.003374109083
955	0.003255200147
956	0.001009301706
957	0.0004546701578
958	0.001444473665
959	0.0009891041592
960	0.007173354211
961	0.002016650563
962	0.002326687798
963	0.0005923527571
964	0.001024501338
965	0.001438824556
966	0.001800222143
967	0.001286304156
968	0.00393921141
969	0.005382651567
970	0.00210279536
971	0.002390149559
972	0.001793692715
973	6.093474792e-05
974	0.00128340406
975	0.0009597173176
976	0.0008051193619
977	0.0005558491779
978	0.002954528941
979	0.005392725921
980	0.006597326112
981	0.002579696938
982	0.009454776482
983	0.001367417624
984	0.001196557891
985	0.00296190019
986	0.0003079200567
987	0.003332788738
988	0.001270048529
989	0.001319117236
990	0.001810162945
991	0.001508905353
992	0.002765903502
993	0.00312175662
994	0.003449885312
995	1.08991826e-06
996	1.08991826e-06
997	0.001143860845
998	0.001811184007
999	0.0009573897957
1000	0.0003939563699
1001	0.002372872892
1002	0.001243206582
1003	0.0010150714
1004	0.006387308423
1005	0.002025084824
1006	0.0002650789291
1007	4.276253244e-06
1008	0.0008351579158
1009	0.0008079929572
1010	0.0004082172235
1011	0.001545521404
1012	0.0013225578
1013	0.0005208125257
1014	0.001958449698
1015	0.0005629822623
1016	1.907356947e-05
1017	1.948228886e-05
1018	0.000133785555
1019	0.001384583602
1020	0.001686245103
1021	0.0002374798302
1022	0.007829708758
1023	0.003076849324
1024	1.092190109e-05
1025	0.001129605105
1026	0.0003314538757
1027	0.001740674765
1028	0.0009080718198
1029	0.002628813111
1030	0.001208030325
1031	0.00119477258
1032	0.001474483374
1033	0.000995920229
1034	0.0005955044321
1035	0.0007395878668
1036	0.001295223742
1037	0.00145830853
1038	0.003193040868
1039	0.002094134662
1040	0.0006847586234
1041	0.0001538704207
1042	0.001844873415
1043	0.003688671912
1044	0.005862817216
1045	0.001424591649
1046	0.004333953395
1047	0.00128274054
1048	0.00230810119
1049	0.0004113343965
1050	0.004670593194
1051	0.001599279788
1052	0.001790184887
1053	0.0009019159544
1054	0.0007289724049
1055	0.004745328403
1056	0.001597245918
1057	0.0009024282137
1058	0.001795677105
1059	0.0003465783068
1060	0.001603596195
1061	0.003572234618
1062	0.0002194674253
1063	0.003950883402
1064	0.002249504595
1065	0.00212921381
1066	0.0005953333024
1067	0.0007721324255
1068	0.00474751549
1069	0.001244472629
1070	0.0008919243315
1071	0.006193016847
1072	0.0009881131943
1073	0.0008001328903
1074	0.0009405947406
1075	0.004064539445
1076	0.003229290119
1077	0.00237714981
1078	0.0005324844221
1079	9.587886877e-06
1080	0.002210640947
1081	0.006976984373
1082	0.001667150629
1083	0.001145826909
1084	0.002064387872
1085	1.610605107e-05
1086	0.002372841533
1087	0.002279518228
1088	0.0003888676501
1089	0.002221892325
1090	0.0008099909519
1091	7.962133596e-05
1092	0.002237886707
1093	0.004946961544
1094	0.0004554071627
1095	1.117166209e-05
1096	8.719346013e-06
1097	0.00206265024
1098	0.001569773514
1099	0.0005366338567
1100	0.0001046509649
1101	0.0003894232301
1102	0.001525199132
1103	0.006418904735
1104	5.024873976e-06
1105	0.0003509431642
1106	0.00212363989
1107	0.003417174723
1108	0.001165830169
1109	0.001714235251
1110	0.003322018731
1111	0.002170231693
1112	0.001371862982
1113	0.004093813657
1114	0.001262914137
1115	0.0005995666121
1116	0.0002978535325
1117	0.0002419180371
1118	0.001426854419
1119	0.004400820849
1120	0.004442346369
1121	0.0008880162409
1122	2.820163485e-05
1123	2.043596732e-05
1124	0.0001023223907
1125	0.002043742709
1126	0.001157616431
1127	0.0003264490034
1128	0.0007266890757
1129	0.001203619871
1130	0.0001674739306
1131	0.000126600482
1132	0.0001315132257
1133	0.0005259697948
1134	0.000450010893
1135	0.0002337862527
1136	0.0007270527483
1137	0.0005920550709
1138	0.0009761429925
1139	0.004777686361
1140	0.001805086903
1141	0.0007326141624
1142	0.002204864732
1143	0.0004661122171
1144	0.002551012815
1145	0.001294656056
1146	0.0002246896737
1147	0.001338292307
1148	0.0009093456114
1149	0.0008477630842
1150	0.0006229173747
1151	0.0006403849676
1152	0.00247070664
1153	0.002101769663
1154	0.0006538206244
1155	0.002291995032
1156	0.001519435559
1157	9.263616767e-05
1158	0.003180698526
1159	0.004421534125
1160	0.0005996984282
1161	0.0007909895466
1162	0.0007178204744
1163	0.001346123778
1164	0.001294133336
1165	0.001095049375
1166	0.001448033499
1167	0.002338255025
1168	0.001041943509
1169	0.000985157441
1170	0.0003036102038
1171	0.001743193415
1172	0.0008681879919
1173	0.00078967628
1174	0.002475682174
1175	0.00112110074
1176	0.005172753291
1177	0.002080205432
1178	0.009538405122
1179	0.002795511649
1180	3.323239993e-05
1181	0.001696775369
1182	0.0021591867
1183	4.495912805e-06
1184	7.629427793e-06
1185	0.001938868837
1186	0.001113828095
1187	0.001429027412
1188	0.001194514054
1189	0.001734448466
1190	0.002395549788
1191	0.001805173401
1192	0.0003088957527
1193	0.0007743910524
1194	0.00307918251
1195	0.0004689548854
1196	0.002669728537
1197	0.003628034432
1198	6.811989101e-07
1199	0.001214657939
1200	4.632152567e-06
1201	4.0871937e-07
1202	0.0008879607083
1203	0.001173941966
1204	0.00073951312
1205	0.0009496862676
1206	0.00393851164
1207	0.005361679501
1208	0.001639207458
1209	0.00104782973
1210	9.871180191e-05
1211	0.0004238340891
1212	0.000823347375
1213	0.001340750887
1214	0.001399553338
1215	0.001026795686
1216	0.0009586874349
1217	0.001050732257
1218	0.0002570618157
1219	0.003765938903
1220	0.003017435465
1221	0.0001285951668
1222	0.004730930352
1223	0.0005966427203
1224	0.000740483577
1225	0.001681316121
1226	0.001622076611
1227	0.001161294321
1228	0.001244076322
1229	0.00125631165
1230	0.001606705054
1231	0.001074667023
1232	0.005193479838
1233	0.0009057394653
1234	0.004956937943
1235	0.0009513578022
1236	0.0001028882822
1237	0.0007222152962
1238	0.001418644374
1239	3.383049237e-05
1240	0.002753010577
1241	0.0004519117857
1242	0.0005670275634
1243	0.00167559567
1244	0.0006547768031
1245	0.0009037978162
1246	0.0005194689371
1247	0.0005901826587
1248	0.001531021383
1249	0.003190254113
1250	0.0007627404927
1251	0.0003283910184
1252	0.00273742326
1253	0.001210336944
1254	0.001356681024
1255	0.000683315273
1256	0.0007138867733
1257	0.0004273696051
1258	0.000506596443
1259	0.000571432313
1260	1.026274818e-05
1261	0.002440954875
1262	0.00237477738
1263	0.0002813733085
1264	0.0005392449937
1265	0.002535336324
1266	0.0005977241631
1267	0.001778416161
1268	1.0626703e-05
1269	9.53678474e-06
1270	0.0009998660171
1271	0.00431989043
1272	0.002065722992
1273	0.0004003429511
1274	0.0001092284623
1275	0.0004169791142
1276	0.001463109814
1277	0.0007318827116
1278	0.0003808150223
1279	0.0002074545604
1280	0.0005380346726
1281	0.002721286583
1282	0.000698063625
1283	0.001254184577
1284	0.0009242052956
1285	0.001548124533
1286	1.280653951e-05
1287	0.0004703852588
1288	0.0004102470417
1289	0.003272224638
1290	0.001944732335
1291	0.002630158036
1292	0.002398714326
1293	2.661217077e-05
1294	0.003694000115
1295	0.00017074385
1296	0.001619235245
1297	0.002428180273
1298	0.0001090751997
1299	0.001470357572
1300	0.004635271204
1301	0.001465952244
1302	0.0008730598107
1303	0.004401602562
1304	0.001420446978
1305	0.00114441896
1306	0.003545910089
1307	0.003588112663
1308	0.004499322551
1309	0.00076758167
1310	0.0006822320593
1311	0.000160322007
1312	0.003599373801
1313	0.00102214285
1314	0.0007742022716
1315	0.0003106726559
1316	0.0009331929084
1317	2.733878324e-06
1318	2.811080835e-05
1319	0.001360537936
1320	0.002797156533
1321	0.001971497556
1322	0.001889031135
1323	0.003390748663
1324	0.0007197081341
1325	0.0004972538924
1326	0.002652645269
1327	0.003132514841
1328	0.003269043091
1329	0.001780657023
1330	0.002901081451
1331	0.001177767889
1332	0.002730635198
1333	0.0005212664686
1334	0.004830636614
1335	0.001356890644
1336	0.00307477065
1337	0.0007268441998
1338	6.389211608e-05
1339	2.429609488e-06
1340	0.0007625533716
1341	0.004156808852
1342	0.000893302432
1343	0.0002984631683
1344	0.001006915432
1345	1.471389646e-05
1346	1.471389646e-05
1347	0.001208437255
1348	0.0007493053679
1349	0.001505684542
1350	0.0002953083213
1351	0.001840714255
1352	0.004108987627
1353	0.003210840899
1354	0.003330048902
1355	0.001372128995
1356	0.0004857869294
1357	0.0002215160139
1358	0.003242553059
1359	0.005412163522
1360	0.01345344886
1361	0.0009865592685
1362	0.0001420323554
1363	0.001399812888
1364	0.004639989638
1365	0.001234756822
1366	0.001260018282
1367	7.329471817e-05
1368	0.001998515774
1369	0.0002664676004
1370	0.002755846888
1371	0.00168663362
1372	0.005604547424
1373	0.005157789524
1374	0.0001351493145
1375	0.001417143712
1376	0.001445481094
1377	0.008370894132
1378	0.002031638126
1379	0.002023384553
1380	1.553133515e-05
1381	0.001159509887
1382	0.006968946509
1383	0.004870295185
1384	0.0009087039026
1385	0.002761504539
1386	0.00124316813
1387	0.001147058332
1388	0.0002373010661
1389	1.814428197e-05
1390	0.001694310082
1391	0.0008489776361
1392	0.001918888359
1393	0.001223179658
1394	6.004779974e-05
1395	0.001515308981
1396	0.001760598014
1397	0.002540657657
1398	0.00108206448
1399	0.00112412636
1400	0.004992151886
1401	4.364214354e-05
1402	0.005018671735
1403	0.0002511517105
1404	0.002349623795
1405	0.002824735936
1406	1.198910081e-05
1407	1.757493193e-05
1408	0.000585157286
1409	2.316076293e-06
1410	1.062670304e-05
1411	0.001807080482
1412	0.0005072757146
1413	0.0001798472976
1414	0.001378805045
1415	0.001042075095
1416	0.0004694662209
1417	0.001116638113
1418	0.001799719143
1419	0.00349473902
1420	5.526402604e-06
1421	0.0005961920176
1422	0.002422104972
1423	0.002722823114
1424	0.001830452233
1425	0.001196176097
1426	0.0011365316
1427	0.001388649998
1428	0.001087341784
1429	0.002118524692
1430	1.63487738e-06
1431	1.63487738e-06
1432	0.0007974858571
1433	0.0006351604354
1434	0.001178023386
1435	0.002242434966
1436	0.00322720199
1437	0.0008248122727
1438	0.002596369217
1439	0.002296362902
1440	0.0009527687244
1441	0.0009320432773
1442	0.003975052212
1443	0.005211718871
1444	0.0007923957012
1445	0.00237268029
1446	0.001631008238
1447	0.0009794041959
1448	0.0002881257445
1449	0.0001116859024
1450	0.0007628645892
1451	0.001185589821
1452	0.001140735997
1453	0.001509530845
1454	0.004308842051
1455	0.0003414267148
1456	0.001521838468
1457	0.006919294889
1458	0.001561386864
1459	0.002778570831
1460	0.000990670643
1461	0.001294063593
1462	0.0002422963818
1463	0.003355378363
1464	0.003426764141
1465	0.004631012725
1466	0.001102549465
1467	0.00166692784
1468	0.002336960736
1469	0.0005149090651
1470	0.005488754254
1471	0.002161938508
1472	0.006550878182
1473	0.0004628358843
1474	0.002008594012
1475	0.002110804509
1476	0.001653428416
1477	0.0006534211793
1478	1.362397877e-07
1479	0.008860840216
1480	5.230346239e-05
1481	0.00790254198
1482	0.001065645452
1483	0.001487744291
1484	0.0007591078579
1485	0.003969092715
1486	0.001947906748
1487	0.002120666274
1488	0.001808189617
1489	0.001160648664
1490	0.0008924345927
1491	0.0007944367614
1492	0.002395035082
1493	0.004042058709
1494	0.001310937209
1495	0.005020576712
1496	0.002441780382
1497	0.002213268586
1498	0.000276686746
1499	0.0007667199142
1500	0.001911426162
1501	0.0005007044948
1502	0.00153525039
1503	1.907356951e-06
1504	0.0005816426446
1505	0.001995258041
1506	0.005822835655
1507	0.008557146398
1508	3.42294404e-05
1509	0.002544518914
1510	0.001240433525
1511	0.004106362012
1512	0.001333587734
1513	0.001058936289
1514	0.001582870273
1515	0.0009182338774
1516	0.002141387464
1517	0.001002639341
1518	0.0009109078902
1519	0.002211084968
1520	0.002832902482
1521	0.002337984387
1522	0.001040137317
1523	0.0006163937284
1524	0.001082768333
1525	0.005185821794
1526	0.006641614441
1527	0.000369176337
1528	0.001370111197
1529	0.001555363774
1530	0.0001232811886
1531	0.00236517262
1532	0.002497404515
1533	0.001959322053
1534	0.0002814248401
1535	0.004320766021
1536	0.005648332769
1537	0.004253116501
1538	0.0003786151921
1539	0.0002121951022
1540	0.0005882158777
1541	0.002117788273
1542	0.0019684138
1543	0.002462889155
1544	0.001563119494
1545	0.002319396843
1546	0.001917217697
1547	0.001711125046
1548	0.0006388013873
1549	0.003367634891
1550	0.001567467046
1551	0.0008803590137
1552	9.71342167e-05
1553	0.003791911214
1554	0.002228728965
1555	0.001989776531
1556	0.003764243252
1557	0.001597394663
1558	0.00451661729
1559	0.001581763396
1560	0.0002378457473
1561	0.001264236567
1562	1.362397855e-06
1563	9.809264292e-06
1564	0.004664357583
1565	0.003992480166
1566	0.001391165874
1567	0.0002219286536
1568	0.001341055743
1569	0.001382559922
1570	1.089918234e-06
1571	1.089918234e-06
1572	0.001129315329
1573	0.0007308630729
1574	0.001834658393
1575	0.003699343789
1576	0.009916509037
1577	0.005294338003
1578	0.0004583535071
1579	0.00160030507
1580	0.0009475158857
1581	0.0003029900178
1582	0.0006897445404
1583	0.0004843575107
1584	0.0003343328667
1585	0.002344198769
1586	0.0004781518399
1587	0.0004061811878
1588	0.002095727699
1589	0.00232554133
1590	0.003784275826
1591	0.001461567022
1592	0.004728569982
1593	0.001273544308
1594	0.006218195719
1595	0.0004399862249
1596	0.005301524993
1597	0.0004381503416
1598	0.007335332021
1599	0.002227604244
1600	0.004040420732
1601	0.007132269966
1602	0.002718924835
1603	0.001208201387
1604	0.001921762489
1605	0.001573553501
1606	0.0005009513224
1607	3.950953677e-06
1608	4.63215259e-06
1609	0.0005882039129
1610	1.825613079e-05
1611	0.0001838912459
1612	0.006928555253
1613	0.001121501079
1614	0.0001768578334
1615	0.004172389707
1616	0.0002326719364
1617	0.0004757072936
1618	0.001563895579
1619	0.004216275619
1620	0.001184899969
1621	0.002619013314
1622	0.00147397472
1623	0.001209325393
1624	0.001111004903
1625	0.0002823806751
1626	0.001011553988
1627	0.0007539336193
1628	0.000470511619
1629	0.001557075471
1630	0.001051637363
1631	0.001437196232
1632	0.00173801792
1633	0.005840509842
1634	0.0002226048195
1635	0.001110557902
1636	0.002501063777
1637	0.002688827189
1638	0.00376421963
1639	0.0009318416474
1640	0.001572891488
1641	0.0006113028267
1642	9.959878342e-05
1643	0.00207904532
1644	5.425504686e-05
1645	0.001408855769
1646	0.001294316068
1647	0.0009413811797
1648	3.351498634e-05
1649	6.130790188e-06
1650	0.0002582469892
1651	0.00151133546
1652	0.0007839476326
1653	0.0004176331687
1654	0.001432989387
1655	0.001179559439
1656	0.007230023404
1657	0.001674087235
1658	0.00198627118
1659	0.001914717302
1660	0.001343578459
1661	0.005775689596
1662	0.0004855253376
1663	0.001492248824
1664	0.002646188743
1665	0.0005881196156
1666	0.0026850375
1667	2.479564029e-05
1668	0.00309315119
1669	0.002931636655
1670	0.002090259649
1671	0.001473319503
1672	0.002854469458
1673	0.001043249744
1674	0.001613845978
1675	0.009157001085
1676	0.006317825251
1677	0.0003984813994
1678	0.001756719599
1679	0.0009816499884
1680	0.004240635809
1681	0.001894279098
1682	0.0013612083
1683	0.00635005615
1684	0.0008650624743
1685	9.753290938e-05
1686	0.003506196951
1687	0.00123501324
1688	0.0007277155213
1689	0.001329210204
1690	0.0003232095419
1691	0.002208165919
1692	0.002831850787
1693	0.005134033092
1694	0.001220032139
1695	0.004046239578
1696	0.0003208941505
1697	0.003066629444
1698	0.002063630264
1699	0.002074240899
1700	0.0007613247971
1701	0.004712424306
1702	0.001150373505
1703	0.001772430987
1704	0.0008776344317
1705	0.0006965208809
1706	0.003523646812
1707	0.001275262457
1708	0.0006218737827
1709	0.00353557329
1710	0.001534486671
1711	0.001288405379
1712	0.001863444829
1713	0.002524761516
1714	0.0002015393902
1715	0.001686890981
1716	0.0012645705
1717	0.002775258626
1718	0.001696045831
1719	0.005217883814
1720	0.002221484489
1721	0.002472483304
1722	0.0003815080905
1723	0.0008573020878
1724	0.003361767232
1725	0.0004350366686
1726	0.0008782932687
1727	0.004651819829
1728	0.00265587987
1729	0.001115537518
1730	0.003606351095
1731	0.004611346772
1732	3.2333406e-05
1733	0.001468189223
1734	0.001818185128
1735	0.001299835375
1736	0.0006774512122
1737	0.001131957059
1738	0.0005069618342
1739	0.001345434179
1740	0.001328234145
1741	0.001815818392
1742	0.002359208121
1743	0.0003017733607
1744	0.001163597995
1745	0.0004521435653
1746	0.002215069721
1747	0.0003077344028
1748	0.003111549885
1749	1.89373297e-05
1750	2.016348773e-05
1751	3.907811079e-05
1752	3.79512132e-05
1753	0.00184057289
1754	0.000256867637
1755	0.0009740445126
1756	0.001077012562
1757	0.0004089269134
1758	0.00132501566
1759	0.001768853352
1760	0.002701033215
1761	0.004308324736
1762	0.0002166377218
1763	0.003910413855
1764	0.001052017233
1765	0.003607568415
1766	0.001339496231
1767	0.001744920024
1768	0.00119840443
1769	0.003921200893
1770	0.0006458031219
1771	0.002907005314
1772	2.901470897e-05
1773	0.004029842898
1774	0.003095108589
1775	0.001610130612
1776	0.001123454499
1777	0.001037562182
1778	0.002359815828
1779	0.0002612753397
1780	0.001341481416
1781	0.002027353529
1782	0.001693746865
1783	0.002510581246
1784	0.002984039087
1785	0.0007111322706
1786	0.000772558874
1787	0.0001935798813
1788	0.0007610182802
1789	0.002259821969
1790	1.089918215e-06
1791	1.089918215e-06
1792	0.002334259609
1793	0.0006401373295
1794	0.002528743045
1795	8.517904681e-05
1796	1.144414173e-06
1797	6.675749319e-06
1798	1.117166216e-05
1799	0.001161338438
1800	0.0009014658116
1801	0.00279302518
1802	3.108510028e-05
1803	0.001419103003
1804	0.0004208342769
1805	0.005066827862
1806	0.0002965292144
1807	0.0009725098865
1808	0.001380242513
1809	0.00169431257
1810	3.664384113e-05
1811	0.002205970511
1812	0.0001922131819
1813	0.001253259895
1814	0.0001680097749
1815	0.007058789364
1816	0.008150171068
1817	0.0008625079698
1818	0.001280042816
1819	0.001172303609
1820	0.00131637186
1821	0.0009556701086
1822	0.001390945599
1823	0.0002543401082
1824	0.0001149623764
1825	0.001575325304
1826	0.002622657575
1827	0.002247055884
1828	0.001772194613
1829	0.004028660439
1830	0.001358338658
1831	0.003566221419
1832	0.0002907326319
1833	0.0009519692681
1834	0.002351948478
1835	0.002153812444
1836	0.002814573524
1837	0.001375172974
1838	0.001354197673
1839	0.003640086678
1840	0.0006584120419
1841	0.001776500965
1842	0.003337652371
1843	0.0006448445363
1844	3.501107811e-05
1845	0.001530583702
1846	0.001635335981
1847	6.264006888e-05
1848	0.005183350332
1849	0.003031403392
1850	0.0004334132551
1851	0.001229655227
1852	0.0004820720417
1853	0.00296529318
1854	2.37845481e-05
1855	0.001057791661
1856	3.345729176e-05
1857	0.0005578059625
1858	0.001621742446
1859	0.002048899776
1860	0.001419333848
1861	0.003661990047
1862	0.003258039002
1863	0.0002934230842
1864	0.0008233768633
1865	0.006623759628
1866	7.121804472e-05
1867	2.002811565e-06
1868	0.001862866646
1869	0.0008851084009
1870	0.002691309958
1871	0.003792959222
1872	0.0021293273
1873	0.0001394071418
1874	0.0007686102178
1875	0.001279592024
1876	0.0009383187732
1877	0.0002601227615
1878	0.001832528866
1879	0.0007868740471
1880	0.00356709471
1881	0.002229834396
1882	0.001432807379
1883	0.000546190742
1884	0.001232845063
1885	0.002462047163
1886	0.0009679601948
1887	0.002997083833
1888	0.0007972985003
1889	0.001633920817
1890	0.001049566302
1891	0.002095546421
1892	0.0005902084946
1893	0.0008082558957
1894	3.475114848e-07
1895	0.001570949904
1896	0.005599483608
1897	0.0004914480427
1898	0.004093393639
1899	0.003433369715
1900	0.002554092559
1901	0.001124928578
1902	0.001112948675
1903	0.001987534822
1904	0.001196708982
1905	0.0008574322122
1906	0.003437575853
1907	0.003874060224
1908	0.00114704288
1909	0.001365614857
1910	2.397821525e-14
1911	2.397821525e-14
1912	0.0009034092515
1913	0.001257429629
1914	0.001246892239
1915	0.003119850024
1916	0.001200351177
1917	0.0009079699929
1918	0.002717962047
1919	0.00278115263
1920	0.001366595259
1921	3.040258254e-05
1922	0.0007212309111
1923	0.003239215923
1924	0.0001025822882
1925	0.003529379274
1926	0.0038090642
1927	0.0005467052358
1928	0.0008835391253
1929	0.000671206138
1930	0.0005357945456
1931	0.00247692019
1932	0.005514415571
1933	0.003404037201
1934	0.001049094983
1935	0.0002382623542
1936	0.003560253633
1937	0.00042830325
1938	6.83058228e-05
1939	0.0009287226856
1940	0.001516784979
1941	0.001419082159
1942	0.008636807351
1943	0.01217434321
1944	0.000599517628
1945	0.0003953965401
1946	0.001218384517
1947	8.997970016e-05
1948	0.000593870768
1949	0.002059458436
1950	0.001108315261
1951	0.0008746433606
1952	0.001044154971
1953	0.00151578802
1954	0.002145374959
1955	0.003335046647
1956	0.000675145387
1957	0.0005521206946
1958	0.002045685793
1959	0.004674108337
1960	0.000176715578
1961	0.002657302303
1962	0.0005635366818
1963	0.001478130523
1964	0.001891680281
1965	0.003047689367
1966	0.0001676173674
1967	0.0002734957656
1968	0.002110952455
1969	0.002174589657
1970	0.0002268458208
1971	0.001277433159
1972	0.0009688355186
1973	0.00266947783
1974	0.002296839665
1975	0.00184358149
1976	0.001630615216
1977	0.007055193178
1978	0.001442632007
1979	0.0004157317069
1980	0.004483523542
1981	0.0002329244712
1982	0.002256068429
1983	0.0007638569605
1984	0.001642324442
1985	0.002715761885
1986	0.003477098526
1987	0.0007357585592
1988	0.0009300099637
1989	0.0003969737557
1990	0.001589545133
1991	0.001714023648
1992	0.003931954956
1993	0.00462183524
1994	0.002276579746
1995	3.85814938e-05
1996	2.179836509e-06
1997	3.542234366e-06
1998	0.0007759790292
1999	0.000829485126
2000	0.0005047943552
2001	0.0008145206221
2002	0.001915778296
2003	0.001743247799
2004	0.0006617696381
2005	0.001438648426
2006	0.003698433747
2007	0.00247282634
2008	0.003631474684
2009	0.000679070495
2010	0.004808923154
2011	0.001012241207
2012	0.001797284362
2013	0.001132804954
2014	0.0003045424178
2015	0.002356282633
2016	0.0008859460978
2017	0.002463972486
2018	0.0008897895584
2019	0.005932325052
2020	0.0008711753375
2021	7.493188011e-06
2022	0.001872253576
2023	0.0007996169198
2024	0.003536697478
2025	0.001597076633
2026	0.0003276207551
2027	0.002286539122
2028	0.001048648661
2029	0.001806229671
2030	0.003192659953
2031	0.002053827224
2032	0.003451731389
2033	0.001134326815
2034	0.003989135443
2035	0.0002727127378
2036	0.001996958363
2037	0.004238592282
2038	4.640493823e-05
2039	0.003489070521
2040	0.004561044384
2041	3.874483414e-05
2042	5.406492471e-05
2043	0.007107791867
2044	0.004484471701
2045	0.0008320096485
2046	0.0007405711285
2047	0.0002645432215
2048	0.000953476369
2049	0.0003384652735
2050	0.0004582539742
2051	1.035422339e-05
2052	1.825613081e-05
2053	0.006826104603
2054	0.00653454838
2055	0.004836146777
2056	0.006630996772
2057	0.0002576646323
2058	0.002700919885
2059	0.0009031124722
2060	0.002237022869
2061	0.0005977250539
2062	0.002867756256
2063	0.001190045564
2064	0.001151823778
2065	0.0009431884503
2066	0.0009216706868
2067	0.001935086399
2068	0.001097510788
2069	0.001080564017
2070	0.0008135987209
2071	0.006502920569
2072	6.907392096e-05
2073	0.002150115412
2074	0.004528523987
2075	0.005530799087
2076	0.001911818445
2077	0.002508629631
2078	0.001891105169
2079	0.002555316562
2080	0.003832065589
2081	0.0003550844627
2082	0.0004022687374
2083	0.0007165186211
2084	7.188533516e-06
2085	0.006862199451
2086	0.0002433673775
2087	0.0007516754498
2088	0.001073540075
2089	0.002747150617
2090	0.0002312135529
2091	0.002963343185
2092	0.0009768959024
2093	0.001803299085
2094	0.001038715384
2095	0.002222902996
2096	0.001233796152
2097	0.001679885895
2098	0.004430494401
2099	0.000412589321
2100	0.001643715392
2101	0.001007946449
2102	0.0003138249529
2103	0.001896581628
2104	0.001775003523
2105	0.001039079786
2106	0.001932113611
2107	0.0006963399334
2108	0.002923171159
2109	0.0007012560874
2110	0.0009812664685
2111	0.003784502554
2112	0.002302768975
2113	0.003908843582
2114	0.0006240027747
2115	0.002661800983
2116	0.0004757439608
2117	0.002226021371
2118	6.539509548e-06
2119	1.089918253e-05
2120	0.001211230106
2121	0.001292695243
2122	0.000742209708
2123	0.0003826068596
2124	0.001781083252
2125	0.0003569403858
2126	0.0002668681793
2127	0.00865082056
2128	0.001206117235
2129	0.001549051444
2130	0.001177532113
2131	0.002315062394
2132	0.001316347208
2133	0.002432606239
2134	0.002929188666
2135	0.003325213417
2136	0.001512955907
2137	0.002090470714
2138	0.001847518889
2139	0.0008494188325
2140	0.001561596387
2141	0.0008576280895
2142	3.365408394e-05
2143	0.0005526197212
2144	0.001941181412
2145	0.001017499862
2146	0.0004688696328
2147	2.588555855e-06
2148	6.811989141e-06
2149	0.0001041433793
2150	0.005986046222
2151	0.005284333569
2152	1.907356906e-06
2153	1.089918211e-06
2154	0.0023547827
2155	4.063985955e-05
2156	0.002092043876
2157	0.001082137667
2158	0.00190103759
2159	2.588555858e-06
2160	3.542234332e-06
2161	0.002174774363
2162	0.003769294835
2163	0.0007856689607
2164	0.0008182834258
2165	0.001183253602
2166	0.0002897657264
2167	0.0003568847143
2168	0.002005131008
2169	0.002651042964
2170	0.001342614083
2171	0.001128522753
2172	0.001198257907
2173	0.00106773875
2174	0.004465469706
2175	0.00225125725
2176	0.0009306465711
2177	0.0002850470776
2178	0.001886418853
2179	0.002254048133
2180	0.003123549196
2181	0.006276501048
2182	0.003291317135
2183	0.0004574450571
2184	0.002422739565
2185	5.177111711e-06
2186	8.719346028e-06
2187	0.0005441965482
2188	0.0008363237258
2189	0.003109172009
2190	0.002942871248
2191	0.001479825915
2192	0.009327935378
2193	0.002214137618
2194	0.001084887547
2195	0.00255653147
2196	0.000651589619
2197	0.0006207339397
2198	0.0008110970243
2199	0.0003286815212
2200	0.0005590206607
2201	0.001789516255
2202	0.0002783637446
2203	0.001813277598
2204	0.0006302069785
2205	0.0003726097127
2206	0.004053591416
2207	0.0009314864149
2208	0.002871520398
2209	0.002035725827
2210	0.0007546943877
2211	0.0001254940999
2212	0.002520882045
2213	0.0008225696219
2214	0.0002513513357
2215	0.004735161031
2216	0.003712532936
2217	0.0004371998855
2218	0.0007396798552
2219	0.0006449716774
2220	0.002719326904
2221	0.001459194726
2222	0.0005780315403
2223	0.0003372649961
2224	0.000275904075
2225	0.0006472104884
2226	0.002629901007
2227	0.001878192423
2228	3.732970028e-05
2229	0.001832567947
2230	1.68518785e-05
2231	0.006210892418
2232	0.0005458653784
2233	0.001275894279
2234	0.000252703944
2235	0.001247523977
2236	0.0006760965572
2237	2.643051771e-05
2238	0.002446762592
2239	0.0004879714704
2240	3.808681767e-05
2241	0.001494619407
2242	0.0003663196228
2243	1.303360576e-05
2244	0.0008858193948
2245	0.001174839806
2246	1.907356925e-06
2247	0.003804080907
2248	0.0009971613324
2249	0.002241028011
2250	0.003910222593
2251	0.001245386443
2252	0.002257662688
2253	0.0001880022865
2254	0.003201163988
2255	0.002158166131
2256	0.001758282374
2257	0.001252071655
2258	0.0005015000882
2259	0.00114422316
2260	0.000805115728
2261	0.00283758821
2262	0.003233624606
2263	0.0003420641567
2264	0.0005617605397
2265	0.001536060068
2266	0.005940940116
2267	0.001738586913
2268	0.001499429464
2269	0.001394195676
2270	0.0006405263365
2271	0.001872271621
2272	0.005004657692
2273	0.0003158006419
2274	0.0005349416748
2275	2.275204363e-05
2276	0.00134910246
2277	0.0008917594864
2278	0.001374482511
2279	0.003981490523
2280	1.389645777e-05
2281	1.389645777e-05
2282	0.001327856974
2283	0.001020332271
2284	0.004096310642
2285	0.00224078131
2286	0.002978314009
2287	0.003642965322
2288	0.0004535363153
2289	0.002319008139
2290	0.0003282271567
2291	0.002162096665
2292	0.002575397876
2293	0.0005366278334
2294	0.002186890502
2295	0.000477821612
2296	0.003229588558
2297	0.004082401249
2298	0.0003535506509
2299	0.00323674295
2300	0.002486092602
2301	0.001674404206
2302	0.000703548546
2303	0.004935214066
2304	0.0007382293064
2305	0.004737355341
2306	0.0002238547001
2307	0.004213126077
2308	0.0006561340237
2309	0.00340688032
2310	0.002642447509
2311	0.0005037431136
2312	0.0004587513271
2313	0.0012170349
2314	0.0004707347034
2315	0.004154727088
2316	0.0003739940605
2317	0.0008493107245
2318	0.0008607300888
2319	0.001306675212
2320	0.004539023813
2321	1.998183421e-06
2322	0.00118803086
2323	0.000241773422
2324	0.003324753818
2325	0.0006648974926
2326	0.001358121746
2327	0.0006439472964
2328	0.001718156569
2329	0.002748769485
2330	0.001170820753
2331	0.001868051771
2332	0.00219889209
2333	0.00324491063
2334	0.0009205662495
2335	0.005334781048
2336	0.001312315615
2337	0.004058491452
2338	0.0004622791546
2339	0.0008996627748
2340	0.0008920704782
2341	2.038850672e-05
2342	0.000696740154
2343	0.001038436241
2344	1.4986249e-15
2345	1.4986249e-15
2346	0.001841564514
2347	0.001248550799
2348	0.001436113446
2349	0.0008111768765
2350	0.004979653189
2351	1.076294278e-05
2352	0.000166530716
2353	0.002906328249
2354	0.002005384468
2355	0.001451326581
2356	0.004541809662
2357	0.0003953098298
2358	0.0008858534616
2359	0.00526710158
2360	0.0002407475581
2361	0.001021275066
2362	2.465940056e-05
2363	0.0003991157679
2364	7.384721253e-05
2365	0.001396397429
2366	0.001435198073
2367	0.0004550570776
2368	0.00154816021
2369	0.001321040626
2370	0.001549375688
2371	0.001352126739
2372	0.002953334055
2373	0.008564121975
2374	0.0004728691426
2375	0.005219968149
2376	0.01033736209
2377	0.005995727326
2378	0.0009585802366
2379	0.001101079777
2380	0.001621509756
2381	0.001426041554
2382	0.0005378581258
2383	2.198281068e-06
2384	0.0005011090576
2385	0.0009980889953
2386	0.0007725055291
2387	0.0004361759708
2388	0.004857352882
2389	0.0004764705599
2390	1.634877385e-06
2391	0.001938040294
2392	0.004073950805
2393	0.01072420867
2394	0.003587320379
2395	0.004484198022
2396	0.00226237123
2397	0.00592247343
2398	0.0005455137197
2399	4.495912796e-06
2400	5.449591589e-07
2401	0.004229252617
2402	0.002092077005
2403	7.288824061e-05
2404	0.001600798064
2405	0.0009658270086
2406	0.00103964245
2407	0.001391630861
2408	0.0006508577558
2409	9.900090831e-06
2410	1.062670299e-05
2411	0.0007481526046
2412	1.665173988e-05
2413	0.0004774822242
2414	0.00321398501
2415	0.0006227175443
2416	0.00660352043
2417	0.005072798992
2418	0.003142511222
2419	0.00384023843
2420	0.0005484632555
2421	0.003516005821
2422	2.931234181e-05
2423	0.00814507446
2424	0.003108932246
2425	0.00569949047
2426	0.001436873233
2427	0.001991602235
2428	0.00415953389
2429	0.00130047415
2430	0.001014098815
2431	0.001620155829
2432	0.0006713086036
2433	0.0008134358647
2434	2.95186194e-06
2435	1.634877384e-06
2436	0.0003449839584
2437	0.006494063685
2438	0.00131547098
2439	1.362397827e-06
2440	1.362397827e-06
2441	0.0009978183403
2442	0.002510541272
2443	0.0001876637774
2444	0.002757998909
2445	1.062670299e-05
2446	1.226158038e-05
2447	0.001720913535
2448	0.002741421077
2449	0.0007471396666
2450	0.003618825316
2451	0.001148250906
2452	0.002009627124
2453	0.006585259068
2454	0.0008767604236
2455	0.002317652421
2456	0.001363424204
2457	0.001601464874
2458	0.0002481634349
2459	0.001285317359
2460	0.002309148988
2461	0.002309766122
2462	0.0005562769507
2463	0.001837613094
2464	0.002732360631
2465	0.001598964567
2466	0.007496715665
2467	0.0007567911768
2468	0.001885828466
2469	0.001041675665
2470	0.002785583513
2471	1.907356944e-06
2472	1.907356944e-06
2473	0.0009410545129
2474	0.0003167071543
2475	0.0002032692003
2476	0.0008919828024
2477	0.001026809287
2478	0.0009169336827
2479	0.003339178455
2480	0.001344495034
2481	2.786578091e-05
2482	0.001924900238
2483	0.002157983784
2484	0.002300906251
2485	0.0006458160468
2486	0.0003844132064
2487	0.008751867789
2488	0.00206983204
2489	0.001294231803
2490	0.001508114524
2491	0.001373743851
2492	0.0002159940423
2493	0.00686639109
2494	0.003920752634
2495	0.003118791555
2496	0.006490252543
2497	0.001819364423
2498	0.002437346632
2499	0.002114863966
2500	0.005899379959
2501	1.089918256e-06
2502	1.089918256e-06
2503	0.001105271012
2504	0.001980054785
2505	5.164156616e-05
2506	5.17711176e-06
2507	0.002962398529
2508	0.0006830691731
2509	0.00165335355
2510	0.0004006195332
2511	0.0034571405
2512	0.001013764796
2513	0.0007303682175
2514	0.0002066332998
2515	0.005142444603
2516	0.00166646871
2517	0.001240852117
2518	0.004911393825
2519	0.0008429995707
2520	0.003451664861
2521	0.002612501106
2522	0.001537423193
2523	0.0007852532664
2524	0.004425600786
2525	0.002464508883
2526	0.004172408435
2527	0.001349828222
2528	0.0008889807396
2529	0.003232973312
2530	0.001217674892
2531	0.001210341806
2532	0.0007362491993
2533	0.001731971611
2534	0.0030302265
2535	0.002794048503
2536	0.001669556224
2537	0.0007197706304
2538	0.0004196282708
2539	0.001714559946
2540	0.0007445472671
2541	0.004350339779
2542	0.001453198093
2543	0.003592096771
2544	0.0007801221397
2545	0.0006768177032
2546	0.00367126965
2547	0.006881344459
2548	0.002613406523
2549	0.001279292787
2550	0.003183500598
2551	0.000141686432
2552	0.003389901322
2553	0.002566150842
2554	0.0002994177942
2555	0.0004818154049
2556	0.001185218
2557	0.00555908394
2558	0.0005826451149
2559	0.006458372015
2560	5.774922738e-05
2561	0.002257961141
2562	0.006783556929
2563	0.001512546797
2564	1.089918258e-06
2565	0.001431211089
2566	0.001476802085
2567	0.0004379831816
2568	0.002095293611
2569	0.006417602911
2570	0.004675920857
2571	0.001266413888
2572	0.001926431571
2573	0.001195380807
2574	0.001459750246
2575	0.0009802025963
2576	0.003090418468
2577	6.811989058e-07
2578	0.000176385054
2579	0.0002217957273
2580	0.002300234374
2581	0.001283509568
2582	0.0003866487844
2583	0.001743976134
2584	0.003210593184
2585	0.001569429732
2586	0.001349762112
2587	0.001473893295
2588	0.001428603707
2589	0.0046452778
2590	0.001129716057
2591	0.001518863538
2592	0.000316768213
2593	0.003151000269
2594	0.002030575555
2595	0.0008629527565
2596	0.001492457534
2597	0.005429004936
2598	0.0009796094979
2599	1.907356947e-06
2600	0.004727393576
2601	0.005200195874
2602	0.001266101857
2603	0.003258525957
2604	0.003236638809
2605	0.003594837543
2606	0.002975576431
2607	0.001202408541
2608	0.002267158406
2609	9.264305205e-06
2610	0.0003621289843
2611	0.001502237268
2612	0.0004247166984
2613	0.001865314766
2614	0.000427876095
2615	0.0005435075751
2616	0.001997576773
2617	0.00137471323
2618	0.0004115853187
2619	0.001271321068
2620	0.007789255103
2621	4.114311665e-05
2622	0.0007534633793
2623	0.00119806419
2624	0.002469052105
2625	0.003422496162
2626	0.001046073229
2627	0.0009753396856
2628	0.0006058064819
2629	0.001694899267
2630	0.003287440238
2631	0.001102005647
2632	0.003297680255
2633	0.001286494335
2634	0.000696606078
2635	0.0008174637571
2636	0.001954424587
2637	0.001233364918
2638	0.0008170883583
2639	0.002637528067
2640	0.0008373176909
2641	0.00357738933
2642	0.00361398828
2643	0.001012160011
2644	0.003904830056
2645	0.00543716409
2646	0.001010807671
2647	0.002158987963
2648	0.001853647982
2649	0.0005903770258
2650	0.001566337996
2651	0.002239259155
2652	0.003451229429
2653	3.678474128e-06
2654	3.26975477e-06
2655	0.0006280448748
2656	0.002295492542
2657	0.0007098464495
2658	0.002279353781
2659	0.001461254306
2660	5.971843753e-06
2661	1.534968208e-05
2662	0.0001771105439
2663	6.130790191e-06
2664	7.629427791e-06
2665	0.0002659103705
2666	0.0003607732529
2667	0.001149167
2668	0.001480550957
2669	2.316076295e-06
2670	0.0008906135287
2671	0.007065795071
2672	0.005889365407
2673	0.0007036110224
2674	0.004569681631
2675	0.001406757103
2676	0.008042212909
2677	0.001585244069
2678	0.0007443966712
2679	0.004408260963
2680	0.007972573299
2681	0.004438819194
2682	0.002020560973
2683	7.765667553e-06
2684	0.006740417892
2685	0.002299763759
2686	0.001757397764
2687	0.001712108448
2688	0.0002246617115
2689	0.004783977816
2690	1.158038148e-05
2691	0.000467321113
2692	0.005979614443
2693	0.0008921814216
2694	0.001175110237
2695	0.002507628723
2696	0.0001123994323
2697	0.002313822713
2698	0.001408307776
2699	0.001054112821
2700	0.002781479816
2701	0.002090592094
2702	0.001200522389
2703	0.004437204732
2704	0.0007869216482
2705	0.001660390761
2706	0.0004462375582
2707	0.00750922294
2708	0.000108996446
2709	0.0008661163593
2710	0.003429186452
2711	0.0004265370666
2712	0.0006731100474
2713	0.001768852468
2714	0.0002282826089
2715	0.0004927695832
2716	0.0005336620026
2717	0.001333534173
2718	0.00129786461
2719	9.582198032e-06
2720	0.0007268237771
2721	0.0001991557052
2722	0.01043355793
2723	0.002216741077
2724	0.0001745230994
2725	0.000544389915
2726	0.00622452823
2727	0.003552822609
2728	0.005517948509
2729	0.001031493878
2730	0.004249278273
2731	0.0002741565484
2732	0.00193124481
2733	0.0001957299391
2734	0.001740777777
2735	0.005867610982
2736	0.0001101868758
2737	0.005342746122
2738	0.001364169519
2739	0.002075449166
2740	0.007957048432
2741	0.003593532974
2742	0.001503592364
2743	0.001646075496
2744	0.001570241016
2745	0.003694852246
2746	0.001390082499
2747	0.002164738588
2748	0.004567523617
2749	0.00227253649
2750	0.0007093591039
2751	0.0009217345906
2752	0.00345053087
2753	0.002300626537
2754	0.00101783698
2755	0.00262930388
2756	0.004465958382
2757	0.001487552656
2758	6.130790202e-06
2759	2.179836538e-06
2760	0.0005622858505
2761	0.00282007982
2762	0.002365961272
2763	0.005945202294
2764	0.00192844858
2765	0.004210001294
2766	0.000314950836
2767	0.001038156722
2768	0.001761250493
2769	0.0004951672152
2770	0.0002182467494
2771	0.00159709852
2772	0.003239855121
2773	0.001846052289
2774	0.0007352356381
2775	0.000841693556
2776	0.003262162259
2777	0.00253977759
2778	0.001423009357
2779	0.0006513988648
2780	0.003664833712
2781	0.001301914342
2782	0.002802378886
2783	0.004337989219
2784	0.001321679958
2785	0.008091150426
2786	0.0008389936126
2787	0.0002613625525
2788	0.0002104004264
2789	0.001072939712
2790	0.002272869868
2791	0.0001844083786
2792	0.0003838230689
2793	0.001052884755
2794	0.0007581640367
2795	0.00182803254
2796	0.004443528602
2797	0.002037200775
2798	0.0003556097968
2799	0.002300705132
2800	0.003037512036
2801	0.00268773565
2802	0.001208350721
2803	0.0009349456729
2804	0.004656484197
2805	0.0008195453654
2806	0.0007520876744
2807	0.002387911073
2808	0.0002332853297
2809	0.0004445260524
2810	0.00199680772
2811	0.001903497941
2812	0.002620503142
2813	0.001185761447
2814	0.003271071174
2815	0.006995734177
2816	0.002610131692
2817	0.001162413381
2818	0.003032712409
2819	0.0009916498785
2820	0.0002583497504
2821	0.001582397781
2822	6.432475583e-05
2823	0.001591442137
2824	0.002665415605
2825	4.132606723e-05
2826	0.003073257462
2827	0.003135989366
2828	0.0008823146174
2829	0.003524594223
2830	0.0006760057195
2831	0.001846813613
2832	0.00490613808
2833	0.005439381435
2834	0.0007058525508
2835	1.283092443e-05
2836	0.001897166013
2837	0.0002392476783
2838	0.008360679236
2839	0.0006760638521
2840	0.004808308135
2841	0.003074934822
2842	0.003086598295
2843	0.001874484383
2844	0.0009052858815
2845	0.002210659865
2846	0.004174325257
2847	0.00328972056
2848	0.004660041628
2849	0.0001844171701
2850	0.001840332231
2851	3.8147139e-06
2852	3.8147139e-06
2853	0.006936729017
2854	0.001867009221
2855	1.226158041e-06
2856	3.269754762e-06
2857	0.0001337311169
2858	1.621253406e-05
2859	0.001201465384
2860	0.001906841303
2861	0.0009758516057
2862	6.396608548e-05
2863	0.003148340706
2864	0.001469116198
2865	4.768392356e-06
2866	0.01164095292
2867	0.003291003158
2868	0.0001159290164
2869	0.006391932585
2870	0.002927355864
2871	0.002606512599
2872	0.001729526192
2873	0.0003610516954
2874	0.001637741949
2875	7.493188005e-06
2876	5.722070852e-06
2877	0.004555540774
2878	0.003793638651
2879	0.0004318392449
2880	0.0009136647334
2881	0.0008690125454
2882	0.003214723088
2883	0.001484634965
2884	0.0005271622324
2885	0.0008685876768
2886	0.002220878371
2887	0.0005633289071
2888	0.002474952701
2889	0.002219902039
2890	0.002154333856
2891	0.00057980287
2892	0.001722704521
2893	0.00073341658
2894	0.00240975635
2895	0.002252714733
2896	0.002779605011
2897	0.004361137948
2898	0.0004023343101
2899	0.0002790546358
2900	0.0008500432739
2901	0.001190005615
2902	0.0002440521666
2903	0.002483179717
2904	0.0003858311811
2905	0.001447027126
2906	0.005346335973
2907	3.147138966e-05
2908	0.001676622154
2909	0.001183061597
2910	0.006198596036
2911	0.00979820474
2912	0.0009037381477
2913	0.002952231896
2914	0.001949536645
2915	0.0009026929173
2916	2.724795636e-06
2917	2.724795636e-06
2918	0.005378945641
2919	0.002216258003
2920	0.0002440542229
2921	0.002729860981
2922	0.003115129095
2923	0.0001222266268
2924	4.632152592e-06
2925	4.632152592e-06
2926	0.001344394272
2927	0.001420549973
2928	1.144414167e-05
2929	1.144414167e-05
2930	0.002724094919
2931	0.00215898048
2932	0.002627602927
2933	0.00371672982
2934	0.0002533865729
2935	4.030315453e-05
2936	0.0002143586458
2937	0.001747286336
2938	3.564940962e-05
2939	0.0009586611075
2940	0.003785190602
2941	0.00506595845
2942	0.002030343266
2943	0.00112957137
2944	0.001832543323
2945	0.001799931719
2946	0.003198436464
2947	0.0007654467717
2948	0.001695560861
2949	2.452316059e-06
2950	3.269754732e-06
2951	0.001640624252
2952	0.001677031111
2953	0.002606562801
2954	0.001110609085
2955	0.0005813930548
2956	0.001766568853
2957	0.003570255438
2958	0.001813758785
2959	0.00169321059
2960	0.0007931071146
2961	0.002936227551
2962	0.002412577773
2963	0.003504436603
2964	5.396448732e-05
2965	0.0008218711579
2966	0.002036592687
2967	0.001231424625
2968	0.007442207079
2969	0.004394564319
2970	0.001138542225
2971	0.002718364275
2972	0.0004421458082
2973	0.002369966566
2974	0.001351733426
2975	0.000857341446
2976	0.002753308917
2977	0.004872771983
2978	0.0009568543673
2979	0.004796245171
2980	0.001808976053
2981	0.00568040966
2982	0.004072930944
2983	0.005523262642
2984	0.005810159895
2985	0.00285126446
2986	0.0004511204971
2987	0.003890043232
2988	0.005919425203
2989	0.0007821300475
2990	0.003722410631
2991	0.004297219483
2992	0.001758009888
2993	0.001080484154
2994	0.0008571972379
2995	0.001627116896
2996	0.0006741390742
2997	0.001058819811
2998	0.003444916423
2999	0.0005887044156
3000	0.00955035249
3001	0.001374950243
3002	0.0001798185361
3003	0.001619608673
3004	0.001390675002
3005	0.001671713708
3006	0.001638098004
3007	0.0006002782149
3008	0.004011276626
3009	0.001429868058
3010	0.002096120875
3011	0.001911841822
3012	0.003229672613
3013	0.0006516888645
3014	0.002934916558
3015	0.008110459077
3016	0.005919027152
3017	0.001540273036
3018	0.007108054603
3019	0.0007273826664
3020	0.0039057908
3021	0.002082152265
3022	4.286749459e-05
3023	8.619765278e-05
3024	0.001505146194
3025	0.003548630789
3026	0.002781775852
3027	0.000587979725
3028	1.076294278e-05
3029	5.994550458e-06
3030	0.002110502239
3031	0.004056213014
3032	0.0006952014127
3033	0.007256684813
3034	0.003485716204
3035	0.0007022175163
3036	0.008307761764
3037	7.471767628e-05
3038	0.0005788173236
3039	0.002577588942
3040	0.00119350916
3041	0.0008716443762
3042	0.001720025971
3043	0.001800875468
3044	0.0002678951414
3045	5.485202673e-05
3046	0.0006365873534
3047	0.002769421453
3048	0.001355956559
3049	6.662535094e-05
3050	0.001347995775
3051	0.0021371597
3052	9.573773633e-05
3053	0.001114844677
3054	0.005895261738
3055	0.005684514342
3056	0.002906753323
3057	0.001392729401
3058	0.003684197283
3059	0.004802660656
3060	0.0003277723663
3061	0.002120104467
3062	0.003993039593
3063	2.316076298e-06
3064	1.362397788e-06
3065	2.452316071e-06
3066	2.452316071e-06
3067	0.002341073239
3068	0.0006193367044
3069	0.002628552679
3070	0.0005370790011
3071	0.001459893122
3072	0.001061543247
3073	0.0002823496001
3074	1.675749318e-05
3075	0.002911446177
3076	0.0001478981905
3077	0.003675504229
3078	0.001467165348
3079	0.005801179239
3080	0.001306938378
3081	4.872251875e-05
3082	0.0063725527
3083	0.002037622349
3084	0.002238719065
3085	0.0005501646312
3086	0.002612072796
3087	0.001732320113
3088	0.0004783529344
3089	5.48091801e-05
3090	0.003264486499
3091	0.001784959217
3092	0.00150546837
3093	0.001090872211
3094	0.0006282193995
3095	0.0001415244003
3096	0.0007712754327
3097	1.634877381e-06
3098	1.634877381e-06
3099	1.027852595e-05
3100	0.001444945408
3101	0.002101416028
3102	0.002183167884
3103	0.00207086273
3104	0.0002508166513
3105	0.002251407278
3106	0.002977616623
3107	0.0003867425432
3108	0.003717795134
3109	0.0008306106094
3110	0.0009949450612
3111	0.002287919527
3112	4.625178605e-05
3113	0.001139895694
3114	0.003343907304
3115	0.00160559919
3116	0.0007801953885
3117	0.004206985437
3118	0.002855459342
3119	0.0006477351473
3120	0.001677536281
3121	0.002120733277
3122	0.002843850283
3123	0.001926579153
3124	5.751225766e-05
3125	0.001065406551
3126	0.001434281071
3127	6.811988877e-07
3128	0.0006899103382
3129	0.0003016347482
3130	0.001063419598
3131	0.0001418400797
3132	0.001199655843
3133	0.001143733619
3134	0.0003960500523
3135	1.471389645e-05
3136	1.582652136e-05
3137	0.0005614098362
3138	0.001679765963
3139	0.005249513172
3140	3.269754768e-06
3141	3.269754768e-06
3142	0.001243872421
3143	0.003689750402
3144	0.004862193002
3145	0.006751636223
3146	0.003720634267
3147	0.002150547459
3148	0.002233136311
3149	6.289188383e-05
3150	0.0008209400716
3151	0.003138156858
3152	0.001347156701
3153	0.003658247649
3154	0.0002744497413
3155	0.005131124625
3156	0.001510951313
3157	0.002868370746
3158	0.001294260063
3159	0.003617331829
3160	0.0006744476627
3161	3.103996369e-05
3162	1.757493188e-05
3163	0.001955425835
3164	0.000386850763
3165	4.016787261e-05
3166	0.004362345052
3167	0.002132737378
3168	1.089918256e-06
3169	1.089918256e-06
3170	0.0002148849137
3171	0.002569933984
3172	6.226158483e-06
3173	0.0004058938134
3174	0.002226441159
3175	0.001351088358
3176	0.0008229145399
3177	5.449591279e-06
3178	5.449591279e-06
3179	0.00215526216
3180	0.003143704534
3181	0.0003842473716
3182	0.003158840544
3183	0.0001502464327
3184	0.004006489955
3185	0.002394757779
3186	0.001818482258
3187	0.004015029421
3188	0.00315037142
3189	0.001095618499
3190	0.003260904897
3191	0.002429351477
3192	0.002219981142
3193	0.002011307122
3194	0.007556442184
3195	7.674208114e-05
3196	0.001652156238
3197	0.002014651264
3198	0.001709616114
3199	0.003261280377
3200	0.001422930029
3201	5.710735766e-05
3202	0.001416486125
3203	0.0001405635858
3204	0.0009374500197
3205	0.005508927074
3206	0.001959553647
3207	0.002910577988
3208	0.006125125911
3209	0.0001065171618
3210	0.006122100157
3211	0.004070485637
3212	0.0004599925017
3213	0.001027400447
3214	0.002066224457
3215	0.000441448559
3216	0.0003142758003
3217	0.0003004983921
3218	0.001554084398
3219	1.525885554e-05
3220	0.003887233799
3221	0.001463232376
3222	6.267029976e-06
3223	6.267029976e-06
3224	0.007503673043
3225	2.118982708e-05
3226	0.002465624369
3227	0.0009139378942
3228	0.00165622308
3229	2.179836544e-06
3230	2.179836544e-06
3231	1.226158038e-06
3232	0.0008626168913
3233	0.001105388894
3234	0.003866873396
3235	0.000266666207
3236	0.00401903229
3237	0.007854043388
3238	0.0003053924881
3239	0.001074429976
3240	0.003794559025
3241	0.00429172323
3242	0.003148441118
3243	0.0003028789094
3244	0.0002742708969
3245	0.0002506236463
3246	0.0121706797
3247	0.0007230057163
3248	0.0009756287204
3249	0.002025135768
3250	0.0001242338516
3251	0.0002260647322
3252	0.0001184953181
3253	0.001149502539
3254	0.0003143963989
3255	0.004010263686
3256	0.0005674761921
3257	1.634877425e-06
3258	1.634877425e-06
3259	0.0001636841499
3260	1.198910082e-05
3261	1.198910082e-05
3262	0.0009377972846
3263	0.0004479074616
3264	1.434715736e-05
3265	0.008451172322
3266	0.002126325718
3267	3.188010902e-05
3268	0.0004057417629
3269	0.0005464697831
3270	8.99182561e-06
3271	8.99182561e-06
3272	0.004293481669
3273	0.00200749216
3274	0.003365400004
3275	0.006021607521
3276	0.006760800538
3277	0.002901297328
3278	0.001761304726
3279	0.01193699156
3280	0.0009490456734
3281	0.0009620372024
3282	0.0005846517828
3283	0.0003018947186
3284	0.0005377556295
3285	0.001150597832
3286	0.008224165143
3287	0.001166244496
3288	0.00236207443
3289	0.0004658185414
3290	0.001192832623
3291	0.002839418709
3292	0.002183028305
3293	0.005180134943
3294	0.00121763783
3295	0.0002106717606
3296	0.004236742249
3297	0.007083046102
3298	0.0004549997541
3299	0.001022770727
3300	0.001241695562
3301	0.0004461092662
3302	0.001183393051
3303	0.0004892090456
3304	0.002627028362
3305	0.001339692546
3306	0.002017081789
3307	0.001416129475
3308	0.001829646763
3309	0.0005697994703
3310	0.000358220276
3311	2.222131399e-05
3312	0.0001718846231
3313	0.003304340112
3314	0.0002282439485
3315	0.00323969706
3316	0.001211107001
3317	0.00138039877
3318	0.001556694639
3319	0.0009350222537
3320	0.002961707291
3321	0.00166917181
3322	0.003807294075
3323	0.002554426104
3324	0.0007644853021
3325	0.0007780448057
3326	0.0009836265235
3327	0.0004575247172
3328	0.002621742879
3329	0.0004580205126
3330	0.001543197391
3331	0.0004920993245
3332	0.001474877445
3333	0.004535069369
3334	0.003428266017
3335	0.002091388985
3336	0.002358490935
3337	0.002014242604
3338	0.001006295374
3339	0.001554431739
3340	0.0009836239208
3341	0.0001376439394
3342	0.005232206091
3343	0.0004306964547
3344	0.001510754702
3345	0.000585711866
3346	0.0005389066658
3347	0.001375973616
3348	0.002153185942
3349	0.0001726060937
3350	0.004135680367
3351	0.00126410619
3352	0.0005176004437
3353	0.001211006721
3354	0.000128293617
3355	0.0002682515624
3356	0.001187621813
3357	1.089918215e-06
3358	1.089918215e-06
3359	0
3360	0.0003472867404
3361	0.006241703505
3362	0.0002920951518
3363	0.002134062438
3364	0.0001573333411
3365	1.115771583e-05
3366	0.0007137407943
3367	0.002422584261
3368	0.001706801598
3369	0.001291935723
3370	0.000209940253
3371	0.003206680472
3372	0.001185919683
3373	0.0002391148549
3374	0.0001166084965
3375	0.001295240447
3376	0.000642233232
3377	0.0006605779855
3378	0.0001146017538
3379	0.005837178962
3380	0.0004550047076
3381	0.0004782073018
3382	0.006210817641
3383	0.004541948505
3384	0.002074538754
3385	0.006440251575
3386	0.008180634328
3387	8.719346068e-06
3388	8.719346068e-06
3389	0.0008856320581
3390	0.00471196304
3391	0.005300696723
3392	0.001875773855
3393	0.0004174295476
3394	0.000711565788
3395	3.610354227e-05
3396	0.0007506546351
3397	1.89373297e-05
3398	1.14441417e-05
3399	0.004485201893
3400	0.002630939913
3401	0.001490747497
3402	0.00228744102
3403	0.001564181638
3404	0.009341740425
3405	0.0026183354
3406	0.004493227317
3407	0.0003174129677
3408	0.001811816777
3409	0.001461359954
3410	9.514512083e-05
3411	0.007882468366
3412	0.0008201547194
3413	0.0005255047506
3414	0.003075306485
3415	0.001173993068
3416	0.002459075637
3417	0.002715777148
3418	0.00170209975
3419	0.0006237373624
3420	0.00352040731
3421	0.0010726507
3422	0.0001917045216
3423	0.001059265007
3424	0.0008941064007
3425	0.0005639399056
3426	0.0006657277258
3427	0.0009709024233
3428	0.0004119781637
3429	0.0006084460689
3430	0.0008587961932
3431	0.001393994868
3432	0.0005512231164
3433	0.003654457795
3434	0.0007076974784
3435	0.003002932835
3436	0.0006136780202
3437	0.0006782753172
3438	0.001533149456
3439	0.001778445459
3440	0.0009247097231
3441	0.008975719945
3442	5.710470768e-05
3443	0.0001288699573
3444	0.002857001776
3445	0.003720925924
3446	0.002648938019
3447	0.001253172853
3448	0.002179755381
3449	0.0007845719161
3450	0.003054446001
3451	0.003748415064
3452	0.00379268168
3453	0.001982621889
3454	0.002266155052
3455	0.0002917831194
3456	0.001645307633
3457	3.016477886e-05
3458	0.00125877501
3459	0.001541805802
3460	0.0003304647227
3461	0.003878351615
3462	0.001214279039
3463	0.001936402152
3464	0.003794832493
3465	0.002811950139
3466	0.003443433509
3467	0.0006500866602
3468	0.0008399013506
3469	0.0004092306325
3470	0.001372813521
3471	0.002378244181
3472	0.002911031048
3473	0.0004511636281
3474	5.44959128e-07
3475	5.44959128e-07
3476	7.738419622e-05
3477	0.00496413098
3478	0.004676757252
3479	0.001643030628
3480	0.004833712629
3481	0.002121984331
3482	0.00314076795
3483	0.00839055798
3484	0.001374148016
3485	0.0002521334812
3486	0.0002915993396
3487	2.179836527e-06
3488	2.179836527e-06
3489	0.001425537119
3490	1.158038147e-05
3491	1.852861034e-05
3492	0.0003094210861
3493	0.003096175708
3494	0.0007512388428
3495	0.001617979627
3496	0.001520419767
3497	0.001490768165
3498	0.0004682602321
3499	0.001424251186
3500	0.0004036909589
3501	0.002297825122
3502	0.00389927971
3503	0.004559621916
3504	0.006085100679
3505	1.634877384e-06
3506	1.634877384e-06
3507	0.003130454753
3508	0.0009668207277
3509	0.0004911384082
3510	0.0001066371628
3511	6.638877119e-05
3512	0.002067726199
3513	6.111858356e-05
3514	5.338665708e-05
3515	0.0003432775822
3516	0.003359597872
3517	0.003269851134
3518	0.002301711674
3519	2.303944417e-05
3520	0.001441983719
3521	0.003347497525
3522	0.000822241231
3523	0.0003824774192
3524	0.001131841711
3525	0.0008474417551
3526	0.00168968023
3527	0.002617079755
3528	0.000611759387
3529	0.0002381544869
3530	0.00192376264
3531	0.0061556396
3532	0.005498143486
3533	0.001133970305
3534	0.003179266939
3535	0.00108038491
3536	0.001583547112
3537	3.678474112e-05
3538	0.001554263761
3539	0.0008844061787
3540	0.001163161067
3541	0.0004982047157
3542	0.00114712849
3543	0.002368798269
3544	4.441416894e-05
3545	0.001765366233
3546	0.0009603755771
3547	0.002754568806
3548	0.0005433122196
3549	0.002441126234
3550	0.002521858508
3551	0.0001742856621
3552	0.002555210585
3553	0.003704979444
3554	0.002898630377
3555	0.0002227119524
3556	0.0004808504001
3557	0.0006598179374
3558	0.003079436586
3559	0.007431918517
3560	0.004425237429
3561	0.002144492801
3562	0.001479915898
3563	0.003394701643
3564	0.001482355202
3565	0.0003164368182
3566	0.0003626668675
3567	0.0004876929892
3568	0.0005731994832
3569	0.003725274044
3570	0.004745150601
3571	0.0007208438224
3572	0.002358193373
3573	0.00235790223
3574	1.907356951e-06
3575	1.907356951e-06
3576	0.001742141908
3577	0.003598119403
3578	0.003550463886
3579	0.001273781707
3580	0.001212042548
3581	0.0005902819809
3582	0.003415704857
3583	0.00417051462
3584	0.000186774439
3585	0.000421771952
3586	0.004160603224
3587	0.0008560483032
3588	0.001531073938
3589	0.00106408851
3590	0.004574895898
3591	0.001202973061
3592	0.0007495882351
3593	0.001747468968
3594	4.636888688e-05
3595	0.0004642717699
3596	0.001129880374
3597	0.004737376409
3598	0.004907839495
3599	0.001131920278
3600	0.003392188372
3601	0.00198735398
3602	0.003985536159
3603	6.130790196e-06
3604	0.002693878183
3605	8.174386926e-06
3606	8.174386926e-06
3607	0.00111907195
3608	0.001477127892
3609	0.0003784075844
3610	0.005007420501
3611	0.002167512141
3612	0.0002082341641
3613	0.002398838244
3614	0.00295404004
3615	0.0006842010128
3616	4.495912826e-06
3617	0.001662156098
3618	0.00352657888
3619	0.001056201776
3620	0.0007245027104
3621	0.0006756238897
3622	0.0003353334189
3623	0.001739721724
3624	0.001068085865
3625	0.004682205712
3626	0.002339659438
3627	3.08038147e-05
3628	0.002586834564
3629	0.004182694796
3630	0.0005322361554
3631	0.002718401599
3632	0.004644410704
3633	0.0007456418944
3634	0.0008907746897
3635	0.003590871889
3636	0.003128289119
3637	0.0007946888153
3638	0.002142347951
3639	0.001888517893
3640	0.0007043647921
3641	0.003814007257
3642	0.00147431091
3643	0.0005435611252
3644	0.001081092073
3645	0.0005794640369
3646	0.002790826725
3647	0.00345045274
3648	0.0008216789799
3649	0.005069006222
3650	0.0007658902241
3651	0.001857739766
3652	0.001677100728
3653	8.583106253e-06
3654	0.002999207336
3655	6.425976375e-06
3656	0.005888220605
3657	0.0007285011889
3658	0.002781610604
3659	1.362397816e-06
3660	1.362397816e-06
3661	0.0004882674111
3662	0.002199233798
3663	2.913666463e-05
3664	0.00472930916
3665	0.0004314761375
3666	0.0005135433885
3667	0.001409256587
3668	5.313351497e-06
3669	0.0003668537682
3670	2.724795641e-06
3671	0.0004230430407
3672	0.0001638185203
3673	0.002755461747
3674	0.0006200226983
3675	0.00101933815
3676	0.001114468312
3677	0.002006503326
3678	0.00398813116
3679	0.0008654789744
3680	0.001263819874
3681	0.0009866314586
3682	0.003011934014
3683	0.0003291045362
3684	6.130790191e-06
3685	0.001752944508
3686	0.004983275619
3687	0.0006328413555
3688	0.001654458003
3689	0.0036759602
3690	5.449591294e-06
3691	0.005130694981
3692	0.009022744641
3693	0.003201778518
3694	0.0009727097957
3695	0.003950047475
3696	0.0007921624009
3697	0.001210912456
3698	7.26701098e-05
3699	0.002416770143
3700	0.004362211469
3701	0.001691280393
3702	0.003215236007
3703	0.002801795995
3704	0.005823516497
3705	0.001003139513
3706	0.001897277855
3707	0.001981969706
3708	0.003148394961
3709	0.0005424517472
3710	0.002157881969
3711	0.002040659397
3712	0.0007499728819
3713	0.002815192078
3714	0.001483586145
3715	0.0001713910287
3716	0.003754966008
3717	0.006832992161
3718	0.00863903762
3719	0.000574057065
3720	0.003152569465
3721	0.0002251846178
3722	0.002667512907
3723	0.0003842365739
3724	0.002259131967
3725	0.001613064977
3726	2.179836514e-06
3727	2.179836514e-06
3728	2.724795921e-07
3729	2.724795921e-07
3730	0.002077479124
3731	0.0005018142165
3732	0.000551579304
3733	0.002692286008
3734	0.001884084766
3735	0.003074811796
3736	0.0008077973777
3737	0.002873746284
3738	0.001163570454
3739	2.316076305e-06
3740	0.002060454733
3741	0.001563628731
3742	0.002558361751
3743	0.002430246287
3744	0.0006747586086
3745	0.005920803747
3746	0.0032588673
3747	0.005598984083
3748	2.179836506e-06
3749	2.179836506e-06
3750	0.004043561268
3751	2.724795662e-07
3752	0.0002338044913
3753	7.240783515e-05
3754	0.001895234453
3755	0.004289784613
3756	0.001085562209
3757	0.00404085309
3758	0.00654011734
3759	0.001873700231
3760	0.005883694104
3761	0.0001764984323
3762	0.002812660502
3763	0.000856539431
3764	0.002577946369
3765	0.002419710282
3766	0.0009973084814
3767	0.0003618598442
3768	0.0007504073178
3769	0.002252810987
3770	3.269754768e-06
3771	3.269754768e-06
3772	0.0008716485662
3773	0.002917831644
3774	8.264671701e-05
3775	0.001384772933
3776	9.218891886e-06
3777	4.087193465e-06
3778	4.087193465e-06
3779	0.00168176276
3780	0.001077101041
3781	0.001056607881
3782	0.0001536518579
3783	0.0008077223926
3784	0.0006608991113
3785	0.0004061773793
3786	0.003049504956
3787	3.690629446e-05
3788	2.724795652e-07
3789	2.724795652e-07
3790	0.002349445083
3791	0.006973558766
3792	0.008185979554
3793	0.001271904866
3794	0.004403822116
3795	0.0005169306996
3796	0.004179033866
3797	0.001983089576
3798	0.0001536473987
3799	0.002563804637
3800	0.0003673543653
3801	0.00519781782
3802	0.0003854472796
3803	0.008628840338
3804	0.0008553583113
3805	5.722070796e-06
3806	0.001024306667
3807	0.0003630572086
3808	0
3809	0.002090795591
3810	0.0017668372
3811	0.0004213910069
3812	0.005523569686
3813	0.00183609274
3814	0.005643767186
3815	0.003380445488
3816	3.269754767e-06
3817	1.362397823e-07
3818	0.00163598078
3819	0.002251726736
3820	0.005824087168
3821	0.0004385478868
3822	0.00332569433
3823	0.003120582506
3824	0.006747063157
3825	0.002066953318
3826	0.001355170594
3827	0.0008898893556
3828	0.00551935419
3829	0.004369598062
3830	0.002787188714
3831	0.002486503784
3832	9.976481622e-05
3833	0.0001004655141
3834	0.007473025243
3835	1.112624891e-05
3836	0.002448133991
3837	3.814713906e-06
3838	3.814713906e-06
3839	0.003281051972
3840	0.002473379273
3841	0.0003929378532
3842	0.003562900547
3843	0.001750890674
3844	0.004441695961
3845	0.002165400926
3846	0.004978690341
3847	0.001217359681
3848	0.0008064578392
3849	0.00524267683
3850	0.001216569663
3851	0.0003351336727
3852	0.0004999417723
3853	0.001250583732
3854	0.002649513907
3855	0.0008634980378
3856	0.007572207254
3857	0.0003144676444
3858	0.002058614344
3859	0.0002265153058
3860	0.006191944348
3861	0.00138035607
3862	0.0003173582182
3863	0.004696833077
3864	0.0002741368548
3865	0.0007947926104
3866	0.0013320309
3867	8.169929361e-05
3868	0.001528446511
3869	0.0001161621057
3870	0.005090890673
3871	0.002927404624
3872	0.0003485425305
3873	1.36239782e-06
3874	0.0006060882248
3875	0.005243587043
3876	0.004256224417
3877	0.001513634597
3878	0.0004827995154
3879	0.002017014538
3880	1.89373297e-05
3881	0.007533004271
3882	5.821980021e-05
3883	0.002237876486
3884	0.002158654907
3885	0.0005269402998
3886	0.007670154578
3887	0.002223716713
3888	0.001202318138
3889	5.54041783e-06
3890	0.0002765351037
3891	0.0003874003436
3892	0.0009480429517
3893	0.005011733401
3894	0.003980183449
3895	0.001642126783
3896	0.004315782644
3897	0.001723518447
3898	1.362397856e-07
3899	3.542234329e-06
3900	0.002640545306
3901	0.001817949042
3902	0.005331260266
3903	0.005831792444
3904	0.001347243259
3905	0.0008770557107
3906	0.00111273744
3907	0.005011236784
3908	0.001901726903
3909	0.0009600838892
3910	0.002757736334
3911	9.264305175e-06
3912	9.264305175e-06
3913	0.0001517208379
3914	0.001199940978
3915	7.272674188e-05
3916	0.003341069404
3917	1.702997273e-05
3918	0.002228884675
3919	0.0008731702201
3920	0.002538660739
3921	0.003531795985
3922	0.00691281665
3923	0.0004130642101
3924	0.000280329715
3925	5.858310609e-06
3926	0.001494408999
3927	0.0002998485291
3928	9.945504101e-06
3929	0.001554138228
3930	0.00158063729
3931	0.002294883175
3932	2.452316038e-06
3933	0.0006923677633
3934	0.0002535184555
3935	4.223433243e-06
3936	0.001559266722
3937	0.0005036425884
3938	0.00370901988
3939	0.001364709342
3940	5.313351527e-06
3941	0.0008913790521
3942	0.0003869650459
3943	0.002425337358
3944	0.004339487287
3945	0.001966499027
3946	0.00492330784
3947	0.001558792466
3948	0.00280669811
3949	0.0006352862572
3950	0.003018401038
3951	0.003160712235
3952	0.002275000554
3953	0.0004303034463
3954	0.002734447353
3955	0.0002284256121
3956	0.001652955213
3957	0.00197143263
3958	0.000126778601
3959	0.002507981159
3960	6.959082118e-05
3961	0.001032634539
3962	0.0001521084958
3963	0.001370408144
3964	0.005035847463
3965	1.362397818e-07
3966	3.814713853e-06
3967	0.001706931492
3968	1.332443836e-06
3969	0.003561884006
3970	0.0002401471157
3971	0.002429592947
3972	0.0006765374741
3973	0.001931175081
3974	0.002575012358
3975	1.524324855e-05
3976	0.003660209272
3977	2.997275254e-06
3978	2.997275254e-06
3979	0.00138750429
3980	0.001042994714
3981	7.674841024e-06
3982	1.693914626e-05
3983	0.001538341748
3984	0.003753651613
3985	0.001035101864
3986	0.001217379359
3987	0.004809669968
3988	0.002116012956
3989	0.0002078076077
3990	0.0005832715386
3991	0.0003326427078
3992	0.001578480467
3993	0.001435422168
3994	0.005005804627
3995	0.0001474929652
3996	0.0002307674986
3997	1.002623714e-05
3998	0.006267759382
3999	0.001254457964
4000	0.0006396724137
4001	0.004577574671
4002	0.001594553921
4003	8.944835894e-05
4004	0.003775883731
4005	0.002797794814
4006	0.001491213822
4007	0.001557653814
4008	0.000553722614
4009	0.002983657443
4010	5.017378791e-05
4011	0.002605067259
4012	0.002837848426
4013	0.001826526686
4014	0.003131199446
4015	4.768392375e-06
4016	1.634877355e-06
4017	0.002105437547
4018	0.0008926220779
4019	0.003943417703
4020	0.002038890649
4021	0.004680147883
4022	0.002072416531
4023	7.359032714e-05
4024	0.001433085798
4025	0.0004403604895
4026	6.130790217e-06
4027	3.542234341e-06
4028	0.0001592596589
4029	0.001554718835
4030	0.005384664935
4031	0.004761961322
4032	0.0002647358023
4033	0.0005174394373
4034	0.0005101400687
4035	0.001410275786
4036	0.0005858973756
4037	0.002756508084
4038	0.0002768569327
4039	0.001761867237
4040	0.000631730656
4041	0.0006393203017
4042	0.0006722285128
4043	0.003399173086
4044	0.008279877263
4045	0.001642167402
4046	0.001199176996
4047	0.0001572126132
4048	0.000677369111
4049	9.128065397e-06
4050	1.389645776e-05
4051	0.004816780802
4052	0.001387885792
4053	0.001134892253
4054	0.0007225197026
4055	0.0005320275597
4056	0.0007081000932
4057	0.009366293653
4058	0.002735293428
4059	0.002757438789
4060	0.009641030654
4061	0.0002130987935
4062	0.0009503190296
4063	0.001523483544
4064	0.002243493693
4065	0.0002722797467
4066	0.003033425889
4067	0.002333059657
4068	0.003974396804
4069	0.0007914880356
4070	0.001238220709
4071	0.001876137577
4072	0.001967205228
4073	0.002898053558
4074	0.0005947336147
4075	0.00383921308
4076	0.003144668365
4077	0.001683807535
4078	0.0002206368274
4079	0.002034327181
4080	0.002275556156
4081	0.001395789717
4082	7.08446867e-06
4083	7.08446867e-06
4084	0.001320975787
4085	0.002146066055
4086	0.001569289156
4087	0.004420056409
4088	0.00159046064
4089	0.004516992147
4090	0.001915556145
4091	0.0005695672273
4092	0.0005760705322
4093	9.958710331e-05
4094	0.003004100149
4095	0.005557472288
4096	0.0001557273429
4097	1.896971262e-05
4098	0.001849939131
4099	0.002396490525
4100	0.001084075644
4101	9.128065416e-06
4102	9.26430522e-06
4103	0.0004346982711
4104	0.002256941026
4105	3.542234333e-06
4106	6.811989096e-06
4107	0.002891260471
4108	0.001059820185
4109	0.000839969927
4110	0.002165516032
4111	0.001987014
4112	0.0008858515506
4113	0.0002193471812
4114	0.002894796343
4115	0.001848677583
4116	0.005587281908
4117	0.002606308171
4118	0.0005588444788
4119	0.0008963957164
4120	0.001226357011
4121	1.089918259e-06
4122	0.001666486286
4123	0.0007407248949
4124	0.000888203006
4125	0.001175039502
4126	0.002313683848
4127	0.001836730185
4128	0.0004099096038
4129	0.002332926482
4130	0.005367885364
4131	0.0009469711222
4132	0.001351990725
4133	9.848570662e-05
4134	0.00289558188
4135	0.0007559468485
4136	0.001598651688
4137	0.008265083196
4138	0.001024930465
4139	0.001081551127
4140	0.0004193880188
4141	0.001035738928
4142	0.001442439
4143	0.001386381624
4144	0.001371351232
4145	0.002628576871
4146	0.0052890903
4147	0.0004356548288
4148	0.0008136811459
4149	0.002189396126
4150	8.944041738e-05
4151	7.453062148e-05
4152	0.0006926207008
4153	0.001071779648
4154	0.001118567744
4155	0.002113344174
4156	0.0005431170992
4157	0.0008592101615
4158	0.002525307415
4159	1.424640674e-05
4160	0.0006630065229
4161	4.496014272e-05
4162	0.0006739205963
4163	0.003094846385
4164	8.423320555e-05
4165	1.362397814e-06
4166	1.362397814e-06
4167	0.0006938730324
4168	0.002340513799
4169	8.651060006e-06
4170	0.002360346958
4171	0.004001106812
4172	0.0008617316987
4173	0.0009478062886
4174	8.174386942e-07
4175	7.629427791e-06
4176	7.220708415e-06
4177	1.362397775e-06
4178	0.001736246269
4179	0.001995070485
4180	0.001522256723
4181	0.005808296245
4182	0.0003055101116
4183	0.0005004517315
4184	0.0008669581284
4185	4.087193482e-07
4186	0.0005530185666
4187	2.39782016e-05
4188	0.003198695403
4189	0.002287633284
4190	0.0013694851
4191	7.901907362e-06
4192	7.901907362e-06
4193	0.00441248981
4194	0.002091077701
4195	0.002678914547
4196	0.0008232914888
4197	0.001213774658
4198	0.0002314315138
4199	0.005903816877
4200	0.002100283143
4201	0.001336761002
4202	0.002318091117
4203	0.004669202979
4204	0.0001312487398
4205	0.006213939458
4206	5.705493917e-05
4207	0.0003787877725
4208	0.001964695711
4209	0.00120842196
4210	0.003413336494
4211	0.001196556486
4212	0.003686052078
4213	0.001064141829
4214	0.0005646651399
4215	0.002104132659
4216	0.002270437314
4217	0.001544165689
4218	0.004892997022
4219	3.28988324e-05
4220	0.003248843985
4221	0.008823125802
4222	0.004575226784
4223	0.0005947290854
4224	0.002887758977
4225	0.005203791096
4226	0.0001152686491
4227	0.0001686647977
4228	0.0006987924325
4229	0.001227899299
4230	0.002193994601
4231	3.247316268e-06
4232	0.00083626341
4233	0.000868261481
4234	1.482742963e-05
4235	0.0005429255473
4236	2.101052809e-05
4237	0.001660082385
4238	0.005693518887
4239	0.001540395097
4240	0.001197308955
4241	0.001776779204
4242	0.002971821504
4243	6.811988823e-07
4244	9.147718261e-05
4245	0.002100712313
4246	0.001403092035
4247	0.001200797393
4248	0.001348913433
4249	0.000236052673
4250	0.0002368953644
4251	0.0006080765885
4252	0.002160817713
4253	0.005630917373
4254	3.512343137e-05
4255	4.087193481e-06
4256	6.811989147e-06
4257	0.0004078954035
4258	0.002304767346
4259	0.003295701134
4260	0.002421164092
4261	0.002390184024
4262	0.0009353403783
4263	0.00216847903
4264	0.001752948879
4265	0.000710689113
4266	0.001157302466
4267	0.0008575523508
4268	0.002107983351
4269	0.0003330606608
4270	0.0004910054086
4271	0.0006014626534
4272	0.006305021516
4273	0.003436663915
4274	0.004462759115
4275	0.002253084475
4276	6.675749315e-06
4277	0.003791256765
4278	0.0006510473396
4279	2.297910993e-06
4280	0.001008104151
4281	0.003206412566
4282	0.002897538854
4283	0.001423034529
4284	0.001008411375
4285	0.002757790444
4286	0.00336239627
4287	0.002181342104
4288	0.003278848509
4289	8.174387406e-07
4290	2.724795698e-07
4291	0.0006982610205
4292	0.0003742877963
4293	0.004466541218
4294	0.0006262409423
4295	0.005042708937
4296	0.002221576798
4297	0.001114593243
4298	0.0009259383576
4299	4.495912804e-06
4300	0.005246316027
4301	0.0007469229637
4302	0.000864594697
4303	0.0004045210579
4304	0.006787615279
4305	0.0002392519259
4306	0.00144165693
4307	0.001287778742
4308	0.001916358727
4309	0.001094475372
4310	0.005691998408
4311	0.001941286066
4312	0.00124908064
4313	0.002207537774
4314	1.52134423e-05
4315	0.001347105428
4316	0.0003945146611
4317	0.002494457724
4318	0.001046788461
4319	0.002311051207
4320	0.0004133068838
4321	0.001218924373
4322	0.000606807711
4323	0.001739017997
4324	0.0008869252843
4325	0.002613887124
4326	0.0007785706474
4327	0.0006023065547
4328	0.00394705428
4329	0.002991449941
4330	0.002788237993
4331	0.0001540024757
4332	0.004031906455
4333	0.002823417516
4334	2.863380021e-05
4335	0.0003350646907
4336	0.0006073026341
4337	0.003839923602
4338	0.003463757175
4339	0.0006851946638
4340	0.002165168315
4341	0.0002184608913
4342	0.005245350225
4343	0.004665795988
4344	0.001838989934
4345	0.007717561012
4346	0.0003946769051
4347	0.0004844341389
4348	0.003828763074
4349	0.003067204033
4350	0.001966898245
4351	9.262557551e-05
4352	0.004563197742
4353	0.0001923025474
4354	0.001095120864
4355	0.003424601447
4356	0.004628514973
4357	0.0002101943209
4358	0.003227919525
4359	0.0008492940741
4360	0.001795331114
4361	0.001181311376
4362	0.001313051585
4363	0.003258443998
4364	0.001515515268
4365	0.001597701877
4366	0.004416508012
4367	0.00311344471
4368	0.001917443285
4369	5.17711172e-06
4370	5.17711172e-06
4371	8.038147141e-06
4372	8.446866436e-06
4373	1.021798362e-05
4374	0.002019085733
4375	0.001278044369
4376	0.0001922345988
4377	0.001827730427
4378	0.00232662661
4379	0.002073847829
4380	2.384196158e-06
4381	0.001406386803
4382	0.001794555466
4383	0.001314040984
4384	0.003104907705
4385	0.0002273740558
4386	0.0002461277335
4387	0.003607275469
4388	0.0007609585423
4389	0.0005773602869
4390	0.003673736014
4391	0.003651882689
4392	0.0008154729511
4393	0.001405023203
4394	0.0001277665079
4395	0.001158719024
4396	0.002488052426
4397	0.001697373052
4398	0.002622066473
4399	0.002028067855
4400	0.007127696741
4401	0.007782891005
4402	3.269754799e-06
4403	4.47320616e-06
4404	0.001503045607
4405	0.001928763197
4406	0.002655015788
4407	0.002528953774
4408	0.001603909901
4409	0.00199633583
4410	0.0005788019085
4411	0.0003307372834
4412	0.002911487687
4413	0.001400409154
4414	0.0002434572474
4415	0.001487673937
4416	0.005807320204
4417	0.001234988977
4418	0.003722402208
4419	0.002210898948
4420	3.751859633e-05
4421	5.722070848e-06
4422	0.001381733597
4423	3.614195957e-05
4424	0.0001081183427
4425	0.0008224594126
4426	0.001703466675
4427	0.001617167032
4428	0.003337102806
4429	0.002115125098
4430	0.0006366438867
4431	0.004702600247
4432	0.0007522448488
4433	0.003079454279
4434	0.0004419652881
4435	9.536784872e-07
4436	2.152588557e-05
4437	0.002057371696
4438	0.001148873455
4439	0.00233471025
4440	0.0001339762619
4441	0.0003183317357
4442	0.002813793262
4443	0.002790385267
4444	0.0002861726175
4445	0.003292871128
4446	1.57699768e-05
4447	0.000947616315
4448	0.0009339610963
4449	0.004288858976
4450	0.0007745976745
4451	2.983651222e-05
4452	0.0004467252073
4453	0.0009272149912
4454	3.269754769e-06
4455	3.269754769e-06
4456	0.002629223882
4457	0.002596283119
4458	0.001165901157
4459	0.0001250058301
4460	0.0001586122117
4461	0.002500441149
4462	0.0006472500578
4463	0.001534218208
4464	1.719702045e-06
4465	0.002055315832
4466	0.003380590798
4467	0.001548775342
4468	0.005252082198
4469	0.000705727084
4470	0.0007781069819
4471	0.002358105305
4472	0.001189986965
4473	0.003782700251
4474	0.0007966980134
4475	0.0008866698707
4476	0.005605703226
4477	0.004687062456
4478	0.003761605368
4479	8.163579468e-05
4480	0.003661964426
4481	0.001045340171
4482	0.001710417059
4483	3.542234332e-06
4484	3.542234332e-06
4485	0.0002412923988
4486	0.001679421329
4487	0.0005870178854
4488	0.00154802813
4489	0.006166761783
4490	0.0004198712936
4491	0.003869363128
4492	0.006145781111
4493	0.00282732052
4494	0.0005139318319
4495	0.001094282968
4496	0.002124891248
4497	0.001579457373
4498	0.001251572716
4499	0.00018748084
4500	0.0002043036453
4501	0.001231436721
4502	0.002347158489
4503	0.0006477810331
4504	0.0006433698568
4505	6.811989104e-06
4506	6.811989104e-06
4507	0.0006493694104
4508	0.0051752378
4509	0.001192678246
4510	0.001017448467
4511	0.001083907906
4512	0.002567404802
4513	0.000217741821
4514	0.0009363015299
4515	0.003695326164
4516	6.403269759e-06
4517	0.0002491224255
4518	0.002533443075
4519	0.000713124682
4520	0.0006243148335
4521	0.0002965685519
4522	0.001352619908
4523	0.003777535014
4524	6.646542382e-05
4525	0.002493155116
4526	0.005295466179
4527	0.0002462197052
4528	0.002463635259
4529	0.002383033062
4530	0.0006187576224
4531	0.002546284711
4532	0.001336326911
4533	0.00196010696
4534	0.002690108313
4535	0.0008017118585
4536	2.288828338e-05
4537	0.004639823082
4538	0.0007292453238
4539	0.0004207032944
4540	0.003532370271
4541	0.001466260892
4542	0.001895133944
4543	0.005940832625
4544	0.0001866835816
4545	2.409562769e-05
4546	0.002909535418
4547	0.00387565362
4548	0.0006120202576
4549	0.0004763767476
4550	0.001276064635
4551	0.0008124730104
4552	0.007385455889
4553	0.009805587948
4554	0.0009997519925
4555	0.004662749769
4556	0.0005975817612
4557	0.0002249350182
4558	0.0006521469314
4559	0.001029367112
4560	0.002921276552
4561	1.975476834e-05
4562	0.0009919457802
4563	8.174386918e-06
4564	8.174386918e-06
4565	0.000859641584
4566	0.0009858978638
4567	0.004687042314
4568	0.006449052725
4569	0.0001747438026
4570	0.001691223331
4571	0.000380192132
4572	0.001693516256
4573	0.001356321023
4574	0.01001932171
4575	0.002629456435
4576	0.006990322359
4577	0.003618724175
4578	0.001800017485
4579	0.002743367086
4580	0.00479818052
4581	0.002053348078
4582	0.0007085629264
4583	0.004497189125
4584	0.002376381498
4585	0.003113188047
4586	0.000463234617
4587	0.001867674497
4588	2.588555862e-06
4589	0.002483378251
4590	0.0001771202294
4591	0.0007990760009
4592	0.0004526394914
4593	0.0002381442531
4594	0.00308684956
4595	0.001662400491
4596	2.474434308e-05
4597	0.002790558903
4598	1.028456517e-05
4599	0.0008934964423
4600	0.003997276537
4601	0.00128766044
4602	2.892824669e-05
4603	0.0004576276418
4604	1.103542235e-05
4605	0.002464157774
4606	0.001124326726
4607	0.001104459733
4608	0.0006094556366
4609	0.001588256778
4610	0.002336749004
4611	0.004689626034
4612	0.0008586407654
4613	0.004740264786
4614	0.002688927586
4615	0.002308208162
4616	0.0003838721988
4617	0.004081398078
4618	0.0003935935964
4619	0.002200058093
4620	0.0003637339325
4621	4.950023883e-05
4622	0.001250941502
4623	0.002067039796
4624	0.006304820591
4625	0.001311310571
4626	0.0004925001523
4627	0.001682491825
4628	0.002132755338
4629	0.007656380581
4630	7.039055528e-07
4631	0.002891547406
4632	0.001838038223
4633	9.393965588e-05
4634	0.005635070791
4635	1.362397846e-06
4636	1.362397846e-06
4637	0.002992443695
4638	0.0005310438724
4639	0.0005246399943
4640	0.001622351608
4641	1.553133515e-05
4642	6.267029969e-06
4643	6.267029969e-06
4644	0.001954488605
4645	0.003590940596
4646	0.0004875837858
4647	2.724795642e-06
4648	2.724795642e-06
4649	0.008132923258
4650	0.0002604804337
4651	0.004628391653
4652	0.001194192751
4653	0.0004862789198
4654	0.003762292344
4655	0.002442275981
4656	0.0006256588017
4657	0.000496740259
4658	0.0001782122074
4659	0.005767523419
4660	0.002220162376
4661	0.0006352844191
4662	0.001172114754
4663	0.00384912652
4664	7.276728945e-05
4665	8.151680251e-06
4666	0.001449123787
4667	0.0009026984422
4668	0.001474870424
4669	0.00136176146
4670	0.0006393857799
4671	3.185465201e-05
4672	0.001040238363
4673	0.0007490204215
4674	0.00204008667
4675	0.005200003304
4676	0.003492998846
4677	0.0005089357565
4678	0.005450511805
4679	0.003484578502
4680	0.001685079923
4681	0.002594541417
4682	7.946514707e-05
4683	0.003237099417
4684	0.001572505526
4685	0.003193190379
4686	0.00442385018
4687	0.002855306446
4688	0.001955499954
4689	0.005786685761
4690	0.001042402108
4691	0.002100876746
4692	0.001128337023
4693	0.004199031499
4694	0.00234408142
4695	0.0002043513195
4696	0.00247565008
4697	0.002963385528
4698	0.002916358624
4699	0.00410546224
4700	0.0008132396863
4701	0.001591876828
4702	0.0007992409803
4703	0.00340526863
4704	0.003100624083
4705	0.00377756888
4706	0.002615783738
4707	3.433242503e-05
4708	0.002338228262
4709	0.001928397867
4710	0.004452158779
4711	0.0006604998067
4712	0.0001937376246
4713	0.001972924237
4714	0.00459562562
4715	0.00103188231
4716	0.003322981573
4717	0.002924149524
4718	0.003981247882
4719	0.001308120567
4720	0.001565904266
4721	0.002180452632
4722	0.002922568798
4723	1.36239782e-05
4724	0.001164963553
4725	0.00196019439
4726	1.537109099e-05
4727	0.001974044505
4728	0.002821254829
4729	1.67574932e-05
4730	0.004188769403
4731	0.003227875933
4732	0.0002752685567
4733	0.00865245704
4734	0.0005388303925
4735	5.994550374e-06
4736	6.811989138e-06
4737	0.0005109836553
4738	0.001825797176
4739	0.002424954624
4740	0.000640761404
4741	0.002396551404
4742	0.001409672376
4743	0.001983500332
4744	0.0003279640161
4745	0.004365349035
4746	0.006036309839
4747	0.000135420756
4748	0.001096609426
4749	0.003512962137
4750	0.002598904751
4751	1.141689374e-05
4752	0.0004759318944
4753	0.002451779844
4754	0.004565080251
4755	0.003157213157
4756	0.0007619096972
4757	7.493188048e-06
4758	0.003078135356
4759	6.267029977e-06
4760	6.267029977e-06
4761	0.004716534607
4762	0.001794546682
4763	0.0008535285627
4764	0.001972776173
4765	0.0007408276409
4766	0.0002718216593
4767	0.006791746655
4768	0.0006496646139
4769	0.001881815984
4770	0.001101360225
4771	0.001491230568
4772	0.002675723795
4773	0.00426046388
4774	0.002044818861
4775	0.00559963259
4776	0.0007554439193
4777	0.001149814382
4778	0.0005957077061
4779	0.0001307389763
4780	0.004405114479
4781	2.970027246e-05
4782	0.0009353476255
4783	0.002122238725
4784	1.493410645e-05
4785	0.0002023681246
4786	0.0004147729179
4787	0.002612186537
4788	8.547615064e-05
4789	0.004287875827
4790	0.004807815557
4791	0.0005246647042
4792	0.00226465538
4793	0.0001118386037
4794	0.002945580746
4795	0.00518093154
4796	0.0004016799946
4797	0.002143053745
4798	0.0004187919845
4799	2.002975746e-06
4800	0.002430763562
4801	0.0006844283039
4802	0.0008104071932
4803	8.038147137e-06
4804	0.001087242383
4805	0.0007700637404
4806	0.0004547881207
4807	8.53667762e-05
4808	0.001734569747
4809	0.008774663553
4810	0.0007408063906
4811	0.001043857278
4812	0.001727214846
4813	0.001842646787
4814	0.001520220342
4815	0.0004712831023
4816	3.869955881e-05
4817	0.0006053293613
4818	0.002973890315
4819	0.0001798194056
4820	0.004495688303
4821	1.362397803e-07
4822	3.542234307e-06
4823	0.0003042131134
4824	0.001138793964
4825	0.0008011897882
4826	0.001584727123
4827	6.993642158e-06
4828	0.001893783861
4829	0.001749625478
4830	0.009593635468
4831	1.725703907e-06
4832	3.950953677e-06
4833	5.722070848e-06
4834	4.632152602e-06
4835	0.004826950716
4836	0.00283394773
4837	0.00367273569
4838	3.446866487e-05
4839	0.004511847256
4840	0.005055672167
4841	0.003137392755
4842	0.002291687403
4843	0.0005211064236
4844	0.002578619417
4845	0.002627499429
4846	0.004214045857
4847	0.005180749359
4848	0.003011148537
4849	0.002062472677
4850	0.001039292391
4851	0.001461205254
4852	0.003557755976
4853	0.0001525059283
4854	6.265083664e-06
4855	0.002618955727
4856	0.002433076112
4857	0.001322684908
4858	0.001026798428
4859	0.001952407155
4860	0.005096599501
4861	0.006166178117
4862	0.001048108102
4863	1.389645774e-05
4864	0.002064603606
4865	0.0003975450678
4866	0.00569061492
4867	0.001395908045
4868	0.002072762302
4869	0.003593944328
4870	0.002839644171
4871	0.0004005208178
4872	0.004051703784
4873	0.006163922752
4874	0.00218625504
4875	0.0007160740692
4876	0.0002226302329
4877	0.003354354546
4878	0.001030942068
4879	3.542234334e-06
4880	8.174386887e-07
4881	0.0004902131279
4882	0.003126623262
4883	0.0009636950354
4884	0.004051258884
4885	0.002107696797
4886	0.001825351415
4887	0.001159877252
4888	0.0002045144768
4889	0.002545594396
4890	0.00193335774
4891	0.0003668905483
4892	0.001838022415
4893	0.002373136651
4894	0.00192985995
4895	0.0004975038788
4896	0.001910727715
4897	0.004825038506
4898	0.0007095528783
4899	0.004885943944
4900	0.0006991342613
4901	3.024523158e-06
4902	0.001354088696
4903	0.001539365362
4904	8.280797389e-05
4905	1.135331496e-05
4906	0.004916437329
4907	1.573382386e-05
4908	5.858310658e-06
4909	0
4910	0.001858559417
4911	0.001198102991
4912	0.001478950809
4913	0.0004135264843
4914	0.002064325563
4915	0.000414088261
4916	0.0008252497945
4917	0.004229777084
4918	0.003196341231
4919	0.001511850894
4920	0.001247311125
4921	1.362397611e-07
4922	0.001963645729
4923	0.004873762941
4924	0.001417540731
4925	1.14441417e-05
4926	9.80926428e-06
4927	1.362397867e-06
4928	1.362397867e-06
4929	0.002260976478
4930	0.0002101328562
4931	0.002202378596
4932	0.0009003991227
4933	0.0002512591251
4934	0.001954421313
4935	0.001778065363
4936	0.005769526003
4937	0.002536720373
4938	0.0002736889537
4939	0.0002284619734
4940	6.811989095e-06
4941	6.811989095e-06
4942	0.0008203686774
4943	0.00254644347
4944	0.0001222334223
4945	0.004984705665
4946	0.003543639052
4947	0.001534967918
4948	0.006094978646
4949	0.0007803232271
4950	0.002045381737
4951	0.003569739668
4952	0.0001476720221
4953	0.004943811788
4954	0.001871874488
4955	0.002138143621
4956	0.00270064262
4957	0.001814220867
4958	0.0005101918394
4959	0.002589694001
4960	0.0006122402302
4961	0.0008721579716
4962	0.0002640257092
4963	0.0002818442688
4964	0.0009231410149
4965	0.0009459177495
4966	0.0006023649095
4967	0.0002081318978
4968	0.0001588613921
4969	0.003019306933
4970	0.002313276237
4971	0.004431303218
4972	0.001444878019
4973	0.001866566652
4974	7.270339552e-05
4975	0.00185985368
4976	0.007413287177
4977	0.001444380175
4978	0.004304457476
4979	0.0009451825872
4980	1.210263394e-05
4981	0.003996367698
4982	0.001548721328
4983	0.005592709932
4984	0.00115263365
4985	0.004576289134
4986	0.0008753013012
4987	0.0001766508302
4988	0.002747763701
4989	0.001200088723
4990	0.0003773510564
4991	0.002866827916
4992	0.006476220642
4993	0.0001227495434
4994	0.002408589734
4995	0.001574803246
4996	0.005940208421
4997	0.005274573264
4998	0.0002033200057
4999	0.003097922852
5000	0.0003981430945
5001	0.0006673476803
5002	0.009153221243
5003	0.006170285737
5004	0.006364773708
5005	0.001060215153
5006	0.002654375795
5007	0.002219136257
5008	0.0006469498126
5009	0.002434878287
5010	0.001164388686
5011	0.001082814412
5012	3.542234331e-06
5013	7.084468663e-06
5014	0.001671083681
5015	0.0003931534805
5016	0.001483699591
5017	0.001745754653
5018	0.0006602277378
5019	0.00106340509
5020	0.002574389192
5021	0.0004786271265
5022	0.0009157887725
5023	0.0001889066327
5024	0.00324138099
5025	0.00427925767
5026	0.001362787951
5027	0.001734667345
5028	0.001473709647
5029	0.0006881432487
5030	0.003102114415
5031	0.001442342845
5032	0.00429221754
5033	0.001580801621
5034	0.002023273955
5035	0.000104411055
5036	0.0013366827
5037	0.003030087672
5038	0.001738072592
5039	0.004298328556
5040	0.001800787942
5041	0.007836129806
5042	0.001671461759
5043	0.001173426688
5044	0.0005809131311
5045	0.004385980461
5046	0.0002438384401
5047	0.00198987188
5048	0.001738779254
5049	0.003883386576
5050	0.0005565899917
5051	0.002268191213
5052	0.00409801557
5053	0.0006151988264
5054	0.0004533441047
5055	0.006446260991
5056	0.002126762482
5057	0.003121776822
5058	0.002562459533
5059	0.001440661547
5060	0.003211297566
5061	0.002936819894
5062	0.003812883681
5063	0.0002702161426
5064	1.291553133e-05
5065	0.004035172341
5066	0.001271308763
5067	1.010182992e-05
5068	0.000226582242
5069	0.001410156851
5070	0.003324616063
5071	0.0023079197
5072	0.0006938029223
5073	0.004326042672
5074	0.005515547285
5075	0.0005109212763
5076	0.0002450490507
5077	0.0008038938773
5078	0.0006747855396
5079	0.0009232842295
5080	1.674003594e-05
5081	0.004314593505
5082	0.001897165207
5083	0.0003428886607
5084	0.002195346974
5085	0.0006521635859
5086	0.002366636119
5087	0.001502350434
5088	0.0004325876818
5089	0.0032690572
5090	0.002584203817
5091	0.003116138271
5092	0.001873227275
5093	0.004856461496
5094	0.003251914981
5095	0.0004398617332
5096	0.00314783955
5097	0.007025654508
5098	0.001242167306
5099	0.002037226647
5100	0.0006344315474
5101	0.002041768326
5102	0.001737956883
5103	0.0009356948466
5104	0.002170094271
5105	5.133992295e-05
5106	0.0009674345303
5107	0.001770216686
5108	0.0007318325641
5109	0.00133573612
5110	0.0002207095883
5111	0.001301663701
5112	2.982804363e-05
5113	6.811989104e-06
5114	6.811989104e-06
5115	0.00123661728
5116	4.19387038e-05
5117	3.814713901e-06
5118	3.814713901e-06
5119	1.24866452e-05
5120	0.002705459449
5121	1.498637647e-06
5122	2.99727517e-06
5123	0.002157301808
5124	9.208706369e-05
5125	0.003346123574
5126	0.005819136328
5127	0.001415500881
5128	0.003791957666
5129	2.724795675e-07
5130	2.724795675e-07
5131	0.001003321996
5132	0.002226056846
5133	0.002468621818
5134	0.00226067929
5135	0.003276356385
5136	0.001699786953
5137	9.267640608e-05
5138	0.001070124227
5139	6.271361197e-05
5140	0.003349946848
5141	8.174387155e-07
5142	0.0007624344978
5143	0.0020337265
5144	0.0002900688424
5145	0.002059110735
5146	0.0009574375725
5147	0.003351909273
5148	0.002819240285
5149	4.632172467e-15
5150	4.632172467e-15
5151	0.003042723465
5152	0.00153854427
5153	0.002242504672
5154	0.0003060092011
5155	0.003790664528
5156	0.002535616146
5157	7.084468698e-06
5158	2.452316073e-06
5159	2.452316073e-06
5160	0.0040454471
5161	0.00221060905
5162	0.00228088533
5163	0.002691420228
5164	0.001493970126
5165	0.002690208845
5166	0.007897365166
5167	0.0005852587442
5168	2.867153079e-05
5169	0.001234770635
5170	0.002008967517
5171	0.005337451188
5172	0.001067666952
5173	1.421435053e-05
5174	0.0007667862723
5175	0.00250586005
5176	0.004628179524
5177	0.0008471915903
5178	0.0001229688172
5179	0.003348660988
5180	0.000859529758
5181	0.0007493349237
5182	3.401233876e-05
5183	5.108545851e-05
5184	0.002854579564
5185	8.174386963e-06
5186	1.389645774e-05
5187	0.000191380535
5188	0.0005125170626
5189	0.003483322725
5190	0.002129635271
5191	0.001807830042
5192	0.001137462857
5193	2.2252498e-06
5194	0.003408105733
5195	0.0008666243496
5196	0.0008732235587
5197	0.002897806494
5198	0.00243709973
5199	0.0036850485
5200	0.0009051272049
5201	3.219152129e-05
5202	0.0004383732492
5203	0.002314156621
5204	0.001657808225
5205	0.002168277072
5206	0.004046609923
5207	0.002640286329
5208	0.0003493677756
5209	0.01268954707
5210	0.001163713337
5211	0.004440512557
5212	0.003051359202
5213	0.0008269675725
5214	0.001473172772
5215	0.001810561416
5216	0.0005866264695
5217	0.002073946239
5218	0.002125479844
5219	0.001255287479
5220	0.006079888849
5221	0.005200633369
5222	0.0001611733859
5223	0.002123227346
5224	0.001152283037
5225	0.001235830559
5226	0.001502740183
5227	0.001788716556
5228	0.005569993397
5229	0.002977052899
5230	0.002373983585
5231	0.004016517859
5232	0.0007925278258
5233	0.001303955765
5234	0.002344704577
5235	0.004957379155
5236	0.008638751951
5237	0.0001105592446
5238	0.003103899487
5239	0.001439351342
5240	0.005149041001
5241	0.001104955028
5242	6.496070209e-06
5243	0.0005011572833
5244	0.001447121842
5245	0.002311238113
5246	0.004877060887
5247	0.0008871244057
5248	0.004204501718
5249	0.003574380566
5250	0.001016619416
5251	0.0022216523
5252	2.138964577e-05
5253	1.117166214e-05
5254	6.130790189e-06
5255	0.003214483687
5256	0.001175462062
5257	0.00460632025
5258	9.988113762e-06
5259	0.007038841609
5260	0.0002053218944
5261	0.002984513098
5262	0.005752763622
5263	0.0009686505261
5264	0.002400276395
5265	0.0008892633111
5266	0.001298087063
5267	0.001111029755
5268	0.000114895068
5269	0.00126834006
5270	0.0001000175214
5271	0.0004455902077
5272	0.0005393165689
5273	1.117166213e-05
5274	1.117166213e-05
5275	0.001737561104
5276	0.001932936883
5277	0.0003575953654
5278	0.000422761851
5279	0.0009912794749
5280	0.0007032306619
5281	0.001284490262
5282	0.001373489345
5283	0.003122648311
5284	0.002146543251
5285	0.0007381750636
5286	0.005482906881
5287	0.003213147582
5288	0.002934527986
5289	0.002492047947
5290	4.254505697e-05
5291	0.001169056338
5292	0.0004551852357
5293	0.001481047237
5294	0.0002968792196
5295	0.0009820959826
5296	0.001276737093
5297	0.002066751503
5298	0.003534087124
5299	3.215258853e-05
5300	0.0005624852367
5301	0.002546261647
5302	0.002373656417
5303	2.861035437e-06
5304	0.00195201687
5305	0.001966268311
5306	0.0003889488991
5307	0.005798429436
5308	0.0001637044066
5309	0.001636126374
5310	0.002699260073
5311	0.0008768845669
5312	0.001007780778
5313	0.00116148682
5314	3.405994553e-06
5315	0.001249539861
5316	0.0003994091601
5317	0.002121320969
5318	0.003666456354
5319	8.174386916e-07
5320	8.174386916e-07
5321	0.001533832391
5322	0.0002723606122
5323	0.001413147007
5324	0.007933908208
5325	0.001848352768
5326	0.009834312197
5327	0.001153975878
5328	0.002839031321
5329	0.0007102797148
5330	9.839743965e-05
5331	0.00106952614
5332	0.0004272295022
5333	0.0006012421876
5334	5.994550407e-06
5335	5.994550407e-06
5336	0.003385131877
5337	0.0005826198892
5338	0.002917620198
5339	0.005133915802
5340	5.7220708e-06
5341	0.001418929696
5342	0.00232493539
5343	0.001339844592
5344	0.01070910641
5345	7.356948267e-06
5346	7.356948267e-06
5347	0.006234926402
5348	0.00194604557
5349	0.0003519812704
5350	6.105986213e-05
5351	0.0009963257209
5352	0.0008764164549
5353	0.001308547207
5354	0.0003248069215
5355	9.400544914e-06
5356	0.001132761577
5357	0.003546545367
5358	0.003888050231
5359	0.001323490898
5360	0.001354070582
5361	0.000974684252
5362	0.002574435492
5363	5.567665762e-05
5364	0.0002067725898
5365	0.006567093925
5366	0.0002512842426
5367	0.0008937100203
5368	0.003986054459
5369	0.002846058191
5370	0.003596384078
5371	0.001058674174
5372	0.002445645598
5373	0.007437813348
5374	0.002145056024
5375	0.003052716351
5376	0.0003380877467
5377	0.002260286911
5378	0.0009519480394
5379	0.0006538214057
5380	0.002665702678
5381	0.001099876101
5382	0.001701047406
5383	0.0004787159844
5384	8.745981767e-05
5385	0.004794833252
5386	0.005309275182
5387	0.004671994278
5388	0.0004361511691
5389	0.002147580221
5390	0.0006891264309
5391	0.007030141755
5392	0.0006779375299
5393	0.001578952552
5394	0.0003304313641
5395	0.002232509684
5396	0.0007188324639
5397	0.0005773073246
5398	0.001276441363
5399	0.001571392411
5400	0.0006444679039
5401	0.003816665115
5402	1.226158043e-06
5403	0.002623886597
5404	0.003475160326
5405	0.001695353536
5406	0.006068574284
5407	0.0001224350066
5408	0.000720925112
5409	0.001571215177
5410	4.150772021e-05
5411	0.002361032286
5412	0.001387172218
5413	0.002830522254
5414	0.0008376529858
5415	0.00323642913
5416	0.00545435064
5417	0.002736428961
5418	0.0002603850638
5419	0.001471813965
5420	0.005546855359
5421	0.0009845176634
5422	0.001525350267
5423	0.001676086556
5424	0.001734722076
5425	0.0005244135106
5426	0.00117596554
5427	0.002344336703
5428	0.001708925968
5429	5.858310625e-06
5430	0.0007226223278
5431	0.002152683808
5432	0.007687314134
5433	0.001660919888
5434	0.004811716037
5435	1.607629428e-05
5436	1.607629428e-05
5437	0.002305208648
5438	0.0006359046099
5439	0.0001720342434
5440	2.452316072e-06
5441	2.452316072e-06
5442	0.00982969025
5443	0.001599799789
5444	0.0005751219347
5445	0.00164186328
5446	0.001162341422
5447	2.724795603e-06
5448	0.0004887387596
5449	0.0007070169492
5450	3.547474224e-05
5451	0.002019583725
5452	0.0008269381253
5453	1.362397822e-06
5454	1.362397822e-06
5455	0.001431715837
5456	8.855585826e-06
5457	0.0009073097317
5458	0.0001158707347
5459	0.003015577173
5460	5.44952538e-15
5461	0.002119127518
5462	0.002372103021
5463	0.002617084442
5464	0.001215836787
5465	0.0001645184047
5466	0.002227365035
5467	0.004530998156
5468	0.00493656678
5469	0.004939101716
5470	2.179836515e-05
5471	0.004962993979
5472	0.006055126064
5473	0.00555634452
5474	0.001158051524
5475	0.0002778761933
5476	0.0002887660161
5477	0.002920269354
5478	0.001780475238
5479	0.0002449110201
5480	0.008668123245
5481	0.0006488569029
5482	0.0006408497395
5483	0.008517620969
5484	0.001285479068
5485	0.003786233542
5486	0.003109713648
5487	0.0005356695878
5488	0.002051723915
5489	0.0003097106943
5490	0.004181780105
5491	0.003919110568
5492	0.001088563837
5493	0.001144455336
5494	0.002172471434
5495	0.003240608633
5496	0.0003214822887
5497	0.0005770973086
5498	0.0006688325775
5499	0.001131777227
5500	0.0001661293395
5501	0.00529564796
5502	0.002726371011
5503	0.0005383497323
5504	0.005547141323
5505	0.0004857409244
5506	0.001841606474
5507	0.001087567148
5508	0.000840180765
5509	0.001077874273
5510	0.00880516368
5511	0.0005662969023
5512	0.0003529227358
5513	0.001044417034
5514	6.811989097e-07
5515	0.002657288955
5516	0.00500971928
5517	0.001811422026
5518	4.359673022e-06
5519	4.359673022e-06
5520	9.454643351e-05
5521	0.002548530797
5522	0.0006757293297
5523	1.634877388e-06
5524	1.634877388e-06
5525	0.0003534459928
5526	6.3720179e-05
5527	0.003972360657
5528	0.0004587529079
5529	0.00360012672
5530	0.003066093081
5531	0.004254051047
5532	0.0006021206508
5533	0.006444572376
5534	0.0006819933758
5535	0.004768549199
5536	0.003687538012
5537	0.00731243904
5538	1.825613079e-05
5539	0.001922712481
5540	0.001372169846
5541	0.001523833774
5542	0.00239327829
5543	0.002205950733
5544	0.001609703889
5545	0.003067150525
5546	0.004390997229
5547	5.85831067e-06
5548	0.002071197911
5549	0.002868733605
5550	0.00272475061
5551	9.536784708e-07
5552	0.00600458904
5553	5.449591313e-07
5554	5.449591313e-07
5555	0.008582532069
5556	0.001469590369
5557	0.002778733758
5558	0.0004302664285
5559	3.133515033e-06
5560	0.003611699459
5561	0.004766979003
5562	0.008491835316
5563	0.002647596838
5564	0.001037540105
5565	0.003496402797
5566	0.002492075799
5567	0.002084520965
5568	0.003876518996
5569	0.003038403144
5570	0.000920798134
5571	0.0004339702597
5572	0.001596880641
5573	1.089918252e-06
5574	1.089918252e-06
5575	6.403269752e-06
5576	0.00176191066
5577	0.0003275410104
5578	2.997275203e-06
5579	2.997275203e-06
5580	0.000447605168
5581	0.008475855011
5582	0.001468615973
5583	0.002708320864
5584	0.0041406606
5585	0.004887824704
5586	0.0003446046537
5587	0.004357628965
5588	0.003778704016
5589	0.0007944025754
5590	2.070844687e-05
5591	1.771117166e-05
5592	0.004448008353
5593	0.005254651839
5594	0.004558251407
5595	0.004104416656
5596	0.001230158151
5597	0.0002350148532
5598	0.002022394317
5599	0.001533146217
5600	0.002147697233
5601	0.0005223034304
5602	0.0003952960677
5603	0.002745633944
5604	1.280653956e-05
5605	0.00302242812
5606	0.002224976083
5607	7.765667572e-06
5608	0.003670260524
5609	0.003909485682
5610	0.0009314087677
5611	0.002664703481
5612	0.001109089599
5613	0.0004647368863
5614	0.001262104322
5615	1.168340098e-05
5616	0.002326528105
5617	0.003714634284
5618	0.000932079662
5619	0.004844276727
5620	0.001921839379
5621	0.005414244128
5622	0.003880603548
5623	0.005742705494
5624	0.001295995868
5625	0.003450144016
5626	0.00101952589
5627	0.008028890199
5628	0.001008407398
5629	0.0002068594404
5630	1.0626703e-05
5631	1.0626703e-05
5632	0.002968985624
5633	3.033930242e-06
5634	2.632671122e-06
5635	0.0008986611188
5636	0.007199131676
5637	0.007413221543
5638	0.005408374444
5639	0.001194934211
5640	0.001077029504
5641	2.724795752e-07
5642	3.569483576e-14
5643	0.001702201726
5644	0.001950160199
5645	1.395861676e-05
5646	8.174386435e-07
5647	0.0005788623944
5648	0.0007747358896
5649	0.00222730893
5650	6.811989141e-06
5651	0.0004885403855
5652	0.0001087048507
5653	0.0002698055756
5654	7.980832927e-05
5655	0.001583451469
5656	0.00155130119
5657	0.005070914857
5658	0.0006383021961
5659	0.001034732259
5660	0.0007874502173
5661	0.003429696307
5662	0.002837756342
5663	0.002843345391
5664	1.693914623e-05
5665	0.0003274457662
5666	0.001362324575
5667	0.001555847462
5668	0.002823993833
5669	0.002225859357
5670	0.0009332556303
5671	0.001063128406
5672	0.0001545179701
5673	0.002676438849
5674	0.004304994157
5675	0.002292151531
5676	0.001161765271
5677	0.002727624406
5678	0.0007519012234
5679	0.001741070265
5680	0.004002407713
5681	0.003875149256
5682	0.008092060054
5683	0.002824925819
5684	0.0008706223482
5685	0.005487729958
5686	0.001913597917
5687	0.003460225446
5688	2.098092646e-05
5689	0.004178997711
5690	0.0006904133012
5691	0.0009970712102
5692	0.005288149669
5693	0.006009606228
5694	9.218445296e-05
5695	0.001539221955
5696	0.004768355221
5697	0.000460455265
5698	2.724795638e-07
5699	9.536784745e-06
5700	0.002414820729
5701	0.002384397864
5702	0.003219402964
5703	0.0009015195503
5704	0.002377033044
5705	5.040871938e-06
5706	0.001703622794
5707	0.002957417193
5708	0.001246693805
5709	0.0003828492121
5710	0.0003938516792
5711	5.628200433e-05
5712	0.0007422607456
5713	0.0007702804357
5714	0.005401044307
5715	0.0003485519364
5716	0.006347358919
5717	0.004775796877
5718	0.0003658433661
5719	7.493188011e-06
5720	0.001259274304
5721	0.004027941034
5722	0.002393089841
5723	0.005709767687
5724	0.0008927284055
5725	0.0009977444039
5726	0.0007788109617
5727	0.0006026866096
5728	0.0006228018197
5729	0.0008762177045
5730	0.0001432306707
5731	0.00126457422
5732	0.0001813766795
5733	0.001735910836
5734	0.0009311263731
5735	0.0008131665667
5736	0.001097752131
5737	0.0009811513969
5738	0.002363367694
5739	2.724795662e-07
5740	2.724795662e-07
5741	0.0003164360268
5742	0.000515434033
5743	0.002998601344
5744	0.001092740456
5745	0.0002854101127
5746	0.001212473157
5747	0.005811020209
5748	0.0009650205248
5749	0.002152379227
5750	0.003638252259
5751	0.002738371505
5752	0.002837371901
5753	0.000686159288
5754	0.001564118996
5755	0.001806496035
5756	0.0001602544999
5757	0.001172042446
5758	0.002548201745
5759	8.712168615e-05
5760	9.187773003e-05
5761	0.000237268844
5762	0.001790060059
5763	0.001137805735
5764	0.003606079242
5765	0.002003468959
5766	0.001592375539
5767	0.003328197194
5768	0.003386375158
5769	2.179836509e-06
5770	0.000831325276
5771	0.0008982252916
5772	5.585831016e-06
5773	5.177111722e-06
5774	1.089918217e-06
5775	0.00754814221
5776	0.001022338062
5777	0.0009881501229
5778	5.253712152e-06
5779	0.0004960065036
5780	1.058128973e-05
5781	0.005498244271
5782	0.001843771922
5783	0.001136224943
5784	0.002312011887
5785	2.588555858e-05
5786	1.171662128e-05
5787	0.001390786764
5788	0.003179213141
5789	0.003304262153
5790	8.738654248e-05
5791	0.0005776853078
5792	0.001201688654
5793	1.771117171e-05
5794	0.001062324512
5795	0.00278461017
5796	0.001550441655
5797	7.220708496e-06
5798	0.004079407415
5799	0.002273457441
5800	0.0005350709097
5801	0.001676814627
5802	0.007341993455
5803	0.002243661825
5804	0.0006907446359
5805	0.0009486424322
5806	0.002422431859
5807	0.0003559199694
5808	0.0008127250447
5809	2.452316084e-06
5810	0.0009235077284
5811	0.0004065798468
5812	5.460049988e-05
5813	0.005042838929
5814	0.002633534542
5815	0.0005371235878
5816	0.0001536106944
5817	0.0007147314118
5818	0.0002480540098
5819	0.0005625367508
5820	0.001504291227
5821	1.081359351e-05
5822	0.001646038026
5823	0.001145647117
5824	0.001949184204
5825	9.809264319e-06
5826	5.994550361e-06
5827	0.005202193853
5828	0.0004015679561
5829	3.814713943e-06
5830	0.0004772781359
5831	0.001373925023
5832	0.001583749871
5833	0.003104424338
5834	0.001247840098
5835	0.001807961129
5836	1.634877382e-06
5837	0.003585007778
5838	0.007546766112
5839	0.003960674234
5840	0.00227607517
5841	9.225598357e-05
5842	0.00294662261
5843	0.004951540564
5844	0.001554914917
5845	0.003227092106
5846	0.002230116913
5847	0.005411538901
5848	0.0002253692751
5849	0.002045508727
5850	0.001801537061
5851	1.695243837e-05
5852	0.000829644875
5853	0.0009986864929
5854	0.003154124992
5855	0.007008667695
5856	0.001002824092
5857	0.001482333036
5858	0.001931535104
5859	0.004076282262
5860	0.0005454664886
5861	0.004000754887
5862	0.0001392072806
5863	0.0006922384944
5864	0.0001803860821
5865	0.00191003495
5866	2.997275157e-06
5867	1.63487742e-06
5868	0.001282079767
5869	0.0005317835945
5870	0.003389919292
5871	0.0008812660628
5872	0.0002629925677
5873	0.002634544886
5874	0.002047195516
5875	0.0006369802414
5876	0.001458846102
5877	0.001640053971
5878	0.002046519906
5879	0.004989003469
5880	0.00045950448
5881	0.002496057672
5882	0.007161584038
5883	4.632152589e-06
5884	4.087193507e-06
5885	4.087193507e-06
5886	0.002311188619
5887	0.007473588461
5888	0.001892350298
5889	6.857402401e-06
5890	0.002273365858
5891	1.376021799e-05
5892	0.0007538577339
5893	0.001656204565
5894	0.00192734924
5895	0.0005987097311
5896	0.001427379517
5897	9.536784729e-06
5898	5.449591308e-07
5899	0.002663613448
5900	0.005693478855
5901	0.001054290959
5902	0.0006217222322
5903	0.00141423157
5904	0.002081660422
5905	4.941911425e-05
5906	0.0003025070016
5907	0.0008173131298
5908	0.001431709076
5909	0.003650525218
5910	0.0005376984646
5911	0.00303698908
5912	0.002294489362
5913	0.001927603304
5914	0.001468811774
5915	0.004284467096
5916	0.007618543491
5917	1.757493188e-05
5918	7.064562531e-05
5919	0.006330472843
5920	0.0009187734087
5921	0.003323578335
5922	0.00338846602
5923	0.005615607418
5924	0.000319267955
5925	0.001257636683
5926	0.003889611194
5927	0.004471218498
5928	0.0007897057566
5929	0.0005444722427
5930	0.001532925195
5931	0.002598284665
5932	0.003888032329
5933	0.0005123837003
5934	0.0003346413637
5935	0.0002222376651
5936	0.0009866520125
5937	0.005731995489
5938	0.005545934603
5939	0.0003914163741
5940	0.002981063443
5941	0.002447218914
5942	0.002939649359
5943	0.004177437805
5944	0.003894238703
5945	0.0006544267764
5946	0.000337760185
5947	0.004730034977
5948	0.00418206141
5949	0.0004437593391
5950	0.0006559494014
5951	0.0005880673373
5952	0.003518430386
5953	0.002161327067
5954	4.223433255e-06
5955	0.003308375056
5956	6.811989099e-06
5957	0.004829461327
5958	0.004943618952
5959	0.003361032284
5960	0.00190924701
5961	1.907356982e-06
5962	3.814713894e-06
5963	0.002586467142
5964	0.0009444369184
5965	0.0005958649158
5966	0.003825202162
5967	0.001134801605
5968	0.0002164569051
5969	0.003190275835
5970	0.0006706596736
5971	0.001889074841
5972	0.001167549805
5973	0.005474573779
5974	0.001021394411
5975	0.0001291319333
5976	0.002886496618
5977	0.001210262017
5978	0.006026198411
5979	0.003713248985
5980	0.002979525389
5981	0.007730176762
5982	0.005163167582
5983	2.184692446e-05
5984	0.001256673898
5985	0.007250773859
5986	0.001030141639
5987	0.002144487522
5988	0.002903401933
5989	0.0008759966778
5990	0.001166142384
5991	0.002146732123
5992	0.001171042339
5993	0.004935580333
5994	0.0001004785622
5995	0.0002577763641
5996	6.811989103e-06
5997	0.0001992167829
5998	3.405994571e-05
5999	7.497729332e-05
6000	0.002603510171
6001	4.209963693e-05
6002	0.0008465625135
6003	6.56472883e-05
6004	0.0008267046728
6005	0.004690135214
6006	9.337205453e-05
6007	1.771117167e-05
6008	4.554334493e-05
6009	6.811988817e-07
6010	0.002081622393
6011	0.001979850235
6012	0.001656492217
6013	7.226565767e-06
6014	0.0005650604752
6015	0.001319506984
6016	0.000507516854
6017	0.006037606375
6018	0.00127486204
6019	0.001835353849
6020	1.907356945e-06
6021	1.907356945e-06
6022	0.004135651105
6023	0.001873595758
6024	0.001339036788
6025	0.0003801053524
6026	2.942779277e-05
6027	0.002196227793
6028	0.00219763844
6029	0.0004901911775
6030	0.003435734995
6031	0.001031071528
6032	0.002619988883
6033	0.003365728961
6034	0.001647888952
6035	0.002693691825
6036	0.001692587852
6037	1.500908269e-05
6038	0.001997945205
6039	0.0007791749145
6040	6.857402339e-06
6041	0.007284011393
6042	7.528299829e-05
6043	0.0004703827897
6044	0.004602265438
6045	0.00267116942
6046	0.0001918687569
6047	0.004100704635
6048	8.855585831e-06
6049	1.498637605e-05
6050	0.004195819811
6051	0.001273861377
6052	2.05892782e-05
6053	0.0002605319738
6054	0.0008418752089
6055	0.001185614099
6056	0.002211195433
6057	0.0007031350965
6058	0.004473215139
6059	3.69209809e-05
6060	0.002647794815
6061	0.0001395713705
6062	0.001311780407
6063	0.003192895068
6064	0.003889092369
6065	0.0005687829171
6066	0.001453952492
6067	0.001848450266
6068	0.001178636444
6069	0.0005075364964
6070	8.174386926e-07
6071	8.174386926e-07
6072	0.000647063978
6073	8.401453226e-07
6074	0.001877942825
6075	0.005815311288
6076	0.001724123885
6077	0.007360355246
6078	4.632152596e-06
6079	4.632152596e-06
6080	0.0002575932035
6081	0.0004796590097
6082	0.0007225694238
6083	0.0006076470052
6084	0.001099209589
6085	3.410535879e-05
6086	4.904632149e-06
6087	4.904632149e-06
6088	7.833475903e-05
6089	0.004777385553
6090	0.001983988418
6091	0.002012021887
6092	0.006872744503
6093	0.00221207399
6094	0.000496704526
6095	1.680237018e-05
6096	0.000155851132
6097	0.004264334167
6098	0.001045986237
6099	1.961852859e-05
6100	0.0006908299887
6101	0.0005877384214
6102	0.004529918195
6103	0.001870651439
6104	6.267029973e-06
6105	0.0009675837657
6106	0.005247331448
6107	0.001168304491
6108	0.00423488431
6109	0.0003744478007
6110	0.00163205142
6111	0.001747800054
6112	0.001056937227
6113	0.002445078104
6114	0.001126126426
6115	1.757493188e-05
6116	0.002673217718
6117	1.634877375e-06
6118	1.400999087e-05
6119	0.0005429271093
6120	0.001718611305
6121	3.8147139e-06
6122	0.002018071212
6123	0.0006978716433
6124	0.0003019127981
6125	0.005262659595
6126	0.0006777975727
6127	0.005406418374
6128	0.004609780757
6129	0.003925472412
6130	0.00322479764
6131	0.005431828446
6132	0.002414292913
6133	0.0001147162114
6134	0.003825511005
6135	0.0002952073206
6136	0.0009993483241
6137	0.001429902737
6138	0.0001096513208
6139	2.724795615e-07
6140	0.002196719644
6141	0.001153367659
6142	0.003679060685
6143	0.005089325646
6144	0.001460857198
6145	1.634877388e-06
6146	1.77111717e-06
6147	0.002918235315
6148	0.002707276027
6149	0.0008576048717
6150	0.001382296387
6151	1.226158038e-06
6152	0.001486725403
6153	0.001802000797
6154	0.0005593008839
6155	0.0009720659076
6156	0.0003271863338
6157	0.0003744387152
6158	0.0003776336108
6159	0.003440217633
6160	0.0005329607818
6161	0.002312574207
6162	0.0002806300158
6163	0.0001569229544
6164	0.003090106668
6165	0.0005819065112
6166	0.006131569871
6167	0.003346403354
6168	0.002017766124
6169	0.001289698675
6170	0.0003738346093
6171	0.0006198659264
6172	0.001759927805
6173	0.0003219540206
6174	0.002957481272
6175	0.0003765903135
6176	2.179836519e-06
6177	6.539509584e-06
6178	0.0004903019981
6179	0.002088195464
6180	0.0001640191086
6181	0.0003885646991
6182	0.001564634129
6183	1.861943311e-06
6184	4.768392321e-06
6185	0.0008926304254
6186	0.003744046957
6187	1.825613079e-05
6188	0.0001035910945
6189	0.001393148075
6190	0.002034542208
6191	0.0005642293905
6192	0.0003834758942
6193	0.003876625789
6194	0.0001240210705
6195	0.001409117807
6196	0.00125233171
6197	0
6198	0.002324489484
6199	0.005924009823
6200	0.009152497127
6201	0.003172110084
6202	0.0003078686042
6203	0.004323328941
6204	8.17438692e-07
6205	0.0004549838288
6206	0.001124686663
6207	0.00118438944
6208	0.0004232903703
6209	0.001830768911
6210	0.00213910574
6211	3.84423252e-05
6212	0.001518992311
6213	0.0008509745052
6214	0.003133368973
6215	0.00335707478
6216	0.0008599682469
6217	8.343055016e-05
6218	1.389645776e-05
6219	0.001056579003
6220	0.005537208759
6221	0.004630233386
6222	0.0003691426549
6223	0.003985249992
6224	0.002413070224
6225	0.0005798656696
6226	0.002462066034
6227	0.003138080646
6228	0.0005627126347
6229	0.001828597989
6230	0.000606535351
6231	0.0001433971271
6232	0.003525256874
6233	1.362397812e-07
6234	0.0004136075127
6235	0.002222667842
6236	0.0003735584989
6237	0.001001270733
6238	0.006322273396
6239	0.00237840436
6240	8.17438692e-06
6241	1.198910082e-05
6242	2.45231609e-06
6243	0.0005915136585
6244	0.002310323189
6245	0.0004652564277
6246	0.002517523584
6247	0.005210614136
6248	0.003871942872
6249	5.449591315e-07
6250	5.449591315e-07
6251	0.0003920809937
6252	0.002418211818
6253	0.0001211642014
6254	0.004319355755
6255	2.861035398e-06
6256	0.001616257229
6257	0.004474467456
6258	0.001220683163
6259	0.002942675667
6260	0.001053962366
6261	0.002978171402
6262	0.001804628257
6263	0.004594512304
6264	0.001307589119
6265	3.269754764e-06
6266	1.634877379e-06
6267	1.634877379e-06
6268	0.005067061815
6269	0.003032369476
6270	0.003901323695
6271	0.002302880939
6272	0.006085346561
6273	0.003451523541
6274	1.344232516e-05
6275	0.000237943978
6276	0.00130028347
6277	0.001327200833
6278	1.007712259e-05
6279	7.089009995e-05
6280	0.0009922506966
6281	0.001898224043
6282	0.0006528303332
6283	0.0001869323924
6284	0.0006680767813
6285	4.200726603e-06
6286	0.001442896494
6287	0.002243698131
6288	0.002947945204
6289	0.002937238356
6290	0.003432497318
6291	0.003411443143
6292	0.002091049622
6293	0.001632489218
6294	3.167199855e-05
6295	0.001486767774
6296	0.0007591820156
6297	0.0008826038201
6298	0.001258703697
6299	0.0001427334008
6300	0.001792780824
6301	0.003283468862
6302	0.003673326534
6303	0.002807497467
6304	0.001221810318
6305	0.002160470953
6306	0.0005937093424
6307	0.0008393725037
6308	0.000427897121
6309	0.0004975830573
6310	1.634877385e-06
6311	1.634877385e-06
6312	0.0009150623653
6313	0.001093026208
6314	0.0005887647411
6315	0.001745039466
6316	0.001683548883
6317	0.001263625157
6318	1.049046319e-05
6319	0.0007772699287
6320	0.001864124672
6321	0.0003029348672
6322	0.00121384271
6323	0.001225912953
6324	0.0003644860404
6325	0.001400851806
6326	0.004069341221
6327	0.003408737213
6328	0.002205659554
6329	5.643844464e-05
6330	0.001333896283
6331	0.0009659977639
6332	0
6333	0.0004735856142
6334	0.002748429655
6335	0.001408427519
6336	0.001838954163
6337	0.004257621736
6338	0.0008127656059
6339	0.0003899353129
6340	1.907356967e-06
6341	1.907356967e-06
6342	0.003034956411
6343	0.002682384405
6344	0.0005788584891
6345	5.449591278e-07
6346	5.449591278e-07
6347	0.001005943634
6348	0.001161950645
6349	0.0005354935276
6350	0.002691341334
6351	0.000171349165
6352	0.002159344273
6353	0.00214965473
6354	0.001211107561
6355	0.003403285037
6356	0.000468337149
6357	0.0006476425103
6358	0.002099763694
6359	0.002332256406
6360	0.008106416632
6361	4.359673024e-06
6362	4.359673024e-06
6363	0.002167657995
6364	0.0001017257039
6365	0.0005788892515
6366	0.003203614008
6367	0.001131888682
6368	3.428054052e-05
6369	0.003144357632
6370	3.542234335e-06
6371	3.542234335e-06
6372	0.0004026990687
6373	0.001373705997
6374	0.003754028122
6375	0.001634051875
6376	0.0004389215879
6377	0.0008089372019
6378	1.089918256e-06
6379	0.001024911688
6380	0.002786856654
6381	0.004116228933
6382	0.005895748481
6383	0.001445710218
6384	0.000666987346
6385	9.809264305e-06
6386	0.001019560362
6387	0.002038158331
6388	8.174386958e-06
6389	3.542234361e-06
6390	0.0003737422344
6391	0.0001702804202
6392	0.002503550856
6393	0.001513752117
6394	0.001266458778
6395	0.002007012984
6396	0.001022705799
6397	7.656607564e-05
6398	1.362398256e-07
6399	5.722070843e-06
6400	0.000875243871
6401	0.002553229318
6402	0.001127058778
6403	2.43350201e-05
6404	1.089918256e-06
6405	1.089918256e-06
6406	0.002167835854
6407	0.001268646249
6408	0.001504671135
6409	0.001939489882
6410	7.65667575e-06
6411	4.666751425e-05
6412	0.002314225278
6413	0.004228614034
6414	0.001701345357
6415	0.0008202124798
6416	0.0009854740031
6417	0.002685413037
6418	0.005622740235
6419	0.002101943316
6420	0.002081668493
6421	0.00176665808
6422	0.0001509229939
6423	0.001498860649
6424	0.002252028632
6425	0.002331232893
6426	5.90372385e-06
6427	0.001183827282
6428	0.0047707131
6429	0.008080165836
6430	0.0009422292955
6431	1.226158039e-05
6432	0.003216295579
6433	0.0008314672464
6434	0.001063546737
6435	0.0005194739961
6436	5.177111713e-06
6437	5.177111713e-06
6438	0.006109854532
6439	0.001154879619
6440	0.004209436088
6441	3.269754736e-06
6442	3.269754736e-06
6443	2.140461864e-05
6444	0.001952855449
6445	0.003088653883
6446	0.001274245409
6447	0.0009178132754
6448	0.002983173588
6449	0.004595992491
6450	4.495912809e-06
6451	0.00122872287
6452	0.003088355334
6453	0.00147611913
6454	4.268846503e-06
6455	0.0002286139514
6456	0.0007118790725
6457	0.0008615635503
6458	0.003436571793
6459	0.00144909489
6460	0.001350127058
6461	0.002651800771
6462	4.155500477e-05
6463	0.001132721576
6464	0.0002956080372
6465	0.0006374514848
6466	0.0004019003444
6467	0.0009577900569
6468	0.004500301295
6469	1.529252391e-06
6470	0.004931659814
6471	0.006940021788
6472	0.001936697349
6473	0.001084036888
6474	0.002827625765
6475	0.002704467187
6476	0.0009608267554
6477	2.861035419e-06
6478	2.72479545e-07
6479	0.0009755882099
6480	0.002488684074
6481	0.001411216298
6482	0.0004069331247
6483	0.00799685736
6484	0.004782993943
6485	0.000822884621
6486	1.634877337e-06
6487	0.00120903692
6488	0.002232455979
6489	0.002052839009
6490	2.765667577e-05
6491	0.005000973657
6492	5.449591266e-06
6493	0.003642984434
6494	5.991955921e-05
6495	0.001947914395
6496	0.0003447357256
6497	0.003712053164
6498	0.003225001953
6499	5.313351502e-06
6500	1.008174387e-05
6501	5.226892307e-05
6502	0.004877979798
6503	0.001665301411
6504	6.811989098e-06
6505	6.811989098e-06
6506	1.771117164e-05
6507	0.000409211019
6508	0.007882603901
6509	0.001191677871
6510	0.00165296064
6511	0.0008406299153
6512	0.001620232072
6513	0.002177178769
6514	0.002360336838
6515	0.00103667567
6516	0.00233383439
6517	0.0008579877862
6518	0.0005668564004
6519	4.359673028e-06
6520	4.359673028e-06
6521	0.0001599317389
6522	0.0003513811813
6523	0.005022300744
6524	0.001590015799
6525	1.294277929e-05
6526	0.004646776579
6527	0.001305129165
6528	0.0002141107049
6529	0.0001453250484
6530	0.004381586113
6531	0.005660558018
6532	0.002478388491
6533	0.001712004668
6534	0.0008041574672
6535	0.0009155484626
6536	0.002072038291
6537	0.0005136641497
6538	0.001807708073
6539	0.002238868948
6540	0.001195429266
6541	0.003190982799
6542	0.007780988742
6543	0.0006863421982
6544	0.0001874124573
6545	0.004014875282
6546	0.002281592463
6547	5.709052791e-05
6548	1.498637574e-06
6549	2.270663031e-06
6550	0.0007305017012
6551	0.002991924204
6552	1.88010899e-05
6553	0.004506816021
6554	0.0004372072835
6555	0.001119048891
6556	0.009625883794
6557	0.004625188848
6558	0.003441212603
6559	0.001495429222
6560	0.001232165684
6561	0.0008214905365
6562	2.452316038e-06
6563	0.0010968019
6564	7.08446867e-06
6565	7.08446867e-06
6566	0.004120376759
6567	0.00328312885
6568	0.001044367721
6569	0.0002062564684
6570	0.0006181133745
6571	0.0006254262727
6572	1.021798365e-05
6573	0.00071594159
6574	0.006397890338
6575	0.004504832673
6576	0.001369467398
6577	0.00185494369
6578	4.495912809e-06
6579	1.348773842e-05
6580	0.001044878279
6581	0.0002758574208
6582	0.0004920406959
6583	0.001866424329
6584	0.001984643782
6585	0.001799399275
6586	0.008007376972
6587	1.36239782e-06
6588	1.36239782e-06
6589	0.0006377150485
6590	0.001691909602
6591	0.000163748138
6592	0.002569083346
6593	0.0004053529149
6594	0.006313549239
6595	0.00237407314
6596	1.771117171e-06
6597	0.0002255846335
6598	0.001143428383
6599	0.001276009789
6600	0.0001723691869
6601	0.003753600635
6602	0.00400477642
6603	0.001388937053
6604	0.002535080899
6605	0.0002676884113
6606	0.001098380161
6607	0.001020327394
6608	0.0004713192743
6609	0.001629152916
6610	0.0001590196597
6611	2.724795645e-06
6612	2.724795645e-06
6613	9.345680125e-06
6614	0.003883279268
6615	5.503261196e-05
6616	0.004933674707
6617	0.0034168979
6618	0.0009829978549
6619	0.0004795401135
6620	2.752043593e-05
6621	0.002685989525
6622	8.408068435e-05
6623	2.084468667e-05
6624	0.002164356878
6625	0.001536774329
6626	2.452317083e-16
6627	0.0001074130657
6628	0.001724805542
6629	0.002544318778
6630	0.005085975453
6631	7.356948231e-06
6632	7.356948231e-06
6633	0.005637180517
6634	4.93074452e-05
6635	0.002915892994
6636	0.001579290968
6637	0.002745319133
6638	0.000642166698
6639	1.062670297e-05
6640	1.989100821e-05
6641	0.002071284031
6642	0.003216149497
6643	0.0005811111035
6644	0.000329907315
6645	0.0006817636175
6646	0.008024164086
6647	0.002977741616
6648	0.0006370115408
6649	0.007897586962
6650	1.907356964e-06
6651	1.907356964e-06
6652	0.002519996142
6653	0.001873856566
6654	0.00269879929
6655	0.002213290646
6656	0.001002711417
6657	0.005405553596
6658	0.00279607332
6659	0.003127050952
6660	0.0002540264918
6661	0.007687456179
6662	0.003211207056
6663	0.0002067054892
6664	0.001859851674
6665	0.001204271029
6666	0.002242087024
6667	0.0002483352884
6668	0.001134961556
6669	0.00145538654
6670	0.001855295908
6671	0.004635661013
6672	0.0008134669084
6673	0.006581460973
6674	0.004102524697
6675	0.003054076511
6676	0.001501995426
6677	0.0002363608376
6678	0.001345271929
6679	0.0002743483233
6680	0.002140329602
6681	0.003921648489
6682	0.0002067519505
6683	0.00144531195
6684	0.0006179818645
6685	0.002657410471
6686	0.003470346604
6687	0.002815813297
6688	0.005164575508
6689	0.002139279288
6690	0.002495610762
6691	0.0002963896651
6692	0.0003211004784
6693	0.0003599739284
6694	0.0005785692206
6695	0.001336971599
6696	0.005032133342
6697	0.0003237763469
6698	1.757493188e-05
6699	0.004299542337
6700	0.00185490245
6701	0.005163800943
6702	0.004491487707
6703	0.003160407876
6704	0.004545076173
6705	5.040871937e-06
6706	0.002322714728
6707	0.0001979073685
6708	0.009055510236
6709	0.003101569644
6710	0.00405068051
6711	0.0006976897966
6712	0.004459497405
6713	1.008174387e-05
6714	0.003264935619
6715	0.0009271925806
6716	0.003140142636
6717	0.0002166048205
6718	2.411444145e-05
6719	0.002068858977
6720	0.0004186266131
6721	0.0001605442174
6722	0.0007408564689
6723	0.001102649086
6724	5.449591248e-07
6725	5.449591248e-07
6726	0.001516374607
6727	0.0009983701885
6728	3.405994505e-06
6729	0.0006480003086
6730	0.000978592262
6731	0.003650678828
6732	0.002588099002
6733	0.0001061793194
6734	0.0004858570689
6735	0.002245658507
6736	2.484015422e-06
6737	0.001051671425
6738	0.002428050514
6739	0.0004208865182
6740	2.316076302e-06
6741	0.005836152985
6742	0.0002084701751
6743	0.003832555265
6744	0.003339399671
6745	0.003759329893
6746	6.811989094e-06
6747	0.005387943451
6748	0.005646264561
6749	0.0008049597384
6750	0.001175785557
6751	0.0001753783029
6752	0.0007514464835
6753	0.004297685554
6754	0.001522287074
6755	0.0004701351855
6756	0.0008698232171
6757	0.002196156626
6758	3.814713934e-06
6759	0.0007609338412
6760	0.004340105611
6761	0.0006722599373
6762	0.000309927998
6763	0.004755926262
6764	0.0009807556978
6765	0.0008028338449
6766	0.002405480733
6767	0.004995728456
6768	0.001949066657
6769	0.0003039015099
6770	0.001655806718
6771	0.0009808882401
6772	0.002008530269
6773	1.884650317e-05
6774	8.724290268e-05
6775	0.001359887274
6776	0.003040350521
6777	0.002343776023
6778	0.001147843807
6779	0.0002908357151
6780	0.003669597595
6781	0.003081779675
6782	0.001754427049
6783	0.001098118605
6784	0.003156797119
6785	0.0003639171393
6786	8.094973357e-05
6787	0.002695530535
6788	0.0005211717519
6789	9.667204248e-06
6790	4.918256131e-05
6791	0.0008649451858
6792	4.468310476e-05
6793	0.00302241405
6794	0.0007671657431
6795	0.0008801421492
6796	0.001417932012
6797	0.007337748802
6798	0.000521925774
6799	0.01340521588
6800	0.0002208291812
6801	0.001256561653
6802	0.001341493034
6803	0.001173494246
6804	0.003699948021
6805	0.001704058219
6806	0.004431430728
6807	0.002517499312
6808	0.0008699770416
6809	4.032697548e-05
6810	0.005479231634
6811	0.002172629606
6812	0.002875737668
6813	0.000334636368
6814	4.793897365e-05
6815	0.003417020291
6816	2.316076262e-06
6817	0.0006112246096
6818	8.263450371e-06
6819	0.001867325563
6820	0.003652578887
6821	8.174386921e-06
6822	8.174386921e-06
6823	0.00209139632
6824	0.0006176865202
6825	0.009438782905
6826	0.002493272794
6827	0.001694099323
6828	0.001661208828
6829	0.001316532698
6830	0.0024248495
6831	0.001809756863
6832	0.005776011195
6833	0.0007849553033
6834	8.855585832e-06
6835	0.01272347648
6836	0.005177467853
6837	0.002566344912
6838	0.00112776202
6839	0.002218196521
6840	0.001058284512
6841	0.003774580656
6842	0.001184000143
6843	0.0009787028406
6844	0.001545935803
6845	3.542234304e-06
6846	0.004453532746
6847	0.001605092912
6848	0.005493902971
6849	0.00037373687
6850	0.0008059502312
6851	0.004945597884
6852	0.0002273319255
6853	0.003112171919
6854	0.0008437122352
6855	0.002260738816
6856	9.945504089e-06
6857	0.001856660952
6858	0.003505419976
6859	0.0004247269812
6860	0.006291252291
6861	0.004136477726
6862	0.003144037023
6863	0.001894051427
6864	0.001913663821
6865	0.0003320461998
6866	7.164565034e-05
6867	0.0005836558625
6868	0.0008306717524
6869	0.00166385338
6870	1.416893733e-05
6871	1.089918256e-05
6872	0.0009542965245
6873	6.811989014e-07
6874	0.002541916772
6875	0.003999477891
6876	0.007800580808
6877	0.00102607076
6878	0.001335448598
6879	0.0006970883454
6880	0.001536880255
6881	0.0005191092347
6882	0.0005592248178
6883	0.00130463109
6884	0.001000246349
6885	0.001103869278
6886	0.003639870283
6887	0.001083461094
6888	0.001959089096
6889	4.509536789e-05
6890	0.001272664589
6891	0.001390467206
6892	0.008915076921
6893	0.002007221206
6894	0.0003753212063
6895	0.001079994056
6896	0.0005607781613
6897	0.0007720743324
6898	5.342085836e-05
6899	0.002735574831
6900	0.003421765202
6901	0.0005237166296
6902	0.004577585601
6903	0.001010432621
6904	0.002344882169
6905	0.0002639138757
6906	0.0002817520016
6907	0.00350219078
6908	0.002110199573
6909	0.002731870921
6910	0.007349629351
6911	0.002361333051
6912	0.0001348731437
6913	8.174386916e-06
6914	0.0008267785237
6915	0.0001754268201
6916	0.00119354537
6917	0.001511611749
6918	0.001024997295
6919	5.44959128e-06
6920	0.003203770866
6921	0.005853620413
6922	0.0022580744
6923	0.0003255056102
6924	7.084468686e-06
6925	7.084468686e-06
6926	0.002688493924
6927	0.00149641054
6928	0.0007145071827
6929	0.001033843832
6930	0
6931	0.0038257926
6932	0.002577484569
6933	0.004756242179
6934	0.001323761947
6935	0.00123196408
6936	0.001587054565
6937	0.0009790710915
6938	0.0008334986737
6939	0.004175972408
6940	1.185286099e-05
6941	1.089918261e-06
6942	1.089918261e-06
6943	3.542234377e-06
6944	9.056717703e-05
6945	0.004795460346
6946	0.0006726303186
6947	0.0005126697406
6948	0.004522430435
6949	0.003149109917
6950	0.0008661952939
6951	0.001203583515
6952	0.00330370835
6953	0.009561723503
6954	2.24069028e-05
6955	0.002437081781
6956	0.0006146420106
6957	0.001303707947
6958	0.001729072715
6959	0.001127821412
6960	0.001717855831
6961	1.168204335e-05
6962	1.498637606e-06
6963	0.0002829897692
6964	0.006182573214
6965	3.56039964e-05
6966	4.632152591e-06
6967	4.632152591e-06
6968	0.004259475911
6969	0.000825407001
6970	0.006166221714
6971	0.004989711255
6972	0.0002035101425
6973	0.001108674277
6974	0.0001012956753
6975	0.0006516876944
6976	0.003134581084
6977	0.0001588511143
6978	0.0003234973802
6979	0.001045860512
6980	0.0001959862571
6981	0.003580608983
6982	0.003141388642
6983	0.003886057239
6984	0.00170554909
6985	0.001292707741
6986	0.01510379783
6987	0.0008519752065
6988	0.001382341757
6989	0.005518545126
6990	0.000443246874
6991	0.005600432746
6992	3.378746595e-05
6993	0.008315420569
6994	0.001238611102
6995	0.00144104683
6996	0.0003969158099
6997	0.000847706827
6998	0.001930501661
6999	0.005781774574
7000	0.001348960923
7001	2.548428455e-05
7002	1.144414169e-05
7003	0.0004729228532
7004	0.001065475435
7005	0.006124660346
7006	0.002686299837
7007	1.253405999e-05
7008	0.003718015725
7009	1.600363306e-05
7010	0.001521245727
7011	0.001554779246
7012	0.003479777709
7013	0.001323655136
7014	0.0006872945056
7015	8.446866482e-06
7016	8.446866482e-06
7017	0.002208306382
7018	8.310626742e-06
7019	0.002234823344
7020	0.001885922828
7021	0.0001194612409
7022	0.003763890796
7023	0.001855918472
7024	0.001081423143
7025	0.002774919413
7026	9.809264334e-06
7027	9.809264334e-06
7028	0.001382226822
7029	0.003490447703
7030	0.001495027722
7031	0.002422243722
7032	0.001842862771
7033	0.005495467881
7034	0.003051107035
7035	1.151226156e-05
7036	5.177111713e-06
7037	5.177111713e-06
7038	0.0002304803172
7039	0.001590129823
7040	0.001275987642
7041	0.0006322983506
7042	0.002821443444
7043	0.000267032272
7044	0.004932942324
7045	0.002871226687
7046	0.003360059613
7047	0.0002706541112
7048	0.0006290599523
7049	0.002094743771
7050	0.0001388346511
7051	0.0007106022895
7052	0.0004006861172
7053	0.000632402487
7054	0.001232784494
7055	0.007679569239
7056	0.002719007327
7057	0.001055861355
7058	6.267029969e-06
7059	6.267029969e-06
7060	0.0003251257389
7061	0.0004140883392
7062	0.001363091576
7063	6.153496818e-06
7064	0.001743910032
7065	0.001521555411
7066	0.0001812726068
7067	7.901907361e-06
7068	7.901907361e-06
7069	1.008174386e-05
7070	0.00310033894
7071	1.226158088e-06
7072	0.0003360547624
7073	0.00552684232
7074	0.0005382522281
7075	0.002376727562
7076	0.0007524259331
7077	0.0008396863544
7078	0.0003132706199
7079	0.0008319086814
7080	0.0005799840623
7081	0.002791544028
7082	0.002005434285
7083	0.0008326952355
7084	0.005626990628
7085	0.001217768767
7086	0.001442284685
7087	0.0001598518994
7088	0.002810389158
7089	0.0004610285518
7090	0.0009463693652
7091	0.0002264780001
7092	0.0001974883647
7093	7.485835113e-05
7094	0.001953894412
7095	0.00567950597
7096	0.0009889816649
7097	0.00127527425
7098	0.00167795872
7099	0.0006884366719
7100	1.226158038e-05
7101	1.226158038e-05
7102	2.343324255e-05
7103	0.001576973557
7104	0.0008530152498
7105	1.430517714e-05
7106	0.006697656201
7107	0.0001388792448
7108	0.000310643118
7109	0.0009104442828
7110	0.002087433581
7111	0.001169892337
7112	0.004923450633
7113	0.0007591914135
7114	0.0009400296482
7115	0.002072760223
7116	0.0002576494661
7117	0.006482146319
7118	0.002797519569
7119	0.0003678173462
7120	1.226158038e-05
7121	0.002538689439
7122	0.002540024888
7123	3.678474084e-06
7124	8.174386921e-07
7125	5.17711172e-06
7126	5.17711172e-06
7127	0.0002623071212
7128	0.001672259984
7129	0.002393853318
7130	6.89254231e-05
7131	0.005351485694
7132	0.0007339348047
7133	0.006211047121
7134	5.449591278e-07
7135	5.449591278e-07
7136	0.0004970013554
7137	8.88406246e-05
7138	2.724795657e-07
7139	0.002350127407
7140	0.0001629372219
7141	0.000479908655
7142	0.0009203782552
7143	0.0001764488814
7144	0.0006352213183
7145	0.001195834471
7146	0.002876358575
7147	1.089918235e-06
7148	0.0004313415032
7149	0.001074741605
7150	0.001102976389
7151	0.002126150768
7152	0.003294505673
7153	0.003085713691
7154	0.003436404911
7155	0.00148987766
7156	3.985851141e-05
7157	9.536742182e-05
7158	0.00189057738
7159	0.0007722405944
7160	0.001629125559
7161	2.034514075e-05
7162	7.198001805e-06
7163	0.0008779329576
7164	0.00266866277
7165	0.0001712754242
7166	0.006506557496
7167	0.001119824905
7168	3.814713926e-06
7169	3.814713926e-06
7170	1.709188318e-05
7171	0.0007828180276
7172	0.002363482288
7173	0.001361464497
7174	5.449590861e-07
7175	5.449590861e-07
7176	6.267029952e-06
7177	0.003683551587
7178	0.00660285728
7179	0.0003580196863
7180	0.0008345429695
7181	0.005468099291
7182	0.002347951364
7183	0.0003065220699
7184	1.557674837e-05
7185	0.003212836739
7186	0.0005887265956
7187	0.004047412812
7188	0.002100351388
7189	6.948228881e-06
7190	0.00309400768
7191	0.001839638017
7192	0.0003223353606
7193	0.001086179728
7194	0.003652576446
7195	0.0005550647998
7196	0.00117236192
7197	0.0007591973286
7198	0.00562679891
7199	0.005229613874
7200	0.0007962063857
7201	0.003241048489
7202	4.452770213e-05
7203	0.001735878301
7204	0.003291928851
7205	0.001346276126
7206	0.002618010476
7207	0.001895608086
7208	0.0006330246884
7209	0.0005964597786
7210	0.001793502961
7211	2.452316076e-06
7212	2.452316076e-06
7213	0.00503372286
7214	0.001768159915
7215	0.004911391784
7216	0.001356773197
7217	0.001833908059
7218	0.001054580769
7219	0.003296635662
7220	0.003659635882
7221	0.002702959892
7222	0.0009318943493
7223	0.003454066685
7224	0.002575349779
7225	0.00187369755
7226	0.001723933144
7227	2.060853774e-05
7228	0.00081833746
7229	0.0007738525955
7230	0.007276251015
7231	0.002804734413
7232	5.994550381e-06
7233	0.0009496997603
7234	0.001350449759
7235	0.001931200832
7236	0.0006778072988
7237	0.003552046506
7238	0.001490256424
7239	0.001080304353
7240	0.009660801366
7241	0.001032783799
7242	0.001951335022
7243	0.0005752077435
7244	0.0005432383889
7245	0.001288801544
7246	0.004344424474
7247	0.00495397846
7248	0.001199198789
7249	0.0001051263696
7250	0.001032493545
7251	0.000267084777
7252	0.001139126339
7253	0.00102115982
7254	0.004259082656
7255	0.003468564272
7256	0.0001939238337
7257	0.003299235526
7258	0.004940139845
7259	0.001958813493
7260	0.002701692504
7261	0.006588137657
7262	0.001892591605
7263	0.001656156715
7264	0.004830026737
7265	0.001103887222
7266	0.001655761319
7267	0.00208188971
7268	0.001251809028
7269	0.001849916261
7270	0.0006658790498
7271	0.002225977907
7272	0.002264098459
7273	0.002496533776
7274	1.0626703e-05
7275	0.0001222287548
7276	0.002706105669
7277	0.001113472931
7278	0.007974195251
7279	0.001157135919
7280	0.004016551569
7281	1.226158066e-06
7282	0.0004196426188
7283	0.002411332862
7284	0.001842646498
7285	0.002654672652
7286	8.174386529e-07
7287	0.005381056374
7288	0.0001442514957
7289	0.0007925948256
7290	0.001111853869
7291	0.001679228983
7292	0.003643274396
7293	5.449591304e-07
7294	0.0007907524426
7295	0.004173326578
7296	0.0008055599442
7297	0.001735655679
7298	0.004582373247
7299	0.0007541187381
7300	1.089918217e-06
7301	0.001217644559
7302	0.005780828155
7303	0.003099582787
7304	0.0002365861707
7305	7.619047616e-06
7306	0.0003265350707
7307	0.001258575342
7308	0.002078372649
7309	0.0004102485959
7310	0.001909947567
7311	1.634877382e-06
7312	1.634877382e-06
7313	0.003638355711
7314	0.006270425318
7315	0.008536180816
7316	1.607629426e-05
7317	0.003962863944
7318	3.428701173e-05
7319	0.0003651779237
7320	0.0005012230147
7321	0.001263689397
7322	0.001348755211
7323	0.0001237511353
7324	9.960555538e-05
7325	0.00599405325
7326	0.002042077149
7327	0.0005736253286
7328	0.002036963423
7329	0.002543024717
7330	0.002408411029
7331	0.00750930605
7332	0.003405294447
7333	3.088101728e-06
7334	0.005113303695
7335	0.006662580962
7336	0.00569681502
7337	3.481322673e-05
7338	2.724796071e-07
7339	4.074938335e-05
7340	0.004205503052