node_id	error
3	0.004688817706
216	0.004267467694
377	0.003779118857
524	0.004639101127
564	0.004952257239
684	0.005107067055
735	0.004362510494
822	0.006711442377
966	0.006361319559
993	0.005434417017
1024	0.006086961817
1109	0.004994128575
1127	0.005373215839
1143	0.006934729246
1335	0.006477134577
1714	0.005256882959
1745	0.004422737759
1857	0.005209814505
1897	0.0005554597214
2033	0.007657469343
2194	0.001289780717
2223	0.004918611791
2497	0.003174218309
2601	0.005173798201
2734	0.00730025319
2786	0.004101535368
2887	0.005030670471
3060	0.004587919353
3099	0.003807890699
3142	0.004716332014
3150	0.007948434371
3257	0.004845483764
3335	0.006654142437
3400	0.003851974384
3409	0.006303616913
3492	0.006668483347
3783	0.006275301239
3939	0.004700793815
3948	0.005876202537
3965	0.006093364598
3994	0.004245620289
4001	0.00341930784
4030	0.005227299443
4035	0.005870790037
4489	0.001176032473
4493	0.001476499626
4515	0.00524905237
4617	0.005173140592
4757	0.004852609028
5109	0.005475559236
5168	0.006347415503
5254	0.004468448917
5428	0.001104513182
5488	0.005731676371
5561	0.004850192613
5711	0.005610715876
5778	0.00434644983
5983	0.005767649296
6088	0.00719966343
6486	0.00527783139
6581	0.008515523566
6793	0.005221481523
6835	0.005865181791
6900	0.005373065383
6944	0.004139960804
7073	0.004256634078
7162	0.007013080149
7201	0.006982806011
7449	0.005495700643
7562	0.004738356906
7597	0.004674118459
7700	0.00470504323
7748	0.004974427833
7838	0.005826265039
7910	0.005027184012
7959	0.005794252589
8030	0.008489359986
8101	0.004645357339
8109	0.005572456376
8313	0.005142723959
8431	0.004568918505
8465	0.003377006712
8502	0.000905837459
8560	0.01076831677
8561	0.003059777204
8668	0.0005088365105
8729	0.004570003709
8761	0.00536066426
8918	0.006407611426
8958	0.003762052261
8981	0.005030014692
9042	0.005528377146
9045	0.004057346327
9078	0.003574506295
9258	0.00559180831
9304	0.006859613964
9337	0.00574893328
9434	0.005498171417
9448	0.003324225783
9459	0.004981834705
9535	0.004654830791
9546	0.004040507177
9656	0.005722526281
9873	0.005367081416
9881	0.006540398149
9895	0.005204096281
10050	0.004321056466
10073	0.006301935615
10168	0.004946803487
10178	0.00283263094
10200	0.004240602338
10261	0.005284227821
10288	0.004926725323
10333	0.005966746715
10354	0.008180848029
10408	0.006084315049
10463	0.00214121284
10497	0.001781118695
10664	0.005332799633
10827	0.004712187178
10971	0.004396927434
11039	0.004316033218
11071	0.005005361572
11093	0.004589015649
11097	0.004480622019
11116	0.004532485518
11454	0.005497970276
11472	0.00733595089
11503	0.006415922136
11542	0.003754900268
11809	0.005686608358
11858	0.005716799319
11931	0.005053255806
11939	0.006780275524
11995	0.004960442141
12071	0.004298375116
12190	0.001558894606
12232	0.005942027959
12246	0.004737371657
12255	0.004723427318
12325	0.005031539182
12401	0.006575650748
12476	0.004264627806
12843	4.082936603e-05
12892	0.004890582733
12932	0.003927010634
12949	0.004248287146
12967	0.003859354996
13009	0.006012342654
13154	0.006615772209
13168	0.003552437523
13214	0.005438846443
13261	0.006966503607
13370	0.00437366423
13420	0.004806951378
13430	0.007600912604
13582	0.005137242509
13742	0.005294468645
13801	0.003660586569
14041	0.005547224582
14105	0.006050834689
14115	0.004058169344
14119	0.004689441657
14169	0.003728829942
14170	0.004511205999
14311	0.003713169147
14397	0.004969062641
14486	0.004511020549
14509	0.006665589535
14551	0.0004031164163
14891	0.005178350961
14928	0.003353103211
14966	0.003497456065
15062	0.002192843727
15098	0.005497872937
15176	0.005412146001
15196	0.005310332084
15221	0.005696842704
15233	0.00552262601
15288	0.004502676528
15322	0.004451376744
15580	0.007892499219
15743	0.004099724342
15975	0.005290513201
16026	0.0001808046765
16034	0.005680037099
16039	0.004134160239
16098	0.003655588719
16522	0.003068126906
16529	0.004938437095
16622	0.0003659635705
16728	4.144835868e-08
16803	0.004639661177
16822	0.004238771242
16823	0.007082090173
16988	0.00462701953
16991	0.003240859141
17143	0.003903665307
17356	0.003492472615
17488	0.006596457171
17559	0.004887939862
17862	0.00695902467
17973	0.005415810883
17992	0.00279548945
18043	0.004630497346
18341	0.004295860725
18414	0.005330415561
18488	0.005513245563
18544	0.00339708835
18611	0.002302848013
18801	0.002024570851
18873	0.003823898574
18972	0.006854446119
19103	0.004720829809
19109	0.005895272508
19125	0.004066027438
19234	0.005301009538
19248	0.004874957394
19269	0.005610463326
19302	0.005510792314
19465	0.00357090295
19574	0.004139820128
19709	0.00323291735
19736	0.005192352
19841	0.006548247633
20174	0.004390063373
20189	0.004446001035
20257	0.004434952317
20325	0.006537965349
20436	0.004047937624
20455	0.005380449424
20497	0.003336410203
20612	0.003842182353
20636	0.00299320259
20727	0.006274258892
20761	0.001705617531
21040	0.0004610306045
21073	0.004644073386
21467	0.00342174939
21632	0.004233727955
21680	0.005197303608
21694	0.00556258062
21698	0.005738386704
21903	0.003811107506
22009	0.005331786516
22046	0.005735062167
22378	0.006386296663
22468	0.008992235214
22538	0.006885324607
22547	0.005646999943
22591	0.005790881114
22652	0.0028266772
22663	0.00107084927
22674	0.004549989213
22809	0.005838093448
22861	0.005047367784
22864	0.004100639673
23054	0.005375100157
23084	0.006192281909
23264	0.004067404514
23298	0.004563378719
23302	0.003238479581
23429	0.004965514144
23549	0.005361338439
23666	0.004565647109
23693	0.003817766834
23756	0.003613101003
23757	0.003886113741
23796	0.005483419806
24102	0.003420849622
24107	0.003421092252
24195	0.003448365068
24233	0.003997791281
24240	0.005112502015
24255	0.00529072643
24334	0.005195015837
24516	0.004241919118
24517	0.004934544818
24580	0.005848848715
24630	0.004158686736
24835	0.006171493714
24860	0.00438485069
24875	0.006064178267
25326	0.004847604784
25391	0.005998882595
25606	0.003212263082
25666	0.00575115264
25767	0.006533122858
25818	0.005040776305
25922	0.00436028828
25975	0.006222766957
26045	0.003923763573
26317	0.004918363285
26400	0.004776704928
26443	0.005638154894
26477	0.004123882686
26518	0.00696497802
26622	0.004721348033
26673	0.005045203292
26710	0.004340340689
26735	0.006010126286
26935	0.005821667316
26970	0.005391608696
27560	0.004676213755
27692	0.005925564665
28069	0.01089412997
28196	0.008404810181
28368	0.002495852583
28376	0.001101100049
28514	0.0004024604294
28566	0.004319639087
28624	0.005370519991
28681	0.004979130958
28980	0.005643416675
29012	0.005211779157
29018	0.00467919918
29105	0.005966595095
29302	0.004474625761
29573	0.004686136762
29668	0.005716792196
29794	0.00697457436
30019	0.004754779667
30072	0.004471375907
30074	0.006147969636
30126	0.005279371925
30154	0.005695499936
30402	0.006559962055
30536	0.004164446121
30552	0.004778891153
30615	0.005617517339
30817	0.006742470111
31039	0.004200422685
31178	0.005498547878
31201	0.003818588582
31414	0.002648766016
31512	0.005853763065
31656	0.003818892444
31844	0.005136673417
32055	0.004705453331
32130	0.007055485259
32146	0.005724627053
32194	0.00575641385
32245	0.001165250755
32279	0.005449996076
32377	0.004725802345
32489	0.005779452653
32502	0.006328398619
32504	0.006057902137
32520	0.005181830955
32548	0.003871483073
32638	0.004913296205
32688	0.006080490388
32865	0.007552293713
32952	0.004695621712
33031	0.007500501565
33140	0.004617369156
33150	0.003454858448
33167	0.005391765028
33190	0.005018837828
33247	0.004835901915
33339	0.0008935374158
33487	0.004607715704
33493	0.005950894002
33630	0.005650903643
33694	0.002656986817
33721	0.006315703713
33776	0.003303027121
33872	0.007200614263
33915	0.004893878266
34063	0.005624486283
34206	0.002740064261
34341	0.008833277783
34464	0.003793429836
34760	0.006446320727
34798	0.004978309622
34926	0.006387080186
35041	0.005334534407
35147	0.005128240879
35151	0.005607824562
35247	0.004972967185
35405	0.004817916468
35500	0.003927647722
35690	0.005256111582
35725	0.005354909556
35845	0.006559302448
35847	0.005206098463
35911	0.005180798468
36000	0.004354803386
36304	0.003141303755
36355	0.006982196919
36405	0.005491983765
36408	0.004663991806
36437	0.006125601636
36522	0.00414343636
36658	0.004668698715
36702	0.005119387359
36761	0.002424967829
37039	0.005432966268
37044	0.004971375939
37066	0.00633940698
37202	0.005731165262
37267	0.004364721902
37331	0.003685850924
37445	0.003398531013
37496	0.006012237118
37580	0.005183356515
37621	0.004818312636
37628	0.004349052443
37689	0.004720502824
37860	0.004434371611
37922	0.00419241856
38028	0.004026238594
38063	0.004196094701
38072	0.005330339988
38416	0.005047458132
38418	0.004879579865
38463	0.004084018115
38531	0.005062675907
38642	0.004616025632
38674	0.00498241679
38749	0.00235529344
38771	0.004872261084
38810	0.005980496675
38934	0.00458592044
38950	0.003865654331
38978	1.418737915e-05
39235	0.007184311015
39429	0.004022475835
39433	0.002758795689
39542	0.004560990228
39629	0.005263567566
39649	0.004035657982
39707	0.004935113672
39728	0.004901816303
39735	0.005809081607
39871	0.005258369358
39979	0.003908681174
40027	0.004005244671
40082	0.004686999304
40482	0.003836082841
40680	0.004464178464
40716	0.004200807884
40819	0.005022888908
40989	0.004008013463
41117	0.004957966183
41143	0.003508609002
41267	0.003633464026
41327	0.004246298492
41430	0.004811604137
41494	0.003754216123
41798	0.007150338798
41823	0.005178605136
41836	0.004414616964
41846	0.00447907198
41881	0.005098887404
41968	0.005749713487
42099	0.005836282872
42124	0.004373797865
42384	0.003986315582
42404	0.004571823268
42416	0.003573411839
42483	0.006506573891
42548	0.005226632603
42654	0.00494235289
42830	0.006355958072
42846	0.004812322673
42919	0.004216406243
42951	0.003894122407
43031	0.005362160854
43049	0.006446612025
43063	0.00521449253
43246	0.004626344379
43311	0.00577363331
43412	0.005240401416
43444	0.004996113704
43627	0.003677644983
43738	0.00510310723
43742	0.004870406593
43755	0.003703406728
43785	0.004624023773
43941	3.38049978e-08
44082	0.004529022451
44110	0.006636748609
44141	0.004595218358
44206	0.005334557991
44211	0.004038021572
44226	0.005224416949
44228	0.004115123833
44278	0.00449730278
44430	0.005940220301
44582	0.005495425004
44618	0.0043671729
45139	0.00570218193
45553	0.004907718328
45607	0.005332767792
45610	0.004934593299
45612	0.005427386363
45643	0.005168264831
45696	0.005125539716
45792	0.004810862185
46013	0.004565321608
46078	0.005519594253
46125	0.004466471154
46138	0.004551454571
46169	0.004947571939
46181	0.005844553034
46314	0.005108913421
46323	0.004940303304
46346	0.004253497762
46404	0.005109367637
46520	0.003232921216
46604	0.005320190299
46784	0.005010659203
46822	0.005555963676
46877	0.003380739928
46921	0.005354062497
47053	0.004973249975
47099	0.005495918677
47325	0.003915019957
47401	0.004064140166
47568	0.005133206784
47597	0.002139139112
47632	0.003931579134
47757	0.004638673872
47888	0.005423993626
47989	0.005042940384
47992	0.005332196936
48023	0.005451441466
48088	0.004015914653
48107	0.003728724147
48188	0.004614585742
48292	0.004931470343
48295	0.006551792143
48343	0.002409771224
48403	0.004697506049
48448	0.006293441481
48527	0.003708901804
48544	0.005955125828
48640	0.003974674844
48718	0.006066710382
48734	0.005287744181
48765	0.004695414813
48907	0.003620134044
48935	0.004668975828
48994	0.004434900334
49009	0.004691405144
49210	0.003370391919
49550	0.003646111764
49665	0.001664413645
49780	0.004329034154
49785	0.002519048189
49787	0.002985177277
49803	0.004083586334
49844	0.00728452881
50359	0.005135491794
50435	0.004037520798
50503	0.004912781516
50546	0.004528785944
50547	0.004949947971
50625	0.005960656581
50695	0.005568420961
50915	0.006659826316
50930	0.001009349269
51016	0.004262189415
51132	0.002650035881
51171	0.005149788038
51231	0.004454433086
51330	0.002894384959
51420	0.002773945248
51467	0.004242588754
51492	0.006156909343
51507	0.004793469757
51640	0.004679831572
51764	0.003131222162
51778	0.005349837222
51876	0.005928777344
51991	0.000717474025
52016	0.005414963218
52124	0.001559339871
52168	0.004486485106
52390	0.001546738245
52428	0.005182087839
52469	0.004857507685
52504	0.006211667444
52522	0.005503430771
52579	0.006263199998
52965	0.004365282325
53156	0.004979136899
53260	0.006272518072
53265	0.004584355123
53311	0.006606596081
53334	0.005130225921
53427	0.001907181958
53483	0.0008389372646
53535	0.00534020465
53627	0.005727104403
53840	0.005731634404
53881	0.005738280214
53920	0.005502524933
53930	0.006068024898
54162	0.005604261981
54234	0.005535964429
54250	0.00521144014
54272	0.004162619405
54291	0.003549010087
54445	0.004995991118
54552	0.006555899041
54688	0.003812490725
54750	0.004801927298
54881	0.005035815111
54910	0.007076058688
54912	0.005408943069
54967	0.004881028085
54986	0.004055850621
55025	0.005342794661
55168	0.004622036129
55485	0.01081604927
55541	0.002441337361
55632	0.004460489523
55655	0.005352512876
55749	0.002324467102
55805	0.002114414674
55840	0.005717891231
56188	0.00417856335
56246	0.003939940273
56324	0.002971981931
56385	0.003940100138
56457	0.003253641195
56635	0.00469358156
56801	0.007259771358
56806	0.004218237733
56992	0.002405170976
57172	0.005720608588
57488	0.00453657943
57504	0.006519820126
57548	0.005774720166
57591	0.005746201182
57835	0.003561504112
57849	0.003385004107
58052	0.005430630391
58128	0.006651188251
58142	0.007820879879
58181	0.004810099543
58420	0.006742025549
58501	0.006600484442
58563	2.283855851e-08
58569	0.004076192558
58607	0.004320279954
58657	0.005269429141
58696	0.005922994819
58737	0.005941070963
58756	0.007658150863
58887	0.006894434284
58943	0.005175756523
59010	0.005272185667
59092	0.006300237936
59137	0.002260569935
59235	0.004901060871
59345	0.004940059519
59367	0.0066406304
59377	0.003874762221
59388	0.001241957593
59451	0.005754534382
59586	0.005749569432
59591	0.004535831588
59628	0.005298197726
59721	0.004174059566
59754	0.000584869855
59862	0.002537449879
59905	0.003068928695
60134	0.005457395763
60164	0.005932392344
60167	0.008789086529
60191	0.006217941611
60203	0.005337660611
60264	0.006012260736
60410	0.004939646057
60573	0.00462979951
60737	0.005698046808
60767	0.005205368203
60779	0.003447297197
60906	0.004188821704
61060	0.005786345634
61069	0.005055211994
61177	0.004951642996
61193	0.004563641108
61213	0.006492017912
61358	0.00521209778
61535	0.005375981874
61595	0.004881891483
61630	0.003221699858
61689	0.00269569138
61698	0.006912892489
61717	0.003964797216
61729	0.001935175579
61933	0.009558135813
62121	0.003654223298
62317	0.005436361526
62409	0.005618139223
62604	0.004135626913
63294	0.005458361265
63328	0.004650328957
63350	0.004678169382
63594	0.005404376655
63649	0.003967187841
63965	0.005140361438
63969	0.003472074471
64324	0.004092911765
64448	0.004382037726
64533	0.004568199681
64623	0.005397150533
64656	0.003479769463
64739	0.003490849933
64801	0.004586236215
65145	0.005262119651
65254	0.006139351354
65273	0.006659798588
65293	0.004450357015
65522	0.003687218761
65590	0.005000599005
65633	0.005770766287
65744	0.00458407747
65822	0.004702453914
65832	0.004152705626
66105	0.00433891956
66166	0.003164223276
66197	0.005531186351
66207	0.000400895323
66555	0.002783197586
66602	0.003078969951
66645	0.004294318521
66768	0.002865734924
66923	0.004437644151
66926	0.003563960624
67012	0.0055950557
67191	0.003856791711
67389	0.001503271138
67396	0.006768528997
67426	0.006244447879
67449	0.005733725055
67611	0.006580442768
67630	0.004212816431
67673	0.00349093303
67674	0.001134083541
67690	0.005217045193
67735	0.003548939184
67820	0.004018796212
67970	0.005715021486
67995	0.004812961446
68406	0.004692532059
68436	0.005117525663
68442	0.006066117147
68616	0.005126058533
68627	0.005760453698
68953	0.004773449636
69015	0.004464888769
69067	0.007580877682
69156	0.003652861939
69177	0.004123296819
69210	0.004062005154
69245	0.005095361984
69247	0.001690476399
69277	0.00545304797
69292	0.006241921719
69331	0.002372539109
69415	0.003793717056
69453	0.004798536722
69476	0.004195380703
69746	0.004903253398
69779	0.006310967137
69823	0.004247861016
70078	0.005542098525
70200	0.004636850457
70273	0.001035267595
70653	0.004155124925
70703	0.005332961748
70710	0.004703040225
70721	0.003338114209
70881	0.004184664955
71321	0.006522366948
71503	0.005529934858
71664	0.004791059143
71665	0.005612628407
71667	0.005802121113
71842	0.004653467102
71904	0.004311845378
72025	0.003926802192
72101	0.003405057278
72152	0.01027919455
72202	0.004877889181
72299	0.005471954415
72508	0.004659103182
72523	0.004990968051
72632	0.003721702686
72791	0.005966429629
73126	0.003610945902
73255	0.005350442659
73459	0.005517362815
73467	0.005568063276
73529	0.006510408657
73564	0.004813311342
73631	0.00536114406
73792	0.005273528547
74129	0.004580189417
74178	0.004562039254
74207	0.006696424876
74333	0.005902958217
74673	0.003758880783
74828	0.007166347694
74830	0.003443032744
75001	0.005029172786
75019	0.005074176319
75044	0.00497091747
75064	0.00388387558
75134	0.008823281498
75156	7.593677274e-07
75164	0.004706864392
75316	0.00314584945
75351	0.003146164098
75366	0.004029680785
75393	0.004020245889
75473	0.006420512403
75497	0.001958087225
75622	0.004353195147
75635	0.0039762773
75642	0.003786862706
75704	0.004421270603
75741	0.004138029507
75745	0.004464405913
75790	0.006058076173
75829	0.005272482804
75855	0.00522084745
75969	0.005334206938
75985	0.005665248764
76008	0.007899841838
76192	0.004456329984
76305	0.0008614509172
76312	0.003862911565
76469	0.005995269198
76564	0.004778066498
76620	0.006511152855
76750	0.006246371138
76919	0.004753788158
76977	0.005101404494
76982	0.005354663937
77020	0.0004126735554
77075	0.005077958175
77082	0.003921601709
77087	0.003709304991
77132	0.00355825823
77176	0.004962616869
77250	0.003674632446
77381	0.00261375477
77489	0.00212408808
77608	0.005436418017
77642	0.006003726459
77719	0.00339510456
77838	0.005452047872
77876	0.001010792949
77928	0.004945249503
78005	0.006186677827
78109	0.004887200712
78132	0.005368482115
78551	0.004229826802
78570	0.004382465398
78591	0.005605314083
78924	0.005431281671
78930	0.0070297545
79090	0.004304590028
79127	0.005766070581
79195	0.004874127918
79421	0.007872261597
79573	0.004628109116
79589	0.004500172012
79672	0.003654658286
79707	0.004265737136
79724	0.005030135608
79834	0.00609111973
79884	0.005688049156
79925	0.004920782156
80113	0.006358573075
80177	0.00493104774
80240	0.005364347509
80278	0.006818461201
80297	0.006185686375
80439	0.0006733728095
80469	0.005612670871
80533	0.005062632796
80718	0.005922373174
80720	0.00527260975
80744	0.001687760728
80769	0.005086106569
80794	0.004685568846
80931	0.004535491069
80959	0.003540765311
80978	0.004760482643
81090	0.004817313711
81148	0.004029786217
81218	0.004930130552
81224	0.00506324213
81332	0.004296182406
81353	0.00552078508
81373	0.006085873617
81426	0.005690931642
81444	0.002647031347
81470	0.004431601445
81477	0.005139717203
81552	0.005999599633
81658	0.003402390749
81756	0.004949555006
81774	0.006457173472
81851	0.005703023243
81879	0.004195067342
81955	0.005035574429
81974	0.003687966749
82011	0.004650006137
82032	0.004072218542
82165	0.005577639806
82242	0.0004783080148
82272	0.004770674226
82302	0.005730571623
82405	0.00639491398
82422	0.007215708814
82507	0.005196001116
82541	0.005936531453
82566	0.002133252211
82655	0.004098521673
82657	0.003865854337
82787	0.003055311541
82815	0.00392590694
82894	0.008506070791
83048	0.004511049424
83057	0.003651613254
83133	0.005823753061
83238	0.00532851199
83318	0.001646360973
83327	0.002924098841
83338	0.004374463298
83485	0.005154738722
83512	0.005705994552
83517	0.00550181173
83715	0.0008704517081
83790	0.00396445633
84063	0.004843755764
84307	0.004073046026
84530	0.005728318337
84738	0.004667346719
84743	0.006559712857
84900	0.004899504255
84963	0.004580263918
85078	0.004122961815
85131	0.006928584688
85140	0.005195723944
85209	0.004179844298
85317	0.003982784373
85436	0.003629195892
85470	0.004430781802
85475	0.004474551066
85496	0.005885060464
85514	0.004706771172
85706	0.004782204781
85754	0.005240000743
85856	0.004658974531
85944	0.003398655487
85956	0.004124231633
86026	0.006216367706
86158	0.00580684122
86250	0.007376563949
86256	0.00387620537
86301	0.004865641851
86404	0.006962282192
86833	0.005253949927
86911	0.004767925052
87161	0.005084305355
87162	0.005484915138
87285	0.005348890385
87352	0.005743854044
87444	0.003359871909
87868	0.006021567163
87957	0.004949442669
88073	9.798178432e-05
88082	0.00204466708
88344	0.003859573395
88370	0.007388170055
88383	0.0053225868
88399	0.006863338639
88410	0.004606222074
88536	0.005974372401
88603	0.004748773647
88604	0.00545564193
88689	0.006159359295
88887	0.005184223526
89007	3.874153267e-05
89008	0.0004614986145
89237	0.00641650248
89261	0.004839672174
89316	0.00174025613
89334	0.005709687054
89388	0.006359952238
89397	0.004516623147
89411	0.0006172301013
89523	0.004470395258
89649	0.00658881391
89679	0.006041981642
89721	0.00492673157
89794	0.00410732991
89795	0.004918792495
89846	0.005035601076
89883	0.0001578056238
89937	0.003624902918
90027	0.008676146095
90038	0.006023427769
90060	0.005542007335
90063	0.005368526317
90163	0.005906122963
90378	0.004259039565
90877	0.004194587515
90916	0.006392557224
91142	0.004712801272
91213	0.005076143949
91392	0.005226167077
91471	0.002019123097
91502	0.0006204529266
91524	0.006187752745
91626	0.004710528186
91804	0.002753677232
91822	0.005052777959
92060	0.006183531718
92081	0.005348621811
92101	0.0004501808525
92156	0.006471345047
92295	0.005292932995
92331	0.003453694696
92507	0.0001107618722
92573	0.003034630037
92574	0.00312614495
92627	0.001401280728
92656	0.005146732697
92722	0.004938048459
92834	0.0003187920497
92865	0.004334351824
93050	0.002712290948
93111	0.0007016408029
93309	0.00672798689
93504	0.004209325359
93838	0.006828841128
93846	0.002780473444
93853	0.006104660485
93910	0.004342508721
93955	0.005324035465
94100	0.004317956482
94216	0.002899177272
94274	0.006298168643
94313	0.003833341097
94455	0.00809798878
94515	0.003731181827
94631	0.004043666275
94711	0.006586440632
94822	0.005270353079
94926	0.006624595903
94977	0.005561368446
95048	0.005408689759
95082	0.003916086718
95103	0.002334220712
95106	0.002214844561
95114	0.001414831326
95141	0.002364631213
95172	0.006377728631
95226	0.004343767594
95402	0.005058222588
95421	0.006574415895
95728	0.001219250166
95908	0.005247962332
96120	0.006025335306
96311	0.005001233364
96428	0.004828924377
96465	0.005790665527
96600	0.004635716386
96753	0.0005258058718
96870	0.005410290186
97071	0.00548006232
97097	0.003561223737
97197	0.00410128936
97206	0.00560690334
97220	0.003593486833
97291	0.003645633841
97407	0.007549211414
97431	0.003551913597
97694	0.005185176285
97742	0.006033762468
97823	0.004330555386
97912	0.00343272159
97919	0.002151339517
98023	0.005308581364
98111	0.005129618008
98115	0.005474892804
98208	0.004522242443
98226	0.005908147168
98227	0.006969738613
98259	0.004753233343
98279	9.888739915e-08
98295	0.005261465065
98310	0.005178704156
98420	0.006856580303
98597	0.003943603782
98787	0.003541248184
98883	0.004737496042
98955	0.003228082851
98982	0.004484413737
98989	0.003953567375
98995	0.005176154135
99067	0.005772252851
99200	0.001978352486
99232	0.006457210626
99245	0.007269531251
99268	0.004238613386
99296	0.005644303232
99307	0.005511753342
99369	0.005129560692
99414	0.002358390626
99421	0.002139244959
99444	0.003155010724
99676	0.005738391756
99734	0.005075134922
99844	0.003106411688
99870	0.0006115075798
99957	0.005376137203
100001	0.002677496898
100050	0.004931168964
100084	0.005225529383
100154	0.00556845232
100173	0.004626451424
100422	0.004330732001
100501	0.005354035182
100587	0.00451305393
100614	0.006776764039
100617	0.005004136809
100693	0.005241816049
100923	0.004980769855
101229	0.00488045637
101344	0.01035767404
101530	0.005606936538
101570	0.005061602211
101574	0.004866585612
101690	0.005481286665
101983	0.003509365835
102237	0.004133553484
102276	0.004760748877
102277	0.005429277889
102330	0.004709853074
102343	0.007284935537
102412	0.005341358464
102475	0.006142858757
102744	0.001274764392
102759	0.005526824821
102938	0.004884833029
102977	0.008177338018
103151	0.002654447784
103269	0.004149783968
103307	0.004339191211
103350	0.005111169241
103424	0.005530505191
103689	0.006447245019
103966	0.004092731268
104144	0.004711984245
104153	0.001024666854
104155	0.005117008195
104185	0.0003354920166
104260	0.004689682805
104383	0.004481987203
104395	0.005620652499
104406	0.0003407687341
104457	0.0002379081147
104480	0.005649821812
104514	0.003489024761
104528	0.003237365965
104620	0.003122426929
105059	0.0044084921
105090	0.001099425944
105150	0.004264256659
105595	0.01261060053
106047	0.00143088397
106057	0.003397037768
106171	0.003523729866
106211	0.004885400644
106241	0.002280048888
106320	0.004473725479
106343	0.005653836967
106362	0.006229368477
106677	0.003976273179
106690	0.004851348685
106796	0.006771392977
106822	0.002664093773
107121	0.005253705037
107173	0.00453053781
107244	0.004456774871
107382	0.005147093829
107616	0.01056479602
107622	0.004360233278
107791	0.00574190892
107933	0.00467149905
108049	0.00632961734
108106	0.002007328941
108134	0.003812785762
108152	0.00441071054
108196	0.004920139976
108283	0.00493348341
108310	0.004608971173
108385	6.737578793e-09
108400	0.003475706156
108533	0.005697207861
108823	0.0102116331
108888	0.003045305608
108951	0.005073575832
109134	0.005309113137
109164	0.004436861073
109216	0.01116708913
109268	0.005485501065
109327	0.003879156782
109340	0.004772038378
109396	0.004992208963
109398	0.00438978463
109466	0.007293632126
109539	0.007138178584
109689	0.00575168401
109760	0.007248620722
109787	0.005249841373
109919	0.0008526614262
109969	0.002292696582
109972	0.002411838975
110714	0.004901473974
110738	0.005697535782
110850	0.004106952199
110866	0.004343710778
110998	0.001101719419
111071	0.004770797097
111139	0.005070306203
111286	0.00616926661
111545	0.006074202765
111548	0.004836509311
111585	0.005285267453
111684	0.004874250345
111837	0.004318715891
112026	0.005015738324
112081	0.004938696256
112086	0.006361241547
112098	0.004896438282
112227	0.003538809807
112310	0.00433548138
112444	0.005010767148
112552	0.003635053459
112706	0.002748673998
112799	0.0005668558157
112806	0.00235467982
112989	6.958147617e-08
113008	0.004933953414
113050	0.006107079119
113265	0.004577153633
113329	0.00412411977
113365	0.0004962978626
113535	0.006268908124
113616	0.004739258354
113621	0.005542782374
113641	0.003867949919
113658	0.004881790889
113778	0.004795828126
113885	0.0002986283757
113947	0.003907341916
114122	0.005554274448
114153	0.00566203751
114534	0.003905658158
114577	0.004654730364
114631	0.005471733246
114663	0.003400082686
114699	0.005019912364
114740	0.003788850185
114745	0.005831096369
114767	0.005148546142
114821	0.006781015141
114824	0.004684861644
115144	0.004988462451
115206	0.006231173304
115229	0.006205794546
115242	0.006417053397
115518	0.005537658897
115562	0.00418896172
115593	0.006937889787
115599	0.006220247575
115665	0.006740777812
115678	0.005095634093
115865	0.004864981353
115912	0.004003693
115930	0.005093295019
115968	0.004375036509
116059	0.004960210515
116178	0.005033478116
116243	0.004045245923
116287	0.0118895063
116338	0.006547142407
116395	0.00563860806
116409	1.187605094e-07
116477	0.007218511211
116495	0.006666802131
116637	0.004696498362
116650	0.00913913913
116691	0.003941383109
116726	0.004566237251
116860	0.004151144371
116913	0.005235647108
116933	0.005179289685
117061	0.005761475705
117102	0.001946766115
117118	0.006037147269
117125	0.005310611772
117294	0.007636280876
117313	0.004835662724
117325	0.00788136594
117429	0.003469951341
117431	0.004343303056
117539	0.004778461785
117586	0.004234026528
117611	0.004074845286
117708	0.007708632559
117900	0.00381939695
118243	0.003928971035
118341	0.002136449073
118360	0.005222296807
118692	0.003186851762
118705	0.002955281084
118725	0.003625307747
118754	0.001323154417
118948	0.004649198928
119060	0.004825112667
119066	0.00463663108
119152	0.001725386104
119186	0.005610399275
119297	0.005010551365
119365	0.006024283739
119727	0.004701547801
119958	0.004799487914
120037	0.007626019166
120101	0.004667908031
120196	0.004120841467
120225	0.001544960848
120483	0.00330731691
120618	0.002159805666
120656	0.005694596304
120729	0.00568639137
120835	0.006122593285
120840	0.005587346852
120944	0.004107781205
120990	0.004178035311
121139	0.003711856679
121221	0.004111453969
121288	0.009007307618
121369	0.005220904073
121509	0.0058524631
121557	0.00463352071
121582	0.006213588353
121882	0.003479497116
121897	0.0055456791
121947	0.004051171473
122019	0.002450898267
122035	0.005829836188
122093	0.004750622638
122311	0.004558839635
122532	0.006249548466
122547	0.00571743228
122647	0.005828776272
122811	0.006919353556
122887	0.002133615665
122947	0.005204824613
123030	0.009706129296
123055	0.003458344924
123109	0.004047845398
123192	0.006692003058
123291	0.004772208161
123339	0.003429311191
123381	0.0009590859792
123419	0.00420014416
123451	0.004126353559
123518	0.004220825928
123558	0.006489728654
123879	0.006559615318
123930	0.003870251451
123942	0.004893354432
124093	0.003816551947
124113	0.004906320823
124154	0.004438498663
124255	0.00347959102
124406	0.005946803796
124425	0.002898819592
124474	0.003719495636
124489	0.000853027476
124646	0.005848620081
124685	0.00334284413
124702	0.007223012226
124738	7.007392375e-09
124745	0.00250487686
124800	0.005887490445
125099	0.004139236482
125124	0.001701039566
125188	0.007074476712
125254	0.004705253742
125346	0.003927347658
125394	0.004974860511
125400	0.005256106159
125463	0.005276389749
125478	0.005798487215
125530	0.006543118058
125803	0.004233808747
125822	0.0005624243482
125823	0.0006182844221
125840	0.00473962763
125879	0.004250224342
125881	0.00549563894
125981	0.004373867981
125992	0.004432982138
125999	0.005990989105
126064	0.009882490449
126075	0.008101494853
126087	0.0004576846986
126143	0.002022851971
126147	0.009571022763
126200	0.002942747256
126319	0.004834370501
126335	0.005087664718
126342	0.006087806934
126362	0.004880425118
126631	0.006000888866
126637	0.004856787813
126783	0.004160696494
126825	0.000772566405
126867	0.008753941519
127025	0.004410911568
127035	0.003121674692
127104	0.003435212347
127114	0.004780611534
127188	0.003116370434
127190	0.002569203741
127223	0.003976152128
127237	0.003840259495
127259	0.004588760251
127292	0.007190172861
127306	0.003178894505
127504	0.006124020527
127532	0.004533331917
127568	0.006810706922
127605	0.004076206685
127646	0.003453365576
127718	0.005217974964
127857	0.00587053853
128126	0.003451165134
128170	0.004976322399
128244	0.00678298835
128379	0.005510970244
128615	0.006163075234
128688	0.002816431792
128696	0.002071006335
128743	0.002592585606
128772	0.004604283961
128930	0.007003955896
128967	0.006013984622
129048	0.005397060803
129298	0.003633589379
129464	0.004513847807
129531	0.005784959198
129666	0.0052999767
129673	0.006671901483
129820	0.004155361839
129902	0.004407117403
129966	0.002766133873
130073	0.004175524591
130118	0.003411322013
130564	0.005364828412
130923	0.007363045119
130933	0.004685166736
130975	0.0001616731442
131114	0.004485195024
131132	0.005911596825
131134	0.005483468189
131262	0.004894560173
131418	0.005316054574
131498	0.005998749701
131504	0.004233013462
131604	0.005560663282
131675	0.005183177672
131733	0.003290589344
131783	0.003859976107
131969	0.004577374448
132165	0.006426414941
132221	0.004732891938
132223	0.004730276593
132359	0.005557413081
132380	0.005522881258
132434	0.003068430757
132481	0.006103449505
133001	0.004082537153
133023	0.002533481399
133128	0.005083746361
133196	0.005666435626
133485	0.003829816892
133529	0.003758714567
133691	0.00514134121
133828	0.002019829565
133870	0.003008021476
133927	0.005062067697
133992	0.008024826446
134009	0.00532400923
134021	0.00392201408
134063	0.001452554457
134071	0.003019971504
134180	0.007673566509
134279	0.003727046321
134382	0.00344515349
134433	0.006456997341
134522	0.004623623045
134574	0.004767671944
134604	0.003601612013
134667	0.003718131475
134744	0.003707217334
134800	0.005894717077
134911	0.005986944677
135008	0.0001993027787
135085	0.004343323237
135115	0.005766671813
135400	0.00550681446
135455	0.00437614061
135549	0.002689181783
135611	0.00413722523
135616	0.003921499953
135859	0.00622411096
135985	0.004621351066
136174	0.003777867039
136186	0.005512897226
136355	0.004027571341
136426	0.004656660555
136453	0.006053389648
136548	0.006580104842
136665	0.004681024112
136690	0.0042162688
136738	0.002722380056
136900	0.004218061195
137156	0.004167111661
137195	0.006273412609
137413	0.005527764311
137416	0.005844001393
137511	0.004433805212
137619	0.005098905235
137666	0.005454458081
137678	0.005902222305
137695	0.005860646848
138039	0.0041411114
138126	0.005777422242
138153	0.005152793981
138162	0.003769813624
138176	0.004194068671
138231	0.003626588388
138513	0.004945102374
138521	0.002780319089
138664	0.004934026546
138722	0.004297324456
138844	0.004738688203
138880	0.004674186665
138931	0.003315908689
139027	0.003808167219
139063	0.001542908354
139091	0.003393087936
139258	0.001077194892
139302	0.004214510494
139382	0.005295935782
139507	0.005130737695
139514	0.00504380132
139550	0.005958562816
139566	0.004696891781
139590	0.003006021736
139622	0.007187068245
139720	0.006768449355
139804	0.004935980711
139824	0.004603634521
139854	0.004451483244
139978	0.004631729645
139979	0.004099374429
140063	0.004206758743
140456	0.004647258572
140566	0.003357496195
140885	0.004139444049
141184	0.004422923375
141279	0.006334941006
141768	0.005017510857
141943	0.001153496287
142032	0.006208343805
142047	0.005535749835
142068	0.005819074136
142250	0.0005538043887
142385	0.002859169987
142393	0.002558215103
142440	0.00299173163
142706	0.004947234306
142963	0.005348786129
142994	0.004495793701
143104	0.00517574995
143180	0.004163459563
143208	0.002595957039
143444	0.003586097113
143452	0.006618480883
143512	0.004609456266
143521	0.01365134566
143919	0.004585263886
144148	0.003796154638
144378	0.0062656783
144380	0.0051322106
144525	0.003117518981
144581	0.004219851745
144584	0.005977745738
144645	0.005507628497
144706	0.004456295824
144717	0.003230518387
144802	0.006297594686
144806	0.0059532526
144929	0.004801749362
144961	0.006228477277
144993	0.006741924497
145199	0.006057130742
145211	0.005243144998
145223	0.0006888073384
145228	0.0007713618846
145349	0.004016115768
145566	0.002669771321
145597	0.005442392057
145605	0.004993474781
145625	0.007101019167
145641	0.003448140415
145655	0.006746900057
145688	0.004496465478
145694	0.004603325426
145721	0.004460731841
145815	0.00429813646
145932	0.003000002062
146104	0.005141832894
146136	0.004870192119
146311	0.004450443778
146347	0.001978533071
146422	0.003289643817
146508	0.004350086215
146589	0.00550908672
146698	0.005324316148
146751	0.004618686771
146840	0.001315087991
146844	0.00210170263
146905	0.002540053017
147068	0.001055267599
147091	0.005853684123
147129	0.005173976005
147325	0.00727646794
147353	0.005110825089
147400	0.003581572964
147452	0.00503839047
147602	0.004862213171
147754	0.003953860506
147917	0.005807292352
147973	0.007386294517
148095	0.004430660162
148175	0.006325615264
148264	0.008004886611
148306	0.005293792955
148401	0.004740061036
148548	0.004551922263
148584	0.005883132731
148615	0.003322521726
148672	0.003948754846
148687	0.003305864761
148939	0.004907811147
149039	0.005188564111
149130	0.001466353399
149134	0.004282076963
149172	0.006350537274
149223	0.003080913482
149230	0.005653596573
149533	0.003825126129
149589	0.005839246038
149626	0.005259099008
149709	0.005805936722
149760	0.004150737479
149830	0.003740543026
149950	0.005005040862
150014	0.005297358254
150061	0.004581392636
150187	0.003921723093
150271	0.004841127209
150274	0.004186516618
150484	0.007108651663
150551	0.005511654492
150645	0.003295736222
150652	0.005539184899
150654	0.002515725066
150674	0.005189281343
150708	0.001498328801
150736	0.00339457845
150757	0.00447101231
150791	0.0002543478842
151092	0.005537359538
151185	0.008416087217
151275	0.005708547658
151546	0.003792089163
151587	0.004386014852
151723	0.005023791482
151732	0.005644957571
151786	0.004233867739
151900	0.007444752031
151923	0.004685852314
151975	0.007295667932
152122	0.005141627661
152168	0.007778440444
152265	0.004701711725
152334	0.002959607478
152340	0.003908973798
152348	0.003792752514
152432	0.002893285198
152449	0.004161809293
152764	0.004623910181
152785	0.00476958545
152834	0.004379118676
152853	0.005418827467
153177	0.0004452125181
153199	0.003586758534
153423	0.003540676112
153460	0.006293880923
153604	0.006261548025
153732	0.005590585053
153848	0.00595884094
153870	0.003560488322
153936	0.0054759664
154018	0.0009478556968
154044	0.005480538301
154067	0.005276912568
154068	0.005646270716
154132	0.005824282695
154143	0.0002062472663
154190	0.0004545236023
154346	0.004861329273
154363	0.005685548376
154527	0.002180885658
154681	0.006253275443
154760	0.005970575497
154892	0.003861897283
154903	0.006463804572
154984	0.005569481842
155070	0.005469720977
155110	0.004058998108
155132	0.005745486396
155228	0.001477624144
155231	0.006250157989
155267	0.007037104989
155443	0.004712922375
155671	0.006400893912
155694	0.005024645532
155885	0.004698474937
156127	0.006357149282
156293	0.005229400237
156314	0.003910766049
156340	0.005711779124
156354	0.001779817955
156631	0.005164835782
156667	0.005264199102
156674	0.0005588053039
156706	0.004115938735
156784	0.003537583753
157014	0.002476847455
157136	0.01035317697
157414	0.006542501781
157416	0.005470538051
157481	0.005688694227
157482	0.005488954173
157620	0.004232476774
157641	0.0003310700942
157710	0.003920622489
157790	0.005018762064
157843	0.005219620899
157864	0.005730066007
157950	0.003356406053
157989	0.004883259417
158062	0.00611053472
158211	0.004623559709
158401	0.003828059857
158476	0.003214144022
158479	0.004935569456
158570	0.005350885661
158664	0.004838328224
158759	0.004648039183
158794	0.002428458773
158849	0.004770396495
158895	0.004709654136
159093	0.005185529222
159107	0.004694657285
159121	0.006201989988
159212	0.004761976484
159299	0.005110732434
159320	0.005539562781
159555	0.005822259878
159648	0.004856757349
159683	0.005470421917
159704	0.004245997298
159711	0.004632761721
159891	0.005888591773
159893	0.004543376512
160014	0.005095486697
160060	0.006160167279
160154	0.005907300138
160321	0.004337077865
160430	0.004399624245
160432	0.004621080853
160507	0.0004657874927
160606	0.002324827306
160704	0.004923245915
160735	0.00355937843
160850	0.004306105045
160886	0.004350491962
160918	0.004208080726
160970	0.004789810402
161061	0.0005061623475
161063	0.003460365077
161149	0.005649694154
161151	0.004389233456
161169	0.004908989646
161204	0.005146400552
161237	0.003172622778
161294	0.005631710743
161318	0.00484001932
161360	0.006337075021
161556	0.003192116729
161615	0.001518829652
161748	0.004427287859
161982	0.004393065894
162191	0.00482159017
162268	0.005436783417
162278	0.004890710599
162445	0.006263863651
162530	0.004002029994
162653	0.005396964119
162681	0.005170519415
162715	0.002823525871
162725	0.005289167174
162821	0.003117818817
162929	0.001242039785
163121	0.005795145789
163129	0.005201933521
163154	0.001672464082
163229	0.004755824812
163365	0.005312895753
163454	0.005648234713
163603	0.001043733199
163715	0.004288287095
163792	0.00540829871
163858	0.004198619138
163869	0.003967255744
163944	0.00598405559
164069	0.0009268425494
164147	0.0005999521751
164205	0.003668468058
164286	0.0002446942988
164337	0.003926586133
164455	0.006053876374
164512	0.006216958117
164517	0.00378859534
164532	0.00799431434
164567	0.005694694619
164610	0.005152489297
164685	0.005047494407
164717	0.005361136116
164765	0.003712155242
164933	0.004489329805
164981	0.004230106326
165140	0.004931820639
165258	0.004046983693
165305	0.003533799223
165356	0.00275507001
165387	0.008277870951
165464	0.00529637115
165473	0.003509254414
165479	0.00560546677
165509	0.005389917396
165604	0.005561401455
165673	0.01057098696
165690	0.005188591383
165747	0.00112490867
165810	0.003937794785
166010	0.004511697233
166060	0.005551241088
166131	0.001927095862
166196	0.005542255098
166491	0.002562335456
166499	0.002274368489
166508	0.0008716722086
166554	0.004137109606
166594	0.004276907418
166675	0.00473725192
166761	0.007433512121
167012	0.002387357076
167659	0.005412251297
167733	0.00453356118
167899	0.004535126643
167983	0.002214633521
168053	0.004174527395
168224	0.004237952467
168256	0.006189492614
168274	0.004856679966
168279	0.003845708631
168329	0.005998663943
168454	0.001798706281
168529	0.005208762681
168717	0.006137937822
168776	0.002684095156
168816	0.003626143315
168830	0.006003230472
168969	0.004421486135
169003	0.005162087117
169130	0.004225407386
169171	0.005370996128
169282	0.003844111085
169340	0.004891211697
169492	0.004902526798
169650	0.005178800234
169715	0.0003862978959
169771	0.002228886762
169821	0.005777062332
169823	0.003278215107
170051	0.006551997864
170208	0.00657760485
170305	0.002764931932
170315	0.005184040769
170362	0.005180634682
170426	0.005959659311
170633	0.005532203617
170828	0.005692674928
170857	0.003959733361
170878	0.005615914746
170958	0.004567838644
170959	0.003439346397
170977	0.006043213006
171000	0.005851305805
171029	0.003548619029
171309	0.003561062162
171492	0.006038703481
171549	0.002093314577
171798	0.003361143261
171846	0.001045147663
171960	0.004890384776
172012	0.003830396107
172073	0.005161888364
172103	0.00477362313
172228	0.005271568348
172276	0.007760427641
172290	0.005471091731
172477	0.001010147937
172616	0.00589357362
172733	0.003502388977
172768	0.004122865172
172808	0.004509728796
172820	0.003657563848
172901	0.003281117001
173005	0.005438810787
173074	0.0004531958136
173175	0.0044716863
173231	0.005564695172
173237	0.006870046845
173317	0.004394836612
173320	0.003783520434
173334	0.004305922123
173380	0.002842266719
173483	0.004862626229
173561	0.004503834171
173563	0.002463788945
173602	0.001952493926
173762	9.337598356e-05
173855	0.003209991581
173913	0.004721275631
174108	0.005776230124
174207	0.004600233817
174388	0.003899159838
174608	0.005498131418
174653	0.005048717847
174683	0.005038002813
174746	0.007057401073
174871	0.002145797543
174916	0.0006844405305
174973	1.026501729e-07
175052	0.01107024964
175084	0.004533069061
175148	0.0003807925523
175197	0.004970293454
175241	0.005634176091
175521	0.006056423338
175545	3.737192157e-05
175586	0.004613714177
175598	0.002404188934
175692	0.005672251831
175797	0.003270698481
175854	0.002352599319
175917	0.004000782523
175970	0.003652028304
176006	1.438829199e-07
176127	0.004250620609
176223	0.00503983641
176301	0.00665686465
176359	0.005223264226
176559	0.004244028093
176717	0.006094655971
176780	0.002166342936
176782	0.002219353633
176795	0.00418261462
177194	0.003515536037
177423	0.004342232427
177449	0.0006689478831
177490	0.002591553353
177538	0.000209338121
177793	0.0003268004616
177860	0.002946860054
177897	0.004835472756
177957	0.004840400047
177981	0.0002953563281
178007	0.003982039583
178042	0.006129077138
178210	0.003829948845
178264	0.004738178522
178343	0.0006589555151
178395	0.004029946268
178534	0.003305775487
178588	0.005560199552
178627	0.00562691079
178718	0.004669244149
178805	0.005065993481
179030	0.005725098197
179096	0.004973847132
179297	0.004378514519
179513	0.004516670531
179681	0.004853248263
179792	0.007125050439
179825	0.005801746829
179837	0.006748116992
179959	0.004679916994
180080	0.002051959248
180137	0.004776042314
180240	0.005062948799
180378	0.005898107053
180700	0.006303920693
180794	0.000775168986
180941	0.004919484405
181049	0.003658451476
181078	0.006212945938
181098	0.007263672544
181172	0.004603981275
181222	0.006557769195
181224	0.002525499117
181234	0.006037832124
181265	0.006008288257
181412	0.00340675257
181472	0.004786814217
181525	0.005107242897
181626	0.004530836079
181667	0.003175132228
181734	0.003945805172
181863	0.00391847003
181913	0.004478078025
182204	0.00439508773
182617	0.00469213237
182618	0.004043078867
182692	0.003732553257
182757	0.001814006951
183010	0.004561549748
183015	0.006682059199
183028	0.007242833167
183247	0.004814489246
183542	0.006121709266
183644	0.004348986105
183657	0.004871916141
183671	0.002705423022
183940	0.005358920291
183992	0.002798540219
184229	0.005649648736
184235	0.005167848901
184525	0.005712446242
184560	0.002123285505
184567	0.0005142184395
184611	0.001071882438
184802	0.003957083181
185046	0.004669044728
185052	0.004762401227
185133	0.004554152051
185388	0.002993583739
185453	0.004835197886
185471	0.004829233743
185549	0.001555818642
185696	0.004767364755
185768	0.005772712343
185842	0.004640058942
186038	0.005874587103
186050	0.001167546943
186226	0.003893111513
186287	0.004395328031
186480	0.006208848012
186542	0.003359059824
186689	0.002135289021
186809	0.005206458628
186933	0.004713967612
187076	0.002601991408
187114	0.007848528134
187131	0.01150091036
187195	0.001154627526
187444	0.003312636522
187464	0.004773319745
187509	0.005649456292
187520	0.004989365835
187558	0.00473611436
187611	0.006686537393
187684	0.008463077747
187723	0.0004323014778
187831	0.006250091958
187850	0.002210747964
187858	0.006672571335
187861	0.00571690973
187879	0.003770354615
187904	0.005423878281
187945	0.001962981342
187957	0.003903557073
187994	0.0080611749
188000	0.005146136942
188008	0.006610584972
188125	0.004232965355
188127	0.003810962161
188211	0.004658625747
188315	0.004904292149
188316	0.006720927047
188496	0.005799268265
188567	0.0006506733735
188620	0.007141827138
188843	0.0040656286
188856	0.003151135399
188985	0.005037051481
189205	0.004705578368
189357	0.006201955615
189372	0.006566468577
189506	0.004144540945
189544	0.003594710314
189545	0.003790470287
189655	0.001095711649
189694	0.005246985639
189785	0.004176523109
189788	0.004624249865
189818	0.003484688777
189824	0.005152471985
189990	0.003455623875
190020	0.004925299745
190023	0.007429164647
190060	0.007138340698
190069	0.006633566591
190263	0.004483336267
190330	0.005047627941
190340	0.006823529398
190360	0.005564018593
190410	0.00470026313
190713	0.005562971029
190840	0.007923777478
190876	0.007329989341
190937	0.005586641402
191003	0.00592526776
191050	0.004623708448
191208	0.005287349942
191453	0.005749504413
191456	0.005388346619
191522	0.005269686899
191919	0.004084467245
191925	0.003632156109
192052	0.003667531495
192199	0.004326274892
192224	0.004121929395
192305	0.005567015854
192360	0.0001083190994
192410	0.005826614353
192616	0.007246380732
192760	0.004881451305
192795	0.003193630811
192955	0.004625935583
192957	0.0003776587819
193015	0.004969729274
193044	0.004959429901
193241	0.004040334792
193261	0.005390971143
193277	0.004993300493
193289	0.004577381847
193436	0.004943801314
193452	0.006378188077
193550	0.007433842806
193674	0.002710201633
193914	0.004159269415
193959	0.003333489803
194007	0.004809300531
194201	0.004477019647
194217	0.007142195286
194515	0.00394284999
194563	0.0023274857
194680	0.004296111145
194782	0.004924319265
194839	0.003386523779
194917	0.004827214754
195042	0.004824293178
195132	0.002154787364
195215	0.004233695256
195242	0.004467680119
195358	0.004194125797
195460	0.005048416836
195486	0.004811615239
195567	0.004524846176
195572	0.004598403034
195692	0.004581728362
195809	0.004013748302
195929	0.005380497325
195957	0.00565573276
195965	0.005476128987
196042	0.005766212265
196264	0.0017914935
196275	0.004344486903
196305	0.003672076172
196308	0.004382831529
196403	0.002962343796
196407	0.003238787073
196883	0.008021748139
196889	0.004340594637
196923	0.005852271053
196928	0.00580107095
197072	0.002964514097
197200	0.005194632071
197217	0.004872861752
197354	0.005013883177
197432	0.008938232976
197600	0.00113543777
197648	0.001300269525
197689	0.004194587742
197703	0.00520113774
197777	0.005371280387
197816	0.002794892083
197936	0.005510656089
197960	0.004335561423
198054	0.005062877428
198103	0.004734443527
198227	0.00342279081
198300	0.006822818955
198310	0.0006755110336
198442	0.008745875054
198510	0.005156695986
198549	0.005171688741
198613	0.003467315588
198742	0.003454813121
198770	0.004883849103
198771	0.004657735356
198867	0.003172769876
198877	0.003826832445
198937	0.004774766558
198946	0.0007653872346
199006	0.004350254105
199042	0.004208436498
199128	0.003213878563
199135	0.002408846352
199164	0.004587392225
199275	0.002754561675
199375	0.007116081508
199389	0.006335903842
199479	0.004260187565
199791	0.006327019597
199941	0.004119656615
200281	0.004639347397
200305	0.00509132002
200457	0.005693624433
200519	0.007528922823
200606	0.001253453716
200684	0.003913556613
200946	0.005835147071
201028	0.005718144956
201361	0.004630529994
201374	0.004336286073
201515	0.001788111656
201528	0.007955638284
201987	0.004072606531
202019	0.001003530302
202183	0.007404064024
202820	0.006994958303
202853	0.003926074536
203045	0.003440510328
203078	0.003023650535
203169	0.004774688261
203253	0.003781150085
203538	0.003756675268
203539	0.003929863133
203576	0.006338621256
203738	0.006940862941
203795	0.004924681289
203802	0.005624300609
203909	0.004167224995
204030	0.003657822491
204238	0.005301773885
204370	0.006362420157
204666	0.003428780144
204806	0.005770896006
204954	0.006113210454
204968	0.005045270988
205022	0.00408644693
205083	0.006306037307
205110	0.006208157307
205200	0.007684220593
205258	0.001353104091
205281	0.005513588316
205299	0.008423659083
205352	0.005145851155
205361	0.004925304743
205450	0.002656670096
205553	0.00460042858
205752	0.005570060953
205875	0.007162585285
205897	0.004244465771
206004	0.005098097153
206076	0.01031457647
206120	0.00062774624
206145	0.004306418659
206223	0.005707919659
206273	0.0008196148063
206330	0.002109679869
206353	0.002843411182
206510	0.001130420218
206605	0.004829150445
206629	0.00514725205
206660	0.004958441131
206971	0.0009564470537
207008	0.005608989683
207032	0.003969556088
207147	0.004351402756
207151	0.001454554013
207165	0.001575258256
207259	0.005444201978
207268	0.005148321159
207372	0.00793125789
207502	0.003854913074
207572	0.006387100767
207604	0.00318118485
207671	0.004243774983
207679	0.003236594693
207813	0.005192592899
208052	0.002528189758
208083	0.001933185173
208097	0.005959790863
208181	0.005700539202
208258	0.0046611527
208364	0.00485128299
208472	0.005052162474
208479	0.00349993923
208652	0.006093248582
208742	0.004057466777
208753	0.004647521049
208951	0.005124657477
208963	0.007029286307
208968	0.004299585599
209024	0.006984458818
209190	0.006438043363
209319	0.006678086257
209346	0.00515545382
209366	0.005317661069
209463	4.477877403e-07
209482	0.004146867473
209518	2.660555685e-10
209695	0.005578610051
209899	0.004557012844
209912	0.003842616857
210006	0.004426408576
210010	0.003814428922
210302	0.002460143622
210535	0.004079583808
210942	0.005068413018
211353	0.004492750184
211612	0.004980025108
211675	0.006058566488
211681	0.001865333834
211775	1.474353245e-07
211794	0.003917716905
211935	0.003495968506
212056	0.002569369394
212390	0.006665106022
212439	0.001499047385
212527	0.001281152256
212529	0.003479883171
212556	0.004661474091
212617	0.00443350568
212648	0.007470145456
212679	0.005742121929
212718	0.004682092321
212795	0.002330416491
212883	0.00450730252
212933	0.003815842683
212985	0.005611537572
213040	0.00470270914
213105	0.00578244114
213126	0.0008118670445
213141	0.005167296409
213194	0.00536641447
213365	0.004034499203
213532	0.002248806277
213566	0.001706810831
213634	0.004455272451
213749	0.004849439855
213936	0.004612073356
213992	0.0006668196733
214311	0.004906323732
214323	0.002828566945
214331	0.001831308538
214374	0.005564048597
214375	0.005092924796
214567	0.008307375244
214591	0.005803245381
214607	0.008018716693
214652	0.004710041658
214854	0.005660502706
214941	0.005987825829
215050	0.004432254141
215099	0.005126383975
215164	0.002250743792
215184	0.001929888391
215404	0.003867263287
215530	0.00410195487
215531	0.004440311375
215640	0.01110620884
215720	0.00255481976
215767	0.0003845425108
215786	0.00527851008
215873	0.004670342268
215884	0.003745144217
215975	0.003940434542
216044	0.003785391713
216128	0.003046156598
216171	0.004324723316
216180	0.00403395877
216252	0.005692210717
216270	0.005476163326
216311	0.006010004878
216648	0.005601916529
216667	0.006255867799
216717	0.004014739221
217035	0.003048017893
217413	0.002480017416
217472	0.006490515544
217480	5.847755762e-05
217568	0.004805145838
217651	0.003310978437
217771	0.004942184049
217867	0.00371603197
218157	0.004986171766
218215	0.001909342096
218295	0.00362850217
218356	0.001225766787
218490	0.005178934324
218522	0.006129674699
218528	0.006887723457
218617	4.77024964e-07
218640	0.006676305
218772	0.005102020949
218798	0.005055480876
218838	0.004566447655
218910	0.005382767187
219009	0.003665728261
219079	0.00541426839
219087	0.004079028541
219170	0.0018842598
219575	0.005010812977
219628	0.005419844744
219729	0.003125088435
219773	0.007525245922
219861	0.005143195014
220241	0.002300010454
220329	0.004830560477
220476	0.00399572765
220542	0.004820663237
220603	0.005498652808
220624	0.007077367078
220653	0.004439672484
220691	0.004535860386
220724	0.001411901853
220874	0.001999111365
220881	0.004795684343
221000	0.002717815625
221156	0.005275089858
221202	0.002271101914
221208	0.002863311126
221261	0.00745316634
221777	0.001745238225
221786	0.001229704306
221836	0.004084366223
221907	0.004136740014
221933	0.006673796186
221970	0.003504382386
221995	0.002147665782
222162	0.003855411064
222173	0.004172061564
222214	0.001543744889
222275	0.001529164147
222311	0.004749818393
222324	0.006406964252
222456	0.004706262837
222472	0.00394103903
222495	0.005777316335
222701	0.006303210497
222708	0.00497411255
222798	0.004100137208
222845	0.0006180423816
223013	0.007050922937
223018	0.0006516415083
223032	0.00563298122
223287	0.004358213355
223383	0.00707030445
223390	0.004668492401
223420	0.01023625672
223473	0.003105120924
223508	0.001218988283
223704	0.004475838066
223708	0.003608259663
224052	0.000276436017
224078	0.00448684535
224115	0.002036169664
224213	0.005637206709
224392	0.004320783401
224393	0.004795060731
224413	0.003886793444
224420	0.004618668258
224674	0.003602481824
224710	0.001835914312
224795	0.005045132579
224806	0.005081925349
224902	0.002301540586
224955	0.001466735138
224963	0.00406880713
225032	0.004416381834
225056	0.005167784693
225087	0.005166738265
225107	0.005054888655
225169	0.00477329264
225215	0.004400210473
225221	0.004939973994
225255	0.007865608263
225275	0.004978275191
225484	0.005409889883
225885	0.003772281807
225965	0.006348310979
225986	0.003228219516
226004	0.004682117987
226063	0.001940095725
226095	0.0006500504256
226145	0.003545247487
226172	0.004749484305
226188	0.004815446695
226544	0.004035196931
226845	0.001524788192
226960	0.004830080281
227031	0.003807839145
227362	0.001704351187
227408	0.004013009776
227427	0.004866383579
227600	0.002973192622
227669	0.004012398912
227744	0.005013275651
227799	0.006746577222
227801	0.004886683187
227842	0.006177531588
227934	0.00623754296
228027	0.004273091763
228139	0.005386725527
228151	0.00529350561
228278	0.004286237083
228435	0.007312280675
228444	0.004261058079
228603	0.001888218664
228671	0.001719573572
228673	0.001645308123
228790	0.006844803263
228889	0.004304733515
228933	0.006525451183
228966	0.004239704341
228975	6.744401218e-05
229027	0.004100972678
229105	0.0041741591
229115	0.003609321322
229116	0.003865713004
229218	0.004122023116
229281	0.004810500037
229304	0.00688838869
229306	0.005231676091
229488	0.001148952326
229735	0.003185919117
229773	0.00546134366
229995	0.005658652446
230009	0.007462410474
230163	0.004265061834
230319	0.007404527757
230325	0.003832081886
230335	0.004458924183
230359	0.006092143451
230369	0.004002279319
230547	0.006189045647
230599	0.005510412422
230650	0.004467246948
230810	0.004569142731
230824	0.004945843728
230990	0.002729908711
231026	0.004751491202
231027	0.005016122726
231102	0.001122524767
231152	0.001362881295
231282	0.001612118477
231335	0.004683672269
231344	0.00530214985
231378	1.565091108e-05
231542	0.004163521735
231601	0.002316909381
231748	0.003565984175
231792	0.007429936691
231812	0.00183900884
231936	0.006862202518
232041	0.007356051062
232058	0.004642078014
232104	0.004731027389
232118	0.005046532953
232255	0.006295237797
232264	0.005936391273
232450	0.004235545414
232514	0.005731788971
232633	0.003861580787
232708	0.005907119536
232795	0.008007395298
232832	0.0036828392
232878	0.005970248843
233057	0.007374426177
233219	0.003595617126
233229	0.005618989236
233304	0.003557049351
233373	0.005779503978
233376	0.002977972485
233378	0.004280833034
233418	0.00231733641
233521	0.005743146823
233529	0.006616002874
233568	0.002741311951
233632	0.002131620457
234039	0.005799122583
234185	0.006694568878
234346	0.00627902634
234373	0.005330288784
234469	0.003728162339
234524	5.887524992e-05
234942	0.00440470062
235369	0.005180066888
235374	0.0068147908
235446	0.004180260654
235482	5.178058235e-09
235510	0.01190259049
235567	0.001712450987
235683	0.003809549226
235715	0.004555321807
235820	0.004487110062
235829	0.003698872797
235854	0.004381535152
235921	0.004893440216
236120	0.001860450234
236267	0.01093379802
236301	0.006525211294
236349	0.005054269575
236385	0.003191850561
236394	0.0008753400028
236411	0.003929139765
236554	0.008822464538
236562	0.004390713636
236615	0.00182709469
236718	0.004968002891
236853	0.005417036816
236938	0.004540891311
237100	0.003960096053
237272	0.002678991956
237275	0.002929949758
237280	0.002571114378
237313	7.544501992e-08
237473	0.004302891853
237697	0.005678101461
237775	0.003581154717
237821	0.005985702272
237958	0.007351849592
237972	0.005635512801
238496	0.003183084565
238513	0.005368897921
238569	0.00561224823
238597	0.005612534945
238618	0.002603505623
238619	0.008775555802
238712	0.003735860552
238745	0.009328048628
239245	0.004381098601
239277	0.004359732296
239312	0.003988599985
239428	0.0019932268
239517	0.003602156907
239528	0.00634638713
239720	0.004548690068
239736	0.005144800759
239753	0.003233137257
239779	0.003835106115
239850	0.006483224825
239887	0.00434833957
239895	0.005479692708
240053	0.00367578802
240082	0.001634846117
240177	0.006548881321
240223	0.0004212070147
240281	0.001410162307
240312	0.006587972523
240413	0.004790528794
240426	0.0008250330966
240520	0.005680452125
240598	0.0004660756028
240654	0.006514059238
240666	0.005500078903
240745	0.004797796867
240757	0.002964161479
240925	0.002438935882
241079	0.004099829543
241235	0.00365540067
241558	0.004629809561
241565	0.003511698057
241600	0.005191450763
241605	0.006432538508
241641	0.0020711894
241735	0.003937793953
241785	0.00466844468
241804	0.005103084199
241847	0.004975650341
241854	0.01253484583
241952	0.01066292524
241994	0.006253783697
242009	0.004967931638
242048	0.007085286649
242322	0.004217465585
242346	0.005738189293
242402	0.005108836244
242556	0.004100894926
242731	0.002763772704
242751	0.005638209295
242835	0.00179960506
242887	0.00522722449
242896	0.00554819411
242987	0.003122342884
243123	0.003566549431
243151	0.006519508662
243171	0.004709762116
243315	0.004725410502
243330	0.004011860866
243377	0.004876434755
243493	0.004634719009
243686	0.001672712684
243881	0.006159406911
243975	0.004369674015
244164	0.006890960013
244240	0.0006125905209
244253	0.005873965068
244339	0.004313784441
244373	4.68909419e-08
244431	0.003186417104
244596	0.005160628839
244632	0.004786036957
244664	0.003138798786
244919	0.008667879304
244944	0.004359175341
245155	0.002003973891
245245	0.006223035038
245270	0.006245710707
245315	0.005789677586
245317	0.006197106945
245345	0.004884461499
245384	0.0002681142674
245405	0.005325709852
245490	0.006264163789
245665	0.003268801826
245735	0.003575210457
245770	0.00431900116
245837	0.003473150584
245985	0.004122435145
246002	0.003951961695
246028	0.007205893932
246101	0.003493671983
246256	0.006215523989
246354	0.003736703663
246424	0.003898378197
246507	0.004447049809
246926	0.004154554226
247112	0.006683032056
247183	0.005238364271
247490	0.00370484885
247575	0.003884395557
247576	0.01255539394
247599	0.003320486444
247755	0.002833864876
247819	0.0006665242088
247822	0.006198051385
247887	0.004981153517
248136	0.004221051253
248210	0.002878437073
248224	0.004694159215
248239	0.004658728207
248303	0.00847597968
248496	0.004188613491
248990	0.007026664238
249046	0.004454675648
249063	0.004074542565
249137	0.0003349750647
249152	0.005182691829
249228	0.002576406264
249295	0.005446164183
249354	0.007742609801
249443	0.006094264426
249475	0.003295066698
249587	0.003841564249
249631	0.005060440241
249873	0.004252572699
249875	0.001311866487
249987	0.003980319108
250017	0.007961493909
250084	0.001661744533
250107	0.00419369149
250179	0.005068563288
250182	0.004165367121
250206	0.004658685893
250207	0.006715315412
250216	0.008035098164
250410	0.000493930829
250460	0.004641238392
250608	0.005013699059
250822	0.002064094221
250936	0.002597525984
251088	0.005241480649
251150	0.0009076426576
251184	0.004886355902
251303	0.004290455305
251422	0.006297900011
251503	0.002146712642
251507	0.0008111990543
251517	0.007894859934
251526	0.001329266775
251584	0.004309103451
251642	0.005519233934
251672	0.005467080975
251804	0.005778021224
251840	0.002980937115
251891	0.005423310941
252005	0.0006826054832
252034	0.002357246263
252161	0.003879444632
252186	0.005516499248
252297	0.001863415439
252305	0.005702373481
252346	0.001022800627
252501	0.00435207185
252515	0.004354358086
252652	0.005099013059
252729	0.001220860234
252767	0.003203514737
252901	0.004045375331
252944	0.005225884937
253025	0.003671587101
253059	0.005862595288
253222	0.005573285389
253320	0.004009144737
253334	0.006154422067
253369	0.0004416047473
253374	0.002518476902
253429	0.004748576243
253438	0.004757967966
253537	0.005562550274
253540	0.005261464661
253611	0.0003424672195
253666	0.00580702481
253760	0.003195492871
253824	0.008491194057
253960	0.006299773846
254149	0.003537372332
254179	0.003744451733
254275	0.001557972541
254314	0.002278860222
254323	0.006660884253
254337	0.002832149654
254395	0.005513284851
254598	0.003822370201
254673	0.003048315602
254740	0.004468122773
254773	0.007198594057
254829	0.001798459706
254938	0.005285824355
254967	0.00398295889
254983	0.004395168676
255111	0.006028226702
255175	0.005982963696
255289	0.003437390691
255318	0.01081441252
255328	0.005092876632
255330	0.005509390008
255340	0.00434401444
255853	0.00338025226
256041	0.00293849962
256178	0.0003862258
256185	0.002883865406
256356	6.53279902e-08
256441	0.004578264795
256515	0.006042390288
256818	0.004748817553
256862	0.00408040915
256944	0.004023413165
257055	0.004239276248
257058	0.005460763247
257084	0.004650512756
257086	0.005945530673
257213	0.0051505741
257260	0.006535591105
257317	0.00613079092
257356	0.007308461466
257383	0.005487334289
257425	0.005845953729
257478	0.005472946012
257603	0.001988420154
257611	0.003965368942
257635	0.002658284641
257786	0.001507866496
257805	0.004714383621
258240	4.305218583e-08
258435	0.004418126345
258476	0.004789266623
258573	0.00497481258
258670	0.005017892709
258689	0.005972558534
258759	0.004034538135
258771	0.004817379962
258849	0.004705703138
258910	0.005129258141
258956	0.003592630056
259181	0.003638650635
259249	0.0036328681
259347	0.005466495351
259614	0.003723962374
259689	0.004307755448
259742	0.004706038406
259752	0.004107588793
259802	0.004187732081
260052	0.003545316353
260068	0.003181619505
260092	0.005693606911
260430	0.004195269771
260448	0.00362951163
260488	0.00178939394
260555	0.005272677042
260614	0.006173581554
260650	0.00381822834
260786	0.004799940321
260834	0.00981067335
260872	0.004244947908
260907	0.007001384843
260931	0.005743931529
260971	0.00517979927
261031	0.006549425722
261116	0.006129548674
261258	0.003812769175
261405	0.005604547309
261496	0.001272007835
261497	0.004875705014
261553	0.002490025215
261566	0.004191439292
261813	0.001858117073
261819	0.00276381554
261833	0.005539381378
261945	0.005639566283
261979	0.007542609633
262015	0.004301645462
262024	0.004097172678
262056	0.003261257549
262149	0.004714372479
262223	0.001273564413
262229	0.002247972222
262306	0.00555056775
262408	0.005860064551
262434	0.004557756166
262449	0.003856335483
262667	0.004641730221
262701	0.00649310416
262808	0.005875450883
262831	0.003500288354
262865	0.002296392271
263037	0.006636049588
263149	0.001708620437
263229	0.002499126738
263239	0.001296831713
263343	0.004154976148
263344	0.001710821065
263347	0.004394812134
263367	0.005004556579
263424	0.008716968946
263459	0.003775575305
263594	0.002679764494
263596	0.004769339116
263748	0.001177994713
263792	0.004143946813
263828	0.003493609497
263949	0.005263925654
264001	0.003029858965
264109	0.005935493574
264187	0.005041194511
264211	2.20772735e-08
264224	0.002681995357
264293	0.00416639322
264395	0.002122517282
264398	0.004771239833
264438	0.00440146614
264482	0.005171978126
264484	0.004882400549
264485	0.005110483552
264542	0.003690959249
264627	0.004901262244
264728	0.005105789916
264848	0.004854676224
264925	0.008889403574
264944	0.003813675693
265144	0.004974424184
265209	0.0033477556
265397	0.007584595957
265401	0.007220080453
265447	0.006284312232
265555	0.001418507307
265585	0.003854448272
265601	0.00609134946
265792	0.004209915894
265986	0.006019908221
266167	0.004434618684
266367	0.004616448507
266368	0.003988647741
266416	0.004062050485
266436	0.002848334527
266574	0.006561993873
266741	0.006297270195
266798	0.0003936763478
266937	0.003918507307
266948	0.004640677791
267062	0.005204237429
267129	0.003688974373
267233	0.006212294259
267288	0.005295945301
267405	0.004082315376
267445	0.003793392801
267465	7.022454776e-05
267479	0.004393127936
267672	0.005931640202
267751	0.002831997652
267808	0.0024671952
267906	0.005280006905
268039	0.003370697843
268105	0.004672770314
268170	0.00469621246
268221	0.004434037809
268257	0.005028384852
268346	0.004822897049
268529	0.003931548454
268620	0.004502880758
268902	0.004982621375
269015	0.005601238318
269059	0.004564107069
269069	0.007110985112
269085	0.007624043491
269091	0.00425493663
269107	0.004972136759
269143	0.001571105909
269185	0.005098772421
269269	0.007036900198
269283	0.006414331967
269318	0.004109355144
269366	0.004156808834
269404	0.001980358189
269467	0.003173906959
269526	0.002338073493
269545	0.00343405496
269591	0.001469183271
269650	0.004765772316
269657	0.0003361754289
269760	0.003407739865
269792	0.007818462764
269895	0.005816420517
269997	0.004076545156
270009	0.001499118292
270120	0.004569525912
270196	0.002311760815
270206	0.006698133922
270303	0.001587096581
270557	0.00756923386
270560	0.004091459854
270568	0.006047855299
270588	0.003694871896
270638	0.004610870524
270669	0.004145335189
270783	0.004662357719
270865	0.006382871584
270963	0.006975805756
271047	0.004087505638
271194	0.006377345255
271266	0.003369358056
271278	0.001035211101
271393	0.004537329907
271465	0.004988611071
271472	0.003370533434
271502	0.003361456283
271727	0.003958069883
271865	0.0004149256591
271887	0.004801292954
271958	0.005964164688
272284	0.0005861472406
272361	0.005550975868
272496	0.004820002249
272556	0.007244333595
272821	0.004517554556
272855	0.00609226345
272876	0.005955278681
273027	0.001081324352
273139	0.005542282102
273203	0.003602998188
273206	0.002652861844
273274	0.004672718167
273340	0.002537279846
273395	0.007329620735
273552	0.004521032988
273787	0.00604048806
274057	0.002952067303
274123	0.004269939302
274176	1.411284565e-07
274407	0.005872642371
274485	0.00819115272
274536	0.01160370686
274574	0.004040685083
274604	0.006483892009
274798	0.003730179837
275041	0.002562359328
275103	0.004714718355
275224	0.003712887944
275525	0.005201761767
275549	0.00686334406
275568	0.004965481192
275637	0.0007267420722
275641	0.003542452089
275727	0.004974514786
275880	0.005061080622
276111	0.003086210939
276157	0.006652836566
276182	0.004907301229
276189	0.004614543129
276262	0.004023348727
276268	0.0001695431357
276278	3.345272165e-09
276340	0.002525929125
276438	0.004349386372
276465	0.003120924682
276466	0.007575612966
276554	0.005415385324
276677	0.005483374642
277110	0.005596340331
277134	0.005474119351
277222	0.005545110882
277261	0.0007379234053
277304	0.004083035933
277310	0.004178185394
277317	0.003855261368
277439	0.006781523451
277577	0.003437335232
277617	0.006400103061
277636	0.004682422616
277679	0.005064665387
277761	0.00361395064
277816	0.004370896678
278244	0.00435370426
278263	0.003433497325
278475	0.004796389687
278627	0.01248706658
278644	0.005418416146
278862	0.008296109943
279296	0.003768659544
279303	0.005197656994
279469	0.005026826464
279594	0.003520668103
279709	0.005248862005
279713	0.00758875553
279745	0.001355203504
279746	0.0009720028597
279770	0.0004569178822
279808	0.004776945804
279905	0.002054626167
279979	0.005307221583
280023	0.001798498614
280049	0.00654582836
280162	0.001298788671
280210	0.004835123946
280337	0.00282959845
280568	0.004714505376
280697	0.003795377419
280981	0.007029222716
281324	0.004031436954
281407	0.005090369289
281546	0.004296279371
281558	0.006464113982
281648	0.003139905266
281713	0.0003867377763
281753	0.0008506667123
281777	0.006223233018
281868	0.00548974625
281911	1.141927911e-08
281920	0.005692523112
281998	0.001282351296
282006	0.002251313855
282064	0.001451381451
282092	0.002029159077
282097	0.004501202783
282100	0.006495222934
282101	0.006509760251
282103	0.006547347267
282118	0.004593946523
282205	0.005296923051
282220	0.004853716442
282283	0.0005399624545
282468	0.0115857093
282565	0.006393633585
282665	0.006152153243
282774	0.006171268944
282851	0.0009626239827
282918	0.007149393601
283203	0.0008613661914
283434	0.004791978449
283868	0.006435671092
283876	0.005304988501
283969	0.008800170949
284144	0.004040571748
284149	0.004734122283
284161	0.003329173261
284279	0.004988217859
284598	0.003506970886
284679	0.004028218136
284737	0.005004053747
284834	0.006330673259
284957	0.002336743475
285101	0.006354117875
285151	0.007436538145
285206	0.004370516808
285207	0.004484678971
285251	0.006093874738
285295	0.006060489848
285399	0.00907095555
285515	0.003772818956
285516	0.002808206761
285532	0.00144149291
285614	0.000807315575
285626	0.002825072772
285739	0.004186010623
285873	0.006831602104
286070	0.003585249298
286280	0.006640296987
286289	0.003660665889
286354	0.005761702201
286375	0.00326532647
286571	0.002394033772
286659	0.003696865638
286813	0.003578375821
287026	0.003825452506
287217	0.003126490284
287514	0.006606759981
287563	0.004973291916
287624	0.004916056796
287787	0.001541251598
287984	0.00548734029
288180	0.00336183761
288187	0.004272632659
288326	0.008675424118
288475	6.171021489e-07
288556	0.004836855858
288673	0.001409306048
288701	0.004896219171
289081	0.006975647858
289122	0.005097523169
289170	0.005499905288
289409	0.006210666381
289444	0.002143085557
289454	0.006402193671
289501	0.006583932362
289595	0.003395119155
289738	0.0009569157427
289796	0.004951975921
290020	0.003035817117
290023	0.003956360118
290032	0.003863053144
290094	0.004341539683
290283	0.00465160054
290356	0.004789190609
290401	0.004848278636
290464	0.005525135949
290826	0.004825317909
290848	0.005288125281
290874	0.004901614001
290911	0.00451973106
291179	0.00159697497
291181	0.004207405622
291389	0.007039025659
291440	0.004266568656
291645	0.005222122711
291739	0.003199276556
291843	0.001060044301
291911	0.004372578315
292380	0.00346138611
292402	0.005365634301
292452	0.001106409436
292654	0.003253215894
292803	0.003253341256
293045	0.004974779193
293048	0.007486324658
293057	0.0005942054987
293148	0.005238807607
293212	0.006241509062
293523	0.003823054436
293529	0.004839487243
293595	0.003978404595
293871	0.004941911189
293878	0.00627935342
294082	0.00706022025
294348	0.001788817135
294494	0.003533217607
294588	0.001604428308
294609	0.01313126167
294668	0.008812969917
294723	0.003129793954
294907	0.004218539151
294985	0.006753531202
295284	0.006296041463
295285	0.00680461327
295515	0.001265602703
295572	0.004636060879
295629	0.004943993258
295695	0.002346190914
295855	0.003755064459
295898	0.005178761794
295933	0.004862866091
296081	0.004878373929
296143	0.005665029255
296174	0.008473855334
296520	0.001387870959
296758	0.00629509873
296824	0.004945383851
297068	0.00582291373
297073	0.006468778766
297118	0.005530851267
297155	0.00403700115
297198	0.0005355674551
297221	0.004945793307
297320	0.002938062174
297700	0.004549967513
297712	0.01569328275
297759	0.004436234574
297767	0.002010685186
297784	0.004284586818
297830	0.01140967805
298108	0.005421684526
298253	0.004139518172
298260	0.001497931025
298487	0.005216171223
298511	0.00230906631
298528	0.006368672329
298564	0.003938240285
298663	0.000352765022
298679	0.003212875981
298944	0.003991531952
298960	0.003808609625
299225	0.005074875042
299338	0.0008156442158
299364	0.005163283039
299374	0.00454587759
299400	0.00375098662
299521	0.002827548078
299537	0.003735870841
299553	0.004400007212
299557	0.004410654082
299636	0.00681149406
299681	0.006189402517
299752	0.005194643595
299862	0.003961207194
299910	0.004288426539
300028	0.005133628426
300142	0.002485589966
300174	0.001487918205
300276	0.004041423611
300340	0.0008414528772
300378	0.00379908665
300387	0.005352806441
300444	0.0002783122248
300445	0.00394891163
300642	0.005434148652
300806	0.004888418907
300924	0.001956081727
300944	0.002286936971
301059	0.003392885821
301088	0.002962074288
301113	0.002676381384
301202	0.005190143612
301529	0.001610317034
301608	0.006202390241
301628	0.006548729176
301876	0.004632409874
301904	0.004294647703
301945	0.001145685508
301991	0.005612380683
302039	0.0008359938224
302074	0.004143683188
302284	0.004180412434
302490	0.0003734333856
302499	0.006602181739
302681	0.004526931013
302693	0.003372162657
302719	0.004109903831
303202	0.0003699778091
303218	0.001555368202
303253	0.003297621947
303349	0.006237778172
303423	0.004792750763
303510	0.004172470758
303605	0.0005535350043
303640	0.004307765303
303684	0.004869509048
304071	0.005920086487
304074	0.004412888441
304143	0.004560670375
304187	0.004338930908
304214	0.005292185197
304225	0.005374248938
304306	0.005840687346
304315	0.006125502769
304330	0.002263471316
304333	0.005835515612
304335	0.000869168177
304463	0.005206123603
304621	8.342221339e-05
304652	0.004026496338
304914	0.002898267825
305004	0.003161415876
305071	0.006249315188
305207	0.0007282586234
305366	0.005367008249
305610	0.004944999419
305634	0.004175720231
305672	0.003555565236
305712	0.004284740785
305719	0.005142750552
305733	0.006512862205
305919	0.003852791907
305934	0.004845769148
305970	0.002815726393
306094	0.004667685243
306119	0.00443241286
306153	0.003686136136
306167	0.004351898981
306196	0.005141517261
306292	0.004922276837
306319	0.005239235244
306493	0.001767625974
306549	0.004448405199
306624	0.002904067216
306742	0.005068894285
306818	0.005380541907
306853	0.003366113086
306881	0.002492799851
306967	0.003817324592
307059	0.005278080781
307103	0.005545078977
307118	0.00310269697
307121	0.0001686774405
307186	0.005858655771
307339	0.001297309468
307351	0.003559579594
307497	0.004757004616
307641	0.004026584956
307950	0.005519661982
308058	0.00580244094
308085	0.005728798464
308111	0.003442876094
308275	0.006357371378
308316	0.007965716084
308345	0.005633222641
308443	0.004085404829
308556	0.004897732326
308657	0.00296846942
308919	0.0023594571
308983	0.00682913496
309058	0.002830683457
309206	0.004002548911
309268	0.003075230107
309418	0.003100037624
309606	0.007888682337
309626	0.004076412919
309696	0.004606595832
309777	0.004287421609
309942	0.00533114656
310190	0.005593144739
310202	0.004497459734
310228	0.005667761873
310232	0.003637102016
310235	0.005155325994
310283	0.005176904121
310458	0.004316843131
310460	0.003964174856
310699	0.004832747799
310850	0.004959843486
310976	0.005703271435
310986	0.003804326091
311309	0.001775607228
311334	0.005344922409
311361	0.004915263228
311379	0.0001394015837
311428	0.005422826342
311481	0.005515751398
311512	0.004317414839
311714	0.004654513619
311766	0.006267034022
311956	0.006675484042
312068	0.005530966139
312186	0.003364706199
312412	0.003281888123
312838	0.004778539344
313054	3.025906491e-07
313200	0.004448709874
313280	0.003745816939
313362	0.004921713043
313509	0.001591343615
313526	0.004096327654
313558	0.001429284177
313597	0.002485940114
313598	0.003204279332
313647	0.003451383887
313765	0.00515317697
313787	0.00527900422
313858	0.00423949462
314143	0.004509887325
314204	0.004090105057
314268	0.007335317977
314379	0.004725245428
314407	0.004239485256
314635	0.006420194577
314755	0.001406253419
315201	0.004966150392
315210	0.004827905887
315364	0.004874442848
315507	0.00595697653
315603	0.005562796569
315659	0.00504251397
315751	0.0003021804064
315881	0.003060255621
315918	0.0003479622145
316001	0.00472358932
316146	0.006418123758
316220	0.003687149419
316230	0.003688741658
316355	0.003903178023
316382	0.004534318192
316384	0.00529868805
316406	0.002998749149
316436	0.005102108015
316460	0.007309582707
316487	0.004241082392
316689	0.003663788535
316810	0.004777143227
316882	0.0008873236669
316978	0.004068300892
317104	0.003711596436
317108	0.003888923815
317141	0.004679429073
317228	0.004909482943
317239	0.003588164199
317357	0.003836031758
317499	0.005879698709
317607	0.004691236927
317762	0.003869258623
317784	0.003628564678
317847	0.006994969763
318045	0.002509393562
318273	0.005877252135
318371	0.005192818838
318480	0.006918167407
318488	0.003692353487
318604	0.004475257312
318808	0.005770035674
318950	0.004220668483
318954	0.004198927561
319005	0.004909008725
319025	0.002494973588
319032	0.004415353019
319055	0.003714246944
319125	0.004411676884
319372	0.004953283932
319623	0.004404715621
319842	0.004449130788
319960	0.003708137913
320041	0.005000195765
320227	0.003344234062
320392	0.003617289023
320403	0.003432339387
320440	0.007619387958
320686	0.006558852489
320715	0.004834636596
321009	0.00250190361
321160	0.001045622009
321183	0.01060288987
321263	0.004314845404
321513	0.005357934807
321556	0.001891256081
321646	0.003103714593
321657	0.003436526671
321674	0.009762874147
321677	0.002667624059
321747	0.006227439771
321800	0.005735784346
321904	0.005502590927
321933	0.003800276973
322031	0.002307741243
322122	0.003941915294
322270	0.004077924538
322290	0.002539945314
322387	0.001019016895
322427	0.001145121641
322480	4.908772333e-05
322517	0.007224921362
322543	0.0009645738184
322633	0.005984485127
322940	0.003883757539
322967	0.003525810331
323150	0.00367163433
323197	0.005902996273
323223	0.00484984235
323277	0.006252716654
323355	0.004065759499
323386	0.003615799113
323430	0.006775910501
323559	0.003395916141
323575	0.00573484633
323610	0.001624824312
323639	0.007332573363
323685	0.002922554225
323850	0.0009014616731
324012	0.005585154173
324080	0.002934977235
324161	0.008045743086
324177	0.002050127509
324266	0.004251388885
324267	0.006003290844
324415	0.005836049988
324569	0.004496050354
324677	0.004944153422
324704	0.006290638717
324878	0.005636169832
324915	0.003770181563
324976	0.004934499562
325071	0.00585357922
325075	1.325078022e-07
325095	0.004951414445
325135	0.004773920877
325161	0.00517949816
325321	5.138129696e-05
325588	0.005418719494
325654	0.002297687813
325728	0.0069273916
325854	0.004630598307
325989	0.005852226672
326110	0.0006764196854
326236	0.005415081069
326353	0.003694813656
326413	0.003561347983
326446	0.004919536182
326550	0.004127082109
326597	0.005767799305
326663	0.004466519571
326689	0.003934235569
326695	0.004313591901
326824	0.001908702811
326866	0.005270090096
326872	0.00623555268
326964	0.00400028537
327068	0.003027224872
327084	0.00474112099
327366	0.001760398587
327391	0.0004359697584
327421	0.003623929812
327443	0.001043067061
327471	0.005419226298
327557	0.004581231514
327669	0.006014505391
327686	0.004211370395
327691	0.005112261748
327733	0.004369484725
327766	0.005969473761
327802	0.002568265465
327818	0.005856581518
327846	0.003985661329
327991	0.000852142521
327995	0.00464922899
328009	0.01024933378
328028	0.009502823978
328047	0.00590364508
328160	0.003738937343
328492	0.002772695985
328667	0.00160492811
328727	0.002706578796
328906	0.006107565765
328914	0.004410180704
328915	0.006421750513
329014	0.006030709907
329061	0.004721697569
329130	0.000189929875
329156	0.01010440761
329216	0.003436977689
329273	0.00559627067
329357	0.00446741402
329495	0.007297353489
329712	0.0003291148561
329931	0.006457511425
329944	0.00901314949
329969	0.003717492659
330000	0.005218392857
330139	0.004908580684
330178	0.005085446506
330240	0.00496714115
330339	0.006061408588
330381	0.005566273605
330453	0.004413164309
330514	0.007788698575
330531	0.0008303187537
330585	0.004947371394
330750	0.004308009455
330807	0.005942706135
330809	0.004225756477
330842	0.006499712602
330845	0.004561067578
330993	0.004026437237
331041	0.003514691147
331053	0.005847288238
331057	0.004893534096
331134	0.003823203412
331206	0.01026208235
331415	3.223400514e-05
331507	0.004624022324
331782	0.005412153064
331998	0.001855867102
332080	0.004052964171
332411	0.002845052298
332633	0.006421876595
332873	0.0007648491582
332954	0.004798060202
333193	0.007629183695
333453	0.004407541794
333715	0.00524847491
333953	0.004765133206
334008	0.005096385491
334154	0.003474300452
334190	0.006445618363
334270	0.002990155172
334317	0.005067485214
334318	0.002083984452
334614	0.001266574462
334626	0.003234792709
334657	0.004625779426
334725	0.006877516317
334763	0.008478879471
334847	0.0014818101
334861	0.003074597101
334863	0.001968097
334865	0.003621944768
335098	0.00411307549
335119	0.006600654744
335221	0.004375626833
335245	0.004186835004
335315	0.005638324529
335377	0.005484055425
335433	0.002237238071
335455	0.004643272197
335484	0.004711181274
335746	0.003038230076
335807	0.004306570509
335906	0.004135162222
336226	0.00292572051
336391	0.00438163673
336543	0.0002093529842
336581	0.004154652416
336588	0.007332305921
336645	0.003726050423
336732	0.003436067479
336756	0.006566610315
336833	0.002701885101
337022	0.005464445377
337291	0.004221689268
337389	0.003875485209
337411	0.005988844154
337500	0.006380227975
337529	0.005192643634
337537	0.005964264844
337682	0.004579853603
337780	0.004702801116
337794	0.003615353814
337814	0.007032790127
337836	0.004341067112
337856	0.003412912549
337920	0.002835748162
338094	0.007169744361
338102	0.004996366716
338143	0.001252888311
338292	0.008631511458
338308	0.0009296500934
338362	0.00533390956
338423	0.008288436629
338452	0.003938454162
338473	0.0009802371158
338839	0.005069984599
338878	0.005663446582
339020	0.002905221213
339123	0.004116291338
339203	0.006091808376
339331	0.003406823151
339473	0.005188053526
339585	0.002954162507
339604	0.001225570602
339628	0.002827734093
339789	0.007335888812
340003	0.004211142241
340009	0.001453195954
340016	0.005759691176
340201	0.003362795547
340363	0.001203856519
340408	0.002718189718
340445	0.004901569845
340510	0.002275829162
340567	0.0003349247861
340595	0.007339914513
340781	0.00468162523
340904	0.003797878585
340954	0.004200807744
340962	0.004631532129
341062	0.002628565803
341089	0.004211008603
341264	0.01441631585
341281	0.005162768201
341437	0.004408252718
341537	0.002903435957
341833	0.004962687702
341837	0.007820040988
341915	0.005300237096
342011	0.005056583407
342050	0.003521023143
342179	0.00123120304
342209	0.005131357624
342393	0.004522632345
342422	0.004564968808
342434	0.004775582853
342446	0.005988401355
342449	0.002387083285
342474	0.001336377397
342599	0.002039330557
342945	0.005082394505
342957	0.005659920747
343000	0.006675213578
343018	0.005017947542
343047	0.003773065082
343079	2.612554681e-08
343090	0.0002883411426
343096	0.0005706125953
343319	0.0001837798802
343583	0.005635886512
343592	0.003149339144
343677	0.005426571995
343684	0.0048065677
343721	0.003365109371
343791	0.005077183907
343821	0.003814871022
343842	0.000803055408
344271	0.002968666202
344320	0.003061866876
344328	0.004961821653
344440	0.002544417122
344442	0.0006073672254
344707	0.004041971849
344761	0.005363106883
344836	0.00490917687
344837	0.004550446997
345103	0.004943895993
345145	0.005779403453
345304	0.004774101883
345325	0.004822889323
345390	0.007072873178
345491	0.005357779401
345567	0.005044867005
345688	0.004992393883
345731	0.001823710978
345778	0.008235139839
345948	0.007084444173
346074	0.004147340009
346300	0.004377943007
346586	0.005931541311
346654	0.004424680338
346829	0.006918116654
346840	0.005431570583
347131	0.005548904884
347209	0.001645334909
347312	0.00519101891
347463	0.005679256855
347476	0.006231815584
347489	0.00468844962
347689	0.005832608354
347716	0.003992310464
347770	0.00599706726
347810	0.004335342435
347909	0.0009993196158
347957	0.004717691211
348002	0.002217266385
348069	4.127385044e-05
348203	0.005256413966
348290	0.004745856145
348415	0.002881337587
348471	0.004570671086
348495	0.005850892535
348547	0.005488490096
348638	0.00688900394
348651	0.00515409949
348695	0.003297304905
348830	0.0008809050623
348855	0.005746308987
348916	0.004662357895
349044	0.001333379335
349116	0.004169128066
349134	0.001096111355
349146	0.00151246531
349202	0.00699561818
349303	0.00582751299
349365	0.006722147112
349553	0.004307615637
349566	0.002469103551
349601	0.006190671995
349724	0.001217293833
349874	0.005072269117
349971	0.005683047449
350134	0.004568770223
350323	0.004683761019
350396	0.002039538804
350399	0.003851471266
350439	0.004277997887
350454	0.004749734187
350512	0.005312417104
350535	0.01130268746
350692	0.00557001861
350783	0.006192909368
350904	0.0006440253074
350939	0.006469193769
350963	0.008873175818
350992	0.006124514157
351100	0.003421235296
351112	0.005424320533
351199	0.004509939487
351262	2.652079959e-07
351458	0.0051255097
351490	0.005973772299
351666	0.007496426584
351852	0.006418839781
351937	4.378768951e-05
352228	0.01527586497
352265	0.004341284245
352270	0.005430369212
352318	0.001595592634
352420	0.002626419681
352643	0.003396141242
352677	0.001201166474
352733	0.004849121366
353011	0.003197086816
353383	0.001750983916
353626	0.004484716239
353851	0.008360806092
353982	0.004723331336
354038	0.008581073675
354206	0.0008555177079
354220	0.004978065111
354347	0.005003833434
354499	0.004814035027
354847	0.004862794642
355127	0.00429699715
355243	0.00225383258
355448	0.006434471461
355537	0.001106878898
355551	0.005021744391
355560	0.0001591256864
355564	0.004016743808
355622	0.005674897857
355687	0.006251823332
355805	0.005227140607
356075	0.001052976939
356100	0.002626693498
356163	0.004071781622
356187	0.004626684439
356416	0.004183659144
356448	0.002618569244
356765	0.004281754583
356884	0.000594718955
356979	0.001764732205
356987	0.003353243929
357024	0.0003656733574
357036	0.002603522313
357091	0.004005455868
357111	0.004846513134
357283	0.001699284395
357336	0.004542702555
357587	0.002404709288
357686	0.004705106761
358077	4.772585676e-05
358084	0.004855406025
358212	0.002787176759
358232	0.006042440529
358278	0.001964303808
358367	0.004196573724
358387	0.0007584153273
358470	0.007806921762
358599	0.004661088437
358715	0.004795633239
358814	0.004248651446
359135	0.003650033441
359190	0.001490156682
359358	0.005674119613
359390	0.00444644965
359403	0.003183396708
359458	0.005786227122
359481	0.005304832253
359561	0.005784098338
359611	0.005514971511
359629	0.005342109052
359743	0.004034525424
359756	0.0001164623807
359767	0.007035841972
360056	0.001411842174
360113	0.004243911911
360162	0.006881282373
360196	0.005143358099
360405	0.004959177162
360416	0.003564168952
360839	0.001822648078
360972	0.004073072072
361213	0.006740718441
361261	0.001230325849
361463	0.005098841723
361544	0.003900158921
361578	0.0009629722259
361581	0.005368486715
361599	0.001612257238
361754	0.004587836919
361759	0.001843522638
361797	0.006248750718
361815	0.005610913177
361931	0.007557640529
361984	0.008039305877
362069	0.003350500717
362077	0.005095336451
362331	0.004988163365
362337	0.002473565829
362361	0.005434432494
362446	0.009749205053
362447	0.0005284041445
362491	0.005339332067
362603	0.004468142785
362643	0.009384899229
362744	0.006168252797
362746	0.005981510573
362849	0.005486318671
362939	0.005355161448
363142	0.00912586571
363329	0.004382822504
363333	0.005923775787
363468	0.003439190714
363498	0.004956131265
363635	0.007210895927
363840	0.003599799219
363885	0.004256735223
363899	0.002311915238
363906	0.005404495611
363907	0.006088958945
363982	0.004752270828
364030	0.003311108871
364205	0.0012149189
364324	0.006302625627
364541	0.005247837786
364679	0.004857310189
364728	0.005764491102
364827	0.003751658044
364871	0.003805383226
364916	0.006904113163
364939	0.003897216139
364969	0.005366040996
365058	2.512750996e-07
365074	0.0002088045625
365121	0.004721958059
365236	0.003925119978
365327	0.004428440369
365508	0.01022224822
365685	0.00624213903
365909	0.006989949592
365995	0.004667243695
365998	0.008083191389
366136	0.006637749455
366191	0.005943682643
366356	0.0016676488
366478	0.000792615737
366498	0.004089376285
366604	0.005322271658
366642	0.003139475766
366695	0.004033754834
366696	0.001518440599
366769	0.004374241158
366825	0.003869966067
366908	0.003888096782
367004	0.00888020957
367008	0.005508162827
367072	0.0001984803368
367079	0.005169429
367100	4.681904553e-08
367239	0.005354581412
367648	0.007255152373
367961	0.001054590213
368037	0.004903159804
368100	9.220638282e-05
368105	0.00108926744
368300	0.00665134262
368475	0.004378942395
368544	0.004571329825
368585	0.002953064003
368615	0.005935233711
368621	0.0058412574
368653	0.004492762759
368855	0.004593556339
369025	0.006932002614
369111	0.004754332059
369313	0.006258787035
369341	0.004289757756
369365	0.002384081546
369450	0.004985401263
369532	0.005672632719
369662	0.005174906779
369663	0.004685730822
369682	0.00245517584
369757	0.004731058094
369788	0.006350408828
369803	0.006401004713
369968	0.005428362016
369983	0.0001943371231
370104	0.004503711644
370109	0.006612543401
370129	0.00558961095
370131	0.005242966172
370147	0.0002193354215
370163	0.002452350831
370429	0.004983215163
370435	0.005116770349
370445	0.004381328982
370567	0.005462027558
370757	0.005997841139
370767	0.002133497592
370786	0.002397988678
370833	4.123814682e-08
370974	0.003558571057
371020	0.005618607492
371069	0.003836692576
371095	0.005419166913
371203	0.002986398016
371215	0.006503388317
371259	0.005227296281
371284	0.005089985417
371373	0.004536991542
371390	0.003835334034
371417	0.001475368287
371566	0.001240194317
371610	0.004652972362
371611	0.006139006833
371643	0.003893769218
371666	0.0002961624199
371676	0.006916506844
371723	0.004987771705
371852	0.003539798246
371943	0.004479531818
372052	8.450266774e-08
372135	0.006011958147
372277	0.0006896417294
372327	0.001930806566
372408	0.005454672983
372460	0.004340511203
372580	0.008100845814
372604	0.00403329102
372666	0.00487490987
372709	0.002097301688
372760	0.004042668139
372813	0.001098869471
372818	0.006663501372
372836	0.002408818184
372871	0.004105015696
372891	0.003875745332
372918	0.002018664892
372963	0.006779046497
373174	0.003087557894
373240	0.005124074663
373404	0.004885261059
373420	0.007623709508
373467	0.004876382537
373484	0.0002635301417
373567	0.004827603312
373629	0.003979380872
373927	0.003121320153
374022	0.003433126172
374042	0.003696161271
374062	0.004782043741
374178	0.002864561816
374292	0.004813161659
374342	0.004698767097
374458	0.005575480455
374516	0.005268684343
374522	0.0007892747907
374598	0.004587309741
374616	0.003133882904
374904	0.005712109346
374944	0.005456614889
374952	0.003112023956
374992	0.006146350414
375059	0.002752202855
375167	7.907217568e-08
375425	0.00495290936
375463	0.003943447951
375500	0.008913419967
375683	0.007458112119
375711	0.006358120841
375721	0.005375209778
375855	0.004434513439
375934	0.004171744821
376128	0.005309908855
376142	0.0054076876
376198	0.002196000776
376226	0.01046130399
376339	0.006269229435
376353	0.006786798306
376535	0.004100552907
376826	0.004353815043
376894	0.005273916173
377044	0.00472187956
377189	0.004129373518
377350	0.0046542466
377401	0.001155264637
377410	0.001570956035
377814	0.004770675564
377818	0.007297016003
377896	0.006865584108
377917	0.004894309169
377919	0.009474806017
377926	0.004349670018
377940	0.007130291804
378253	0.008795178644
378286	0.005753486431
378415	0.005300102496
378551	0.004308020803
378907	0.003893353257
379073	0.004732342273
379225	0.005448684677
379227	0.005713619452
379269	0.005881615455
379318	0.004748905617
379338	0.005379134534
379402	0.005273047459
379449	0.005233449397
379629	0.004838302206
379682	0.004497844041
379832	0.005218247795
379834	0.003401452248
379836	1.370313555e-08
379890	0.006113578754
379905	1.716903901e-07
379988	0.002602324625
380033	0.002068431335
380074	0.004880463618
380086	0.0002611132232
380177	0.006817584743
380353	0.001926450421
380455	0.005902798161
380475	3.493614434e-05
380630	0.005078543016
380978	0.007257963906
380983	0.002475803622
381080	0.006544998535
381126	0.003437824804
381281	0.005548709581
381309	0.01182768014
381420	0.006158583791
381441	0.003981672109
381491	0.003478764753
381496	0.005617159982
381650	0.003493402991
381818	0.003998928047
381833	0.0056055502
381846	0.005079598054
381963	0.001887221215
382033	0.001112374601
382065	0.00257993394
382186	0.005188466845
382281	0.007054288939
382404	0.005988759345
382495	0.003295027836
382537	0.002736877448
382665	0.00343730427
382684	0.004047068706
382762	0.0003349960945
382796	0.003436126693
382801	0.001923080675
382867	0.006600098979
382971	0.005606705288
382977	0.005241181281
383038	0.004283325007
383176	0.003005243296
383202	0.005056233723
383272	0.004398966417
383285	0.005059754828
383359	0.0002389415366
383412	0.003298096801
383499	0.004125152641
383847	0.004631010508
383881	0.004861144
383938	0.004362273192
383942	0.003030814815
384023	0.006233229296
384203	0.002229530696
384220	0.00480576636
384395	0.005990384787
384540	0.0001653944033
384575	0.009158588181
384637	0.001639534561
384802	0.004293666649
384850	0.004611168243
384900	0.0009596217759
384982	0.003931920174
384996	0.001662062777
385257	0.00219067896
385273	0.004446951915
385286	0.001740603296
385734	0.0001854168715
385895	0.00344362347
385990	0.003398358878
386095	0.000634728265
386149	0.002077854176
386392	0.001822664349
386415	0.005379077071
386527	0.003118970555
386648	0.006148473329
386803	0.0008139492305
387015	0.00345012192
387113	0.004731887312
387128	0.003490025168
387136	0.004892990341
387412	0.005211664598
387435	0.005251001407
387541	0.005022513203
387630	0.001201457194
387809	0.00638690563
387841	0.005203547359
387919	0.003193581995
387920	0.005499981862
388012	0.0005184169973
388034	0.003709295849
388091	0.007612284495
388165	0.005929633322
388220	0.004486687976
388244	0.001604135189
388293	0.005090091274
388403	0.0007938846437
388414	0.0006698714865
388419	0.005765962006
388595	0.004385320812
388606	0.003768981701
388734	0.005616937775
388745	0.004788598386
388748	0.005386903735
388868	0.001596601843
388937	3.106585896e-08
389275	0.0047072159
389560	0.00444802793
389649	7.733410055e-05
389673	0.004047054914
389746	0.003381511242
389782	0.005598203773
389798	0.004603421654
389907	0.002843562564
389908	0.003027488756
389938	0.001690277548
390148	0.003633837747
390273	0.00345134915
390388	0.003765027272
390414	0.00701581598
390417	0.005423743001
390454	0.004410846812
390713	0.005046329625
390882	0.006295842206
391006	0.004752067751
391071	0.005257851078
391115	0.001272352945
391134	0.006614785191
391147	0.0003630557207
391175	0.004008274061
391197	0.005861072957
391222	0.003939116285
391526	0.005270417227
391712	0.0009593848097
391799	0.0008714512736
391821	0.002264541789
392015	0.00326151783
392022	0.002059004771
392171	0.006712005753
392185	0.006960736309
392204	0.00530754832
392227	0.005084393593
392252	0.003059113228
392286	0.00115543605
392318	0.00633530612
392340	0.006099578919
392393	0.004085870115
392420	0.005323074357
392471	0.005458438834
392508	0.004700022008
392511	0.006655508347
392566	0.003716481241
392663	0.0004918325267
392750	0.004128788348
392868	0.001633881935
392921	0.005353724638
392995	0.004780705914
393009	0.004270915147
393017	0.004411532286
393030	0.005080504025
393031	0.003439901818
393215	0.005435362508
393283	0.003747518692
393375	0.005032410095
393442	0.00584008955
393460	0.002329236306
393483	0.003661021099
393536	0.004138016848
393568	0.005699487593
393661	0.005001754255
393798	0.003169621907
393809	0.004649440265
393852	0.004188060677
393872	0.005722185842
393934	0.003711038539
394034	0.007231023124
394332	0.004664940756
394396	0.0001589038471
394462	0.004436399423
394464	0.004525124958
394487	0.005135781938
394522	0.004519422383
394535	0.004179296229
394562	0.005851926146
394602	0.004295036304
394642	0.00516378857
394656	0.00407126683
394684	0.003688629761
394815	0.001224644752
394857	0.003530167427
394896	0.004256255997
394963	0.004988729453
394965	0.005287573974
394968	0.003479901965
395004	0.0002387561217
395032	0.005175302564
395118	0.004039730872
395150	0.002239978827
395190	0.006604973552
395220	0.0014992036
395248	0.002220058547
395338	0.005109398772
395461	0.004867135161
395558	0.005103152767
395573	0.001730093905
395735	0.003500527718
395756	0.004991297273
395785	0.004753605881
395813	0.001318485667
396256	0.003932128578
396263	0.004467911582
396394	0.001755581472
396427	0.005828539289
396442	0.003886745385
396453	0.00351729863
396505	0.001492716339
396529	0.002433724159
396536	0.002308544179
396547	0.006758762949
396555	0.00738692065
396697	0.003317661738
396803	0.004257236778
396824	0.004348449731
397157	0.006212461209
397299	0.006086123383
397346	0.005172985575
397471	0.004914926339
397494	0.004153741607
397614	0.0004441572481
397659	0.004747480745
397743	0.004915625281
397772	0.003176762116
398025	0.004908507968
398122	0.005837696517
398261	0.005222979959
398315	0.001466734299
398534	0.005720943335
398631	0.0001806856348
398746	0.001627748168
398870	0.005776851458
398886	0.004309260888
399118	0.004137128163
399159	0.002729305635
399233	0.004610404739
399290	0.006676893375
399373	0.008969790604
399423	0.003713804859
399433	0.006440462043
399461	0.004537996683
399498	0.00616910078
399556	0.003106117168
399579	0.004939799894
399593	0.003877015116
399611	0.00410910357
399634	0.003919179053
399671	0.005346181199
399682	0.003678710139
399955	0.002832589451
400132	0.005545056909
400166	0.004484021383
400255	0.006514263736
400325	0.009780115174
400345	0.004653001187
400556	0.003419759594
400564	0.0008045020306
400591	0.00346385349
400603	0.0002793821085
400646	0.005893729136
400812	0.003299887895
400847	0.003273965475
400943	0.004912562545
400961	0.003724609538
401001	0.004204901127
401025	0.006437740865
401047	0.00581523383
401111	0.004245459528
401166	0.004946633709
401208	0.002612391589
401213	0.004786995871
401259	0.001310879787
401332	0.004080052912
401337	0.003668949063
401431	0.002223542459
401436	0.007879343151
401487	0.004639779651
401558	0.006872142953
401626	0.004745528258
401661	0.003883699533
401666	0.007082845812
401788	0.004829134699
401839	0.005211865272
401939	0.002903920924
402017	0.004624111023
402021	0.00210374451
402047	0.002949865762
402119	0.002976928767
402241	0.003266685982
402539	0.003731008324
402640	0.001185107138
402693	0.007100537741
402844	0.00420640533
403008	0.005951610774
403029	0.004171125443
403255	0.003875475294
403298	0.004406525917
403331	0.001900013875
403337	0.003763232913
403418	0.004400069319
403453	0.004943575381
403867	0.002138852277
403939	0.006062355239
403946	0.005140187208
403958	0.005024739079
403965	0.005402437259
403995	0.004760727301
404166	0.006557480687
404219	0.003870300053
404406	0.006614400558
404481	0.002823380505
404605	0.003242951682
404729	0.003802886508
404778	0.00359069448
404979	0.005925431973
405023	0.005293752723
405160	0.002429854402
405164	0.00150675376
405290	0.0006395112308
405355	0.001765649023
405358	0.003999148808
405377	0.005770163105
405440	0.004098482617
405500	0.0006266835461
405521	0.00557607018
405562	0.006171565945
405762	0.005297623655
405924	0.005944785952
405928	0.004496356241
406229	0.002426937017
406239	0.004407548226
406287	0.003572595164
406362	0.00314184972
406398	0.004275780904
406464	4.074048104e-08
406487	0.004600183842
406495	0.004643840569
406584	0.005962214863
406749	0.002462244506
406910	0.001831752668
406917	0.007607721474
406927	0.006201578104
406988	0.004934166729
407096	0.00584356545
407155	0.005688951303
407293	0.002563931027
407346	0.004000968917
407414	0.002537534741
407432	0.005172611988
407452	0.005412106369
407527	0.005547046722
407672	0.005105551714
407860	0.003540206772
407872	0.006016278291
407877	0.005365925948
408014	0.007419787751
408018	0.008087754765
408038	0.004740019416
408114	0.008305455938
408273	0.0052721041
408312	0.001341101066
408397	0.003636642048
408513	0.003306688657
408592	0.003353812511
408595	0.001096367506
408598	0.0008883296644
408700	0.004692125922
408727	0.006332215785
408761	0.001862010982
408926	0.002591332518
408957	0.0004520223969
409024	1.331071083e-07
409096	0.004841247079
409125	0.003681874262
409131	0.006053419809
409620	0.005203286493
409639	0.004914777526
409871	0.000954056032
409985	0.002991151171
410015	0.005802902495
410041	0.00117869549
410089	0.003607811845
410155	0.003487921077
410163	0.005747512503
410283	0.004935225831
410311	0.002358274342
410625	0.003731726215
410635	0.001176152526
410675	0.004912762525
410686	0.003881516279
410951	0.002266024664
411137	0.004653718401
411169	0.004495961318
411207	0.001713164543
411293	0.0006770883734
411310	0.006586394
411403	0.009877705889
411526	0.004285112441
411637	0.008704456522
411640	0.008006926565
411730	0.00892598801
411833	0.006564141576
411884	0.002432367758
411959	0.005949144613
412067	0.004747300671
412292	0.006406176673
412315	0.004235760364
412332	0.005706498874
412501	0.002059831662
412502	0.0005965093691
412623	0.001188557334
412624	0.002013491582
412748	0.004758103134
412772	0.005040064537
412775	7.226713489e-08
412813	0.003014069814
412827	0.002497134328
412845	0.008445436533
412879	0.005989323819
413050	0.002779338362
413060	0.004445184504
413183	0.003440765477
413379	0.009256774448
413403	0.005389137884
413598	0.007369281972
413636	0.001843612647
413685	0.005893885905
413692	0.004959531485
413697	0.007758804201
413800	0.002160367797
413830	0.006277483366
413958	0.003685353876
414230	0.004055981001
414317	0.004059557179
414333	0.0003443406909
414362	0.0004214929885
414745	0.005141992071
415024	0.003088114453
415036	0.002418331529
415085	0.005212182703
415167	0.005513778043
415319	0.00817832019
415377	0.002919410457
415423	0.004072894769
415522	0.004538009032
415547	0.006530524753
415619	0.002163651153
415622	0.001207085603
415654	0.0008636205589
415781	0.005724406732
415834	0.003210307346
415848	0.00458114378
415889	0.0001585194112
416054	0.003786956881
416113	0.003470947183
416135	0.004578239216
416225	0.006326789949
416270	0.0035251581
416639	0.003642290117
416674	0.003916175409
416785	0.003041424917
416923	0.0006197793633
416985	0.0001076249624
417030	0.005770307955
417274	0.004801065684
417389	0.002330052135
417496	0.004525791381
417596	0.0009438918783
417613	0.0003808921855
417712	0.002784281877
417757	0.004424006089
417950	0.006067415939
417963	0.004048047281
418017	0.001910534125
418046	0.003891314421
418192	0.007180940622
418200	0.004641263796
418226	0.007278610833
418276	0.006280350636
418290	3.165021158e-08
418473	0.005125258342
418511	0.004841989889
418537	0.003053087114
418607	0.004265437487
418661	0.001530084975
418734	0.004950587944
418747	0.003541610726
418785	0.003996796824
418854	0.0005639818909
419024	0.005931460013
419159	0.005016183163
419186	0.005985246846
419240	0.008045914305
419248	0.003018230069
419286	0.004104801833
419287	0.003696225813
419342	0.004137601184
419370	0.004401862022
419389	0.004277652048
419468	0.008267344949
419599	0.003854483788
419613	0.006169836795
419727	0.004771825511
419753	0.005134964712
419812	0.003659558512
419837	0.005284043455
419982	0.00457712637
420030	0.001044351145
420133	0.004849510093
420164	0.003608515639
420237	0.002551646706
420321	0.003934309813
420451	0.00438539785
420613	0.001209797857
420708	0.006216552057
420771	0.004062081846
420985	0.003540680499
420988	0.00344953867
421156	0.006539664699
421224	0.0005142175628
421431	0.004659385211
421496	0.003792038681
421509	0.007978849688
421533	0.003622527112
421584	0.004078759525
421663	0.006588228983
421838	0.002406811157
421859	0.006278832737
421868	2.060908293e-09
422241	0.0005376771941
422442	0.001197767223
422535	0.00402807878
422549	0.005619430849
422578	0.002686721936
422647	0.005756008477
422787	0.004403503728
422991	0.008990791096
423026	0.00350941152
423027	0.004304291525
423139	0.0005069374345
423633	0.001430507759
423637	0.001744639889
423642	0.001366258924
423714	0.007105143774
423742	0.001118005162
423753	0.005319691451
423772	0.002174388323
423916	0.006212547547
423950	0.004869483248
424020	0.005676782273
424120	0.004327115297
424169	0.006524170918
424210	0.0003979093012
424427	0.003722558965
424555	0.005931547725
424633	0.005184935265
424668	0.001366776882
424675	0.004675403087
424687	0.001195720678
424717	0.000506619792
424875	0.006118972564
424995	9.982030449e-05
425075	0.00716467176
425209	0.00470774943
425415	0.001946838078
425676	4.220642218e-06
425721	0.00511521849
425818	0.002159475773
426015	0.0043570517
426105	0.004889292308
426151	0.004843142685
426205	0.00749253293
426268	0.006757168333
426324	0.003780046048
426352	0.006567307201
426429	0.004412187876
426431	0.006753867674
426568	0.005294035554
426799	0.003585223443
426813	0.0001089417337
426852	0.00227212637
426877	0.002477055992
426934	0.005496041354
427053	0.002736058274
427248	0.002183125339
427364	0.004588853965
427402	0.004627807385
427451	0.003001505038
427501	0.005449801556
427507	0.004938008639
427515	0.003854093107
427517	0.009371117448
427596	0.005616294788
427683	0.006531638442
427708	0.002072327939
427773	0.005185966989
427890	0.008492922721
427957	0.004263236631
428114	0.002382665309
428125	0.0160521408
428193	0.003401598465
428251	0.006122634643
428304	0.006253441612
428306	0.00591643692
428335	0.001682389462
428448	0.006496059487
428474	0.001413089109
428579	0.008361266653
428591	0.008151416482
428627	0.006417608615
428715	0.004510273189
428821	0.002066386733
428838	0.004466468222
429015	0.0004849784471
429137	0.004512026831
429212	0.004272920391
429288	0.006279892502
429297	0.004222992304
429622	0.005100393409
430004	0.005917616651
430163	0.004689250289
430194	0.006851243751
430254	4.98641886e-09
430291	0.004968433906
430413	0.006960008094
430801	0.001495239878
430858	0.003780878099
430894	0.006914594358
430977	0.005969687098
431006	0.0003775717872
431197	0.004091007711
431209	0.005646947701
431410	0.005871812153
431640	0.002873386935
431658	0.001567780193
431662	0.005463710078
431726	0.006070559584
431755	0.004079330382
431859	0.005853699906
431932	0.00318032554
431941	0.005965996426
431999	0.01297999496
432077	6.587501465e-06
432267	0.003683757219
432344	0.004748702153
432377	0.005988832574
432383	0.00230257293
432622	0.006560606987
432673	0.005425043287
432733	0.004617253054
432791	0.005468821253
432851	0.003518344241
432899	0.005358221653
432902	0.007210087435
433030	0.002713449063
433120	0.006308528488
433202	0.003580858763
433444	0.0001269582727
433466	0.007432134835
433596	0.005840930251
433610	0.005321715053
433665	0.001884792558
433695	0.002260171239
433773	0.005752299634
433943	0.003812463886
433969	1.392869465e-07
434065	0.003824986372
434171	0.002877767944
434179	0.004252667642
434332	0.003755822152
434409	0.005059659074
434723	0.005167085123
434885	0.002582788144
434975	0.0004695469228
434980	0.001262133634
435046	0.004143313555
435203	0.005237949127
435305	0.004229235937
435459	0.002876234036
435469	0.003122094723
435511	0.003340874146
435512	0.002821084868
435610	0.002552650477
435712	0.003989247636
435777	0.006170395001
435831	0.001930187173
435890	0.005268317447
436009	0.0008234522445
436055	0.004828308413
436073	0.005639755919
436145	0.006858421331
436198	0.004566400651
436314	0.003702338217
436342	0.005595650287
436664	0.0005581259358
436786	0.006359129157
436792	0.004718264678
436796	0.003839695968
436814	0.002547614663
436894	0.000899662207
436900	0.004753173094
436912	0.0003775602078
436963	0.00478716742
437033	0.002442514471
437037	0.002336438158
437043	0.002541116602
437176	0.005286978578
437274	0.00697150922
437425	0.003675617367
437474	0.004736066913
437475	0.003111601991
437530	0.004516104648
437755	0.004890165574
437830	0.007249121253
437862	0.003910209683
437865	0.004034850922
437892	0.006096743512
437982	0.002843143871
438017	0.003431987896
438198	2.123576193e-05
438202	0.001556857509
438408	0.006084686457
438550	0.005872554215
438864	0.006323302674
439239	0.003481029924
439290	0.003563046389
439396	0.00186929204
439414	0.0003873530643
439467	0.004287997259
439474	0.005450207138
439492	0.002994773117
439857	0.0054663192
439871	0.00383076183
439875	0.004398766963
440019	0.006104391721
440097	0.0001899403342
440218	0.0005605152488
440231	0.004417308057
440262	0.005864974681
440266	0.006133049857
440307	0.004382926436
440439	0.005547762068
440454	0.005612160192
440497	0.006465443828
440815	0.005657055958
440877	0.00330607971
440939	0.002430691936
441118	0.005318484377
441208	0.0005262059316
441320	0.001163903153
441503	0.004214224131
441688	0.004873680329
441736	0.004763777653
441808	0.004956150648
441888	0.004904756817
441895	0.00409589195
442174	0.004245788921
442185	0.005820080366
442284	3.273443149e-08
442399	0.002692322395
442412	0.002396644656
442424	0.003043889202
442466	0.0006420534625
442494	0.003869230423
442672	0.002949055965
442755	0.004289671203
442897	0.007481883009
443174	0.006630275138
443183	0.006165918215
443212	0.005506398068
443361	0.004657974139
443500	0.001667833159
443573	0.001040721429
443752	0.0003569161481
444098	0.005279729052
444206	0.004491225185
444467	0.001496240954
444547	0.004402454146
444570	0.00463657797
444655	0.003714323688
444665	0.0001821911223
444722	0.003911521499
444733	0.003223647715
444850	0.004324445532
444851	0.005290656194
444855	0.006915504742
444985	0.00188016117
445131	0.004922037444
445191	0.006730347414
445234	0.003747565369
445252	0.004206923995
445288	0.004824757596
445428	0.005833660264
445584	0.004646688242
445809	0.001554965581
445946	0.006487506169
446006	0.004356850311
446018	0.01047536593
446346	0.005441069492
446459	0.006861306154
446476	0.008123782694
446555	1.598699081e-08
446579	0.005028290159
446604	0.005607009536
446618	0.005345495883
446630	0.004434608106
446666	0.005155138147
446748	0.0006058206987
446789	0.005476776487
446927	0.0003588278971
446967	0.004547382264
446988	0.004668921471
447124	0.003403758541
447142	0.005466568591
447214	0.00497706253
447650	0.004779390938
447725	0.005470486059
447749	0.0001591025715
447773	0.004901586425
447968	0.002013888692
448034	0.005530539181
448142	0.005411709989
448196	0.0002542099768
448390	0.006521354187
448391	0.006496213382
448743	0.004054618794
448758	0.00134861776
448760	0.003145557577
448805	0.002515643347
448820	0.00615796439
448920	0.002459715972
448938	0.002903542306
449003	0.002099899739
449115	0.007633127581
449133	0.004862718568
449172	0.006629306134
449316	0.001036164973
449383	0.004702034961
449572	0.0001831784756
449611	0.006543016689
449766	0.001715599574
449820	0.006249469086
449863	0.005323763561
449886	0.005321610305
450038	0.003859707276
450083	0.002921012415
450160	0.005527645562
450235	0.008941995327
450360	0.002792575067
450395	0.003477094114
450498	0.006054232657
450504	0.005977108562
450557	0.001736567003
450590	0.0003715567557
450630	0.009053722844
450691	0.005234198354
450714	1.022156188e-07
450773	0.001004853437
450870	0.003171393518
450916	0.001971165129
451039	0.006547746601
451063	0.005715098638
451100	0.0001445965029
451200	0.0002527850687
451249	0.00571101471
451271	0.004273689622
451473	0.0002740122094
451539	0.003254042785
451586	0.004304959117
451591	0.003395431718
451629	0.004349284032
451689	0.005099817796
451830	0.0006420061186
451862	0.004427874903
451918	0.004036941582
452087	0.005316609302
452096	1.449830325e-07
452109	0.00539695298
452171	0.005167530327
452248	0.003966528964
452270	0.003714958665
452273	0.001793765815
452284	0.004238996983
452387	0.01082749188
452417	0.004503849223
452496	0.004770827544
452704	0.003592528925
452799	0.005096372011
452953	0.004785354779
452993	0.0006702214046
453065	0.003758579734
453083	0.003354472679
453192	0.005032662804
453280	0.005533546839
453337	0.001140511613
453384	0.002714942523
453472	0.00566006838
453484	0.00292547645
453780	0.003379727682
453844	0.003747500596
453967	0.0004170493764
453979	0.004684531602
454081	0.004799375441
454148	0.005224916768
454223	7.040329514e-09
454271	0.006647193104
454278	0.007574033541
454290	0.005331511511
454318	0.006492097226
454651	0.00551640439
454682	0.0009451106276
454751	0.005280698197
454913	0.005440498132
455002	0.00347200102
455088	0.003623159376
455179	0.005771447814
455193	0.002638294992
455252	0.003855407169
455323	0.005805101571
455458	0.001872952793
455477	0.004862412212
455514	0.0001919264711
455597	0.005219930629
455776	0.003810870578
455782	0.003647593317
455877	0.01069733919
455881	0.006248059203
455926	0.00485073813
456080	0.004944706385
456120	0.004226850022
456178	0.004942882422
456194	0.01652236782
456374	0.004518242639
456529	0.003667722879
456604	0.005411560805
456612	0.004096133075
456628	0.004147540384
456636	5.517632603e-07
456712	0.003596230338
456725	0.006578104248
456743	0.004643150521
456769	0.005583887997
456785	7.171278342e-08
456957	0.0004296472551
456965	0.004049266339
456984	0.003690846391
457101	0.003100910555
457158	0.005961998491
457502	0.005747191818
457520	0.003501677081
457587	0.005917543783
457630	0.002283958194
457661	0.006016131776
457760	0.002377164548
457778	0.003681441315
457791	0.003165575706
457800	0.004899740035
457859	0.000141998012
458153	1.049051131e-07
458177	0.004480013059
458191	0.005792997559
458348	0.005243293365
458437	0.005739065954
458501	0.005024108272
458661	0.005943631479
458827	0.003395168826
458880	0.002284545442
458903	0.002992877533
459035	0.001559813026
459082	0.000535263626
459269	0.001422044465
459348	0.002777153087
459372	0.006343068181
459466	0.006140910884
459535	0.005820224008
459612	0.0003104745063
459637	0.002611622687
459701	0.004092910023
459714	0.004615789253
459719	0.004778548093
460142	0.003012810601
460157	0.007135545473
460287	0.003532401872
460383	0.006258587107
460394	0.005912584474
460559	0.00431990419
460611	0.0007309216776
460690	0.005280690045
460817	0.004976183772
461038	0.0019534386
461069	0.001697926801
461103	0.003957712698
461165	0.004047322075
461219	0.00452525492
461447	0.001998752801
461538	0.001944958986
461706	0.004158942181
461828	0.005730117162
461839	0.0003483868476
461905	0.0004389729271
462025	0.005252788961
462026	0.006238589484
462062	0.004355007832
462070	0.005351810817
462095	0.001615920284
462183	0.001889676173
462288	0.0009411236065
462303	0.003321663144
462313	0.006907394707
462383	0.005803165655
462515	0.00649348386
462657	0.005588007077
462937	0.005884714952
463040	0.001710097034
463048	0.004229299662
463192	0.006559032408
463238	0.001751329216
463248	0.006222856651
463336	0.005551059816
463414	0.004243856121
463584	0.002212704286
463781	0.002147879091
463851	0.0045028771
463962	0.0058898023
464019	0.004076247483
464049	0.002508272222
464104	0.004460163585
464147	0.006267049435
464190	0.005101484996
464449	0.001689861031
464511	0.004721435168
464563	0.005366843014
464570	0.001531725889
464611	0.002906862336
464698	0.005934214534
464700	0.004929480686
464722	0.005596080049
464758	0.00518713896
464783	0.005848374125
464848	0.002797160071
465004	0.006075615557
465033	0.005539296673
465067	0.0005915900609
465143	0.00567780578
465226	0.004445997581
465498	0.00395797265
465585	0.004432771439
465679	0.003217709958
465682	0.0006568765657
465691	0.006138351999
465726	0.005780928413
465991	0.00534677553
466047	0.005688611606
466106	0.002924910407
466141	0.002651809705
466237	0.004608145048
466280	0.001761442805
466370	0.003811128812
466454	0.002688481398
466593	0.003444086796
466726	0.003094196089
466805	0.003396714173
466857	0.0004853286276
466958	0.005774057554
467185	3.116289326e-07
467190	0.002965687766
467199	0.002275537358
467320	0.003536963254
467347	0.006627046586
467430	0.005016500432
467458	0.003536994444
467486	0.0008409847776
467794	0.001855798259
467981	0.005055785029
468009	0.004147833619
468208	0.002224810137
468270	0.004880340475
468330	0.003705441159
468365	0.001066358861
468588	0.0007196413822
468673	0.002906562996
468913	0.004235874929
468963	0.004959687868
469039	0.005597552498
469193	0.001059621241
469255	0.0088419502
469378	0.003126608334
469568	0.003091072701
469569	0.0009864720205
469655	0.001703511143
469807	0.004146699992
469815	9.135424005e-09
469817	7.841238516e-08
469890	0.005283908244
469908	0.006376154946
469986	0.004774503448
470014	0.007057968627
470032	0.0072352281
470113	0.006051022576
470218	0.002537643609
470394	0.002191731321
470439	0.004485281506
470611	0.005302212708
470692	0.0002635933325
471027	0.00581243126
471109	0.004939251471
471518	0.006967653143
471632	0.003518313038
471832	0.002791233019
471917	0.006499691814
471925	0.00552397611
471973	0.005725127066
472064	0.004594576963
472121	0.004952555948
472316	0.002171043632
472363	0.004796364149
472512	0.002718997944
472533	0.001954074033
472786	0.005981557875
472918	0.0025355714
472919	0.004507892608
473030	0.003433124751
473073	0.003132118499
473171	0.007362971625
473247	0.002825278852
473302	0.003846191444
473526	0.005114374986
473772	0.005152254388
473823	0.005707944932
473944	0.003291373877
474146	0.0006441706195
474210	0.004616798027
474452	0.002791043544
474487	0.009081699824
474534	0.00646792939
474692	0.005575512227
474700	0.00124360481
474767	0.0005441384102
475048	0.004117448276
475113	0.004352839779
475116	0.00455621351
475159	0.006655042334
475251	0.005687853067
475479	0.001298141382
475512	0.009341539136
475659	0.00530151294
475687	0.002695703242
475704	0.006455783146
475779	0.001170048251
475918	0.002790707304
475972	0.004118988092
476086	1.908964742e-07
476133	0.005890167545
476446	0.0005042918635
476480	0.007039944352
476634	0.004264715989
476884	0.004367771164
476975	0.004177911891
477059	0.01412288762
477073	7.171307505e-08
477164	0.005131471388
477301	0.004475634243
477323	0.004127256202
477328	0.004672586295
477414	0.006171184509
477664	0.003741755797
477666	0.001058960472
477689	0.0009392425978
478000	0.004699896826
478020	0.00237526739
478190	0.004827971616
478366	5.062432495e-07
478388	0.002992215975
478465	0.006961911736
478506	0.004518650816
478536	0.005114430649
478582	0.005205663173
478853	0.0003216557008
478854	0.005953932918
478902	0.003151108704
478960	0.005065923791
479023	0.005985225414
479108	0.002831142183
479126	0.003799148402
479136	0.009944550485
479156	0.005848693738
479307	0.001292689385
479366	0.006072953766
479369	0.006819312616
479624	0.003488737527
479695	0.004863808922
479760	0.001717597966
479762	0.002797567639
479841	0.002413969279
480248	0.005693307333
480277	0.004337889545
480410	0.002573465591
480463	0.007764353107
480651	0.0001964832575
480719	0.004223907397
480762	0.004366665636
480865	0.003135144212
480869	0.001757195748
480897	0.00300595039
480957	0.006227589647
481070	0.002357325683
481077	0.006113226249
481242	8.149137095e-05
481405	0.001280615405
481541	0.004989514621
481629	0.0046288608
481669	6.815311661e-10
481735	0.001586109107
481827	0.00592074107
481856	0.00245533199
481900	0.005338016557
482092	2.55643171e-08
482173	0.004860669886
482231	0.006766074769
482285	0.002593805431
482320	0.007931971877
482333	0.006568777718
482365	0.00495934011
482410	0.004103835458
482469	0.001776619443
482688	0.009189670118
482791	0.006244910953
482804	0.002867884295
482841	0.003902185401
482881	0.006313127928
482978	0.002951531857
483107	0.005074696804
483151	0.005374970279
483195	0.004035309756
483212	0.006274221118
483236	0.005940542563
483393	0.004646562968
483462	0.004892934312
483652	0.004033227355
483827	0.004600035568
483854	0.005887405479
483981	0.007033194437
483996	0.005286783137
484100	0.001131760819
484101	0.0008824823506
484117	0.000326318363
484170	0.005060630848
484331	0.007070121709
484374	0.004169377506
484440	0.004122550455
484599	0.005033940586
484611	0.005202359882
484624	0.006044870578
484632	0.005428216311
484745	0.004619648329
484847	0.003885204824
484960	0.006274290062
485136	0.001103256048
485196	0.00289057869
485310	0.001563612286
485324	0.004374110653
485331	0.004388233566
485803	0.003332145833
485911	0.008668403994
486019	0.002604275728
486049	0.003377002338
486085	0.00647557613
486226	0.0003139187612
486227	0.0004928287951
486322	0.003692697009
486365	0.009077358893
486404	0.003042956601
486418	0.003263574027
486538	0.004011016555
486635	0.003236855652
486704	0.0002540710257
486843	0.001766565149
486972	0.004434664348
487123	0.004149351234
487427	0.004783208662
487596	0.002161998378
487615	0.005375715502
487637	0.004213302622
487764	0.008832524652
487798	0.003179442201
487858	0.001666980205
487875	0.00558130772
488041	0.004073173593
488162	0.005199046583
488164	0.0053225492
488208	0.001618769761
488226	0.003361120895
488299	0.002403471478
488392	0.003304201157
488417	0.004126810023
488463	0.004506105232
488564	0.004292218097
488633	0.001181679957
488653	0.005852218632
488674	0.004709734489
488743	0.0007709884613
488900	0.007144116061
488920	0.005427759235
488961	0.006185349583
489169	0.003527891822
489202	0.0005581485064
489246	0.000164992059
489333	0.008966410201
489348	0.003636606274
489377	0.004876778668
489473	0.00375224769
489505	0.007641537149
489627	0.008417536065
489669	0.004954488987
489698	0.005223127411
489854	0.003972104175
489894	0.003582826164
489962	0.004592841717
490035	0.007003498176
490086	0.001585990954
490181	0.00378804593
490392	0.005260423079
490503	0.001706793281
490523	0.00687887368
490528	1.662860486e-07
490973	0.002334507363
490974	0.005388534157
490995	0.006295863226
491007	0.003476793551
491226	0.002951047916
491300	1.596132323e-05
491404	0.00732643023
491714	0.00349123814
491717	0.005739419213
491726	0.003662749159
491727	0.003853773554
491811	0.0002340444588
491922	0.0009534668189
492010	0.005507895102
492159	0.003721418615
492160	0.004533714161
492188	0.005658079599
492266	0.002986048341
492371	0.004661182019
492607	0.004983488692
492731	0.003194233689
492893	0.003881287764
492918	0.004585718119
493024	0.004606524562
493203	0.005687068417
493644	0.004430347063
493692	0.003678674439
493719	0.003337906643
493915	0.004211496266
493949	0.005877501766
494064	0.005384339607
494115	0.003323432571
494133	0.008084809956
494407	0.002483902824
494445	0.007008471377
494450	0.006035435314
494534	0.002677095688
494544	0.0009665666998
494572	0.004349868303
494597	0.005816867044
494721	0.005700256516
494826	0.002758552495
494968	0.005775032536
495475	0.002424582116
495559	0.005473587405
495609	2.088154623e-08
495639	0.004228518997
495657	0.004858266922
495710	0.001147262968
495749	0.008940170851
495755	0.003951161426
495772	0.005602150319
495867	0.002498268505
495875	0.003160430176
495988	0.006788986291
496051	0.005685136537
496155	0.002648526911
496347	0.001201299725
496372	0.002459904134
496541	0.006195063154
496647	0.0001467970274
496720	0.001047417088
496805	0.006934263694
496810	0.005268510497
496823	0.003263932215
497045	0.004774675826
497190	0.00155389064
497371	0.005400052387
497596	0.001971055796
497693	0.005296845252
497697	0.009167209764
497909	0.01007685478
498019	9.068014522e-05
498020	0.004499495732
498083	0.005022397154
498178	0.004593179918
498559	0.0006058858141
498594	0.004386276643
498607	0.004661940055
498846	0.002878175868
498869	0.005782189956
498893	0.008505518215
499004	0.003697396527
499058	0.008567853824
499079	0.004527354901
499134	0.003598746188
499156	0.005474515859
499168	0.004000436306
499197	0.00385125121
499259	0.001771848084
499292	0.006225650241
499343	0.005370068313
499370	0.005243382911
499398	0.01065797139
499420	0.001968797414
499442	0.003722454898
499466	0.005060010676
499567	0.004524073385
499631	0.005388299122
499668	0.006708578087
499827	0.003890721096
500039	0.003663632295
500052	0.00374130907
500068	0.000978307701
500100	0.004547570658
500167	0.002769860053
500222	0.002746613834
500230	0.001262008091
500328	0.002997370783
500360	0.004243190972
500476	0.008386927201
500550	0.007019817213
500700	0.004468768658
500867	0.004216705606
500902	0.001560895705
501016	0.006734086497
501056	0.00573832691
501140	0.0007614068893
501413	0.003974305159
501461	0.002555320984
501827	0.00609397309
502067	0.007535907822
502185	0.004594612626
502543	0.006208301646
502549	8.093914969e-05
502560	0.004921833633
502565	0.003343686217
502664	0.005977889879
502715	0.003894127836
502730	0.003435991565
502918	0.0008890611621
502977	0.004852926867
503019	0.006343683117
503057	0.001297677918
503086	0.00484878139
503203	0.004060097418
503217	0.003399547271
503264	0.004588643806
503394	0.003274682342
503451	0.0003867234392
503535	0.005080588309
503652	0.004092005053
503706	0.005514818103
503713	0.000227524425
503716	0.005566361398
503835	0.004076320725
503933	0.0003634720527
503946	0.007528850383
504006	0.006244245944
504315	0.005026864232
504347	0.007701233017
504380	0.004409005104
504424	6.953643248e-05
504508	0.004665641214
504564	5.554663774e-09
504660	0.004948747782
504754	0.005766067955
504799	0.005627911937
504807	0.006198359904
504980	0.002123243457
504999	0.001562162994
505204	0.002646985163
505232	0.01532336706
505387	0.004111483172
505432	0.00306507981
505841	0.006441672939
505853	0.007128128363
505953	0.001589117622
505962	0.00198473059
506011	0.005361334296
506149	0.004229023397
506237	0.001714165196
506246	0.001599492214
506570	0.002908194126
506656	0.001526005789
506869	0.009207759005
507161	0.004680558293
507394	0.0006549843283
507433	0.003573216012
507606	0.004385633109
507625	0.005082943518
507858	0.009011846281
507865	0.01186085626
507871	0.003149876496
507934	0.01035967149
507947	0.001392625953
507957	0.003766287208
507963	0.005414470826
508050	0.007554368951
508303	5.145193541e-08
508319	0.001126251326
508325	0.004312497961
508524	0.00428174564
508526	0.00171815758
508545	0.005443272808
508676	0.005953949757
508698	0.001515489015
508728	0.0001522516378
508814	0.003320884999
508850	0.003287969188
509125	0.002612807501
509168	0.005147306265
509175	0.002134156111
509231	0.001705976707
509249	0.003352717962
509261	0.002899198099
509358	0.005606980566
509541	0.008407222746
509594	0.002525291004
509837	0.00447987367
509876	0.003668053524
510021	0.004448791969
510066	0.00411204492
510155	0.002569785751
510320	0.004402864416
510327	4.207415909e-08
510347	0.004477051371
510398	0.0003716855045
510440	0.0044744887
510457	0.004112989172
510468	0.00494986216
510531	0.003927563141
510573	0.005679383176
510683	0.004796161356
510689	0.004661451062
510832	0.004167926554
510938	0.003460318106
510986	0.003724605765
511036	0.001327423033
511231	0.001177778789
511489	0.004712702596
511521	0.00490357075
511650	0.002003135259
512093	0.0008225734676
512124	0.002808889318
512215	0.004557550251
512240	0.004731536735
512314	0.006463794951
512454	0.0121200711
512591	0.003793557844
512599	0.005849370834
512611	0.002141252735
512638	0.003140882461
512711	1.361429074e-05
512957	0.002419045565
512974	0.00130266041
513055	0.0001726406112
513102	0.004569813121
513144	0.005962232268
513342	0.001217317544
513349	0.004275993688
513429	0.006256494522
513447	0.004353864211
513557	0.001695347508
513581	0.004567557249
513598	0.006385313527
513874	0.002685845688
513953	0.005912062146
514081	0.004845821164
514169	0.000902069206
514206	0.003595515279
514326	0.007006459831
514338	0.00195943986
514505	0.006602196129
514525	0.004897635241
514549	0.004731707326
514564	0.006290346684
514589	0.01369058736
514601	0.005382663196
514647	0.003787635079
514662	0.0068763239
514669	0.006470516731
514713	0.005804288747
514832	0.004557408912
514869	0.004844320235
515064	0.007016371547
515168	0.00230876346
515182	0.00457899049
515276	0.00573913259
515400	0.009826045326
515528	0.004262227815
515716	0.003078893748
515932	0.006019179568
515981	3.145119652e-08
516055	0.01044081908
516123	0.004119050178
516258	0.005961237253
516423	4.770649354e-07
516431	8.960031838e-05
516472	0.00435905928
516510	0.005213612983
516581	0.006401330277
516720	0.004207543032
516736	0.006414810454
516764	3.945288494e-10
516852	0.003972242397
517038	0.003963571992
517061	0.008203791393
517126	0.005072018785
517169	0.003487354531
517286	0.00189841105
517326	0.009509675693
517376	0.00430575623
517418	0.003303148918
517436	0.0006353753584
517442	0.005361280638
517558	0.00525173734
517578	0.002526680338
517594	0.002624794502
517726	0.003721760293
517869	0.0008321644524
518076	0.006339551303
518133	0.006691362736
518230	0.01035922561
518471	0.001926207651
518503	0.003972484328
518571	0.002716932601
518660	0.001158945264
518695	0.0074402862
518748	0.006899026506
519092	0.004037188033
519174	0.001899302809
519208	0.003681605109
519242	0.003390035291
519384	0.002822267373
519429	0.002004082231
519482	0.006054165159
519531	0.004368488777
519557	0.004336392898
519641	0.004169225882
519693	0.001321463179
519745	0.003174789144
519983	0.006789774678
520177	0.006261474347
520179	0.003794192377
520338	0.0008962423186
520389	0.003676337708
520662	0.000646269898
520718	0.004981860631
520885	0.003773064295
520998	0.00403034557
521024	0.004375963688
521032	0.003753977503
521115	0.002194167536
521159	0.0004100143139
521277	0.004151922252
521445	0.004103901922
521650	0.002211425068
521707	0.004686813376
521847	0.003272001801
521877	0.004338274024
521922	0.0002646947726
521987	0.00416218944
521989	0.003219495223
522050	0.005489762518
522102	0.004224155668
522115	0.005945863774
522365	0.003249079873
522399	0.005843916432
522453	0.004868749879
522484	0.003358090801
522769	0.001342524989
522802	0.002913105284
522839	0.005645617763
522860	0.0008942108535
522933	0.003196222903
523014	0.004119984798
523072	0.003541019186
523173	0.005654238865
523187	0.01584008052
523485	0.002486828426
523513	0.002806377406
523584	0.005945106027
523608	0.004645375871
523702	0.01039327041
523715	0.0006289460824
523787	0.009086170631
523791	0.009928557078
523822	0.005363059222
523853	0.006683418347
524171	0.003273153725
524207	0.00192579119
524299	0.004258624347
524397	0.005459574129
524780	0.002158841109
524793	0.005679769465
524893	0.005724130884
524938	0.006129124762
524993	0.001784798605
525157	0.003153504468
525337	0.008245010375
525375	0.006768484261
525561	0.003504289505
526013	0.001687169734
526055	1.261042206e-05
526105	0.005157568567
526154	0.005229003598
526253	0.006159428757
526269	0.002648922155
526316	0.004673430643
526472	0.003989848355
526543	0.005781868562
526674	0.003855445481
526772	0.005487929801
526840	0.005275146416
526850	0.002748465468
526883	0.00450823704
526925	0.005697164428
527178	0.00397915232
527216	0.003243376339
527227	0.0003751759638
527231	0.00702464596
527258	0.005478617501
527314	0.004143288515
527502	0.004224698821
527668	0.0006584985186
527674	0.00512303185
527677	0.0121618864
527704	0.004560045828
527706	0.00435389471
527817	1.096662748e-07
527899	0.00319626128
528024	0.005542467969
528031	0.006721905519
528232	0.004966274915
528604	0.004662518497
528642	5.763665813e-08
528652	0.003959426141
528795	0.005698183126
528863	0.004637432221
528913	0.003183682506
528942	0.001749566143
529057	0.007805631946
529098	0.002880196739
529100	0.003518345072
529181	0.007067057526
529242	0.005637288099
529286	0.01366091583
529382	2.17349743e-09
529561	0.007263734344
529576	0.008984612022
529604	0.00126828756
529730	0.002005502282
529843	0.003538181709
529880	9.123847202e-05
529931	0.008554499491
529990	0.004997633386
529998	0.005262202391
530083	0.001083037367
530105	0.002603211226
530127	3.327729339e-05
530175	0.004910556071
530367	0.002497858277
530428	0.001196033655
530439	0.002882310471
530452	0.007188754566
530457	0.0007925991584
530492	0.005649451225
530616	0.001679031422
530676	0.0050008406
530724	0.005242950066
531008	0.001306648933
531295	0.01549468989
531349	0.0008138419705
531351	0.006808405128
531378	0.003346939784
531381	0.002769485388
531401	0.005392915304
531569	0.002700472213
531764	0.003766494059
532040	0.001340451166
532138	0.002565770326
532229	0.005274924613
532337	0.001338420215
532404	0.004511882483
532437	0.003024864053
532442	0.006433187555
532493	0.006981567872
532651	0.003328479711
532687	0.001198191563
532839	0.005698002393
532847	0.005634067031
533002	0.006734956224
533183	0.003727223512
533206	0.005658498744
533462	0.007334484008
533481	0.002300724827
533650	0.002313940101
533652	0.002121985935
533756	0.009572399477
533760	0.005649234571
534104	0.0009683799198
534209	0.000579360696
534277	0.001248085813
534372	0.0003401565236
534392	0.00281767153
534406	0.006824918787
534505	0.003491240809
534535	0.004790977223
534631	0.003811993146
534640	0.00554475739
534769	0.006552812875
534832	0.0001734393842
534865	0.004210267921
535020	0.001962058626
535085	0.001773159971
535351	0.001328837941
535403	0.004751758944
535405	0.005035945702
535411	0.003105364
535624	0.001788474675
535662	0.003523312098
535747	0.004729524874
535934	0.008341103638
535972	0.004833895
536162	6.215405025e-08
536227	0.01093387442
536269	0.001299609128
536312	0.001256224158
536323	0.006783023093
536337	0.006114674971
536347	0.0005106639276
536481	0.007252273561
536607	0.001014717868
536635	0.003740460224
536694	0.005169554801
536724	0.001220892981
536734	0.004180449179
536778	0.005800301785
536924	0.0006855993113
537030	0.002508561016
537226	0.002191741482
537287	0.005247982906
537369	0.004353700829
537492	0.002042793943
537516	0.006336828574
537797	0.004271717427
537824	0.0006759346823
537845	0.005259989773
537856	9.790682875e-05
537877	0.004454770232
537968	0.006805535725
538010	0.005538285359
538027	0.005508560896
538136	0.006305798284
538322	0.002157168732
538334	0.005738421251
538429	4.068834248e-06
538500	0.004631969595
538545	0.005511101521
538575	0.002201486506
538784	0.004413068846
538811	0.005824052442
538830	0.001043775798
538842	9.945383959e-05
538956	0.006952012151
539159	0.004671561357
539169	0.001022345489
539191	0.002129356939
539275	0.004168584193
539384	0.005177426851
539669	0.003297652387
539772	0.006976874079
539774	0.004926541069
539797	0.005017320679
539858	0.005209871182
539997	0.002499569662
540088	0.005919245689
540168	0.003971623888
540496	0.001452472329
540546	0.002116028631
540873	0.006852292305
540888	0.001739807307
540904	0.007060598204
541005	1.061778385e-07
541163	0.007993959535
541198	0.003448525366
541206	0.003033269727
541320	0.00105577593
541361	0.004085956961
541363	0.003557944915
541454	0.005425606887
541468	0.002935902941
541574	0.005391100792
541675	0.005193496058
541848	0.002450196473
541944	0.0008525016334
542109	0.004618710907
542252	3.65416941e-08
542377	0.003045672422
542460	0.001155275138
542474	0.003883324984
542513	0.00109951973
542660	3.027328833e-09
542799	0.001776184254
542863	0.003289191364
542900	0.00166926142
542932	0.009158806142
542966	0.001791401589
543025	3.421396147e-08
543050	0.005753651412
543128	0.004524722001
543155	0.006006064057
543396	0.005834695087
543496	0.00366369603
543565	0.00351758025
543629	0.002194929476
543656	0.004855545679
543812	0.008136103501
543814	0.001102727574
543951	0.005352301063
543986	0.005285669436
544130	0.003600387173
544453	0.004774848979
544529	0.004059761906
544567	0.003650519783
544681	0.005645441193
544780	0.0003476941658
545001	0.004071937835
545012	0.006879029858
545053	0.004469418697
545214	0.003455494696
545420	0.001143781466
545481	7.681318116e-05
545513	0.0003491670909
545602	0.003432160848
545656	0.001619690691
545674	0.004756969469
545720	0.005356069164
545746	0.005055468467
545754	0.00390477573
545831	0.004632755413
545879	0.00494394017
545899	0.003022807437
545935	0.008323704371
546043	0.0003117073821
546065	0.0007919558581
546104	0.003443824622
546265	0.005865594628
546409	0.004314776689
546524	0.003128755061
546775	0.008291972144
546858	0.006733297211
546917	0.001800177874
547049	0.005092536554
547128	0.00323895896
547210	0.005533550512
547227	0.002870828667
547844	0.007825643005
548135	0.001738756576
548148	0.008747215118
548373	0.0040832193
548399	0.002816991688
548579	0.004299826532
548757	0.0003132571124
548989	0.005005046782
548991	0.002311644219
549002	0.005151655174
549042	1.254429311e-08
549093	0.004012375918
549171	0.005196593146
549176	0.003886214788
549270	0.0005427041224
549404	0.004566176902
549454	0.004014463142
549523	0.006616556443
549616	0.00853013813
549808	0.005233236365
549966	0.0041030923
550032	0.006138863
550104	0.003312196924
550313	0.006852359519
550393	0.003234716961
550426	0.005250682437
550486	0.006345958778
550528	0.004305176426
550578	0.005855172751
551056	0.0006570295056
551127	0.001445734146
551152	0.001430543804
551357	0.002757534362
551434	0.007864367465
551473	0.007701856821
551481	0.003050472463
551507	0.000509989927
551675	0.004956969986
552017	0.003362574503
552137	0.008049180063
552288	0.00067757963
552326	1.501809482e-07
552417	0.005058731249
552616	0.004390889302
552620	0.0007290105343
552628	0.003475686367
552652	0.005399666627
552791	0.005624210573
552822	0.001139033539
552870	0.005417789601
553033	0.00365061995
553035	0.001505270562
553170	0.003971835252
553230	0.005575335085
553286	0.002111021074
553302	0.004365374815
553388	0.004171838621
553390	0.004076864318
553397	0.001695230816
553689	0.004584902767
553770	0.0007850933042
553773	0.008406712587
553887	0.004318943314
553927	0.00597662145
553991	0.004615134723
554090	0.004075036278
554427	0.003885428594
554511	0.009571309626
554635	0.004319271187
554871	0.0057346046
554929	0.003098422129
554992	0.005075224052
555032	0.001982290569
555186	0.001869348605
555229	0.007692634251
555255	0.0007166880507
555462	0.002987981267
555491	0.004626061172
555757	0.005506236191
555841	0.00578011243
556006	0.004097684154
556033	0.005774865691
556143	0.003266205342
556210	0.002660357999
556301	0.005185998883
556393	0.0002558745838
556695	0.004824811435
556942	0.005309719165
556958	0.00403350462
557048	0.004567831234
557135	0.006258727512
557142	0.0001134173557
557143	0.000405911359
557196	0.001471335058
557244	0.004093858622
557342	0.002242504589
557620	0.003059398333
557901	0.003185867415
557960	0.004667392176
558013	0.004953615817
558028	0.006527135391
558057	0.008762251515
558206	0.002362581676
558343	0.006858119883
558396	0.002281969108
558489	0.008852751215
558808	0.005096761758
558826	0.005653537858
558920	0.003131762499
558928	0.0005851473909
559011	0.002161513085
559103	0.0005953964862
559347	0.007074179678
559405	0.007395083862
559408	0.002620377061
559605	0.005928999235
559675	0.00242315446
559805	0.003336461975
559822	0.001198368287
559931	0.003334136799
560000	0.007803371263
560020	0.007199342436
560044	0.007263584973
560163	0.006622999758
560575	0.004544692813
560581	0.001862195817
560584	0.004283028448
560594	0.01100692158
560617	0.005211727928
560653	0.006089545997
560760	0.0005983429079
560851	0.00553997894
560983	0.006670010326
561127	7.841576159e-05
561189	0.005075963429
561249	0.001072391276
561295	0.001742193475
561324	0.004578289427
561364	0.0002642672233
561435	0.008163355969
561603	0.005439757265
561642	0.004914910536
561715	0.00432046036
561738	0.0003431956771
561744	0.005372955097
561762	0.004594985336
561822	0.006793881205
561896	0.006390736485
561959	0.005230583761
562013	0.004939274421
562052	0.01029042578
562204	0.004314139754
562238	0.003497930186
562389	0.002994463233
562466	0.003763098349
562568	0.004923694651
562734	0.004760971268
562781	0.006942464456
562889	0.005293800643
562980	0.006504266993
563048	0.001193064695
563157	0.005147500585
563289	0.004490462543
563371	3.368933529e-07
563373	7.363384004e-07
563380	3.066976268e-07
563484	4.970432913e-07
563770	0.009034038222
563771	0.007485606836
563779	0.002185787549
563823	0.003342105339
563827	0.0002318849694
563865	0.005286014328
563928	0.005129629384
564067	0.003920550502
564149	0.006228181392
564185	0.002561748798
564255	3.126619305e-06
564279	0.005923874982
564282	0.004042548866
564301	0.004495727908
564433	0.00383249551
564451	0.004589066695
564560	0.006175141384
564862	0.005243449301
564971	0.003978635112
564975	0.003788097221
564982	0.006303363126
564989	0.001904805811
564996	0.002602477925
565070	0.004230600189
565190	0.003386678839
565282	0.001552614114
565295	0.004033521014
565342	0.001393048613
565439	0.002096578091
565700	0.005988274484
565772	0.004933857723
565821	0.002845610758
565938	0.00216145361
566209	0.006420321079
566282	0.004048106191
566290	0.001401563618
566356	0.003567599938
566427	0.00639267266
566440	0.0005512297931
566636	0.005208272277
566741	0.004861662203
566870	0.005856144976
566947	0.0001709490057
567002	0.003567721429
567008	0.005746836482
567026	0.00171915008
567097	0.001015832713
567101	0.00545684758
567243	0.002517204033
567292	0.004135816754
567312	0.003390115621
567327	0.002703836153
567344	0.004307139023
567436	0.006494607006
567447	0.005467357973
567497	0.0009314904811
567544	0.002896898004
567587	0.01369935694
567728	0.006015731379
567947	0.002001313524
567991	0.004259562328
568019	0.0002198644323
568042	0.002555118541
568197	0.005887583491
568335	0.0008906979183
568629	0.00413371092
568664	0.00265169534
568692	0.004323590923
568706	0.01136508239
568720	0.008096005231
568744	5.17800059e-08
568766	0.001066701271
569047	0.002337253148
569178	0.003457598979
569412	0.00633177604
569438	0.003795204384
569504	0.006472024023
569513	0.004610520016
569740	0.0002295943851
569835	0.007603531704
569847	0.004981222251
569950	0.0050546515
570029	0.0002446814793
570140	0.002283001906
570416	0.005754589436
570446	0.0002486381004
570600	0.006304199069
570612	0.004107560115
570641	0.003284603871
570730	0.001434694291
570755	0.007466393522
570838	0.004400914669
570847	0.005541151424
570862	0.0003192494727
571183	0.001763796005
571214	0.0005495027448
571279	0.004667690366
571419	0.001580731059
571491	0.005025809029
571669	0.005584254336
571681	0.002198935364
571752	0.00918174332
571762	0.0006367108827
571802	0.0001174893824
571855	0.006669712607
571865	2.700874908e-05
571889	0.00423462365
571980	0.005955543001
571991	0.001332589809
572042	0.004478787344
572137	0.006657198107
572188	0.0001905243423
572320	0.006623665605
572395	0.002821835163
572459	0.001030137829
572670	0.005485893002
572708	0.00118712243
572710	0.001659892312
572742	2.364973903e-05
572747	0.002203584841
572851	0.004816648745
572867	0.008672421568
573025	0.003115658901
573044	0.003297133943
573201	0.002391177634
573278	0.002685679915
573388	0.003746175087
573481	0.002939712558
573568	0.00590887038
573665	0.002604944439
573683	0.003507092861
573697	0.004024995177
573991	0.008909414446
574026	0.004524037287
574054	0.004893237476
574068	0.002072328484
574104	0.0008324934692
574168	0.006444160078
574482	0.00120602863
574579	0.005230356846
574638	0.003931568329
574644	0.00334435081
574861	0.004081219086
575018	0.003343838952
575048	0.0111892578
575065	0.00402340321
575070	0.006454612168
575265	0.001630425289
575270	0.007425691755
575495	0.002044850093
575539	0.003619839596
575766	0.002630034122
575898	0.008231880107
575938	0.006880698392
576110	0.002730507625
576159	0.003872787188
576299	0.003990911883
576302	0.001076138899
576309	0.005596345494
576375	0.005177757893
576382	1.087039627e-08
576383	5.679837607e-09
576505	0.004632335135
576617	1.48128588e-07
576636	0.003393915598
576679	0.005301211503
576768	0.005946128529
576802	0.004606082437
577034	0.0035116278
577072	0.001181527711
577079	0.002761673684
577173	0.003779452947
577317	8.404821256e-05
577427	0.007217209651
577432	0.004366935721
577470	0.005822846382
577475	0.006604620452
577477	0.003625720614
577516	0.003282499055
577518	0.003276329842
577871	0.005771106547
577915	2.744539993e-08
578052	0.005317926617
578076	0.0002029532758
578588	0.002807532129
578625	0.003076240875
578655	0.004899368997
578907	0.005397563841
578918	0.008730365615
579219	0.004380541545
579275	0.002978464583
579442	9.189916291e-08
579444	0.01270016879
579455	0.001888924592
579547	0.005859596405
579548	0.006928705222
579611	0.003540246035
579651	0.00477964168
579757	0.001751551917
579787	0.004312110183
579996	0.0009100323895
580011	0.005641034147
580056	0.0003656313896
580067	0.0022469716
580203	0.002767568135
580226	0.004598183941
580367	0.006892317021
580446	0.001813834228
580564	0.003082582048
580788	0.003743520862
580811	0.00568446716
580843	0.003989721614
580890	0.001920614859
580909	0.004377943113
580924	0.002127349253
580948	0.004804312825
580997	6.821116228e-08
581141	0.006992603437
581194	0.004149725908
581305	0.006708461759
581313	0.004937160101
581326	0.004651089063
581501	0.01128183694
581609	0.005215732494
581664	0.004947003268
581698	0.000786173581
581820	0.0006444800713
582065	0.002526491056
582084	0.007324127233
582107	0.001096298436
582341	0.003841159869
582355	0.004422023216
582524	0.002153385677
582591	0.004569135332
582765	0.003319475473
582800	0.005118080316
582851	0.007674808068
582857	0.002607360631
583111	0.003082065741
583335	0.001124937506
583425	0.006369595935
583443	0.005725776459
583449	0.004137568713
583501	0.0007811079877
583544	0.004215306943
583595	0.004637667487
583633	0.009207510619
583728	0.0008527317446
583888	0.003693472849
583907	0.005196099795
583955	0.005369132425
584016	0.0005442885326
584023	0.006050675871
584143	0.006687826728
584151	0.001689243762
584282	0.00303394344
584395	0.0006549381709
584581	0.006507140817
584587	0.003557983118
584597	0.004300243149
584598	0.0008843187602
584600	0.002571009691
584652	0.007189969326
584749	0.003344645367
585095	0.004883946861
585149	0.004944762102
585250	0.0001324907512
585319	0.005480816951
585426	0.007278625681
585570	0.006563535686
585777	0.002808931751
585801	0.005493280505
585912	0.003232136204
585981	2.714658737e-08
586001	0.006622461067
586050	0.001033181117
586091	0.00487999121
586092	0.005382905771
586175	0.005208895173
586238	0.005199140137
586330	0.007937580008
586355	0.002938941271
586409	0.0007130171169
586590	0.003208694388
586591	0.001400317464
586685	0.003456726667
586722	0.0001255194337
586941	0.0009582360471
586957	0.003606574876
587152	0.0005140624853
587190	0.004886493509
587226	0.0001713320106
587323	0.00569870614
587385	0.006179231982
587414	0.006400527926
587435	0.003578284491
587587	0.00697699165
587638	0.0007618426009
588388	0.004124642037
588506	0.004580084966
588565	0.001687870883
588695	0.005677682095
588767	0.002837184379
588778	0.007731866792
588868	0.005980569768
588954	0.002474495116
588981	0.001658753152
589113	0.003627229189
589191	0.01458586407
589265	0.002779450528
589514	0.002975354189
589538	0.004032955804
589592	0.001685276369
589618	0.0003689307099
589669	0.00356071393
589748	0.005695022638
589822	0.00919095372
589863	0.004583389399
589911	0.001372301421
590122	0.002936332422
590212	0.005090181538
590361	0.004177287999
590365	0.0007947042569
590529	0.006539164663
590574	2.596027152e-05
590661	0.001060613762
590673	8.55682603e-08
590820	0.003933755417
590830	0.000144339153
590877	0.01239697003
591074	0.003412845743
591104	0.003881418075
591133	0.001957156241
591158	0.003955701464
591227	0.003137412319
591231	0.003999553491
591254	0.001252172802
591267	0.00551667075
591307	0.002694130563
591489	0.005373091097
591554	0.00531773537
591641	0.001153943408
591655	0.004386391991
591785	0.004452785392
591838	0.00459831172
591846	0.002341074949
591995	0.005272153162
592016	0.003380512077
592073	0.005051678319
592083	0.006635103715
592086	0.002959758547
592262	0.004280569
592420	0.003991108138
592702	0.003626705243
592963	0.004738207109
592982	5.754746864e-06
593002	0.01014859864
593226	0.006216500551
593228	0.003759574562
593343	0.005869674557
593423	0.000904169922
593471	0.005473259532
593487	0.003483847914
593764	0.005899434062
593798	0.005299334926
593804	0.005672781294
593824	0.007964420176
593990	0.005569495326
594031	0.003720625861
594177	0.006699150655
594201	0.004632367865
594219	0.005807884898
594222	0.004971058792
594315	0.004116100545
594332	0.001267071383
594382	0.00480682549
594585	0.00650404554
594852	0.003837606294
594984	0.001938964424
595006	0.00362280642
595083	0.0004392556165
595123	0.001700200732
595214	0.001413182559
595300	0.004623443536
595375	0.003075485701
595406	0.00456707952
595423	0.001638686766
595526	0.004737569203
595576	4.896312427e-05
595886	0.002191364294
595923	1.433469603e-07
596013	0.0007681576191
596014	0.003950267368
596023	0.001512793039
596056	0.005169182708
596242	0.003852438253
596300	0.004225139224
596381	0.002002138481
596425	0.004011063204
596541	0.006319744497
596673	0.003964711725
596793	0.001098216172
596867	0.009286680892
596937	0.002986146362
596972	0.0004843068867
597054	0.002378922964
597108	0.009677183883
597185	0.004816674996
597294	0.001742374077
597456	0.004807547629
597505	0.005737098763
597512	0.005831203122
597561	0.00489601761
597640	0.005338759103
597691	0.007173270217
597988	0.004442508191
597994	0.002185850388
598065	0.005686684877
598198	0.0007303117109
598233	0.007061652056
598239	0.007258125177
598274	0.003304636556
598325	0.000750680823
598362	0.005105278525
598603	0.007942239923
598940	0.005274441105
598970	0.004947351729
598976	0.007834932611
599001	0.003371787641
599017	0.002544667819
599034	0.004377211183
599165	0.006083977603
599329	0.0006948927986
599436	0.001227903043
599437	0.008090574036
599438	0.004582788496
599453	0.004936996138
599689	0.008245188088
599748	0.005312006497
599771	0.00102561236
599833	0.004638871691
599942	0.006959551489
599990	0.004224925579
599991	0.003290640511
600171	0.003846325419
600358	0.003743859565
600375	0.003895999672
600397	0.00224253215
600459	0.005080963899
600525	0.009246131021
600545	0.005250520074
600752	0.01452587633
600822	0.002694961168
600831	0.003905970053
601002	0.004499391612
601066	0.001629831732
601125	0.002652602055
601136	4.085682191e-05
601179	0.003175207585
601258	0.004790767542
601327	0.003461507813
601361	0.002033089643
601384	0.006309710789
601562	0.004352026739
601666	0.002384663309
602101	0.004698211125
602103	0.0001816460941
602126	0.006374608553
602233	0.005380170881
602396	0.002943228106
602513	0.006663682748
602631	0.004510612618
602731	0.004970554808
602848	0.003020115881
602951	0.003555821496
602984	0.005627749954
603015	2.582121911e-08
603017	1.102477582e-07
603047	0.001952704902
603229	0.003258736503
603321	0.003192293003
603606	0.000266676814
603633	0.005271960266
603674	0.003270093047
603689	0.003483068133
603910	0.003691326946
603919	0.002224055696
603963	0.001919464457
603988	0.006067483099
604000	0.002447585314
604196	0.004407725549
604305	0.002153389396
604397	0.008278781289
604547	0.006060425925
604645	0.004882480425
604746	0.002959893714
604873	0.001064523873
604956	0.001831505811
604960	0.001517761576
604965	0.003165419028
604972	0.002454658096
605195	0.005248371323
605324	0.002125038247
605428	0.009284327999
605444	0.002730954624
605447	0.0008819016714
605705	0.00227993814
605765	0.00286213748
605840	0.004650639234
606000	0.005468788126
606160	0.000830087436
606275	0.0003329347357
606376	0.0003089974287
606469	0.00542683564
606706	0.001019496741
607091	0.002237514491
607188	0.001706035036
607339	0.006607924702
607541	0.002985482105
607598	0.003278555705
607604	0.006942037307
607733	0.005254516735
607735	0.002614468341
607745	0.004313451335
607821	0.0004870374797
607915	0.001589433097
607954	0.007105216471
608179	0.004922146456
608279	0.00458567394
608282	0.005351044523
608289	0.004547161694
608342	0.006260454566
608365	0.003121722646
608376	0.004955578153
608401	0.002565471986
608535	1.029130521e-07
608593	0.004595784561
608769	0.005440365638
608978	4.136975836e-08
609001	0.003255388455
609041	1.113196357e-07
609111	0.0004540212182
609272	0.003622635614
609286	0.00359721827
609303	0.004275463022
609305	0.002674652971
609347	2.822529574e-05
609474	0.005877863278
609597	0.004592525251
609701	0.001444988176
609713	0.00265105197
609936	0.006815065135
610058	0.001394984492
610083	0.004355790165
610280	0.004896432829
610488	0.008089022996
610505	0.01187101033
610552	0.003483658113
610643	0.003958722434
610899	0.005615132309
610952	0.006946658083
611209	0.003751091285
611250	0.003220379797
611280	0.005445043293
611364	0.004728753593
611541	0.004597607774
611583	0.006741205789
611694	0.00238598216
611700	0.002133637055
611713	0.0007025041376
611911	0.004594037398
611989	0.0009714075668
612021	0.001811807187
612195	0.006435779266
612545	0.0011932902
612763	0.005221216189
612835	0.00581953496
612865	0.005108236363
612880	0.0002411685547
612910	0.00244577106
612948	0.006584897639
613013	0.0005249243228
613115	0.004408247419
613275	0.004867082307
613451	0.004091837975
613463	0.001503892257
613484	0.004327752997
613513	0.002910833917
613605	0.003658725885
613750	0.004021281396
613752	0.002003146571
613827	0.004428479807
613829	0.003476725486
613830	0.002268393255
613944	0.00329807333
614130	0.005076443139
614203	0.002675463629
614234	0.001344235302
614277	0.00725591124
614332	0.003325277068
614341	0.0038891835
614470	0.001090706736
614492	0.007112022611
614546	0.005336326748
614651	0.002958104046
614695	0.003774604407
614783	0.00750316829
614858	0.005576313539
615119	0.004376020807
615150	0.008062985084
615173	0.001388364829
615202	0.001335134471
615300	0.002074704448
615314	0.003553885617
615470	0.004018308457
615484	0.0004977386664
615514	0.004764472787
615560	0.006919361717
615578	0.004753257027
615619	0.002690016009
615737	3.546320657e-08
615887	0.001641210493
615935	0.006594145837
615970	0.004300343541
616055	0.004985190193
616098	0.001927318226
616265	0.0005578755013
616360	0.004991637355
616416	0.005310646559
616493	0.000422206115
616567	0.008322725078
616742	0.003348110572
616797	0.002674629
616815	0.005129529799
617024	0.006270569886
617080	0.007730027712
617098	0.008794048245
617144	0.002933100786
617145	0.0001049486862
617208	0.005179200066
617233	0.005467301457
617473	0.00497628798
617534	0.002489172403
617602	0.008864874486
617696	0.00193986386
617739	0.001441243749
617741	0.00323047316
617754	0.002461107734
617795	0.002069492493
617836	0.005872057997
617841	0.004920689572
617852	0.005737947775
617920	0.004174479974
617922	0.003765671931
617934	0.005384035384
617943	0.00208949569
617970	0.008482292926
617979	0.003285135634
617996	0.007233654504
618066	0.002792898711
618190	0.003020462192
618291	0.0004569483208
618490	0.002315489012
618715	0.002198636545
619000	0.002256130386
619026	0.004981679085
619113	0.001009202974
619130	0.008371593715
619369	0.00532300401
619672	0.002513759766
619775	0.004834858069
619781	0.00544924081
619789	0.0007205258849
619922	0.004914509155
619948	0.001467959437
620001	0.005178416928
620059	0.0052474018
620274	0.003830893613
620288	0.004880974386
620474	0.003383440722
620501	0.0003434260261
620542	0.004383075069
620770	0.005148266878
620794	0.003318052552
620888	0.003947277911
620966	0.005800887699
621109	0.004543572912
621113	0.006251836941
621151	0.004103311717
621452	0.002657518997
621485	0.005626474868
621502	0.005170711311
621503	0.003383924977
621516	0.006762294832
621531	0.005287225697
621559	0.007533521648
621621	0.004377577329
621736	0.005022026565
621743	0.002667008389
621804	0.001055167531
621956	0.002384709165
621973	0.005210232494
622049	0.002422295546
622211	0.004091291884
622294	0.005948713903
622481	0.002142676883
622536	0.0006716904948
622647	0.005547962539
622656	0.003271945504
622708	0.004164403566
622780	0.003521545441
622859	0.00663818804
623067	1.427431551e-06
623103	0.009785968534
623236	0.002185960707
623287	0.00498201203
623371	0.004405269914
623395	0.0004643716743
623607	0.0004315240135
623691	0.00419857795
623890	0.006791141378
623959	0.003815395661
624001	0.003267131745
624126	0.004689183456
624345	0.004935148319
624546	0.004302713062
624578	0.0006030134242
624623	0.003981831886
624656	0.003073270209
624762	0.001251006482
624904	0.005274115033
625132	0.0002528151128
625145	0.004840017133
625311	0.004057878866
625323	0.003655563307
625493	0.005630705505
625700	0.002560074376
625740	0.006288806898
626105	0.006789995359
626179	0.004039401009
626215	0.00411318795
626236	0.008352693335
626400	0.002799352269
626591	0.00285986573
626815	0.00324585754
627037	0.005331393548
627039	0.006460206429
627070	0.001555799443
627170	0.005380621277
627216	0.003522369417
627282	0.002058570099
627372	0.006184462483
627407	0.004895698178
627433	0.005800761454
627487	0.000664254156
627592	0.003964766939
627597	0.000280898553
627743	0.002406004993
627794	0.005816270281
627841	0.002312917352
628144	0.007892320836
628245	0.003161945214
628261	0.01000787548
628552	0.003927716239
628617	0.004943546204
628771	0.0009546015246
628791	0.008857408719
628814	0.006033397339
628902	0.003221018828
628949	0.001511181556
628975	0.0001236001451
628979	0.00172411058
629102	0.005151913393
629216	0.005300692321
629340	0.001320195146
629350	0.005350348303
629455	0.003738487512
629463	0.004002406798
629532	0.001191721156
629547	0.007563765179
629581	0.001813999887
629653	0.004786759209
629730	0.005315751755
629758	0.00418503474
629771	7.217300519e-05
629867	2.037918753e-05
629975	0.003141858935
629991	0.0002470196065
630083	0.003086371292
630105	0.004365149885
630245	0.006084507336
630370	0.004910488734
630409	0.00264735159
630544	0.005426889095
630676	0.006901462887
631008	0.0002756802675
631094	0.00689521325
631178	0.005908573747
631512	0.002531370665
631557	0.00186472018
631579	0.004253887667
631744	0.0008608943751
631818	0.00453738708
632091	0.006288980912
632198	0.005925701019
632232	0.0004164881496
632233	0.0002295187449
632296	0.003315380881
632337	0.001211526511
632458	0.0008911196022
632469	0.004109190127
632561	0.002651716314
632594	0.004651325193
632685	0.001808904842
632733	0.003317430093
632745	0.002187767605
632765	0.004838235907
632853	0.0005805204801
632962	0.004178246141
632977	0.005437424072
633207	0.00566308838
633242	0.005379149057
633278	0.007328472748
633334	0.004667818794
633378	0.002438029424
633527	0.005997817488
633563	0.003855962288
633630	0.004930472735
633637	0.00598706835
633796	0.006738688191
633973	0.004189608298
634047	0.003892653522
634072	0.0004007871903
634118	0.004629120539
634269	0.006293878027
634284	0.0005237458301
634379	0.003313240329
634383	0.001305042195
634457	0.005484526176
634466	0.005337773795
634499	0.007357193607
634566	9.636609548e-05
634749	0.005804148772
634838	0.0002846854759
634843	0.00519945521
634903	0.001419529488
634907	0.002188398075
634952	0.007156672804
634996	0.000625562859
635028	0.001436196977
635155	0.005280977813
635203	0.006471848875
635230	0.001784608079
635258	0.001743790307
635445	0.001951132303
635451	0.0008414413267
635481	0.004273105584
635500	0.0006698254567
635706	0.003228632442
635741	0.005189524969
635872	0.005321204162
636324	0.005503555639
636340	0.004436731131
636585	0.002947292651
636657	0.005658664355
636790	0.004607362742
637161	0.003691111983
637173	0.0065971038
637223	0.005610788009
637329	0.004020276098
637418	0.003113237869
637525	0.01081915681
637553	0.005669464942
637818	0.0009152667517
638286	0.003219119062
638336	0.00428661728
638439	0.0008521167657
638474	0.001134639815
638605	0.000137219646
638614	0.003342597374
638617	0.001167761195
638661	0.004569482436
638774	0.007241050005
638915	0.001340754787
638954	0.003852072841
638956	0.006000019272
639047	0.003658457961
639099	0.007734053321
639515	0.009000761228
639580	0.0008391602121
639761	0.005457229839
639799	0.0008899745552
639899	0.003417332901
640051	0.005788756286
640095	0.0002555639229
640116	0.002538917917
640151	0.003629042927
640185	0.003447545715
640296	0.0002142007703
640345	0.00616495525
640384	0.0002486880511
640460	0.003852748155
640535	0.00651917055
640578	0.0001770040587
640592	0.002981287114
640631	9.099526837e-05
640755	0.004521158071
640798	0.005184165008
640853	4.567711759e-08
640887	0.003974930264
640945	0.003928640493
641111	0.006226613631
641184	0.006772656622
641264	0.004828622359
641333	0.002434351575
641335	0.003599299654
641350	0.005724326657
641843	0.003931807533
641876	0.002617893012
642088	0.00423629111
642102	0.003700870143
642147	0.002142700219
642346	0.001615517678
642445	0.0001946076743
642457	0.005293948344
642501	0.004868194738
642515	0.002706836245
642587	0.003638556406
642612	0.005721826928
642796	0.01791784158
642807	0.005918559521
642895	0.004753617394
642897	0.004908838397
643023	0.005366717848
643169	0.0008037574555
643258	0.003553242819
643296	0.001713474256
643305	0.000443334288
643374	0.006399426864
643399	0.008346024047
643533	0.00182431199
643581	0.006316356562
643600	0.009493003015
643680	0.007326569255
643720	0.003905204026
643946	0.004550424702
643994	0.006707827253
644013	0.002590352832
644017	0.003315666709
644163	0.004347815798
644193	0.003621208371
644200	0.004821968313
644205	0.001536763607
644259	0.0009542428043
644277	8.555242839e-05
644308	0.003872226194
644326	0.003388014931
644385	0.003079176398
644406	0.001465287134
644427	0.003434913956
644432	0.005812299779
644457	0.004084910604
644468	0.001977115093
644563	0.00165935384
644576	0.00561228292
644613	3.462592767e-07
644660	0.003141791511
644662	0.003004073685
644677	0.005798191091
644773	0.003319546723
644896	0.004529393124
645037	0.001944373465
645074	0.003506287459
645111	0.009267780361
645168	0.005724917191
645224	0.002989943148
645232	0.002557486411
645274	0.005647461371
645346	0.000298010236
645401	0.0004113408503
645816	0.001304815714
645819	0.002068682012
645935	0.001904933576
646010	0.002869121501
646160	0.006184158393
646352	0.006815064297
646502	0.006046393325
646525	0.003785143105
646779	0.0007600080884
646780	0.00130337933
646853	0.006657605878
646882	0.00175523613
646892	0.005474141326
646937	0.004482501472
646942	0.001181923553
647017	0.00575960111
647088	0.004004857419
647091	0.003142336654
647094	0.007706957202
647172	0.001986781158
647269	2.476669987e-08
647296	0.006058538533
647317	0.00183475536
647399	0.0002247873749
647744	0.0004461642474
647765	0.004805210396
647852	0.001725811249
647875	0.0005896487701
647883	0.007567950766
647941	0.00339965114
648051	0.006047606841
648230	0.008352786586
648243	0.003774851942
648354	0.005357542316
648358	0.00683530615
648401	0.004227629538
648434	0.003032885982
648580	0.002549357599
648623	0.002784942074
648635	0.001193008948
648720	0.004867952745
648744	0.005120427592
648783	0.001164994577
648932	0.003678299974
648933	0.006248349857
649014	0.002646503004
649138	0.0004118165756
649212	0.004306064855
649247	0.003422067443
649248	0.004675819264
649286	0.003220998373
649307	0.005770070549
649361	0.004075379095
649570	0.004816368467
649633	0.0009476166741
649679	0.004010834604
649746	0.00434526017
649811	0.004506811725
649829	0.003184190978
649948	0.001623921988
650053	0.0005475220536
650154	0.003641110767
650384	0.004354669467
650405	0.0001271579134
650444	0.003819159323
650572	0.001554270591
650657	0.00534922457
650671	0.01024151368
650707	0.004890674412
650739	0.005766135642
650806	0.01317102236
650807	2.107968331e-07
650862	0.004514876348
650889	0.004140506787
651046	0.00600839532
651067	0.007193792861
651214	0.003196492829
651248	0.005347380307
651364	0.006589029914
651368	0.004878591434
651387	2.856532834e-05
651640	0.001991851765
651794	0.004392547695
652020	0.003831220891
652026	0.003442594593
652125	0.005210957429
652167	0.001654815822
652268	0.002882736644
652530	0.004835159967
652582	0.002212225857
652860	0.0006206896977
652948	0.005175395621
652980	5.100611461e-08
653131	0.002188196737
653212	0.003587014515
653301	0.004580484659
653446	1.74225212e-08
653469	0.008516235275
653518	0.003739019069
653571	0.004278864269
653587	0.004557098951
653643	0.005638239712
653733	0.006030707746
653771	0.006131182908
653772	0.006199602079
653811	0.003109855482
653815	0.0008710731556
653964	0.008021097465
653985	0.007312825527
653998	2.113969634e-05
654037	0.0005759712716
654064	0.005076442675
654203	0.008382498454
654287	0.01192954435
654467	0.005028465349
654578	2.892884116e-08
654636	4.818701022e-07
654695	0.00590432422
654733	0.001144175019
654996	0.004415562689
655027	0.004011352877
655296	0.001643951061
655605	0.005747577584
655611	0.001387581956
655793	0.001243736595
655861	0.001990149856
655893	0.004810468781
656105	0.0009931669594
656111	0.0006586710303
656137	0.004433163118
656196	0.006635750875
656260	0.005901330802
656365	0.005549064551
656468	0.006019329972
656623	0.005459310811
656640	0.003862404803
656696	0.0002801232291
656765	0.007516549522
656778	0.002220808808
656914	0.004330866152
657034	0.002278964583
657232	0.009417701198
657250	0.01254927707
657258	4.452086186e-08
657330	0.001081308885
657368	0.0003659585424
657413	0.006558268099
657430	0.003755881098
657600	0.002493082399
657634	0.003266711914
657635	0.007052159697
657651	0.003041331091
657794	0.00114794481
657878	0.005806008592
657998	0.003369413684
658201	0.005066576784
658279	0.006408545988
658449	0.004732108658
658591	0.003855259758
658962	0.005944886326
659036	3.79588485e-05
659088	0.006020122065
659210	0.002976282556
659264	0.01235837629
659314	0.001180070014
659363	0.006874214275
659447	0.0004879156715
659497	0.004319567007
659775	0.001359149345
659779	0.005364298606
659831	0.003873216332
659886	0.003003103149
659894	0.005504285037
659901	0.003614099148
659960	0.0003631435722
659986	0.0003602261122
659999	0.00503692284
660017	0.0004225776052
660077	0.009786189266
660159	0.004474025912
660181	0.0007619524933
660216	0.00446259084
660239	0.0009836467151
660397	0.006961965689
660411	0.004809116152
660735	0.0002399360717
660739	0.005285598274
660772	0.005331705212
660865	0.0005941374383
661072	0.003052419299
661241	0.003898941448
661437	0.01222749928
661480	0.006421324145
661667	0.006618623634
661671	0.00515338081
661679	0.003447674872
661762	0.001921376293
661878	0.001436476476
662118	0.006196410285
662346	0.0004125400527
662423	0.01072442934
662496	0.003807644788
662561	0.003714424527
662598	0.00158052528
662648	0.002417867192
662752	0.003954426647
662941	0.004864616378
663023	0.002628241481
663078	0.005418578335
663111	0.006542505044
663257	0.004392241434
663334	0.004132997625
663339	1.996017571e-08
663389	0.007744102293
663564	0.0113363376
663659	0.002884557977
663670	0.003367513922
663682	0.002706381854
663711	0.00428157702
663810	0.005737993896
663813	0.007092487056
664041	0.004299814276
664182	0.006400526635
664312	0.0006919343029
664315	0.006546927146
664352	0.0003838260493
664452	0.004937776363
664461	5.388792897e-06
664496	0.003195650984
664558	0.0003375420764
664632	0.005243747012
664785	0.001543314076
664897	0.004771102126
665057	0.0004073491722
665125	0.005665842557
665139	0.003395720025
665140	0.002873504095
665213	0.001494229582
665251	0.004148456092
665350	0.003998476555
665596	0.008967752775
665674	0.003764344662
665768	5.203559721e-05
665834	0.001356637701
665858	0.003140057053
665896	0.005743139388
665947	0.002411760369
666018	0.007999642367
666078	0.003739966956
666080	0.00189632446
666082	0.00111118772
666090	8.804649362e-05
666112	0.0006464006156
666140	0.001352453014
666186	0.004063125348
666291	0.0003522912187
666323	0.00566844605
666371	0.006284821392
666382	0.0001244937911
666416	0.0005091581726
666427	0.003283595183
666735	6.095375209e-08
666805	0.003145352307
666966	0.004225301308
666996	0.006888315731
667033	0.00415582301
667078	0.004086005456
667131	0.004790779922
667176	0.005124113506
667303	0.004225186208
667333	0.002819007753
667374	0.002040255251
667398	0.001456275365
667464	0.006073175484
667738	0.004600689798
667808	0.00423865386
667876	0.007404116789
668210	0.005126736584
668221	0.005146094846
668264	0.005353157074
668308	0.003791219995
668392	0.0008547729155
668436	0.004243284147
668477	0.005393355218
668623	0.001972468637
668796	7.446622533e-08
668821	0.004965004837
668891	0.005867973798
668909	0.006377241997
668978	0.00583827754
668983	1.370313532e-08
669002	0.007395883291
669027	0.003400978014
669031	0.00373020624
669081	0.002171308198
669083	0.005862807163
669181	0.005833189341
669259	0.005198300293
669354	0.006186204882
669429	0.0006537994791
669480	0.005235409821
669524	0.003193160881
669569	0.003526384581
669573	0.006079785562
669709	0.006572417238
669880	0.005307827225
669891	0.00420030674
669911	1.67103447e-07
670059	0.005458594157
670284	0.002504766825
670332	0.005897229608
670498	0.0009917160089
670546	0.004709604988
670551	0.004675556784
670759	0.004087968101
670983	0.006882806704
671091	0.003644582276
671201	0.005408943547
671289	0.004880977231
671363	0.003201957737
671390	0.007188434119
671439	0.005309950636
671521	0.00490955591
671694	0.003110064109
671716	0.009222197798
671805	0.003188725338
671892	0.004165753268
671912	0.006188944971
671964	0.004691209608
671989	0.006832178787
671994	0.005030239902
672032	0.006066122666
672159	0.007442909144
672245	0.006843121941
672317	0.0001941994771
672343	0.002369580123
672375	0.000864050848
672513	0.003602526303
672522	0.003313384173
672571	0.003430297196
672607	0.003685258155
672636	0.001204928886
672690	0.001478160956
672986	0.003756107223
673100	0.005809074185
673185	0.003601563753
673419	0.0007232570003
673482	0.001873610818
673590	0.001132940091
673830	0.001310865901
673844	0.008476445216
673904	0.005946987642
674125	0.004424308058
674154	0.005444604678
674256	0.004305584348
674297	0.003507134065
674406	1.608959871e-06
674717	0.005648072887
674751	0.005152821224
674805	0.003698520976
674894	0.006718952276
675030	0.003968986854
675090	0.001318175407
675224	0.00632753714
675502	0.00494504474
675732	0.003673038312
675789	0.002587584073
675798	0.004375881168
675855	3.023118243e-08
675865	0.004180457062
676045	1.046094374e-07
676149	0.006702540226
676151	0.004891757593
676200	0.005563360843
676207	0.004513457519
676296	0.00409265444
676469	0.0004554582242
676477	0.0001136784541
676499	0.00345122731
676598	0.001086354489
676612	0.004826718462
676738	0.004575408675
676987	0.00392534073
677067	0.0006443925509
677182	0.001047567426
677459	0.004763008507
677507	0.003216509391
677514	0.00400055597
677542	0.00632869469
677599	0.003490911858
677620	0.0001598882495
677668	0.005412600852
677783	0.003481613895
677796	0.003876660574
677835	0.001304285955
678090	1.36988396e-07
678178	0.001290471137
678297	0.004048143842
678323	0.004683475207
678367	0.01364494937
678400	0.002149148263
678489	0.004725629975
678546	0.003426252576
678732	1.585742088e-07
678765	0.002900268756
678787	0.0009591578635
678799	0.0003295944876
678814	0.00617744673
678820	0.004544600254
678870	0.003051649254
678919	0.006966493985
678977	3.045141471e-09
679231	0.006235512522
679458	0.005547369546
679599	0.005132075138
679773	0.003174931209
679817	2.311407153e-08
679963	1.476574049e-07
680065	0.00357882064
680248	0.008272577629
680266	0.001919503214
680476	0.001332009439
680525	0.002005915283
680605	0.003593923767
680784	0.005535200205
680901	0.004649070495
680912	0.002044282385
680965	0.01169626485
681351	0.003428992273
681627	0.002344721275
681737	0.003012451799
681847	0.006349893225
681949	0.003412835115
682022	0.004980008377
682070	0.009908592507
682304	2.661209618e-08
682631	0.004049886453
682678	0.007800726086
682723	0.003928501597
682730	0.006600179196
682804	0.004401200807
682820	0.004516903636
682953	0.004640977031
683015	0.007239872552
683064	0.001772641276
683271	0.009088088042
683295	0.007262617576
683382	0.001659698424
683458	0.005539839557
683667	0.007486443495
683689	0.0002637849611
683717	0.001753357378
683728	0.004035728206
683753	0.003469685482
683943	0.005697777001
683988	0.006199260615
684033	0.001174437173
684046	0.001726837698
684368	0.001493614091
684393	0.006090580868
684555	0.0003787764542
684640	0.01089926614
684711	0.007710121844
684824	0.003649927811
684835	0.00414525284
684842	0.0001613587772
684898	1.286565557e-07
684906	0.003368384615
684986	0.001618274277
685177	0.0003921703601
685188	0.001835374003
685399	0.003687093883
685415	0.000251382216
685534	0.00629602834
685733	0.004169872159
685816	0.005946947035
685930	0.005342029281
685988	0.006503990266
686125	0.002669103052
686209	0.001398930883
686244	0.009508625283
686306	0.002524034384
686628	0.005298914148
686720	0.005314997003
686851	0.01520364335
686893	0.001835329342
686910	0.006500467443
687073	0.01341781484
687125	0.006532592281
687200	0.00657798361
687241	0.005724966996
687333	0.005555053828
687637	0.002589539699
687700	0.005667058451
687854	1.103019115e-07
687899	0.002530675985
687927	0.005224638129
688111	0.004825645559
688163	0.0001736594921
688182	0.001551892223
688230	0.001843217375
688363	0.001584645816
688449	0.001253413301
688492	0.007101503921
688595	0.001561645244
688644	0.003614029802
688659	0.00324118915
688688	0.003295293947
688788	0.00532046901
688978	0.005115835166
688991	0.006593166568
689047	0.01154479444
689163	0.005464098935
689263	0.00443030065
689357	0.007028782761
689383	0.00489340284
689460	0.002914981865
689559	0.007650334924
689579	0.003248147778
689779	0.008131364408
689791	0.004466445709
689883	0.0008257275613
689885	0.004252271678
689898	0.001330166502
689964	0.0007521153678
690061	0.0001104809563
690206	0.002928940197
690519	0.006691245754
690634	0.004713096522
690700	0.004050187045
690715	0.000319657874
690973	0.0002582231497
691058	0.0004448039142
691291	0.004753570473
691328	0.007849204623
691379	0.003085832617
691400	0.002060319158
691541	0.0005869728283
691602	0.002814363523
691692	0.005092778432
692012	2.257210868e-08
692016	0.00804589154
692031	1.648847178e-05
692044	0.003532869951
692092	0.0001083500716
692252	0.003283348515
692277	0.005652868627
692344	0.007649497904
692376	0.0008353438109
692466	0.006544030193
692493	0.00113452863
692539	0.006079846935
692686	0.008411680465
692794	0.003241196277
692852	0.0007026967348
692855	0.004414206255
693217	0.006894838895
693317	0.001200088538
693462	0.002661612267
693545	0.001425126864
693570	0.003359554623
693788	0.01030103426
693793	0.003833719082
693921	0.005759894497
693966	0.005460416001
693996	0.004656588121
694041	0.003269348982
694044	0.001917710396
694131	0.004071467845
694166	0.001350113876
694203	0.001969865023
694220	0.0001267705765
694315	0.001741656041
694407	5.089192187e-08
694518	0.009664504431
694559	0.005374904623
694579	0.004421518175
694784	0.002099428929
694859	0.000987122187
694913	0.004468454226
694918	0.006748618585
695215	0.002945769553
695225	0.007537446486
695293	0.003022104377
695345	0.004719863842
695347	0.005559844504
695512	0.005050038935
695649	0.009643859546
695684	0.006040316858
695894	0.006463124912
695936	0.001921359663
696045	0.006300707237
696056	0.0004542149632
696107	0.005754395199
696281	0.004248443639
696544	0.000148491255
696633	6.674405746e-08
696677	0.003673512467
696687	0.0006325015393
696719	0.004706687046
696860	0.006247841057
696979	0.001952996993
697029	0.005256313812
697142	0.00412409303
697181	0.005869557528
697362	0.001712913277
697562	0.0004917513125
697714	0.002961427175
697761	0.006427709551
697794	0.00116451654
697988	0.002572975161
698001	0.006182254158
698057	0.004014521953
698128	0.0001138610563
698145	0.0003847840013
698189	0.001520098899
698287	0.005149129617
698294	0.007983200098
698509	0.00557991059
698715	0.005493537673
698821	0.005986350386
698868	0.003713010895
698941	0.005551347221
699124	0.002844192229
699356	0.003653194388
699452	0.005698178246
699482	0.003058550186
699651	0.003130538299
699735	0.005679019869
699757	0.004992349306
699918	0.005277130891
699930	0.004738026843
700014	0.004062654554
700032	0.00226878112
700100	0.00465938023
700117	0.002978408221
700122	0.004646022604
700182	0.003874076887
700335	0.001236621276
700587	0.006416563946
700620	0.003713379151
700623	0.003577911172
701048	0.001856871346
701126	0.007233299183
701216	0.002680102703
701257	0.002399864597
701340	0.003524582085
701353	0.006246726476
701381	0.0004029648942
701521	0.003173525751
701878	2.117310037e-06
701938	0.004323654839
702071	0.005956318853
702088	0.004169565293
702381	0.0009984581022
702387	0.00717603865
702421	0.004447488584
702439	0.005366804579
702542	0.002403164084
702552	0.001695666829
702707	0.003106278116
702923	0.003654702032
703042	0.005682517197
703435	0.003414233861
703444	0.005232954446
703511	0.005987692931
703549	0.004728842565
703587	0.001992899978
703664	0.005133032909
703686	0.005730506568
703798	0.0006167849706
703925	0.00407042752
703929	0.00328337996
703978	0.005593142424
704009	0.004948536599
704030	0.004821612914
704040	0.002740507343
704115	0.001635409519
704127	0.005472729357
704131	0.003526339844
704205	0.004652643172
704359	0.005521843947
704438	0.00313940481
704445	0.006012149832
704463	0.007849103763
704503	0.002440291764
704504	0.002915286051
704533	0.005997799595
704574	0.001903957357
704648	0.002899717737
704667	0.004761996272
704702	0.0009973260604
704772	0.007745491883
704978	0.006111815848
705101	0.0003732362274
705112	0.004228398214
705113	0.005754492252
705126	0.001539402751
705230	0.006386685243
705255	0.001656850456
705397	0.004392981796
705403	0.003757103444
705406	0.004690926046
705464	0.00627061991
705714	0.00350720346
705822	0.004860115933
705889	0.004654243402
705981	0.005563424837
706058	0.003950112765
706091	0.0005142514271
706192	0.0007939170195
706256	0.007405808061
706342	0.0003012335669
706379	0.004315908419
706457	0.005467469004
706498	0.005037560197
706518	0.006837626031
706600	0.004695769111
706688	0.003097072687
706965	0.007243482118
707003	0.002934428013
707112	0.0001159718369
707120	0.003112484702
707189	0.004469086369
707274	0.008580145838
707617	0.005513015054
707630	0.001342495015
707650	0.005230160792
707666	0.003504975042
707921	0.004823290101
707936	0.001197924191
707937	0.004895203334
708061	0.00214621476
708104	0.007809901137
708126	0.004207735187
708265	0.002906121706
708424	0.005928575937
708494	0.005000783597
708506	0.006787886339
708630	0.005231632376
708780	0.00491442179
708821	0.003401948483
708861	0.001172190917
708934	0.00462743501
709149	0.001577257923
709282	0.005915506229
709646	0.001019177985
709666	0.004418083485
709673	0.0009760444574
709753	0.001413617853
709778	0.00700047375
709819	0.00204939543
709886	0.004598139426
709901	0.003735711728
710171	0.004111310304
710190	0.00586675221
710195	0.004582355821
710275	0.004678424269
710292	0.005098969464
710322	0.006089473073
710499	0.001666818841
710526	1.073194755e-07
710554	0.006208416296
710564	0.003216183799
710705	0.005631941672
710708	0.003693086001
710712	0.005631779418
710781	0.00418938698
710826	0.005286524393
710910	0.005647675327
710952	0.004693573684
711249	0.007275182097
711255	0.002033981966
711640	0.004249737119
711660	0.002988357974
711977	0.003145653859
711991	0.00245885236
712077	0.005109838212
712082	0.0004709373777
712182	0.004591201322
712433	0.0008382518541
712541	0.005524483291
712565	0.0003128048638
712580	0.00272126721
713018	0.008668690727
713214	0.004866227627
713274	0.001741721556
713360	5.086933869e-08
713515	0.005893564594
713531	0.006659332759
713610	0.00611773959
713681	0.000612112091
713813	0.001570218125
713853	0.001951972508
714031	0.003197569573
714127	0.005637499557
714248	0.0002880047588
714353	0.00573111093
714402	0.004792465577
714538	0.003097350144
714614	0.003004403244
714768	0.004413493457
714863	0.006255256861
714910	0.004408134238
714911	0.0005588619584
715001	0.003911038879
715166	0.004206140888
715305	0.006118324508
715333	0.00648459152
715440	0.006440596318
715590	0.005520647966
715748	0.007573627738
715815	0.004052702855
715865	0.007136306362
715982	0.002560860606
716046	0.005959677858
716336	0.006009988985
716468	0.01151178279
716490	0.004894310287
716611	0.003593878815
716634	0.007154872224
716637	0.0004674700303
716649	0.005408378151
716735	0.0003768977426
716736	0.005036071351
716832	0.007485479469
716902	0.006838392078
716906	0.00365731494
717192	0.00399566205
717226	0.00773098584
717302	0.00363759181
717338	0.003830746065
717370	0.002527968055
717384	0.008621800455
717467	0.0005469374198
717469	0.001392508438
717535	0.001901286413
717878	0.001156512486
718134	0.004817664977
718156	0.006761716247
718340	0.006342110991
718487	0.004623534092
718522	0.005399190852
718529	0.004452365648
718778	0.002923079657
718823	0.000623515977
718931	0.002694046722
718939	0.001684562002
718992	0.003546870098
718995	0.00150489562
718998	0.001775027332
719141	0.000988062583
719205	7.097166653e-05
719296	0.001248017764
719434	0.004962932652
719463	0.004835546118
719638	0.003619659831
719817	0.000979174367
719841	0.001699466989
719874	0.003205385274
719922	0.001150580549
719990	0.007966804122
720045	0.00475614202
720289	0.006272894224
720302	0.0001485473584
720382	0.004812559335
720428	0.001790723002
720632	0.01150755013
721021	0.005881437595
721111	0.0001524032626
721115	0.005388475503
721197	0.008867903472
721246	0.0005740490926
721287	0.006331299794
721289	0.002106874648
721341	1.171273671e-07
721477	0.005144885469
721478	0.001663622776
721532	8.898835112e-08
721592	0.00639094785
721735	2.729421085e-07
721844	0.003194523065
721962	0.001547988582
722031	0.004151334773
722070	0.004378600285
722125	0.004966202638
722402	0.005619256277
722468	0.0005933214804
722519	2.93728878e-07
722677	0.00475480329
722828	0.006009933959
722878	0.007126172218
722996	0.003293977824
723018	0.0050311993
723111	0.001215368392
723204	0.008397853934
723238	0.002564562327
723243	0.00544766005
723257	0.002278498419
723343	0.008835724367
723481	0.0006972554645
723531	0.0004900542541
723627	0.005414849035
723640	0.003862145296
723818	0.01017556067
724011	0.0009066957109
724198	0.005326329537
724233	0.005267877177
724376	0.001075009753
724482	0.0001843125223
724501	0.005187805382
724556	0.001710795234
724674	0.001721884321
724681	0.002323861553
724689	0.004049912673
724696	0.0008314999206
724714	0.0003250141256
724827	0.004919055523
724865	0.008348521091
724869	0.003864136808
724902	0.006629603487
725074	3.183020483e-08
725113	0.00484452082
725125	0.005595448297
725280	0.0002473289208
725313	2.677008123e-05
725403	0.002690582469
725516	0.003101694652
725569	0.003793601321
726223	0.00218186171
726471	0.002344719347
726577	0.004553607721
726586	0.003601816927
726650	0.007522201903
726663	0.006308821782
726834	1.75430516e-05
726954	0.005398222676
727066	0.004958554502
727094	0.00172879267
727121	0.005331862906
727136	0.006014228658
727435	0.001135703903
727600	0.006333915476
727637	0.005103768246
727700	0.005990791676
727778	0.002210041191
727925	0.003076492591
727954	0.0005993636981
728022	0.0009233063289
728338	6.096281889e-05
728459	0.002107327153
728530	0.004698904216
728558	0.005792194263
728817	0.004667594264
728841	0.00825162983
729051	0.004067371056
729251	0.005304117074
729306	0.002958414376
729326	0.0005732339398
729454	0.002268331485
729692	0.003774990222
729695	0.003867319767
729745	0.004547511234
730218	0.0006242446659
730247	0.006754268733
730370	0.007023804392
730541	0.001416168932
730604	0.009628049904
730638	0.004479456765
730802	0.009753397846
730838	0.002849206037
730944	0.0006052120505
731013	0.0001192911346
731056	0.001956750695
731148	0.002176287615
731169	0.002128642934
731347	0.002981048652
731362	0.003032573667
731522	0.006684473799
731590	0.005261695528
731657	0.005239557254
731797	0.002410362655
731869	0.006302350217
731983	0.00135659981
731994	0.001128459928
732100	0.0005211222928
732244	0.004146612008
732343	0.005583774752
732349	0.00398327027
732369	0.0007933575069
732445	0.002889395685
732533	0.005677091466
732555	0.003117523902
732560	0.00150358237
732611	0.005539724066
732730	0.002619277527
732775	0.001181387039
733016	0.006596200775
733195	0.0013420785
733379	0.005297879494
733412	0.004315115586
733515	0.006372343049
733601	0.002347628591
733668	0.004558471918
733945	0.008852599094
734083	0.001556678596
734263	0.002277007116
734326	0.006327181988
734542	0.0001651464506
734548	0.002330836749
734555	0.005461092036
734687	0.003633122889
734710	0.008606193742
734734	0.002867872698
734769	0.01168019408
734965	0.002675142492
735049	0.003329214327
735068	0.001381762788
735095	0.004873631633
735097	0.005015412154
735105	0.004972320871
735261	0.004549520443
735398	0.0007497614035
735692	0.002379978595
736005	0.005376048482
736061	0.008616239555
736238	0.0007914498808
736355	0.01097249198
736434	0.006086897709
736616	0.005053756362
736620	0.0005556119202
736742	0.003902014657
736785	0.006200395493
736952	0.001721253553
736966	0.007639150136
736972	0.005611113068
737030	5.008856152e-08
737181	0.004442180231
737210	0.001726520906
737453	0.006484411131
737613	0.003932985398
737871	0.001943515312
738033	3.255763437e-08
738208	0.005443230297
738487	0.002228842904
738497	0.001815847649
738509	0.003511449417
738639	0.002619545138
738799	6.582214484e-05
738836	0.00155404474
738962	0.003025045125
739128	0.00457146347
739220	0.004899331467
739432	0.005258302555
739982	7.953781425e-05
740017	0.004776297331
740094	0.003745067422
740135	0.006050233188
740144	0.0008466120202
740191	0.007040844145
740413	0.005060772299
740416	0.001856579234
740441	0.002624413048
740486	4.110940556e-08
740555	0.003825835706
740708	0.001328224442
740935	0.003760441005
740951	0.002552879676
741046	0.004018237832
741103	0.003957781701
741113	0.006757155896
741153	0.009883904873
741260	0.003300375691
741314	0.0003560436447
741366	0.0002971395694
741456	0.005505867346
741555	0.0008813889241
741561	0.005846779658
741737	0.001609369442
741771	0.002306069549
741801	4.860534739e-08
742031	0.003760607777
742161	9.178197558e-08
742265	0.006583818186
742306	0.001311230521
742342	0.002179489249
742356	0.004239219234
742430	0.004521556423
742436	0.003386688242
742738	0.0008358400384
742787	0.003469113659
742831	0.006551400895
742887	0.001379930643
742922	0.0003810835031
743019	0.005454063433
743075	0.0006841167989
743132	1.304335472e-08
743365	6.277341026e-08
743559	0.005179887644
743680	0.005407730763
743792	0.0008168521842
743842	0.005639567476
743947	0.004457031156
744068	0.005869921448
744130	0.001206664797
744174	0.0150128641
744211	0.003641369541
744224	0.006497255485
744234	0.000652855279
744267	0.003859933787
744269	0.003229251569
744476	0.004367016525
744551	0.006277332886
744583	0.002951110638
744642	0.005330720187
744679	0.0005421218606
744769	0.00375306106
744781	0.006519261113
744982	0.002526370293
745073	0.0003466032407
745323	0.001676430359
745336	0.003369416462
745494	0.005140257567
745644	0.005408578048
745943	0.0005918292144
745969	0.009398428444
745995	0.003511355283
746599	0.002622714579
746620	0.002959470495
746648	0.0001939042247
746720	0.00530642772
746898	2.283855929e-08
746974	0.00733555872
746997	0.003315124403
747022	0.000250503696
747036	0.004098824865
747116	0.005246458338
747181	0.001916358913
747189	0.003911272695
747234	0.002074309217
747800	0.001731079838
747823	0.00356604889
747927	0.004104703318
748007	0.0002194059711
748030	0.003234921412
748085	0.00451702099
748227	0.008395221197
748415	0.001930551689
748624	5.523306087e-08
748672	0.00593847549
749328	3.281139617e-08
749331	0.0009625658525
749581	0.002140370354
749627	0.002195665404
749788	0.004839171993
749840	0.0007325109189
749873	0.003846531902
750097	0.004176057158
750311	0.001346122221
750444	3.425783792e-08
750547	0.005594610095
750824	0.002001953987
750827	0.003898859979
750995	0.001035279959
751003	0.002046010604
751044	5.349523667e-08
751052	0.008393030063
751058	0.007852737769
751063	0.00544992557
751199	0.004122369422
751248	0.007173300441
751422	0.00864518103
751628	0.005735114589
751639	0.004104060038
751793	0.006663120703
751861	0.00712237494
751879	5.984083391e-07
752018	0.005869475457
752359	0.005819027362
752363	0.004874298605
752430	0.0006832779681
752475	2.055470261e-08
752578	0.002355741064
752819	0.006830872394
752841	0.004178200072
752847	0.0001999340517
752943	0.005563313878
752994	0.005369512848
753130	0.0009011996399
753240	0.0005994340904
753463	0.004821770816
753547	0.002292910443
753634	0.0003082703593
753832	0.005490506354
753918	0.00439878365
753986	5.180414446e-09
754009	0.0009616128143
754026	0.004771743732
754094	0.004760775368
754103	0.005764770514
754113	0.002052763986
754235	0.01008686044
754404	0.004012370623
754425	0.004530008733
754493	0.004776943169
754526	0.002988483076
754670	0.005308556779
754800	0.00390378695
754875	0.0005377087353
755018	0.001001214572
755026	0.001296532225
755069	0.001923548688
755155	0.00428559051
755439	0.002747663329
755618	0.003407101473
755623	0.004643297616
755652	0.008806047047
755674	0.001306156629
755681	0.00164768286
755795	0.00251553988
755871	0.005966662902
755940	0.0009317784431
756032	0.004176753458
756064	0.004656788292
756065	0.004865196593
756120	0.003793403251
756195	0.004876315702
756673	0.002518915793
756731	0.003205022219
756743	0.003102186784
756852	0.002224519463
756993	0.007912514764
757203	0.005524842053
757282	0.004648436867
757347	0.005991026583
757351	0.00294736158
757358	0.004653739213
757453	0.005581021848
757464	0.0001770804023
757550	0.0051147904
757588	0.01748661967
757731	0.002029578475
757770	0.005568502607
757827	0.005724133865
757909	0.004660233523
758007	0.004435711786
758190	0.005007569979
758202	0.005025150914
758621	0.004418161862
758742	0.00550392173
758813	0.0009146656507
758853	0.005221989013
758942	0.00299128241
758951	0.002222442315
759189	0.001523576249
759256	0.002520867264
759425	3.654135479e-07
759643	0.005230600718
759700	0.0003042198921
759769	0.001676967236
759947	2.373092162e-07
759950	0.008528538476
760066	0.0005259823196
760091	0.0002743635082
760205	0.004823615462
760331	0.002525219516
760390	0.005315582196
760408	1.239018716e-07
760456	0.005101880542
760474	0.01298238149
760566	0.004038111965
760773	0.0009274197972
760801	0.004723005081
760856	0.001561729833
761154	0.003854768172
761221	0.001782847651
761224	2.12301723e-07
761329	0.004697311797
761370	6.73203888e-09
761672	0.004673978437
761901	0.005747158887
762126	0.002946322195
762169	0.002053843975
762286	0.005583575971
762326	0.0006308760222
762388	0.005097516683
762555	0.006894639038
762572	4.38904665e-06
762704	8.831881485e-07
762737	0.002974354048
762914	0.0001696558607
762938	0.003675964207
762940	0.006265065237
763000	0.0001457649415
763035	0.004642321778
763052	2.042386999e-07
763103	0.004589798537
763157	0.003728850021
763216	0.006259884043
763360	0.003654055461
763536	0.0006063470388
763574	0.002008719077
763597	0.004458155651
763642	0.005530816263
763667	0.004435056969
763830	0.004681387042
763857	0.002752858103
763899	0.003221201621
763931	0.002871512204
764011	0.000810633033
764142	0.01039160976
764784	0.0009812013815
764786	0.005352907392
764887	0.0002820260493
764952	0.000504035922
765194	0.002759630689
765349	0.004867275919
765359	0.007770189473
765369	0.004959173898
765433	0.002609979067
765609	0.001772101299
765648	0.005411401282
765654	0.00179190407
765712	0.001125187257
765989	0.003429709921
766078	0.0003178414808
766112	0.005297918181
766206	0.006218139735
766212	0.001374141395
766229	0.0002272816196
766246	0.002807918557
766378	1.835736399e-05
766615	7.623475489e-08
766688	0.002131069526
766714	0.001824902029
766919	0.003846037455
766927	0.00341886185
766944	0.003624365166
767073	0.002333283682
767130	0.003498161844
767203	0.004361678509
767462	0.003814000258
767797	0.004632073686
768082	0.00586292025
768101	0.005450053835
768153	0.004276062562
768272	0.006408413609
768305	0.006181710351
768320	1.551139437e-08
768371	0.004294449819
768676	0.004180871053
768859	0.004850595451
768863	0.005210096543
769143	0.003038076877
769160	0.004847659584
769281	0.003995926757
769291	0.009259810109
769316	0.005056410603
769423	0.005844896641
769776	0.00227759813
769827	0.005040540106
769844	0.004868902587
769968	0.005292667075
769974	0.003712751729
770149	0.003963615082
770179	0.006481888997
770323	0.0005957002368
770328	0.006136046359
770494	0.004467646455
770610	0.004872305936
770708	0.004971813624
770734	3.882554996e-08
770768	0.0003074991671
770884	0.001708487971
770938	0.002100632886
770977	0.004420538508
771040	0.002036969305
771044	0.0009026019759
771054	1.230470246e-06
771092	7.665055386e-08
771206	0.005039941587
771327	0.00488071295
771356	0.00490784028
771537	0.00291702415
771696	0.004631229909
771791	0.005444359471
771970	0.002864470674
772005	3.713516594e-05
772048	0.004208093183
772326	0.007005071384
772418	0.007342095925
772530	0.004286884899
772569	0.003911241683
772779	0.006173273658
772808	0.00470567137
772897	0.003165372212
772918	0.006935466164
772938	0.001339151991
772940	0.0003507649158
773207	0.006071242926
773276	0.001764904332
773384	0.005960336794
773397	0.005175700675
773408	0.005517367116
773435	0.0006380528997
773437	0.008702425246
773445	2.72869696e-08
773594	0.006809641805
773696	0.005071921265
773768	0.001796590391
773821	0.0004660701136
773857	0.0001228766408
774009	0.0002646706889
774182	0.01357727392
774217	0.0001100944458
774306	0.002760040884
774317	0.007937054324
774348	4.708960373e-05
774411	0.001090187182
774425	0.004095431717
774464	0.0009490631988
774465	0.005470354596
774485	0.001281657236
774509	0.004555055506
774538	0.01154108494
774707	0.0003383183484
774854	0.004006904151
774866	0.001195949211
774890	0
774988	0.005811079628
775059	0.009775394941
775273	0.004147653651
775381	0.002280633711
775475	0.00219598055
775476	0.008199009533
775564	0.005898792604
775604	0.006629314855
775645	0.005924261704
776223	0.006357506444
776468	0.001075088177
776539	0.003515294403
776612	0.0006693985541
776821	0.002034443105
776868	0.002220559017
777055	0.0003583829898
777061	0.002080721792
777131	0.003829359681
777340	0.004044267622
777401	0.003365844305
777491	0.0008649847021
777498	0.002141043673
777629	0.00127699353
777756	0.004318545238
777798	0.005320649757
777921	0.004228349937
777925	0.006210370284
777932	0.006060751427
778012	0.003343486152
778030	0.006445182399
778104	0.003140788917
778279	0.002524212194
778359	0.007813400357
778422	5.024482885e-08
778426	0.002900745327
778438	0.007294569963
778448	0.001478656775
778486	0.005546167048
778525	0.002881427528
778613	0.0003655807505
778848	5.88713221e-07
778929	0.004140190612
779121	0.0007665911309
779242	0.004401939588
779301	0.002753509627
779303	0.006188920995
779479	0.003946999539
779492	0.005051414063
779498	0.0006037991001
779526	0.006543130605
779538	0.003636939157
779542	0.002643397767
779546	0.00579857007
779554	0.003283694001
779569	1.341408502e-07
779595	0.005047264146
779639	0.003934376859
779886	0.008827258582
779921	0.003327332745
780017	0.006496268915
780072	0.003895492811
780290	0.005502159306
780386	0.008211780172
780471	0.001595919043
780914	0.009029146741
780992	0.005913650025
780999	0.01113300786
781343	0.001735720949
781530	0.001479429574
781563	0.003940195571
781694	7.188641246e-05
781763	0.004016863518
781826	0.003909788666
781880	0.005751232945
781897	0.004733013771
781945	0.001172800581
781968	0.009925222106
782021	0.007265219289
782052	0.004683044669
782069	0.004972689244
782172	0.002955970765
782192	0.005400972463
782281	0.001813712581
782303	0.002742877825
782358	0.00262063776
782433	0.001727893717
782476	0.0006075122507
782730	0.0006124404512
782823	0.003388269329
782972	0.002867271896
783067	9.186900318e-07
783240	0.005622001118
783268	0.001829057893
783383	0.007546287828
783393	0.001548161097
783628	0.005677231027
783640	0.002436585251
783766	0.001233141072
783806	0.005935205133
783862	0.0005278140765
784091	0.00781378548
784138	0.0006920982823
784201	0.005031262691
784307	0.0003654373194
784325	1.198125045e-07
784380	0.01462645626
784408	0.004143638559
784415	0.005580806129
784501	0.008043163155
784544	0.002047161376
784759	0.00541149969
784835	0.004213112255
784877	0.002865333647
785007	6.427598033e-05
785026	0.0001335074653
785126	0.002323546995
785272	0.0009064022436
785360	0.006887145097
785511	3.367664841e-08
785531	0.002664478362
785642	0.002525675527
785667	0.004222453787
785669	0.004243134732
785699	0.001976362642
785765	0.00637659126
785784	0.002531757746
785787	0.005205946421
785831	9.025459532e-05
785837	0.00184438028
785889	0.001592993094
785940	0.002624858918
786087	0.005179886876
786243	0.004993006225
786470	0.00617526379
786477	0.005479671465
786491	0.006593946763
786509	0.007724199884
786674	0.00383805006
786914	0.00280701662
786962	0.002901438485
787011	0.006497390262
787138	0.004868203283
787215	0.0001481210967
787257	0.001542165291
787293	0.01119201774
787387	7.463719332e-07
787426	0.0002453448252
787708	9.785778673e-08
787861	5.408531345e-07
787955	0.004611896895
788001	0.009579977553
788185	0.004159816663
788201	7.542287928e-08
788302	0.0003667419798
788324	0.0003363830397
788356	0.004188238508
788471	0.00552219059
788530	0.005789706245
788553	0.007765191752
788641	6.608730825e-08
788777	0.0004814632741
788811	0.006525496978
788817	0.00129993506
788818	0.004608938213
788886	0.00288533769
789156	0.00337259878
789300	0.004986566072
789309	0.002784052353
789314	8.36398775e-08
789421	0.004434644038
789470	0.004054897084
789472	0.001320277809
789509	0.003238498046
789551	0.003707891287
789564	0.005736550293
789786	0.0001114351728
790020	1.367195883e-07
790075	0.002587722652
790117	0.002124937229
790122	0.007637609079
790223	0.004408638617
790417	0.004341534265
790485	0.0002035412621
790582	0.0005599323799
790638	0.004219208499
790696	1.709770906e-07
790803	0.004748213653
790869	0.004491485222
790932	0.004742205429
790975	0.001079537678
791205	0.0007784135699
791334	0.003799799685
791432	0.004276253818
791454	0.004423466647
791811	0.003050097286
791848	0.004700775352
791864	0.007952351867
791866	0.003584049479
791916	0.003582867393
792016	0.008250580639
792031	0.00909972649
792112	0.004341815924
792351	0.005832588373
792364	0.003758686184
792383	0.004965575846
792641	0.004981205478
792866	0.003020797477
792942	0.0001796747715
793088	0.0003072594433
793191	0.005035552722
793220	0.003980986131
793258	0.00637447973
793467	0.003008902292
793556	0.00425731379
793946	0.006423887524
793961	0.002097938803
793976	0.003568205321
794132	0.002019938489
794151	0.002291397967
794164	0.005952701667
794211	0.004995246756
794334	0.002159357343
794336	0.003408861923
794378	1.523950258e-07
794404	0.01354228877
794489	0.004871945483
794535	0.006674535673
794693	2.725401356e-08
794888	0.00380726023
795046	0.007252676884
795113	0.006455144457
795237	0.0002407722374
795419	0.001180170631
795813	0.001836885064
795850	0.004387995387
795940	0.004416671647
795968	0.005885788163
796054	0.003313759605
796104	0.001372985804
796123	0.005674023254
796204	0.007503617262
796386	0.0008366753837
796566	0.01026481609
796579	9.592194691e-08
796585	0.006000084706
796700	0.004993865269
796866	0.006687628409
797004	0.006462449847
797119	0.005147365614
797184	0.001957063335
797187	0.005646734584
797234	0.007581944506
797293	0.0004624234149
797352	5.328997051e-08
797377	0.0006064624234
797440	0.007911632428
797580	0.0003671151041
797619	0.004346747135
797772	0.001648063547
797793	0.003352800801
797922	0.006185200463
798035	0.005308682019
798052	0.004062221806
798073	0.008874523981
798199	0.002191791817
798261	0.003783233726
798416	0.001977348095
798480	0.001860066705
798486	0.004929606597
798761	0.004128207414
798952	0.005551390602
799076	0.005302978712
799325	0.002826888936
799381	0.003175976113
799423	0.003308351205
799441	0.007314848134
799462	0.007540232556
799476	0.006442217478
799577	0.004551308873
799579	0.00660239236
799646	0.005646742662
799666	0.002385226674
799681	0.00601853422
799832	0.005600041711
799884	0.004097854395
800043	0.003534262782
800049	0.002491197536
800103	0.005284150469
800163	0.0004158728867
800319	0.005874654012
800350	0.003863524371
800408	0.003762337519
800461	0.003945587813
800523	0.008102131273
800529	0.004205288252
800563	0.003372982176
800706	0.0022288179
800742	3.143020665e-08
800900	0.005047535412
801136	0.005284752414
801268	1.773488628e-07
801341	0.001649642803
801448	0.006025517914
801576	0.003077112155
801650	0.0038238301
801824	0.003967913335
801880	0.003182780472
801900	0.004642045168
802012	0.001647971435
802103	0.0002215406803
802217	0.001647685107
802258	5.693089541e-08
802267	0.003144142902
802431	0.00449929269
802688	0.002033702024
802793	0.01069083608
802844	0.0010468753
803086	0.002625372965
803147	0.001910677334
803200	0.005604291408
803363	0.001627369224
803537	0.002361693107
803542	0.006808048781
803582	0.003104156197
803651	0.004516026808
803784	0.0006497491786
803871	0.006089653015
803980	0.001936691622
803993	0.005159779519
804109	0.005231622329
804113	0.0001482552603
804252	0.002420433149
804303	0.001761887938
804315	0.0007759807403
804694	0.007525572926
804702	0.0007843059209
804704	0.003407899841
804733	0.004885512711
804859	0.0007488577284
805072	0.001353835004
805114	0.006190978347
805277	0.004757666067
805308	0.0006810436165
805327	0.002300359882
805378	0.004735285191
805482	0.0007860325073
805548	0.004861684824
805770	0.005400844413
805887	0.005536943526
805902	0.006596618267
805905	0.007147399476
805958	0.0007773174262
805970	0.003370729234
806057	0.003465603802
806076	0.00117189198
806190	0.001997628013
806284	0.005445827362
806337	0.006121699799
806360	0.004418983056
806409	0.003834647675
806740	0.0002702741817
806841	0.003864564874
806877	0.006370549427
806883	0.004371455015
806955	0.001336246989
806964	0.004623595284
806988	0.004233001829
807053	0.004139937187
807156	0.0007231385174
807304	0.003812869282
807307	0.003910580404
807437	0.00185681149
807484	0.004908610439
807631	0.001716242261
807639	0.0070491052
807694	0.01480749115
807715	8.971562663e-05
807827	0.003505777684
807920	0.005597650102
807956	0.01001281793
807970	0.004412886952
808040	0.003341256014
808065	0.00129965022
808066	0.001659271715
808239	0.003646633209
808247	0.006971681981
808428	0.002207361376
808455	0.002154551021
808551	0.000813626067
808791	0.005797889646
808818	0.0006053829373
809027	0.0034620624
809105	0.009554386833
809214	0.0007333678049
809413	0.005840827248
809516	0.004422472895
809550	0.006038680189
809669	0.007197680203
809712	0.004277734767
809825	0.005163704534
809827	0.001310788594
809838	0.007438657333
809856	0.01598171229
809952	0.0001601068925
810047	0.002956303118
810089	0.001715047518
810174	0.008651129126
810216	0.004685075094
810289	0.004920429001
810711	9.638253431e-05
810813	0.003337981582
810850	0.004704544991
810921	0.002124481042
811055	0.002108441269
811093	0.0001476187024
811208	1.294185009e-08
811256	0.004702297373
811379	0.002373566466
811416	0.006726576067
811431	0.003136399092
811600	0.005782394815
811700	0.01274287181
811870	0.002441320905
811908	0.005535215624
811935	0.00712370625
812080	0.0003522080305
812122	0.003835249583
812168	0.005861761477
812314	0.006867741422
812420	0.002971254928
812489	0.0009235801466
812588	4.827530377e-06
812610	0.004684157818
812624	0.0007965698932
812794	0.004164859591
812945	0.00552668178
812954	0.00551292679
813281	0.004225559845
813346	0.004433672267
813368	0.0032242817
813437	0.002220655736
813465	0.002896137743
813481	0.005478422862
813529	0.004610613719
813572	0.008271668281
813656	0.00338816657
813671	0.005356707764
813705	0.003987989593
813801	0.01423767272
813809	0.002893808995
813836	0.003045294685
813984	0.006607613256
814043	0.002578265818
814058	5.378292921e-05
814148	0.00476482834
814278	0.002732853061
814547	0.002724728984
814587	0.003149650734
814772	0.0001181212488
815018	0.004775550131
815046	0.002421630645
815069	0.006009885032
815096	0.003345034803
815136	0.01146045796
815219	0.002549585073
815292	0.003615439887
815380	0.001076987166
815384	0.003350166502
815628	0.003671708471
815710	0.002038860323
815767	0.004246753299
815769	0.004958401392
815781	0.001093518716
815788	0.004900358708
816103	0.0009441687315
816108	0.001337937239
816220	0.002476925306
816236	0.005791688417
816260	0.004960892045
816292	0.005236482536
816320	0.004695295927
816367	0.006757483602
816387	0.00205146155
816452	0.003552850352
816565	0.004770165925
816619	0.003224204174
816634	0.001367285351
816695	0.003783327899
816708	0.002865882295
816733	0.00249369064
816900	0.0001072157644
816943	0.001246327806
816983	0.004285572102
816989	0.0002226608209
817048	0.005326503116
817051	0.002404218276
817136	0.008133557284
817184	0.005319872282
817187	0.005377401521
817190	0.004791068547
817338	0.004733047886
817378	0.005840842532
817407	0.005351583838
817448	0.005929214424
817519	0.005870076095
817617	0.00359987643
817636	0.00171646458
817758	0.005744403117
817763	0.003864415155
818052	0.001025055513
818573	0.005234825109
818611	0.0007209047334
818654	0.003011920548
818696	0.004308722171
818708	0.003664511687
818777	0.005586871614
818805	0.00309761272
818822	0.005643290131
818892	0.001099019105
818903	0.001280268612
818916	0.0005651473318
818936	0.007114208559
818974	0.006436982958
818987	0.000726716392
819163	0.006653972564
819205	0.001480283804
819356	0.006863890275
819555	0.005924962887
819616	0.000909476304
819727	0.004024771529
819825	0.005438419583
819845	3.299628e-08
819906	0.004501226137
819943	0.005768402799
820099	0.00126899085
820125	0.0003676154182
820268	0.0007301260932
820624	0.002346408273
820638	0.000441933372
820688	0.003136560163
820811	0.004043109331
821010	0.001611228603
821063	0.003655357643
821093	0.002632947889
821151	0.003442021242
821218	0.01158199414
821307	0.002214189952
821540	0.007124089441
821615	0.001475455397
821709	0.004029630836
821777	0.004542665411
821838	0.0005801830411
822132	0.001012515029
822148	0.003853396543
822186	0.003922330975
822202	0.006923945395
822403	0.00183677948
822485	0.005896836737
822489	0.00385184852
822542	0.00650357944
822668	0.002468057597
822772	7.362590108e-05
822790	0.004288207879
823007	0.005748895973
823017	0.003838230696
823070	0.004617045851
823262	0.00231433736
823350	0.0007208878638
823358	0.006061103652
823359	0.008949693857
823389	0.005461598284
823397	0.003864522996
823520	0.006166962749
823661	0.003918241847
823757	0.006190440614
823792	0.0008919006241
823820	0.0004724918746
823889	0.00642199256
824010	5.99599381e-05
824018	0.005419017063
824214	0.0007224334756
824399	0.002285051798
824470	7.370691702e-08
824608	0.001233270744
824620	0.005456069341
824627	0.006009407799
824635	0.007758110832
824728	0.004082054978
824829	5.228232555e-08
825006	0.0008038470339
825017	0.001564661103
825111	0.003346548795
825235	0.0001842293257
825257	0.005258444451
825290	0.0001666694058
825301	0.005571889447
825317	0.003535545206
825418	0.005042909304
825437	0.0003809038942
825817	0.01336124049
825875	0.0003567401066
825959	0.0008288110177
826098	0.004378696876
826111	0.002211910336
826324	0.003397931486
826419	0.0005235868059
826427	0.006687638489
826436	0.005554557087
826520	0.005489944554
826563	0.006370689365
826753	0.009872612905
826780	0.00337682277
826901	0.00335851167
826905	0.002909295523
826987	0.0005054576759
827111	0.004689477102
827193	0.001856843644
827230	0.004024394157
827454	0.0003008332973
827573	0.005600130305
827679	0.00682489341
827682	0.002133756541
827788	0.00158941485
827793	0.003971335403
827815	0.005620889253
827832	0.004544052279
827873	0.002000342404
827879	0.001883373252
827900	4.773854443e-07
827971	0.006170786776
828134	0.002251199816
828155	0.004240740295
828592	0.004583807593
828623	0.0009157894908
828731	0.005983465772
828866	0.00471449668
828936	0.002678143057
829011	0.00950453584
829338	0.002753551931
829432	0.005197980883
829494	0.003451806041
829640	0.004612607083
829680	0.001665540211
829777	0.004642040475
829944	0.002379778116
829949	0.001542163973
830010	0.009921912739
830028	0.006180776381
830154	0.0009836995464
830272	0.001512449821
830337	0.0006502551508
830514	0.004292485098
830538	0.006117772779
830561	0.003708922334
830597	0.0033588678
830645	0.0002290984506
830668	0.001898559365
830815	0.0001962192115
830957	0.007512220283
831043	0.002956970921
831095	0.001325381629
831103	0.006920152236
831216	1.393431448e-07
831340	0.00252427194
831379	0.003568851785
832100	0.006291771281
832123	0.001066555715
832458	0.001331730358
832512	0.004157944638
832539	0.01059747039
832581	0.003203080088
832651	0.003166047708
832658	3.045075251e-08
832689	0.002528002866
832782	0.000376526848
832899	0.007198845763
833050	0.003319842901
833110	0.006904624839
833236	0.005856504771
833258	3.307534222e-05
833391	0.004508436808
833482	0.003194671555
833497	0.002456228057
833532	0.003961067531
833591	0.002147915062
833631	0.001748217851
833686	0.00526721542
833834	0.00708797096
833894	0.009172093704
833946	2.227896422e-08
834025	0.006158295537
834144	0.01599975626
834216	7.719540994e-08
834226	0.002596456305
834378	0.001271119856
834492	0.002277379256
834561	0.004442909822
834650	0.005742514479
834732	0.003606004685
834736	0.004366848962
834906	0.004934976885
835035	0.003605197232
835197	0.002033235155
835432	0.002991411509
835528	0.004014231275
835655	0.003959927959
835768	0.00905483104
835819	4.405346542e-07
835825	0.004915883734
835897	0.005014969882
836064	0.004441786931
836123	0.003635773563
836156	3.31065889e-08
836283	0.007477661485
836525	0.005965835277
836555	0.00520216685
836671	0.004098235552
836723	0.009272965882
836852	0.004618164181
836996	0.003480246084
837015	0.008464813475
837085	0.005335256972
837202	0.004291239812
837372	0.005365718207
837422	0.0009615830431
837516	1.901381607e-06
837547	0.003328651441
837848	0.003003466359
837867	0.004373175029
837884	0.003526145759
838082	0.005355951993
838192	0.003377438707
838202	0.001965735098
838227	0.004415765038
838270	0.006326139873
838383	0.006022259502
838395	6.897433924e-05
838424	0.005950116562
838514	0.004630035461
838781	0.005945387611
838841	0.005799319244
838850	0.0002237802935
838893	0.004901123053
839238	0.005646121354
839386	0.002464582886
839393	0.004749549106
839456	0.004658637921
839667	0.003477467097
839711	0.006538993042
839734	0.001671487478
839838	4.719968781e-09
839889	0.005673814621
839905	0.006414176557
839963	0.001224655599
839998	0.001067887686
840126	0.00453783409
840182	0.0008620140569
840321	0.004557421542
840323	0.007303445332
840351	0.0008554088314
840482	0.0003762935274
840526	0.001735781233
840586	0.008085653396
840646	2.908109818e-08
840657	0.0005118940996
840671	1.295436662e-07
840678	0.007151129801
840786	0.005076698182
840998	0.005845002417
841003	0.0008108384669
841031	0.004632264452
841040	0.004912426633
841089	0.006179560249
841201	0.006834683977
841454	0.004189247442
841507	0.0005827537635
841665	0.003764210636
841831	0.001375942641
841841	0.005569798227
841992	0.003346059741
842041	0.005578739778
842053	0.005483543219
842227	0.005975063657
842403	0.003764589137
842409	3.798952608e-08
842533	0.005288801703
842641	0.004656330273
842800	0.004985908094
842863	0.006187855626
842949	0.002860270001
843169	0.003701961102
843225	0.003741346896
843341	2.375210116e-07
843406	0.0004190462115
843459	0.005333094651
843700	0.001796376995
843840	0.002315117244
843847	0.003435093251
843860	0.001110302421
843919	0.001910021996
843975	0.003981971939
844112	9.014415173e-05
844179	0.0006252923373
844238	5.481254112e-08
844373	0.004898866893
844423	0.0008013921868
844502	0.001576767881
844688	0.005343156776
844973	0.004776852548
845166	0.004284339626
845284	0.00237508934
845305	0.005209674371
845545	0.0009994637013
845706	0.006356252757
845883	0.004692914218
846063	0.005788427105
846121	0.003873986269
846276	0.002167266446
846335	0.004676752982
846379	0.007239075321
846625	0.004590266281
846654	0.00615972042
846825	0.005197036177
846906	0.005228494189
847004	0.00391071369
847187	0.006002607912
847343	0.001993711773
847404	0.00530765825
847518	0.005290638924
847663	0.004374514176
847665	2.749040772e-05
847668	0.0004171824473
847744	0.004595767791
847863	0.001064518773
848037	0.005457511348
848052	0.003378790462
848208	5.476093708e-05
848239	0.005957134518
848251	0.005558110523
848285	0.001124308427
848340	0.004429153246
848379	0.006377229677
848555	0.008253690431
848611	0.004012169216
848632	4.970860779e-08
848634	1.268301294e-07
848714	0.0006281689797
848718	0.004976812862
848765	0.001516867602
848816	6.388521579e-07
848849	4.872225877e-08
849010	0.00504061962
849018	0.005039996153
849091	0.0003057571511
849193	0.0005565635289
849207	0.005337454925
849268	0.003805971329
849300	0.001465973146
849495	0.003367761916
849503	0.004212398276
849520	0.004920917005
849720	0.005530550105
850146	0.002091719605
850172	0.006223092638
850228	0.003476676961
850476	0.002787980542
850489	5.503374177e-05
850515	0.008027262551
850773	0.002029024984
850833	0.005220085119
850908	0.003886983715
851012	0.004075575523
851058	4.339326169e-08
851158	3.999003424e-05
851207	0.00178728357
851249	0.0004014748398
851263	0.003482579329
851555	0.006035763952
851662	0.007522824671
851769	0.002962449098
851961	0.003942897902
851981	0.009403184504
851994	0.004433012155
851996	0.004819839092
852093	0.002215441857
852171	0.002417749987
852317	0.004429654944
852479	0.0007148408508
852627	2.194438409e-07
852721	0.003236316019
852738	0.004239216524
852767	0.0008155662922
853073	0.00608504667
853090	0.004459952505
853177	0.0005778533511
853207	0.001994227683
853268	0.00291308989
853338	0.002354221364
853390	0.000206934819
853499	0.004203287061
853535	0.00755927698
853556	0.005240937948
853576	2.900708523e-07
853688	9.018624668e-08
853771	0.006123474958
853794	0.004868383682
853918	0.003892625601
853942	1.6642332e-07
854059	0.0008768201585
854306	0.005263513379
854355	0.005891312579
854452	0.002766384444
854536	0.005833005356
854802	0.00576681597
854803	0.001681262463
854818	0.005200877609
854900	0.005747718957
854977	0.00515310685
854987	0.002363329362
855000	5.760895237e-08
855048	0.004766895576
855052	0.004426040074
855191	0.004136187061
855358	0.005989280307
855432	0.009287705247
855435	0.004093061486
855562	0.00302650629
855603	0.00524163217
855674	0.003302220737
855876	0.004088639549
856091	0.0005925045153
856183	0.006378321672
856223	9.999268141e-08
856278	0.006759708304
856395	0.002292308956
856445	4.38500333e-08
856561	0.001013598724
856583	0.004378719661
856691	0.007366141409
856720	0.005432702904
856745	0.003448011822
856761	0.006076853422
856899	0.008296386048
856945	0.004671427726
857142	0.001433672977
857191	0.002593135926
857210	0.003054668531
857241	3.72671878e-08
857245	0.003919121511
857318	1.130500478e-05
857485	0.001484233062
857502	0.00539659511
857526	0.003265119093
857577	0.004539658154
857595	0.003330723746
857689	0.009909693692
857705	0.002994234918
857735	0.001585013512
857756	0.003112963326
857786	0.001348057431
857868	0.003211790324
857910	0.004495426282
857914	0.0008828203647
858243	0.00518859441
858290	4.976242868e-05
858349	6.283218905e-05
858362	0.005622606684
858383	0.004851317903
858465	0.007047754229
858552	0.01218707865
858640	2.166400445e-08
858689	0.004354392383
858810	0.002345415664
858845	0.001142438832
858969	0.002470374485
859018	0.006624822913
859034	0.0002311778169
859076	0.0007050605196
859223	0.004963206564
859246	0.002174630962
859280	0.006032969987
859660	0.005837279248
859781	2.355494225e-08
859804	2.227307247e-07
859813	0.004742360684
859871	0.005911245053
859901	0.004088417587
859962	0.004831725366
860145	0.00464111823
860169	1.003695325e-08
860241	0.005913156264
860245	0.001081256537
860313	0.006244722896
860606	0.008961108192
860621	5.496809373e-08
860778	0.01267292268
860815	0.004158164081
860903	0.005918700408
860920	0.004513695425
860941	0.003213887651
861234	0.005487686807
861328	0.0002070659306
861384	0.002561392733
861423	0.000427974909
861449	0.001275605904
861569	0.004558823047
861599	0.001921767384
861604	0.01156695033
861700	0.0005721578322
861972	9.450935744e-07
862044	0.00479194404
862098	0.005660428749
862444	0.004261669309
862491	0.003977300362
862650	0.003218793209
862656	1.501000235e-08
862794	0.00359773699
862795	0.00160131616
862880	0.004750800832
862988	0.002658662076
863000	0.005209295572
863016	0.0008772915851
863038	0.003178975286
863050	0.00607009821
863288	0.005115456041
863366	0.0004521070416
863418	0.004355388251
863647	0.004591733884
863684	0.004892274071
863757	1.508873534e-07
863844	0.005132447842
863950	0.0003562474895
863954	0.002699507525
864054	0.005365497568
864468	0.0008995783151
864617	0.004968887511
864721	0.005657672348
864951	0.00430447811
865021	2.560433029e-10
865082	0.006694285961
865090	0.0004655838421
865187	0.001241698456
865301	0.0001439828142
865343	0.005144496822
865357	0.001228842295
865418	0.00481456557
865444	0.001402870642
865615	0.003537202362
865631	0.006251219911
865700	0.005398992745
865853	0.0005870710851
865937	0.007834685063
865943	0.007424336075
865952	0.005807916429
866051	0.002479784999
866123	0.002155344727
866144	0.009676982777
866295	0.006100586626
866313	0.01110793285
866468	1.894267528e-07
866604	0.001712275868
866637	0.002436278189
866657	0.007629877133
866671	0.007650875853
866764	0.004461249339
866862	0.005183604583
867237	0.001336602439
867303	0.002999918544
867320	0.003990469949
867627	0.006099328579
867660	1.466670499e-07
867788	0.002370653614
867944	0.00452994778
868094	0.0002118097804
868220	0.006204408935
868243	0.007482713451
868244	0.005950144379
868280	0.002159374471
868331	0.005797407902
868452	5.55738268e-08
868458	0.00620701531
868518	0.006554882803
868584	0.001096237939
868604	0.005288820194
868668	0.001241981567
868697	8.861360781e-08
868823	0.006269140778
868957	0.003869649831
869085	0.006443418345
869140	0.004628021935
869182	0.00435807392
869342	0.002816382159
869445	0.0005800306462
869511	0.001549315697
869550	0.007795439622
869601	0.004801664573
869608	0.0006099041776
869613	0.0007049045248
869648	0.0001694624856
869787	0.0001862082518
869860	0.00655916489
869902	0.001243600774
870054	0.00713598198
870152	0.004731669013
870331	0.00481123712
870402	0.00578257365
870525	0.004535172746
870563	0.003058395479
870600	0.001127015339
870895	0.002805273341
870906	0.002501387644
870990	6.851567304e-09
871015	0.01445988478
871085	0.003025734673
871176	0.00434675028
871220	0.003251863075
871352	0.003166580261
871387	0.002570610458
871584	0.003465578479
871758	0.005669380834
871782	0.002722809794
871988	9.158321238e-09
871995	0.006033963936
872201	0.006713612072
872270	0.006526191947
872339	0.003385282278
872528	0.001706651438
872610	0.005610200783
872647	0.003779309693
872749	9.13442434e-08
872833	0.002944376143
872872	0.002329384054
873170	0.004828189896
873174	0.003306529318
873209	2.846399505e-07
873217	0.00365249216
873228	2.283855882e-08
873284	0.005952436463
873324	0.00510198043
873387	0.004923326309
873605	0.0009023699062
873624	0.004632848557
873782	0.006281187744
873867	0.005748042656
874022	0.005257510628
874112	0.00506838494
874302	0.003417487995
874360	0.005196393399
874476	2.516990219e-07
874485	2.517611641e-08
874562	5.66685353e-06
874660	0.005215331805
874912	0.004220922465
875330	0.004410851081
875385	1.598699098e-08
875468	0.00011979717
875501	0.002830871657
875546	1.231854109e-07
875625	0.002252326545
875677	0.001503823051