node_id	error
3	0.0008530391171
216	0.0005422019482
377	0.0007923438372
524	0.002677329316
564	0.00097057166
684	0.002517340811
735	0.0002449765094
822	0.0003250420751
966	0.002309090379
993	0.0008132627293
1024	6.11872226e-05
1109	0.00296185815
1127	0.000712344335
1143	0.0003731298803
1335	0.003558172513
1714	0.001175106902
1745	0.0005009744078
1857	0.0003392643835
1897	0.006504865663
2033	0.003782915543
2194	0.02257629012
2223	0.001000910007
2497	0.001168873333
2601	0.002161470666
2734	0.001600543032
2786	0.00140722877
2887	0.001719569334
3060	0.001542452975
3099	0.0005222681463
3142	0.001037701601
3150	0.001420128098
3257	0.001265024066
3335	0.0002316851205
3400	0.0001239116027
3409	0.0006664524214
3492	0.01480650538
3783	0.002482048251
3939	0.0009273624941
3948	0.001285644485
3965	0.003392624009
3994	0.0005501619767
4001	0.001127785794
4030	0.0002714119428
4035	0.0006992250777
4489	0.004779934606
4493	0.003757863982
4515	0.002201170604
4617	0.0009699431182
4757	0.00135351121
5109	0.0006253607981
5168	0.0003686108338
5254	0.001570152692
5428	0.002579418766
5488	0.0004426774421
5561	0.0001095039347
5711	0.000901856225
5778	0.003105568369
5983	0.0004839937064
6088	0.001497043936
6486	0.0006577659877
6581	0.003741261251
6793	0.003494418062
6835	0.00188602141
6900	0.0009799392437
6944	0.001663711981
7073	0.001690366775
7162	0.0005052745348
7201	0.0005809563362
7449	0.001822000651
7562	0.001327167073
7597	0.002293738743
7700	0.001277622277
7748	0.0008218561316
7838	0.001319738559
7910	0.0002008267586
7959	0.001244980864
8030	6.143450875e-05
8101	0.000491248357
8109	0.001725922102
8313	0.001010355714
8431	0.0006403576668
8465	0.005581501084
8502	0.00544788661
8560	0.01988829071
8561	0.0006127920456
8668	0.0009063465295
8729	0.0003509088405
8761	0.002260567988
8918	0.0004717068697
8958	0.00293883147
8981	0.00236579009
9042	0.001540029096
9045	0.0002565364643
9078	0.00152213521
9258	0.002516806747
9304	0.004062392587
9337	0.0001783528233
9434	0.004243664679
9448	0.004463637041
9459	0.004715921132
9535	0.0004058898216
9546	0.001621111861
9656	0.001217827778
9873	0.001203826768
9881	3.087009498e-05
9895	0.0006660030795
10050	0.000480289522
10073	0.002357644152
10168	0.001708053244
10178	0.004115276179
10200	0.003364598112
10261	0.001188803791
10288	0.00104449938
10333	0.0135961358
10354	0.005639543927
10408	0.0001102195937
10463	0.0009237396714
10497	0.02049766975
10664	0.01224717166
10827	0.003111855152
10971	0.003779524369
11039	0.004783082591
11071	0.00306473215
11093	0.003809117594
11097	0.004421557868
11116	0.002790723641
11454	0.002244869799
11472	0.001180603202
11503	0.002736531129
11542	0.002458680252
11809	0.0009565622487
11858	0.001640209552
11931	0.0006560126723
11939	0.0003404918532
11995	0.001802637954
12071	0.002131471256
12190	0.001517202555
12232	0.002955058666
12246	0.0005843766461
12255	0.0003365703387
12325	0.001090673778
12401	0.008564795557
12476	0.0004175352439
12843	0.008250933502
12892	0.001167155206
12932	0.000791730648
12949	0.0012741047
12967	0.0006996453023
13009	6.425990048e-05
13154	0.01326127348
13168	0.02202177485
13214	0.0003018822583
13261	0.001123656726
13370	0.000832484431
13420	0.002471361133
13430	0.002972346002
13582	0.0006093411398
13742	0.005034872119
13801	0.001333338234
14041	0.0004161310782
14105	0.0003613646319
14115	0.001227548544
14119	0.001582342716
14169	0.0006122243448
14170	0.003062280642
14311	0.002601261253
14397	0.00120788667
14486	0.003741793282
14509	0.002235501871
14551	0.01652661109
14891	0.000623492447
14928	0.002126608539
14966	0.0006132756213
15062	0.004659217946
15098	0.008092274466
15176	0.002059607056
15196	0.004141845855
15221	0.0004981238879
15233	0.001024869042
15288	0.0004024797558
15322	0.001887458709
15580	0.02668644839
15743	0.001702877132
15975	0.001046075797
16026	0.0006740124355
16034	0.003126116139
16039	0.0008224551074
16098	6.851786294e-05
16522	0.001261217743
16529	0.0008885882772
16622	0.0005209968046
16728	0.0006800684298
16803	0.0005830907322
16822	0.0007291109423
16823	0.001218984852
16988	0.001998404621
16991	0.002099600422
17143	0.003411344689
17356	1.486694954e-05
17488	0.0002392105255
17559	0.0007461530281
17862	0.003319714682
17973	0.0008053141471
17992	0.01536344673
18043	0.001033125457
18341	0.002215006932
18414	0.0007779794628
18488	0.002727395259
18544	0.001982907285
18611	0.002094154384
18801	0.0006020122993
18873	0.002511628154
18972	9.487894866e-05
19103	0.001523997252
19109	0.001599407977
19125	0.002682955924
19234	0.003181942936
19248	0.0009595604425
19269	0.0003359399155
19302	0.01300809047
19465	0.0004217755382
19574	0.0009658048943
19709	0.000808195423
19736	0.0005741560013
19841	0.002391931319
20174	0.0006463637754
20189	0.000339209023
20257	8.803235621e-06
20325	0.003363511968
20436	0.002049594314
20455	0.001971668948
20497	0.0001246332833
20612	0.0009838548844
20636	0.0007470403716
20727	0.0004073537259
20761	0.002409942172
21040	0.003354905737
21073	0.002953334857
21467	0.001843565501
21632	0.0005366435789
21680	0.002090081403
21694	0.001902975511
21698	0.002348028733
21903	0.0003260538886
22009	0.0005537444199
22046	0.005239189577
22378	0.003137882264
22468	0.01318988007
22538	0.0005600274917
22547	0.0006950607954
22591	0.001478799327
22652	0.007177753718
22663	0.005439955436
22674	0.003816568076
22809	0.001823252542
22861	0.000876413684
22864	0.000365995753
23054	0.001501018863
23084	0.001830370448
23264	0.003975194009
23298	0.001683426685
23302	0.0003846167876
23429	0.0008704126045
23549	2.758001272e-05
23666	0.002349578085
23693	0.00148018726
23756	0.001331044214
23757	0.002027407356
23796	0.001840862288
24102	0.0007330593496
24107	0.0007328347696
24195	0.001109777122
24233	0.0005071744594
24240	0.000665394586
24255	0.0007972917029
24334	0.005874852851
24516	0.004226380922
24517	0.0001724988562
24580	0.00162334868
24630	0.0022511595
24835	0.006453073486
24860	0.01354237066
24875	0.005464714607
25326	0.001143521851
25391	0.0006931913303
25606	0.001321961235
25666	0.002090216594
25767	0.001352082485
25818	0.001049765302
25922	0.001200371815
25975	0.001067000949
26045	0.001620619152
26317	0.0009933982028
26400	0.002651964608
26443	8.459462661e-05
26477	0.0009505845914
26518	0.01560482181
26622	0.0006221368299
26673	0.0006326791173
26710	0.0001692949141
26735	0.00861869451
26935	0.0003514236466
26970	0.001181596075
27560	0.0004776408573
27692	0.000313039189
28069	0.003605489967
28196	0.009088874432
28368	0.002201755464
28376	0.008438753663
28514	0.0001081279121
28566	0.001921365706
28624	0.00210696099
28681	0.001438616188
28980	0.0004945009136
29012	0.000733735232
29018	0.002343742782
29105	0.01689432666
29302	0.001444726689
29573	0.0004817165247
29668	0.0005957761707
29794	0.003639768701
30019	0.0008412014059
30072	0.001071516774
30074	0.001628379381
30126	0.005097858296
30154	0.001013944748
30402	0.00332702069
30536	0.001016621996
30552	8.360307847e-05
30615	0.002269058792
30817	0.0003591742556
31039	0.001026709343
31178	0.001394280444
31201	0.003527082366
31414	0.0003215394512
31512	0.002231927095
31656	0.001159199929
31844	0.00016750865
32055	0.001700997302
32130	0.006576780637
32146	0.002157460754
32194	0.003420511908
32245	0.007088860888
32279	0.006080404751
32377	0.004897522744
32489	0.004394365497
32502	0.0006595734171
32504	0.002042365656
32520	0.0005993532366
32548	0.0001386445301
32638	0.0008030226379
32688	0.004889530628
32865	0.001453241353
32952	0.004263646149
33031	0.001790855847
33140	0.002239430122
33150	0.0009201770126
33167	0.002546984679
33190	0.001500119661
33247	0.005996389598
33339	0.001667156309
33487	0.005483829071
33493	0.0004501820937
33630	0.004036082411
33694	0.007234117319
33721	0.003968214083
33776	0.005805369909
33872	0.004395257148
33915	0.002202866403
34063	0.001043807552
34206	0.003937878752
34341	0.00498956563
34464	0.00351494047
34760	0.001666517658
34798	0.003956614723
34926	0.0009110698389
35041	0.001156238433
35147	0.001271254195
35151	0.002221297018
35247	0.0010566146
35405	0.0004125875382
35500	0.002100018602
35690	0.006062077168
35725	0.0002983140031
35845	0.004133086843
35847	0.0008569434311
35911	0.0001877750649
36000	0.0009001579886
36304	0.001700202751
36355	0.002608642451
36405	0.001864256296
36408	0.00153979252
36437	0.003422132042
36522	0.001698523435
36658	0.001112918335
36702	0.004162181248
36761	0.003203005565
37039	8.793873967e-05
37044	0.0006076140129
37066	0.0001688153327
37202	0.001223978537
37267	0.002024999113
37331	0.001408520685
37445	0.003377451242
37496	0.001053995723
37580	0.003567654187
37621	0.001199428784
37628	0.0005690104336
37689	0.0009299681512
37860	0.0008491215916
37922	0.006623037629
38028	0.01789227468
38063	0.002338651587
38072	0.002665341366
38416	0.0003317204971
38418	0.003268985823
38463	0.001032930472
38531	0.001028896664
38642	0.0009634175486
38674	0.000496738504
38749	0.0007849398675
38771	0.0004692173477
38810	0.002799733998
38934	0.003267038663
38950	0.0019034791
38978	0.004373760684
39235	0.006464016342
39429	0.003001125918
39433	0.002919469131
39542	0.001755917062
39629	0.001103928208
39649	0.0008290156414
39707	0.0003861641794
39728	0.001909232316
39735	0.001890706599
39871	0.001195925525
39979	0.0005200779267
40027	0.0005094351466
40082	5.8150688e-05
40482	0.0007866593097
40680	0.002958381653
40716	0.0006712838133
40819	0.002198259954
40989	0.007530200594
41117	0.0004530213316
41143	0.001752229665
41267	0.0006749762468
41327	0.0001612073985
41430	0.003481716333
41494	0.002391326864
41798	0.000225377765
41823	0.001825305374
41836	0.001039306827
41846	0.0009260889254
41881	0.002336442015
41968	0.001301200392
42099	0.001547761575
42124	0.002289896837
42384	0.0009676850448
42404	0.0007360046109
42416	5.692145604e-05
42483	0.0002825102139
42548	0.0003289157912
42654	0.0007124457635
42830	0.001469641291
42846	0.0007293746616
42919	0.0004305966666
42951	0.001179650196
43031	0.001603932924
43049	0.002078810182
43063	0.00135099016
43246	0.0001566661111
43311	0.000456121579
43412	0.003717205658
43444	0.0001523823489
43627	0.002831335934
43738	0.0003893664921
43742	0.006347080944
43755	0.001345411726
43785	0.001166166761
43941	0.0002054975887
44082	0.0003787852246
44110	0.0001197846186
44141	0.0002493594549
44206	0.001130179791
44211	0.004601247873
44226	0.002735080101
44228	0.002378387323
44278	0.0001556702453
44430	0.0005884565487
44582	0.0002316911292
44618	0.000929791574
45139	0.006375548297
45553	0.001685522575
45607	0.0002935320599
45610	0.000170870454
45612	0.0008581883024
45643	0.005651603619
45696	0.0006620184951
45792	0.001147018151
46013	0.001363783789
46078	0.002996418216
46125	0.001124499457
46138	0.0008733177242
46169	0.0009072578877
46181	0.00157759227
46314	0.003837994588
46323	0.002203263259
46346	0.003863535173
46404	0.002291328182
46520	0.001952447299
46604	0.00166989163
46784	0.001271667334
46822	0.003925772782
46877	0.001461975657
46921	0.0008730033947
47053	0.001247593893
47099	0.0006791755075
47325	0.001695174499
47401	0.001792119984
47568	0.0002802935403
47597	0.0005869412167
47632	0.0004964977826
47757	0.001541303771
47888	0.0005161152172
47989	0.0005368608107
47992	0.00311405559
48023	0.001752311033
48088	0.0008233186045
48107	0.01533830293
48188	0.0003457599124
48292	0.0007218257331
48295	0.002450413637
48343	0.001158730966
48403	0.002417290222
48448	0.003840758886
48527	0.0003485088228
48544	0.000552673175
48640	0.002025860205
48718	0.0008567488164
48734	0.004782111337
48765	0.0002537414817
48907	0.001220717141
48935	0.0003088121055
48994	0.002558519064
49009	0.0005849985786
49210	0.001633618127
49550	0.004585085212
49665	0.0002702303626
49780	0.003921656838
49785	0.006308204963
49787	0.01839302835
49803	0.0005238744719
49844	0.003577099056
50359	0.001685410045
50435	0.003823288745
50503	0.001175330486
50546	0.004217258896
50547	0.0007809368635
50625	0.00341022427
50695	0.002639596468
50915	0.002614604144
50930	0.004054919767
51016	0.0009517687853
51132	0.003502645364
51171	0.0001037491456
51231	0.001151988515
51330	0.0001466242587
51420	0.0003721328026
51467	0.002174959523
51492	0.002512553863
51507	0.002810293363
51640	0.0005648880966
51764	0.02229000615
51778	0.00149785316
51876	0.0009139283671
51991	0.0009598537668
52016	0.001661744572
52124	0.002390574159
52168	0.00203851903
52390	0.003065899734
52428	0.002774718286
52469	0.0004078642392
52504	0.0005763403182
52522	0.0005660569686
52579	0.0002649877848
52965	0.007611483877
53156	0.0006569720327
53260	0.001359986287
53265	0.002087623277
53311	0.000824419045
53334	0.001126429066
53427	0.003952382905
53483	0.0008506036668
53535	0.003627282804
53627	0.0004603879224
53840	0.0005155172324
53881	0.00153916788
53920	0.0005612040235
53930	0.0005169968317
54162	0.001235723267
54234	0.0001245831042
54250	0.002595874449
54272	0.0004898599348
54291	0.001397760584
54445	0.0007501272947
54552	0.0004523075324
54688	0.00027681481
54750	0.0009581120334
54881	0.001750343937
54910	0.0003226430051
54912	0.002557127645
54967	0.0007802337198
54986	0.005397018803
55025	0.005094382585
55168	0.00161472983
55485	0.01420279787
55541	0.000668204101
55632	0.0002927190749
55655	0.0006561074901
55749	0.0001918745429
55805	2.836755638e-05
55840	0.00154295242
56188	0.0003007077181
56246	0.0005655313555
56324	0.00077092592
56385	0.0004307795668
56457	0.002569124422
56635	0.0001246200379
56801	0.0005996936099
56806	0.0003498653786
56992	0.007396138119
57172	0.003018936904
57488	0.001284789192
57504	0.004219469708
57548	0.001732306598
57591	0.00175171176
57835	0.00182800853
57849	0.0006801337915
58052	0.0009408263951
58128	0.0004253295397
58142	0.0006912201663
58181	0.001326811871
58420	0.00140479992
58501	0.00136960436
58563	5.252868569e-08
58569	0.001801470858
58607	0.0002128865294
58657	0.001664627161
58696	8.595180918e-05
58737	7.639551131e-05
58756	0.0192635153
58887	0.001592891459
58943	0.0007896723424
59010	0.004282939287
59092	0.003864704143
59137	0.006613044441
59235	0.0006767234205
59345	0.001411896868
59367	0.001720770206
59377	0.0001495467537
59388	0.005483076489
59451	0.002515023133
59586	0.000224420842
59591	0.001858491616
59628	0.001632266981
59721	0.003265781643
59754	0.007057585269
59862	0.00598846853
59905	9.238389934e-05
60134	0.0007493758978
60164	0.001557682291
60167	0.004876687626
60191	0.002252098904
60203	0.0005083880189
60264	0.003065306483
60410	0.002602458113
60573	0.002076067563
60737	0.0001981437209
60767	0.007493391095
60779	0.007813835248
60906	0.0047329694
61060	0.002040310834
61069	0.0004275333231
61177	0.0007238717309
61193	0.0001063733019
61213	0.002261546604
61358	0.003102384373
61535	0.002565761456
61595	0.008182210503
61630	0.0111842491
61689	0.01352739924
61698	0.0003242959956
61717	0.006865237724
61729	0.0007326602793
61933	0.01434737853
62121	0.003987630357
62317	0.003853810909
62409	0.002967151568
62604	9.511594094e-05
63294	0.002094845345
63328	0.0005970736449
63350	0.0007368942993
63594	0.001861282046
63649	0.000531700614
63965	0.0027154352
63969	0.0003146739747
64324	0.001271367389
64448	0.001328917934
64533	0.0009130138589
64623	0.001896659509
64656	0.001080985534
64739	0.001388756816
64801	0.002699433547
65145	0.0003297197539
65254	0.0008687287625
65273	0.002012885972
65293	0.00165896372
65522	0.001671780358
65590	0.0009573832991
65633	0.0008419887766
65744	0.0006077753779
65822	0.0002834345503
65832	0.001103199519
66105	0.003202648617
66166	0.0006948149151
66197	0.002372502337
66207	0.0015367414
66555	0.002184083985
66602	0.0001067139992
66645	2.37515327e-05
66768	0.002537901215
66923	0.003198469036
66926	0.002401046555
67012	0.0005486159935
67191	0.000320500897
67389	0.009452266739
67396	0.0008046508715
67426	0.0001486330704
67449	0.001453183429
67611	0.001003451825
67630	0.0007004944758
67673	0.004093308908
67674	0.00795179511
67690	0.01158667357
67735	0.0008826904514
67820	0.0004850482226
67970	0.001160382394
67995	0.00237756248
68406	0.0004711118902
68436	0.001758751603
68442	0.002702944355
68616	0.0007593700834
68627	0.00132451232
68953	0.0004867291069
69015	0.001140985795
69067	0.02117952501
69156	0.001108037771
69177	0.0006665021245
69210	0.0002129112432
69245	0.000459755446
69247	0.004764075863
69277	0.001651648368
69292	0.0007848671175
69331	0.02113795486
69415	0.01023157057
69453	0.0005197889998
69476	0.002579640445
69746	0.004554913589
69779	0.002316704004
69823	0.002725359588
70078	0.004465427316
70200	0.002192198246
70273	0.003236800185
70653	0.01893495863
70703	0.003025813946
70710	0.001726027238
70721	0.002208947161
70881	0.0004035792119
71321	0.001717303448
71503	0.001877073167
71664	0.0008860812236
71665	0.002771508491
71667	0.0005038103121
71842	0.0003276324106
71904	0.0003530204854
72025	0.0009696103903
72101	0.001493720341
72152	0.0002665077135
72202	0.0006165348048
72299	0.0007326414871
72508	0.001093707639
72523	0.00101456917
72632	0.003682359999
72791	0.004910812319
73126	0.0003713230699
73255	0.0007507745617
73459	0.001603907441
73467	0.000626046343
73529	0.001109026459
73564	0.0022821658
73631	0.0004681988963
73792	5.831283993e-05
74129	0.003282404891
74178	0.0007562751742
74207	0.004621539885
74333	0.0007330002515
74673	0.004011778378
74828	0.00164643382
74830	0.001152170477
75001	0.0007853453609
75019	0.0009671310171
75044	0.0007133672008
75064	0.004710025169
75134	0.004213969697
75156	0.0115014915
75164	0.001085561152
75316	0.01263175556
75351	0.001995644489
75366	0.00134564127
75393	0.0004092840719
75473	0.004365713808
75497	0.008905306158
75622	0.001826494409
75635	0.003384894324
75642	0.0007570397391
75704	0.002937183586
75741	0.004623045596
75745	0.000786213024
75790	0.0006993660517
75829	0.007641327728
75855	0.001818104754
75969	0.0006772967844
75985	0.0006311640532
76008	0.001628801123
76192	0.001583405863
76305	0.002690983835
76312	0.002747480874
76469	0.004493333479
76564	0.008866904431
76620	0.008472110531
76750	0.0005076719603
76919	0.0007546815872
76977	0.0009842160474
76982	0.001667953247
77020	0.0008030368244
77075	0.0002685169198
77082	0.0003001426824
77087	6.896783566e-05
77132	0.0009243812172
77176	0.0009968789257
77250	0.0008676677608
77381	0.008154203747
77489	0.01116916974
77608	0.0003378881322
77642	0.005241433039
77719	0.003241668985
77838	0.003378492977
77876	0.009598066812
77928	0.001373520855
78005	0.002099910682
78109	0.001914757317
78132	0.000113014067
78551	0.002570560369
78570	0.0008146343558
78591	0.0004022974843
78924	6.176865635e-05
78930	0.0004333470707
79090	0.0006547035683
79127	0.01260250965
79195	0.0003373073789
79421	0.00352879773
79573	0.0002167782634
79589	0.01107847912
79672	3.884567528e-05
79707	0.003521970548
79724	0.0008338093449
79834	0.001446495353
79884	0.01272818059
79925	0.001011076542
80113	0.001519212409
80177	0.002159685277
80240	0.001066663512
80278	0.002115302404
80297	0.002128707651
80439	0.001921057896
80469	0.001213493459
80533	0.000241316587
80718	0.0008917683763
80720	0.001047585826
80744	0.002022138861
80769	0.005187764069
80794	0.002062957731
80931	0.001270135414
80959	0.001504424011
80978	0.003397515442
81090	0.001424528309
81148	0.0008527218062
81218	0.0011239322
81224	0.001886403629
81332	0.001968557447
81353	0.00100766918
81373	0.001384724144
81426	0.000807670125
81444	0.0004905181841
81470	0.001314228293
81477	0.0006046036106
81552	0.0009668909026
81658	0.0001582230144
81756	0.00231489162
81774	0.001428633245
81851	0.001026417717
81879	0.00106331069
81955	0.0008983433832
81974	0.001173385771
82011	0.001154486511
82032	0.0001176942464
82165	0.003267323546
82242	0.01282450471
82272	0.0006623495915
82302	0.003055158653
82405	0.0002080687556
82422	0.0004334119745
82507	0.00243446839
82541	0.0003414770312
82566	0.007247670268
82655	0.0001548167324
82657	0.0005084605317
82787	0.0002626794773
82815	0.0002162804234
82894	0.0137866198
83048	0.0008811733431
83057	0.0001322358507
83133	0.002826005571
83238	0.001641360312
83318	0.01302330015
83327	0.007035792767
83338	0.0003128744419
83485	0.001183177052
83512	0.006720177264
83517	0.001241226452
83715	0.01437597988
83790	0.003287376758
84063	0.002147926876
84307	0.0001768236592
84530	0.0003008501609
84738	0.0005013238865
84743	0.0006503858879
84900	0.002427836921
84963	0.002123689088
85078	0.001349593433
85131	0.005180599235
85140	3.309535755e-05
85209	0.0001793975107
85317	0.0006673231024
85436	0.001531009312
85470	0.0003015040957
85475	9.869390493e-05
85496	0.002091423008
85514	0.0008283160823
85706	0.001373833247
85754	0.0006779008399
85856	0.001342279488
85944	0.01585845535
85956	0.0002030909327
86026	0.0006465028208
86158	0.001703447446
86250	0.004918316549
86256	0.0008922269417
86301	0.0005738365774
86404	0.0002148953894
86833	0.001255786864
86911	0.0006702332504
87161	0.003386825142
87162	0.003417718541
87285	0.001268259093
87352	0.00288973091
87444	0.001084029234
87868	0.001832888558
87957	0.0001114484942
88073	0.004518174747
88082	0.001196396925
88344	0.002788671631
88370	0.01658724072
88383	0.004219015446
88399	0.001673617646
88410	0.0005161287623
88536	0.00161099583
88603	0.002696774888
88604	0.002121456359
88689	0.002909741245
88887	0.0027366857
89007	0.004772235461
89008	0.0009654723886
89237	0.0009146572603
89261	3.767763966e-05
89316	0.006818399394
89334	0.01116118887
89388	0.000978535305
89397	0.000449271671
89411	0.004200348554
89523	0.0003502488925
89649	0.002164864465
89679	0.0006548026549
89721	0.001303475788
89794	0.002679228873
89795	0.0009029121286
89846	0.002174268228
89883	0.005629825951
89937	0.002842941955
90027	0.0005681525767
90038	0.0008879227237
90060	0.0009780195407
90063	0.003551416926
90163	0.003022150925
90378	0.0007051782946
90877	0.0004704852452
90916	0.00139996227
91142	0.0006985471052
91213	0.001306249408
91392	0.002373853305
91471	0.004175838539
91502	0.004852806979
91524	0.0007470694234
91626	0.0005148727426
91804	0.003507692845
91822	0.001852066216
92060	0.001833206541
92081	0.0007166709408
92101	0.01647565827
92156	0.0003594361355
92295	0.002482934092
92331	0.0005286442384
92507	0.001694779035
92573	0.003011335321
92574	0.001975407684
92627	0.002390086826
92656	0.0004084470198
92722	0.003903133853
92834	0.002130760225
92865	0.001473380522
93050	0.001771113875
93111	0.0001520225338
93309	0.002291166381
93504	0.002160968544
93838	0.001126866868
93846	0.001087203481
93853	0.001131760346
93910	0.003127498788
93955	0.001095746404
94100	0.001355233787
94216	0.006147303662
94274	0.01385717742
94313	0.0002477664604
94455	0.002288303695
94515	0.01213282064
94631	0.0006387351052
94711	0.00130481043
94822	0.0001772531486
94926	0.001998754702
94977	0.0006391060966
95048	0.0004733331166
95082	0.002183095834
95103	0.001224482651
95106	0.0002892505126
95114	0.002039200263
95141	0.001774653129
95172	0.001881518371
95226	0.0004073755122
95402	0.002544843526
95421	0.001202993316
95728	0.006553276275
95908	0.0003243038879
96120	0.01348327295
96311	0.0004427208979
96428	0.00177400827
96465	0.002980443992
96600	0.002787224272
96753	0.009900143236
96870	0.002776543691
97071	0.0009148109169
97097	0.0002511846037
97197	0.006425697604
97206	0.009145560919
97220	0.002796242144
97291	0.004457612726
97407	0.002291833221
97431	0.001977292638
97694	0.001385577532
97742	0.0009151895585
97823	0.001006459302
97912	0.004061941937
97919	0.002429203702
98023	0.0009563354589
98111	0.002165255606
98115	0.000147947987
98208	0.0003212635066
98226	0.0006270103346
98227	0.001559152271
98259	0.0003378927147
98279	5.792486432e-07
98295	0.001094368707
98310	0.0009996252384
98420	0.0008856033215
98597	0.0007298927548
98787	0.008258213955
98883	0.001866946096
98955	0.0006570844462
98982	0.0005880621815
98989	0.01025324172
98995	0.001323310523
99067	0.000618063988
99200	0.009321769353
99232	0.000658784992
99245	0.0002466748879
99268	0.001655961535
99296	0.0005234051376
99307	0.001983422802
99369	0.001368069738
99414	0.0008569615521
99421	0.0005939977191
99444	0.004348877708
99676	0.0004926877242
99734	0.00246978632
99844	0.002331779531
99870	0.0007469783678
99957	0.002541513237
100001	0.002957916939
100050	0.002163989553
100084	0.00439223
100154	0.001535432659
100173	0.003242996708
100422	0.00124774571
100501	0.001006852659
100587	7.826472346e-05
100614	0.001813215725
100617	0.001078108217
100693	0.001672314747
100923	0.0001719682744
101229	0.0001583250834
101344	0.006596180615
101530	0.00114170802
101570	0.001584094943
101574	0.0008241125857
101690	0.0001873173354
101983	0.001481796178
102237	0.0009732113008
102276	0.0006234446808
102277	0.001046908333
102330	0.00128819525
102343	0.001633429445
102412	0.00149934076
102475	0.002621393688
102744	0.003976011573
102759	0.002669853618
102938	0.0005259050312
102977	0.00998239322
103151	6.288328941e-05
103269	4.033383471e-05
103307	2.94889389e-05
103350	0.001045942169
103424	0.001960723228
103689	0.001493114931
103966	0.002400738691
104144	0.0009323401331
104153	0.01949401551
104155	0.0001943391122
104185	0.001643322608
104260	0.000141471359
104383	0.008104799184
104395	0.0002745281411
104406	0.005157697846
104457	0.001628543524
104480	0.003271288266
104514	0.0003697828426
104528	0.0006818153938
104620	0.001310891021
105059	0.001531936339
105090	0.005583219733
105150	0.00332865845
105595	0.002716133849
106047	0.002165466444
106057	0.001189126346
106171	0.0004472673369
106211	0.0002791007712
106241	0.002347076106
106320	0.002265326375
106343	0.001371341271
106362	0.001003404999
106677	0.002623426062
106690	0.00353799865
106796	0.003533718808
106822	0.003313070517
107121	0.0008545323808
107173	0.0005202421715
107244	0.0005294221429
107382	0.008675898488
107616	0.004488315778
107622	0.004359202053
107791	0.002045293776
107933	6.430280782e-05
108049	0.002122014689
108106	0.002098114384
108134	0.00225434406
108152	0.000801948097
108196	0.0003875449994
108283	0.0007685605917
108310	0.001014905054
108385	3.030095696e-07
108400	0.00135131569
108533	0.001249182867
108823	0.01455888304
108888	0.001449985602
108951	0.008912224377
109134	0.001138012938
109164	0.003216694736
109216	0.007901379311
109268	0.002965068255
109327	0.0012163978
109340	0.004125628235
109396	0.001011224336
109398	0.001955962578
109466	0.004081810799
109539	0.0001437878634
109689	0.0006506484467
109760	0.00494306765
109787	0.0006341976032
109919	0.01003936085
109969	0.01018190747
109972	0.0001640611463
110714	0.001193953363
110738	0.0005921413217
110850	0.0005248565426
110866	0.0004896900867
110998	0.005396705356
111071	0.0002125767067
111139	0.001752038215
111286	0.003618354437
111545	0.002355761077
111548	0.001273533626
111585	0.001903650422
111684	0.0007387302953
111837	0.001808086217
112026	0.004988046906
112081	0.003167552777
112086	0.002363830336
112098	0.002044878399
112227	0.000433943018
112310	1.271113446e-05
112444	0.000119774039
112552	1.750835012e-05
112706	6.970550613e-05
112799	0.009793065453
112806	0.008851775372
112989	1.659982579e-07
113008	0.001371026984
113050	0.0002142713592
113265	0.002002587841
113329	0.00103573343
113365	0.0008184956847
113535	0.002081589012
113616	0.001640853896
113621	0.0008479361812
113641	0.0007499834372
113658	0.001124906794
113778	0.01121646439
113885	0.01163081894
113947	0.002542914028
114122	0.00250356649
114153	0.006597642872
114534	0.009459391199
114577	0.001546863313
114631	0.001668240463
114663	0.0005133917422
114699	0.00166175029
114740	0.004467582909
114745	0.00254362801
114767	0.001079788776
114821	0.0005198488046
114824	0.0008303613561
115144	0.001946857851
115206	0.005123279669
115229	0.001023546913
115242	0.002992665458
115518	0.002100770352
115562	0.001893654087
115593	0.004377346495
115599	0.0005552179042
115665	0.0007785825682
115678	0.001340179279
115865	0.001849456051
115912	0.005461330476
115930	0.0008363307515
115968	0.00129285201
116059	0.0007629187493
116178	0.001228023342
116243	0.0003500854967
116287	0.015038074
116338	0.0005663875775
116395	0.003518029543
116409	1.941277526e-07
116477	0.004973005592
116495	0.003078619813
116637	0.0001310410536
116650	0.004617169687
116691	0.0006540660566
116726	0.001072784383
116860	0.00031279494
116913	0.001486971046
116933	0.0002131929465
117061	0.0003725059363
117102	0.007004151306
117118	0.0009627847539
117125	0.002551261891
117294	0.01109247324
117313	0.001186635153
117325	0.001420333627
117429	0.00018582897
117431	0.0004384285192
117539	0.001139494236
117586	0.000593094406
117611	0.001122235061
117708	0.01416955827
117900	0.01518773508
118243	0.001241979381
118341	0.001045817846
118360	0.007035345551
118692	0.000211553077
118705	0.0009306881233
118725	0.003009465607
118754	0.01219476445
118948	0.004205539301
119060	0.000960904888
119066	0.0009370007102
119152	0.00310509894
119186	5.115236638e-05
119297	0.001273559948
119365	0.005457062014
119727	0.0002008001604
119958	0.009786189763
120037	0.003170050213
120101	0.002707997759
120196	0.0004823165164
120225	0.01542432908
120483	0.00297629177
120618	0.001955453763
120656	0.004201129486
120729	1.626976723e-05
120835	0.003471374714
120840	0.0008957272764
120944	0.0006332075638
120990	0.0005938822909
121139	0.000684151283
121221	0.003235170651
121288	0.003693351997
121369	0.000779200169
121509	0.004012457309
121557	0.001170091373
121582	0.0009858702774
121882	0.01481861705
121897	0.001331280473
121947	0.004443763835
122019	0.002866495422
122035	0.001849305559
122093	0.001497990718
122311	0.00251863643
122532	0.0004084130153
122547	0.001314164601
122647	0.0006217468224
122811	0.01260390301
122887	0.0006340856915
122947	0.0009812224308
123030	0.006476856236
123055	0.0002565809472
123109	0.000863125466
123192	0.005073559804
123291	0.000686826056
123339	0.001001330948
123381	0.02688391948
123419	0.003643212205
123451	0.0008463596224
123518	0.001711735177
123558	0.01495493054
123879	0.001494632515
123930	0.0003492213335
123942	0.001465318215
124093	0.00142736512
124113	0.004311401965
124154	0.002034947088
124255	0.0006869592715
124406	0.002855451738
124425	0.00599168943
124474	0.0003009749558
124489	0.01752164864
124646	0.002067691522
124685	0.007028401527
124702	0.0005496771512
124738	5.179344798e-08
124745	0.01393375872
124800	0.0007230422971
125099	0.002655482496
125124	0.002079968197
125188	0.004431046602
125254	0.002952740168
125346	0.001193315446
125394	0.0006964379597
125400	0.0005364170946
125463	0.001111075674
125478	0.0009886111806
125530	0.002260730863
125803	0.002205238449
125822	0.002206768023
125823	0.003600331742
125840	0.0006779735888
125879	0.003016054735
125881	0.001929467574
125981	0.0007126981435
125992	0.002122563434
125999	0.0005600358005
126064	0.001257654338
126075	0.003598180432
126087	0.007261585535
126143	0.0002743065304
126147	0.001133763364
126200	0.002863133068
126319	0.0006730328588
126335	0.006326349321
126342	0.001272053492
126362	0.0001972914863
126631	0.004231779264
126637	0.001172811361
126783	0.002140531467
126825	0.001532971377
126867	0.001764863426
127025	0.0003068538005
127035	0.0008263635518
127104	0.00424208854
127114	0.003331035084
127188	0.001759788837
127190	0.003268452604
127223	0.004068888268
127237	0.006657539284
127259	0.0006083260173
127292	0.001905840108
127306	0.003976556664
127504	0.004005687028
127532	0.0001550514163
127568	0.002060061463
127605	0.001870035386
127646	0.001686659372
127718	0.00254230129
127857	2.658951596e-05
128126	0.001696693405
128170	0.0009547094638
128244	0.003202798647
128379	0.0008773829105
128615	0.0002933717968
128688	0.004341010864
128696	0.002229488417
128743	0.003161303997
128772	0.007377320385
128930	0.003451612425
128967	0.00131742887
129048	0.001571649611
129298	0.003240180097
129464	0.0006077695825
129531	0.002124175977
129666	0.003878628842
129673	0.0004289387762
129820	0.0009398036505
129902	0.0008225066612
129966	0.0004830565205
130073	0.0009771755626
130118	0.000530316111
130564	0.001317910828
130923	0.00415196886
130933	0.001249235898
130975	0.003337137707
131114	0.0001641800067
131132	0.0001255884648
131134	0.002050931488
131262	0.001346383119
131418	0.00209084986
131498	0.0009034151394
131504	0.0009350077688
131604	0.004422376576
131675	0.001350810181
131733	0.00547459611
131783	0.009186358407
131969	0.003966252719
132165	0.0001974735368
132221	0.002515050701
132223	0.000767612882
132359	0.003367056128
132380	6.573648641e-05
132434	0.006895002018
132481	0.001399054981
133001	0.001764411317
133023	0.001645723396
133128	0.00136792487
133196	0.008893672524
133485	0.006677406033
133529	0.001354561818
133691	0.0003758140716
133828	0.0002295188841
133870	0.001886817741
133927	0.000519868227
133992	0.01138400145
134009	0.001961810369
134021	0.009336767416
134063	0.00556239503
134071	0.0008026845795
134180	0.001116233383
134279	0.001967817743
134382	0.00181390571
134433	0.001387257022
134522	0.002667725261
134574	0.003700387894
134604	0.0007153022221
134667	0.00260013501
134744	0.006478476837
134800	0.0007985992048
134911	0.001217731069
135008	0.004289202802
135085	2.782856616e-05
135115	0.0007069535867
135400	0.00102932438
135455	0.003207784699
135549	0.0100592534
135611	0.005158217846
135616	0.001769596707
135859	0.0001886181574
135985	0.003680401564
136174	0.005101642269
136186	0.000539251559
136355	0.0008189839277
136426	0.0009556566288
136453	0.002022488718
136548	0.007039199326
136665	0.002065044546
136690	0.004333691901
136738	0.004747690574
136900	0.0001542764253
137156	0.002834242285
137195	0.0009074727988
137413	0.002361241036
137416	0.001905049794
137511	0.0008364546364
137619	0.0003825383333
137666	0.0004635622468
137678	0.002535788974
137695	0.0127572835
138039	0.0005583222512
138126	0.001919186603
138153	0.002625647351
138162	0.0001628288231
138176	0.001061557787
138231	0.004485662589
138513	0.001866636446
138521	0.01051895963
138664	0.0005618240118
138722	0.001310826102
138844	8.840740315e-05
138880	0.003812485718
138931	0.0003931599271
139027	0.001038379164
139063	0.004854552543
139091	0.0005315033116
139258	0.01028528129
139302	0.001344104903
139382	0.001088605045
139507	0.002285684204
139514	9.50639018e-05
139550	0.001345312028
139566	0.007290124537
139590	0.003694456665
139622	0.01107514546
139720	0.000640393521
139804	0.001819035474
139824	0.002160170748
139854	0.000699815652
139978	0.002395225856
139979	0.0003569438947
140063	0.000686921376
140456	0.0008219811562
140566	0.00182259457
140885	0.000820383746
141184	0.00166320037
141279	0.003335295745
141768	0.007147293766
141943	0.01082761691
142032	0.001323857262
142047	0.001674976698
142068	0.007418337284
142250	0.007147028938
142385	0.001209787757
142393	0.0003794802198
142440	0.00173364864
142706	0.002985599508
142963	0.001251587069
142994	0.001503654525
143104	0.002284923532
143180	0.003200430751
143208	0.006436007139
143444	0.002969949539
143452	0.001358426083
143512	0.001247382568
143521	0.007726848912
143919	0.0002231802394
144148	0.001426645342
144378	0.004595417618
144380	0.0005473369202
144525	0.0001206086565
144581	0.0008234660468
144584	0.0030236316
144645	0.01373125917
144706	0.0004300391941
144717	0.01449074717
144802	0.0006446180706
144806	0.001158040898
144929	0.008912926464
144961	0.002500913322
144993	0.009780377888
145199	0.0009403082063
145211	0.001058192604
145223	0.01412471628
145228	0.01814696267
145349	0.000703501264
145566	0.0005257631199
145597	0.002066720682
145605	0.001948444572
145625	0.00861969306
145641	0.003013404396
145655	4.741825666e-05
145688	0.003175368313
145694	0.0003708963277
145721	0.001205556467
145815	0.0007355569488
145932	0.002179747065
146104	0.001277667846
146136	0.001131196517
146311	0.005901624332
146347	0.002609628121
146422	0.000202852857
146508	0.001152764302
146589	0.001089313327
146698	0.008828557781
146751	0.003360829833
146840	0.00179638225
146844	0.00457719916
146905	0.01051724636
147068	0.0004666297103
147091	0.0007738977929
147129	0.001155796278
147325	0.0002542699485
147353	0.002765302536
147400	0.001901258013
147452	0.0007006837705
147602	0.001867280866
147754	0.00078481922
147917	0.005277950115
147973	0.002009311131
148095	0.002951510311
148175	0.001925921512
148264	0.006214343489
148306	0.003762628438
148401	0.001560178161
148548	0.001631679667
148584	0.0001498060856
148615	0.0002077571813
148672	0.003515527774
148687	0.01797675847
148939	0.001337729783
149039	0.001230746369
149130	0.005419288213
149134	0.01148826315
149172	0.001997253787
149223	0.0004085487661
149230	0.01144118284
149533	0.001339118275
149589	0.001267426347
149626	0.000576341926
149709	0.002043250255
149760	0.003165451401
149830	7.746679319e-05
149950	0.002791018343
150014	0.0003326214466
150061	0.001704978596
150187	0.001342004192
150271	0.001718812936
150274	0.0008241362453
150484	0.005104523554
150551	0.002009683961
150645	0.008408597857
150652	0.00376929317
150654	0.00690915193
150674	0.002405632861
150708	0.004390131249
150736	0.005661842268
150757	0.0001059172706
150791	0.0004044560362
151092	0.003684801023
151185	0.002537122061
151275	0.0009714984472
151546	0.0009431112265
151587	0.0002044965734
151723	0.001972265274
151732	0.0009264579691
151786	0.0005234160353
151900	0.003078314408
151923	0.0001535357539
151975	0.004767108497
152122	6.492500541e-06
152168	0.006184877305
152265	1.953405996e-05
152334	0.001630170689
152340	0.001272668668
152348	0.003092262355
152432	0.008128027635
152449	0.0003178747569
152764	0.005260687207
152785	0.002033498228
152834	0.0007839792767
152853	0.000751916515
153177	0.0001826896279
153199	4.472358808e-05
153423	0.001072008516
153460	0.003636741651
153604	0.0001575114654
153732	0.0001508151927
153848	0.001231210934
153870	0.001461916522
153936	0.008370681169
154018	0.0108105019
154044	0.0004409723807
154067	0.001676368389
154068	0.002373146207
154132	0.0003518416366
154143	0.003800807467
154190	0.002246191817
154346	0.0003831231232
154363	0.001265478976
154527	0.001200653864
154681	0.00203050984
154760	0.001780006594
154892	0.0007899476064
154903	0.00105485158
154984	0.002077083612
155070	0.001506469522
155110	0.00276460194
155132	0.00112924521
155228	0.002396283653
155231	0.003802952311
155267	0.005852750072
155443	0.0003345602733
155671	0.003072542287
155694	0.001396839267
155885	0.0003724767584
156127	0.000669929984
156293	0.0006498637042
156314	0.001162595715
156340	0.002166989452
156354	0.01051167526
156631	0.005053229836
156667	0.001476436006
156674	0.004125322028
156706	0.001739085481
156784	0.001923401233
157014	0.01125745365
157136	0.007746702627
157414	0.003657493684
157416	0.003525745494
157481	0.00566764241
157482	0.002475636446
157620	0.001920930291
157641	0.007229932045
157710	0.0003424991062
157790	7.919194167e-05
157843	2.499154748e-05
157864	0.003766142717
157950	0.000286436753
157989	3.925713366e-05
158062	0.00203934032
158211	0.0009321971644
158401	0.001036708463
158476	0.01086017884
158479	0.0001487891415
158570	0.003003390062
158664	0.002756982734
158759	0.0005949059891
158794	0.001744845561
158849	0.007440511221
158895	0.0006758536992
159093	0.0005312361217
159107	0.001592362128
159121	0.001611599907
159212	0.001416991384
159299	0.001785016545
159320	0.004220766176
159555	0.001998139464
159648	0.001296545033
159683	0.0002639994596
159704	0.0001005015808
159711	0.001865729284
159891	0.002599639403
159893	0.002223603546
160014	0.001105477213
160060	0.001089257255
160154	0.002799530987
160321	0.0003891516639
160430	0.001661709683
160432	0.001136224753
160507	0.004838967814
160606	0.00169933912
160704	0.001691208058
160735	8.119516453e-05
160850	0.00243687709
160886	0.003595862253
160918	0.001847504785
160970	0.0006381463727
161061	0.0006448214954
161063	0.003469745753
161149	8.626584963e-05
161151	0.0001251796563
161169	0.003101204276
161204	0.0006004490485
161237	0.0001578553097
161294	0.005658198108
161318	0.000920405906
161360	0.000455369479
161556	0.0009437874094
161615	0.002107519798
161748	0.0002522232077
161982	0.000663507292
162191	0.0008330185774
162268	0.0004164344378
162278	0.001084736944
162445	0.01525898133
162530	0.0004317395412
162653	0.002518821534
162681	0.003102113094
162715	0.001095679961
162725	0.002433096908
162821	0.0002608264483
162929	0.005509188166
163121	0.002609559444
163129	0.001674435037
163154	0.002275812517
163229	0.000132999474
163365	0.0009103204953
163454	3.227503749e-05
163603	0.0005866141162
163715	0.0008532811998
163792	0.001534297406
163858	0.002437817192
163869	0.0003272421345
163944	0.00119750845
164069	0.0008992293767
164147	0.006348125407
164205	0.002962260284
164286	0.002486483024
164337	0.0002070676156
164455	0.002475570471
164512	0.00462509589
164517	0.001510351133
164532	0.004232971802
164567	0.003251691827
164610	0.00342631091
164685	0.0005193739639
164717	0.001471378189
164765	0.0009744611875
164933	0.00014999316
164981	0.00105008166
165140	0.002265128124
165258	0.0136820201
165305	0.0009804879735
165356	0.005529050462
165387	0.004330095425
165464	0.001657839543
165473	0.005941319033
165479	0.0012646081
165509	0.001563995085
165604	0.0002725619995
165673	0.01026344956
165690	6.891145059e-05
165747	0.01169193664
165810	0.001259872206
166010	0.002424446744
166060	0.003244686087
166131	0.004520760449
166196	0.0003034422311
166491	0.003530935204
166499	0.002408869511
166508	0.002002880249
166554	0.005090142374
166594	0.0006483017876
166675	0.0006925405793
166761	0.002464319413
167012	0.001327501621
167659	0.000692068694
167733	0.004215018857
167899	0.001519241981
167983	0.003663997566
168053	0.003050370536
168224	0.006566799385
168256	0.003212806621
168274	0.0006594317379
168279	0.003800947449
168329	0.005378444262
168454	0.004840315729
168529	0.0004447371217
168717	0.001463286373
168776	0.0008766732186
168816	0.003929713349
168830	0.003837695751
168969	0.003032759317
169003	0.001353347367
169130	0.000550264476
169171	0.0005623171405
169282	0.005616265739
169340	0.0004041906757
169492	0.0003899032615
169650	0.002573054382
169715	0.0105062337
169771	0.005764512368
169821	0.002196798693
169823	0.0002416309794
170051	0.003489461132
170208	0.0003638310945
170305	0.007803686389
170315	0.002000224483
170362	0.0005439979955
170426	0.001302298533
170633	0.0006007507504
170828	0.001418383589
170857	0.0004555657144
170878	0.0008856381035
170958	0.001932038742
170959	0.006064395621
170977	0.002869919454
171000	0.001839951261
171029	0.002418158205
171309	0.002025276311
171492	0.0009389728864
171549	0.0005493912377
171798	0.001070132329
171846	0.001491323611
171960	0.0007364147663
172012	0.001081739747
172073	0.0016531042
172103	0.0003238698578
172228	0.001672753453
172276	0.001594198886
172290	0.0002182415634
172477	0.002403066121
172616	0.0001002123265
172733	0.003954800464
172768	0.009401069817
172808	0.0001421739544
172820	0.001995265638
172901	0.001429023915
173005	0.0009510922121
173074	0.004726975459
173175	0.0004313738202
173231	0.001677917766
173237	0.001656728355
173317	0.00352529188
173320	0.0008528513813
173334	0.001402493862
173380	0.0009862829682
173483	0.0005704614471
173561	0.003603503944
173563	0.0073243063
173602	0.006000244581
173762	0.006499177446
173855	0.00123342006
173913	0.002161851566
174108	0.003756140196
174207	0.006244144758
174388	0.0005807122877
174608	0.001858088729
174653	0.00123022891
174683	0.0008891302812
174746	0.001980744566
174871	0.0117031484
174916	0.0003469518161
174973	5.234154136e-07
175052	0.008139457885
175084	0.001625497365
175148	0.003677861431
175197	0.004216012413
175241	6.205297978e-05
175521	0.001828491928
175545	0.006384954382
175586	0.002298203953
175598	0.0004894053162
175692	0.001323543861
175797	0.0002103599623
175854	0.0004589058052
175917	0.005612885275
175970	0.008264599163
176006	4.339326177e-08
176127	0.0004864803538
176223	0.0007910034974
176301	0.006383577126
176359	0.008150847994
176559	0.0004351620997
176717	0.002298325003
176780	0.002536844255
176782	0.0006875759738
176795	0.003164282474
177194	0.001312692323
177423	0.000176752173
177449	0.008262582825
177490	0.0009029790818
177538	0.00199647621
177793	0.005308994629
177860	0.0007758892402
177897	0.0003435415108
177957	0.000691011524
177981	0.009555989199
178007	0.000439211077
178042	0.001317105891
178210	0.0003584696567
178264	0.003356984319
178343	0.01850965663
178395	0.0009144928846
178534	0.0001786593495
178588	0.005702446005
178627	0.001261835361
178718	0.0008074140593
178805	0.001486139603
179030	0.001617723785
179096	0.001288980459
179297	0.0006424898695
179513	0.006811208323
179681	0.000978654037
179792	0.008096403155
179825	0.001516770616
179837	0.0008674629295
179959	0.0008551155779
180080	0.01092688178
180137	0.0007793147977
180240	0.0003430629885
180378	0.0002237475618
180700	0.001745748963
180794	0.009022437917
180941	0.0006453042347
181049	0.0007715782826
181078	0.001955676458
181098	0.004461010594
181172	0.003671818419
181222	0.006830231476
181224	0.004096569094
181234	0.003084667939
181265	0.003189768856
181412	0.001902346659
181472	0.002714329574
181525	0.0004118932419
181626	0.002634618961
181667	0.0005278559767
181734	0.003877716101
181863	0.0003463234101
181913	0.001035316532
182204	0.0005552190668
182617	0.0004624381048
182618	0.0007680974918
182692	4.686856031e-05
182757	0.000829980086
183010	0.006929714671
183015	0.006263921695
183028	0.007200496392
183247	0.0004174514003
183542	0.0006700423307
183644	0.0002971125829
183657	0.002111034314
183671	0.001342092504
183940	0.002994473184
183992	0.01855613725
184229	0.002425092725
184235	0.001708235966
184525	0.003315193681
184560	0.005709736583
184567	0.006937169862
184611	0.001914712349
184802	0.0004333167263
185046	0.002101845024
185052	0.0009854705077
185133	0.0008333362123
185388	0.0005780523846
185453	0.0007480967869
185471	0.0002675306117
185549	0.005027075373
185696	8.517087395e-05
185768	0.005746766447
185842	0.001239824206
186038	0.003034887283
186050	0.002823732075
186226	0.0004146750507
186287	6.424524183e-05
186480	0.00369774245
186542	0.0008385658941
186689	0.001771253405
186809	0.0005795022484
186933	0.0003846116489
187076	0.01405119696
187114	1.073291329e-05
187131	0.005223932929
187195	0.002333345845
187444	0.0005584744614
187464	0.006122070453
187509	0.00182784352
187520	0.0008560823663
187558	0.0009555649412
187611	0.003529090862
187684	0.002646507269
187723	0.003546741957
187831	0.002798726567
187850	0.002843029299
187858	0.004113996598
187861	0.00203789456
187879	0.007239975463
187904	0.001407219934
187945	0.004292132268
187957	0.001038893773
187994	0.00976959732
188000	0.0009293469535
188008	0.003294317885
188125	0.003052104624
188127	0.001500241455
188211	0.001487698817
188315	0.0008167784848
188316	0.0001894016819
188496	0.001452007985
188567	0.0073929555
188620	0.0008119081468
188843	0.0008438034337
188856	0.0004313197737
188985	0.0007399319414
189205	0.00120347869
189357	0.007731250899
189372	0.001774187573
189506	0.003785921137
189544	0.0002438933376
189545	0.00499648852
189655	0.01315879754
189694	0.005490134171
189785	0.0009969201831
189788	0.0009799588516
189818	0.0005762027789
189824	0.000329612853
189990	0.000384510418
190020	0.003852755764
190023	0.001611393881
190060	0.0009157659208
190069	0.005254224976
190263	0.001914580687
190330	0.001820821024
190340	0.002479186161
190360	0.003530269812
190410	0.0006916726531
190713	0.003806016453
190840	0.0001105179035
190876	0.004711655495
190937	0.001633317965
191003	0.000495388801
191050	0.004770296787
191208	0.001665592149
191453	0.003057620991
191456	0.001409695234
191522	8.461356068e-05
191919	0.002698884905
191925	0.002376778252
192052	0.009349279059
192199	0.01117144673
192224	0.003169127334
192305	0.000540170749
192360	0.009581156095
192410	0.003748340407
192616	0.0003409171128
192760	0.001060091561
192795	0.001089463379
192955	0.0005817291936
192957	0.001496169254
193015	0.003391967436
193044	0.007670497534
193241	0.002279820587
193261	0.01276329785
193277	0.002828044953
193289	0.001009334728
193436	0.0008487686
193452	0.001079266533
193550	0.01122689215
193674	0.0003204403367
193914	0.0002989405316
193959	0.003136128473
194007	0.0008418123587
194201	0.001212486475
194217	0.003691567073
194515	0.003697915312
194563	0.01120668272
194680	0.01747881275
194782	0.0008811695784
194839	0.002090925928
194917	0.0002599493561
195042	0.0004636755238
195132	0.004119868657
195215	0.001505021548
195242	0.002357365707
195358	0.003198205986
195460	0.001989186607
195486	0.0003903328783
195567	0.0007848857586
195572	0.0008066199848
195692	0.001329171777
195809	0.001230427508
195929	0.001672546439
195957	0.004561230821
195965	0.0004818560199
196042	0.002370962509
196264	0.01036830536
196275	0.001149107068
196305	0.003867461416
196308	0.0001972676883
196403	0.002487321822
196407	0.002778490771
196883	0.001175534979
196889	0.004046613946
196923	0.001990114129
196928	0.0009962490814
197072	0.000845107223
197200	0.004891404996
197217	0.0002382178751
197354	0.001863777272
197432	0.007377245584
197600	0.004513722361
197648	0.001730238488
197689	0.0004978553754
197703	0.0005133185176
197777	0.005211003015
197816	0.001596481805
197936	0.002122903208
197960	0.001354883175
198054	0.0008833130663
198103	0.006418449575
198227	0.0007674775366
198300	0.001545530649
198310	0.009054153464
198442	0.009505039003
198510	0.003375647801
198549	0.001103568191
198613	0.001175259107
198742	0.004715675434
198770	0.0006200488406
198771	0.0008167771244
198867	0.00206049837
198877	0.0004451048507
198937	0.005297631201
198946	0.001751530059
199006	0.002395126108
199042	0.001001477612
199128	0.001153492178
199135	0.0004175459708
199164	0.0008876330674
199275	0.0004605525808
199375	0.002668864353
199389	0.002346500299
199479	0.0005459214107
199791	0.0001250549805
199941	0.01164637771
200281	0.0001945907605
200305	0.000978210488
200457	0.002551535405
200519	0.004139526028
200606	0.001160307646
200684	0.002555724903
200946	3.368604783e-05
201028	0.002351650726
201361	0.0009949280814
201374	0.001564320713
201515	0.0009274923449
201528	0.0002620847825
201987	0.001833776486
202019	0.006342255318
202183	0.001671939127
202820	0.0003230805618
202853	0.0009338028655
203045	0.0003550360795
203078	0.02781705642
203169	0.001818913382
203253	0.002217019117
203538	0.0001121495888
203539	0.0001651569899
203576	0.0003953061811
203738	4.237024339e-06
203795	0.0006932419023
203802	0.001819650292
203909	0.0004751863084
204030	0.0005899624378
204238	0.001619711234
204370	0.003113597706
204666	0.0002241025645
204806	0.001416087945
204954	0.0005338769189
204968	0.001898232813
205022	0.001871940718
205083	0.0003018936974
205110	0.0004584267893
205200	0.002376357065
205258	0.001329165664
205281	9.566371081e-05
205299	0.001207590358
205352	0.0005683162921
205361	0.0005752341753
205450	0.007556365934
205553	0.001396210711
205752	0.008176376345
205875	0.00967127898
205897	0.0004889199419
206004	0.001530566344
206076	0.02158159712
206120	0.01210502318
206145	0.004137443108
206223	0.002526597131
206273	0.001061107371
206330	0.01082404945
206353	0.001228343535
206510	0.003274962017
206605	0.002074376493
206629	0.001893450238
206660	0.0008787759557
206971	0.006321659999
207008	0.001672596556
207032	0.0002547724154
207147	0.001184828126
207151	0.01986859102
207165	0.01249088809
207259	0.0001527730616
207268	0.00076299071
207372	0.00361526679
207502	0.0001021178509
207572	0.001424140054
207604	0.002870731443
207671	0.00372015595
207679	0.004781143895
207813	0.00461016234
208052	0.006782368497
208083	0.003644199927
208097	0.003809192945
208181	0.005040520721
208258	0.000264512946
208364	0.0005731133329
208472	0.002144986106
208479	0.0002004529887
208652	0.0008225946609
208742	0.0005290723359
208753	0.0002832767288
208951	0.0009068694865
208963	0.003485319428
208968	0.003518679707
209024	0.00268681671
209190	0.0003569078216
209319	0.004742366904
209346	0.0004401190907
209366	0.000291426373
209463	1.483501823e-06
209482	0.0006816483321
209518	1.216452306e-07
209695	0.0005563484055
209899	0.0006018277393
209912	0.0007218413536
210006	4.029699627e-05
210010	0.000718658098
210302	0.002609567236
210535	0.004395959381
210942	0.001812958083
211353	0.001454424203
211612	0.001950240242
211675	0.009205103737
211681	0.005754789578
211775	5.142013842e-07
211794	0.0008135994839
211935	0.000295550149
212056	0.002187833716
212390	0.001624916115
212439	0.0173616658
212527	0.003319351083
212529	0.004887660919
212556	0.001921406203
212617	0.01932693258
212648	0.002698318321
212679	0.0002070660978
212718	0.0108731555
212795	0.01224280408
212883	0.003198901101
212933	0.002867146362
212985	0.0009636084117
213040	0.005541147292
213105	0.001450288474
213126	0.01068951555
213141	0.001429820623
213194	0.0003290115737
213365	0.0008038776213
213532	0.001768172874
213566	0.001489855796
213634	0.001119707572
213749	0.001268783784
213936	0.001028819909
213992	0.006039686609
214311	0.0001397437868
214323	0.004928389137
214331	0.00882821676
214374	0.0007190071942
214375	0.0005651285655
214567	0.01223451888
214591	0.0007824978484
214607	0.001325728449
214652	0.01278797499
214854	0.0007649626492
214941	0.00556722608
215050	0.003666076293
215099	0.001166995704
215164	0.01447696408
215184	0.003272063735
215404	0.001871996352
215530	0.003514097048
215531	0.008304240583
215640	0.00634124371
215720	0.01240258035
215767	0.005111454324
215786	0.006129117735
215873	0.0007290928754
215884	0.003450596441
215975	0.002456433117
216044	0.001270574239
216128	0.0009839102639
216171	0.001490716754
216180	0.0004668149371
216252	0.002279202091
216270	0.006461288548
216311	0.001145349253
216648	0.0006838066194
216667	0.0003205477265
216717	0.0008554023997
217035	0.002493833829
217413	0.004288293054
217472	0.003305954411
217480	0.01274142446
217568	0.00317804963
217651	0.002764425466
217771	0.001287001378
217867	0.0008815247239
218157	3.343215354e-05
218215	0.000856030286
218295	0.000225045138
218356	0.007064591104
218490	0.0006387371436
218522	0.01580751186
218528	0.001626872811
218617	2.025390056e-06
218640	0.002913340432
218772	1.049636969e-05
218798	0.001916549033
218838	0.002383621411
218910	0.0007678630203
219009	0.0165893751
219079	0.00154330699
219087	0.001245808511
219170	0.005665510039
219575	0.0004231564562
219628	0.000443883598
219729	0.0004217954718
219773	0.0008374513848
219861	0.001295772575
220241	0.001492126393
220329	0.001295048758
220476	0.003191464824
220542	0.0007140983346
220603	0.001997418269
220624	0.005043275093
220653	0.0003858832946
220691	0.0006977158281
220724	0.003524670941
220874	0.0005019805571
220881	0.001410566857
221000	0.002336488275
221156	0.00166257505
221202	0.003199351018
221208	0.001553208372
221261	0.001201636531
221777	0.0004779086991
221786	0.0004431938361
221836	0.003308320387
221907	0.001682533466
221933	0.003327709585
221970	0.0002919677667
221995	0.01009469563
222162	0.0003404750507
222173	0.0001766889112
222214	0.006756456509
222275	0.009165483619
222311	0.002355831221
222324	0.001354124583
222456	0.0005320595872
222472	0.001228338718
222495	0.007725185837
222701	0.004141512119
222708	0.001632220449
222798	0.001002337845
222845	0.01077423286
223013	0.001989845665
223018	0.0008010488873
223032	0.002121427715
223287	0.002568298869
223383	0.0003560397647
223390	0.01399449399
223420	0.005551447943
223473	0.001948669647
223508	0.007749526606
223704	0.002766344188
223708	0.001227525739
224052	0.0006432609055
224078	0.001574099273
224115	0.001294238979
224213	0.0002350050932
224392	0.001060188683
224393	0.0005540145553
224413	0.001012974477
224420	0.001401783338
224674	0.01320500769
224710	0.003652116783
224795	0.0008577075914
224806	0.002621564852
224902	0.00216792686
224955	0.007126946203
224963	0.002344637069
225032	0.001274246921
225056	0.004369300355
225087	0.0025635553
225107	0.0004828755875
225169	0.002282458695
225215	0.000342753293
225221	0.001653826508
225255	0.005142907635
225275	0.002436825787
225484	0.00120276139
225885	0.001221804019
225965	0.000503090469
225986	0.001795343212
226004	0.002408257142
226063	0.003275363292
226095	0.004765706391
226145	0.002234739156
226172	0.01562353298
226188	0.004809659096
226544	0.0003788324194
226845	0.01055002554
226960	0.0001181298684
227031	0.001687941045
227362	0.0004452384896
227408	0.0003223248055
227427	0.0006587185805
227600	0.002820654759
227669	0.0008054902052
227744	0.002958465702
227799	0.000301252254
227801	0.001163811001
227842	0.005846679077
227934	0.002723097125
228027	0.001497906846
228139	0.003397290856
228151	0.0005072676433
228278	0.000373421789
228435	0.0006095197159
228444	0.001404801301
228603	0.01121900967
228671	0.001901382045
228673	0.00221481922
228790	0.001089969019
228889	0.002415467846
228933	0.001924466488
228966	7.924893896e-05
228975	0.005649675744
229027	0.002855496664
229105	0.001598770248
229115	0.0001390934806
229116	0.002646650425
229218	0.001835348464
229281	0.0006491361445
229304	0.002265720045
229306	0.0008715745717
229488	4.229525406e-08
229735	0.01460364434
229773	0.0001480181044
229995	0.003415394744
230009	0.002997324247
230163	0.001218844914
230319	0.007290613811
230325	0.003404600326
230335	0.0006799997572
230359	0.002725660636
230369	0.00638466283
230547	0.001981439966
230599	0.0006700567014
230650	0.001868587274
230810	0.001737589495
230824	0.002684644216
230990	0.01200222433
231026	0.001164088994
231027	0.0004432524203
231102	0.002553036838
231152	0.0008708223385
231282	0.002350541332
231335	0.001476067299
231344	0.0009242012893
231378	0.0008347387735
231542	0.02070728159
231601	0.005189649752
231748	0.001592552078
231792	0.0002187172114
231812	0.003805913993
231936	0.008908881904
232041	0.001012771143
232058	0.002157456107
232104	0.001321188457
232118	0.001785197411
232255	0.0002569206755
232264	0.002243881081
232450	0.001430835311
232514	0.001365215756
232633	0.004313901256
232708	0.003153124912
232795	3.88544469e-06
232832	0.003442820861
232878	0.002335718871
233057	0.003887013226
233219	0.001196549917
233229	0.0007476421737
233304	0.002747834193
233373	0.01627363453
233376	0.001614161952
233378	0.00220915157
233418	0.00415634974
233521	0.001101985979
233529	0.01320604139
233568	0.0004803290906
233632	0.0004863485479
234039	0.001198533357
234185	0.001063870641
234346	0.003005839557
234373	0.0001224523708
234469	0.002874928139
234524	0.005525489431
234942	0.002751811105
235369	0.0007420705568
235374	0.004087935508
235446	0.0001423046897
235482	8.330889717e-08
235510	0.005174815061
235567	0.001493562782
235683	0.000227638495
235715	0.002968793281
235820	0.006965667735
235829	0.002305213748
235854	0.01078003264
235921	0.0001766599808
236120	0.001499402631
236267	0.006758009284
236301	0.004267930342
236349	0.00156983621
236385	0.001458053051
236394	0.01184507513
236411	0.002898981343
236554	0.01132880066
236562	0.0003874978693
236615	0.001411941325
236718	0.00112022693
236853	0.00662447709
236938	0.00242551051
237100	0.003811093711
237272	0.001663929232
237275	0.001322060645
237280	0.001852353358
237313	6.634113277e-08
237473	0.002023367834
237697	0.002550768615
237775	0.001853787814
237821	0.0007313028141
237958	0.006324495427
237972	0.002207909416
238496	0.007535239956
238513	0.000230864044
238569	0.003103189725
238597	0.002624436543
238618	0.01124929865
238619	0.005117235692
238712	0.002012997875
238745	0.006838267099
239245	0.0001377133808
239277	0.0005551367839
239312	0.0004911855006
239428	1.956273014e-05
239517	0.02486529727
239528	0.00372749144
239720	0.001299413086
239736	9.850473171e-05
239753	0.003106237076
239779	0.002217017989
239850	0.001654922163
239887	0.0009416127832
239895	0.0005097481475
240053	0.0002501805297
240082	0.004996849063
240177	0.002451893748
240223	0.001666176262
240281	0.003443018181
240312	0.001542817049
240413	0.0007367793119
240426	0.01581652256
240520	0.001834403637
240598	0.001865305076
240654	0.0008348869936
240666	0.001375012951
240745	0.0007638674571
240757	0.003336284449
240925	0.007618650547
241079	0.0004968121717
241235	0.0008102880504
241558	0.001960866718
241565	0.01007887325
241600	0.002461319577
241605	0.005813338655
241641	0.008418527461
241735	0.01204617257
241785	0.002000438442
241804	0.000795310678
241847	0.0006446475715
241854	0.002294853707
241952	0.01268789401
241994	0.009745293855
242009	0.0002681854859
242048	0.0007486150133
242322	0.000903950389
242346	0.002607746208
242402	0.003956188291
242556	0.003586704562
242731	0.004025802907
242751	0.009914383278
242835	0.002380601731
242887	0.0004468809564
242896	0.001872836617
242987	0.004714807825
243123	0.003192915316
243151	0.007189225237
243171	0.001853225197
243315	0.0009145273846
243330	0.0005064281594
243377	0.0007592311384
243493	0.002539005354
243686	0.0008041243914
243881	0.001821816786
243975	0.0009692055202
244164	0.001859538472
244240	0.001889504937
244253	0.002091072519
244339	0.001199352717
244373	2.202116775e-07
244431	0.001678624641
244596	0.003152148813
244632	0.001207755203
244664	0.005103719746
244919	0.007302487153
244944	0.00115771445
245155	0.005879191509
245245	0.0002819298567
245270	0.001702580436
245315	0.0006497133871
245317	0.002408992383
245345	0.0004426692291
245384	0.008258251401
245405	0.001735936354
245490	0.003664865406
245665	0.002107724784
245735	0.008932072626
245770	0.00751477664
245837	0.0007604576161
245985	0.001232718699
246002	0.001546855526
246028	0.001333859745
246101	0.003749629383
246256	0.001067425297
246354	0.000412045231
246424	0.001095923998
246507	0.00224926099
246926	0.001935346353
247112	0.0001055100432
247183	0.0009574362191
247490	0.0007253763055
247575	0.002014447469
247576	0.008206024258
247599	0.002104898837
247755	0.006443177383
247819	0.003692012337
247822	0.0001403517203
247887	0.001669626776
248136	0.000875948252
248210	0.0002522424887
248224	0.001512105776
248239	0.001068927834
248303	0.02601849913
248496	0.001365288806
248990	0.003321298697
249046	0.001169770783
249063	0.0022592034
249137	0.009417350659
249152	0.0002513885537
249228	0.00232404869
249295	0.0009474677496
249354	0.0004562274307
249443	0.003078781528
249475	0.001312139018
249587	0.0004995174353
249631	0.00011571137
249873	0.0009428866657
249875	0.007912274579
249987	0.002065598076
250017	9.8001594e-05
250084	0.0009083728697
250107	0.002315783331
250179	0.0002799377541
250182	0.001112007217
250206	0.001935817438
250207	0.001569899771
250216	0.002653455484
250410	0.009637749205
250460	0.007269525009
250608	5.773623016e-05
250822	0.0007899892826
250936	0.01188379842
251088	0.001380069905
251150	0.004796200479
251184	0.001081749622
251303	0.003110104703
251422	0.00310489858
251503	0.007552577268
251507	0.02033425121
251517	0.004818996203
251526	0.00120922878
251584	0.0001034945825
251642	0.00184233565
251672	0.00271358453
251804	0.001082920949
251840	1.000797534e-05
251891	0.0005229864497
252005	0.005401247538
252034	0.000135049352
252161	0.0009934476418
252186	7.71369509e-05
252297	0.002318283243
252305	0.00132939692
252346	0.01170878652
252501	0.0009666302721
252515	0.0007200956814
252652	0.0007642283036
252729	0.003111425496
252767	0.001353106791
252901	0.0002419989547
252944	0.001372709033
253025	0.0003821347127
253059	0.001274153043
253222	0.001293470343
253320	0.003562269603
253334	0.007488006339
253369	0.001347844021
253374	0.0004062042297
253429	0.002399888638
253438	0.002338445841
253537	0.001859126926
253540	0.001109719343
253611	0.000680440619
253666	0.00202451221
253760	0.001432114444
253824	0.019575061
253960	0.003691552052
254149	0.005028538399
254179	0.0007252250709
254275	0.004212113606
254314	0.003167329182
254323	0.0002862019109
254337	0.001016896502
254395	0.001433017015
254598	0.002493345016
254673	0.0007084062073
254740	0.01308018325
254773	0.002474916061
254829	0.01314005117
254938	0.004029046716
254967	0.0006605453997
254983	0.0002465806539
255111	0.003419608043
255175	0.001508879411
255289	0.004556961484
255318	0.004424814015
255328	0.005049557932
255330	0.000379058226
255340	0.002250838154
255853	0.001037584336
256041	7.923372084e-05
256178	0.006075842538
256185	0.0004446542095
256356	0.0001810796759
256441	0.0001726347422
256515	0.002662116185
256818	0.002144480588
256862	0.001020306279
256944	0.001687551289
257055	0.0002334998971
257058	0.0006105388957
257084	0.0005593530215
257086	0.0001835090519
257213	0.0001960916707
257260	0.002789690058
257317	0.003033431936
257356	0.001979947711
257383	0.0005066174651
257425	0.002420288228
257478	0.0002030853505
257603	0.008329967703
257611	0.0005499295069
257635	0.009367034598
257786	0.007324285485
257805	0.001202506609
258240	2.044310408e-07
258435	0.0001150498521
258476	0.001373796068
258573	0.0009696943995
258670	0.001954892157
258689	0.00144275482
258759	7.601839109e-05
258771	0.001443106374
258849	0.0002202245088
258910	0.005789572277
258956	0.0002913457087
259181	0.0003752081388
259249	0.002367452974
259347	0.001002351144
259614	0.0007088739203
259689	0.003707583455
259742	0.002169577684
259752	0.0007638921133
259802	0.009102642944
260052	0.001904684744
260068	0.0001612078377
260092	0.0003095583771
260430	0.0004010036483
260448	0.0003929819709
260488	0.001406691562
260555	0.002759962485
260614	0.001024385369
260650	0.01343455742
260786	0.001227092563
260834	0.004154518553
260872	0.001271582957
260907	0.0005059541066
260931	0.005481360328
260971	0.0002182538819
261031	0.0001820324952
261116	0.001363350258
261258	0.002703383393
261405	0.002669166326
261496	0.00141240727
261497	0.001760213778
261553	0.009174033649
261566	0.01277233756
261813	0.00527696027
261819	0.002949825835
261833	0.001050135201
261945	0.009787524747
261979	0.004251988582
262015	0.001107328246
262024	0.002452814449
262056	0.01413864041
262149	0.006059297335
262223	0.01544904687
262229	0.01289827364
262306	0.002218041142
262408	0.0003189284744
262434	0.001042049592
262449	0.0045813797
262667	0.001356846496
262701	3.500965027e-05
262808	0.004182417107
262831	0.00132050746
262865	0.001200474072
263037	0.000117377149
263149	0.005855716094
263229	0.004096089739
263239	0.0141700509
263343	0.002308374513
263344	0.005320553745
263347	0.005742179832
263367	0.002857066965
263424	0.0009531825728
263459	0.0008072398572
263594	0.01118174529
263596	0.007183186642
263748	0.00906503499
263792	0.002909395074
263828	0.0009216751179
263949	0.002519714302
264001	0.01249576836
264109	0.001717125699
264187	0.002737779783
264211	6.242539404e-08
264224	0.009633699268
264293	0.001396606671
264395	0.0007927425721
264398	0.001407317153
264438	0.001728613381
264482	0.002292013582
264484	0.001465277354
264485	0.001485693776
264542	0.001266910715
264627	0.006894007508
264728	0.002808263211
264848	0.00324814
264925	0.01839596456
264944	0.01829277754
265144	0.0009873038401
265209	0.002110495471
265397	0.01372147573
265401	0.006661513504
265447	0.0004939959645
265555	0.01137218013
265585	0.001610925222
265601	0.001999788135
265792	0.0004340167677
265986	0.001198915453
266167	0.003238839066
266367	0.0003364764055
266368	0.0008366547727
266416	0.01275827333
266436	0.01191725744
266574	0.004154580334
266741	0.0007166957023
266798	0.008145518675
266937	0.0002069616341
266948	0.00303465823
267062	0.001560172407
267129	0.001956760211
267233	0.0003371917254
267288	0.0220619151
267405	0.0001634803245
267445	0.00176560322
267465	0.0006873818627
267479	0.003125651199
267672	0.001144107066
267751	0.001951947782
267808	0.003638387395
267906	0.002401596058
268039	0.0002125622347
268105	0.0009162230943
268170	0.0003382454693
268221	0.001055301077
268257	0.001156000999
268346	0.002692007125
268529	0.0009635783155
268620	0.004687253206
268902	2.233986818e-05
269015	0.001152200815
269059	0.005728800801
269069	0.008845626331
269085	0.008679876614
269091	0.0005773247176
269107	0.003233385704
269143	0.0001868038536
269185	0.001244990917
269269	0.00348737398
269283	0.002291888561
269318	0.002014294526
269366	0.0012872438
269404	0.004890331747
269467	0.003262873716
269526	0.007569282839
269545	0.002826267806
269591	0.004354122731
269650	8.876141992e-05
269657	0.007492045901
269760	0.000620636068
269792	0.01784711708
269895	0.001468666642
269997	0.009941667081
270009	0.01134369887
270120	0.002513158705
270196	0.007133255859
270206	0.002878249403
270303	0.0005662240294
270557	0.005571421882
270560	0.003950317888
270568	0.002769722448
270588	0.002001139045
270638	0.006796433098
270669	0.002612955195
270783	0.005393332176
270865	0.0005058450586
270963	0.00323350494
271047	0.003163343366
271194	0.003412860289
271266	0.0001093507683
271278	0.004597142366
271393	0.0022906523
271465	0.001948853762
271472	0.00832946854
271502	0.0004472359152
271727	0.002578947888
271865	0.005007956944
271887	0.0001554728518
271958	0.001088741733
272284	1.081025116e-07
272361	0.001995101316
272496	0.0006876858495
272556	0.004386617324
272821	0.002807366311
272855	0.0008670970091
272876	0.0001776149847
273027	0.008472172326
273139	0.0009398981441
273203	0.0002500535447
273206	0.0001006721299
273274	0.004771796602
273340	0.001580035563
273395	0.007225964682
273552	0.001560464818
273787	0.004305985458
274057	0.00134098412
274123	0.0011154931
274176	7.671766862e-08
274407	0.0003674971327
274485	0.001251053115
274536	0.003061693511
274574	0.007505726615
274604	0.0005244534561
274798	5.485219202e-05
275041	0.004387882906
275103	0.004286491618
275224	0.003674947604
275525	0.001441702768
275549	0.001761860768
275568	0.002433936588
275637	0.003047023695
275641	0.000535003194
275727	0.0004016568115
275880	0.005675345947
276111	0.0001173901651
276157	7.306845316e-05
276182	0.004568789736
276189	0.00337510325
276262	0.0006480427842
276268	0.009934298781
276278	6.806773009e-08
276340	0.008971256191
276438	0.003099236807
276465	0.0007784486104
276466	0.00400253133
276554	0.002744559835
276677	0.002174675205
277110	0.001536006199
277134	0.0008983155084
277222	0.0001569270329
277261	0.009000151255
277304	0.0007155714846
277310	0.001304687098
277317	0.0008306117439
277439	0.001989039781
277577	0.003478460061
277617	0.001087350484
277636	0.0001879849346
277679	0.001176022908
277761	0.008584134422
277816	0.004686912827
278244	0.0007928440952
278263	2.203816875e-05
278475	0.001087762152
278627	0.004960880258
278644	0.006496496378
278862	0.005711617682
279296	0.002102327951
279303	0.0007984759137
279469	0.001135408361
279594	0.002187145598
279709	0.001607606666
279713	0.004052505853
279745	0.0002079593875
279746	0.007135911279
279770	0.007716606421
279808	0.0008154621762
279905	0.001822239965
279979	0.0003330624475
280023	0.01582895509
280049	0.004525963916
280162	0.006852662152
280210	0.001043722869
280337	0.006060752698
280568	0.005354024929
280697	0.001604443752
280981	0.00134063041
281324	2.426862796e-05
281407	0.0001389381999
281546	0.007015949831
281558	0.002172619781
281648	0.0001026482213
281713	0.0006195577006
281753	0.00361478617
281777	0.002380666157
281868	0.000128747055
281911	2.329532997e-07
281920	0.004410890476
281998	0.0099172859
282006	0.004363208746
282064	0.0004220850464
282092	0.00482984206
282097	0.001031147958
282100	0.002630328326
282101	0.002635094348
282103	0.001258913374
282118	0.001854857484
282205	0.0001574929026
282220	0.0001200365757
282283	0.01347659051
282468	0.0008420440519
282565	0.001028579229
282665	0.001084456528
282774	0.002333786848
282851	0.0005759072722
282918	0.001729913799
283203	0.01287478405
283434	0.0005069537224
283868	0.0008749922995
283876	0.0007365401834
283969	0.002269419382
284144	0.001859150597
284149	0.0008518014468
284161	0.002193951021
284279	3.973976339e-05
284598	0.003690197496
284679	0.00173456116
284737	0.002946064024
284834	0.002885059988
284957	0.001369945732
285101	0.0001158047156
285151	0.001235760015
285206	0.004696896063
285207	0.003413271979
285251	0.001820948815
285295	0.0007037560819
285399	0.003767672312
285515	0.01423446721
285516	0.01186053132
285532	0.00826864849
285614	0.007031258327
285626	0.0006482472667
285739	0.0002521431348
285873	0.005030816323
286070	0.001416986277
286280	0.0009684871484
286289	0.001178658268
286354	0.0006101866281
286375	0.001804301677
286571	0.008801160864
286659	0.001027323396
286813	0.0007099905537
287026	0.002916091096
287217	0.0001359361735
287514	0.003350680506
287563	0.00186431188
287624	0.0004774160077
287787	0.0006158096703
287984	0.004318440483
288180	0.001748828127
288187	0.001298362139
288326	0.005091447925
288475	1.073469798e-06
288556	0.001659301578
288673	0.001224536923
288701	0.006074698746
289081	0.001727069485
289122	0.001390487356
289170	0.001275717545
289409	0.003068680472
289444	0.006788738845
289454	0.0001522359862
289501	0.0003145755988
289595	0.0007894236706
289738	0.0008933522072
289796	0.0007360524588
290020	0.004311773668
290023	0.003477022025
290032	0.0001127479383
290094	0.001538411174
290283	0.00422332187
290356	0.0001167351101
290401	9.465282324e-05
290464	0.0008574638642
290826	0.0008231560687
290848	0.001439573191
290874	0.0004451627606
290911	0.001531482233
291179	0.00325375403
291181	0.001214032996
291389	0.001860289035
291440	0.004245378817
291645	0.0003651046982
291739	0.00413799492
291843	0.0001230998321
291911	9.871262941e-05
292380	0.0007222542514
292402	0.001393330474
292452	0.002031651274
292654	0.00026213495
292803	0.001809549275
293045	0.009658030796
293048	0.001729386656
293057	0.002325432676
293148	0.003533746608
293212	0.004029834309
293523	0.0006307837359
293529	0.001373917648
293595	0.0006742452788
293871	0.00100127339
293878	0.003048441348
294082	0.003065861631
294348	0.003056602291
294494	0.001009321082
294588	0.0008557430546
294609	0.003941652241
294668	0.00351964422
294723	0.00362926616
294907	0.000842783907
294985	0.002493587094
295284	0.001226885957
295285	0.002904215165
295515	0.01595903405
295572	0.001264482461
295629	0.005066391604
295695	0.002274619875
295855	0.001104700993
295898	0.000395698232
295933	0.001388404495
296081	0.002822760934
296143	0.0006144349387
296174	0.003548090655
296520	0.006321021867
296758	0.0006140655707
296824	0.0002491344269
297068	0.0009682459957
297073	0.002573659542
297118	0.003047096454
297155	0.0007690987512
297198	0.008385123347
297221	0.0004393537679
297320	0.004868685081
297700	0.00357839618
297712	0.007467151003
297759	0.005762624427
297767	0.007169953576
297784	0.00118259626
297830	0.002355935451
298108	0.001565939219
298253	0.0006231230827
298260	0.004192483488
298487	0.001641817112
298511	0.006241557906
298528	0.002093954023
298564	0.007925261865
298663	0.0001901573481
298679	0.003669988332
298944	0.001709749009
298960	0.002684770871
299225	0.007411750043
299338	0.0009860455531
299364	0.0002498545833
299374	0.0004110105291
299400	0.004232756031
299521	0.0003712767629
299537	0.001387513183
299553	0.004191780609
299557	0.002670258162
299636	0.002024480144
299681	0.001733992728
299752	0.0009197356423
299862	0.0008805981829
299910	0.001943279474
300028	0.001240191487
300142	0.002039430861
300174	0.00260069245
300276	0.001678938373
300340	0.00696208617
300378	0.001126561653
300387	0.003247569453
300444	0.00286183337
300445	0.003883224434
300642	0.002469325377
300806	0.0004618731097
300924	0.01764250554
300944	0.0004629456382
301059	0.0006992276306
301088	0.00745309129
301113	0.0007065662302
301202	0.0009078721771
301529	0.009889567617
301608	0.003801246563
301628	0.00221080006
301876	0.00125811764
301904	0.003200194357
301945	0.005686701758
301991	0.007666672567
302039	0.003451807052
302074	0.001224341876
302284	0.002062294095
302490	8.45454255e-05
302499	0.0003942795307
302681	0.002634740558
302693	0.01182183296
302719	0.0004703926154
303202	0.01551140117
303218	0.0005884723681
303253	0.001143282721
303349	0.002687218959
303423	0.001536361031
303510	0.002021788691
303605	0.009826404912
303640	0.009247790625
303684	0.002193026949
304071	0.005733558484
304074	0.009728510799
304143	0.0001466409378
304187	0.0006623718934
304214	7.826353459e-05
304225	0.0005971949558
304306	0.001060830908
304315	0.00193847025
304330	0.01174914503
304333	0.002668056822
304335	0.01059653103
304463	0.002628517773
304621	0.001350286463
304652	0.001282942225
304914	0.00167357971
305004	0.003146571828
305071	0.003508029178
305207	0.00402914897
305366	0.004457246599
305610	0.0008638010933
305634	0.0008437859616
305672	0.000200397511
305712	1.14074157e-05
305719	0.0009664774524
305733	0.003389963179
305919	5.60816449e-05
305934	0.0001312597878
305970	0.0006475866623
306094	0.0006575143591
306119	0.0006625886389
306153	2.810179834e-05
306167	0.0009352088015
306196	0.001078627197
306292	0.0007252574177
306319	0.0004841179406
306493	0.009430252252
306549	2.628199175e-05
306624	0.009934032476
306742	0.001322546419
306818	0.02662392336
306853	0.001997575813
306881	0.00064757996
306967	0.0003910467798
307059	0.00117494178
307103	0.002160570067
307118	0.01459947479
307121	0.01344633389
307186	0.0002765336988
307339	0.001487575811
307351	0.01511015302
307497	0.005970823931
307641	0.0005911424284
307950	0.004223054226
308058	0.002180883234
308085	0.002734891136
308111	0.0007307635735
308275	4.639139007e-05
308316	0.007308092181
308345	0.007195578509
308443	0.001143929029
308556	0.002989749095
308657	0.004747385777
308919	0.01172731252
308983	0.001937443591
309058	0.002762328175
309206	0.0005489050038
309268	0.00131217637
309418	0.0003648000194
309606	0.009209937484
309626	0.001327367816
309696	0.001498600905
309777	0.002669617129
309942	0.01423731215
310190	0.004200728751
310202	0.0002461536021
310228	0.004829029225
310232	0.003049834132
310235	0.003611192775
310283	0.002319053634
310458	0.00109111684
310460	0.0007217170901
310699	0.0008072682349
310850	0.0003338978432
310976	0.003181115034
310986	0.0001663524122
311309	0.007254825971
311334	0.002216528145
311361	0.000450611646
311379	0.006654768104
311428	0.002398113939
311481	0.0001399133505
311512	0.001724550105
311714	0.001600106678
311766	0.003974847181
311956	0.01451263608
312068	0.001746256385
312186	0.005347833295
312412	0.001481115459
312838	0.0004789150891
313054	4.809535651e-07
313200	0.0009439196543
313280	7.150975295e-05
313362	0.003444701263
313509	0.01099929323
313526	0.002472201419
313558	0.002484837088
313597	0.0004278469122
313598	0.0001361494864
313647	0.0009382295228
313765	0.001949142145
313787	0.000935885644
313858	0.000832262578
314143	0.0002740788034
314204	0.000285717477
314268	0.001765630061
314379	0.005939388716
314407	0.001636666461
314635	0.001503051412
314755	0.003752720652
315201	0.0002906318668
315210	0.001817890842
315364	0.007579226871
315507	0.002343828137
315603	0.002003735545
315659	0.0001953140283
315751	0.002211241143
315881	0.007972517951
315918	0.01019287128
316001	0.002016302706
316146	0.006883775111
316220	0.001212919407
316230	0.00308314723
316355	4.946278582e-05
316382	0.001166240918
316384	0.004988832596
316406	0.009942761349
316436	0.001484890836
316460	0.003702990716
316487	0.009395129391
316689	0.0006486112821
316810	0.0008372242306
316882	0.0005433934024
316978	8.170008188e-05
317104	0.0007081851603
317108	0.0003753603633
317141	0.001716395281
317228	0.001379179043
317239	0.001089206247
317357	0.001531185923
317499	0.01041595718
317607	6.643257515e-05
317762	0.0007097990011
317784	0.001028235943
317847	0.004965986349
318045	0.0007130983466
318273	0.00217725783
318371	0.002163002427
318480	0.001939420402
318488	0.0001723003645
318604	0.002390421567
318808	0.0002850127955
318950	0.000321647952
318954	9.563002718e-05
319005	0.0004252896057
319025	0.01786124043
319032	0.001436176696
319055	0.001985236155
319125	0.0007189518295
319372	0.0007023928759
319623	0.001439087646
319842	0.001456990519
319960	0.00047355276
320041	0.0008717448658
320227	0.002082109628
320392	0.0001913530144
320403	0.004674621132
320440	0.003219643927
320686	0.002306580721
320715	8.279268507e-05
321009	0.001909743469
321160	0.005930294922
321183	0.02504171321
321263	0.0001902712562
321513	0.01657778314
321556	0.0009518602881
321646	0.0007520850403
321657	0.003337246019
321674	0.02154439184
321677	0.0007146051175
321747	0.0009140629492
321800	0.01205495625
321904	0.006951084873
321933	0.003557793362
322031	0.006732082242
322122	0.002175140122
322270	0.001264157154
322290	0.003732821995
322387	0.003817623641
322427	0.0007708049719
322480	0.01775354244
322517	0.003122862553
322543	0.004021168131
322633	0.005005577825
322940	0.003438481081
322967	0.001210557952
323150	0.001592144855
323197	0.001013447182
323223	0.001307413021
323277	0.007431110272
323355	0.0158110269
323386	0.0009081643215
323430	0.0007286398188
323559	0.0003035851302
323575	0.0003625412011
323610	0.01179906275
323639	0.0007649900125
323685	0.001045423723
323850	0.002631112119
324012	0.0009797825128
324080	0.003982226695
324161	0.001524217159
324177	0.0004366507666
324266	0.002517589883
324267	0.002188426681
324415	0.002763549715
324569	0.002569463697
324677	0.001465933455
324704	0.001253190015
324878	0.003881830065
324915	0.002543288416
324976	0.001622570952
325071	0.001497709078
325075	7.791999865e-07
325095	0.0006141541037
325135	0.0145533954
325161	0.001200322364
325321	0.02686697662
325588	0.001317584232
325654	0.01721615612
325728	0.01277121611
325854	0.0009499542075
325989	0.01498004655
326110	0.004133326017
326236	0.0009289711969
326353	0.006054302447
326413	0.003008771488
326446	0.001221106285
326550	0.004070217379
326597	0.001327836376
326663	8.660027039e-05
326689	0.002329329897
326695	0.002190704699
326824	0.003312700452
326866	0.0004410560463
326872	0.007211176805
326964	3.193142408e-05
327068	0.004266292048
327084	0.001588377659
327366	0.001202480639
327391	0.007172651708
327421	0.01580522516
327443	0.01200883754
327471	0.001978902696
327557	0.0007143071172
327669	0.001375643335
327686	0.001952047464
327691	0.0001707361146
327733	0.0006163299772
327766	0.00951188772
327802	0.0007934100026
327818	0.0005214501474
327846	0.003064457684
327991	0.004629098704
327995	0.01336327146
328009	0.01610718113
328028	0.009630775336
328047	0.008140659578
328160	0.006833339088
328492	0.003074519156
328667	0.001932224183
328727	0.002531001979
328906	7.535769363e-05
328914	0.0002318666236
328915	0.000564480733
329014	0.001080096086
329061	0.002723868819
329130	0.004822146991
329156	0.0001079697656
329216	0.007579196481
329273	0.00144697191
329357	0.002286179862
329495	0.006731168745
329712	0.007781694385
329931	0.0007587705174
329944	0.0002462353881
329969	0.001424211457
330000	0.005514037179
330139	0.0144100722
330178	0.0006810206359
330240	0.006480445196
330339	0.0105892667
330381	0.001290119449
330453	0.0004137325575
330514	0.0009145482528
330531	0.005706799079
330585	0.002523210735
330750	0.001053140648
330807	0.001356148803
330809	0.001073377922
330842	0.0006771194173
330845	0.0003217241289
330993	0.0001218205147
331041	0.001049413351
331053	0.005033443471
331057	0.002932312377
331134	0.005685580764
331206	0.008044753548
331415	1.164063673e-05
331507	0.003473382721
331782	0.0002249938879
331998	0.001327265539
332080	0.0006881758711
332411	0.008615237498
332633	0.0001365961824
332873	0.02046464787
332954	0.003407843096
333193	0.0001068983113
333453	0.01252014131
333715	0.0007611896705
333953	0.0006136173534
334008	0.001676700574
334154	0.0005764965464
334190	0.003933564349
334270	0.002739975173
334317	0.008014035425
334318	0.01000010865
334614	0.00174843967
334626	0.004169156304
334657	0.001512016119
334725	0.0005076325426
334763	0.00579664399
334847	0.01559233132
334861	0.007381002316
334863	0.007953324529
334865	0.004587276668
335098	0.002620802552
335119	0.001815319413
335221	0.001727255511
335245	5.538517253e-05
335315	0.00350897772
335377	0.005668317279
335433	0.001718852274
335455	0.002807699508
335484	0.0003586399676
335746	0.0007858075051
335807	0.001033398933
335906	0.0007371240954
336226	0.01856972507
336391	0.0003911462031
336543	0.001653577132
336581	0.002929845263
336588	0.01077901146
336645	0.001088845944
336732	0.005352716998
336756	0.001090716877
336833	0.003134949247
337022	0.003825367091
337291	0.0005268578385
337389	0.0009963767947
337411	0.001176492507
337500	0.001239281069
337529	0.0003416301907
337537	0.001544718149
337682	0.001234464627
337780	3.085221742e-05
337794	0.0006732803376
337814	0.004786456137
337836	0.002104568064
337856	0.006849323698
337920	0.01717967632
338094	0.00468135168
338102	0.0009493753708
338143	0.0001041915741
338292	0.0006681617404
338308	0.004593830071
338362	0.003214192073
338423	0.004496370288
338452	0.002453716206
338473	0.007246463531
338839	0.001309538857
338878	0.0006538972702
339020	5.480666416e-06
339123	0.0005942791178
339203	0.000884661951
339331	0.003037362479
339473	0.0001596980752
339585	0.005735991352
339604	0.003116690068
339628	0.0001894364437
339789	0.007135443712
340003	0.003828943688
340009	0.01355316291
340016	0.004192097714
340201	0.004861670088
340363	0.006439941503
340408	0.001002725837
340445	8.148832212e-05
340510	0.0006683868953
340567	0.006493078248
340595	0.002158928815
340781	0.001823302029
340904	0.003408502183
340954	0.002107545532
340962	0.001579526974
341062	0.004675196774
341089	0.001837884819
341264	0.02576052491
341281	0.002174860026
341437	0.004919131291
341537	0.001793684586
341833	0.002141120146
341837	0.005923267301
341915	0.002992076068
342011	0.00196274394
342050	0.00469244786
342179	0.004652254335
342209	0.003473018624
342393	0.004965281428
342422	0.0005762432791
342434	0.001922361279
342446	0.001034700587
342449	0.004744008795
342474	0.006112993881
342599	0.001828163836
342945	0.0005171170606
342957	0.0008921039036
343000	0.0009243453076
343018	0.0005551197509
343047	0.008413816672
343079	1.80119685e-07
343090	0.004828435152
343096	0.005087276863
343319	0.0112113792
343583	0.005354901107
343592	0.002917779308
343677	0.002527141501
343684	0.001467876972
343721	0.002902132087
343791	0.001122183455
343821	0.0003083630143
343842	0.00686101365
344271	0.006221484424
344320	0.005192802258
344328	0.001041901559
344440	0.002676535491
344442	0.006962904388
344707	0.0005610507788
344761	0.001295765082
344836	0.003716612572
344837	7.237722688e-05
345103	0.001920727292
345145	0.0005002369093
345304	0.004401661084
345325	0.000111439087
345390	0.002107218839
345491	0.0009679144329
345567	0.0003735370813
345688	0.003436382934
345731	0.00358365468
345778	0.005597491684
345948	0.001042975014
346074	0.008816879043
346300	0.00194554544
346586	0.001086187816
346654	0.0006456591529
346829	0.0003710279873
346840	0.001243132691
347131	0.003223264905
347209	0.001827176904
347312	0.0006031643385
347463	0.002008914361
347476	0.0006941320172
347489	0.004731066199
347689	0.003765440973
347716	0.000202848429
347770	0.0004597670034
347810	0.002339625976
347909	0.002422347421
347957	0.011145656
348002	0.01471444664
348069	0.000212652923
348203	0.0005636682609
348290	0.0006761697075
348415	0.01236738872
348471	0.0003802992606
348495	0.006518026453
348547	0.001426602551
348638	0.005213741019
348651	0.002367205878
348695	0.004317407574
348830	0.001230950077
348855	0.009838375402
348916	0.0002411407491
349044	0.004320452688
349116	0.001564858282
349134	0.002596163161
349146	0.00611937664
349202	0.004083992398
349303	0.00665592396
349365	0.001373871512
349553	0.0002926669188
349566	0.005214644317
349601	0.001329828107
349724	0.003342577915
349874	0.01454728914
349971	0.0007061970427
350134	0.001061164591
350323	6.469220227e-05
350396	0.001657189397
350399	0.0003736913204
350439	0.001695112315
350454	0.0023946567
350512	0.01371505085
350535	0.0007449366726
350692	0.003020761714
350783	0.0007786962273
350904	0.01140059994
350939	0.003940834121
350963	0.01410112679
350992	0.001651209272
351100	0.01296971978
351112	0.003461108497
351199	0.001981327358
351262	9.288671675e-07
351458	9.503397839e-05
351490	0.001531574274
351666	0.002024035636
351852	0.001182478641
351937	0.006575346344
352228	0.007424714807
352265	0.001589212454
352270	0.00114616529
352318	0.008319527123
352420	0.002044199997
352643	0.002882210192
352677	0.002570518575
352733	0.002268630267
353011	0.00219187588
353383	0.001100684498
353626	0.002025299821
353851	0.0007595184644
353982	0.00394692929
354038	0.01170052352
354206	0.01027834909
354220	0.0004022343722
354347	0.002866562848
354499	0.007576833393
354847	0.001116752886
355127	0.0004547336363
355243	0.01173671271
355448	0.002289668502
355537	0.001166190024
355551	0.002688941847
355560	0.01341394605
355564	0.003375214764
355622	0.0004441523602
355687	0.01376146227
355805	0.002870954987
356075	0.003034861084
356100	0.005296576223
356163	0.001536250541
356187	0.001029057133
356416	0.000565619809
356448	0.002986591483
356765	0.00220328185
356884	0.0128924069
356979	0.002341820508
356987	0.0008293341458
357024	0.003991305274
357036	0.004489454366
357091	0.002584328172
357111	0.0004019436874
357283	0.02028138796
357336	0.0007568490567
357587	0.005407395691
357686	0.001997835574
358077	0.005207567549
358084	0.001419528423
358212	0.001170950023
358232	0.001388695364
358278	0.003328209819
358367	0.001744186439
358387	0.005063035221
358470	0.005983749709
358599	0.0008217999724
358715	0.001188469222
358814	0.009820758739
359135	0.002518387601
359190	0.001973258003
359358	0.002247176858
359390	0.00113750863
359403	0.004164449356
359458	0.002814944212
359481	0.000296014853
359561	0.0009271066595
359611	0.00157964797
359629	0.001331438667
359743	0.002036586971
359756	0.00147632859
359767	0.001433347667
360056	0.003345634645
360113	0.00258675973
360162	0.001903466671
360196	0.001503825662
360405	0.001080537161
360416	0.0002981394867
360839	0.003198698084
360972	0.000898082301
361213	0.01102628456
361261	0.0008873752055
361463	0.007550974365
361544	0.008300306969
361578	0
361581	0.0002492060621
361599	0.010091145
361754	0.0005282635088
361759	0.007386839705
361797	0.001679118939
361815	0.002455885415
361931	0.009963857774
361984	0.001397627131
362069	0.002507771238
362077	0.0005777136724
362331	0.001009044731
362337	0.007031707153
362361	0.001037101808
362446	0.01890534843
362447	0.009959647966
362491	0.001515372793
362603	0.001565571354
362643	0.007524184998
362744	0.001483873243
362746	0.0002801199565
362849	0.0004751168299
362939	0.002365384567
363142	0.005292866858
363329	0.001228948352
363333	0.000759269348
363468	0.001452835653
363498	0.001177414587
363635	0.004638176712
363840	0.0003993901293
363885	0.0003390505993
363899	0.005523884454
363906	0.00915725155
363907	0.00177604769
363982	0.001087593438
364030	0.00270765384
364205	0.01966601012
364324	0.001287105294
364541	0.002652204517
364679	0.0008805523507
364728	0.002135868044
364827	0.01756404541
364871	0.002233506107
364916	0.003665684664
364939	0.007661783936
364969	0.0005307969746
365058	1.156847951e-07
365074	0.0005856156975
365121	0.002336846779
365236	0.000582013086
365327	0.001524157135
365508	0.003296004126
365685	0.003043622746
365909	0.0007937837271
365995	0.00242892148
365998	0.0002483301498
366136	0.000887940567
366191	0.002360050235
366356	0.00612609955
366478	0.007806776876
366498	0.0001895477292
366604	0.002009209409
366642	0.003906433135
366695	0.003256075233
366696	0.008406851528
366769	0.0002198852982
366825	0.002112728015
366908	0.0005626394975
367004	0.00218265717
367008	0.002457182065
367072	0.003226302869
367079	0.00278531526
367100	3.159333967e-08
367239	3.029477867e-05
367648	0.01116554559
367961	0.001045264761
368037	0.0008652445058
368100	0.0003423115199
368105	0.004619557386
368300	8.047669287e-05
368475	0.002099500013
368544	0.004812192254
368585	8.268532438e-05
368615	0.004876726023
368621	0.001047878866
368653	0.002793627992
368855	0.003329367411
369025	0.011175754
369111	0.002540934157
369313	0.003831215508
369341	0.001357011813
369365	0.006524244913
369450	0.002674149826
369532	0.003376570183
369662	0.002630159668
369663	0.0009725173825
369682	0.01417070167
369757	0.004483225142
369788	0.0001414982637
369803	0.0005419848433
369968	0.001840669502
369983	0.0001365318824
370104	0.0006499147831
370109	0.001224742707
370129	0.001564579178
370131	0.0004169754263
370147	0.006960744788
370163	0.0003215622062
370429	0.002615026459
370435	0.0007095765084
370445	0.001167384166
370567	0.003776055749
370757	0.006666124999
370767	0.003865397094
370786	0.001392705408
370833	2.174570927e-07
370974	0.0006792464558
371020	0.0003575411638
371069	0.001986280016
371095	0.0005697677486
371203	0.008768833776
371215	0.002097399451
371259	0.001025774313
371284	0.0002286709449
371373	0.002693920823
371390	0.003563009479
371417	0.02609368926
371566	0.005445570965
371610	0.000109685768
371611	0.004414369469
371643	0.001059745769
371666	0.0025452542
371676	0.006522134866
371723	0.0002992412377
371852	0.002030822053
371943	0.0003863918524
372052	1.609846504e-07
372135	0.005214547994
372277	0.01202468737
372327	0.0001008162134
372408	0.001183488391
372460	0.0005943765043
372580	3.690153129e-05
372604	0.001115106249
372666	0.001396732832
372709	0.01114784149
372760	0.0004825967955
372813	0.0109974618
372818	0.001587684269
372836	0.0001894746515
372871	0.0003080038535
372891	0.001267380291
372918	0.001300536191
372963	0.0001067278969
373174	0.01948874783
373240	0.0004767626049
373404	0.0004340025445
373420	0.003615282571
373467	0.0004769900047
373484	0.0001908057013
373567	0.0002092182915
373629	0.0005669454657
373927	0.002656412225
374022	0.004599737126
374042	0.0008372630707
374062	0.001165625661
374178	0.003328151571
374292	0.002156838589
374342	0.002309235615
374458	0.007537499255
374516	0.003891632483
374522	0.003865574598
374598	0.002764160165
374616	0.001170774992
374904	0.003778067181
374944	0.0005561899748
374952	0.001102556761
374992	3.710763003e-05
375059	0.0002816904852
375167	6.380200947e-08
375425	0.006612380362
375463	0.001915794056
375500	0.006122621754
375683	0.001656147285
375711	0.001778509485
375721	0.0007718637669
375855	0.003355132731
375934	0.0006826963458
376128	0.003389556389
376142	0.001136411865
376198	0.007701775654
376226	0.007395288824
376339	0.001342445614
376353	0.009456403442
376535	0.00175103075
376826	0.0006598617176
376894	0.0007773947169
377044	0.004775161155
377189	0.001091767908
377350	0.002522511829
377401	0.001135291838
377410	0.002508452467
377814	0.0005956218029
377818	0.001293836266
377896	0.002701015353
377917	0.005699954737
377919	0.005301158548
377926	0.001770976214
377940	0.008677901288
378253	0.002005589036
378286	0.003392619791
378415	0.001038209189
378551	0.0004645715081
378907	0.002683836879
379073	0.0002633178229
379225	0.002265211016
379227	0.0004910089483
379269	0.004504072093
379318	0.003429533281
379338	0.0006719346996
379402	0.001743424654
379449	0.0004425715865
379629	0.02507870645
379682	4.409426736e-05
379832	0.005184461613
379834	0.001557917051
379836	3.448622375e-07
379890	0.0001841260334
379905	4.506499393e-07
379988	0.0005889753686
380033	0.006166391532
380074	0.004107344896
380086	0.005269524665
380177	0.001015307974
380353	9.76231847e-06
380455	0.0001495922686
380475	0.01530138403
380630	0.001570158036
380978	0.01791312859
380983	0.007874621138
381080	0.001213582337
381126	0.0009091259155
381281	0.003323582765
381309	0.005711082474
381420	0.001081755858
381441	8.966371167e-05
381491	0.001531184366
381496	0.003623757932
381650	0.0003855446417
381818	0.0006212702817
381833	7.726408869e-05
381846	0.001420341045
381963	0.006897341146
382033	0.002906994499
382065	0.003477228979
382186	0.001326778424
382281	0.01055469566
382404	0.0003497288562
382495	0.002054497665
382537	0.0003195358928
382665	3.011180832e-05
382684	0.002336324394
382762	0.006168955697
382796	0.0002975021838
382801	0.0006235069865
382867	0.005294409724
382971	0.001113834116
382977	0.001283388055
383038	0.002719456957
383176	0.00186704437
383202	0.007079927083
383272	0.01428409816
383285	0.002716864625
383359	0.0002214533646
383412	0.001633632071
383499	0.004561821304
383847	0.001938651809
383881	0.0004891782248
383938	0.00341872858
383942	0.007047426909
384023	0.0008816520138
384203	0.002068726808
384220	0.00509054707
384395	0.004407083479
384540	0.002365785793
384575	0.004019852697
384637	0.009941525621
384802	0.002471901688
384850	0.0109146023
384900	0.01336465402
384982	0.001946736492
384996	0.002714912924
385257	0.009868815057
385273	0.0009042203208
385286	0.0007089370693
385734	0.0007065913537
385895	0.0007681659307
385990	4.970799857e-05
386095	0.0006221145177
386149	0.006981102675
386392	0.00157352346
386415	0.0002310974071
386527	0.0122591717
386648	0.001837042886
386803	0.002230807773
387015	0.001650924179
387113	0.002444646656
387128	0.0008542208395
387136	0.002194538392
387412	0.002588317639
387435	0.01732584484
387541	0.001152590217
387630	0.008844639199
387809	0.0009322012752
387841	0.001001287047
387919	0.00109753714
387920	0.001129839978
388012	0.005524559458
388034	0.004923081518
388091	0.01150623378
388165	0.0006533887548
388220	0.001184135547
388244	0.00128727928
388293	0.001825686243
388403	0.008350445813
388414	0.0004732904622
388419	4.739760655e-05
388595	0.001278746695
388606	0.002115915377
388734	0.002054600088
388745	0.002036927647
388748	0.001682526701
388868	0.00176647452
388937	1.596121947e-07
389275	0.0009285367752
389560	0.002016502527
389649	0.002342264863
389673	0.001069997556
389746	0.00120789334
389782	0.0004676816505
389798	0.01329761326
389907	0.006015718121
389908	0.001357010056
389938	0.001909002639
390148	8.77513643e-05
390273	5.377673949e-05
390388	0.0003559647069
390414	0.004633907559
390417	0.0005579444523
390454	0.001992545138
390713	0.001221418546
390882	0.001683457028
391006	0.0137337229
391071	0.003703469424
391115	0.01533976084
391134	0.0007658229403
391147	0.002339123819
391175	0.001675110963
391197	0.003629512825
391222	0.005183582052
391526	0.003103842586
391712	0.008061128798
391799	0.0004520219745
391821	0.003549564591
392015	0.001142845529
392022	0.006080434706
392171	0.001090829734
392185	0.0005106526295
392204	0.0008087540418
392227	0.0006215923745
392252	0.002025008156
392286	0.0005825351739
392318	0.002080849629
392340	0.004380418536
392393	0.0026067612
392420	0.001253955295
392471	0.001336506292
392508	0.004817044543
392511	0.00106180998
392566	0.007879910863
392663	0.009864318257
392750	0.005872085014
392868	0.002535520396
392921	0.001750448542
392995	0.001265731137
393009	0.00397679597
393017	0.00287449401
393030	0.002301609545
393031	0.004425511719
393215	0.009693571946
393283	0.007577648946
393375	0.000474095196
393442	0.001673544632
393460	0.0002572279638
393483	0.0001592928623
393536	0.001160651091
393568	0.0007234396086
393661	0.0002081358775
393798	0.006011471466
393809	0.0008599447422
393852	0.001364091696
393872	0.002155561318
393934	0.001491536849
394034	0.005669376247
394332	1.553565222e-05
394396	0.002302779378
394462	0.002504195745
394464	0.003306740363
394487	0.002308424885
394522	0.000154661148
394535	0.001336554967
394562	0.001052213918
394602	0.001319833668
394642	2.578724822e-05
394656	5.368496702e-05
394684	0.0003754822246
394815	0.006774227863
394857	0.01044693092
394896	0.001287963567
394963	0.001020716509
394965	0.001444288685
394968	0.004794824459
395004	0.003495190148
395032	0.003396293043
395118	0.001611356097
395150	0.0115436213
395190	0.002370438124
395220	0.007320060683
395248	0.004368589787
395338	0.01055922338
395461	0.003067051314
395558	0.001466600634
395573	0.005181474976
395735	0.007637368128
395756	0.001259293526
395785	0.000655737967
395813	0.0013622222
396256	0.001705240798
396263	0.0001523436891
396394	0.007780405654
396427	0.001188204372
396442	0.0006007546531
396453	3.849496913e-05
396505	0.005548018846
396529	0.00459770345
396536	0.005196685608
396547	0.00153977867
396555	0.008557226227
396697	0.01302322816
396803	0.0003577295452
396824	0.000982886883
397157	0.0003809898786
397299	0.004273741206
397346	0.001049088237
397471	0.003096092229
397494	0.001578708175
397614	0.0005385879056
397659	0.001452173084
397743	0.001034260776
397772	0.001856745399
398025	0.001273338958
398122	0.000278367362
398261	0.01603245226
398315	0.0124154942
398534	0.01360513984
398631	0.02678066611
398746	0.002473124727
398870	0.002898525157
398886	0.0005671467513
399118	0.002456486339
399159	0.006120550394
399233	0.003500761706
399290	0.002263991268
399373	0.006888946234
399423	0.002381479327
399433	0.001277106011
399461	0.004883586652
399498	0.000820039076
399556	0.0001548263418
399579	0.002727264933
399593	0.002105379548
399611	0.001410837239
399634	0.00109588426
399671	0.007806424849
399682	0.0072069403
399955	0.0007788032104
400132	0.0005860089325
400166	0.002177199955
400255	0.003506771327
400325	0.0101121417
400345	0.0005654368996
400556	0.00216902578
400564	0.01000617151
400591	0.002340588173
400603	0.01176453527
400646	0.001468083369
400812	0.004360839569
400847	0.01156113772
400943	0.003827756124
400961	0.001484706001
401001	0.00228825949
401025	0.003149471279
401047	0.0007549196872
401111	7.216784244e-05
401166	0.002172317476
401208	0.0009032054165
401213	0.002621560366
401259	0.02010394692
401332	0.0007391262642
401337	0.00124993063
401431	0.008171414328
401436	0.01113191037
401487	0.0002874558823
401558	0.002189797216
401626	0.0002494485897
401661	0.0005750448708
401666	0.002257976427
401788	0.001733576105
401839	0.004220859533
401939	0.006658878879
402017	0.008542593878
402021	0.007235766078
402047	0.002304030907
402119	0.008526464267
402241	0.00441061281
402539	0.0006301539964
402640	0.0006928427552
402693	0.001829030473
402844	0.01303437782
403008	0.003474038244
403029	0.002069600889
403255	0.001994283076
403298	0.001725712006
403331	0.0006200425497
403337	8.242695855e-05
403418	0.002574288589
403453	0.0001095763085
403867	4.103048606e-05
403939	0.00577957459
403946	0.001051748429
403958	0.0002428637609
403965	0.0005182703891
403995	0.00408897808
404166	0.006393598454
404219	0.003372600168
404406	0.0002486129719
404481	0.0169776792
404605	0.01804866988
404729	0.00339182786
404778	0.003962714966
404979	0.005103623531
405023	0.0001656321741
405160	0.02037922086
405164	0.003451652652
405290	0.008112286283
405355	0.002895206685
405358	0.003332990427
405377	0.004615442489
405440	0.000773871559
405500	0.01833574365
405521	0.003333082327
405562	0.005497267843
405762	0.0007355449194
405924	0.005201910327
405928	0.0002141419232
406229	0.0005401892618
406239	4.601559649e-05
406287	0.01126563957
406362	0.007640050908
406398	0.003808132896
406464	8.354644397e-08
406487	0.001642132554
406495	0.0005221226738
406584	0.0007897097487
406749	0.003864046649
406910	0.013870658
406917	0.009196069938
406927	0.002284881247
406988	0.0006710875453
407096	0.001312535501
407155	0.00389576405
407293	0.0004477170421
407346	0.00148633657
407414	0.001433048921
407432	0.002466252916
407452	0.0001156046398
407527	0.000240438328
407672	0.0003242513659
407860	0.005364602999
407872	0.001223056614
407877	0.003263628993
408014	0.008968539573
408018	0.0104629735
408038	0.0006254607921
408114	0.003692587435
408273	9.027792315e-05
408312	0.006598692098
408397	0.004232569021
408513	0.0003650438017
408592	0.002650919177
408595	0.0135145919
408598	0.005822648771
408700	0.01312296499
408727	0.0006888116177
408761	0.001020668056
408926	0.006013704716
408957	0.0004394862912
409024	2.22895271e-07
409096	0.0004505126297
409125	0.004173428433
409131	3.012305848e-06
409620	0.0007822708577
409639	0.0008741198519
409871	0.001373069255
409985	0.007427976918
410015	0.0003813631835
410041	0.001542116347
410089	0.001580677432
410155	0.000379853163
410163	0.004076566673
410283	0.003081092108
410311	0.00543284202
410625	0.0002781560951
410635	0.005713427772
410675	0.01471596881
410686	0.0002518772158
410951	0.01659493376
411137	0.0001460661539
411169	0.003993767798
411207	0.01061886287
411293	0.0004760090051
411310	0.005507107618
411403	0.003182382412
411526	0.0001806989485
411637	0.007529542224
411640	0.006520831899
411730	0.001015514098
411833	0.004463301716
411884	0.01339815868
411959	0.0009857478851
412067	0.003118219047
412292	0.0006624689248
412315	0.002645596361
412332	0.0005685205894
412501	0.009286459574
412502	0.01194863551
412623	0.001555296042
412624	0.0001408740924
412748	0.0008840361103
412772	0.009234774236
412775	1.235351763e-07
412813	0.003889942613
412827	0.003780781966
412845	0.00296612451
412879	0.0006681345249
413050	0.0009401487513
413060	0.001343303739
413183	0.0002050514747
413379	0.008754003098
413403	0.0006650079426
413598	0.006629819821
413636	0.009548650997
413685	0.001978516451
413692	0.01281570317
413697	0.006682603022
413800	0.002663069493
413830	0.01324854296
413958	0.0148689571
414230	0.001017712817
414317	0.008009860865
414333	0.0002631758966
414362	0.001217610649
414745	0.002053506671
415024	0.003901456398
415036	0.009964790358
415085	0.001877362919
415167	0.0018365479
415319	0.002774033617
415377	0.0006310546761
415423	0.002380769309
415522	0.001119739174
415547	0.0002696733066
415619	0.005314909318
415622	0.009834474893
415654	0.002414349865
415781	0.00246990069
415834	0.00606664822
415848	0.0002695992239
415889	0.001373250891
416054	0.002219724626
416113	0.01255085708
416135	0.002056506541
416225	0.001360832984
416270	0.0005616780973
416639	0.01353770725
416674	0.000665875803
416785	0.01692416726
416923	0.0008574951428
416985	0.001553123351
417030	0.000487192048
417274	0.0002023969631
417389	0.01161867727
417496	0.00213739602
417596	0.006863210252
417613	0.005547588553
417712	0.003999693463
417757	0.001184668174
417950	0.001676967596
417963	0.003864952615
418017	0.0005687772715
418046	0.001150207986
418192	0.005735765866
418200	0.00216820795
418226	0.0009103997033
418276	0.002025486026
418290	3.127913655e-07
418473	0.0006153934796
418511	0.003278208235
418537	0.001247915556
418607	0.001893011124
418661	0.01136288957
418734	0.001094508993
418747	0.005383927435
418785	0.002280441819
418854	0.002953870692
419024	0.0003704152788
419159	0.000409933366
419186	0.004992253431
419240	0.008718643591
419248	0.000952956723
419286	0.0005178867564
419287	0.002286933879
419342	0.005702691068
419370	0.001821565868
419389	0.01248055953
419468	0.003218372233
419599	0.0005099595661
419613	0.001868579333
419727	0.0006590624963
419753	0.002333701296
419812	0.001846610334
419837	0.001835004446
419982	0.0002238671559
420030	0.005859321217
420133	0.001549736281
420164	0.002224336571
420237	0.00639354043
420321	0.0009058936279
420451	0.001312110191
420613	0.01018071287
420708	0.0001322128452
420771	0.0004919091104
420985	0.002935282301
420988	0.0009762606285
421156	0.0004505891201
421224	0.002992126586
421431	0.0007078275287
421496	0.001313037554
421509	0.002892025866
421533	0.001026235877
421584	0.0009524969654
421663	0.002092098865
421838	0.009071630669
421859	0.009291300444
421868	2.665422939e-07
422241	0.01244840114
422442	0.002491177922
422535	0.0004861364959
422549	0.004398561842
422578	0.001884916671
422647	0.002450500053
422787	5.405768524e-05
422991	0.002533931809
423026	0.0005785306071
423027	0.0004391429327
423139	0.0005519105933
423633	0.01279770309
423637	0.004299971827
423642	0.0009663728407
423714	0.005043631001
423742	0.003863055483
423753	0.002505146893
423772	0.002122043343
423916	0.01131148042
423950	0.001792868854
424020	0.003087830974
424120	0.004376698986
424169	0.0001455534399
424210	0.003285319984
424427	0.00672903437
424555	0.0022172779
424633	2.807807052e-05
424668	0.003827764537
424675	0.005494555535
424687	0.002885890704
424717	0.007303218796
424875	0.002167484642
424995	0.007469541953
425075	0.0009787864743
425209	0.009198243196
425415	0.003756754617
425676	0.001473870394
425721	0.004056531247
425818	0.002878260287
426015	0.0002283139217
426105	0.005789906966
426151	0.002220554563
426205	0.003144704089
426268	0.0022201289
426324	0.003505853714
426352	0.007563837153
426429	4.067144506e-05
426431	0.0009338598896
426568	0.0003717975468
426799	0.0005272585507
426813	0.0005854942398
426852	0.008753884056
426877	0.000631411952
426934	0.01547088121
427053	0.009153975696
427248	0.009135255004
427364	0.00227741789
427402	0.001302120101
427451	0.0001718678546
427501	0.0009625892888
427507	0.002635314459
427515	0.006398901371
427517	0.0003784950918
427596	0.01022322402
427683	0.00233819212
427708	0.004172513912
427773	0.0002408562773
427890	0.003922730892
427957	0.000701080956
428114	0.001790901404
428125	0.01412179979
428193	0.005521287108
428251	0.001424437757
428304	0.007416192865
428306	0.0005203308502
428335	0.004099458666
428448	0.0007322502219
428474	0.01705323764
428579	0.0007061743188
428591	0.0002281097158
428627	0.000192700271
428715	0.002496642202
428821	0.006373699729
428838	0.003708788855
429015	0.00338085509
429137	0.002866645043
429212	0.001276464918
429288	0.002956233746
429297	0.000354016438
429622	0.0008589288323
430004	0.0002112467695
430163	0.0008564644968
430194	0.004212932736
430254	1.465854829e-07
430291	0.00406392966
430413	0.0004962951683
430801	0.002487772277
430858	0.002409480514
430894	0.0008072312491
430977	0.0008086662117
431006	0.00531035045
431197	0.0004018501769
431209	0.009293602963
431410	0.003385841288
431640	0.001520170635
431658	0.0002517617394
431662	0.01067690222
431726	0.004235840857
431755	0.001510830288
431859	0.0006197462591
431932	0.01612591566
431941	5.40104827e-05
431999	0.008408721435
432077	0.004879870741
432267	0.003786384971
432344	0.001371593051
432377	0.002487571186
432383	0.01195827097
432622	0.003418999898
432673	0.002467631467
432733	0.008568120278
432791	0.006066477645
432851	0.004816903668
432899	0.00161715182
432902	0.001316027053
433030	0.003921036272
433120	0.002771015614
433202	0.002688725116
433444	0.01704023868
433466	0.001866683227
433596	0.0006457940081
433610	0.0009689306416
433665	0.01115762453
433695	0.003072970518
433773	0.001275130387
433943	0.001264779132
433969	2.094206955e-07
434065	0.0001670012058
434171	0.01115204621
434179	0.001655901168
434332	0.0003546536688
434409	0.001461671785
434723	0.004962193103
434885	0.0007700204968
434975	0.001105175429
434980	0.001854841964
435046	0.0003901943096
435203	8.491625952e-05
435305	0.0006386259611
435459	0.002308268812
435469	0.001101036353
435511	0.004081315977
435512	0.00407177429
435610	0.001331643976
435712	0.003269931046
435777	0.0006196411458
435831	0.001308033712
435890	0.001881903218
436009	0.004224993251
436055	0.001390958682
436073	0.0004257868111
436145	0.001454748523
436198	0.003361488994
436314	0.0153042983
436342	0.0009107175133
436664	0.006019393678
436786	0.0001230788566
436792	0.001591741829
436796	0.001534122038
436814	0.005859029392
436894	0.01251127644
436900	0.01509854528
436912	0.0035639424
436963	0.01023342221
437033	5.970282544e-05
437037	0.004389579461
437043	0.007611280286
437176	0.001056419411
437274	0.0005222613258
437425	0.005277066585
437474	0.00168249353
437475	0.005163532263
437530	0.002177920927
437755	0.001969213492
437830	0.01180015822
437862	0.0006364411427
437865	0.0004676138186
437892	0.0008647018478
437982	0.001633508934
438017	0.0001992572931
438198	0.001295671992
438202	0.00404651645
438408	0.005002648818
438550	0.008322162917
438864	0.001759680166
439239	0.003928674708
439290	0.002269061135
439396	0.002450799543
439414	0.003207362749
439467	0.0005299099331
439474	0.0110996167
439492	0.02126531744
439857	0.001056766635
439871	0.0002566358465
439875	0.0006505144319
440019	0.0008908857178
440097	0.0007225267789
440218	0.001977752102
440231	0.002962209006
440262	0.001409380305
440266	0.001982489681
440307	0.002417709011
440439	0.00510153722
440454	0.0009842240303
440497	0.0003713918706
440815	0.004545880261
440877	0.001207232241
440939	0.0008636859746
441118	0.005394136787
441208	0.01177752784
441320	0.0007674908585
441503	0.001519853908
441688	0.00222235989
441736	0.001478624804
441808	0.02041892911
441888	0.001183145818
441895	0.002040757138
442174	0.0003426206798
442185	0.0008874460214
442284	9.4523038e-08
442399	0.002743996945
442412	0.000989495623
442424	0.0004225541645
442466	0.0007709814248
442494	7.667048561e-05
442672	0.0004362385235
442755	0.003026225507
442897	0.006369510963
443174	0.0001208390561
443183	0.002226319779
443212	0.001900830865
443361	0.01035784877
443500	0.008731147688
443573	0.001693674429
443752	0.005458587422
444098	0.00249714829
444206	0.0003622289517
444467	0.001883611056
444547	0.001005560355
444570	0.0004894318115
444655	0.0006842942135
444665	0.0001850637971
444722	0.0001103280935
444733	0.009378828246
444850	0.001336644883
444851	0.005194104646
444855	0.0007431179106
444985	0.00295390095
445131	0.003072662899
445191	0.001365752333
445234	0.001011970306
445252	0.001554300525
445288	0.0004390966431
445428	0.009764541157
445584	0.003691551564
445809	0.006410522148
445946	0.001362703727
446006	0.001025288268
446018	0.0006014289337
446346	0.001530122437
446459	0.003321017174
446476	0.004112061255
446555	2.512241421e-08
446579	0.0003041430933
446604	0.0009292276324
446618	0.003040420938
446630	0.001652776722
446666	0.0006950267081
446748	0.001654870453
446789	0.003686885771
446927	0.009307613021
446967	0.001679556993
446988	0.0007938469005
447124	0.004713320911
447142	0.001691823409
447214	0.002307898954
447650	2.737797343e-05
447725	0.001370888603
447749	0.0003045338035
447773	0.001814930516
447968	0.004228411571
448034	0.002876016772
448142	0.01499606894
448196	0.001637544227
448390	9.814761185e-05
448391	0.004590802083
448743	0.001125380738
448758	0.00681811529
448760	0.01741063055
448805	0.004469596517
448820	0.002520706071
448920	0.002756625465
448938	0.006207673798
449003	0.003725556885
449115	0.001681544514
449133	0.006242957997
449172	0.01602631441
449316	0.001636040923
449383	0.001580771159
449572	0.007594443088
449611	0.002732950203
449766	0.006226267504
449820	0.001680485255
449863	0.009715508073
449886	0.001022709744
450038	0.003690389413
450083	0.006499957219
450160	0.0005977909902
450235	0.001423449493
450360	0.001626002187
450395	0.003610669701
450498	0.0005469369598
450504	0.0004410357628
450557	0.01253070285
450590	0.003690923846
450630	0.01671292043
450691	0.001413505981
450714	2.428085344e-07
450773	0.009046662593
450870	0.003170789947
450916	0.01570505195
451039	0.003365430447
451063	0.006123375894
451100	0.009274921749
451200	0.006691009253
451249	0.01536659151
451271	0.002706410628
451473	0.005686745736
451539	0.001450386446
451586	0.003868049586
451591	0.01420166452
451629	0.002375919732
451689	0.002633268017
451830	0.008144446161
451862	0.001485400585
451918	0.0004228089092
452087	0.001058436962
452096	1.041161905e-07
452109	0.0003125681411
452171	0.002138179374
452248	0.003119623028
452270	0.006304146163
452273	0.0008077297896
452284	0.003781590502
452387	0.0118507499
452417	0.002045557627
452496	0.002255533614
452704	0.001416501581
452799	0.006014458736
452953	0.001775679985
452993	0.01597920759
453065	0.00132694865
453083	0.0001669753019
453192	0.001934686914
453280	0.01961937246
453337	0.006884342236
453384	0.006892941589
453472	0.001167261095
453484	0.01122854522
453780	0.005592832554
453844	0.002319316615
453967	0.0146246835
453979	0.006063146985
454081	0.001141088758
454148	0.01727449932
454223	2.983722357e-07
454271	0.004919794658
454278	0.002956860389
454290	0.002034624916
454318	0.004367609884
454651	0.00166876734
454682	0.002372285317
454751	0.0002297541191
454913	0.003077642924
455002	0.0004468679896
455088	0.0001825162123
455179	0.007015939036
455193	0.0004945371328
455252	7.888860256e-05
455323	0.0004158210224
455458	0.007666182269
455477	0.003518786025
455514	0.007774351421
455597	0.004634038025
455776	0.0002890092897
455782	0.002681983983
455877	0.002943262417
455881	0.004096877572
455926	0.0004645617497
456080	0.002145953025
456120	0.002273669622
456178	0.001174748277
456194	0.004209494901
456374	0.0007584434474
456529	0.002094819837
456604	0.0007669763573
456612	0.0007311636256
456628	0.0007409777363
456636	2.357908104e-07
456712	0.003571067667
456725	0.001004725493
456743	0.005097498537
456769	0.0004962220701
456785	1.787503569e-07
456957	0.004142222007
456965	0.001114240611
456984	0.001787888071
457101	0.002960371095
457158	0.001745314093
457502	0.002284936728
457520	0.001309264724
457587	0.005153723368
457630	2.028248003e-05
457661	0.01598691656
457760	0.0003776244561
457778	0.01066437447
457791	0.002480180701
457800	0.005998833581
457859	0.002888042165
458153	1.169334214e-07
458177	0.00127218325
458191	0.003062683538
458348	0.001553054488
458437	0.0003848597886
458501	0.002871868398
458661	0.002522211455
458827	0.00826895459
458880	0.004314102457
458903	0.003920108617
459035	0.004112349092
459082	0.001869400307
459269	0.001247393718
459348	0.01412062463
459372	0.001945229868
459466	0.002764611059
459535	0.001133774283
459612	0.0002547690161
459637	0.001199017558
459701	0.0003007945886
459714	0.003269697997
459719	0.003088251876
460142	0.005396278656
460157	0.001990371898
460287	0.0002993400928
460383	0.0003818957438
460394	0.0002760642319
460559	0.004081567422
460611	0.005833808092
460690	0.0003687965711
460817	0.000581098096
461038	0.01332724816
461069	0.0008616395094
461103	4.819757507e-05
461165	9.302886518e-05
461219	0.002060717995
461447	0.005051279186
461538	0.006068248462
461706	0.0002424183804
461828	0.007328866949
461839	0.0004477721602
461905	0.006041009932
462025	0.0007309738009
462026	0.0001649933416
462062	0.002620418955
462070	0.002526775943
462095	0.005030726988
462183	0.001119205409
462288	0.02077227194
462303	0.0005869101555
462313	0.008136663762
462383	0.0194547009
462515	0.002402409579
462657	0.001071270397
462937	0.001614406461
463040	0.00314469955
463048	0.002799717028
463192	0.001737934995
463238	0.004221335257
463248	7.183938018e-05
463336	0.01181708121
463414	0.00175088544
463584	0.0003977476426
463781	0.01145054659
463851	0.004360828581
463962	0.002274508505
464019	0.0006193400654
464049	0.008011673483
464104	0.00102831024
464147	0.00060106145
464190	0.0009271248436
464449	0.002448544683
464511	0.008632403485
464563	0.0005261252123
464570	0.003483975955
464611	0.001914940451
464698	0.003497389238
464700	0.0004078261193
464722	0.002795133339
464758	0.004903852493
464783	0.0008930634423
464848	0.004410456042
465004	0.001005661514
465033	0.005659414046
465067	0.002466940259
465143	0.003885577722
465226	0.001139759027
465498	0.001262337272
465585	0.0008983542258
465679	0.01499313686
465682	0.003114451103
465691	0.01153231616
465726	0.00304739282
465991	0.0005179203893
466047	0.0009591147031
466106	0.001397828509
466141	0.005643072323
466237	0.001812967181
466280	0.009722258133
466370	0.001077117133
466454	0.0009539029862
466593	9.692820323e-05
466726	0.003418303152
466805	0.001918172517
466857	0.005788798826
466958	0.0007093108226
467185	1.155865242e-06
467190	0.01214722836
467199	0.01360414725
467320	0.0001029728671
467347	0.0003049860275
467430	0.0003972295562
467458	0.0008296821303
467486	0.006062552637
467794	0.0118540852
467981	0.0002019604759
468009	0.001109031074
468208	0.005591090706
468270	0.0009803361052
468330	0.003046522828
468365	0.01769668018
468588	0.004161519413
468673	0.0145737672
468913	0.001346810092
468963	7.534632288e-05
469039	0.01288138643
469193	0.010641071
469255	0.01042934512
469378	0.01288176939
469568	0.00176073973
469569	0.00823243126
469655	0.003808252155
469807	0.00322706065
469815	1.796633288e-07
469817	2.093534557e-07
469890	0.002286443409
469908	0.0004054321167
469986	0.001533214806
470014	0.002087404608
470032	0.0002710793272
470113	0.0004235471082
470218	0.00243565633
470394	0.007891145044
470439	0.00195954204
470611	0.008561670201
470692	0.01179201624
471027	0.0007732671891
471109	0.001149233124
471518	0.001422533273
471632	0.002187997734
471832	0.0008343375851
471917	0.001235260496
471925	0.005590967771
471973	0.003913060262
472064	0.0001470823012
472121	0.0003373679524
472316	0.005779926622
472363	0.000851422486
472512	0.006104931735
472533	0.00556365716
472786	0.002718161391
472918	0.001325167935
472919	0.0002727226358
473030	0.001861827422
473073	0.001639683816
473171	0.003336689174
473247	0.004140213343
473302	0.005007889984
473526	0.01344879254
473772	0.000331900319
473823	0.00133641079
473944	0.003583732369
474146	0.009797317861
474210	0.00584984222
474452	0.003198756075
474487	0.01342873744
474534	0.003494356847
474692	0.002133925151
474700	0.0190893352
474767	0.01742537868
475048	0.0005313367783
475113	0.0003355041206
475116	0.002373674318
475159	0.0009707900041
475251	0.0007690187899
475479	0.008693703395
475512	0.01892859849
475659	0.0001914355945
475687	0.00370181022
475704	0.002136222125
475779	0.004366006787
475918	0.0002021749374
475972	0.0005798186201
476086	4.968859094e-08
476133	0.0005629467281
476446	0.006824529388
476480	0.004089298375
476634	0.009871172081
476884	0.00491096216
476975	0.0006652645722
477059	0.01771374412
477073	3.355745576e-07
477164	0.0005154651467
477301	0.006397767051
477323	0.0008306109188
477328	0.002593302697
477414	0.001476107015
477664	0.0003420210788
477666	0.004978453683
477689	0.000924010569
478000	0.003040767369
478020	0.007564434692
478190	0.007946187714
478366	0.0001112490399
478388	0.01223546468
478465	0.0006386043746
478506	0.002599392708
478536	0.0006136791862
478582	8.622995157e-05
478853	0.006792927945
478854	0.002832215279
478902	0.0007235159429
478960	0.00301735828
479023	0.003143630672
479108	0.002228491181
479126	0.001756615596
479136	0.009851548015
479156	0.003505015911
479307	0.004701686728
479366	0.0001705464717
479369	0.002798543783
479624	0.001235708127
479695	0.0005784078243
479760	0.0009296642406
479762	0.000149491419
479841	0.007433737923
480248	0.004651287235
480277	0.0003613505881
480410	0.004558365542
480463	0.008012508204
480651	0.001498701576
480719	0.0001270729126
480762	0.0006874366558
480865	0.0008427921297
480869	0.001399333774
480897	0.005386430795
480957	0.001690939775
481070	0.007989828049
481077	0.001611986663
481242	0.002744684029
481405	0.009596888355
481541	0.004590174493
481629	0.001238520297
481669	2.249996806e-07
481735	0.004471340814
481827	0.02850495208
481856	0.002151269197
481900	0.0003102332145
482092	1.635216404e-07
482173	0.002372883337
482231	0.001136947982
482285	0.000566593876
482320	0.004885321562
482333	0.01015689436
482365	0.0008499506461
482410	0.001061949361
482469	0.009815730576
482688	0.01057214724
482791	0.002416330283
482804	0.02501338215
482841	0.00172991138
482881	0.002199471649
482978	0.0009134069785
483107	0.0006519907443
483151	0.002059287223
483195	0.002487734851
483212	0.008579825532
483236	0.001409699374
483393	0.0006198628625
483462	0.0008872503694
483652	0.001149141058
483827	0.01079855105
483854	9.334735957e-06
483981	0.002711012649
483996	0.0001355357389
484100	0.003644428919
484101	0.01599236581
484117	0.003764814413
484170	0.003612151382
484331	0.001124376917
484374	0.003465195868
484440	0.0003546700007
484599	0.000615670475
484611	0.00835403754
484624	0.001080024318
484632	0.001538649654
484745	0.002181902799
484847	0.0006580638989
484960	0.004100789947
485136	0.01290712881
485196	0.001581745176
485310	0.0111456166
485324	0.0005558790844
485331	0.0001885249688
485803	0.00225486326
485911	0.007735339144
486019	7.67086493e-05
486049	0.0004916442089
486085	0.009238486978
486226	0.000758723038
486227	0.001057201449
486322	0.003848632347
486365	0.01967686872
486404	0.005447419241
486418	0.00367856656
486538	0.004456949386
486635	0.002478162733
486704	0.008773800463
486843	0.005153413254
486972	0.001078802217
487123	0.008777744695
487427	0.0004743874435
487596	0.008707913859
487615	0.001426951977
487637	0.0009598499118
487764	0.007476889975
487798	0.005464490481
487858	0.0007073993457
487875	0.0005634273778
488041	0.0007600920678
488162	0.003094460763
488164	0.001002586343
488208	0.007033100506
488226	0.01135186805
488299	0.002604583635
488392	0.001765737658
488417	0.00677553608
488463	0.002093937277
488564	0.0008577909636
488633	0.005379149508
488653	0.001566229646
488674	0.0009866537014
488743	0.00149467575
488900	0.001694240056
488920	0.002506921104
488961	0.003096088461
489169	0.0003013237449
489202	0.004606492101
489246	0.006020643366
489333	0.007907464244
489348	0.001898759369
489377	0.001250554854
489473	0.0003309587766
489505	0.002930251755
489627	0.01084727961
489669	0.001342089669
489698	0.0005786589761
489854	0.007287605287
489894	0.001225484132
489962	0.003585950886
490035	0.004035670737
490086	0.01925395875
490181	0.00424479167
490392	0.002252323247
490503	0.000552896457
490523	0.002398174413
490528	2.655866832e-07
490973	0.0003574615048
490974	0.007869481487
490995	0.0005993615904
491007	0.002212898958
491226	0.0006587014816
491300	0.01577573198
491404	0.008446291238
491714	0.0009125535703
491717	0.0005758436352
491726	0.0001792371738
491727	0.0007752191896
491811	0.006571411839
491922	0.001615459616
492010	0.002537396164
492159	0.004566610984
492160	0.006469851569
492188	0.0009833408635
492266	0.00248149939
492371	0.002953496147
492607	0.01351029417
492731	0.002843234628
492893	0.002085470542
492918	0.00309031527
493024	0.0004450871284
493203	0.0006233821306
493644	0.002477983475
493692	0.001027187859
493719	0.01336352216
493915	0.007469091898
493949	0.008907410881
494064	0.001834428187
494115	0.0003727567624
494133	0.01068705787
494407	0.008607801697
494445	0.01242098856
494450	0.0002676672854
494534	0.02637446334
494544	0.0166232948
494572	0.005279508171
494597	0.0009061220742
494721	0.0003898784608
494826	0.01173927929
494968	0.0003701639439
495475	0.006446621996
495559	0.001227326984
495609	1.141997707e-07
495639	0.009143123213
495657	0.001884813651
495710	0.002161716924
495749	0.004204600844
495755	0.006794002944
495772	0.0001980185198
495867	0.004343383213
495875	0.01256538955
495988	0.01150526239
496051	0.0005717500306
496155	0.0116762258
496347	0.001572554758
496372	0.002950160159
496541	0.002195186468
496647	0.00253128287
496720	0.008150376646
496805	0.003592527893
496810	0.00360913181
496823	0.00221210261
497045	0.000212803756
497190	0.0004673330406
497371	0.001095970137
497596	0.003742413658
497693	0.00065354961
497697	0.00796861199
497909	0.003101946862
498019	0.001013072799
498020	0.0007555017529
498083	0.001416198877
498178	0.005410492711
498559	0.001157769745
498594	0.009699555856
498607	0.003863373035
498846	0.001875744455
498869	0.003687827603
498893	0.004857857982
499004	0.002386062715
499058	0.003429467595
499079	0.0001481914556
499134	0.002100041344
499156	0.002906705205
499168	0.0004991513958
499197	0.002761931599
499259	0.004280394677
499292	0.006242030225
499343	0.001788807881
499370	0.001521431771
499398	0.01220648157
499420	0.006506438908
499442	0.0006680834697
499466	0.001406395752
499567	0.001660463806
499631	0.000458629424
499668	0.002165611992
499827	0.0008820947599
500039	0.0003544058569
500052	0.001503524135
500068	0.001760123769
500100	0.002533699505
500167	0.03031987704
500222	0.001073287457
500230	0.0007416355451
500328	0.007628398013
500360	0.000359631562
500476	0.01527247509
500550	0.001021199621
500700	0.004171738657
500867	0.008267631222
500902	0.0002161367882
501016	0.001445802562
501056	0.0007282909539
501140	0.001069429381
501413	0.0001616123139
501461	0.01556519766
501827	0.003047219589
502067	0.0007131396273
502185	0.0009602406363
502543	0.001346750944
502549	0.004511133579
502560	0.0006743637826
502565	0.0006352812333
502664	0.003674926622
502715	0.006282974333
502730	0.002250005553
502918	0.007496936135
502977	0.0003260873127
503019	0.002400060242
503057	8.645382419e-06
503086	0.001345310335
503203	0.004685524829
503217	0.002919091676
503264	0.001894327994
503394	0.0008582403778
503451	0.009204377928
503535	0.0008461572709
503652	3.227269068e-05
503706	0.005442178357
503713	0.008008557358
503716	0.003693975558
503835	0.01593134311
503933	0.01199071636
503946	0.003825580071
504006	0.0008372242627
504315	3.025081255e-05
504347	0.004404258891
504380	4.226856074e-05
504424	0.002861084881
504508	0.008521250229
504564	9.696871418e-08
504660	0.0001969721331
504754	0.004454882121
504799	0.001334149904
504807	0.0006269818421
504980	0.004365323797
504999	0.0006526531229
505204	0.001937551538
505232	0.03481760489
505387	0.01082763864
505432	0.0003452726678
505841	0.01706502671
505853	0.007411969219
505953	0.004795078677
505962	0.001596002263
506011	0.00117994736
506149	0.004584107174
506237	0.003497682789
506246	0.01545038129
506570	0.01647668106
506656	0.003840585424
506869	0.005403506625
507161	0.002271510675
507394	0.01254831651
507433	0.00292867779
507606	0.0112465967
507625	7.509610405e-05
507858	0.01364382565
507865	0.0003281334043
507871	0.009634022374
507934	0.002699358868
507947	0.002290041222
507957	0.01209233461
507963	0.008512399943
508050	0.001882023267
508303	2.755376677e-07
508319	0.004038936603
508325	0.0005889886781
508524	0.00670060523
508526	0.002666403969
508545	0.0100178492
508676	0.002262317139
508698	0.001944398219
508728	0.005131705308
508814	0.007959239053
508850	0.005997222335
509125	0.0003795917986
509168	9.90654102e-06
509175	0.001361374822
509231	0.005895393613
509249	0.0001215126795
509261	1.69904614e-05
509358	0.00258481949
509541	0.001732154542
509594	0.0001482968337
509837	0.001593871164
509876	0.00120376323
510021	0.001231406951
510066	0.002136784127
510155	0.00128784258
510320	0.0007181470901
510327	9.19047454e-08
510347	0.0001480974125
510398	0.0001962266437
510440	0.001447343562
510457	0.0001891237084
510468	5.299189419e-05
510531	0.0002906447232
510573	0.001434897043
510683	0.01360807044
510689	0.0086836254
510832	0.002212203174
510938	0.001304264881
510986	0.003599468349
511036	0.0002776817659
511231	0.001110228306
511489	0.003010956236
511521	0.0003654096944
511650	0.001075415595
512093	0.00070733439
512124	0.01259798644
512215	0.003043695301
512240	0.001393370006
512314	0.0003657593296
512454	0.01756247025
512591	0.001306086955
512599	0.0009433706355
512611	0.003607927895
512638	0.001541253739
512711	0.002554437639
512957	0.0003485422886
512974	0.01010054834
513055	0.02002823215
513102	0.0003925616678
513144	0.003078511977
513342	0.02038921792
513349	0.003637527043
513429	0.007733497802
513447	0.003567911022
513557	0.01056576006
513581	4.760264537e-05
513598	0.004143420835
513874	0.007020008975
513953	0.01024271047
514081	0.001336863632
514169	0.001326569369
514206	0.003708161461
514326	0.004053522473
514338	0.005706424008
514505	0.001725297754
514525	0.001150000528
514549	0.004522710262
514564	0.02305104782
514589	0.001258699469
514601	0.0004817174966
514647	0.001682597992
514662	0.01651003317
514669	0.003428614427
514713	0.001116796762
514832	0.0006031457869
514869	0.006774800209
515064	0.004421584424
515168	0.0005974032775
515182	0.01059855365
515276	0.0008841313228
515400	0.01693181967
515528	0.0006295285094
515716	0.0007341600459
515932	0.001486855504
515981	8.612075865e-08
516055	0.003475495447
516123	0.005147123589
516258	0.002452555469
516423	1.320869424e-07
516431	0.009653031676
516472	0.001205622022
516510	3.692683749e-05
516581	0.00166991874
516720	0.001534306097
516736	0.002779716236
516764	1.463031258e-07
516852	0.002477149414
517038	0.005135042457
517061	0.01235649478
517126	0.006947912088
517169	0.002184881964
517286	0.01764225958
517326	0.008154242808
517376	0.003387393321
517418	0.001173872795
517436	0.009862587897
517442	0.002428923806
517558	0.0007709763272
517578	0.01224601922
517594	0.001368023997
517726	0.0009592453634
517869	0.006603098603
518076	0.006951899092
518133	0.002972596056
518230	0.0004986104344
518471	0.0003459156682
518503	0.004909148937
518571	0.01346417067
518660	0.008831559061
518695	0.005619396797
518748	0.00223930154
519092	0.001671953781
519174	0.01388139713
519208	0.004919269265
519242	0.0006500737442
519384	0.007980474305
519429	0.01132373052
519482	0.004133571365
519531	0.0005443931368
519557	0.002280480237
519641	0.001522045213
519693	0.003592513968
519745	0.005146732978
519983	0.004643560104
520177	0.00106196487
520179	0.003062260645
520338	0.008692787982
520389	0.004700291656
520662	0.0008923638419
520718	7.33905436e-05
520885	0.005561552113
520998	0.003190570388
521024	0.002965083146
521032	0.0004780779391
521115	0.0009308194542
521159	0.01264010377
521277	0.0001637381519
521445	0.001506399295
521650	0.009244930563
521707	0.001004338727
521847	0.008008441772
521877	0.000804582134
521922	0.003690795552
521987	0.008627750447
521989	0.004887271547
522050	0.001285935063
522102	0.006910338221
522115	0.001491513158
522365	0.0004421809265
522399	0.004513363738
522453	0.0008334672455
522484	0.006244190178
522769	0.01369406322
522802	0.002815805001
522839	0.001242931028
522860	0.0005436223525
522933	0.004775670007
523014	0.003002834828
523072	0.00366232527
523173	0.0007733780604
523187	0.01136849065
523485	0.01142799348
523513	0.004080017052
523584	0.0007582070474
523608	0.0006923087178
523702	0.001153206825
523715	0.006397174693
523787	0.006910040159
523791	0.01124256028
523822	0.00363404276
523853	0.001384838564
524171	0.003416610485
524207	0.005129811192
524299	0.002935538402
524397	0.0001687119789
524780	0.001104847299
524793	0.004976882882
524893	0.0003278196071
524938	0.001355578427
524993	0.008820206119
525157	0.003065774946
525337	0.003170964322
525375	0.009335300829
525561	0.0001736579981
526013	0.0008207497845
526055	0.001821768693
526105	0.0002706412524
526154	0.0001258676476
526253	0.005304490588
526269	6.574919077e-06
526316	0.0003958741472
526472	0.003437407314
526543	0.002877029649
526674	2.003249966e-05
526772	0.0007898038537
526840	0.003885766425
526850	0.006713167928
526883	0.0005867507479
526925	0.008187921734
527178	0.01316776928
527216	0.0002151702098
527227	0.004994741351
527231	0.009682378282
527258	0.002514984792
527314	8.310044139e-05
527502	0.002115259748
527668	0.006097201786
527674	0.005647141347
527677	0.001799892277
527704	0.000162055416
527706	0.0009802063742
527817	3.149008066e-07
527899	0.0001461093371
528024	0.01121013677
528031	0.003367513143
528232	0.001158610252
528604	0.001830442225
528642	1.418268194e-08
528652	0.001683130176
528795	0.004779453527
528863	0.00144781457
528913	0.0076379372
528942	0.0032411188
529057	0.003262749608
529098	0.01251351216
529100	0.00201207655
529181	0.01026510503
529242	0.001702222632
529286	0.02804719753
529382	7.164086953e-07
529561	0.009424124091
529576	0.006542234108
529604	0.003040031731
529730	0.001664530265
529843	0.003593893457
529880	0.003503568353
529931	0.003482669531
529990	0.001187491171
529998	0.001292951515
530083	0.00981953738
530105	0.001385703753
530127	0.003102258414
530175	0.0006926271056
530367	0.0002801814189
530428	0.0102409962
530439	0.01173375566
530452	0.008523838836
530457	0.01195482113
530492	0.0004252273059
530616	0.001096420689
530676	0.001133681215
530724	0.002077100978
531008	0.005873863001
531295	0.000515209539
531349	0.0006117437235
531351	0.01664277877
531378	0.006335776126
531381	0.002401521022
531401	0.004966813046
531569	0.002573358007
531764	0.00217089531
532040	0.03379551363
532138	0.002800642425
532229	0.001343752943
532337	0.002456980546
532404	0.000711568378
532437	0.0007870279292
532442	0.0001622863324
532493	0.001727561766
532651	0.001951611883
532687	0.004515965396
532839	0.004930334473
532847	0.004281021701
533002	0.009979338999
533183	0.003147168955
533206	0.002704071482
533462	0.002617075687
533481	0.009352590243
533650	3.566941817e-05
533652	0.0003381208388
533756	0.003503353906
533760	0.007308953405
534104	0.00926371634
534209	0.00293874074
534277	0.0002017126749
534372	0.007452518028
534392	0.004935207037
534406	0.005605016803
534505	0.002727219292
534535	0.0003732519519
534631	0.003503317157
534640	0.001208772834
534769	0.01264580057
534832	0.005520623716
534865	0.00098548917
535020	0.001681587282
535085	0.01178386532
535351	0.02597561418
535403	0.002315254051
535405	9.123117542e-05
535411	0.01182678511
535624	0.01384015132
535662	0.002021589643
535747	0.001229627105
535934	0.0120065434
535972	0.000420898561
536162	3.764925514e-07
536227	0.01865818742
536269	0.009992779169
536312	0.008067839099
536323	0.0008500388655
536337	0.000785129838
536347	0.0001392239713
536481	0.01487930447
536607	0.009219213515
536635	0.004670410932
536694	0.001790490733
536724	0.009980596981
536734	0.0009291743875
536778	0.0007091137269
536924	0.01349690145
537030	0.001240863942
537226	0.0001609817266
537287	0.004963919819
537369	0.0004858149989
537492	0.004207903304
537516	0.001436643482
537797	0.004402612512
537824	0.004236737799
537845	0.0007830337721
537856	0.00748440539
537877	0.002043604877
537968	8.599587106e-05
538010	0.0009301581389
538027	0.006087169492
538136	0.0004073922643
538322	0.01569354468
538334	0.0007996863722
538429	5.109549991e-06
538500	0.003317782923
538545	0.0005453608139
538575	0.0008915563011
538784	0.002957145066
538811	0.006003512261
538830	0.006499225941
538842	0.01298721433
538956	0.003330304697
539159	0.0008762664179
539169	0.008911683424
539191	0.009538119224
539275	0.0076052277
539384	3.102906124e-05
539669	0.0002896230789
539772	0.001305256098
539774	0.003826256352
539797	0.0008730765415
539858	0.0004415753344
539997	0.005734084717
540088	0.003356716981
540168	0.00160855614
540496	0.0004319408861
540546	0.004030214812
540873	0.001644010103
540888	0.005369971382
540904	0.00585886493
541005	1.066909139e-07
541163	0.005624365732
541198	0.007917727879
541206	0.01314767331
541320	0.02576129187
541361	0.0008586570421
541363	0.001239190655
541454	0.002075806097
541468	0.0006733221861
541574	0.002468551237
541675	0.001507771482
541848	0.01775030045
541944	0.007588645354
542109	0.0001930369636
542252	1.004896587e-07
542377	0.001801870104
542460	0.009305048176
542474	0.005165864708
542513	0.01697178245
542660	9.941000191e-07
542799	0.0004202821383
542863	0.0005339685139
542900	5.505683615e-06
542932	0.008988084869
542966	0.01561499264
543025	8.15478314e-07
543050	0.002036254523
543128	0.0008507983402
543155	0.0007020260255
543396	0.00185024341
543496	0.002945934816
543565	0.003815466748
543629	0.01430192177
543656	0.0006883935736
543812	0.01903950952
543814	0.01310490826
543951	0.004502379876
543986	0.00215411461
544130	0.01460734821
544453	0.001682278492
544529	0.0006575161633
544567	0.0004595265217
544681	0.002760583058
544780	0.003795878931
545001	0.003257084859
545012	0.001501015081
545053	0.0008393879861
545214	0.007133919846
545420	0.0007713380385
545481	0.002549250573
545513	0.003806918831
545602	0.0005742352771
545656	0.002419155521
545674	0.001069756944
545720	0.002153432378
545746	0.0004880779565
545754	0.003255991704
545831	0.00157255598
545879	0.001558356955
545899	0.007946122159
545935	0.003156715523
546043	0.005776072174
546065	0.001378036984
546104	0.002021861623
546265	0.005970072487
546409	0.002378754506
546524	0.00507034139
546775	0.00624071161
546858	0.007130784262
546917	0.01197938569
547049	0.0008555820859
547128	0.002303138152
547210	0.003938309969
547227	0.003814408344
547844	0.02367756069
548135	0.004637555491
548148	0.004681107076
548373	0.001784141992
548399	0.0157559485
548579	0.0001215103057
548757	0.001948083747
548989	0.0009995526361
548991	0.0003978755926
549002	0.001000296214
549042	8.296258553e-08
549093	0.003928718118
549171	0.002041826798
549176	0.001248530941
549270	0.006395834133
549404	0.0008003511988
549454	0.001988501979
549523	0.002174230032
549616	0.001289920531
549808	7.19611592e-05
549966	0.0006383382385
550032	0.001006461592
550104	2.341999039e-05
550313	0.0002375964531
550393	0.002513540468
550426	0.0032921932
550486	0.001320381285
550528	0.0007394221108
550578	0.001969465969
551056	0.0007081055635
551127	0.002535293486
551152	0.003281383497
551357	0.004441038795
551434	0.00391569146
551473	9.806514089e-05
551481	0.004017626821
551507	0.001791714203
551675	0.000719777013
552017	0.004015310379
552137	0.00572600596
552288	0.005585152692
552326	1.85946218e-07
552417	0.005423795751
552616	0.0006345364087
552620	0.006330901212
552628	0.004873392111
552652	0.005045654929
552791	0.009199581473
552822	0.009926067013
552870	0.001818660355
553033	0.004203296945
553035	0.00626512576
553170	0.002418888006
553230	0.003418376839
553286	0.03037176333
553302	0.00684362653
553388	0.001324106353
553390	0.0008529635282
553397	0.001678473946
553689	0.002387603602
553770	0.01128314056
553773	0.01457648553
553887	0.001923571257
553927	0.003212965943
553991	0.0001577590666
554090	0.0007735519389
554427	0.001147038918
554511	0.00726478584
554635	0.00132124171
554871	0.0009525183197
554929	0.003621045179
554992	0.000525239826
555032	0.01320032869
555186	0.0002989251697
555229	0.01074571453
555255	0.0004807046595
555462	0.0001694580519
555491	0.001079773784
555757	0.0006040981735
555841	0.0161262197
556006	0.0006257202265
556033	0.008672176383
556143	0.0008513251824
556210	0.004367953379
556301	0.0003437913165
556393	0.001527765776
556695	0.002720914817
556942	0.001006412732
556958	0.001749746201
557048	0.003512308584
557135	0.003147126602
557142	0.001016153189
557143	0.0003002474705
557196	0.002500761116
557244	0.008907343586
557342	0.01427424889
557620	0.001290878782
557901	0.0004847119025
557960	0.0002290811678
558013	0.002459844335
558028	0.005377021054
558057	0.004749657304
558206	0.004522903206
558343	0.02033590097
558396	0.003302241663
558489	0.004803974814
558808	0.0003442105265
558826	0.01153502046
558920	0.001195447645
558928	0.003554081402
559011	0.005390797079
559103	0.007760570106
559347	9.429508807e-05
559405	0.0002679614015
559408	0.001106470635
559605	0.0006656428044
559675	0.003160461524
559805	0.0032503604
559822	0.0061206381
559931	0.001696327474
560000	0.003039872756
560020	0.0008481538327
560044	0.00273714135
560163	0.009525348989
560575	0.001189600464
560581	2.48844379e-05
560584	0.001366680263
560594	0.003343164303
560617	0.00041386107
560653	0.003574201006
560760	0.009848072537
560851	0.001213495346
560983	0.003581864656
561127	0.00089257811
561189	0.001616758935
561249	0.003971104806
561295	0.00197919051
561324	0.00322754186
561364	0.001792285781
561435	0.003152644463
561603	0.001709727413
561642	0.00246671664
561715	0.00707606411
561738	0.006977106199
561744	0.002883804612
561762	0.003042698547
561822	0.006429577908
561896	0.001724746265
561959	0.003170640669
562013	0.001712134985
562052	0.003438761336
562204	0.01221375727
562238	0.006278204049
562389	0.004144965916
562466	0.001571436852
562568	0.0005007517266
562734	0.0009539030484
562781	0.01833868027
562889	0.001361641429
562980	0.0001413954869
563048	0.0046151747
563157	0.005926398665
563289	0.0004165471107
563371	3.180429103e-07
563373	3.447412142e-08
563380	8.480384198e-07
563484	1.63157711e-06
563770	0.01294223025
563771	0.004650240732
563779	0.007900048519
563823	0.005227437789
563827	0.00353946909
563865	0.001933509539
563928	0.002257506632
564067	0.001986442744
564149	0.002998707165
564185	0.0005873258736
564255	1.160492162e-05
564279	0.004435973843
564282	0.0006128170447
564301	0.005366824037
564433	0.009229949597
564451	0.0047670252
564560	0.0009099325874
564862	0.0001550573611
564971	0.0008641551561
564975	0.000883966397
564982	0.004157725788
564989	0.0141560919
564996	0.01414447345
565070	0.0005302757866
565190	0.004225742652
565282	0.007606310105
565295	0.006418459312
565342	0.002796689479
565439	0.004010612148
565700	0.002192366559
565772	0.002541735747
565821	0.003884977142
565938	0.006017445293
566209	0.002010347997
566282	0.001075925041
566290	0.008113950257
566356	0.001107563989
566427	0.005134537881
566440	0.002447465259
566636	0.01085901635
566741	0.0001854225883
566870	0.001817656517
566947	0.002633935958
567002	0.004221449055
567008	0.0003462055257
567026	0.005955839065
567097	0.0001543575118
567101	0.004036602074
567243	0.01330899723
567292	0.0005105693395
567312	0.0007485573052
567327	0.01080048148
567344	0.0004268484957
567436	0.0001988996221
567447	3.284066028e-05
567497	0.002656745875
567544	0.007309827534
567587	6.019335013e-06
567728	0.003455866563
567947	0.005706742742
567991	0.002783124777
568019	0.0007919165843
568042	0.009395487641
568197	0.001919726969
568335	0.008316935142
568629	0.0003560582763
568664	0.00704829148
568692	0.001505875197
568706	0.001762307748
568720	0.009286647535
568744	1.519536152e-07
568766	0.009422614601
569047	0.002672664698
569178	0.003793843397
569412	0.004851483047
569438	0.0005432236142
569504	0.001411934662
569513	0.001032706022
569740	0.01368761111
569835	0.004112295517
569847	0.004145809158
569950	0.0007502241722
570029	0.0005474241081
570140	0.007849678085
570416	0.005234739049
570446	0.002208748193
570600	0.0004502448481
570612	0.003039748697
570641	0.003276251091
570730	0.0008157286202
570755	0.005646996254
570838	0.0003575406553
570847	0.002341507733
570862	0.0003309274547
571183	0.003882887262
571214	0.00869326321
571279	0.000826858815
571419	0.006533970251
571491	0.0003927829143
571669	0.005488385627
571681	0.01283524229
571752	0.005051525461
571762	0.001142150976
571802	0.00646763705
571855	0.004430617441
571865	0.001914573169
571889	0.00646426488
571980	0.001674895928
571991	0.0002838734138
572042	0.002847361799
572137	0.005135682862
572188	0.002335379459
572320	0.006290751905
572395	0.009638639621
572459	0.002872847074
572670	0.0006790966971
572708	0.009402166284
572710	0.001532186068
572742	0.006024815637
572747	0.003203850803
572851	0.003554602127
572867	0.004825125823
573025	0.007545799826
573044	0.002460010153
573201	0.008627724596
573278	0.01203692682
573388	0.001284685214
573481	9.296809934e-05
573568	0.001548858718
573665	0.005618851184
573683	0.0002582190711
573697	0.001463892219
573991	0.008256858246
574026	0.00394126375
574054	0.003795415517
574068	0.006449657812
574104	0.004321035841
574168	0.01800358434
574482	0.01403011647
574579	0.001339015408
574638	0.002167836266
574644	0.001360838169
574861	0.0001398295605
575018	0.001875126553
575048	0.01140617771
575065	0.0004221581418
575070	0.004682857288
575265	0.002482171413
575270	0.0008671534234
575495	0.001293204855
575539	0.0008744054093
575766	0.005392023121
575898	0.003169596607
575938	0.001378559738
576110	0.008787696776
576159	0.0005674273127
576299	0.001251782528
576302	0.0176070839
576309	0.003319546345
576375	0.0006480501399
576382	1.808994613e-07
576383	1.026064146e-07
576505	0.0006209317105
576617	3.219048833e-07
576636	0.001389294446
576679	0.006203248132
576768	0.001667448965
576802	0.003754640949
577034	0.0001442947466
577072	0.006044275825
577079	0.001532915577
577173	0.001236204098
577317	0.009686118367
577427	0.00346933212
577432	0.004057850327
577470	0.004991771165
577475	0.002501950021
577477	0.008085840796
577516	0.006530977514
577518	0.0001881202843
577871	0.001370917611
577915	1.536756273e-07
578052	0.003044002809
578076	7.630675975e-05
578588	0.005705475638
578625	0.01330997694
578655	0.001657004407
578907	0.002763840587
578918	0.004817610993
579219	0.0003258447409
579275	0.0007675303313
579442	7.202458113e-09
579444	0.009983702739
579455	0.008367472247
579547	0.001637541131
579548	0.002820930197
579611	0.002539325189
579651	0.001061246805
579757	0.002841156344
579787	0.0002191699045
579996	0.0007587801921
580011	0.001267279614
580056	0.0002873879521
580067	0.003224979613
580203	0.001001785435
580226	0.002206386607
580367	0.002784899832
580446	0.02482509706
580564	0.00213454632
580788	0.01051100469
580811	0.006211687692
580843	0.003334897835
580890	0.001521983328
580909	0.003585916511
580924	0.002231136631
580948	0.002024466381
580997	2.053947717e-07
581141	0.01909069835
581194	3.0582528e-05
581305	0.002215006791
581313	0.001972936747
581326	0.006377894803
581501	0.0118294103
581609	0.0005426457286
581664	0.002095389766
581698	0.001500633929
581820	0.002348715118
582065	0.001502693895
582084	0.005939436568
582107	0.009450727734
582341	0.02356299544
582355	0.004804319061
582524	0.004801200761
582591	0.009208699566
582765	7.622755721e-05
582800	0.0004916618354
582851	0.001962820751
582857	0.007680612935
583111	0.01781548577
583335	0.01107335641
583425	0.001768360123
583443	0.0009541283658
583449	0.004118948142
583501	0.003441608709
583544	0.0002456379576
583595	0.002921882536
583633	0.02291275134
583728	0.004723065713
583888	0.007066103719
583907	0.01041617059
583955	0.006797756422
584016	0.01668172731
584023	0.001384276819
584143	0.002341391085
584151	0.009459494197
584282	0.004017407223
584395	6.013074004e-05
584581	0.0005444836198
584587	0.00146555843
584597	0.008942446811
584598	0.009214758223
584600	0.006085100525
584652	0.01076476658
584749	0.008911395878
585095	0.0007893421499
585149	0.001207432917
585250	0.003299260682
585319	0.0003016565605
585426	0.006530687419
585570	0.002252653836
585777	0.003252275742
585801	0.0009318756904
585912	0.001391820007
585981	2.431121786e-07
586001	0.01183254762
586050	0.001355503612
586091	0.001589891952
586092	0.005903169926
586175	0.007771218569
586238	0.003501054311
586330	0.004098389568
586355	0.0009475088534
586409	0.01082074824
586590	0.00778710155
586591	5.413132331e-05
586685	0.001404587018
586722	0.01091188565
586941	0.01399423195
586957	0.000208441421
587152	0.0004065195496
587190	0.0003096947604
587226	0.01318121855
587323	0.002288024951
587385	0.00194263635
587414	0.01693663159
587435	0.001770335892
587587	0.008445430635
587638	0.01178625286
588388	0.001464144611
588506	0.01111921449
588565	0.007443121524
588695	0.0006044643095
588767	0.0009585268831
588778	0.009831856322
588868	0.0005615350527
588954	0.0009609113828
588981	0.003832925255
589113	0.006038081133
589191	0.01889587538
589265	0.01951090465
589514	0.0003497204722
589538	0.0009261521764
589592	0.008348067342
589618	0.0007229227596
589669	0.004403511028
589748	0.0007826592575
589822	0.003153747001
589863	0.0008625987299
589911	0.0005601504436
590122	0.002352139427
590212	0.008444733249
590361	0.006668194811
590365	0.001096741832
590529	0.0005088122243
590574	0.0009645102273
590661	0.0003534744594
590673	1.985094408e-07
590820	0.002978829193
590830	0.005329853654
590877	0.01400328523
591074	0.006863073238
591104	0.00276469984
591133	0.0003807706306
591158	0.008150204126
591227	0.004796034768
591231	3.213514367e-05
591254	0.00380914421
591267	0.001788227205
591307	0.001291100306
591489	0.0004639342812
591554	0.0006085736111
591641	0.01741133585
591655	0.0003978287187
591785	0.0006356881394
591838	0.003703254522
591846	0.002143711708
591995	0.001011070403
592016	0.00252196513
592073	0.003162019526
592083	0.008669449474
592086	0.001581461467
592262	0.002410695738
592420	0.001717938403
592702	0.001437448024
592963	0.001633940167
592982	0.001302891698
593002	0.009489895632
593226	0.005379008064
593228	0.001692755818
593343	0.0004950371402
593423	0.004016447438
593471	0.007930146855
593487	0.002210953208
593764	0.00438247131
593798	1.076021071e-05
593804	0.0009914543808
593824	0.009907426307
593990	0.0003843154763
594031	0.0007734067213
594177	0.004868043412
594201	0.01703806268
594219	0.0008627384426
594222	0.01007830851
594315	0.005998767009
594332	0.004428827624
594382	0.005877230537
594585	0.0006508044879
594852	0.008746662196
594984	0.000108693463
595006	0.0008009192489
595083	0.005647999415
595123	0.00512116465
595214	0.005344609158
595300	0.004883712227
595375	0.0127554269
595406	0.004298475172
595423	0.0006294871169
595526	0.000935623239
595576	0.01699580337
595886	0.000592130888
595923	3.784530131e-08
596013	0.0009708522419
596014	0.0003012277838
596023	0.0116791119
596056	9.592183553e-05
596242	0.001029046972
596300	0.0004422412881
596381	0.02728252112
596425	0.01384686134
596541	0.0003154075961
596673	0.004830810538
596793	0.005833506777
596867	0.004164822851
596937	0.001038763256
596972	0.01497160358
597054	0.02082436303
597108	0.002945130442
597185	0.003381791533
597294	0.004781546904
597456	0.008288496347
597505	0.003188632802
597512	0.01450292249
597561	0.002340984381
597640	0.002310426142
597691	0.007721724631
597988	0.02239473825
597994	0.01097155804
598065	0.003016059216
598198	0.0009003316939
598233	0.00885145733
598239	0.02812104696
598274	0.002036678992
598325	0.01134031788
598362	0.0003869108034
598603	0.008884257622
598940	0.006461651111
598970	0.004927738864
598976	0.0005614208078
599001	0.003476940785
599017	0.0137817864
599034	0.001671510916
599165	7.97088746e-05
599329	0.001594247444
599436	0.000491093117
599437	0.01516427731
599438	0.005879507977
599453	0.001284101105
599689	0.008418339992
599748	0.0005432671647
599771	0.002561061296
599833	0.001100805472
599942	0.01534062303
599990	0.0001054203618
599991	0.0003970337964
600171	0.0006200722978
600358	0.004879096852
600375	0.000492492102
600397	0.006983627459
600459	0.002103768049
600525	0.0137786333
600545	0.001812649348
600752	0.01581912291
600822	0.006461413621
600831	0.0005250502147
601002	0.00725147766
601066	0.001560696928
601125	0.004863401018
601136	0.009893235678
601179	0.001127126117
601258	0.01193036256
601327	0.002998424847
601361	0.008196961388
601384	0.006703884007
601562	6.011427796e-06
601666	0.006230552444
602101	0.002255573106
602103	0.001829491792
602126	0.00059822804
602233	0.0211592907
602396	0.005518648491
602513	0.009601615852
602631	0.006334745328
602731	0.0007567013507
602848	0.006756582551
602951	0.0006528601333
602984	0.001041975639
603015	1.652565311e-07
603017	1.756982319e-07
603047	0.009599480377
603229	0.009471721628
603321	0.006986484653
603606	0.0004977892101
603633	0.001349750794
603674	0.008317781046
603689	0.002412357164
603910	0.005663458437
603919	0.004040456111
603963	0.00271996161
603988	0.0008610220671
604000	0.01844933099
604196	0.001804839908
604305	0.0010244164
604397	0.003308229901
604547	0.0006415568212
604645	0.02895181665
604746	0.01013515139
604873	0.006024998877
604956	0.0009101484095
604960	0.006364272119
604965	0.0009606965108
604972	0.002824811712
605195	0.002701124758
605324	0.006571126828
605428	0.0006326276788
605444	0.00100400321
605447	0.001686146253
605705	0.007907074246
605765	0.002713220755
605840	0.0009221505731
606000	9.532680101e-05
606160	0.001350363647
606275	0.004678666709
606376	0.005780489719
606469	0.0002620764789
606706	0.001682710555
607091	0.003430506807
607188	0.002736287762
607339	0.002934449212
607541	0.006099598516
607598	0.002679228916
607604	0.0006233211627
607733	0.01419122864
607735	0.003256995767
607745	0.01060234328
607821	0.003128195768
607915	0.003675192477
607954	0.009400890905
608179	0.003324944266
608279	0.0007640786068
608282	0.004631211254
608289	0.0006628558259
608342	0.00123594842
608365	1.610113446e-05
608376	0.001074410026
608401	6.072144982e-05
608535	3.669044372e-08
608593	0.0002514959346
608769	0.006778288612
608978	2.34113356e-08
609001	0.01146990867
609041	3.508199518e-08
609111	0.003887630824
609272	0.0009428448932
609286	0.002618555048
609303	0.003810405275
609305	0.001700451473
609347	0.01212289772
609474	0.0006813656118
609597	0.009586050478
609701	0.001863082364
609713	0.02150945511
609936	0.00354661095
610058	0.006139937036
610083	0.005144544013
610280	0.001833526535
610488	0.007938035958
610505	0.00556692544
610552	0.0002539660193
610643	0.0003853075503
610899	0.0002641363293
610952	0.02540723119
611209	0.002545218851
611250	0.0009051458877
611280	0.003690136249
611364	0.0002032690601
611541	0.0005399834701
611583	0.01512651175
611694	0.0004425443
611700	0.01110292771
611713	0.004271000598
611911	0.003835947393
611989	0.002364799537
612021	0.004350637446
612195	0.0001300446515
612545	0.0008161466263
612763	0.00234389779
612835	0.02308382227
612865	0.0002457887564
612880	0.004956076965
612910	0.005273697641
612948	0.0005735135638
613013	0.00287098543
613115	0.0007041450644
613275	0.004222899281
613451	0.001176948713
613463	0.01572848962
613484	0.0006653508298
613513	0.0002398799764
613605	0.006125463143
613750	0.0009389484096
613752	0.0032489251
613827	0.004306857923
613829	0.002689436369
613830	0.004975729249
613944	0.007011829316
614130	0.004968417401
614203	0.01213133769
614234	0.001958686535
614277	0.001034607931
614332	0.02297742171
614341	0.006279648433
614470	0.01023360203
614492	0.002559934462
614546	0.01160936527
614651	0.01122549945
614695	0.004205634295
614783	0.001633879532
614858	0.001829708242
615119	0.0008229580161
615150	0.003240718194
615173	0.01771041782
615202	0.007925919489
615300	0.001713511796
615314	0.0001040075529
615470	0.004491263421
615484	0.0001842833154
615514	0.0004935890898
615560	0.00513788721
615578	0.0005064643251
615619	0.01499507834
615737	1.289109763e-07
615887	2.066411363e-05
615935	0.01319504919
615970	0.002446329606
616055	0.003381839588
616098	0.0004951407127
616265	0.0008042235053
616360	0.004525301963
616416	0.004256276946
616493	0.01274321162
616567	0.002564568996
616742	1.337892124e-05
616797	0.008049888011
616815	0.002600540451
617024	0.007003410619
617080	0.001988482084
617098	0.0004056996962
617144	0.008461965834
617145	0.0004546517727
617208	0.0005166922203
617233	0.006063201677
617473	0.0006120081277
617534	0.008910892133
617602	0.01068072379
617696	0.002276645227
617739	0.009503173977
617741	0.001146716124
617754	0.002627325361
617795	0.01464334344
617836	0.003461404861
617841	0.0001242121251
617852	3.951416325e-05
617920	0.002988410045
617922	0.001869022691
617934	0.0004840449701
617943	0.01191028905
617970	0.005726410287
617979	0.00159666702
617996	0.002867001937
618066	0.0002071284175
618190	0.002092993021
618291	0.01757341227
618490	0.0008575494066
618715	0.0009212848994
619000	0.003697389799
619026	0.000386604251
619113	0.001090773076
619130	0.001407166772
619369	0.0008983221925
619672	0.002896583264
619775	0.0009535018304
619781	0.001068693939
619789	0.009263932738
619922	0.0005760695169
619948	0.005668269878
620001	0.001007703034
620059	0.003124905688
620274	0.007847739744
620288	0.004147299065
620474	0.006300662168
620501	0.02487458978
620542	0.0001590673541
620770	0.00129889134
620794	0.0007118872084
620888	0.002291519244
620966	0.0009484680354
621109	0.006570986116
621113	0.002001333361
621151	0.0008348090235
621452	0.002959411014
621485	0.0006553989591
621502	0.01143134416
621503	0.0003413311754
621516	0.001830039012
621531	0.01212200155
621559	0.01335817857
621621	0.004776769131
621736	0.001156698603
621743	0.0002393308441
621804	0.001680283927
621956	0.0003958340111
621973	0.009969083894
622049	0.004976277205
622211	0.007485438376
622294	0.007329431101
622481	0.004232409949
622536	0.004091499048
622647	0.001052002169
622656	0.002074593344
622708	0.01354687281
622780	0.0006208215558
622859	0.001474309986
623067	1.446036502e-05
623103	0.01025076955
623236	0.001894924796
623287	0.004362360238
623371	0.01786943925
623395	0.005441833588
623607	0.003181795465
623691	0.01033506185
623890	0.008247740103
623959	0.0001300389474
624001	0.002324893136
624126	1.78175073e-05
624345	0.004095161331
624546	1.238690485e-05
624578	0.007579789381
624623	0.00271626599
624656	0.004341617022
624762	0.00227464968
624904	0.002331139729
625132	0.001421553542
625145	0.001627669731
625311	0.0001276087098
625323	0.002053060955
625493	0.0004919847193
625700	0.001630460216
625740	0.0089097308
626105	0.001258819407
626179	0.01472144325
626215	0.009170413053
626236	0.0100063771
626400	0.00448674705
626591	0.001457073477
626815	0.0006087013294
627037	0.002821979381
627039	0.001598614214
627070	0.004877933614
627170	0.001087927485
627216	0.001546407796
627282	0.004737539039
627372	0.0005187214386
627407	0.001075592739
627433	0.00401085004
627487	0.01841578083
627592	0.001084142508
627597	0.001325819875
627743	0.0005184300035
627794	0.000140144866
627841	0.007830266964
628144	0.001079397378
628245	0.002350893253
628261	0.009270216381
628552	0.01071291412
628617	0.003782475247
628771	0.001885049217
628791	0.005680813624
628814	0.002127681217
628902	0.01268089387
628949	0.01068370425
628975	0.001386699498
628979	0.0004343336908
629102	0.005546308381
629216	0.00159674124
629340	0.01136661598
629350	0.006357092756
629455	0.003665618602
629463	0.002304699009
629532	0.001268221704
629547	0.02192784306
629581	0.0009848174554
629653	0.005184380232
629730	0.001143126624
629758	0.003842813994
629771	0.01171475625
629867	0.002650136996
629975	0.003098061464
629991	0.0003749414899
630083	0.0004440537622
630105	0.0009811717454
630245	0.0002495848051
630370	0.004046576619
630409	0.002008607834
630544	0.01035442113
630676	0.001378699604
631008	0.01108808832
631094	0.0006338991511
631178	0.001913789395
631512	0.01031170813
631557	0.01064960237
631579	0.001742050787
631744	0.005681655703
631818	0.002775557323
632091	0.004213981955
632198	0.0001849021105
632232	0.0008646716362
632233	0.00077953161
632296	0.003364427542
632337	0.01236524806
632458	0.0001330044042
632469	0.00112915736
632561	0.008208704516
632594	0.001529913483
632685	0.0008464692922
632733	0.003646466057
632745	0.01750222816
632765	0.001656582654
632853	0.002492613415
632962	0.005230934737
632977	0.001996521572
633207	0.0007572878701
633242	0.003520956223
633278	0.009070879548
633334	0.003259574808
633378	0.002595444567
633527	0.0002152042787
633563	0.0001375138274
633630	0.001510618042
633637	0.0002290210851
633796	0.004433783563
633973	0.00459599934
634047	0.00183776964
634072	0.0006829914611
634118	0.0002368851009
634269	0.0007270243045
634284	0.006711145683
634379	0.001190568678
634383	0.0060777583
634457	0.0008717855172
634466	0.004478616603
634499	0.005898692238
634566	0.00595865409
634749	4.779733725e-05
634838	0.0003316243565
634843	0.00837505168
634903	0.0006205241284
634907	0.003287623891
634952	0.01072331556
634996	0.002655887775
635028	0.001652609176
635155	0.00031589959
635203	0.0002826871269
635230	0.0147180471
635258	0.004259828058
635445	0.0007235397097
635451	0.0003391372582
635481	0.003241703722
635500	0.009320417861
635706	0.003196535467
635741	0.0008481586572
635872	0.003778948347
636324	0.003130125788
636340	0.001754832583
636585	0.001110122571
636657	0.004809277822
636790	0.006615369647
637161	0.001202097003
637173	0.0004522184734
637223	0.0004304484242
637329	0.005023717604
637418	0.008872476183
637525	0.02055016851
637553	0.001176114767
637818	0.008687921576
638286	0.0003475059044
638336	0.002224303786
638439	0.004736084566
638474	0.006888208423
638605	0.0119704247
638614	0.0006575597676
638617	0.001096356624
638661	0.00796000596
638774	0.0006508284211
638915	0.007556274882
638954	0.001279631876
638956	0.002141340778
639047	0.001932431454
639099	0.0003607757314
639515	0.003452320456
639580	4.164135018e-05
639761	5.493260956e-06
639799	0.01755276931
639899	0.0007975731284
640051	0.004720977942
640095	0.001148677901
640116	0.006099268553
640151	0.009624795595
640185	0.02477015343
640296	0.001097272711
640345	0.01010722089
640384	0.003955320951
640460	0.0004915258943
640535	0.0006061956026
640578	0.003645360376
640592	0.002681236084
640631	0.02184270236
640755	0.001331975593
640798	0.0003871148441
640853	1.8270847e-08
640887	0.0001696878346
640945	0.005101829409
641111	0.01267819091
641184	0.007491646367
641264	0.002949398533
641333	0.002372027921
641335	0.00738175196
641350	0.001911854304
641843	0.0006348349675
641876	6.426015725e-05
642088	0.00448638195
642102	1.510896334e-05
642147	0.004716234755
642346	0.00268538264
642445	0.002196867456
642457	0.003677557852
642501	0.004105718318
642515	0.01188155791
642587	0.0123936513
642612	0.0006698720595
642796	0.01070123229
642807	0.0001078640829
642895	0.002854476367
642897	0.01020176481
643023	0.005883266858
643169	0.009421592161
643258	0.007135797005
643296	0.004947609382
643305	0.005751288521
643374	2.202679435e-05
643399	0.0004618911304
643533	0.0006699472042
643581	0.0005047897893
643600	0.01029928069
643680	0.00423108393
643720	0.007479418574
643946	0.001421642095
643994	0.01889203301
644013	0.01033247512
644017	0.003396182658
644163	0.0003605227036
644193	0.0007761085641
644200	0.0006612941649
644205	0.005565346229
644259	0.001481051261
644277	0.001026148036
644308	0.003916716946
644326	0.0008744812
644385	0.002503102865
644406	0.003866534757
644427	0.001020503154
644432	0.002959560916
644457	0.00235484511
644468	0.0140188663
644563	0.004533072412
644576	0.0005945179696
644613	1.077888585e-06
644660	0.004291160344
644662	0.0001855598625
644677	0.004348557845
644773	0.0003604211627
644896	0.003154574028
645037	0.0002740624504
645074	0.004090882347
645111	0.003365561366
645168	0.001641492754
645224	0.003019877163
645232	0.0002425872753
645274	0.009842596208
645346	0.003600238649
645401	0.003146297481
645816	0.008181619918
645819	0.005034047703
645935	0.01978941172
646010	0.01489906066
646160	0.002393257636
646352	0.005133186422
646502	0.002023557048
646525	0.01077953824
646779	0.01064202861
646780	0.002577867851
646853	0.005325433312
646882	0.005036962661
646892	0.0001102940727
646937	0.006454662365
646942	0.00216655279
647017	0.008014771083
647088	0.0002148012593
647091	7.853356341e-06
647094	0.001832102257
647172	0.004353011038
647269	4.697618633e-07
647296	0.0007722464184
647317	0.002145438907
647399	0.01166679968
647744	0.001075864054
647765	0.003349036867
647852	0.004500863587
647875	0.007689703068
647883	0.003367422308
647941	0.01175330186
648051	0.007935846533
648230	0.01772827386
648243	0.001166625767
648354	0.01384600437
648358	0.007585618615
648401	6.747559079e-05
648434	3.707416224e-06
648580	0.01229413996
648623	0.0076234564
648635	0.008078990875
648720	0.002252616127
648744	0.005364602459
648783	0.0069741788
648932	0.00511998799
648933	0.00358564259
649014	0.001814512153
649138	0.002195203712
649212	0.007714223717
649247	0.003593299963
649248	0.002200006816
649286	0.001219821036
649307	0.001116929866
649361	0.002344109102
649570	0.002808592403
649633	0.007219455748
649679	1.095351335e-05
649746	0.005279531308
649811	0.001370558605
649829	0.000349376515
649948	0.002435505544
650053	0.005385240052
650154	0.003232200261
650384	0.00126066923
650405	3.653489552e-08
650444	0.001282152209
650572	0.01214068418
650657	0.003048999915
650671	0.01381493412
650707	0.001178805564
650739	0.002893219878
650806	0.006738715034
650807	3.288634085e-07
650862	0.006793346049
650889	0.0005761250916
651046	0.001305547524
651067	0.00105656555
651214	0.001258843866
651248	0.0009929244073
651364	0.001966021489
651368	9.51041778e-05
651387	0.0007806045655
651640	0.0005667758965
651794	0.001204193716
652020	0.001494555646
652026	0.002228976954
652125	0.0004234091332
652167	0.009182941918
652268	0.002390025717
652530	0.002614708679
652582	0.006507892473
652860	0.009150993108
652948	0.005249123589
652980	6.090282348e-09
653131	0.004056889201
653212	0.0006752805652
653301	0.002670575947
653446	6.441970523e-07
653469	0.0004352936143
653518	0.003071134436
653571	0.002100966601
653587	0.001509187483
653643	0.0007460038733
653733	0.003946476854
653771	0.007243398532
653772	0.0005115362926
653811	0.005322454047
653815	0.005287490543
653964	0.000408901663
653985	0.003076191325
653998	0.002475024286
654037	0.001503323868
654064	0.0002478348166
654203	0.0125778572
654287	0.0006041461045
654467	0.0140075157
654578	2.314307291e-07
654636	3.189172462e-07
654695	0.008472487298
654733	0.003765380736
654996	0.002035571426
655027	0.00140485732
655296	0.002719731689
655605	0.004788914363
655611	0.008004683249
655793	0.008310586512
655861	0.001624171942
655893	0.00102975099
656105	0.001871995452
656111	0.01039692448
656137	0.01011729696
656196	0.009167518224
656260	0.005079145976
656365	0.001034310383
656468	0.002420280296
656623	0.02118845
656640	0.00181330384
656696	0.001006372389
656765	0.004894877248
656778	0.0106324162
656914	0.0005439753837
657034	0.003895911915
657232	0.009435802076
657250	0.00548276186
657258	8.327573971e-07
657330	0.001813591367
657368	0.00644687019
657413	0.001873541481
657430	0.00969450266
657600	0.002870277666
657634	0.009294524617
657635	0.004130865209
657651	0.001495002222
657794	0.01114583278
657878	0.0007983461492
657998	0.000264237929
658201	0.00260481091
658279	5.234420087e-05
658449	0.007453983093
658591	0.002042088468
658962	0.004515681595
659036	0.008276806341
659088	0.0004011450754
659210	0.01209382109
659264	0.0124064451
659314	0.005081327316
659363	0.003248799813
659447	0.01184219652
659497	0.0009789368985
659775	0.02517417406
659779	0.004209624758
659831	0.003029379049
659886	0.007260629893
659894	0.0006276948639
659901	4.304933219e-05
659960	0.009542578369
659986	0.01376591544
659999	0.0006020753247
660017	0.0007361034347
660077	0.001573442832
660159	0.001048817124
660181	0.001064159742
660216	0.006068381549
660239	0.003538373318
660397	0.003067356801
660411	0.03361744158
660735	0.004091948152
660739	0.01557191617
660772	0.0007589562514
660865	0.001821681775
661072	0.003331456211
661241	6.181975181e-05
661437	0.0002892766789
661480	0.003465985903
661667	0.001559134764
661671	0.001484164875
661679	0.005828855808
661762	0.004329101134
661878	0.0063578174
662118	0.006717705084
662346	0.01131310732
662423	0.007130296138
662496	0.0003693122023
662561	0.02498587121
662598	0.004217767626
662648	0.01149453825
662752	0.0006831525785
662941	0.001555032391
663023	0.0121442052
663078	0.0009663352461
663111	0.0003110066573
663257	0.002327385095
663334	9.421008746e-05
663339	3.454785132e-08
663389	0.006041667617
663564	0.0001466300148
663659	0.003362834668
663670	0.000780361509
663682	0.007322771723
663711	0.0009376510464
663810	0.0002452091332
663813	0.0009324755448
664041	0.00116137381
664182	0.006075042367
664312	0.0004920513418
664315	0.01116682925
664352	0.001107240854
664452	0.001046595453
664461	0.005640381753
664496	0.009248452258
664558	8.4452552e-05
664632	0.006838206681
664785	0.008379983385
664897	0.000505589856
665057	0.01620532406
665125	0.01278140899
665139	0.01097948603
665140	0.01140808708
665213	5.659240671e-05
665251	0.0003532981437
665350	0.003692407198
665596	0.0003237578278
665674	0.009734884551
665768	0.007896891883
665834	0.001565229247
665858	0.001625778619
665896	0.005423485576
665947	0.001280631896
666018	0.007401157916
666078	0.001487797182
666080	0.01899224506
666082	0.004398602877
666090	0.001602656326
666112	0.007589290811
666140	0.00928358885
666186	0.004518374421
666291	0.004088831466
666323	0.0009996570399
666371	0.001566399153
666382	0.000888212076
666416	0.002631217839
666427	0.02511870518
666735	2.6232793e-06
666805	0.0003869667641
666966	0.0009297086593
666996	0.00558571365
667033	0.002652607061
667078	0.004609810524
667131	0.003129815862
667176	0.002027163383
667303	0.009127177113
667333	0.0002341323089
667374	0.005467598438
667398	0.01501163373
667464	0.02121957356
667738	0.00168119649
667808	0.001637226369
667876	0.006082955503
668210	0.003349894264
668221	0.0007368694852
668264	0.0005457156855
668308	0.0008483627274
668392	0.01426569248
668436	0.004225433779
668477	0.002591464413
668623	0.003458479746
668796	2.181151573e-07
668821	0.001541908513
668891	2.895395259e-05
668909	0.001552821361
668978	0.001030415594
668983	7.993495581e-08
669002	0.01571487733
669027	0.001153432136
669031	0.00713514071
669081	0.001121808843
669083	0.004167668041
669181	0.001203422904
669259	0.0009763625072
669354	0.001969409624
669429	0.0003771435294
669480	0.001571202949
669524	0.01188084459
669569	0.002008408048
669573	0.01331713616
669709	0.004482777325
669880	0.01339415425
669891	0.0009105551885
669911	1.28339022e-06
670059	0.006695451116
670284	0.01067823964
670332	0.0001558859832
670498	0.003443815301
670546	0.000982440389
670551	0.001964167426
670759	0.0003710607554
670983	4.828922993e-05
671091	0.0214584851
671201	0.002584571296
671289	0.002374326727
671363	0.0008935768566
671390	0.00706967254
671439	0.001008112768
671521	0.00116570607
671694	0.004075296924
671716	0.009379388221
671805	0.002358026866
671892	0.0005723922556
671912	0.01653637855
671964	0.006873110237
671989	0.002113875629
671994	0.0003211523397
672032	0.006005576992
672159	0.01441259107
672245	8.641069158e-05
672317	0.005050809503
672343	0.02775730576
672375	0.01411786095
672513	0.01036553621
672522	0.005449252496
672571	0.002601504059
672607	0.001531888782
672636	0.006865954538
672690	0.004119697831
672986	0.01085167189
673100	0.000426770999
673185	0.003714247457
673419	0.004673963282
673482	0.000101758673
673590	0.004838504291
673830	0.0001041392073
673844	0.01165290003
673904	0.0005075915038
674125	0.001007170358
674154	0.0007160627938
674256	0.009344672417
674297	0.0003403817921
674406	0.002414084761
674717	0.0005733898797
674751	0.0009231580659
674805	0.002485801871
674894	0.01272937752
675030	0.0005233707278
675090	0.01654538522
675224	0.001600473492
675502	0.0007026461866
675732	0.003827770014
675789	0.007009472915
675798	0.01429368412
675855	8.308341466e-08
675865	0.002372489579
676045	2.887116048e-07
676149	0.003547532662
676151	0.000821220957
676200	0.0008764794655
676207	0.004615566778
676296	0.006539274647
676469	0.0007859623278
676477	0.005908794292
676499	0.003289310722
676598	0.005511633535
676612	0.000353608018
676738	0.01987781082
676987	0.002309323299
677067	0.008926920238
677182	0.000449309351
677459	0.009647124223
677507	0.005075218345
677514	0.004607824272
677542	0.0009654697238
677599	0.003336383838
677620	0.003618205394
677668	0.001589170782
677783	0.001294652274
677796	0.003754462336
677835	0.0002658431263
678090	1.931014595e-07
678178	0.004080687211
678297	0.006212557944
678323	0.008841246583
678367	0.01203001571
678400	0.009291888513
678489	0.0006148809713
678546	0.001704140093
678732	1.664144677e-06
678765	0.00341824003
678787	8.291709031e-05
678799	0.01250941005
678814	0.001029158048
678820	0.001668283406
678870	0.002040713499
678919	0.00639408548
678977	0.0001639853076
679231	0.000734440163
679458	0.0008716612364
679599	0.000536155344
679773	0.02745013139
679817	4.123717399e-08
679963	1.303185555e-07
680065	0.01258413139
680248	0.003751857666
680266	0.00898828652
680476	0.004493290683
680525	0.004573534898
680605	0.001380842601
680784	0.001030641581
680901	0.002632285977
680912	0.005151683355
680965	0.01353734117
681351	0.002815040715
681627	0.0001513778395
681737	0.02043407166
681847	0.001234908165
681949	0.002703067119
682022	0.008540064269
682070	0.007382548969
682304	1.858389929e-07
682631	0.0004529584165
682678	0.009350672437
682723	0.0003903781233
682730	0.004548134875
682804	0.001066956418
682820	0.002178635089
682953	0.001171151392
683015	0.005730558558
683064	0.007931024175
683271	0.002312586426
683295	0.0009709536588
683382	0.00652941822
683458	0.00191530649
683667	0.002246527968
683689	0.01527004953
683717	0.002460236598
683728	0.004302549503
683753	0.002714189286
683943	0.00190428611
683988	0.0007780430108
684033	0.01217679796
684046	0.0006533095598
684368	0.004223052838
684393	0.0004105538083
684555	0.001198257225
684640	0.002161275786
684711	0.004849789586
684824	0.001277536406
684835	0.005148356532
684842	0.002931143918
684898	6.729959726e-07
684906	0.0001669309495
684986	0.01146524018
685177	0.01605634908
685188	0.01086597783
685399	0.001020588741
685415	0.006594706202
685534	0.004110999453
685733	0.001213951995
685816	0.0003686049567
685930	0.01418940443
685988	0.002538885499
686125	0.005884661324
686209	0.006698782667
686244	0.004354281954
686306	0.001754912478
686628	0.0003339257108
686720	0.0003732104025
686851	0.01830414038
686893	0.002080643331
686910	0.007125262043
687073	0.01499452417
687125	0.002285460157
687200	0.002017141853
687241	0.001248898821
687333	0.001278044467
687637	0.004980110152
687700	0.0006767836702
687854	2.461297374e-07
687899	0.003841207288
687927	0.000303264509
688111	0.001740277947
688163	0.0003321596322
688182	0.002648484247
688230	0.004175853141
688363	0.001506608473
688449	0.0006018852458
688492	0.005511571705
688595	0.005197668443
688644	0.0009930707841
688659	0.001151379742
688688	0.006912539934
688788	0.001646677751
688978	0.004171637834
688991	0.0157390352
689047	0.008263269556
689163	0.001963455917
689263	0.000866287145
689357	0.01527029486
689383	0.0009652097045
689460	0.003027280745
689559	0.01024335555
689579	0.001316958084
689779	0.006352889682
689791	0.002063942112
689883	0.0002282279484
689885	0.001058145935
689898	0.006779531652
689964	0.003983572718
690061	0.002276483127
690206	0.005675794216
690519	0.01850015156
690634	0.00137195692
690700	0.000854184288
690715	0.003214044394
690973	0.02088988693
691058	0.002126638407
691291	0.001497509484
691328	0.0009248339632
691379	0.001014037751
691400	0.006621410039
691541	0.003293524959
691602	0.008010214595
691692	0.001117466444
692012	4.609582407e-08
692016	0.0210837916
692031	0.002889641401
692044	0.003670300052
692092	0.0009942992303
692252	0.02138443512
692277	0.001547709017
692344	0.01483579229
692376	0.008841993945
692466	0.002058056405
692493	0.01857862722
692539	0.0001380919477
692686	0.00185338071
692794	0.008774076408
692852	0.004654248502
692855	0.001756774637
693217	0.00502067878
693317	0.007430138543
693462	0.001185734625
693545	0.002881866479
693570	0.005849934475
693788	0.0007336976759
693793	0.003629375631
693921	0.003958522643
693966	0.004320593503
693996	0.0005543130212
694041	0.01005169005
694044	0.01035050953
694131	0.001477441368
694166	0.001909363436
694203	0.0007749766567
694220	0.0007822079785
694315	0.005371075002
694407	2.236275548e-07
694518	0.005252833441
694559	0.0008239002987
694579	0.006059082236
694784	0.004504448942
694859	0.00146023329
694913	0.001783021333
694918	0.006447838174
695215	0.0116005539
695225	0.009211274264
695293	0.01550460312
695345	0.0009231948333
695347	0.0025432697
695512	0.003004679815
695649	0.0077951027
695684	0.0129034445
695894	0.0004145894152
695936	0.009898454224
696045	0.008587002451
696056	0.02145972875
696107	0.01064523211
696281	0.001600574468
696544	0.007058252899
696633	7.361080592e-07
696677	0.000989530561
696687	0.001891766056
696719	0.0003472025325
696860	0.004415533413
696979	0.006696007246
697029	0.001261814899
697142	0.004388305378
697181	0.001168490714
697362	0.001758982636
697562	0.0006059636114
697714	0.00144938339
697761	0.003525739888
697794	0.01252262706
697988	0.001503441554
698001	0.001158922853
698057	0.001599991326
698128	0.002843307309
698145	0.004670590251
698189	0.008057636866
698287	0.008323183174
698294	1.915474696e-05
698509	0.004255227829
698715	0.0007169020293
698821	0.007097699831
698868	0.0003133848873
698941	0.004439154753
699124	0.004609919175
699356	0.003790798482
699452	0.000342006275
699482	0.001101904811
699651	0.007990924189
699735	0.0005618261047
699757	0.004848009832
699918	0.01665967427
699930	0.001136119722
700014	0.003921743405
700032	0.000731894146
700100	0.008308056986
700117	0.0005716717691
700122	0.0009380503777
700182	0.007966020336
700335	0.002779591428
700587	0.009488379022
700620	0.009362132814
700623	0.002074431198
701048	0.00618570715
701126	0.02240471301
701216	0.007767561312
701257	0.003393718571
701340	0.003109530588
701353	0.007917194508
701381	0.003665239164
701521	0.0113300034
701878	2.961418744e-06
701938	0.0009846485272
702071	0.002447888365
702088	0.001563290232
702381	0.001928196398
702387	0.001979541975
702421	0.003977428567
702439	0.0007939514074
702542	0.01029139872
702552	0.008179880661
702707	0.002234946845
702923	0.008389727396
703042	0.001673967758
703435	0.004875409834
703444	0.001968771962
703511	0.000309812535
703549	0.002807056159
703587	0.009075642235
703664	0.001919261956
703686	0.01617023793
703798	0.006346048044
703925	0.003832273474
703929	0.002774324037
703978	0.001271469623
704009	0.0007423431424
704030	0.008672622059
704040	0.003304571232
704115	0.009864594554
704127	0.00336146532
704131	0.001463862841
704205	0.0002555962476
704359	0.001191209732
704438	0.006336519965
704445	0.006359751387
704463	0.01048301387
704503	0.004960562698
704504	0.009325566466
704533	0.009464305711
704574	0.000809341908
704648	0.0005839236796
704667	0.004755196518
704702	0.0011263397
704772	0.003947894985
704978	0.007625843661
705101	0.005866249857
705112	0.004759616644
705113	0.003195812002
705126	0.004687962716
705230	0.0001011365984
705255	0.01379410096
705397	0.001354983616
705403	0.00145824608
705406	0.0009432260624
705464	0.00752490074
705714	0.01366852654
705822	0.0009419337923
705889	0.00235916072
705981	0.0005096536173
706058	0.0003575120113
706091	0.003492961882
706192	0.01475569063
706256	0.005789928143
706342	0.0005305395461
706379	0.01084425023
706457	0.0004871096586
706498	0.003452833244
706518	0.002167086723
706600	0.003483002946
706688	0.02602271358
706965	0.00577883389
707003	0.002666133214
707112	0.0003692934215
707120	0.0007927056101
707189	0.0036947782
707274	0.001854122826
707617	0.0005057843753
707630	0.00239820765
707650	0.006334458816
707666	0.01618905029
707921	0.0012773132
707936	0.01193820349
707937	0.0004742071417
708061	0.01837920463
708104	0.01940474349
708126	0.004049019519
708265	0.0007868037297
708424	0.001016174158
708494	0.002032474652
708506	0.0003083150664
708630	0.005702390242
708780	0.002658335057
708821	0.005955128675
708861	0.01181444409
708934	0.0005087024575
709149	0.004372226545
709282	0.005072023323
709646	0.001296113623
709666	0.0004587360648
709673	0.01038060665
709753	0.001906615502
709778	0.002457495791
709819	0.01389450755
709886	0.003214074647
709901	0.0006138456329
710171	0.00132404724
710190	0.008853192738
710195	0.0006887521437
710275	0.008644181081
710292	0.001601231638
710322	5.6251689e-05
710499	0.004037402206
710526	9.692249332e-08
710554	0.0002448783883
710564	0.01117438975
710705	0.02534475035
710708	0.001756865929
710712	0.0194100739
710781	0.00296255328
710826	0.002316269362
710910	0.001953730602
710952	0.001559955732
711249	0.001112728669
711255	0.01393859978
711640	0.001348803357
711660	9.781465037e-05
711977	0.001913521487
711991	0.004744768962
712077	8.063333189e-05
712082	0.002756466888
712182	0.0007446422796
712433	0.0006788762437
712541	3.386228718e-05
712565	0.004960989134
712580	0.003722864113
713018	0.01399721686
713214	0.006648637848
713274	0.008480754569
713360	9.35899819e-08
713515	0.01681092362
713531	0.005202337047
713610	0.001679469493
713681	0.00283648747
713813	0.005641125725
713853	0.009784798489
714031	0.001568108438
714127	0.0003000319371
714248	0.005082958518
714353	0.0005556275067
714402	0.0002106849057
714538	0.0006911422798
714614	0.01286680514
714768	0.001470752238
714863	0.001093310652
714910	0.02739088952
714911	0.005235665992
715001	0.006513777649
715166	9.780921778e-05
715305	0.01322773832
715333	0.005336218939
715440	0.0003848412409
715590	0.008011193299
715748	0.001404148004
715815	0.001066294608
715865	0.0004894066469
715982	0.03152224601
716046	0.003134042885
716336	0.002114390474
716468	0.0005937015309
716490	0.00273307473
716611	0.0239244849
716634	0.005554655061
716637	0.002911018338
716649	0.00996233737
716735	0.005629352327
716736	0.005709870442
716832	0.004927188496
716902	0.001307162456
716906	0.004049159802
717192	0.005262980805
717226	0.01888750439
717302	0.003897569578
717338	0.008867917236
717370	0.002358468024
717384	0.00198657183
717467	0.0007607832035
717469	0.002791201488
717535	0.002788275456
717878	0.001120382954
718134	0.004563299706
718156	0.0004717738792
718340	0.001233371699
718487	0.001441151236
718522	0.0002963461941
718529	0.007117596834
718778	0.0007800691189
718823	0.002244530025
718931	0.0001768248489
718939	0.003966352298
718992	0.006037179488
718995	0.007149629914
718998	0.001290987435
719141	0.001293502996
719205	0.01713164575
719296	0.008700791503
719434	0.0018335118
719463	0.00771970455
719638	0.003058970024
719817	0.003673144205
719841	0.009423505392
719874	0.008875658758
719922	0.001494453656
719990	0.009489058208
720045	0.0003087771821
720289	0.001002599902
720302	0.003031250061
720382	0.0001278124984
720428	0.001781355655
720632	0.0253034471
721021	0.002979952146
721111	0.02571931961
721115	0.002709670376
721197	0.007429309235
721246	0.006080969939
721287	0.001864749989
721289	0.00111641597
721341	1.416353123e-08
721477	0.000663673629
721478	0.001026003605
721532	3.170110726e-07
721592	0.002407812934
721735	8.078429412e-08
721844	0.003909950222
721962	0.009241548821
722031	0.0008080682129
722070	0.0003495954068
722125	0.008063192767
722402	0.00351550926
722468	0.004007260359
722519	1.535305786e-06
722677	0.002098721206
722828	0.0008030524317
722878	0.005127724907
722996	0.01013500968
723018	0.002452592635
723111	0.003810162732
723204	0.001618621962
723238	0.0008630557785
723243	0.00466373871
723257	0.008688273285
723343	0.008178633501
723481	0.005927297491
723531	0.01292644008
723627	0.001689997595
723640	0.0054779741
723818	0.00281330806
724011	0.01439873373
724198	0.002136619463
724233	0.0004002853834
724376	0
724482	0.007385645611
724501	2.02594212e-05
724556	0.001898483237
724674	0.007930160914
724681	0.0006562010188
724689	7.650006636e-06
724696	0.00770482189
724714	0.0004799519804
724827	0.009905432284
724865	0.00308563637
724869	0.003042824617
724902	0.0003759779797
725074	7.518302269e-08
725113	0.0008059387454
725125	0.008767556506
725280	0.009368584466
725313	0.004649938743
725403	0.001837997362
725516	0.002845699984
725569	0.01172294721
726223	0.00106322061
726471	0.007294384879
726577	0.0007953384047
726586	7.663649699e-05
726650	0.00142267343
726663	0.003355474367
726834	0.004925382833
726954	0.005557152738
727066	0.00255226051
727094	0.0006426265305
727121	0.01082109552
727136	0.005765592867
727435	0.003663714115
727600	0.0009115092961
727637	0.004979661982
727700	0.007279787697
727778	0.01189520882
727925	0.00257370425
727954	0.0001634515872
728022	8.671506012e-05
728338	0.001701761537
728459	0.0002771966643
728530	0.0008510516898
728558	0.0001402480506
728817	0.001344391175
728841	0.004373663942
729051	0.0002470354651
729251	0.0004142543139
729306	0.007460051358
729326	0.0004579456934
729454	0.01335921815
729692	0.01134887377
729695	0.02293168656
729745	0.004841981133
730218	0.01407569395
730247	0.01341381544
730370	0.005735788773
730541	0.001661578953
730604	0.01363770946
730638	2.062065387e-06
730802	0.0006755496992
730838	0.002578836739
730944	0.0001636066409
731013	0.01602711075
731056	0.001269908023
731148	0.01023280954
731169	0.004908533989
731347	0.003956725028
731362	0.01564468107
731522	0.001454697724
731590	0.0006868714081
731657	0.001197324562
731797	0.003777068675
731869	0.01133629319
731983	0.008731838433
731994	0.01092836166
732100	0.002959013884
732244	0.0004071329931
732343	0.002110832627
732349	0.0008460576307
732369	0.01272080038
732445	0.007998818892
732533	3.740645186e-05
732555	0.0001042904644
732560	0.005210020557
732611	0.00293176134
732730	0.004259910532
732775	0.00698764821
733016	0.004107390252
733195	0.004470956916
733379	0.0003801902243
733412	0.001047458614
733515	0.007063984774
733601	0.0004867824676
733668	0.001674279599
733945	0.004157144521
734083	0.02497331954
734263	0.005903372683
734326	0.0004645577041
734542	3.020780043e-07
734548	0.001994397596
734555	0.004333900068
734687	0.001535766119
734710	0.000819399804
734734	0.00162340311
734769	0.002024602887
734965	0.0016818
735049	0.008295649513
735068	0.001218211887
735095	0.001505347908
735097	0.001190434326
735105	0.0005910980693
735261	0.002034219694
735398	0.001033682183
735692	0.005471735005
736005	0.001423969141
736061	0.0001772904679
736238	0.005283311198
736355	0.009526816925
736434	0.002645416485
736616	0.006692218021
736620	0.000195395315
736742	0.007467693713
736785	0.00160231401
736952	0.003590678578
736966	0.0004755810527
736972	0.001668059928
737030	6.151062562e-08
737181	0.00691964245
737210	0.003870418375
737453	0.000768286187
737613	0.004254670934
737871	0.003161036863
738033	8.73078885e-08
738208	0.005884220927
738487	0.001353512661
738497	0.006392115724
738509	0.001377194204
738639	0.002289214698
738799	0.01060705394
738836	0.00510155147
738962	0.008484645485
739128	0.0005289364353
739220	0.001454102792
739432	0.01469743835
739982	0.001094554438
740017	0.01000328725
740094	0.00697269627
740135	0.01179902653
740144	0.003582480891
740191	0.01702457043
740413	0.003650503739
740416	0.009667293937
740441	0.002881210636
740486	1.141927962e-08
740555	0.0006579402251
740708	0.01268606031
740935	0.0008422205749
740951	0.004639368374
741046	0.01652950638
741103	0.0009670641243
741113	0.003101209951
741153	0.001952330764
741260	0.003194764153
741314	0.007097570842
741366	0.002813521227
741456	0.003296646048
741555	0.01112700709
741561	0.003952324514
741737	0.01199158918
741771	0.0129558365
741801	3.033449964e-08
742031	0.0005920168161
742161	7.486884286e-07
742265	0.004550943077
742306	0.002046607248
742342	0.00221287151
742356	0.0002486472869
742430	0.001497313166
742436	0.001195095568
742738	0.001532157318
742787	0.000424811982
742831	0.0004469341187
742887	0.01088822772
742922	0.00536728999
743019	0.00449123615
743075	0.001467181716
743132	3.089368223e-08
743365	2.686140776e-07
743559	0.0004161786109
743680	0.001842612283
743792	0.004207671734
743842	0.004964907949
743947	0.002855897929
744068	0.002228673609
744130	0.01355069916
744174	0.003461997905
744211	0.007010228531
744224	0.0004204245675
744234	0.002773557093
744267	0.0005952449422
744269	0.001391844478
744476	0.0002119324247
744551	0.0008216924834
744583	0.001150485334
744642	0.01382097094
744679	0.004128703496
744769	0.002177916495
744781	0.004509881986
744982	0.001651636257
745073	0.0009018079126
745323	0.00614837696
745336	3.915206419e-05
745494	0.007492971684
745644	0.003169782778
745943	0.001251298195
745969	0.002640137127
745995	0.001080351468
746599	0.002586949822
746620	0.004773349224
746648	0.00976947256
746720	0.01128161718
746898	9.135423568e-08
746974	0.001114272149
746997	4.890063997e-07
747022	0.002589392356
747036	0.00291535215
747116	0.003209159489
747181	0.01015778549
747189	0.0006975211143
747234	0.004310468558
747800	0.01184358864
747823	0.01136734625
747927	0.007448832531
748007	0.0003114578847
748030	0.002955814267
748085	0.001245678042
748227	0.007232179972
748415	0.009699998621
748624	3.594713358e-07
748672	3.699532072e-05
749328	2.535080027e-07
749331	0.006678477514
749581	0.0004286977751
749627	0.01615073855
749788	0.0003643564863
749840	0.0001364623627
749873	0.009473073827
750097	1.400055381e-05
750311	0.006895411639
750444	1.370313523e-07
750547	0.0003863758245
750824	0.002042325876
750827	0.001174278488
750995	0.01182414306
751003	0.002015221323
751044	2.89975209e-08
751052	0.0189885685
751058	0.004368890338
751063	0.005734775118
751199	0.001958727157
751248	0.03340289041
751422	0.002722793365
751628	0.0003912052016
751639	0.0008160421004
751793	0.002794530023
751861	0.000942286728
751879	1.956003456e-06
752018	0.004567943608
752359	0.001293759626
752363	0.01282801078
752430	0.002730631674
752475	5.70963972e-08
752578	0.002085991646
752819	0.006448406913
752841	0.005931041254
752847	0.00305128562
752943	0.002021108439
752994	0.0001988017907
753130	0.001485623846
753240	0.004795514029
753463	0.002737983279
753547	0.01341652561
753634	0.008780594413
753832	0.002428844303
753918	0.006206494921
753986	1.49735682e-07
754009	0.00306546467
754026	0.003608477336
754094	0.002765600041
754103	0.001801666435
754113	0.003452804291
754235	0.006700215196
754404	0.006952349099
754425	0.0002025228951
754493	0.000566864013
754526	0.004237439108
754670	0.001055387586
754800	0.0006364877917
754875	0.02061438917
755018	0.002411870242
755026	0.002186243502
755069	0.009940036321
755155	0.001124318594
755439	0.0168289396
755618	0.0004666703504
755623	0.005750923654
755652	0.005712222379
755674	0.0008648645283
755681	0.005558955976
755795	0.00864691551
755871	0.0007310623837
755940	0.0009843323712
756032	0.001642622661
756064	0.002612146228
756065	0.001286793031
756120	0.01234259098
756195	0.0011480616
756673	0.00762051514
756731	0.01160126192
756743	0.00170685331
756852	0.02140868438
756993	0.01370955465
757203	0.002023232987
757282	0.0007274197894
757347	0.005715791431
757351	0.0286709086
757358	0.01033675948
757453	0.001586163647
757464	0.002654180437
757550	0.004194330736
757588	0.006741970246
757731	0.007218952996
757770	0.001814428631
757827	0.003231279429
757909	0.000272679748
758007	0.0007469211159
758190	0.01483652375
758202	0.005039513807
758621	0.00392335467
758742	0.0001598002957
758813	0.01390494403
758853	0.002841833403
758942	0.002522291801
758951	0.006555128975
759189	0.009337413406
759256	0.001096314468
759425	1.243885614e-07
759643	0.009844947918
759700	0.01164440408
759769	0.009154126968
759947	1.823409313e-07
759950	0.005123352265
760066	0.006113220038
760091	0.0117834141
760205	0.002315461776
760331	0.00443347838
760390	0.00770472431
760408	9.371549526e-08
760456	0.001750546812
760474	0.01768771225
760566	0.0004470850881
760773	0.01619160168
760801	0.0001305740906
760856	0.000521518553
761154	0.0007184629322
761221	0.002816871474
761224	4.637503229e-07
761329	0.001813907562
761370	1.619613041e-07
761672	0.0004876133166
761901	0.0003739818424
762126	0.003590709767
762169	0.007674520478
762286	0.001501134774
762326	0.002936658892
762388	0.001239645445
762555	0.005876272694
762572	1.837388115e-06
762704	2.682675483e-07
762737	0.00124285181
762914	0.01745030931
762938	0.002345818756
762940	0.0001020637536
763000	0.004890894953
763035	0.002457766739
763052	2.993466297e-07
763103	0.005147767147
763157	0.001609611727
763216	0.005447390557
763360	0.001365241599
763536	0.009360267501
763574	0.004645552277
763597	0.001670813256
763642	0.001069655042
763667	0.0001495374777
763830	0.000999510394
763857	0.004534606103
763899	0.0003933259723
763931	0.006519943151
764011	0.003683613206
764142	0.003994375139
764784	0.009614603847
764786	0.001486988069
764887	0.0002881821281
764952	0.0006596247096
765194	0.0002895939539
765349	0.01494506857
765359	0.004811038737
765369	0.005334997416
765433	0.0019954151
765609	0.002450958438
765648	0.01761612729
765654	0.00343707368
765712	0.001043734855
765989	0.005447777572
766078	0.0008023241134
766112	6.454770716e-06
766206	0.0029088919
766212	0.004810414209
766229	0.004508424758
766246	0.009518413032
766378	0.009882925577
766615	1.966195923e-07
766688	0.01210440025
766714	0.0001105093297
766919	0.005725553412
766927	0.003680939798
766944	0.002481744351
767073	0.01094336946
767130	0.003691181243
767203	0.003026346456
767462	0.008561329537
767797	9.718458966e-05
768082	0.003638304077
768101	0.003893445095
768153	0.000990909995
768272	0.01412745516
768305	0.00319504286
768320	0.0002208016665
768371	0.002843052639
768676	0.01294310469
768859	8.654019837e-05
768863	0.001102543151
769143	0.009946412709
769160	0.000539356519
769281	0.002490524346
769291	0.003913558606
769316	0.007034255244
769423	0.01229572105
769776	0.0009263557137
769827	0.0009521682657
769844	0.001709255865
769968	0.001692958337
769974	0.0001446022847
770149	0.004619479985
770179	0.0008739371987
770323	0.001711689043
770328	0.004067375598
770494	0.0008343399059
770610	0.0001748450622
770708	0.001692327795
770734	7.993495581e-08
770768	0.008406853744
770884	0.0008410393286
770938	0.003559059699
770977	0.0009904665861
771040	0.004381423911
771044	0.002361246459
771054	0.0002136574565
771092	2.707348012e-07
771206	0.007017005237
771327	0.01386936202
771356	0.002028796699
771537	0.006968063182
771696	0.00446305925
771791	0.004680558967
771970	0.009834352113
772005	0.007598064882
772048	0.006426707251
772326	0.01279627028
772418	0.002998466605
772530	0.004462068047
772569	0.0002019447083
772779	0.0006739708185
772808	0.001459373959
772897	0.0007543423248
772918	0.007222306226
772938	0.01284492977
772940	0.001487640517
773207	0.0002463738218
773276	0.01162712558
773384	0.0002070812779
773397	0.0004929405395
773408	0.002046377724
773435	0.01508646973
773437	0.01762067222
773445	4.70679298e-07
773594	0.001750112221
773696	0.0009674642517
773768	0.005759393831
773821	0.0009298713583
773857	0.008591792619
774009	0.002410249068
774182	0.000901802411
774217	0.0003206493844
774306	0.01753154387
774317	0.004617157005
774348	0.003526387452
774411	0.001544663973
774425	0.01601481464
774464	0.0002299937238
774465	0.01066450417
774485	0.004433364449
774509	0.003043774695
774538	0.007207307548
774707	0.004288385037
774854	0.004138838782
774866	0.003612275695
774890	0
774988	0.002387775812
775059	0.007359350521
775273	0.004855271339
775381	0.005863367609
775475	0.002475763597
775476	0.004687350471
775564	0.002406423136
775604	0.001312647686
775645	0.004107002818
776223	0.0007972548505
776468	0.01028193043
776539	0.001541514016
776612	0.003174399121
776821	0.003726119501
776868	0.01496601339
777055	0.01675758795
777061	7.751149936e-05
777131	0.008905980985
777340	0.003352720015
777401	0.01385966883
777491	0.007793359135
777498	0.0010318064
777629	0.002295807406
777756	0.0006571719865
777798	0.01245197157
777921	0.002856979205
777925	0.0005458666405
777932	0.005852318998
778012	0.01353888785
778030	0.000910605674
778104	0.002100098145
778279	0.0004762959758
778359	0.004850676768
778422	1.827084733e-08
778426	0.009901723642
778438	0.004008857462
778448	0.004574536466
778486	0.004200611378
778525	0.002109419155
778613	0.002468111738
778848	5.458111704e-07
778929	0.00236657589
779121	0.0002237583903
779242	0.0003536471172
779301	0.003832314206
779303	0.005269508673
779479	0.0032699854
779492	0.002831244515
779498	0.001928941168
779526	0.000808426461
779538	0.004348562794
779542	0.004929357986
779546	0.001705820065
779554	0.001316555569
779569	2.309009956e-07
779595	0.01323896619
779639	0.01513629546
779886	0.01119488248
779921	0.005896253965
780017	0.005978998267
780072	0.0009293356634
780290	0.001994930014
780386	0.006978413721
780471	0.01031166458
780914	0.005087932227
780992	0.0173702274
780999	0.01606117196
781343	0.001007287319
781530	0.00234374407
781563	0.0006565948694
781694	0.001070144737
781763	0.0009140782452
781826	0.0008798246141
781880	0.0004378183419
781897	0.0009572446554
781945	0.01478959722
781968	0.0001341584058
782021	0.004419763447
782052	0.0001658004981
782069	0.0001451634173
782172	0.009865090371
782192	0.01290089259
782281	0.001938897968
782303	0.0002942820135
782358	0.0141100314
782433	0.004037066709
782476	0.0006031437361
782730	0.007182942199
782823	0.003232688649
782972	0.003099343875
783067	9.538057454e-06
783240	0.006159708647
783268	0.0005377543653
783383	0.002938051614
783393	0.01144999337
783628	0.001045901691
783640	0.008309358471
783766	0.00134489802
783806	0.002410124187
783862	0.01057867642
784091	0.00567044176
784138	0.001122578284
784201	0.001654137706
784307	0.00205635947
784325	0.000655246885
784380	0.01221590254
784408	0.002973824468
784415	4.933885342e-06
784501	0.007328803988
784544	0.00678963627
784759	0.0006248736044
784835	0.0006747242275
784877	0.01436894403
785007	0.01911351813
785026	0.005261175096
785126	0.01166750391
785272	0.004635640858
785360	0.02468563582
785511	5.414534155e-07
785531	0.005483027179
785642	0.01156549549
785667	0.001780693123
785669	0.0009118112859
785699	0.001066682342
785765	0.003415828098
785784	0.000483479223
785787	0.002481730371
785831	0.01068841669
785837	0.001468330519
785889	0.00735322743
785940	0.003709689771
786087	0.002764549389
786243	0.006545058248
786470	0.002167394866
786477	0.001283439187
786491	0.003575794888
786509	0.0134057249
786674	0.0002192460263
786914	0.003652910676
786962	0.001320613743
787011	0.001858851965
787138	0.0005072763244
787215	0.0008205566283
787257	0.006291132913
787293	0.006606373431
787387	1.43964246e-06
787426	0.005112142096
787708	1.29766516e-07
787861	6.385376726e-07
787955	0.006572664232
788001	0.002792658517
788185	0.001362445677
788201	2.28640904e-08
788302	0.005309722438
788324	0.0166838279
788356	6.437170562e-05
788471	0.003644001685
788530	0.002630533349
788553	0.0004214944608
788641	1.278543226e-07
788777	0.01024372574
788811	0.01106587633
788817	0.009742049083
788818	0.003017129782
788886	0.0007716424119
789156	0.0003396504016
789300	0.001469964278
789309	0.0092445906
789314	4.681687043e-07
789421	0.0006460515489
789470	0.0001152535274
789472	0.002624083463
789509	0.001334103821
789551	0.0002954524545
789564	0.01927374428
789786	0.0151780034
790020	1.326920266e-07
790075	0.0185093103
790117	0.01399526115
790122	0.002727507706
790223	0.003280471972
790417	0.01399825097
790485	0.00223640032
790582	0.005435307181
790638	0.00290933221
790696	1.20433636e-07
790803	0.001597785766
790869	0.002602148864
790932	0.0003297115445
790975	0.001135021121
791205	0.008390582526
791334	0.002619787807
791432	0.002854823085
791454	2.829801072e-05
791811	0.008695373682
791848	0.002810541596
791864	0.001205435167
791866	0.001748184039
791916	0.00127773441
792016	0.0009095838809
792031	0.003110655668
792112	0.01263237604
792351	0.0114605465
792364	0.006289502341
792383	0.004904037805
792641	0.003017574418
792866	0.002228395637
792942	0.002606243703
793088	0.0002856781837
793191	0.002156392374
793220	0.004823473402
793258	0.001984400971
793467	0.001396140587
793556	0.002687427472
793946	0.001162029917
793961	0.01168512687
793976	0.0004265935822
794132	0.0008951341971
794151	0.005516048526
794164	0.001177833306
794211	0.0008185929232
794334	0.01009984798
794336	0.0007792347992
794378	2.62746955e-07
794404	0.009489497514
794489	0.001656398211
794535	0.003098167086
794693	1.379013928e-07
794888	0.004991326542
795046	0.003812997954
795113	0.0001445991708
795237	0.002998010049
795419	0.009974541465
795813	0.0002496474008
795850	0.002642759287
795940	0.000350137971
795968	0.00192703228
796054	0.006278740918
796104	0.01408689071
796123	0.003114402551
796204	0.006081716529
796386	0.006949323136
796566	0.02406515988
796579	3.882554991e-08
796585	0.001588646452
796700	0.001958689484
796866	0.005625833379
797004	0.01026926074
797119	0.006128487926
797184	0.00151048321
797187	0.0006325112658
797234	0.004526815199
797293	0.0009392157688
797352	6.775439108e-08
797377	0.0140006734
797440	0.002544098526
797580	0.004824603635
797619	0.004464242266
797772	0.001375446511
797793	0.01160751459
797922	0.02859994326
798035	0.002854098972
798052	0.001178767461
798073	0.00525344337
798199	0.001805506278
798261	0.0007030908476
798416	0.00276756191
798480	0.01062842767
798486	0.0005297907122
798761	0.003445025309
798952	0.001131533866
799076	0.00108296216
799325	0.01541979382
799381	0.0006366516757
799423	0.002780994812
799441	0.006678685633
799462	0.001738046658
799476	0.0001919247961
799577	0.001317062578
799579	0.001826767
799646	0.00245636067
799666	0.00103149187
799681	0.01159089024
799832	0.009810873374
799884	0.0006619158724
800043	0.0006928772119
800049	0.0004139315395
800103	0.001872435187
800163	0.001214465771
800319	0.001914876725
800350	0.003381922403
800408	0.007462133849
800461	0.003062070622
800523	0.01782701889
800529	6.968013849e-05
800563	0.006496076597
800706	0.001558522393
800742	6.786314576e-08
800900	0.00311768834
801136	0.001078944326
801268	1.164389985e-06
801341	0.002280303138
801448	0.001257024125
801576	0.004043873311
801650	0.001072583539
801824	0.001613658157
801880	0.0003090696026
801900	0.001586873627
802012	0.005831425631
802103	0.01138649232
802217	0.001453571905
802258	2.401495161e-07
802267	0.01674850591
802431	0.003681323737
802688	0.00670950028
802793	0.01580908701
802844	0.01118723679
803086	0.0186619798
803147	0.01991583223
803200	0.004705843072
803363	0.0006390930512
803537	0.006594921854
803542	0.0008127265862
803582	0.001071778736
803651	0.002890925973
803784	0.0008140313184
803871	0.002583295178
803980	0.005149672823
803993	0.002574191573
804109	0.0002425216515
804113	0.0002972285949
804252	0.002704663586
804303	0.004892329285
804315	0.01077168853
804694	0.0005889953094
804702	0.008841945551
804704	0.008725318757
804733	0.00185072512
804859	0.002814067899
805072	0.01609721649
805114	0.00745928755
805277	0.00558362102
805308	0.003832375579
805327	0.0005087268251
805378	0.001510504735
805482	0.007534715053
805548	0.001384157944
805770	0.002253486825
805887	0.001863161618
805902	0.002975575032
805905	0.01463275966
805958	0.00432139996
805970	0.00420549689
806057	0.006319860463
806076	0.002653675758
806190	0.002277617018
806284	0.01977194267
806337	0.0001141415675
806360	0.001135122066
806409	0.02135590292
806740	0
806841	0.004871363975
806877	0.0001575833438
806883	0.0007393546509
806955	0.00373290364
806964	0.009133104587
806988	0.0003697571991
807053	0.0211604265
807156	0.006201806397
807304	0.004204992905
807307	0.003628771212
807437	0.004742651087
807484	0.00464808854
807631	0.004610389206
807639	0.003471327734
807694	0.00200483317
807715	0.001388356397
807827	0.02506809473
807920	0.002663905128
807956	0.01384110018
807970	0.006573849083
808040	0.003659382163
808065	0.01212056994
808066	0.002208702614
808239	0.005386406086
808247	0.0007412394302
808428	0.002560460118
808455	0.005807847871
808551	0.01845899791
808791	0.00104426717
808818	0.001875351046
809027	0.005902171735
809105	0.01128107224
809214	0.001173627037
809413	0.002411178217
809516	0.001308174397
809550	0.003524031344
809669	0.00103218076
809712	0.01473495664
809825	0.005595994519
809827	0.0005374144866
809838	0.008952025545
809856	0.01342552116
809952	0.007947818877
810047	0.001899284614
810089	0.01138582165
810174	0.001451547488
810216	0.004189793534
810289	0.001474269179
810711	0.005216636152
810813	0.0008349705834
810850	0.001417959674
810921	0.003656124362
811055	0.01589514265
811093	0.0004519374513
811208	4.643840257e-08
811256	0.000639807788
811379	0.01594430291
811416	0.002508518885
811431	0.004311343402
811600	0.003104452092
811700	0.003062826292
811870	0.01493728091
811908	0.00355788277
811935	0.004301885191
812080	0.001093786032
812122	0.03119999621
812168	0.007586239831
812314	0.002650156919
812420	0.02035331883
812489	0.001611750226
812588	1.94180134e-05
812610	0.006180743666
812624	0.03748022922
812794	0.001389815391
812945	0.002101260295
812954	0.01145676438
813281	0.0035057077
813346	0.02574804894
813368	0.006609200575
813437	0.0004349839689
813465	0.003616630651
813481	0.001032604075
813529	0.001547205124
813572	0.005172268804
813656	0.001519293163
813671	0.001848518426
813705	0.0007244414191
813801	0.01107469536
813809	0.008369448891
813836	0.0005202517393
813984	0.001230060903
814043	0.006349956188
814058	0.004075083973
814148	0.001548674384
814278	0.008700644114
814547	0.0112454398
814587	0.0008955277506
814772	0.006798919147
815018	0.00171351699
815046	0.002931919966
815069	0.00327027941
815096	0.002059452924
815136	0.01834272763
815219	0.001990011817
815292	0.005863447897
815380	0.01330467486
815384	0.008486581776
815628	0.01961639268
815710	0.01689161848
815767	0.0007972232151
815769	0.02224150347
815781	0.001319809643
815788	0.001659304453
816103	0.001982413702
816108	0.006600062832
816220	0.002651317061
816236	0.002026562811
816260	0.001044895372
816292	0.002782895859
816320	0.01024087106
816367	0.01500404333
816387	0.001189516915
816452	0.004202859214
816565	0.002373213222
816619	0.003159286033
816634	0.00207613291
816695	0.003764080204
816708	0.008416261014
816733	0.0006780554671
816900	0.004865938337
816943	0.0027118701
816983	0.003182883618
816989	0.0143498882
817048	0.008186837934
817051	0.002457413311
817136	0.0005506791895
817184	0.0009006987846
817187	0.004056221913
817190	0.001133922739
817338	0.003560291535
817378	0.009968598491
817407	0.003554070103
817448	0.002232484999
817519	0.0037065719
817617	0.002566922245
817636	0.002644513124
817758	0.001325352422
817763	0.002896143506
818052	0.0009143830467
818573	9.231516655e-05
818611	0.005516484974
818654	0.009051235693
818696	0.02120589495
818708	0.0004416841627
818777	0.001106149155
818805	0.02142787332
818822	0.002823139938
818892	0.003591232102
818903	0.003093298341
818916	0.009425473599
818936	0.0003098535995
818974	0.005679824123
818987	0.00247137971
819163	0.004379885325
819205	0.005306411465
819356	0.004448159341
819555	0.0003627748569
819616	0.00121390145
819727	0.0008660574638
819825	0.000443102653
819845	3.838617962e-07
819906	0.00088947818
819943	0.001584172308
820099	0.007833063561
820125	0.005140088036
820268	0.007703777234
820624	0.01017445021
820638	0.001743543702
820688	0.0006300357403
820811	0.0006237996112
821010	0.008578565887
821063	0.006172013497
821093	0.001180304547
821151	0.003719376314
821218	0.01317030014
821307	0.01428268321
821540	0.001920278583
821615	0.003530494955
821709	0.000128338256
821777	0.001026482678
821838	0.001143497084
822132	0.004491533127
822148	0.00279216061
822186	0.001970441085
822202	0.001023155021
822403	0.01599159278
822485	0.003647535626
822489	0.003996245198
822542	0.001107724854
822668	0.001225639892
822772	0.003893764797
822790	0.0006133963143
823007	0.00237830649
823017	0.005230138969
823070	0.0002296535918
823262	0.01927196858
823350	0.002174774021
823358	0.008046701988
823359	0.005648019974
823389	0.000784646568
823397	0.003833174729
823520	0.0003600790699
823661	0.001903793666
823757	0.002852151577
823792	0.006074801142
823820	0.0002600786847
823889	0.002036933225
824010	0.007125954519
824018	0.000491296507
824214	0.005061483116
824399	0.003548247933
824470	4.717431197e-08
824608	0.002361055933
824620	0.004803092836
824627	0.001122411424
824635	0.00893177467
824728	9.121470177e-05
824829	3.822693644e-07
825006	0.0002190164225
825017	0.006824483688
825111	0.004571530271
825235	0.0005481736722
825257	0.0004295974005
825290	0.0005253818155
825301	0.002588946071
825317	0.007869544896
825418	0.001834686017
825437	0.001720266356
825817	0.007442379995
825875	0.002893819515
825959	0.006103562946
826098	0.001171047052
826111	0.001065570829
826324	6.136045591e-05
826419	0.01765640354
826427	0.003692796083
826436	0.0004860163924
826520	0.002093699585
826563	0.001594136776
826753	0.002832828753
826780	0.002064420543
826901	0.0001220752254
826905	0.01109671526
826987	0.001597243362
827111	0.0003982887278
827193	0.002961013622
827230	0.002487115755
827454	0.001835734389
827573	0.002506144715
827679	0.003519316252
827682	0.003136897294
827788	0.01276580133
827793	0.003928493463
827815	0.001343086189
827832	0.007617024083
827873	0.0009878595691
827879	0.006274001983
827900	1.900975742e-07
827971	0.005016168696
828134	0.0005537475432
828155	0.002336738877
828592	0.0005320867887
828623	0.00192442568
828731	0.0008455286701
828866	0.000386528548
828936	0.0002300559764
829011	0.003289080587
829338	0.006336355979
829432	0.004224592879
829494	0.01491153349
829640	0.0002553175887
829680	0.0007452348455
829777	0.002792568714
829944	0.002593785336
829949	0.01482326031
830010	0.0007303474094
830028	0.0001092045003
830154	0.0002596885584
830272	0.004654044825
830337	0.01095639159
830514	0.001997577444
830538	0.001420907018
830561	0.001025791512
830597	0.006195434942
830645	1.86244406e-05
830668	0.004429279749
830815	0.007288994345
830957	7.077673795e-05
831043	0.004486737469
831095	0.00517431169
831103	0.00178008952
831216	1.739970381e-07
831340	0.002363429709
831379	0.02741861641
832100	0.0006675690181
832123	0.004312957253
832458	0.0008561165775
832512	0.0008269265084
832539	0.008152614573
832581	0.009540150863
832651	0.007245722739
832658	2.964398797e-08
832689	0.001116740547
832782	0.0007867961989
832899	0.0003639299765
833050	0.002813623471
833110	0.006229682669
833236	0.005438424044
833258	0.002186776862
833391	0.005496069527
833482	0.007670653411
833497	0.0148826716
833532	0.001899729269
833591	0.00521959924
833631	0.005542103049
833686	0.002352724041
833834	0.000370501582
833894	0.004665979108
833946	2.639320084e-07
834025	0.004288771339
834144	0.01107100909
834216	3.247691314e-07
834226	0.000497731152
834378	0.009958549898
834492	0.006363146189
834561	0.0126868633
834650	0.02843675439
834732	0.004322048693
834736	0.008827054251
834906	0.001229954039
835035	0.0006916544754
835197	0.001001363001
835432	0.006981569768
835528	0.0005698784795
835655	0.001690911626
835768	0.01211651692
835819	2.570085093e-07
835825	0.0003479051601
835897	0.004292362276
836064	0.0003655879887
836123	0.008896852666
836156	2.84566452e-07
836283	0.001400328384
836525	0.001316767926
836555	0.001791493654
836671	0.005666834138
836723	0.001459669946
836852	0.0004692872209
836996	0.001623888182
837015	0.009281584526
837085	0.00053956276
837202	0.001023247414
837372	0.0006167378461
837422	0.003053243112
837516	7.880549212e-06
837547	0.005968149782
837848	0.003455102652
837867	0.01989204214
837884	5.890183929e-06
838082	0.0004113176199
838192	0.006513773446
838202	0.007371997396
838227	0.004367691939
838270	0.006630079385
838383	0.005759116907
838395	0.000184216158
838424	0.003418406333
838514	0.0006339437731
838781	0.001404159121
838841	0.001975726958
838850	0.008849953859
838893	0.003136020179
839238	0.001084554172
839386	0.004894925786
839393	0.0003953905908
839456	0.002434915307
839667	0.0003236665878
839711	0.01437122289
839734	0.0008279426165
839838	4.811323051e-08
839889	0.0003626912665
839905	0.001379722353
839963	0.01721784106
839998	0.0002462305559
840126	0.0005660634951
840182	0.004106162405
840321	0.004163927229
840323	0.005728467471
840351	0.0002108357052
840482	0.0003794648447
840526	0.005896450494
840586	0.001265163516
840646	2.299081584e-08
840657	0.001469711155
840671	1.723771378e-07
840678	0.0003010114686
840786	0.001542544438
840998	0.001527232393
841003	0.001338320928
841031	0.001135718613
841040	0.001534517757
841089	0.007299514298
841201	0.002641019527
841454	0.004163817322
841507	0.003333727112
841665	0.009645637073
841831	0.01582482614
841841	0.001858076749
841992	0.01082402107
842041	0.003836651818
842053	0.01141744143
842227	0.002902032184
842403	0.003204967394
842409	3.395009298e-07
842533	0.004755906541
842641	0.006112105619
842800	0.0005918500017
842863	0.0008174182896
842949	0.00665782757
843169	0.007557636113
843225	0.00185457443
843341	2.30669444e-07
843406	0.007977328506
843459	0.003250199681
843700	0.01469875801
843840	0.003026481931
843847	0.0008549831048
843860	0.004946506444
843919	0.005879886954
843975	0.01507011678
844112	0.0007885253628
844179	0.007447881618
844238	3.265913908e-07
844373	0.005889287249
844423	0.0005176653145
844502	0.01721089759
844688	0.00124506381
844973	0.01195488537
845166	0.006224699423
845284	0.01102376454
845305	0.001015160556
845545	0.005734076028
845706	0.007108065745
845883	0.003562353742
846063	0.001039021772
846121	0.002044132716
846276	0.004835607839
846335	0.001432511866
846379	0.00223717683
846625	0.01346042848
846654	0.0007656154903
846825	0.004157559561
846906	0.00083194918
847004	0.004502574564
847187	0.00688601508
847343	0.01402175815
847404	0.004782801445
847518	0.0001002948667
847663	0.003092850155
847665	0.0004228565935
847668	0.003887571683
847744	3.450767317e-06
847863	0.003745032899
848037	0.00346382003
848052	0.01096347212
848208	0.01424310241
848239	0.004496670822
848251	0.01121596723
848285	0.008350552697
848340	0.0007949480696
848379	0.0008162154518
848555	0.0037264578
848611	0.0009635108613
848632	7.501612449e-07
848634	8.221881559e-09
848714	0.003472533647
848718	0.001061107389
848765	0.005512047585
848816	3.658741244e-07
848849	7.612852827e-10
849010	7.672826702e-05
849018	0.0005088921395
849091	0.002762646628
849193	0.00052521828
849207	0.003103645016
849268	0.01445461489
849300	0.002641553623
849495	0.008490591903
849503	9.819243934e-05
849520	0.002849092571
849720	0.008292490232
850146	0.003949907934
850172	0.002223552925
850228	0.0001749557826
850476	0.008621618714
850489	0.0007721171976
850515	5.36179803e-05
850773	0.005489221547
850833	0.001135140278
850908	0.0004144855121
851012	0.0005529571615
851058	3.723840063e-17
851158	0.008625638413
851207	0.004317718726
851249	0.0006565671628
851263	0.0008129498551
851555	0.0002936744878
851662	0.003352223932
851769	0.007348308707
851961	0.0261808969
851981	9.644690464e-05
851994	0.0007848994022
851996	0.0007050442915
852093	0.01331123976
852171	0.00381272172
852317	0.001655319005
852479	0.007183631633
852627	1.928939779e-06
852721	0.002404933547
852738	0.001082624399
852767	0.00144161773
853073	0.0001073253954
853090	0.0006004081745
853177	0.0006771073566
853207	0.001923405996
853268	0.007140272849
853338	0.0009492035225
853390	2.498538332e-07
853499	0.002101639558
853535	0.002464378973
853556	0.0003847399248
853576	2.056216452e-06
853688	4.734676585e-07
853771	0.009786275475
853794	0.009335774768
853918	0.001669205801
853942	5.022192057e-07
854059	0.003144343866
854306	0.01076571774
854355	0.003016491453
854452	0.007743624278
854536	0.002019275048
854802	0.0009577028195
854803	0.004574412512
854818	0.01006024661
854900	0.0003854058454
854977	0.008251505949
854987	0.00674540812
855000	1.425845617e-07
855048	0.003013478395
855052	8.527415847e-05
855191	0.002763582699
855358	0.006159449836
855432	0.002988630627
855435	0.0005258281323
855562	0.003021176626
855603	0.0004460740444
855674	0.004192653173
855876	0.002033083484
856091	0.005479844887
856183	0.03150677909
856223	3.017569109e-07
856278	0.002621126603
856395	0.006884621563
856445	6.462224632e-08
856561	0.0002847226548
856583	0.0008194382427
856691	0.007056094119
856720	0.01510276149
856745	0.004187242637
856761	0.001685508173
856899	0.01778109126
856945	0.0002075080601
857142	0.0005487752926
857191	0.001366143638
857210	0.005043137859
857241	5.101527167e-07
857245	0.01392768798
857318	0.009994488509
857485	0.0002772925063
857502	0.001012254734
857526	0.004912644818
857577	0.008938145928
857595	0.0003309595111
857689	0.00382176097
857705	0.001410203677
857735	0.005579187742
857756	0.002736080436
857786	0.01248857007
857868	0.005953492484
857910	0.0008163361588
857914	0.005339582188
858243	0.0002323168317
858290	0.004931965331
858349	0.002753440675
858362	0.0005949576526
858383	0.0008866183973
858465	0.003770441286
858552	0.01167012946
858640	3.113149324e-07
858689	0.001342062644
858810	0.007667942262
858845	0.002835961293
858969	0.008822058597
859018	0.01154228319
859034	0.005720792163
859076	0.003722931091
859223	0.0001783715574
859246	0.004488900715
859280	0.002302650119
859660	0.00214290862
859781	3.051229199e-08
859804	2.074805334e-06
859813	0.01008695747
859871	0.002911284411
859901	0.01340365912
859962	0.01569200059
860145	0.01434123066
860169	6.910004587e-07
860241	0.003768475402
860245	0.01099611666
860313	0.004883209519
860606	0.005672330398
860621	1.769014581e-07
860778	0.01540859141
860815	0.002069630079
860903	0.002591841559
860920	0.005177988077
860941	0.0005603278591
861234	0.001938640082
861328	0.006662956896
861384	0.004872994297
861423	0.000521530366
861449	0.008226812831
861569	0.001727517633
861599	0.007816922553
861604	0.00195700066
861700	0.003383844143
861972	6.506183888e-06
862044	0.0002892193203
862098	0.004282029784
862444	0.0007881421238
862491	0.0132242742
862650	0.0006411285443
862656	3.151395868e-07
862794	0.01226126301
862795	0.0007788017177
862880	0.005960032803
862988	0.0008212718922
863000	0.007083618333
863016	0.01535720601
863038	0.0005326198329
863050	0.001849063956
863288	0.001092253972
863366	0.0001556446948
863418	0.001703080063
863647	0.009225106462
863684	0.01293379422
863757	6.809195762e-07
863844	0.001057006708
863950	0.002117567801
863954	0.001309321254
864054	0.007282072693
864468	0.003673169281
864617	0.0007769463677
864721	0.0006874823364
864951	0.0006176822174
865021	3.762441769e-07
865082	0.001605680694
865090	0.00991399047
865187	0.01020850847
865301	0.00177329519
865343	0.001867293843
865357	0.001355718083
865418	0.01108581768
865444	0.001960588478
865615	0.004266654905
865631	0.003746272566
865700	0.004184809306
865853	0.002397062688
865937	0.001059238248
865943	0.007231488208
865952	0.001495842684
866051	0.007773726963
866123	0.001485734549
866144	0.009741343104
866295	0.0008311250117
866313	0.02091489682
866468	2.928815734e-07
866604	0.01803847236
866637	0.01266805278
866657	0.001474514724
866671	0.00908172096
866764	0.005297417643
866862	0.0007394602737
867237	0.006103365129
867303	0.006920128692
867320	0.003959670935
867627	0.0003380546887
867660	5.966084092e-07
867788	0.004111657823
867944	0.01199383352
868094	0.003439981161
868220	0.006273883303
868243	0.002091944683
868244	9.712207868e-05
868280	0.01240275811
868331	0.001099367247
868452	7.384467326e-08
868458	0.001155476635
868518	0.008119727329
868584	0.009377335058
868604	0.001418194171
868668	0.00760371847
868697	8.419815345e-08
868823	0.007448438066
868957	0.000119659105
869085	0.0003484593949
869140	0.004259026397
869182	0.0007226473207
869342	0.005849619976
869445	0.003304899306
869511	0.006077801083
869550	0.001270816099
869601	0.0118641395
869608	0.009535859644
869613	0.007634552569
869648	0.002780204514
869787	0.008261443153
869860	0.008408047342
869902	0.00633418237
870054	0.00990230124
870152	0.001507958455
870331	0.001704101527
870402	0.005763937809
870525	0.004858639698
870563	0.006010448633
870600	0.0005009795682
870895	0.01955391685
870906	0.0111671494
870990	1.644376237e-07
871015	0.005824761411
871085	0.0002566665743
871176	0.0001324169012
871220	0.004150452088
871352	0.0008682698963
871387	0.002331780533
871584	0.0006226763245
871758	0.002467440384
871782	0.00140280951
871988	1.497093645e-08
871995	0.002433328326
872201	0.01305239004
872270	0.007421753831
872339	0.003763057933
872528	0.009278746696
872610	0.005884747703
872647	8.982544011e-05
872749	5.374391892e-08
872833	0.003627325066
872872	0.006853311049
873170	0.01102897515
873174	0.001448189589
873209	7.253861822e-07
873217	0.02961436052
873228	8.90703793e-08
873284	0.005999908212
873324	0.003971477862
873387	0.01672479478
873605	0.006468056146
873624	0.002343001882
873782	0.0006266051351
873867	0.008832695938
874022	0.001769483111
874112	0.001126760859
874302	0.01143654027
874360	0.002872136348
874476	2.231729231e-07
874485	5.89419667e-08
874562	1.346569068e-05
874660	7.448322632e-05
874912	0.0009760704079
875330	0.0001705815538
875385	6.623182078e-08
875468	0.007447777966
875501	0.002509001262
875546	5.125169357e-07
875625	0.01420872447
875677	0.007493382513