node_id	error
0	0.004256450728
1	0.002106774668
2	0.001340139032
3	0.00226615646
4	0.0009434348043
5	0.001167176361
6	0.003845419263
7	0.001522823401
8	0.001591653622
9	0.001038850856
10	0.003425685726
11	0.002146778773
12	0.0002365164741
13	0.002292011145
14	0.002194334383
15	0.002159328091
16	0.003233255323
17	0.003805199909
18	0.002520171145
19	0.001462312121
20	0.001109353299
21	0.0007245071421
22	0.006895976382
23	0.0008267244667
24	0.001396392451
25	2.53416228e-05
26	0.001939461344
27	0.004946796975
28	0
29	4.398727067e-06
30	0.001872161945
31	0.001514352845
32	0.0009361335791
33	0.001276380158
34	0.001396922282
35	0.007799952024
36	0.002357843094
37	0.004112174987
38	0.002656549609
39	0.002310232127
40	9.974238722e-05
41	0.0003676123574
42	0.002329199145
43	0.002539813077
44	0.002106852306
45	0.001159619781
46	0.002115505525
47	0.001372170523
48	0.0002652520832
49	0.0008086544549
50	0.001244523352
51	0.006253622661
52	0.00498644354
53	0.001616955886
54	0.002126751685
55	0.003276890327
56	0.001930902648
57	0.000796278854
58	0.002121177865
59	0.0004886314461
60	4.211907504e-05
61	8.287888935e-05
62	0.00217295442
63	0.002346418639
64	0.002064492046
65	0.0004789324895
66	0.001736952683
67	3.30184681e-05
68	4.453224294e-05
69	0.001827783283
70	0.004134794727
71	0.002835981719
72	0.002110882194
73	0.002608749505
74	0.002421744372
75	0.001133158482
76	0.001134815913
77	0.003614931863
78	0.00291259948
79	0.005182146461
80	0.002477518642
81	5.159372121e-05
82	0.0007513445748
83	0.001992201053
84	0.001406200561
85	0.001309495189
86	0.002824892712
87	0.001298690266
88	0.0004841332341
89	0.005795671587
90	0.001751258156
91	0.001833383242
92	0.002110527781
93	0.00135849335
94	0.000956167619
95	0.002203708458
96	0.0003635189578
97	0.002599649543
98	0.001890131962
99	0.0009694990968
100	0.000780843661
101	0.002853254373
102	0.00209660431
103	0.003198097041
104	0.001435177874
105	0.001220040476
106	0.001441164084
107	0.001842608165
108	0.001815492895
109	0.0002026825463
110	0.003093883624
111	0.004344688863
112	0.0001061557258
113	0.001947232495
114	0.002171238293
115	0.001833949148
116	0.0007881523577
117	0.003987647168
118	0.00251930154
119	0.002355994865
120	0.001153815456
121	0.000833731611
122	0.002105515503
123	0.002031690479
124	0.002535655456
125	0.004145547964
126	0.003211631861
127	0.003285282033
128	0.0008830804125
129	0.001388621333
130	0.0002134857849
131	0.0009963178193
132	0.002697445396
133	0.000458478803
134	0.0006389814422
135	0.004393334624
136	0.001971853176
137	0.0006575486616
138	0.0002498300728
139	0.003552299041
140	0.002327489092
141	0.004778609681
142	0.001655613838
143	0.00226803275
144	0.00175764724
145	0.002083299931
146	0.003240428197
147	0.002633618161
148	0.001315730287
149	0.0003960684489
150	0.002643401714
151	0.00189764454
152	0.00110304292
153	0.003264636386
154	0.00154636366
155	0.001562568002
156	0.001868657759
157	0.003830938739
158	0.001206681337
159	0.00141659173
160	0.002323572086
161	0.00100465747
162	0.0020288357
163	0.0001499276257
164	0.002043314214
165	0.0001379239026
166	0.0004541190222
167	0.002389378674
168	0.001615277833
169	0.002449611851
170	0.002816549108
171	0.00332941799
172	0.001635358916
173	0.001540364732
174	0.001805333338
175	0.0004638541844
176	0.001998960754
177	0.002242473024
178	0.00179669333
179	0.001341169108
180	0.001785775999
181	0.002819524305
182	0.004092790587
183	0.002236629992
184	0.0002415092553
185	1.361830154e-05
186	1.842643071e-05
187	7.356948229e-06
188	6.539509504e-06
189	0.002106411353
190	0.0009941306478
191	0.001232638939
192	0.002773660941
193	0.003329680696
194	0.003391697191
195	0.001852044683
196	0.000135213178
197	0.001714337226
198	0.00130419438
199	0.0001635419596
200	0.006020343659
201	0.000452960284
202	0.001625681797
203	0.00176777454
204	0.0007696540955
205	0.003694415417
206	0.00324635276
207	0.0009853147881
208	0.003844363128
209	0.00186815274
210	0.001203676514
211	0.0001833986869
212	0.00132221212
213	0.0001585851598
214	0.002455314824
215	0.002336557194
216	0.003257217938
217	0.0007945899227
218	0.002058707041
219	0.001550853841
220	0.001979471615
221	0.009730018417
222	0.0008371750499
223	0.001837065851
224	0.003214973134
225	1.415114469e-05
226	0.001774208482
227	1.700614709e-06
228	0.001260164864
229	0.001068637344
230	0.001577632744
231	0.0006475615511
232	0.0008091742546
233	0.0005165744288
234	0.000867009645
235	0.002182569318
236	0.002259112553
237	0.001613784842
238	4.768392368e-06
239	6.267030003e-06
240	0.002534017829
241	0.0003512692657
242	4.632152589e-06
243	4.632152589e-06
244	0.0009171131983
245	0.002393424029
246	0.001286513808
247	0.002810486917
248	0.001994050316
249	0.0003277115139
250	0.001660616535
251	5.72207084e-06
252	1.198910082e-05
253	0.002874948519
254	0.002739792967
255	0.000458029214
256	0.002427738697
257	0.001685008903
258	0.003553666757
259	0.0005952478242
260	0.002235340598
261	0.002413297603
262	0.001870790307
263	0.0002230417308
264	0.001129979258
265	0.0004893831541
266	0.00120362946
267	0.003103221287
268	5.32806635e-05
269	0.002315979083
270	0.000467232994
271	0.0007181056484
272	0.0005826478426
273	0.00179028143
274	0.001101824754
275	0.001214369762
276	0.002308159583
277	0.002550715328
278	0.003477970478
279	7.045211381e-05
280	0.0003918979399
281	0.002934054502
282	0.003214534079
283	0.002468741689
284	0.001199949984
285	0.001706960032
286	3.188767784e-05
287	3.022479562e-05
288	0.002514969051
289	0.003975743872
290	0.002251243527
291	0.0001264255556
292	0.001676822626
293	0.0006281603879
294	0.0009104308183
295	0.005011529258
296	0.001198278565
297	0.0008268853619
298	0.002368115789
299	0.001302372216
300	0.001680777012
301	0.001117115157
302	0.0001968073251
303	0.002957027552
304	0.0002127261318
305	0.002052982076
306	0.001640972895
307	0.00145280428
308	0.001305768591
309	0.0003393776471
310	0.002290773969
311	0.001900460071
312	0.002064180641
313	0.0003436273118
314	0.004028858787
315	0.00199327524
316	0.001200958448
317	0.001693935422
318	0.005336613138
319	0.001562289167
320	0.001793108353
321	0.004038687639
322	0.001929277669
323	0.002738318547
324	0.001751215508
325	0.0005555591613
326	0.001104255907
327	0.001828406153
328	0.0004497813187
329	0.00251586551
330	0.0008286696822
331	0.002778131511
332	0.00188647044
333	0.002535698237
334	0.001919752542
335	0.00128544927
336	0.0007585270201
337	0.0002723151395
338	0.001239576398
339	0.0009671317354
340	0.001082106964
341	0.001684299384
342	0.001035308061
343	0.002547748888
344	0.001554447372
345	0.001844300169
346	0.003309341649
347	0.003336790129
348	0.001797012901
349	0.001595830954
350	0.0005297724333
351	0.002383090784
352	0.001915534211
353	0.006106596051
354	0.001144240732
355	0.0003099332472
356	0.0003727879515
357	0.001940162035
358	0.002280975521
359	0.001617808545
360	0.002523448038
361	0.0008054076142
362	0.002212292153
363	0.0007923605082
364	0.0003490812467
365	0.001175319411
366	0.001149660105
367	0.006037760638
368	0.001885408259
369	0.00141542316
370	0.002214527022
371	0.001883961371
372	0
373	0.0008474427344
374	0.000470875722
375	0.0001463910119
376	0.00292981223
377	0.003902529128
378	0.0003056816402
379	0.0009914928954
380	0.002368553486
381	0.002628775755
382	0.001413048688
383	0.0009392195687
384	0.003986150219
385	0.005352245521
386	0.004570193488
387	0.002728619272
388	0.002238463772
389	0.001735348738
390	0.003238853032
391	0.002096501172
392	3.324250698e-05
393	5.061632616e-06
394	0.004667957558
395	0.002560588449
396	0.002635392776
397	0.001472418946
398	0.003045284662
399	0.005366432528
400	0.001077258367
401	0.002182536873
402	0.001701367275
403	0.001619312887
404	0.001560311595
405	0.003144035815
406	0.00147985008
407	0.001883386734
408	0.001845202969
409	0.005143083017
410	0.002060197625
411	0.0005435391418
412	0.0003487243
413	0.0003399842717
414	0.000688947058
415	0.001719692438
416	0.001733668412
417	0.001350848108
418	2.120799276e-05
419	8.17438742e-06
420	0.002436756421
421	0.001204345315
422	0.002282704646
423	0.001605050208
424	0.002352482926
425	0.00157728588
426	0.002586400548
427	0.001579725661
428	0.0004217408637
429	0.00332490828
430	1.36239782e-06
431	1.36239782e-06
432	0.0003773620356
433	0.001059579045
434	0.0002805755472
435	0.004193316505
436	0.0002290559323
437	0.002382033262
438	9.368006896e-05
439	0.002727886381
440	0.004249630578
441	0.001913877877
442	0.000102733299
443	0.0006828937632
444	0.0002598768888
445	0.0005861003452
446	0.002876231891
447	1.021798366e-05
448	1.226158036e-05
449	0.001728360244
450	0.0001999600431
451	0.0005830713085
452	0.002723998183
453	0.002574097974
454	0.0006174819706
455	0.001113241272
456	0.001445324248
457	0.0008019316386
458	0.002237465714
459	0.001800402571
460	0.0002717748837
461	0.003875549291
462	0.002022143898
463	0.002055089801
464	0.00174280324
465	0.001687955095
466	0.002992991752
467	1.74718369e-05
468	0.001646978085
469	0.001495296994
470	0.001325141277
471	0.0008017396292
472	0.0005924055846
473	0.00294262346
474	0.005007488477
475	0.002717579368
476	0.003125435498
477	0.002624310872
478	0.001347843437
479	0.001635218403
480	0.001868886989
481	0.001814585142
482	0.009513755731
483	0.001857314701
484	0.002108038909
485	0.00125601863
486	0.001680285898
487	0.002988140791
488	0.001730020444
489	0.00333289395
490	0.001689378153
491	0.004135180959
492	0.001492508789
493	0.0007954722624
494	0.001114755356
495	0.0008958295042
496	0.002794434721
497	0.001064591828
498	0.0008894593481
499	0.002250961769
500	0.005629088704
501	0.000942375846
502	0.0007313291752
503	0.002087680359
504	0.005087303069
505	0.0007214847044
506	0.0008802947509
507	0.001091177002
508	0.001801671694
509	0.00214247859
510	0.002836310289
511	0.001744161118
512	0.001491168139
513	0.001078060541
514	0.001819621386
515	0.001980132427
516	0.004170195645
517	0.003485455869
518	0.001713086266
519	0.002054201782
520	0.003445738092
521	0.002090592977
522	0.003378941894
523	0.001309275887
524	0.0001695620482
525	0.0004673346492
526	0.001183551389
527	0.001371410782
528	0.0002911025058
529	0.0009671522542
530	0.002686003657
531	0.001132315383
532	0.001818152316
533	0.0007716320119
534	0.001827789795
535	0.001368355913
536	0.001392736059
537	0.007331656893
538	0.002527189064
539	0.002490642241
540	0.002623784511
541	0.005642903394
542	0.003393517366
543	0.002332823057
544	2.293369664e-05
545	0.004721528178
546	0.001151989731
547	0.00938657659
548	0.006814003823
549	0.0009274809582
550	0.001286451736
551	0.0009824264842
552	0.001781656536
553	0.003308527659
554	0.002083412444
555	0.0008838283638
556	0.0008490288224
557	0.001249723837
558	0.0009768340974
559	0.003243479053
560	0.00197781723
561	0.002219300021
562	0.00280406989
563	0.0007179004208
564	0.00365883697
565	0.000800910113
566	0.0005891273726
567	0.00217109851
568	0.006088663397
569	0.002388173792
570	0.0009130755027
571	0.002221330772
572	0.001465381498
573	0.001335844476
574	7.45024087e-05
575	0.004121778175
576	0.001531638823
577	0.003724263203
578	0.0009659314094
579	0.002477605887
580	0.000664790297
581	0.0007088823888
582	0.0005996878683
583	0.001934201011
584	0.0003206302706
585	0.0004185918048
586	0.001477972729
587	0.003605616116
588	0.001902019125
589	0.002167431235
590	0.002147679118
591	0.004474116088
592	0.001586647104
593	0.001715395266
594	0.002715502998
595	0.001881775815
596	0.000862615175
597	0.001417157618
598	0.001886400795
599	0.002251619944
600	0.0001359961081
601	0.002283893331
602	0.00441872839
603	0.002530232245
604	6.539509535e-06
605	6.539509535e-06
606	0.0006170385928
607	0.001669516474
608	0.001055217009
609	0.00317194024
610	0.001007663515
611	0.002586162414
612	0.0008166974
613	0.002329467848
614	0.0003818578755
615	0.001603578524
616	0.00357629536
617	0.001219315848
618	0.002415684594
619	0.002219738991
620	0.002122309281
621	0.0009030102879
622	0.003881759626
623	0.001788450346
624	0.001398281044
625	0.002701743615
626	0.006728753525
627	0.001459816579
628	0.002859968528
629	0.003279040042
630	0.0002474396548
631	0.001826977821
632	7.955741253e-05
633	0.0007123673923
634	0.0005179162062
635	0.003403951091
636	0.004690950794
637	8.269048742e-06
638	0.00258668339
639	0.002566195747
640	0.002373222488
641	0.001476277523
642	3.457185199e-05
643	0.004792114417
644	0.001557845528
645	0.003396225064
646	0.0003680636209
647	0.000771453195
648	0.001379448125
649	0.002021891888
650	0.001794465435
651	0.000100463215
652	0.0004897876494
653	0.001372933366
654	0.001182601645
655	0.00190661215
656	0.001809906606
657	0.0008484329755
658	0.001065243304
659	0.002476258595
660	0.002898648028
661	0.001731590211
662	0.0003252791326
663	0.001876614206
664	0.002262171945
665	0.002811913947
666	0.00222587951
667	0.0009963367013
668	0.002589025258
669	0.003313270702
670	0.00138251417
671	0.002879304492
672	0.003982943231
673	0.0006579148071
674	0.003457985365
675	0.0004781973321
676	0.000772067616
677	0.005012243202
678	0.003795242966
679	0.001638433795
680	0.002919705298
681	0.00394838609
682	0.00060549276
683	0.001001747925
684	0.001731434762
685	0.00105741459
686	0.001199168147
687	0.002993115314
688	0.0003056058269
689	0.001666550351
690	0.002193802812
691	0.001767507458
692	1.405540417e-05
693	1.13533148e-06
694	0.002351852133
695	0.00201488027
696	0.0002140497048
697	0.0015247574
698	0.005511019378
699	5.608047599e-05
700	0.0009717879819
701	0.00325293297
702	0.001270898583
703	0.002079189413
704	0.001205921441
705	0.006631041257
706	0.001074660024
707	0.001873795739
708	0.00147010977
709	0.004070632239
710	0.001507219459
711	0.001279806946
712	0.0005560125314
713	0.0003640310862
714	9.673024508e-06
715	6.267029985e-06
716	0.001812517006
717	0.001401265444
718	0.00125831479
719	0.001627149623
720	0.0009366157751
721	0.006497036451
722	0.0004318024567
723	1.960702751e-05
724	0.002447560772
725	0.002353039121
726	0.0008149916695
727	0.001808839162
728	0.0002187501774
729	0.001933090937
730	0.0002888988527
731	0.003809016234
732	0.001882029613
733	1.880108992e-05
734	1.416893734e-05
735	0.002670667057
736	0.001587141467
737	0.003106753849
738	0.001909066318
739	0.001352523336
740	0.0006713616262
741	0.001925899694
742	0.001529523123
743	0.0003004368437
744	0.002853552066
745	2.80653951e-05
746	2.261580382e-05
747	0.006851276809
748	0.008687109722
749	0.001553807762
750	0.002339352552
751	0.001448722461
752	0.002604198747
753	0.001044439063
754	0.002699437378
755	0.002063745793
756	0.001739364489
757	0.001986528006
758	0.0001557494713
759	0.004056887171
760	0.0001177083151
761	0.003890446144
762	0.002916911238
763	0.0008812810271
764	0.001216260283
765	0.008023976917
766	0.008790059103
767	0.001495608493
768	0.001849844263
769	0.0004363144106
770	0.001313041588
771	0.0001145809234
772	0.003891908923
773	0.004673425789
774	0.002623681474
775	0.006016409381
776	0.0002126456409
777	0.0001171536528
778	0.005757732867
779	0.002962664072
780	0.00125169467
781	0.0009144212421
782	0.00187653704
783	0.00105568365
784	0.002524688455
785	0.002729320874
786	0.003114350622
787	0.001490210843
788	0.002130253383
789	0.001687647556
790	3.451407832e-06
791	3.814713916e-06
792	9.536784765e-06
793	7.629427789e-06
794	0.001491496582
795	0.002766357295
796	0.002258433542
797	0.003462656631
798	0.002581531666
799	0.0004002991599
800	0.0005060584948
801	0.0006901846775
802	0.001987909625
803	0.001731519082
804	1.606115632e-05
805	3.048332726e-05
806	0.001238053366
807	0.00248045379
808	0.002609701679
809	5.066627785e-05
810	0.002640438622
811	0.001499286774
812	0.001710542973
813	0.004157424691
814	0.001164412895
815	0.001381144935
816	0.001264174528
817	0.002263262416
818	0.001305849012
819	0.0003550643845
820	7.71195213e-05
821	0.008654889601
822	0.0007302757773
823	0.00163976183
824	0.0006281809164
825	0.004644583898
826	0.002091316891
827	0.003215405495
828	0.0003093690781
829	0.001631588171
830	0.0004622463125
831	0.002401909948
832	0.0028171449
833	1.362397853e-06
834	1.362397853e-06
835	0.001898528719
836	0.002567143477
837	0.00136802741
838	0.001481918711
839	0.003003805861
840	0.001388829959
841	0.002160723187
842	0.001889882218
843	0.0008439206824
844	0.002065299824
845	0.001620965825
846	0.002175282068
847	0.0009751782416
848	0.001017470469
849	0.001510044431
850	0.0006677568284
851	0.0002878560808
852	0.0008624486927
853	0.001672219144
854	0.001827782076
855	0.0003772424361
856	0.001116958666
857	0.005429066523
858	2.94141689e-05
859	0.001569233909
860	0.000685197778
861	0.002880342231
862	0.001606857772
863	0.0002339451829
864	0.002414368456
865	0.002107684699
866	0.001519675694
867	0.001430753498
868	0.005435861998
869	0.001282002601
870	0.002350763539
871	0.001305174024
872	0.002346196739
873	0.002985306343
874	0.004079542763
875	0.001871967774
876	0.0002108198347
877	0.001539871696
878	0.004871545148
879	0.001607304133
880	0.0008893770714
881	0.0005085955455
882	0.003058262333
883	0.001205365148
884	3.678474117e-06
885	1.089918306e-06
886	0.002844875051
887	0.0004573713342
888	0.0009249231476
889	0.00397400365
890	0.002996624034
891	0.0079766632
892	0.007298483869
893	0.002106527341
894	0.002033075639
895	0.001959255376
896	0.0007038733509
897	0.002473048368
898	0.001124417168
899	0.0001770458202
900	0.001677606412
901	0.001027626614
902	0.001793944662
903	0.00482849486
904	0.00190722073
905	5.99455038e-06
906	7.220708446e-06
907	9.285877802e-05
908	0.00156069326
909	0.0003371821731
910	0.002646427511
911	0.002924321145
912	0.0001630591058
913	9.665232159e-05
914	0.001290180195
915	0.001608625581
916	0.001989013987
917	5.948113051e-05
918	0.00127940484
919	0.001548315448
920	0.001402910168
921	0.005734536819
922	0.0007123752073
923	0.001134928782
924	0.002354321484
925	0.0004395492935
926	0.0001821472412
927	0.0008463839046
928	1.730245235e-05
929	2.724795973e-06
930	0.003510756171
931	0.008642054023
932	0.0003414810215
933	0.002883196965
934	0.002539982559
935	0.001995824968
936	0.005888785598
937	0.002482260509
938	0.002097773066
939	0.001602881761
940	0.001579143051
941	2.475022705e-06
942	0.0004086542709
943	0.0004422588579
944	0.001056188626
945	0.001619124224
946	0.002851976313
947	0.000506097707
948	0.002434494254
949	0.002301893558
950	0.002196408895
951	0.002453434444
952	0.003635351643
953	0.002284904618
954	0.005158772916
955	0.00199252196
956	0.001128726855
957	0.0004164619217
958	1.81646364e-05
959	0.001518411615
960	0.007227453537
961	0.0008809567416
962	0.005865282703
963	0.002162362746
964	0.002546958218
965	0.001342469063
966	0.002001801784
967	0.001006548672
968	0.001203470084
969	0.001878739516
970	0.00194106751
971	0.001855097116
972	0.002134368762
973	0.001231028218
974	0.00172235694
975	0.001856292907
976	0.001690352803
977	0.004464972372
978	0.002360889282
979	0.01162288995
980	0.002758760924
981	9.237180144e-05
982	0.003478641015
983	0.001770941065
984	0.002000145292
985	0.002764260287
986	0.0005103457151
987	0.005006228434
988	0.0004312641569
989	0.001226887006
990	0.003974512276
991	0.0002205454294
992	0.0008055314714
993	0.0006056194014
994	0.0009441398465
995	8.174386921e-06
996	8.174386921e-06
997	0.001438058059
998	0.002775221558
999	0.005613786248
1000	0.0001926516736
1001	0.002634400682
1002	0.001979831014
1003	0.00820270906
1004	0.001898437029
1005	0.001303382022
1006	0.000492050655
1007	0.001977465353
1008	0.005490821567
1009	0.001255616121
1010	0.003181355128
1011	0.001854015566
1012	0.001745694641
1013	0.0009033571235
1014	0.002493126853
1015	0.001409282759
1016	2.179836512e-06
1017	6.811989599e-07
1018	0.003186119798
1019	0.001746448159
1020	0.002983983679
1021	0.001207120052
1022	0.0008712413481
1023	0.005796332082
1024	0.002767239895
1025	0.002892100782
1026	0.001428644844
1027	0.001098798103
1028	4.169721257e-05
1029	0.007546754683
1030	0.001523806631
1031	0.002452817452
1032	0.001626872359
1033	0.002384953682
1034	0.0002497341304
1035	0.0001319898753
1036	0.002332913225
1037	0.001454742798
1038	0.0006479866366
1039	0.001960569025
1040	0.001578407172
1041	0.003150159056
1042	0.0007626990464
1043	0.003215562874
1044	0.0008937397807
1045	5.571771442e-05
1046	0.003388059216
1047	0.001810539515
1048	0.002176578157
1049	0.002048320559
1050	0.001309012763
1051	0.0006482828946
1052	0.002071257204
1053	0.001457625249
1054	0.0002629392782
1055	0.0006688774375
1056	0.001434987624
1057	0.000173899084
1058	0.001488791111
1059	0.0009689447017
1060	0.002422741121
1061	0.00139712735
1062	0.0001066144112
1063	0.004640417307
1064	0.002152597389
1065	0.003718559809
1066	0.001468349472
1067	0.002614787873
1068	0.002396857085
1069	0.001211445427
1070	0.002675049124
1071	0.001218752643
1072	0.001755224416
1073	0.001071320168
1074	0.001088636382
1075	0.004613937878
1076	0.003713037861
1077	0.00701647144
1078	0.002128627264
1079	0.00663343053
1080	0.003905568471
1081	0.000568533331
1082	0.001587054895
1083	0.002035962862
1084	0.001155397705
1085	0.001686455673
1086	0.005689884529
1087	0.005011991554
1088	0.001704631502
1089	0.0009389063792
1090	0.0002194128862
1091	0.000511373958
1092	0.006777107322
1093	0.003277595964
1094	0.0002223847651
1095	2.724795392e-07
1096	8.991825589e-06
1097	0.002810920085
1098	0.004488550191
1099	0.001590542207
1100	0.001084728976
1101	0.002098529148
1102	0.002298518115
1103	0.0004126465495
1104	0.001696998319
1105	1.557154841e-05
1106	0.000221211584
1107	0.0009886454449
1108	0.002795364082
1109	0.0009541307845
1110	0.00619380551
1111	0.001006092207
1112	0.001812374965
1113	0.001109578269
1114	0.001955419638
1115	0.000981915997
1116	0.0008083211617
1117	0.003640973147
1118	0.003304211326
1119	0.001759036322
1120	0.001746703586
1121	0.0006982784075
1122	2.64305177e-05
1123	1.852861038e-05
1124	0.002142153802
1125	0.000659931869
1126	0.00101814764
1127	0.00165477627
1128	7.253147198e-05
1129	0.00132633286
1130	0.00113658787
1131	0.0005371858072
1132	0.0006245725788
1133	0.002753198072
1134	0.0005951803605
1135	0.000884273656
1136	0.002948880468
1137	0.0007088787778
1138	0.0005967724071
1139	0.001314018544
1140	0.001136255719
1141	0.0007009746223
1142	0.0009156336045
1143	0.0005085194937
1144	0.002868223411
1145	0.00179168488
1146	0.00178197914
1147	0.001693074734
1148	0.001870512416
1149	0.001212640646
1150	0.003986904605
1151	0.001209881657
1152	0.001059949894
1153	0.002364649591
1154	0.000987731745
1155	0.001829619944
1156	0.001652112947
1157	0.003442085678
1158	0.002554435229
1159	0.0005159972794
1160	0.002110236452
1161	0.003776141686
1162	0.001626539187
1163	0.002484028542
1164	0.001788890028
1165	0.00299928662
1166	0.002044087215
1167	3.80518109e-05
1168	0.002865252995
1169	0.002797425041
1170	0.0001902648595
1171	0.002719480207
1172	0.002427316251
1173	0.00201006692
1174	0.004332478086
1175	0.001520405753
1176	3.741535604e-05
1177	0.001831684528
1178	0.001717435935
1179	0.002488289589
1180	0.003277227615
1181	0.0004628098043
1182	0.0008074286667
1183	1.021798366e-05
1184	1.144414169e-05
1185	0.002278267278
1186	0.0001916843515
1187	0.001185146276
1188	0.0006909482063
1189	0.001771283299
1190	0.001573177562
1191	0.001254659211
1192	0.002137704197
1193	0.003762514295
1194	0.005825817678
1195	0.001446885828
1196	0.0006689988613
1197	0.002646159351
1198	0.0002601773667
1199	0.008771071177
1200	2.179836473e-06
1201	5.449591608e-07
1202	0.004497599837
1203	0.0008053779285
1204	0.00129391339
1205	0.000578956965
1206	0.006681097814
1207	0.001249952024
1208	0.001381397929
1209	0.001249467218
1210	0.0003761090535
1211	1.0899183e-06
1212	0.0006286915919
1213	0.001844652874
1214	0.0007014863697
1215	0.0005932628557
1216	0.00455565079
1217	0.0007898889111
1218	0.001795672258
1219	0.0008882221018
1220	0.0008608842698
1221	0.0005260951881
1222	0.001964213189
1223	0.0008238473871
1224	0.001934346743
1225	0.0001920987102
1226	0.001881729592
1227	0.0006901274749
1228	5.158003243e-05
1229	0.004105463321
1230	0.001408527331
1231	0.001908422586
1232	0.00435858254
1233	0.001472903171
1234	0.001901525696
1235	0.003713742526
1236	0.004564105628
1237	0.002776867902
1238	0.001737168621
1239	0.00208443943
1240	0.001268066416
1241	0.00138919735
1242	0.0005663023532
1243	0.0009310475603
1244	0.002119299218
1245	0.002476978675
1246	0.0004815345322
1247	0.0005699309208
1248	0.002369830396
1249	0.00426236672
1250	0.003510159588
1251	0.005541350317
1252	0.0005035718325
1253	0.002147519681
1254	0.0001602923749
1255	0.0009209349829
1256	0.001889853933
1257	0.003139032145
1258	0.001643167845
1259	0.0008074803926
1260	7.702705286e-05
1261	0.003909776619
1262	0.00050475023
1263	0.001557999753
1264	0.002574560555
1265	0.002934464051
1266	0.007573614818
1267	0.002335023423
1268	3.269754769e-06
1269	1.089918259e-06
1270	0.001235826428
1271	0.001437739201
1272	0.002721216179
1273	0.003261738793
1274	0.001043988897
1275	0.004007512331
1276	0.002121628686
1277	0.002209396322
1278	0.002246978574
1279	0.004451402676
1280	0.0001486400239
1281	0.005561010886
1282	0.004794180487
1283	0.001926064306
1284	0.000178882649
1285	0.001049661162
1286	2.220708451e-05
1287	0.001558108521
1288	0.001235829204
1289	0.0004165116684
1290	0.001018616283
1291	0.002471489435
1292	0.002304316773
1293	2.116825617e-05
1294	0.003302842211
1295	0.001885948323
1296	0.002618783495
1297	0.001094746851
1298	0.001479718203
1299	0.0003257430377
1300	0.002199213947
1301	0.001517778825
1302	0.0007729977955
1303	0.002209924321
1304	0.002382215001
1305	0.004701222617
1306	0.002142680306
1307	0.002687592261
1308	0.001131467484
1309	0.001321748511
1310	0.0005899587375
1311	0.005073802099
1312	0.00517353307
1313	0.002266328446
1314	0.001488782979
1315	0.0001970951157
1316	0.003270278981
1317	1.262488685e-06
1318	3.065395046e-06
1319	0.002292462257
1320	0.002278814445
1321	0.0006433955716
1322	0.002190975497
1323	0.001194898934
1324	0.001752607173
1325	0.002231893353
1326	0.001367791428
1327	0.0005069097578
1328	0.001058089759
1329	0.004653355516
1330	0.003853528342
1331	0.002770544032
1332	0.002231542776
1333	0.0005073877511
1334	0.0004713045831
1335	0.003078962705
1336	0.001984077706
1337	0.002733001907
1338	0.00201258993
1339	4.175749316e-05
1340	0.001954885052
1341	0.00109916928
1342	0.002285505198
1343	0.0006038639783
1344	0.002116914057
1345	5.177111714e-06
1346	5.177111714e-06
1347	0.002156113482
1348	0.003905220849
1349	0.0004058312076
1350	0.002557293107
1351	0.00202564688
1352	0.001188792126
1353	0.005010636108
1354	0.00259189015
1355	0.001496958077
1356	0.0005120772185
1357	0.0003270455903
1358	0.003126779498
1359	0.001251782724
1360	0.0001465143424
1361	0.001147315253
1362	0.002136981668
1363	0.002699070242
1364	0.001159007021
1365	6.369473301e-05
1366	0.0005822902236
1367	0.0009071150774
1368	0.002531581278
1369	0.001717596044
1370	0.001610817241
1371	0.002295919732
1372	0.001958271746
1373	0.002028363289
1374	0.0001684220818
1375	6.975149385e-06
1376	0.001188104131
1377	0.001736025503
1378	0.0004844940503
1379	0.0006501649513
1380	8.719346053e-06
1381	0.0009162232375
1382	0.004540102409
1383	0.002207475039
1384	0.001560335815
1385	0.001214386165
1386	0.001545465796
1387	0.0008882168955
1388	0.002330837907
1389	0.0007779514363
1390	0.0009431909736
1391	0.001735096426
1392	0.004432423035
1393	0.001571693502
1394	0.0003942533002
1395	0.001737023365
1396	0.005304846155
1397	0.002648879586
1398	0.0005094873738
1399	0.001600962983
1400	0.001671265092
1401	7.571525882e-05
1402	0.0001658662845
1403	0.004349041061
1404	0.002869619765
1405	0.001120731814
1406	1.607629423e-05
1407	1.466848322e-05
1408	0.002115840915
1409	3.950953683e-06
1410	1.144414166e-05
1411	0.001824648196
1412	0.0008622334224
1413	0.001697771012
1414	0.002608894828
1415	0.001040734868
1416	0.002754392543
1417	0.00118978977
1418	0.001331043801
1419	0.002890625826
1420	2.251196834e-05
1421	0.001686236882
1422	0.0001146019274
1423	0.0001310474356
1424	0.004300879443
1425	0.0009615800499
1426	0.0007532620881
1427	0.0002434752119
1428	0.001224896596
1429	0.000389814324
1430	2.45231608e-06
1431	2.45231608e-06
1432	0.0003695184746
1433	0.0002572909475
1434	0.0008263554452
1435	0.001185916934
1436	0.001981728977
1437	0.002312170971
1438	0.001905050879
1439	0.00165800637
1440	0.001440805804
1441	0.00215293268
1442	0.003285091299
1443	0.007227652192
1444	0.0005477941838
1445	0.0006249299599
1446	0.0005244796201
1447	0.001378892376
1448	0.0004975652197
1449	0.0003977032881
1450	0.004635503868
1451	0.001413247299
1452	5.575324826e-05
1453	0.0007381304884
1454	0.002344152698
1455	0.001166616053
1456	0.0009573099203
1457	0.001923637576
1458	0.0008652559629
1459	0.0008645057661
1460	0.0001259650918
1461	0.0007129950558
1462	0.0004159782721
1463	0.001522723999
1464	0.00349946559
1465	0.00599780534
1466	0.0008892114321
1467	0.002648805316
1468	0.003289677745
1469	0.002513056647
1470	0.001388529602
1471	0.001854836952
1472	0.002707943218
1473	0.00136021258
1474	0.002845256812
1475	0.001332679137
1476	0.002886300718
1477	0.002408009651
1478	2.588555878e-06
1479	9.635594416e-05
1480	0.000614182872
1481	0.004208444582
1482	0.001607103109
1483	0.001679536074
1484	0.001817150393
1485	0.002426094026
1486	0.006192286918
1487	0.0008630073488
1488	0.002136243128
1489	0.002041215665
1490	0.001260717845
1491	0.001824349637
1492	0.002055039376
1493	0.0007553057375
1494	0.002299618501
1495	0.003378517461
1496	0.00315439663
1497	0.002230353873
1498	0.0008405063307
1499	0.002463740709
1500	0.000320222757
1501	0.0003486614162
1502	0.001377472371
1503	1.103542233e-05
1504	0.001549662234
1505	0.005209529116
1506	4.117396515e-05
1507	0.004281748304
1508	0.001039885873
1509	0.003254739489
1510	0.001233813745
1511	0.0004098790872
1512	0.005122153131
1513	0.001090672287
1514	0.001509785932
1515	0.0007992342539
1516	0.002849286059
1517	0.0034057339
1518	0.001198674938
1519	0.0002384473951
1520	0.003150899137
1521	0.001280783368
1522	0.001118298295
1523	0.000880906289
1524	0.002932689045
1525	0.0002002401277
1526	0.001084069421
1527	0.001706524841
1528	6.737079126e-05
1529	0.0002541376739
1530	0.0002527806965
1531	0.001912511746
1532	0.002976747913
1533	0.004179366799
1534	0.002074090418
1535	0.0005503740211
1536	0.002374205843
1537	0.003222098274
1538	0.002618254902
1539	0.0004144493274
1540	0.003323066781
1541	0.002129082577
1542	0.006040717132
1543	0.000381570786
1544	0.000223023724
1545	0.00247215613
1546	0.001221672953
1547	0.002178806663
1548	0.0001786602257
1549	0.001477959151
1550	0.001861936044
1551	0.007778142255
1552	0.0008814015171
1553	0.0002910724828
1554	0.001875444237
1555	0.0005679573896
1556	1.702039305e-05
1557	0.003152307176
1558	0.006327036055
1559	0.004215382036
1560	0.005981935926
1561	0.002659651518
1562	2.084468666e-05
1563	1.089918253e-05
1564	0.001288628114
1565	0.001481336934
1566	0.0008244716211
1567	0.002995789677
1568	0.0006151594578
1569	0.001118366354
1570	7.084468647e-06
1571	7.084468647e-06
1572	0.001930788646
1573	0.0006515562994
1574	0.00224390423
1575	0.002692797508
1576	0.003944839593
1577	0.008227363701
1578	0.003601146838
1579	0.0008891586789
1580	0.005518524792
1581	0.002509765428
1582	0.006651767075
1583	0.0004372158249
1584	0.001388313471
1585	0.004785053176
1586	0.006713560896
1587	0.001076232544
1588	0.001042223998
1589	0.0001708613646
1590	0.004820580529
1591	0.001830727117
1592	0.001076218946
1593	0.0001740782579
1594	0.007360387193
1595	0.001800649202
1596	0.0007130484839
1597	0.001847820748
1598	0.004229787717
1599	0.002942091191
1600	0.004446040105
1601	0.00629281377
1602	0.009524580363
1603	0.001069457139
1604	1.493015355e-05
1605	0.00252744851
1606	0.00694938979
1607	2.861035427e-06
1608	1.36239782e-06
1609	0.001317508368
1610	2.302452311e-05
1611	0.004064237824
1612	0.002493184996
1613	0.001097450877
1614	0.005915903832
1615	0.00266969602
1616	0.00108031969
1617	0.0006000425617
1618	0.002038982341
1619	0.005859402371
1620	0.000951830927
1621	0.002052521796
1622	0.0002621112149
1623	0.002500037264
1624	0.001115580239
1625	0.001625813783
1626	0.002678883296
1627	0.004437435168
1628	0.002735937982
1629	0.00238818131
1630	0.000431052292
1631	0.005202760734
1632	0.002037335069
1633	0.0008317661019
1634	0.004699002818
1635	0.0002996058604
1636	0.004825389139
1637	0.009315589043
1638	0.004002101241
1639	0.004452604211
1640	0.003224544329
1641	0.001473578716
1642	0.001658803774
1643	0.000524163291
1644	0.0004947921883
1645	0.003012264392
1646	0.002119503034
1647	0.003482805394
1648	2.724795622e-06
1649	1.498637607e-06
1650	0.004959057248
1651	0.002951232584
1652	0.001332664368
1653	0.002031663011
1654	0.001635213526
1655	0.001561848069
1656	0.003688554966
1657	0.0001023110532
1658	0.001472680826
1659	0.000127460067
1660	0.001418037972
1661	0.002365723503
1662	0.002741921067
1663	0.0009966639592
1664	0.0006572875295
1665	0.0001164473014
1666	0.006316904857
1667	1.811989101e-05
1668	0.005308861033
1669	0.00146442492
1670	7.004259967e-05
1671	0.0006234301939
1672	0.002372932926
1673	0.003743047763
1674	0.003371640204
1675	0.003409803945
1676	0.0005839267921
1677	0.001676963865
1678	5.257100828e-05
1679	0.004501279509
1680	0.0001074926109
1681	0.001489116599
1682	0.001387050536
1683	0.004852959522
1684	0.001219478231
1685	0.0004825450297
1686	0.0008188721122
1687	0.002513384208
1688	0.0003473777946
1689	0.003209729938
1690	0.001092787652
1691	0.001611917097
1692	0.001307794141
1693	0.006804818255
1694	0.001688243942
1695	0.001564310044
1696	0.001054975307
1697	0.00355874647
1698	0.002460523858
1699	0.001149924425
1700	0.0004034636731
1701	0.003963669548
1702	0.001731795278
1703	0.0007793331008
1704	0.002257414719
1705	0.002074342621
1706	0.003747639989
1707	0.004190509342
1708	0.002125481608
1709	0.00273461881
1710	0.002990073931
1711	0.00083259872
1712	0.003413828646
1713	0.002282923153
1714	0.004653674192
1715	0.001901953873
1716	0.00184860167
1717	0.004200103347
1718	0.003344797066
1719	0.0001433211895
1720	0.002984548667
1721	0.001370586895
1722	0.0002633133358
1723	0.002372081727
1724	0.005583556357
1725	6.643011125e-05
1726	0.001136370084
1727	0.002032772708
1728	0.0009244079006
1729	0.002605935612
1730	0.0006687175491
1731	0.005419780069
1732	7.181085304e-05
1733	0.002584763107
1734	0.001968848324
1735	0.003869225677
1736	0.00500814739
1737	0.00192004648
1738	0.006874602543
1739	0.0007912921283
1740	0.00976665973
1741	0.001314473961
1742	0.001854774156
1743	0.0003879006366
1744	0.001656871897
1745	0.0006578336537
1746	0.001165868401
1747	0.007164479229
1748	0.0003651455955
1749	2.2479564e-05
1750	8.310626687e-06
1751	1.89630639e-05
1752	7.333527963e-05
1753	0.003027097924
1754	0.002361205874
1755	0.001823969235
1756	0.002912683246
1757	0.0008599876292
1758	0.0006516317332
1759	0.002402993269
1760	0.0001749691878
1761	0.002852384789
1762	0.002504086896
1763	0.0007819634647
1764	0.006559542795
1765	0.001675300141
1766	0.004375425472
1767	7.658997324e-05
1768	0.001508306877
1769	0.0001389142842
1770	0.0007116886849
1771	0.001051900517
1772	0.002444484902
1773	0.005872294866
1774	0.004696192217
1775	0.003654932363
1776	0.003039438828
1777	0.00202339085
1778	0.003137860477
1779	0.0002061338318
1780	0.001902910077
1781	0.0001007596815
1782	0.00217278132
1783	0.0007089300359
1784	0.002821157811
1785	0.0007416062577
1786	0.001817858025
1787	0.003911327301
1788	0.001906707256
1789	0.001194724927
1790	4.359673055e-06
1791	4.359673055e-06
1792	0.002074446541
1793	0.004794671381
1794	0.00383062269
1795	0.0008345213814
1796	4.087193425e-07
1797	5.722070841e-06
1798	2.724795657e-06
1799	0.002501647469
1800	0.003151772094
1801	0.009511163641
1802	0.0001991471359
1803	0.001836273492
1804	0.0005321180717
1805	0.000547728088
1806	0.0007952658859
1807	0.002246675708
1808	0.003369728711
1809	0.003943869961
1810	0.0007875004167
1811	0.005385878401
1812	7.00679932e-05
1813	0.0008393125191
1814	0.002814555112
1815	0.0009988468922
1816	0.0008810960238
1817	0.001783307602
1818	0.0004603201931
1819	0.002789518993
1820	0.002873085994
1821	0.0005184420554
1822	0.001823640828
1823	0.001584593872
1824	0.004664098193
1825	0.002838060107
1826	0.002966840668
1827	0.00268949202
1828	0.002843746602
1829	0.001116264595
1830	0.003777729421
1831	0.001869695123
1832	0.00212493597
1833	0.0002756910957
1834	0.002636172734
1835	0.002527246394
1836	0.002045297211
1837	0.001268761463
1838	0.0005613097736
1839	0.002069973022
1840	0.000436749436
1841	0.002465367003
1842	0.000703522507
1843	0.000994731904
1844	0.001523204614
1845	0.001376234616
1846	0.0006311311937
1847	0.0003633152842
1848	0.0003806545215
1849	0.00311925978
1850	0.001160926674
1851	0.001293257529
1852	0.002115340722
1853	0.002247080778
1854	0.004288994638
1855	0.004785124843
1856	0.001066095183
1857	0.001028986116
1858	0.0005595994441
1859	0.002345210654
1860	0.001041290939
1861	0.005527007555
1862	0.003389779632
1863	0.002979548676
1864	0.0006316153167
1865	0.0008634029884
1866	0.001822152479
1867	0.0008806172494
1868	0.000557355148
1869	0.002133900763
1870	0.001810181485
1871	0.003273335154
1872	0.003295853975
1873	0.003082283704
1874	0.0001568268352
1875	0.001144867592
1876	0.003407204768
1877	0.001868943493
1878	0.0007788606415
1879	0.003727988422
1880	0.003525539217
1881	0.0007431647836
1882	0.005516185391
1883	0.003366184174
1884	0.003483613271
1885	0.001533097891
1886	0.0005882857513
1887	0.001958461176
1888	0.002335994396
1889	0.001616761322
1890	0.002469298431
1891	0.0009358160612
1892	0.006393038332
1893	0.001726850122
1894	0.004630519535
1895	0.001208002339
1896	0.002279025591
1897	0.002172784545
1898	0.002888975215
1899	0.0002722607791
1900	0.0009045627272
1901	0.001669772965
1902	0.002403673408
1903	0.002830892371
1904	0.00138329186
1905	0.002341630343
1906	0.00461874055
1907	0.003578806902
1908	0.0003423250462
1909	0.001832183382
1910	1.907356944e-06
1911	1.907356944e-06
1912	0.0002054096835
1913	5.71867675e-05
1914	0.001760479927
1915	0.002481513558
1916	0.003077727598
1917	0.002711815865
1918	0.001193240245
1919	0.004637820672
1920	0.0007551725694
1921	0.001591580453
1922	0.0009845594779
1923	9.821560284e-05
1924	0.003630728353
1925	0.001893586033
1926	6.841387676e-05
1927	0.003676161768
1928	0.001403432472
1929	0.005499424839
1930	0.001549660925
1931	0.001048127754
1932	0.002607088203
1933	0.003343620441
1934	1.064885644e-05
1935	0.0005156219296
1936	0.002499255309
1937	0.0007641431112
1938	0.005269688404
1939	0.002790541038
1940	0.0009865875552
1941	0.0008163587339
1942	0.003969489669
1943	0.007229848743
1944	0.003846283348
1945	0.001563055928
1946	0.001608210302
1947	6.11446084e-05
1948	0.001962177161
1949	0.0005523117052
1950	0.002328635668
1951	0.0002999293058
1952	0.00046340239
1953	0.002283316391
1954	0.001989463123
1955	0.0007429746759
1956	0.007183828539
1957	0.00590170725
1958	0.001281253282
1959	0.001979596598
1960	0.0002025034633
1961	0.002806273903
1962	0.001346832047
1963	0.0029944137
1964	0.002156541717
1965	0.000966081184
1966	0.004071596291
1967	0.002311754276
1968	0.001219227975
1969	0.002766716292
1970	0.0004329730999
1971	0.0005331633501
1972	0.001842112503
1973	0.001865754382
1974	0.0002846177026
1975	0.001788115689
1976	0.002952290144
1977	0.0007357723529
1978	0.003191892335
1979	0.001259164008
1980	0.000283117723
1981	0.00208054281
1982	0.00246192365
1983	0.0006837607222
1984	0.0009790419108
1985	0.005223675601
1986	0.003934064288
1987	0.001186962579
1988	0.0007422896671
1989	0.00330350575
1990	0.001760479619
1991	0.002913126828
1992	0.00265196361
1993	0.002415026886
1994	0.001797167961
1995	0.0006426033322
1996	9.809264302e-06
1997	8.174387057e-07
1998	0.001985027494
1999	0.001903022452
2000	0.0001682564035
2001	0.0006454738656
2002	0.002950105323
2003	0.0006740570019
2004	0.005840930908
2005	0.0002299254977
2006	0.005580759122
2007	0.00502952238
2008	0.004882890358
2009	0.001168829687
2010	0.002427080824
2011	0.004391639636
2012	0.00327197295
2013	0.002224899993
2014	3.429735415e-07
2015	0.001887262734
2016	0.001271231642
2017	0.002755835845
2018	0.001090735972
2019	0.008066616053
2020	0.0014981581
2021	1.907356948e-06
2022	0.004963624192
2023	0.0009081471707
2024	0.001356114981
2025	0.0003783746603
2026	0.001891098745
2027	0.002087627999
2028	4.560500495e-05
2029	0.0003421322295
2030	0.00115071166
2031	0.001795259981
2032	0.001045490195
2033	0.00568087671
2034	0.004919006069
2035	4.347033504e-05
2036	0.00327534851
2037	0.001151349044
2038	0.002047666914
2039	0.006701243531
2040	0.0009970809455
2041	0.0004137847798
2042	0.003386337174
2043	0.002525818574
2044	0.004056061985
2045	0.002877246883
2046	0.007706914865
2047	0.001806193312
2048	0.002115734011
2049	0.001958310752
2050	0.001162284277
2051	1.130790186e-05
2052	9.536784735e-06
2053	0.00374795331
2054	0.0005440666548
2055	3.145405016e-05
2056	0.0001037286147
2057	0.0009993129774
2058	0.006828529943
2059	0.001513885691
2060	0.0009767581339
2061	8.379293719e-05
2062	0.0007143929794
2063	0.002519919089
2064	0.0038390641
2065	0.001197163718
2066	0.003774414262
2067	0.004166404755
2068	0.002148547173
2069	0.001774086571
2070	0.001615422858
2071	0.001195899076
2072	0.00163650973
2073	0.001370243651
2074	0.000136717693
2075	3.086478558e-05
2076	0.0007028106398
2077	0.0004052726516
2078	0.003123470943
2079	0.002027449271
2080	0.00403584726
2081	0.0007641709915
2082	0.0002197022591
2083	0.002175948752
2084	0.001293593906
2085	0.002338068637
2086	0.002390995172
2087	6.246250509e-05
2088	0.003209595092
2089	0.002663733253
2090	0.001915541999
2091	0.0001105941139
2092	0.001134472174
2093	0.0005992082333
2094	0.0007478514604
2095	0.004903702159
2096	0.001962054916
2097	0.001524883936
2098	0.001863593669
2099	0.0006115024478
2100	0.001461438182
2101	0.001565506726
2102	0.0006056379367
2103	0.001482775201
2104	0.003924735782
2105	0.001335434443
2106	0.002385577647
2107	0.002872200214
2108	0.0007898981734
2109	0.002359056428
2110	0.00356050707
2111	0.001853352839
2112	0.005592707567
2113	0.0003846529771
2114	0.0007709158017
2115	0.002609180638
2116	0.004924174547
2117	0.001969849789
2118	6.811989138e-06
2119	9.809264271e-06
2120	0.001967999294
2121	0.001815664608
2122	2.713899559e-05
2123	0.003818894478
2124	0.001444308124
2125	0.001863045748
2126	0.0009883424567
2127	0.0005582368009
2128	0.0005013767308
2129	0.001617150326
2130	0.000644032362
2131	0.002582836723
2132	0.002010747793
2133	0.001873464972
2134	0.00114696661
2135	0.001348147454
2136	0.001600073032
2137	0.0005973202596
2138	2.862246835e-05
2139	0.002071141759
2140	0.00228351261
2141	0.004411698347
2142	0.0005130901643
2143	0.001655020049
2144	0.0003213190361
2145	0.002648272728
2146	0.002331313146
2147	5.449591277e-06
2148	2.4523161e-06
2149	0.001013683101
2150	0.002422264169
2151	0.00416211958
2152	1.362397775e-06
2153	1.771117149e-06
2154	0.001434920665
2155	0.005858222801
2156	0.004585073437
2157	0.004686867582
2158	0.004433631043
2159	5.313351499e-06
2160	4.632152591e-06
2161	0.0009286435921
2162	6.196875584e-05
2163	0.000345947043
2164	0.001680634817
2165	0.001752206088
2166	0.001691951804
2167	0.0008628329252
2168	0.0002525104046
2169	0.0004153088276
2170	0.000788552679
2171	0.008889558213
2172	0.002907176851
2173	0.002601351061
2174	0.001801447259
2175	0.0004411632719
2176	0.001648748385
2177	0.0007201532308
2178	0.0005315189983
2179	0.0007567330797
2180	0.0007125139736
2181	0.0006517018932
2182	0.00175591932
2183	0.0011871841
2184	0.001683636108
2185	2.179836469e-06
2186	8.174387134e-07
2187	0.001101171364
2188	0.001060565385
2189	0.003619586937
2190	0.001330928688
2191	0.000423723323
2192	0.0004888299588
2193	0.004250008216
2194	0.002073398107
2195	0.002119389857
2196	0.00101852636
2197	7.021895186e-05
2198	0.0009263940888
2199	0.001431997323
2200	0.00103622364
2201	0.001378716959
2202	0.001503968236
2203	0.001688538896
2204	0.0009108104878
2205	0.0002520847498
2206	0.004954650203
2207	0.002016289428
2208	0.000619296101
2209	0.007861892633
2210	0.001633951988
2211	0.0007843033911
2212	0.003033994342
2213	0.001222167861
2214	0.0009335877266
2215	0.005644297415
2216	0.002366462455
2217	0.001386007039
2218	0.001382422951
2219	0.001015458802
2220	0.003561285217
2221	0.0007985432957
2222	0.001544325532
2223	0.00208485789
2224	0.001307172843
2225	0.002636090014
2226	0.0004303460179
2227	0.00102456949
2228	3.828337877e-05
2229	0.001565548604
2230	0.0001630563793
2231	0.0008736491297
2232	0.002493096469
2233	0.0009315356868
2234	0.0034460369
2235	0.0105968927
2236	0.00219806892
2237	4.809264303e-05
2238	0.0008422382931
2239	0.002956893844
2240	0.003181046055
2241	0.005158944
2242	0.00206402528
2243	7.100363306e-05
2244	0.0005791569613
2245	0.00169541888
2246	7.165644869e-05
2247	0.004946298744
2248	0.000174455836
2249	0.00263650243
2250	0.004443990704
2251	0.0006957356133
2252	0.001874331481
2253	0.003279653573
2254	0.002868857274
2255	0.0009418822493
2256	0.001109338159
2257	0.00040082719
2258	0.004867713243
2259	0.0008518800449
2260	0.0003611191156
2261	0.0008125660909
2262	0.002990102302
2263	0.002074436392
2264	0.002951873626
2265	0.002092173396
2266	0.000329963113
2267	0.0009138615472
2268	0.0009455981568
2269	0.001524850844
2270	0.002034295434
2271	0.0002931435032
2272	0.006041931386
2273	0.000951821026
2274	0.002039200993
2275	2.643051766e-05
2276	0.001829840138
2277	0.0001470653409
2278	0.004298897116
2279	0.005282133222
2280	5.449591285e-06
2281	5.449591285e-06
2282	0.003343974696
2283	0.0008493188755
2284	0.000967421434
2285	0.001085394048
2286	0.0008315183077
2287	0.001559439646
2288	0.001319439556
2289	0.003973413394
2290	0.001315188482
2291	0.007166192488
2292	0.001589079684
2293	0.0002421360113
2294	0.007337438216
2295	0.00296583728
2296	5.528576404e-05
2297	0.002630543689
2298	0.001751069061
2299	9.726646778e-06
2300	0.001339683099
2301	0.000553181562
2302	0.002812353822
2303	0.001894428603
2304	0.002396770873
2305	0.004148023295
2306	5.827281791e-05
2307	0.005035261198
2308	0.007655860142
2309	0.002326677203
2310	0.001822650082
2311	0.0005611903549
2312	0.001134561103
2313	0.00223175115
2314	0.002832000497
2315	0.0004084689574
2316	0.0007379581581
2317	0.001662199063
2318	0.002740683656
2319	3.891592064e-05
2320	0.003128543831
2321	9.803587644e-06
2322	0.0008981707284
2323	0.0001330224799
2324	0.005013108787
2325	0.004083629053
2326	0.001331098693
2327	0.003977593842
2328	0.0004915329337
2329	0.001064985122
2330	0.001954137136
2331	0.0008253331973
2332	0.001611356878
2333	0.004386443452
2334	0.003089145715
2335	0.001232675028
2336	0.004429828668
2337	0.006659757147
2338	0.001357246802
2339	0.001221469118
2340	0.0005633402197
2341	0.001770682255
2342	8.339664862e-05
2343	0.001541288569
2344	1.362397819e-06
2345	1.362397819e-06
2346	0.0009420085361
2347	0.0001711462016
2348	0.00104587381
2349	0.001025598254
2350	0.004878716846
2351	5.722070843e-06
2352	0.0005985340716
2353	0.000879850035
2354	0.001020975706
2355	0.0005198117763
2356	0.002492564298
2357	0.000247856667
2358	0.0003031319966
2359	0.002206028306
2360	0.006633023045
2361	0.0001551539248
2362	1.893732971e-05
2363	0.005443911161
2364	0.002979818588
2365	0.0002661303953
2366	0.001550076756
2367	0.001860906858
2368	0.001559014348
2369	0.001688027026
2370	0.002911194543
2371	0.001227848956
2372	0.001053605412
2373	0.001191747526
2374	0.002834343714
2375	0.003316199888
2376	0.007083419558
2377	0.0002779358622
2378	0.001395038251
2379	0.001539591352
2380	6.401183409e-05
2381	0.002005138848
2382	0.002544582958
2383	0.0007729741395
2384	0.002120085165
2385	0.001214630845
2386	0.0002300607932
2387	0.003271903308
2388	0.005335463219
2389	0.002553164646
2390	2.193460491e-05
2391	0.002588868589
2392	0.003369089089
2393	0.00337243986
2394	0.005339592937
2395	0.00157179717
2396	0.001272337501
2397	0.003036497533
2398	0.001219118896
2399	1.934604907e-05
2400	9.536784743e-06
2401	0.0005404865559
2402	0.0007044604423
2403	0.003080202806
2404	0.007986809852
2405	0.00163400872
2406	0.003455746496
2407	0.004657613163
2408	0.001945710499
2409	1.95277021e-06
2410	1.089918256e-06
2411	0.002745371773
2412	0.001289304935
2413	0.002451836961
2414	0.002810553853
2415	0.000460679171
2416	0.001047243827
2417	0.002386550565
2418	0.01066350144
2419	0.003349343943
2420	0.002819753863
2421	0.001431516097
2422	0.0009023080357
2423	0.003054717045
2424	0.001146358412
2425	0.004335706337
2426	0.003008779579
2427	0.002475909218
2428	0.002582502571
2429	0.003956938801
2430	0.00188247143
2431	0.002014405136
2432	0.002216594694
2433	0.003357477233
2434	3.133514988e-06
2435	1.362397856e-07
2436	0.001111437364
2437	0.0002186041413
2438	0.001439181039
2439	3.814713913e-06
2440	3.814713913e-06
2441	0.0009605884127
2442	0.0006952223196
2443	0.0001215788974
2444	0.001334072797
2445	8.991825612e-06
2446	8.991825636e-06
2447	0.002209252308
2448	0.001053063293
2449	0.001268362165
2450	0.0003737596414
2451	0.00270447313
2452	0.001024324962
2453	0.002896998882
2454	0.003996033353
2455	0.004762752777
2456	0.002160465026
2457	0.002240372666
2458	0.001388257068
2459	0.0005895577873
2460	0.002226974397
2461	0.0007157118875
2462	0.00408025757
2463	0.001406753111
2464	0.001229461818
2465	5.802271844e-05
2466	0.004813873554
2467	0.0004461331012
2468	0.0007100576828
2469	0.002586378144
2470	0.0005185029646
2471	7.084468665e-06
2472	7.084468665e-06
2473	0.0005371707933
2474	0.006939825493
2475	0.006153039015
2476	0.005588873249
2477	0.003443481311
2478	0.001499434668
2479	0.002251962476
2480	0.002215872956
2481	0.002714505626
2482	0.001373508066
2483	0.00151536424
2484	0.0009021684613
2485	0.002706812858
2486	0.00102682292
2487	0.001747775267
2488	0.0009957513686
2489	0.005535005696
2490	0.002759502787
2491	0.002770353124
2492	0.003935391196
2493	0.0003956086752
2494	0.006805857905
2495	0.003578830787
2496	0.001085447448
2497	0.003538044649
2498	0.0006371263702
2499	8.553216418e-05
2500	0.001195870248
2501	7.356948227e-06
2502	7.356948227e-06
2503	0.0003362645209
2504	0.0006760451336
2505	0.003916584805
2506	5.858310592e-06
2507	0.0007017647137
2508	0.001121563878
2509	0.0009317394996
2510	0.001363279798
2511	0.001932058375
2512	0.0002391228612
2513	0.002561600832
2514	0.002185005307
2515	0.002854307007
2516	0.0009723910568
2517	0.00074638851
2518	0.001516875684
2519	0.001792733685
2520	0.001026467508
2521	0.001254692987
2522	0.001606214064
2523	0.0001502637198
2524	0.003648051861
2525	0.002152632393
2526	0.001726535301
2527	0.0002304401772
2528	0.002045364642
2529	0.001945420867
2530	0.001037112892
2531	0.0006316889479
2532	0.001228818214
2533	0.01105288896
2534	0.001552645002
2535	0.0007735661532
2536	0.002207920951
2537	0.0001322990042
2538	0.0009106051109
2539	0.002128531579
2540	0.0001760616747
2541	0.002767711151
2542	0.007360522741
2543	0.004151970073
2544	0.003124633684
2545	0.001956299511
2546	0.0007199252512
2547	0.002824581916
2548	0.001402779601
2549	0.004894991926
2550	0.003159772822
2551	0.002076365822
2552	0.003278846212
2553	0.0002344470615
2554	0.001557406106
2555	0.0007165059367
2556	0.001088924546
2557	0.001736631132
2558	0.001499029574
2559	0.007327405134
2560	0.0005904976617
2561	0.003441875055
2562	0.000363804326
2563	0.0008442159709
2564	0.0002815468966
2565	0.0006531240877
2566	0.001842705356
2567	0.0005974662469
2568	0.00152433738
2569	0.000134253025
2570	0.002632390351
2571	0.002886994045
2572	0.001282649087
2573	0.001412894886
2574	0.0001787791941
2575	0.004391948229
2576	6.64260021e-05
2577	1.662125341e-05
2578	0.002374406065
2579	0.0001374766679
2580	0.001403682818
2581	0.001707775206
2582	0.002961671372
2583	0.005661290053
2584	0.006968540836
2585	0.002181712334
2586	0.001643936012
2587	0.0009519472648
2588	0.0003545760022
2589	0.003474647499
2590	0.002177897306
2591	0.00244707136
2592	0.008402502089
2593	0.001056918718
2594	0.005292246071
2595	0.001833361569
2596	0.005470428193
2597	0.003771848923
2598	0.0009299716162
2599	4.087193478e-07
2600	0.002245560432
2601	0.0004980753756
2602	0.001025588492
2603	0.004144832637
2604	0.0009496141243
2605	0.001636637292
2606	0.002615575003
2607	0.002148146303
2608	0.002891307339
2609	2.997275167e-06
2610	0.0009154789064
2611	0.0008246745992
2612	0.001686937631
2613	0.0007977968695
2614	0.0007488186043
2615	0.002642118315
2616	0.005671010395
2617	0.001334554983
2618	0.001643316064
2619	0.001246945189
2620	0.0003472778362
2621	8.136920981e-05
2622	0.001341025121
2623	0.004249347745
2624	0.0032579402
2625	0.002247675329
2626	0.001420744943
2627	0.001841260063
2628	0.002274312762
2629	0.001667281241
2630	0.000308705141
2631	0.001022109458
2632	0.0005021961961
2633	0.001101596511
2634	0.0006127276949
2635	0.001325046403
2636	0.0007633639198
2637	0.001894324448
2638	0.0009616215698
2639	0.001204673121
2640	0.003173020815
2641	0.006071875853
2642	0.001010055322
2643	0.0003822402973
2644	0.001026115148
2645	0.001957605753
2646	0.00190988346
2647	0.003972150182
2648	0.004684554726
2649	0.002755819711
2650	0.005355623406
2651	0.002261602717
2652	0.001662288171
2653	8.446866489e-06
2654	8.17438695e-06
2655	0.000390176441
2656	0.001277756662
2657	0.002404699681
2658	0.003184727974
2659	0.003056641871
2660	1.055858311e-05
2661	1.494096278e-05
2662	0.002228422427
2663	1.771117171e-06
2664	1.907356951e-06
2665	0.001022686754
2666	0.004697643413
2667	0.0009830477392
2668	0.001585395991
2669	4.087193465e-06
2670	0.0007579796527
2671	0.002033436459
2672	0.0004116271367
2673	0.001160573324
2674	0.0001309893299
2675	0.0001744266372
2676	0.001390612561
2677	5.905075234e-05
2678	0.0008358874234
2679	0.001850295978
2680	0.005161530566
2681	0.003289666997
2682	0.001690490301
2683	7.356948254e-06
2684	0.001116643579
2685	0.001328729823
2686	0.001430045989
2687	0.0006861191813
2688	0.002580600772
2689	0.0008276865031
2690	9.673024527e-06
2691	0.001870712315
2692	9.352691392e-05
2693	0.008918108718
2694	0.003473807894
2695	0.00338474105
2696	0.001817299169
2697	0.000253880217
2698	0.000874691746
2699	0.01045033535
2700	0.0001787549542
2701	0.000448326329
2702	0.0002931335811
2703	0.001248464192
2704	0.0003180911837
2705	0.000199512378
2706	0.007936492812
2707	0.005080524571
2708	0.000289333385
2709	0.0007960566249
2710	0.002108432692
2711	0.002855472034
2712	0.001875868433
2713	0.0004666576711
2714	0.005869030704
2715	0.002006615545
2716	0.0003071676362
2717	0.00169717966
2718	0.004998920685
2719	7.470481418e-06
2720	0.001058063673
2721	0.002497164864
2722	0.001045778274
2723	0.0006081154476
2724	0.001908999667
2725	0.001306729666
2726	0.001270589566
2727	0.0007580399463
2728	0.004882009849
2729	0.001383727628
2730	0.009112635423
2731	0.006922664992
2732	0.003035446402
2733	0.00262036213
2734	0.002490108356
2735	0.0009332711627
2736	0.000416619408
2737	0.002606009028
2738	0.002077778329
2739	0.002010236841
2740	0.0005110429759
2741	0.001135509089
2742	0.0008422586198
2743	0.001489655223
2744	0.003876571985
2745	0.004157664417
2746	0.003211136102
2747	0.001149782584
2748	0.008246732616
2749	0.001768598349
2750	0.0009057091694
2751	0.00253374927
2752	0.0002667213256
2753	0.001216504609
2754	0.001673705117
2755	0.007821483326
2756	0.005501170358
2757	0.003407301325
2758	4.632152559e-06
2759	5.994550443e-06
2760	0.0004428229386
2761	0.003416556933
2762	0.003058288615
2763	0.002350353793
2764	0.0003644067024
2765	0.002547422917
2766	0.0009491057305
2767	0.0008063305002
2768	7.918446245e-05
2769	1.791306093e-06
2770	0.001042806939
2771	0.001353933516
2772	0.000837619911
2773	0.004844800959
2774	0.003209459136
2775	0.003284493649
2776	0.006178295705
2777	0.002490512594
2778	0.001433960603
2779	0.00451001856
2780	0.0001043013466
2781	0.0004255436978
2782	0.0006411995981
2783	0.005141265848
2784	0.001988887735
2785	0.002545774684
2786	0.001279431569
2787	0.0005016763982
2788	0.002383600233
2789	0.001312742487
2790	0.002475826948
2791	0.0005646077283
2792	0.001804935524
2793	0.002555202882
2794	0.000860080945
2795	0.002627719739
2796	0.001822754734
2797	0.0003275953302
2798	0.001832274661
2799	0.001683151689
2800	0.00484616321
2801	0.001402270004
2802	0.001376161643
2803	0.002664014388
2804	0.003456020155
2805	0.001111521275
2806	0.00216046368
2807	0.002019873823
2808	0.0001890040592
2809	0.000886712382
2810	0.0004432940301
2811	0.0009300798362
2812	0.00245367466
2813	0.006539983049
2814	0.001514701486
2815	0.002593257627
2816	0.002993448232
2817	0.002229276771
2818	6.678661529e-05
2819	0.001837610138
2820	0.000760435763
2821	0.002267130341
2822	0.002062358281
2823	0.007669397968
2824	0.002131952611
2825	1.969800146e-06
2826	0.000324714986
2827	0.0003535075758
2828	0.000447704639
2829	0.0006640329956
2830	0.001644243482
2831	0.003841039566
2832	0.001124880907
2833	0.000674993571
2834	0.0002725258822
2835	0.0006771474364
2836	0.0006812839508
2837	0.0024419567
2838	0.003125382104
2839	0.00355307236
2840	0.006321922273
2841	0.0008482492662
2842	0.000470897718
2843	0.001361170313
2844	0.001897763927
2845	7.819964785e-05
2846	0.00556251964
2847	0.002055621613
2848	0.004907259826
2849	0.002279327385
2850	0.004365423177
2851	4.90463215e-06
2852	4.90463215e-06
2853	0.001350289969
2854	0.00465241371
2855	2.9972752e-06
2856	5.449591616e-07
2857	0.003165831476
2858	3.133514986e-06
2859	0.003390163475
2860	0.003161829534
2861	0.0009931297508
2862	0.001670859075
2863	0.0006781202972
2864	0.000687218957
2865	2.179836494e-06
2866	0.001459631914
2867	0.002052017545
2868	0.0006803230228
2869	0.00158884353
2870	0.0007444586984
2871	0.002477419039
2872	0.006857933699
2873	8.550792667e-05
2874	0.003799556407
2875	1.566757494e-05
2876	1.389645773e-05
2877	0.0002091706461
2878	0.0007968305169
2879	0.003033618406
2880	0.00159586929
2881	0.001255514139
2882	0.004152956662
2883	0.002110424786
2884	0.00190168469
2885	0.002783323511
2886	0.001986146696
2887	0.0003872005559
2888	0.0001443362831
2889	0.0007505105155
2890	0.00013280222
2891	0.002575926338
2892	0.001204076657
2893	0.001178869184
2894	0.006354643832
2895	0.0001124234828
2896	0.001374935443
2897	0.001888865977
2898	0.002911970174
2899	0.006562241304
2900	0.007388479471
2901	0.002715408762
2902	0.002626921488
2903	0.003576937373
2904	0.002320797371
2905	0.001257146565
2906	0.0009699594196
2907	6.144414174e-05
2908	0.002466842453
2909	0.001527747157
2910	0.003703980557
2911	0.001161449557
2912	0.002600337226
2913	0.005959173518
2914	0.002009369005
2915	0.0002591695041
2916	4.087193464e-06
2917	4.087193464e-06
2918	0.0008593382963
2919	0.004017135833
2920	0.001933608555
2921	0.003079583279
2922	0.0004213823188
2923	0.0001269346704
2924	1.907356952e-06
2925	1.907356952e-06
2926	0.001295559535
2927	0.001474757226
2928	2.179836533e-06
2929	2.179836533e-06
2930	0.001028136201
2931	0.002579557521
2932	0.000614112398
2933	0.002913992271
2934	0.0009124520743
2935	0.0009467777885
2936	0.001697103539
2937	0.004542955202
2938	4.870572235e-06
2939	0.002267552461
2940	0.0007081078344
2941	0.0005459317906
2942	0.001705269418
2943	0.001642543163
2944	0.0006216085218
2945	0.001281381032
2946	0.002075729812
2947	0.00216210386
2948	0.003489078185
2949	1.280653947e-05
2950	9.809264353e-06
2951	0.006064889719
2952	0.001024702975
2953	0.001743460249
2954	0.003973477071
2955	0.00496736808
2956	0.000410883857
2957	0.003771163587
2958	0.004744367194
2959	0.001494386095
2960	0.001548788569
2961	0.001467280557
2962	0.002171788934
2963	0.001118686969
2964	0.002375345157
2965	0.002586614002
2966	0.004192201813
2967	2.812432337e-05
2968	0.003966671743
2969	0.002603409469
2970	0.005814345743
2971	0.0001988933393
2972	0.001630373046
2973	0.002081616563
2974	7.509260034e-05
2975	5.615692269e-05
2976	0.00103760627
2977	0.0008642160859
2978	0.002526101287
2979	0.003705743664
2980	0.0003837479981
2981	0.002851318986
2982	0.0002354971942
2983	0.000152004269
2984	0.007082907378
2985	0.0006650218261
2986	0.0003998660491
2987	0.004977604823
2988	0.001175296981
2989	0.0008796399262
2990	0.001811643555
2991	0.0005803305649
2992	0.002698514426
2993	0.001229996879
2994	0.003315519052
2995	0.002422120321
2996	0.001196290705
2997	0.0003440824703
2998	0.006263557094
2999	0.001868703186
3000	0.0006741822359
3001	0.004435627476
3002	4.639853802e-06
3003	0.009240765338
3004	0.003934804765
3005	0.002930461849
3006	0.005340788306
3007	0.0004875149693
3008	0.002495480113
3009	0.002636418803
3010	0.0005176828866
3011	0.004459454437
3012	0.004057502437
3013	0.003275492993
3014	0.003733159801
3015	0.0058057802
3016	0.001859094071
3017	0.0007331299006
3018	0.00375874148
3019	0.001650021679
3020	0.0006645244882
3021	0.003588749624
3022	0.0002707008282
3023	0.0004172217979
3024	0.003399977366
3025	0.004083821764
3026	0.0008594206715
3027	0.001085804126
3028	2.588555857e-06
3029	1.362397842e-06
3030	0.004138466841
3031	0.002175615294
3032	0.001878000993
3033	0.0005621588464
3034	0.003768325719
3035	0.0006768579907
3036	0.0002217832129
3037	0.002711481471
3038	0.0004190156088
3039	0.002063313769
3040	0.004010750786
3041	0.003697606113
3042	0.001337693433
3043	0.002059497019
3044	0.0008572562867
3045	0.0005336002947
3046	0.003067960415
3047	0.001789959416
3048	0.009382895336
3049	0.004468702734
3050	0.001314284346
3051	0.002068874629
3052	0.0002962432132
3053	0.0007971051312
3054	0.003617313362
3055	0.006493533134
3056	0.002846875155
3057	0.001046668619
3058	0.001666876527
3059	0.003901766172
3060	0.001215644167
3061	0.002461706368
3062	0.004314469585
3063	3.950953708e-06
3064	3.814713927e-06
3065	1.907356951e-06
3066	1.907356951e-06
3067	0.0002338621508
3068	0.001517344835
3069	0.003129890806
3070	0.002075812816
3071	9.403018591e-06
3072	0.002442841017
3073	0.004264889433
3074	9.128065393e-06
3075	0.0014504791
3076	0.003254057271
3077	0.001030684424
3078	0.001234114484
3079	0.004738738774
3080	0.001507126716
3081	0.001062987961
3082	0.001631959208
3083	0.003696047452
3084	0.002248630527
3085	0.0006680691978
3086	0.001333272286
3087	0.001345492798
3088	0.006104181485
3089	0.00341789192
3090	0.002634564919
3091	3.765492296e-05
3092	0.00167498349
3093	0.001817882838
3094	0.001296351988
3095	0.0001951848762
3096	0.00163455367
3097	1.907356948e-06
3098	1.907356948e-06
3099	0.003428829607
3100	0.002399927102
3101	0.0006170682483
3102	0.001684811447
3103	0.001153667698
3104	0.0005612639649
3105	0.002351694296
3106	0.001501234367
3107	0.003205490292
3108	0.001552759867
3109	0.003326924838
3110	0.0009730307116
3111	0.0006056724666
3112	0.003413316363
3113	0.0005479869786
3114	0.001005168671
3115	0.001708754563
3116	0.001141561577
3117	0.006124319436
3118	0.004356020699
3119	0.001716301027
3120	0.00151302455
3121	0.003608651009
3122	0.003429740693
3123	0.002611309961
3124	0.00025469475
3125	0.0002583456998
3126	0.003199321034
3127	3.950953648e-06
3128	0.000998657805
3129	0.002938901718
3130	0.0004592996263
3131	0.00193607882
3132	0.001163180002
3133	0.00176246028
3134	0.0002943531703
3135	1.226158041e-05
3136	1.219346052e-05
3137	0.0008982498413
3138	0.0004932752563
3139	0.0045114274
3140	3.269754768e-06
3141	3.269754768e-06
3142	0.001478521802
3143	0.0008685085266
3144	0.004041131325
3145	0.0001515905007
3146	0.004371345334
3147	0.0001856965196
3148	0.00182546789
3149	0.002112702357
3150	0.003247303971
3151	0.0006787360564
3152	0.00179393547
3153	0.0008384392727
3154	0.002769597686
3155	0.001122922721
3156	0.003628347427
3157	0.0003055191116
3158	0.002452679514
3159	0.003317982927
3160	0.003630308379
3161	5.222524949e-06
3162	1.866485012e-05
3163	0.002399989458
3164	0.001984828566
3165	0.002709734259
3166	0.001570814069
3167	0.001058118308
3168	5.44959126e-07
3169	5.44959126e-07
3170	0.00126246327
3171	0.0004713431164
3172	8.072531867e-06
3173	0.004013969506
3174	0.0007864100368
3175	0.0008250958536
3176	0.0001997687251
3177	1.634877389e-06
3178	1.634877389e-06
3179	0.00618470945
3180	0.001556799495
3181	0.0002611961324
3182	0.00145585402
3183	0.0002608992498
3184	0.000732524923
3185	0.003916511126
3186	0.001380874875
3187	0.0007838112059
3188	0.001278616997
3189	0.005115027846
3190	0.0004314142241
3191	0.0001333356826
3192	0.00219228508
3193	0.001972041149
3194	0.007081023659
3195	0.0002307604762
3196	0.001351209932
3197	0.0001821188215
3198	0.001454757803
3199	0.001196027806
3200	0.002259089065
3201	0.0005655197448
3202	0.0004801649407
3203	0.000450161715
3204	0.002457216034
3205	0.0005118345752
3206	0.001474840603
3207	0.008141568269
3208	0.00182082861
3209	0.002043859053
3210	0.008977108913
3211	0.002035763948
3212	0.0009883680372
3213	0.0007010088829
3214	0.001795387151
3215	0.00152106232
3216	0.0003226648144
3217	0.00264005822
3218	0.002667846481
3219	3.678474112e-06
3220	0.0009159035547
3221	0.002000018879
3222	2.724795657e-07
3223	2.724795657e-07
3224	0.001938771119
3225	3.313546106e-05
3226	0.001203779924
3227	0.0009861225665
3228	0.001812926807
3229	1.089918224e-06
3230	1.089918224e-06
3231	1.634877385e-06
3232	0.003027301765
3233	0.003257153104
3234	0.0004366449768
3235	0.004036614467
3236	0.002616380599
3237	0.003208773131
3238	0.003736589785
3239	0.002718376834
3240	0.004152166
3241	0.001181896075
3242	0.0004219949338
3243	8.537405039e-06
3244	0.0005421131455
3245	0.0004786457877
3246	0.001306044363
3247	0.001030458386
3248	0.003614592901
3249	7.596440048e-05
3250	0.0003038960361
3251	0.004864459449
3252	0.001879743722
3253	0.001882139011
3254	0.003473974618
3255	0.0008297800971
3256	0.002982526095
3257	8.174387357e-07
3258	8.174387357e-07
3259	0.001004148208
3260	2.452316079e-06
3261	2.452316079e-06
3262	4.18633005e-05
3263	0.004891259854
3264	0.0007719284974
3265	0.002340830922
3266	0.002890604321
3267	1.103542235e-05
3268	0.001700009161
3269	0.002089515969
3270	6.267029972e-06
3271	6.267029972e-06
3272	0.002276196985
3273	0.0009483109974
3274	0.0009088725116
3275	9.093625051e-05
3276	0.002560895921
3277	0.002410549596
3278	0.00353526056
3279	0.005837769537
3280	0.0005637814415
3281	0.002528027901
3282	0.001433434369
3283	0.0006260679483
3284	0.0009951713526
3285	0.001137213034
3286	0.003228227034
3287	0.002917229506
3288	0.001528871447
3289	0.000169583083
3290	0.0002939017286
3291	0.004955237575
3292	0.005215314728
3293	0.0002066216717
3294	0.0004049630929
3295	0.001189271099
3296	0.003070869973
3297	0.008858453544
3298	0.000592362664
3299	0.00205077732
3300	0.002169532955
3301	0.001069085701
3302	0.0002185842594
3303	0.001989201148
3304	0.002935873109
3305	0.002141185393
3306	0.000360427485
3307	0.00467496639
3308	0.001270825596
3309	0.001937627315
3310	0.0005507916677
3311	0.0008947129544
3312	0.002209541939
3313	0.0008089789089
3314	0.0002316802895
3315	0.003046532121
3316	0.002031996895
3317	0.001047104038
3318	0.005749158894
3319	0.004550946399
3320	0.005210753658
3321	0.002545176729
3322	0.004063165908
3323	0.005359598802
3324	0.004858892435
3325	0.0007706942967
3326	0.004279691423
3327	0.0009706458363
3328	0.005854396108
3329	0.003138881371
3330	0.001556853168
3331	0.005715558192
3332	0.001532755748
3333	0.0023817096
3334	0.002077326333
3335	7.985623346e-05
3336	0.001431029445
3337	0.002702297493
3338	0.000965222438
3339	0.001095386463
3340	0.0007497896141
3341	0.003721439584
3342	0.0001482886676
3343	0.004973465613
3344	0.005782544488
3345	0.00104941155
3346	0.002279343415
3347	0.000521497992
3348	0.002477182727
3349	0.001332518915
3350	0.0005164086854
3351	0.002512556492
3352	0.00159841361
3353	0.001040226987
3354	7.395085977e-05
3355	0.006343140736
3356	0.002110452251
3357	2.724795675e-06
3358	2.724795675e-06
3359	0
3360	0.0008045877585
3361	0.007774986895
3362	0.002918341301
3363	0.002887020163
3364	0.004897186121
3365	0.001026020007
3366	0.0009110992756
3367	0.0008569920201
3368	0.002269501254
3369	0.00345463689
3370	0.001807023289
3371	0.008216189832
3372	0.002163626626
3373	0.00476609162
3374	0.002272362598
3375	0.005969217112
3376	0.003643461417
3377	0.0007934100868
3378	0.000412413999
3379	0.0005329530448
3380	1.42292912e-05
3381	0.0004418934223
3382	0.006509435905
3383	0.001349745802
3384	0.004119011464
3385	0.001434534462
3386	0.001920675597
3387	3.814713868e-06
3388	3.814713868e-06
3389	0.003657283617
3390	0.003889342142
3391	0.002781551456
3392	0.00555371087
3393	0.001254298081
3394	0.001813826029
3395	5.04087194e-06
3396	0.001489988463
3397	1.771117167e-06
3398	4.632152595e-06
3399	0.004636948497
3400	0.002165949995
3401	0.0009867836134
3402	0.001218955801
3403	0.001028690525
3404	0.001193329997
3405	0.002915678549
3406	4.406926811e-05
3407	0.00142596838
3408	0.0008380810708
3409	0.001939162123
3410	0.002428861709
3411	0.002723051014
3412	0.00291321233
3413	0.0003040454018
3414	0.0004262846408
3415	0.002687060988
3416	0.001495053083
3417	0.001571884857
3418	0.001506553918
3419	0.004483918867
3420	0.001399523821
3421	0.003035750044
3422	0.003719725414
3423	0.003197661752
3424	0.001601006369
3425	4.124260632e-05
3426	0.00450876925
3427	0.001239499375
3428	0.002345581453
3429	0.002424090792
3430	0.006375412971
3431	0.002017553377
3432	0.00723391509
3433	0.0002399533902
3434	0.0002610632129
3435	0.006108041439
3436	0.00279467067
3437	0.004027959133
3438	0.002252129228
3439	0.0003242945455
3440	0.0009914378142
3441	0.0001610444293
3442	0.003922589953
3443	0.003039930981
3444	0.001465201188
3445	0.001644666626
3446	0.0002719369765
3447	0.001411905932
3448	0.003372202828
3449	0.0002963881687
3450	0.001504027164
3451	1.259815767e-05
3452	0.0004166732564
3453	0.004005421112
3454	0.002107689104
3455	0.001263196749
3456	0.00603099601
3457	0.001543122666
3458	0.003532337348
3459	0.00328059561
3460	0.002925747554
3461	0.0003160291315
3462	0.0007387635677
3463	0.0004871223737
3464	0.003116091269
3465	0.001858122196
3466	0.008909268877
3467	0.00195337936
3468	0.001937447469
3469	0.0002251968695
3470	0.002029331293
3471	0.002569890026
3472	0.005118184069
3473	0.001496694845
3474	8.174386922e-07
3475	8.174386922e-07
3476	2.812783837e-05
3477	0.000910438552
3478	0.0003332343579
3479	0.003031256534
3480	0.001256378579
3481	5.603895073e-05
3482	0.006316081666
3483	0.003113590366
3484	0.001690922264
3485	0.001174383301
3486	6.27485481e-05
3487	5.177111694e-06
3488	5.177111694e-06
3489	0.002091361395
3490	8.719346051e-06
3491	9.26430514e-06
3492	0.0004022666302
3493	0.001213069232
3494	0.003005417013
3495	0.001951221676
3496	0.002059628321
3497	0.001665051235
3498	0.0006027006371
3499	0.001155407686
3500	0.001349034614
3501	0.002453939533
3502	0.001578746777
3503	0.002093255932
3504	0.006915582323
3505	2.72479564e-06
3506	2.72479564e-06
3507	0.002524465781
3508	0.001490082057
3509	0.001053575012
3510	8.139987085e-05
3511	0.002101330949
3512	0.001504358542
3513	0.0005996769295
3514	0.001352394844
3515	0.0001165570282
3516	0.0008487989306
3517	0.00216863276
3518	0.0001789787499
3519	1.516121697e-05
3520	0.002028326062
3521	0.005808054598
3522	0.002465596225
3523	0.001987413356
3524	0.001254654158
3525	0.00105285504
3526	0.00874474851
3527	0.001651396861
3528	0.002656825309
3529	0.0006485720714
3530	0.003841797909
3531	0.001446568804
3532	0.004848338565
3533	0.001768335892
3534	0.004206159125
3535	0.0006927760099
3536	0.001151174548
3537	8.719346039e-06
3538	0.00547549202
3539	0.0008797403841
3540	0.001304548718
3541	0.003815641196
3542	0.004928137149
3543	0.005033975606
3544	3.910081745e-05
3545	0.002583741348
3546	0.001073662094
3547	0.0005111379492
3548	0.00205725884
3549	0.002844204796
3550	0.0008974795764
3551	0.00100436815
3552	0.002678208569
3553	0.007691881917
3554	0.005025194745
3555	0.005303600195
3556	0.001261406094
3557	0.0008986203495
3558	0.004200313435
3559	0.0008503789998
3560	6.376328618e-05
3561	0.0003617830828
3562	0.001056202462
3563	0.002467937143
3564	0.005871755144
3565	0.003181078919
3566	0.0009682169148
3567	0.001447414764
3568	0.002369225038
3569	0.004802384294
3570	0.001962004734
3571	0.0002745854677
3572	0.0005377292827
3573	0.0026646242
3574	1.144414169e-05
3575	1.144414169e-05
3576	0.001886465555
3577	4.641460778e-06
3578	0.0002947048458
3579	0.0006738624716
3580	0.00226459826
3581	0.003491730399
3582	0.002970452947
3583	0.002099624821
3584	0.003998506298
3585	2.41146778e-05
3586	0.002750959968
3587	0.001437248704
3588	0.001554606618
3589	0.0001737914148
3590	0.002597322172
3591	0.002124947839
3592	0.003488255732
3593	0.0009053754384
3594	0.001190250987
3595	0.00100939615
3596	0.0008844976424
3597	0.008465442088
3598	0.00106068711
3599	0.0009311567903
3600	0.00175102726
3601	0.003366244205
3602	0.001823401098
3603	2.574931884e-05
3604	0.001158363745
3605	8.719346046e-06
3606	8.719346046e-06
3607	0.001748913559
3608	0.002962310879
3609	0.0004150391557
3610	0.004857449981
3611	0.001501041021
3612	0.002573821079
3613	0.001079911186
3614	0.001404743889
3615	0.00346815867
3616	8.174386757e-07
3617	0.0008042007491
3618	0.002795832971
3619	0.001761140087
3620	0.002907207444
3621	0.002114085065
3622	0.0007307435421
3623	0.0008651261878
3624	0.0009569039658
3625	0.002758782519
3626	0.003102453552
3627	8.989338684e-06
3628	0.001014089266
3629	0.001151535088
3630	0.004563696146
3631	0.003910682425
3632	0.006115600201
3633	0.0006574273945
3634	0.0001224020448
3635	0.004843541286
3636	0.0003515519118
3637	0.002595822521
3638	0.00254122764
3639	0.004385049067
3640	0.002037647935
3641	0.0006891265068
3642	0.0006890947696
3643	0.0002178746627
3644	0.002366161433
3645	0.004061908338
3646	0.004464409735
3647	0.00116555286
3648	0.0006035596491
3649	0.002186730224
3650	0.00264846081
3651	0.0002122632216
3652	0.0001173398865
3653	3.269754722e-06
3654	0.001428658145
3655	1.257947324e-05
3656	0.005259296195
3657	0.003527080182
3658	0.002604090239
3659	1.089918216e-06
3660	1.089918216e-06
3661	0.00574971513
3662	0.006319485954
3663	0.002164511755
3664	0.002786337581
3665	0.001690618109
3666	0.001012077241
3667	0.0001500206327
3668	1.634877384e-06
3669	5.316452719e-05
3670	2.134423252e-06
3671	0.0002908852161
3672	0.000305364035
3673	0.000468916521
3674	0.001270227225
3675	0.003680296629
3676	0.003876682689
3677	0.0001596455695
3678	0.000229095431
3679	0.0008461899154
3680	0.002735183602
3681	0.000904367597
3682	0.001299810314
3683	0.000799489224
3684	5.449591296e-07
3685	0.004856883819
3686	0.002487412286
3687	0.0001964433187
3688	0.004066411545
3689	0.001998846408
3690	3.292461359e-06
3691	0.0002191748459
3692	0.003118239816
3693	0.00474960919
3694	0.005571857896
3695	0.0006371114043
3696	0.003017311795
3697	0.001206453546
3698	0.0005817492932
3699	0.01204157106
3700	0.00521155977
3701	0.001134909046
3702	0.000927834462
3703	0.0005298921774
3704	0.0005020551781
3705	5.753544086e-05
3706	0.0005675436174
3707	0.004162868476
3708	0.001436940116
3709	0.001274811348
3710	0.001027090148
3711	0.000340383643
3712	0.001832173978
3713	0.002725201585
3714	0.006381882795
3715	0.007172861888
3716	0.003122817442
3717	0.004521398774
3718	0.006570981358
3719	0.003410861323
3720	0.001557807659
3721	0.0003906452387
3722	0.001598497204
3723	0.002713512245
3724	0.001432956533
3725	0.0006969011687
3726	3.269754765e-06
3727	3.269754765e-06
3728	7.356948229e-06
3729	7.356948229e-06
3730	0.001787910536
3731	0.001633162362
3732	0.001497209625
3733	0.002485944866
3734	0.004786193492
3735	0.003924422397
3736	0.002756309933
3737	0.000139537862
3738	0.002561355747
3739	3.760217984e-05
3740	0.005770605636
3741	0.002180948844
3742	0.002601021832
3743	0.001469496039
3744	0.001573995849
3745	0.004734199252
3746	0.002347107795
3747	0.004991124217
3748	8.174386946e-07
3749	8.174386946e-07
3750	0.006224874713
3751	4.359673027e-06
3752	0.001002362842
3753	0.001649598567
3754	0.002717601285
3755	0.002242854014
3756	0.00166268666
3757	0.004035143671
3758	0.001029490612
3759	0.0001188469932
3760	0.00694213378
3761	0.005394899531
3762	0.001364736734
3763	0.0006655533356
3764	0.003640543714
3765	0.002588287031
3766	0.0009210094211
3767	0.0003939387651
3768	0.0004958299434
3769	3.645987848e-05
3770	5.44959128e-07
3771	5.44959128e-07
3772	0.001712164685
3773	0.001341791106
3774	0.001042110911
3775	0.001604077969
3776	2.043596758e-06
3777	4.604898006e-15
3778	4.604898006e-15
3779	0.0003047802245
3780	0.001850697465
3781	0.001242045293
3782	0.002771926517
3783	0.001204454985
3784	0.002118165915
3785	2.646203499e-05
3786	0.0009684548132
3787	0.00259266561
3788	5.449591264e-07
3789	5.449591264e-07
3790	0.001786839863
3791	0.004755539025
3792	0.002550811033
3793	0.0002123674055
3794	0.001411141328
3795	0.002284549219
3796	0.001801580361
3797	0.00246595727
3798	0.001547388163
3799	0.007530209248
3800	0.0003080968408
3801	0.0003017314905
3802	0.002365391798
3803	0.004602555082
3804	0.001401478994
3805	1.185286102e-05
3806	0.002347728583
3807	0.003466517094
3808	0.0003989938962
3809	0.003017330486
3810	0.002178719847
3811	0.001424454145
3812	0.002613083168
3813	0.002935752714
3814	5.760130642e-05
3815	0.0015746879
3816	1.049046322e-05
3817	2.316076295e-06
3818	0.001411996054
3819	0.001513496521
3820	0.002462410233
3821	0.001430730356
3822	0.002769885554
3823	0.002510239263
3824	0.001678599382
3825	0.002605068212
3826	0.001061064886
3827	0.001232090615
3828	0.002170747671
3829	0.002739963564
3830	0.003526786039
3831	0.001954423391
3832	0.001520347131
3833	0.004163392017
3834	0.006959002285
3835	0.0003355312864
3836	0.000490128043
3837	5.994550455e-06
3838	5.994550455e-06
3839	0.001191975407
3840	9.403024814e-06
3841	0.0002021700366
3842	0.004746459285
3843	0.004721372991
3844	0.002583789707
3845	0.002751936184
3846	0.000759226366
3847	0.004945729419
3848	0.001290195211
3849	0.002985308293
3850	0.001442298278
3851	0.00060666172
3852	0.001132345578
3853	0.0002812032968
3854	0.001990589664
3855	0.0002734332658
3856	0.002708334196
3857	0.001547346876
3858	0.009190320792
3859	0.001741373746
3860	0.000564697603
3861	0.0001069657923
3862	0.006365321558
3863	0.002696467637
3864	0.002983397359
3865	0.004001263657
3866	0.0007178145783
3867	0.0001917714673
3868	0.0007677840642
3869	0.0005397917162
3870	0.0008141282854
3871	0.001405126739
3872	0.001123424637
3873	0.0001138660491
3874	0.002130600709
3875	0.001383199223
3876	0.001012035934
3877	0.003311183542
3878	0.002321244872
3879	0.001757510632
3880	8.446866481e-06
3881	0.004013253798
3882	8.510445047e-05
3883	0.001475509193
3884	0.0002829748596
3885	0.0003047952652
3886	0.00060012255
3887	0.00250437444
3888	0.001219860379
3889	1.362397808e-06
3890	0.00219874373
3891	0.005870646404
3892	0.000151997986
3893	0.002096410087
3894	0.001571274239
3895	0.0006789470421
3896	0.0004804608863
3897	0.004318714758
3898	8.174386949e-07
3899	4.632152593e-06
3900	0.003364588569
3901	0.0005781559247
3902	9.080218832e-05
3903	0.0004081365665
3904	0.0002431365547
3905	0.002142511205
3906	0.004998970952
3907	0.002557081504
3908	0.0007162897241
3909	0.002038411097
3910	0.0009954211231
3911	1.634877387e-06
3912	1.634877387e-06
3913	0.0004017962833
3914	0.003746700874
3915	2.901669477e-05
3916	0.003317181355
3917	6.839237061e-05
3918	0.001054398213
3919	0.004109328957
3920	0.0003796027756
3921	0.001311998469
3922	0.0007007131787
3923	0.002411190873
3924	0.000415749632
3925	3.44686648e-05
3926	0.0003100487901
3927	0.0009042789134
3928	3.269754811e-06
3929	0.0003313005358
3930	0.003504736263
3931	0.002412871048
3932	1.408378747e-05
3933	0.0002984406507
3934	0.0002799242224
3935	4.128065392e-05
3936	7.31654034e-05
3937	0.003225765034
3938	0.005276326398
3939	9.943889941e-05
3940	6.81198946e-07
3941	0.001289819918
3942	0.001264352681
3943	0.003478342719
3944	0.001213940291
3945	0.0008101572222
3946	0.0005544164215
3947	0.0002576594895
3948	9.793216557e-05
3949	0.002184666595
3950	0.002020944958
3951	0.004346481733
3952	0.002797056487
3953	0.003497665598
3954	0.003694691234
3955	0.00209017492
3956	0.000922400155
3957	0.007303595983
3958	0.0004721971047
3959	0.004750278686
3960	0.0006131532031
3961	0.001564083593
3962	0.0007213452657
3963	0.0009531002169
3964	0.0003466443142
3965	1.634877384e-06
3966	1.634877433e-06
3967	0.001981962935
3968	0.007526171081
3969	0.003103665768
3970	0.0001889674819
3971	0.001443778293
3972	0.001188484286
3973	0.00141083023
3974	0.001401797414
3975	0.0009519258191
3976	0.002502094456
3977	3.542234355e-06
3978	3.542234355e-06
3979	0.0001608710541
3980	0.001706921322
3981	1.494096274e-05
3982	1.739327886e-05
3983	0.0009212575376
3984	0.001139299696
3985	0.001555405507
3986	0.001344291942
3987	0.0003077753921
3988	0.004731844656
3989	0.001330880517
3990	0.0007386304656
3991	0.002104561608
3992	0.002904500123
3993	0.002100683976
3994	0.001648123128
3995	0.0004656209223
3996	0.001030843507
3997	0.002022761453
3998	0.0007921436711
3999	0.002922005196
4000	0.0002657504228
4001	0.001808311101
4002	0.006580950228
4003	0.004058414713
4004	0.002935137338
4005	0.001858037036
4006	0.0004964766258
4007	0.0003233494784
4008	0.002468297647
4009	0.002959514465
4010	0.001366940962
4011	0.002823321657
4012	0.0008195775839
4013	0.0009248516014
4014	0.0008800531979
4015	3.542234335e-06
4016	9.809264305e-06
4017	0.001434628208
4018	6.961926807e-05
4019	0.004330274101
4020	0.001910680121
4021	0.005810668725
4022	0.001379063298
4023	0.0001300389251
4024	8.085624776e-05
4025	0.002422903766
4026	4.359673017e-06
4027	5.177111722e-06
4028	0.0008910987594
4029	7.550293708e-05
4030	0.003291779319
4031	0.0004204732322
4032	0.003980305709
4033	0.0004563661198
4034	0.0007701691538
4035	0.001289851245
4036	0.001037547298
4037	0.003879427661
4038	0.0004468269603
4039	9.43340256e-05
4040	0.005893808555
4041	0.001622544134
4042	9.357637037e-05
4043	0.001712869195
4044	0.001230470035
4045	0.0002409507311
4046	0.001635991635
4047	0.001675580425
4048	0.003092871784
4049	6.675749315e-06
4050	9.26430518e-06
4051	0.001256212871
4052	0.005703725391
4053	0.003553691797
4054	3.07634748e-05
4055	0.003198357492
4056	0.0007986008419
4057	0.002123380648
4058	0.0009926759975
4059	0.003274464391
4060	0.0008551183833
4061	0.001756360908
4062	0.0002059121487
4063	0.001772021025
4064	0.004065061337
4065	0.001295140875
4066	0.002700192307
4067	0.002448141936
4068	0.003344649972
4069	0.001081503543
4070	0.001922442954
4071	0.0003250618735
4072	0.00373435678
4073	0.002218183153
4074	0.0006172029616
4075	0.004578179335
4076	0.003003531347
4077	0.0006602191284
4078	0.0003780400941
4079	0.007372784939
4080	0.009689019871
4081	0.001978771456
4082	1.089918256e-05
4083	1.089918256e-05
4084	0.002356581694
4085	0.0002229952702
4086	0.001027939544
4087	3.687933209e-05
4088	0.001610570744
4089	0.001119851568
4090	0.002785539494
4091	0.002181170296
4092	0.000622128221
4093	0.001734785943
4094	0.002060127987
4095	0.003787205716
4096	0.0003509106391
4097	0.0003621117236
4098	0.001888103218
4099	0.0003717347197
4100	0.003315413753
4101	3.269754785e-06
4102	2.724795989e-07
4103	0.001424094923
4104	0.0009045822085
4105	3.814713892e-06
4106	1.280653951e-05
4107	0.001429224627
4108	0.004249227296
4109	0.002988868383
4110	0.001622406485
4111	0.001470058622
4112	0.000237362701
4113	0.001151835714
4114	0.006321962199
4115	0.0004054187922
4116	0.001446692648
4117	0.001345228437
4118	0.001368851717
4119	0.004558897684
4120	0.0005610325935
4121	5.449591314e-07
4122	1.310807601e-05
4123	0.0004686941482
4124	0.0003270779051
4125	0.003150714784
4126	0.00154143293
4127	0.0004161017936
4128	0.001804053254
4129	0.0006325889052
4130	0.0007856176112
4131	0.001375768751
4132	0.00695428779
4133	0.005099464214
4134	0.001312226308
4135	0.004977471965
4136	0.00362328106
4137	0.001086094974
4138	0.001838717004
4139	0.000513750263
4140	0.001506098276
4141	0.001372901441
4142	0.001492091982
4143	0.004618421616
4144	0.001517103958
4145	0.002319438232
4146	0.001415721685
4147	0.003345010516
4148	0.003648288643
4149	0.008280638077
4150	0.0001813231504
4151	5.17862551e-06
4152	0.00222246729
4153	0.001063170855
4154	0.004415477298
4155	0.0008931435046
4156	0.001600205486
4157	0.002218438069
4158	0.001836628714
4159	0.004252555167
4160	0.0006981095881
4161	0.007915688561
4162	0.001654211278
4163	0.002442398134
4164	0.002197581475
4165	3.324247887e-14
4166	3.324247887e-14
4167	0.0005172227967
4168	0.002282642722
4169	0.003064856201
4170	0.0009026472383
4171	0.001836221406
4172	0.002164467277
4173	0.003738521328
4174	1.634877386e-06
4175	1.280659606e-15
4176	6.811989066e-06
4177	5.449591264e-06
4178	0.0009107558988
4179	0.0001473547049
4180	0.001700076602
4181	0.0004600152214
4182	0.00134914114
4183	0.0005934935043
4184	0.003741991308
4185	2.72479561e-06
4186	0.000793012558
4187	2.393278833e-05
4188	0.006841084754
4189	0.004729249906
4190	0.0003549068653
4191	8.174386877e-07
4192	8.174386877e-07
4193	0.002466701226
4194	0.0001837370928
4195	0.002839041176
4196	0.0006540860851
4197	0.001181255538
4198	0.001422208997
4199	0.002079927809
4200	0.005143198122
4201	0.0002853429878
4202	0.00211761701
4203	0.001287581158
4204	0.001076328086
4205	8.179168366e-05
4206	0.00277487869
4207	0.0003884000431
4208	0.0008209265419
4209	0.0004664827498
4210	0.0005608697478
4211	0.000890157898
4212	0.0001801149596
4213	0.003081184138
4214	0.004192359369
4215	0.00319623474
4216	0.001518513242
4217	0.001232815779
4218	0.003812642321
4219	0.001583576715
4220	0.0005821158811
4221	0.002648598006
4222	0.0005299178847
4223	0.002310418186
4224	0.002735132185
4225	0.0004932189822
4226	0.002209804231
4227	0.000785340062
4228	0.002530697259
4229	0.001306849129
4230	0.000852375216
4231	0.002080880065
4232	0.0008080030343
4233	0.001291390607
4234	1.257947324e-05
4235	0.0006047889684
4236	0.0009241730436
4237	0.002103663322
4238	0.004910813457
4239	0.004225909831
4240	0.004132263604
4241	0.002895812685
4242	0.00124019153
4243	4.904632202e-06
4244	0.0002169561016
4245	0.001373771461
4246	0.002933242867
4247	0.002332674494
4248	0.002266399576
4249	0.002214649976
4250	0.002012600498
4251	0.0007205523044
4252	0.001588636951
4253	0.00148276283
4254	0.001015305085
4255	8.174386941e-06
4256	3.950953706e-06
4257	0.0001968618052
4258	0.005819648415
4259	0.002442224847
4260	0.0010770371
4261	0.003973381581
4262	0.002995188753
4263	0.0008173879422
4264	0.0004986900191
4265	0.0006683100834
4266	0.0007609547579
4267	0.002766156405
4268	0.001315872827
4269	0.001565259029
4270	0.00172349492
4271	0.001337145948
4272	0.004056475129
4273	0.003408931691
4274	0.001087189255
4275	0.005303045625
4276	1.512261581e-05
4277	0.0007003998385
4278	0.001631415801
4279	5.644868301e-06
4280	0.002251328421
4281	0.001062293341
4282	0.001401996546
4283	0.008769995128
4284	0.001626268605
4285	0.0007727675436
4286	0.00127460136
4287	0.01058587803
4288	0.002411028939
4289	2.316076331e-06
4290	1.90735699e-06
4291	0.001682951895
4292	2.365921418e-05
4293	0.00160653925
4294	0.00583638743
4295	0.004075003659
4296	0.0008932307741
4297	0.003105300605
4298	0.001759481344
4299	2.179836517e-06
4300	0.001526520652
4301	0.001829213058
4302	0.0002365986441
4303	0.001571803098
4304	0.002897977699
4305	0.006196996411
4306	0.001253656023
4307	0.002596761335
4308	0.004911064615
4309	0.0005513106076
4310	0.006752410053
4311	0.0003048007309
4312	0.003782065859
4313	0.004414139124
4314	1.17620345e-05
4315	0.003477094856
4316	0.001337941779
4317	0.006111283654
4318	0.00130628462
4319	0.002693068727
4320	0.0006783717545
4321	0.001655449994
4322	0.003037059888
4323	0.001978958542
4324	0.001134818502
4325	0.0009217997572
4326	0.0003139889103
4327	0.004802951705
4328	0.00151396468
4329	0.0003277246403
4330	0.0002542133911
4331	0.0003264022346
4332	0.006818966749
4333	6.342166217e-05
4334	0.002517397078
4335	0.001578003512
4336	0.003352177507
4337	0.004589556296
4338	0.00168814125
4339	0.002271955422
4340	0.00331460677
4341	0.003124889401
4342	0.002833573424
4343	0.002099397602
4344	0.0006311108066
4345	0.003749627817
4346	0.001656680046
4347	0.005086125776
4348	0.001260729358
4349	0.0007951857915
4350	0.0001038321794
4351	0.0014453704
4352	0.00477201309
4353	0.001035094945
4354	0.002627381572
4355	0.004320169863
4356	0.002115846694
4357	0.002976166563
4358	0.0007079459893
4359	0.001655128063
4360	0.003321267431
4361	0.001085917911
4362	0.005332978628
4363	0.001552292382
4364	0.005169603656
4365	0.007955201474
4366	0.001871809487
4367	0.002470506529
4368	0.005282285786
4369	1.90735695e-06
4370	1.90735695e-06
4371	6.675749321e-06
4372	6.539509506e-06
4373	1.226158086e-06
4374	0.0009895784515
4375	0.003278309249
4376	0.00260606685
4377	0.001506967983
4378	0.0008070857663
4379	0.0004487863373
4380	1.167120801e-05
4381	0.001880685678
4382	0.002152176054
4383	0.003189056118
4384	0.001080245201
4385	0.0006442365328
4386	0.0002382055686
4387	0.001925630003
4388	0.003307480294
4389	0.000355251385
4390	0.007313537001
4391	0.0002697992123
4392	0.001071781595
4393	0.000566623294
4394	0.001475128811
4395	0.00140430025
4396	0.0001449986334
4397	0.002667184436
4398	0.0003464758771
4399	0.00154849996
4400	0.002134764279
4401	0.006450948587
4402	3.996366955e-06
4403	1.68029065e-06
4404	0.0009519487823
4405	0.0003401005447
4406	0.0004210631205
4407	0.003124592789
4408	0.001669698371
4409	0.0003083953468
4410	0.002537688282
4411	0.001010169521
4412	0.001279304883
4413	0.0008500519535
4414	0.004083556529
4415	0.0008400743038
4416	0.00472767309
4417	0.001053714544
4418	0.0004225455838
4419	0.005917467523
4420	0.00455484698
4421	7.084468669e-06
4422	0.000329891701
4423	0.0003033560268
4424	0.0001704594528
4425	0.003742589373
4426	0.0003205542752
4427	0.0004826869302
4428	0.007205232537
4429	0.003744458913
4430	0.001229529379
4431	0.002475843385
4432	0.000973093494
4433	0.00334409613
4434	0.001083927956
4435	7.901907328e-06
4436	1.089918257e-05
4437	0.0004200598325
4438	0.002037853161
4439	0.007580110861
4440	0.002895167758
4441	0.004316771503
4442	0.0009018120562
4443	0.0008322486431
4444	0.000124136657
4445	0.003892900307
4446	0.001265066684
4447	0.001478883215
4448	0.001852029421
4449	0.001408551954
4450	0.002797326974
4451	4.291553137e-05
4452	0.00101380262
4453	0.0005470136056
4454	5.994550412e-06
4455	5.994550412e-06
4456	0.0005990989586
4457	0.0004811284989
4458	0.0003266242601
4459	5.784491834e-05
4460	0.0003203849499
4461	0.002126116366
4462	0.007872462166
4463	0.001977131673
4464	0.002008912454
4465	0.001441647595
4466	5.866560817e-05
4467	0.001476353665
4468	0.004054743223
4469	0.00102209431
4470	0.0004344385369
4471	0.002122755373
4472	0.002206247632
4473	0.005983957001
4474	0.001803689995
4475	0.0006355708157
4476	0.001045279477
4477	0.004008280974
4478	0.0006531971869
4479	0.002772005677
4480	0.002719589672
4481	0.003966521683
4482	0.004989956041
4483	1.089918258e-06
4484	1.089918258e-06
4485	0.0008224595575
4486	0.001707009729
4487	0.001302303887
4488	0.004308786388
4489	0.0006096192151
4490	3.227254589e-05
4491	0.004458090415
4492	0.002150888921
4493	0.002251692815
4494	0.001969809028
4495	0.001082202101
4496	0.001592028646
4497	0.001012084779
4498	0.001416225134
4499	0.002870194809
4500	0.0001539465636
4501	0.000290073209
4502	0.00195198492
4503	0.0001086104347
4504	0.002503365829
4505	2.179836513e-06
4506	2.179836513e-06
4507	0.003023657318
4508	0.005494040771
4509	0.002011717185
4510	0.0001451730147
4511	0.001442831501
4512	0.001689819416
4513	0.001632558581
4514	0.001880920326
4515	0.01065427047
4516	1.648501362e-05
4517	0.003100199508
4518	0.002340330334
4519	0.002080708945
4520	0.004862616422
4521	0.001006182393
4522	0.001334528791
4523	0.001564237513
4524	0.001195789451
4525	0.002040471924
4526	0.004691056921
4527	0.0007967458858
4528	0.0008459832164
4529	0.001442329303
4530	0.002275861195
4531	0.001463944613
4532	0.002132720994
4533	0.001018492249
4534	0.0019882001
4535	0.002082492773
4536	1.076294278e-05
4537	0.0003146133784
4538	0.004148058881
4539	0.0005743939979
4540	0.0004273567257
4541	0.001027258489
4542	0.00133304322
4543	0.0005138457226
4544	9.783496129e-05
4545	1.495199151e-05
4546	0.0001393198217
4547	0.00213615275
4548	0.002631060844
4549	0.001697158241
4550	0.005142701331
4551	0.0007135993208
4552	0.0008894114594
4553	0.003406712721
4554	0.000263274406
4555	0.002335345818
4556	0.0003936302174
4557	0.0008172014489
4558	0.001299254896
4559	0.002065769258
4560	0.002826484987
4561	3.147138964e-05
4562	0.0006983488987
4563	2.452316077e-06
4564	2.452316077e-06
4565	0.0002052850941
4566	0.001733035296
4567	0.00102735003
4568	0.0009170002162
4569	0.002749634458
4570	0.001412883122
4571	0.003142642111
4572	0.001080873032
4573	0.003077108392
4574	0.00337674467
4575	0.003125589079
4576	0.001148521599
4577	0.005738365321
4578	0.001484164154
4579	0.0001535793784
4580	0.002986827899
4581	0.003726788724
4582	0.003031661454
4583	0.0001976963262
4584	0.002457379867
4585	0.002093524571
4586	0.004729667059
4587	0.006426947199
4588	9.536784719e-07
4589	0.00622485813
4590	0.002722943815
4591	0.0007209960983
4592	2.980707727e-05
4593	0.0007557411572
4594	0.002507855587
4595	0.0047282856
4596	0.0005083682274
4597	0.001106812284
4598	0.005773046972
4599	0.0002989293637
4600	0.00350471867
4601	0.001668007295
4602	1.201180786e-05
4603	0.003093463308
4604	1.212534059e-05
4605	0.004184570192
4606	0.003842230971
4607	0.002275035916
4608	0.001020580591
4609	0.002844987142
4610	0.0001296143185
4611	0.002411625913
4612	0.006073166139
4613	0.000363479299
4614	0.001630012319
4615	0.001024521967
4616	0.001504967258
4617	0.0020664923
4618	0.001285073048
4619	0.00118763976
4620	0.0001800922964
4621	0.001452716135
4622	0.001268731701
4623	0.01396123977
4624	0.00221448772
4625	0.002409386671
4626	0.0006190570167
4627	0.001499544529
4628	0.001793881693
4629	0.00198109758
4630	3.669391462e-05
4631	0.0004911261324
4632	0.001345660897
4633	0.0004874056435
4634	0.002934275627
4635	1.907356966e-06
4636	1.907356966e-06
4637	0.004601196714
4638	0.0009053664578
4639	0.001735073039
4640	0.005087071309
4641	6.8119891e-06
4642	1.035422343e-05
4643	1.035422343e-05
4644	0.003203552205
4645	0.00735785345
4646	0.001018229825
4647	1.117166212e-05
4648	1.117166212e-05
4649	0.004083651508
4650	0.0002997872752
4651	0.002611591554
4652	0.0008673368938
4653	0.006999897222
4654	0.001331943053
4655	0.0006584505793
4656	0.001497429907
4657	9.649622056e-05
4658	0.0008577812061
4659	0.00136251598
4660	0.003036115809
4661	0.00324035472
4662	0.001438148872
4663	0.001670116474
4664	8.057977597e-05
4665	1.362397823e-05
4666	0.007493608693
4667	0.0002192854027
4668	0.002493277183
4669	0.001890865544
4670	0.001399471453
4671	0.0002410047195
4672	0.0007066248871
4673	6.11697664e-05
4674	0.005042182999
4675	0.005434507301
4676	0.00260840601
4677	0.002527437591
4678	0.0009376514227
4679	0.004047783413
4680	0.001129328418
4681	0.00126971528
4682	9.107871716e-05
4683	2.430890688e-05
4684	0.002866282367
4685	0.007039629427
4686	0.002412176166
4687	0.001516903942
4688	0.004456769752
4689	0.001840528155
4690	8.507987328e-05
4691	0.001441895959
4692	0.001629017947
4693	0.004398227432
4694	0.003237854513
4695	0.003725669952
4696	0.0007181771416
4697	0.005623622844
4698	0.0008464617123
4699	0.003462357725
4700	7.943790747e-05
4701	0.001008969104
4702	0.0003346054773
4703	0.00148384218
4704	0.0003973420815
4705	0.00502730625
4706	0.003778101814
4707	2.384196181e-05
4708	0.003488922863
4709	0.0004172266262
4710	0.00126886282
4711	0.001016439764
4712	0.001741836166
4713	0.001441534205
4714	0.001605498239
4715	0.0004507818465
4716	0.006886762209
4717	0.0009427849032
4718	0.0008543382852
4719	0.002202331103
4720	0.002028752809
4721	0.000936396463
4722	7.925636764e-05
4723	1.498637604e-06
4724	0.002930513588
4725	0.0004793537125
4726	2.583106289e-05
4727	0.0001486716294
4728	0.0001443742909
4729	6.130790164e-06
4730	0.001817210581
4731	0.004245548105
4732	0.002544286492
4733	0.007708354765
4734	0.0046512528
4735	9.673024538e-06
4736	5.858310604e-06
4737	0.001296434587
4738	0.005628698228
4739	0.005614470453
4740	0.001259757648
4741	0.003058515864
4742	0.004290711644
4743	0.0009775870541
4744	0.0008582472771
4745	8.952211934e-05
4746	0.004364732419
4747	0.001583987469
4748	0.00145720603
4749	0.0003609794318
4750	0.00156329664
4751	3.814713896e-06
4752	0.0009323085393
4753	0.002515070484
4754	0.00123443774
4755	0.0009237051283
4756	0.0003752977573
4757	1.989100813e-05
4758	0.001042850709
4759	2.179836516e-06
4760	2.179836516e-06
4761	0.002478501986
4762	0.004091253289
4763	0.002734729901
4764	0.002095432292
4765	0.006872570019
4766	0.003094065695
4767	0.002774994274
4768	0.001039373278
4769	0.0006907932037
4770	0.0007323383292
4771	0.00189837877
4772	0.009531639714
4773	0.00132623933
4774	0.001782069587
4775	0.001448658941
4776	0.003616602624
4777	0.002871030962
4778	0.0007527494916
4779	0.002970038664
4780	0.00103806419
4781	5.040871927e-06
4782	0.001920987872
4783	0.0007099473586
4784	0.0006838139205
4785	0.0008968438251
4786	0.005555947166
4787	0.001329889766
4788	0.003980948481
4789	0.002182890152
4790	0.001317143352
4791	0.002737077077
4792	0.002005944068
4793	0.0007154440432
4794	0.003644878519
4795	0.004313029437
4796	0.000831168621
4797	0.0009335896125
4798	0.001813540373
4799	0.00145025806
4800	0.00165686726
4801	0.001089303531
4802	0.0004917594334
4803	8.446866487e-06
4804	0.001607311447
4805	0.001957653963
4806	0.002424922233
4807	9.00222132e-05
4808	0.001013049704
4809	0.005355458184
4810	0.003330472637
4811	0.002637929584
4812	0.005017890849
4813	0.003088784146
4814	0.005448454486
4815	0.001822722138
4816	2.917650618e-05
4817	0.001689908556
4818	0.0006918875375
4819	0.002067516269
4820	0.003487149544
4821	6.8119891e-06
4822	8.174386934e-06
4823	0.003709013884
4824	0.003005497338
4825	1.199171246e-05
4826	0.0006451558582
4827	6.017257035e-05
4828	0.001790728328
4829	0.006197533369
4830	0.001024245762
4831	3.950953678e-06
4832	6.267029977e-06
4833	2.724795673e-07
4834	1.907356902e-06
4835	0.0003899554813
4836	0.001924263631
4837	0.0005521890904
4838	1.103542236e-05
4839	0.009109306177
4840	0.007519765029
4841	0.004675703148
4842	0.001131396248
4843	0.001838889148
4844	0.004775631561
4845	0.00305799129
4846	0.0008900521108
4847	0.0003155866648
4848	0.001214535865
4849	3.455973284e-05
4850	0.005187220637
4851	0.0003140837735
4852	0.002603581338
4853	0.0004434247382
4854	0.0001183787466
4855	0.003688155514
4856	0.0003474693064
4857	0.005886777782
4858	0.002570029574
4859	0.002593309351
4860	0.001820256663
4861	0.003563522885
4862	0.0008555056832
4863	2.08446867e-05
4864	0.001498160457
4865	0.00109626899
4866	0.0005650978704
4867	0.003879588551
4868	0.001454059282
4869	0.003243096793
4870	0.001968544392
4871	0.001432416141
4872	0.0002371440849
4873	0.001830442075
4874	0.003333198253
4875	0.006413158428
4876	0.004201742925
4877	0.00129679556
4878	0.002466938574
4879	7.493188007e-06
4880	7.356948232e-06
4881	0.003101070066
4882	0.002965350483
4883	0.002091879258
4884	0.002967723847
4885	0.00462537787
4886	0.0007979129747
4887	0.002038420383
4888	0.0006358196087
4889	0.002510422379
4890	0.003032203295
4891	0.001928077684
4892	0.002215647195
4893	0.001445432468
4894	0.001706984062
4895	0.002114068908
4896	0.003420376899
4897	0.001886864147
4898	0.002340595237
4899	0.002013913747
4900	0.00112760946
4901	2.388737533e-06
4902	0.0008633864015
4903	0.002974185243
4904	0.0004562243042
4905	9.042915301e-06
4906	0.002623730829
4907	0.003413478897
4908	4.087193493e-06
4909	0.0006767521105
4910	0.001848459074
4911	0.001998737607
4912	0.006040946721
4913	0.002699725734
4914	0.003937678075
4915	6.672618799e-05
4916	0.002624957793
4917	0.002119519281
4918	0.002844066307
4919	0.001201811186
4920	0.003202805907
4921	2.266121712e-05
4922	0.00100115635
4923	0.00310222285
4924	0.003501570328
4925	1.117166212e-05
4926	1.389645772e-05
4927	2.452316033e-06
4928	2.452316033e-06
4929	0.0002707195065
4930	0.002999818259
4931	0.0001299373184
4932	0.004365082562
4933	0.001970387561
4934	0.002306021732
4935	0.002735679669
4936	0.0008671043093
4937	0.002316457293
4938	0.001192061837
4939	1.738459487e-05
4940	1.035422343e-05
4941	1.035422343e-05
4942	0.003804871409
4943	0.004355557799
4944	0.001505492724
4945	0.0001624448097
4946	0.003825479917
4947	0.0005354713341
4948	0.006808835155
4949	0.005680910501
4950	0.002211065702
4951	0.0004563022219
4952	0.006310676326
4953	0.002891521556
4954	0.001817837772
4955	0.003660565929
4956	0.004165912486
4957	0.001479994775
4958	0.004320427406
4959	0.003678043167
4960	0.001291487043
4961	0.000413703716
4962	0.002387550235
4963	0.001963882207
4964	0.000230841917
4965	0.0007888546725
4966	0.002279712214
4967	0.002994293718
4968	0.001141601529
4969	8.554020735e-05
4970	0.001518542624
4971	0.0002872933879
4972	0.0013927265
4973	0.003136076175
4974	0.002718364747
4975	0.001915101558
4976	0.001923839036
4977	0.001304510674
4978	0.002004661873
4979	0.005951359618
4980	3.74659401e-06
4981	0.001060580769
4982	0.0004537383814
4983	0.0003994000183
4984	0.0009302419886
4985	3.597649823e-05
4986	0.00421329679
4987	0.0006584945178
4988	0.006816553127
4989	0.006536666682
4990	0.003577041909
4991	0.0002211962116
4992	0.001249699625
4993	0.0001162439645
4994	0.0005835489639
4995	0.001616351702
4996	0.002783967347
4997	0.001019376695
4998	0.001717762836
4999	0.0009738571265
5000	0.0008156334675
5001	0.000508147114
5002	0.00344634322
5003	0.001019169288
5004	0.002939148662
5005	0.00347396209
5006	0.000419994579
5007	0.0008821980279
5008	0.002654705733
5009	0.002589332533
5010	0.0001124374977
5011	0.001755987841
5012	2.72479569e-07
5013	7.356948228e-06
5014	0.002543949508
5015	0.004958948313
5016	0.0008334610022
5017	0.002234618904
5018	0.002538000635
5019	0.001939754232
5020	0.001401774477
5021	0.002068738872
5022	0.0009096780559
5023	0.001353899791
5024	0.001947753924
5025	0.004744230359
5026	0.0002919910071
5027	0.001632604258
5028	0.004462539754
5029	0.0006645498004
5030	0.007260120205
5031	0.0007886068663
5032	0.002618206668
5033	0.001113335296
5034	0.0006331586479
5035	0.003885101371
5036	0.0001885552727
5037	0.004275976437
5038	0.00197819071
5039	0.0001650422351
5040	0.001279761233
5041	0.0005371809785
5042	0.00146725426
5043	0.001898506331
5044	0.005130409304
5045	0.004663240694
5046	0.003795049369
5047	0.0004509367452
5048	0.002345758768
5049	0.005687236235
5050	0.002416596518
5051	0.002221560067
5052	9.000142742e-05
5053	0.003857745159
5054	0.001800574656
5055	0.0005607265981
5056	0.001395393659
5057	0.00351543134
5058	0.0004718727509
5059	0.002441638334
5060	0.001116380107
5061	0.005819503489
5062	0.000133500519
5063	0.004897040261
5064	4.132606725e-06
5065	0.001565520526
5066	0.002308069456
5067	0.004090267405
5068	0.0008544677116
5069	0.003950148097
5070	0.0007413944773
5071	0.000896937683
5072	0.0008133140035
5073	0.003736312028
5074	0.002445153035
5075	0.0005483399101
5076	0.001417662963
5077	0.003765860372
5078	0.002911319068
5079	0.009721950455
5080	0.0005737730891
5081	0.002440102084
5082	0.001941921127
5083	0.0004366171946
5084	0.002263449265
5085	0.0006716642457
5086	0.002107344219
5087	0.001348675657
5088	0.002043145674
5089	0.001849492798
5090	0.002076298955
5091	0.003518434422
5092	0.007055796228
5093	0.001511693186
5094	0.003204767843
5095	0.002028495903
5096	0.007229062514
5097	0.001464223753
5098	0.004426041546
5099	0.002289425733
5100	0.001846246069
5101	0.0007871890357
5102	0.0006632608972
5103	0.00322845669
5104	0.0009409787505
5105	0.009470286634
5106	0.0003425035039
5107	0.002475399652
5108	0.0009458201054
5109	0.0003465583174
5110	0.001835050136
5111	0.002766437052
5112	0.001842923204
5113	6.539509533e-06
5114	6.539509533e-06
5115	0.001613105187
5116	0.002415792178
5117	4.35967302e-06
5118	4.35967302e-06
5119	0.002421957285
5120	0.001907075197
5121	5.449591267e-07
5122	2.17983647e-06
5123	2.437332027e-05
5124	4.541628827e-05
5125	0.002956382668
5126	0.002223386281
5127	0.0006165829879
5128	0.005997546508
5129	3.814713892e-06
5130	3.814713892e-06
5131	0.0007743396441
5132	0.01289459676
5133	0.003821307238
5134	0.005316172209
5135	0.004290380715
5136	0.0003196564906
5137	0.0005605591048
5138	0.001454199894
5139	0.001176193173
5140	0.004080244845
5141	3.638737512e-06
5142	0.00136600064
5143	0.0001295065616
5144	0.001430058512
5145	0.005916881424
5146	0.0015317782
5147	0.002723742611
5148	0.001281305264
5149	6.267029996e-06
5150	6.267029996e-06
5151	0.001005712376
5152	0.004154547139
5153	0.002223081728
5154	0.0003050460509
5155	0.0005328385893
5156	0.003890501898
5157	5.722070823e-06
5158	1.253405994e-05
5159	1.253405994e-05
5160	0.002804697656
5161	0.003812189127
5162	0.0001844333149
5163	0.001118742844
5164	0.002233616131
5165	0.0008782303742
5166	0.0009490946163
5167	0.001216623457
5168	0.0007249332441
5169	8.256682634e-05
5170	0.002051194644
5171	0.003482080474
5172	0.006306469905
5173	2.112284272e-05
5174	0.003940343688
5175	0.001583677027
5176	0.00246594954
5177	0.0009992901752
5178	0.002733549518
5179	0.0003510927903
5180	0.006454009888
5181	0.0004692618387
5182	0.004222177239
5183	0.003240320462
5184	0.005074207423
5185	3.814713898e-06
5186	2.724795602e-06
5187	0.00198693946
5188	4.260622684e-05
5189	0.001815058943
5190	0.00212093004
5191	0.002144561806
5192	0.001297558922
5193	2.145776605e-06
5194	0.002657338669
5195	0.0005350511281
5196	2.914829353e-05
5197	0.001899247688
5198	0.00498193555
5199	0.0008533574356
5200	0.002618092751
5201	0.001398397633
5202	0.0020811318
5203	0.002796203067
5204	0.001552221154
5205	0.0002628939663
5206	0.007498240017
5207	0.0007319185997
5208	0.0003506651596
5209	0.0004014047228
5210	0.000196644477
5211	0.001660311602
5212	0.00195933361
5213	9.950728184e-05
5214	0.002186677596
5215	0.001878683645
5216	0.001786037876
5217	0.001418188229
5218	0.004639226035
5219	0.002785692995
5220	0.003218743699
5221	0.001260008077
5222	0.001760656328
5223	0.00375431773
5224	0.0005950421263
5225	0.0007147619247
5226	0.002255564765
5227	0.0006846096615
5228	0.01187079788
5229	0.001981559032
5230	0.002683637819
5231	0.00199544497
5232	0.0003221358649
5233	0.0005354400885
5234	0.001645092464
5235	0.003317656103
5236	0.003627234234
5237	0.0004680383654
5238	0.001014578015
5239	0.001296079836
5240	0.002117529622
5241	0.0008484693196
5242	0.002390606837
5243	0.0003610057446
5244	0.0019056511
5245	0.0006526071399
5246	0.002842127054
5247	0.002989301852
5248	0.00110080866
5249	2.149435404e-05
5250	0.002296330332
5251	0.005992160129
5252	2.016348774e-05
5253	1.30790191e-05
5254	1.282924612e-05
5255	0.005001568082
5256	0.0001428576275
5257	0.004073388048
5258	0.00114204329
5259	0.001902115804
5260	0.00266277738
5261	0.003725568598
5262	0.002127204777
5263	0.0003657937153
5264	0.001289225506
5265	0.0005551654714
5266	0.0003493509018
5267	0.00232877731
5268	0.0008941251
5269	0.001277730257
5270	0.001164547463
5271	0.001177161367
5272	0.001040198664
5273	2.452316077e-06
5274	2.452316077e-06
5275	0.0007369908806
5276	0.0009021435658
5277	0.001109740485
5278	0.0001635785175
5279	0.001734794256
5280	0.001237333348
5281	0.0003983134193
5282	0.001123754471
5283	0.0001867229363
5284	0.0007645854984
5285	0.001966330936
5286	0.00273416167
5287	0.003877320138
5288	0.001873234021
5289	0.003509079693
5290	0.001123107144
5291	0.00141479836
5292	0.0006766260364
5293	0.001214363184
5294	0.0005917358365
5295	0.002110454486
5296	0.001715678403
5297	8.324662501e-05
5298	0.001971802789
5299	5.449591277e-06
5300	0.0001475431917
5301	0.0007244689032
5302	0.004942807818
5303	1.634877363e-06
5304	0.005216034027
5305	0.001189535016
5306	0.0001164070383
5307	0.0002735073482
5308	0.0001770534944
5309	0.0006103174192
5310	0.001047909079
5311	0.005190180694
5312	0.002332671371
5313	0.002179633339
5314	1.226158042e-06
5315	0.002004781418
5316	0.00167598452
5317	0.005737970497
5318	0.001729888105
5319	4.904632152e-06
5320	4.904632152e-06
5321	0.001134633288
5322	0.0002620377744
5323	0.002288513586
5324	0.0003953000585
5325	0.0006867665111
5326	0.003353986492
5327	0.002574981457
5328	0.003427694644
5329	0.002314255758
5330	0.003594360926
5331	0.0001239993469
5332	0.00455113563
5333	0.004530569193
5334	2.452316034e-06
5335	2.452316034e-06
5336	0.002590275707
5337	0.0009489849576
5338	0.001494845307
5339	0.004445060603
5340	1.130790194e-05
5341	0.0004902916017
5342	0.002525344586
5343	0.006145360277
5344	0.0007614021167
5345	3.542234326e-06
5346	3.542234326e-06
5347	0.003315421066
5348	0.0002036541414
5349	0.007201561752
5350	0.001525516627
5351	0.0002853594117
5352	0.003157492151
5353	0.003607803995
5354	0.002323503042
5355	1.439600362e-05
5356	0.00182143948
5357	0.0007039576317
5358	0.004905831426
5359	0.0006009939802
5360	0.0003151846959
5361	0.001268981575
5362	0.001658752426
5363	4.50215713e-05
5364	0.001905229904
5365	0.001763898793
5366	0.002616826812
5367	0.0004446102991
5368	0.001566574019
5369	0.001061647481
5370	7.982217499e-05
5371	0.001068402822
5372	0.007010402138
5373	0.005630310254
5374	0.0005533864197
5375	0.003739783789
5376	0.002181166294
5377	0.001531815761
5378	0.002764304417
5379	0.002489277941
5380	0.002111601185
5381	0.0004642625777
5382	0.003423182396
5383	0.001285942157
5384	0.0005728424658
5385	1.231022654e-05
5386	0.004639697109
5387	0.000302509359
5388	0.002505116227
5389	0.00399640077
5390	0.002107056961
5391	0.001367415711
5392	0.0003405413369
5393	0.0008215906352
5394	0.001731224791
5395	0.001556125894
5396	0.003492958095
5397	0.0009015960869
5398	0.006319986399
5399	0.0008449913411
5400	0.0002131005231
5401	0.004034746061
5402	1.226158042e-06
5403	0.002369030142
5404	0.0004348631215
5405	0.002256196851
5406	0.001172128268
5407	0.003475347293
5408	0.0008235118779
5409	0.00010198087
5410	7.247388739e-05
5411	0.001913396812
5412	0.0007101342401
5413	0.002794966231
5414	8.082976432e-05
5415	0.001338311507
5416	0.006202422345
5417	0.0003881068202
5418	0.0002123111083
5419	0.001035524563
5420	0.001697942657
5421	0.002211460819
5422	0.002720332499
5423	1.563534441e-06
5424	0.0003440559405
5425	0.003076520374
5426	0.0005627687545
5427	0.003908424933
5428	0.005402679574
5429	5.449591263e-07
5430	0.0001822493119
5431	0.0003390593599
5432	0.001653827398
5433	0.002745156673
5434	0.0002485893778
5435	1.362397822e-06
5436	1.362397822e-06
5437	0.001568445769
5438	0.0003533502625
5439	0.0005715738103
5440	6.539509532e-06
5441	6.539509532e-06
5442	0.001494234658
5443	0.0006732357711
5444	9.668060919e-05
5445	0.0004978939517
5446	0.0042095308
5447	1.634877413e-06
5448	0.001350211376
5449	0.004033856158
5450	0.005379133913
5451	0.0003942422547
5452	0.00225869706
5453	3.269754769e-06
5454	3.269754769e-06
5455	0.001347045282
5456	5.585831066e-06
5457	0.003563502882
5458	0.0006691735676
5459	0.001102157425
5460	1.852861038e-05
5461	0.0003256631334
5462	0.00316247797
5463	5.69538893e-05
5464	0.001730710179
5465	0.004434531994
5466	0.001112104717
5467	0.002330122915
5468	0.00256945817
5469	0.004064897348
5470	1.19891008e-05
5471	0.003777601306
5472	0.002686432018
5473	0.001310027055
5474	0.0002625925165
5475	0.0005014891796
5476	6.819478428e-05
5477	0.001925237169
5478	0.002757147704
5479	0.001680653077
5480	0.001889776308
5481	0.00148873637
5482	8.187339019e-05
5483	0.002122070707
5484	0.008278125827
5485	0.0004366290203
5486	0.005657620828
5487	0.003616673802
5488	0.0008164636267
5489	0.002077909087
5490	0.0002477243843
5491	0.008481976734
5492	0.004242870399
5493	0.006248287991
5494	0.0005747477549
5495	0.005757452211
5496	0.002440716961
5497	0.003528857777
5498	0.001660532991
5499	0.00554255277
5500	0.001609440847
5501	0.00398518227
5502	0.0003846312164
5503	0.001533787441
5504	0.0006087299886
5505	0.003215707595
5506	0.004200519579
5507	0.004096250111
5508	0.001019413189
5509	0.001055340385
5510	0.00105285185
5511	0.001440822382
5512	0.005491379717
5513	0.0005041689099
5514	6.811989097e-07
5515	0.001278242755
5516	0.005578055318
5517	0.0007138548475
5518	1.36239782e-06
5519	1.36239782e-06
5520	0.002213799274
5521	0.001698337992
5522	0.00175274062
5523	1.362397823e-06
5524	1.362397823e-06
5525	0.001124251751
5526	0.0003680596101
5527	1.137778622e-05
5528	0.006702080059
5529	0.004713103009
5530	0.00193755205
5531	0.00425299155
5532	0.009772748855
5533	0.000258339191
5534	0.0004441279138
5535	0.004368329733
5536	0.0003133086067
5537	0.001691863499
5538	7.765667573e-06
5539	0.0005696130656
5540	0.002073221378
5541	0.0003354750648
5542	0.0005146591631
5543	7.953951443e-05
5544	0.0004614428618
5545	0.002850102264
5546	0.001679161565
5547	1.444141691e-05
5548	0.001782597209
5549	0.002064968984
5550	0.000654124975
5551	3.678474111e-06
5552	0.001353675651
5553	8.71934605e-06
5554	8.71934605e-06
5555	0.001461798927
5556	0.002025438245
5557	0.002174936117
5558	0.004950290471
5559	2.179836533e-06
5560	0.001067972797
5561	0.0002080934066
5562	0.001006209552
5563	0.001126928533
5564	0.002763003902
5565	0.004771693585
5566	0.0007505055425
5567	0.002409622769
5568	0.004748537381
5569	0.0003047108085
5570	0.002323840129
5571	0.002661686698
5572	0.001823311929
5573	1.089918259e-06
5574	1.089918259e-06
5575	6.267029971e-06
5576	0.0001685598896
5577	0.0007293662681
5578	4.904632153e-06
5579	4.904632153e-06
5580	0.003658523959
5581	0.003574208196
5582	0.003117650423
5583	0.004743024929
5584	0.002583009118
5585	0.003512509786
5586	0.0005440869919
5587	0.002608187887
5588	0.002322959122
5589	0.001309935316
5590	1.362397815e-06
5591	1.335149864e-05
5592	1.074054718e-05
5593	0.002772380827
5594	0.008181686878
5595	0.007717770886
5596	0.0007818998757
5597	0.003853042685
5598	0.0004483850662
5599	0.001465431919
5600	1.862110746e-05
5601	0.001870762126
5602	0.0004138878966
5603	0.0007494702749
5604	7.084468705e-06
5605	0.0002766556443
5606	0.002552496489
5607	8.855585832e-06
5608	0.006914235416
5609	0.0007934302509
5610	0.001069235336
5611	0.001920084793
5612	0.0005780657776
5613	0.0009953699631
5614	0.002184316797
5615	0.0007479868221
5616	0.001480535638
5617	0.003854138114
5618	0.002483638567
5619	0.001251253561
5620	0.000309275131
5621	0.0006917544501
5622	0.003841462604
5623	4.879783974e-07
5624	0.001530211143
5625	0.0005239455203
5626	0.001234872552
5627	0.0007775197926
5628	0.001682552541
5629	0.003646592233
5630	4.904632152e-06
5631	4.904632152e-06
5632	0.0002661442282
5633	5.030307946e-05
5634	7.263591536e-05
5635	0.0009654301169
5636	0.009121006904
5637	0.006363026442
5638	0.003867636851
5639	0.0002996165387
5640	0.0002101401551
5641	2.043596715e-06
5642	3.542234364e-06
5643	0.003281119803
5644	0.0006318208182
5645	0.0003157616466
5646	2.679382381e-05
5647	0.003462588813
5648	0.003374383069
5649	0.008738368501
5650	1.28065395e-05
5651	0.0002352685376
5652	0.001925624412
5653	0.0008025445672
5654	0.001623599071
5655	0.008188702089
5656	0.007794239434
5657	0.004428164078
5658	0.001650174922
5659	0.002416170353
5660	0.003292231849
5661	0.007819025385
5662	3.801460199e-05
5663	0.003736545714
5664	7.538601276e-06
5665	0.0002356315628
5666	0.002217294339
5667	0.002203461856
5668	0.001461092977
5669	0.0008022390132
5670	0.001531942905
5671	0.001683406529
5672	0.003130578466
5673	0.005080825552
5674	0.003846670204
5675	0.001400367331
5676	0.005831894614
5677	0.003722595037
5678	0.002008397836
5679	0.002636670889
5680	0.001289161887
5681	0.0001627666812
5682	0.0102001121
5683	0.00166587803
5684	0.0006986607771
5685	0.0022164601
5686	0.0002161193185
5687	0.001069628167
5688	5.313351489e-06
5689	0.003056460219
5690	0.001821177127
5691	0.0002434017558
5692	0.002647783693
5693	0.002795277316
5694	0.000787384642
5695	0.002658814629
5696	0.002153334217
5697	0.0002267464582
5698	2.724795642e-07
5699	9.264305178e-06
5700	0.00305368041
5701	0.002956631971
5702	0.001318868266
5703	0.002432364105
5704	0.001635079795
5705	4.904632157e-06
5706	1.152566888e-06
5707	0.003250691447
5708	0.003885368314
5709	0.001437497154
5710	0.0001222748324
5711	0.003699779603
5712	0.002612775523
5713	0.001730884629
5714	0.005906481415
5715	0.001889005926
5716	0.001517941407
5717	0.00172892189
5718	0.000308542862
5719	7.493188012e-06
5720	0.002183332811
5721	0.003298812891
5722	0.0004167418032
5723	0.002743078553
5724	0.002644462592
5725	0.001531599678
5726	0.0004863466922
5727	0.002776349073
5728	0.001904633875
5729	0.0002268398691
5730	0.0006882845481
5731	0.002348643065
5732	0.0009679673504
5733	0.0005229305185
5734	0.0005682822162
5735	0.0007780188857
5736	0.001141853063
5737	0.000194463494
5738	0.001749002064
5739	7.084468664e-06
5740	7.084468664e-06
5741	0.001371773115
5742	0.0006059933333
5743	0.007135800875
5744	0.001745894846
5745	0.001786407923
5746	0.0002577598627
5747	0.003300913535
5748	0.004944933222
5749	0.002379176342
5750	0.001464000392
5751	0.0008616611754
5752	0.001138557312
5753	0.000410126523
5754	0.0006257543893
5755	0.00343939043
5756	0.0004490018223
5757	0.0002468928493
5758	0.004853647024
5759	0.002413143967
5760	0.00308237095
5761	0.0007972721406
5762	0.005203983618
5763	0.0002880299672
5764	0.006331045837
5765	0.003922073987
5766	0.002887357082
5767	0.001028492446
5768	0.00311073255
5769	1.226158042e-06
5770	0.001256642554
5771	0.000264035453
5772	5.449591139e-07
5773	3.814713898e-06
5774	1.498637633e-06
5775	0.0005048988616
5776	0.003045082411
5777	0.00101143937
5778	0.001025727475
5779	0.0003404041653
5780	9.627611261e-06
5781	0.001292634702
5782	0.002021246966
5783	0.001839058655
5784	0.00130702178
5785	1.021798365e-05
5786	8.174386955e-06
5787	0.001067302593
5788	0.001364571234
5789	0.001251390608
5790	5.781569286e-05
5791	0.001814015678
5792	8.954292584e-05
5793	2.479564033e-05
5794	0.001667155215
5795	0.0003708574947
5796	0.003873679383
5797	2.861035456e-06
5798	0.0004156349849
5799	0.002777511823
5800	0.00563665986
5801	0.004388753707
5802	0.005631005153
5803	0.001206554428
5804	0.003150776832
5805	0.005442826204
5806	0.001018922783
5807	0.0001004107775
5808	0.0008658885524
5809	9.536785163e-07
5810	0.002464246972
5811	0.0009205113403
5812	0.0011329628
5813	0.0009751872881
5814	0.002569800714
5815	0.00335693969
5816	0.001502367465
5817	0.005085614969
5818	0.0009518368564
5819	0.0001731096132
5820	0.002503237535
5821	0.0001471971484
5822	0.0002510145146
5823	9.235379935e-05
5824	0.005169805097
5825	6.811989567e-07
5826	2.724795204e-07
5827	0.001568016766
5828	0.007378908154
5829	2.31607629e-06
5830	0.001228176561
5831	0.004619096287
5832	0.001606292781
5833	0.00282101436
5834	5.180509242e-05
5835	0.003264462776
5836	2.588555859e-06
5837	0.001922902641
5838	0.003040961429
5839	0.003702182478
5840	0.00717399442
5841	0.002863274663
5842	0.001398830766
5843	0.004413536039
5844	0.001669501278
5845	0.001619178322
5846	0.0005511586514
5847	0.005758206092
5848	0.002896791286
5849	0.005038729797
5850	0.000122921256
5851	0.00189761555
5852	0.003062204003
5853	0.001618416675
5854	0.001929159695
5855	0.004081105129
5856	0.001740436189
5857	0.002635793297
5858	0.001128273619
5859	0.006111205598
5860	0.002550993573
5861	0.002705284294
5862	0.005147817056
5863	0.0003571407667
5864	0.002443101335
5865	7.200705059e-05
5866	5.994550437e-06
5867	7.62942782e-06
5868	0.001125474517
5869	0.001004161557
5870	0.004199734401
5871	0.001894234594
5872	0.0006472571757
5873	0.0001826333429
5874	0.002304581984
5875	9.915838191e-06
5876	0.002307693997
5877	0.002389595451
5878	0.00103673295
5879	0.001065408948
5880	0.0003792486705
5881	0.00165268409
5882	0.002072364275
5883	1.498637601e-06
5884	6.811989147e-06
5885	6.811989147e-06
5886	0.003392477347
5887	0.005672717425
5888	0.001768878237
5889	1.08673933e-05
5890	0.002046399636
5891	1.303360577e-05
5892	0.0004490816779
5893	0.001542457562
5894	0.00119468642
5895	0.001292143835
5896	0.0003040783504
5897	1.062670299e-05
5898	5.44959128e-06
5899	0.0008821633278
5900	0.005649184944
5901	0.001596690901
5902	0.003823787162
5903	0.001400321223
5904	0.0006661605501
5905	0.001607304552
5906	0.0004689562004
5907	0.003538912916
5908	0.001840224316
5909	0.001353580219
5910	0.001141507166
5911	0.0002153287111
5912	0.002277926059
5913	0.003066397459
5914	0.00117652184
5915	0.001747182171
5916	0.000324549416
5917	6.675749289e-06
5918	0.005543835404
5919	0.001638342613
5920	0.0009187347827
5921	0.002063638974
5922	0.001001380109
5923	0.002158662608
5924	0.001721940034
5925	0.001948253207
5926	0.002092443576
5927	0.003128087118
5928	0.001291800222
5929	0.007856991161
5930	0.001635504894
5931	0.009660524925
5932	0.001474283846
5933	0.0005217083365
5934	0.001463636927
5935	0.003363619712
5936	0.001002737678
5937	0.002210241834
5938	0.001078040215
5939	0.0002161988207
5940	0.0007614060615
5941	0.002714798671
5942	0.001896433555
5943	0.0005685022773
5944	0.001302795871
5945	0.004720289905
5946	0.0001794042592
5947	0.002194467146
5948	0.001190096687
5949	0.002090606106
5950	0.004552345577
5951	0.0002880159704
5952	0.001056855296
5953	0.0002690866686
5954	2.58855586e-05
5955	0.003994254217
5956	1.634877379e-06
5957	0.007648929727
5958	0.005830159041
5959	0.005485317024
5960	0.004383664816
5961	1.294277925e-05
5962	1.062670299e-05
5963	0.001702487651
5964	0.0004827058275
5965	0.001030922347
5966	0.002542894957
5967	0.001336207145
5968	0.001995083073
5969	0.003807649757
5970	0.003680594026
5971	0.001854245686
5972	0.004909585446
5973	0.002244316877
5974	0.002949073139
5975	0.000972192397
5976	9.24858826e-05
5977	1.761241157e-05
5978	0.001561880683
5979	0.001880928381
5980	0.002430155633
5981	0.003357395882
5982	0.002622071545
5983	0.0005082325223
5984	0.002599259105
5985	0.003101018318
5986	0.001226668308
5987	0.002419751391
5988	0.0002855777978
5989	0.001334230486
5990	0.0009288097704
5991	0.003279400357
5992	0.001727837933
5993	0.003056706083
5994	0.002917092317
5995	0.007120896823
5996	9.809264304e-06
5997	0.003782601942
5998	3.285081696e-05
5999	1.776793822e-05
6000	0.0001562535405
6001	6.884771786e-05
6002	0.0003388143709
6003	0.0003708655901
6004	0.00157118982
6005	0.001933008212
6006	0.000764101596
6007	7.356948226e-06
6008	0.002717469647
6009	2.070844688e-05
6010	0.001711098053
6011	0.003736478935
6012	0.003491995625
6013	0.0008901308034
6014	0.001113967165
6015	8.91220544e-05
6016	0.0004472999511
6017	0.006300832495
6018	0.0001686485393
6019	0.000684494777
6020	2.043596726e-06
6021	1.362397816e-06
6022	0.007062987971
6023	0.0002824267125
6024	0.001959705852
6025	0.002003849677
6026	1.481608072e-06
6027	0.003534351724
6028	0.001734190617
6029	0.002052624315
6030	0.004501307828
6031	0.002537235896
6032	0.004469512906
6033	0.008564214748
6034	0.003225314999
6035	0.001347253835
6036	0.005440240082
6037	1.096730246e-05
6038	0.0006786358294
6039	0.0009636333507
6040	0.000364731789
6041	0.004138982519
6042	0.001526746278
6043	0.0007576092123
6044	0.001126863629
6045	0.00171451661
6046	0.001212625863
6047	0.0002762377492
6048	5.040871931e-06
6049	1.089918288e-06
6050	0.003278900648
6051	0.004124837286
6052	0.0005423229168
6053	9.675969389e-05
6054	0.00475475956
6055	0.0009819013024
6056	0.0002571892661
6057	0.0006520940806
6058	0.00264346843
6059	6.130790161e-06
6060	0.0004207265873
6061	0.001364851733
6062	0.003262496167
6063	0.008517931858
6064	0.005715220405
6065	0.003705365051
6066	0.0001626732541
6067	0.000251648781
6068	0.001081716381
6069	0.002597835521
6070	7.356948234e-06
6071	7.356948234e-06
6072	0.001739263358
6073	5.881017255e-06
6074	0.007562283021
6075	0.002280887908
6076	0.001376763056
6077	0.005174678738
6078	3.542234345e-06
6079	3.542234345e-06
6080	0.002500389262
6081	0.005249480714
6082	0.002002307001
6083	0.004089740638
6084	0.001822950625
6085	3.319709353e-05
6086	3.542234329e-06
6087	3.542234329e-06
6088	0.0006990319616
6089	0.00169636153
6090	0.003238859554
6091	0.004222041598
6092	0.00130944268
6093	0.00774339167
6094	0.002791095118
6095	0.0002649785135
6096	0.00193413832
6097	0.004617322525
6098	0.001424949218
6099	1.416893735e-05
6100	0.0002883815011
6101	0.003831154227
6102	0.001427183292
6103	0.004947401258
6104	9.809264309e-06
6105	8.117227233e-05
6106	0.001780859013
6107	0.001721521725
6108	0.003595695199
6109	0.003250723612
6110	0.003491685693
6111	0.006750715349
6112	0.0003373710815
6113	0.004108726098
6114	0.0009966370017
6115	3.814713899e-06
6116	0.002975124496
6117	6.811988744e-07
6118	2.243415074e-05
6119	0.0009403737877
6120	0.00293441031
6121	1.827883741e-05
6122	0.003079468207
6123	0.003255586503
6124	0.000397598803
6125	0.0002081603467
6126	0.001174597145
6127	0.001327289477
6128	0.001061761572
6129	0.003790850041
6130	0.006125576789
6131	0.0001036336292
6132	0.002733579011
6133	0.0007361879099
6134	0.003399778926
6135	0.0006793400404
6136	0.001683817791
6137	7.44092664e-05
6138	0.002514294672
6139	2.861035419e-06
6140	0.0002759822892
6141	0.000317473269
6142	0.00483969912
6143	0.002514713759
6144	0.001184204974
6145	1.362397817e-07
6146	5.585831061e-06
6147	0.003416811659
6148	0.0001003471451
6149	0.002294684686
6150	0.003003741389
6151	3.269754768e-06
6152	0.0003284299762
6153	0.001131178338
6154	0.005590215329
6155	0.0003126367398
6156	0.0003366325946
6157	0.0002253007755
6158	0.0007968333294
6159	0.002049978141
6160	0.00260263834
6161	0.002904229075
6162	0.001562133671
6163	0.000149007783
6164	0.002280364336
6165	0.0006545152962
6166	0.00387953175
6167	0.001292448046
6168	0.005176491526
6169	0.001545441992
6170	0.001839009737
6171	0.001762764719
6172	0.003268502532
6173	0.0009873864662
6174	0.0001807213618
6175	0.0002985581964
6176	3.269754762e-06
6177	5.994550397e-06
6178	1.423199828e-05
6179	0.001713585894
6180	0.004485964764
6181	0.0002486572387
6182	0.002050033412
6183	9.553814348e-06
6184	1.212534061e-05
6185	0.001798489298
6186	0.0006076099304
6187	2.724795659e-07
6188	0.002215298009
6189	0.003232941315
6190	0.001600108858
6191	0.0002859020199
6192	0.00225598028
6193	0.0003020688983
6194	0.000618275863
6195	0.001503486738
6196	0.002025423544
6197	0
6198	0.002732243897
6199	0.002222427179
6200	0.004703523642
6201	0.003064902437
6202	0.0007663245706
6203	0.0060156181
6204	0.0001268979679
6205	0.0008941595675
6206	0.001632602292
6207	0.0008181841372
6208	3.322046083e-05
6209	0.0002769857408
6210	0.001106150498
6211	5.676657565e-07
6212	0.002155684988
6213	0.001414909486
6214	0.00189698424
6215	6.030396086e-05
6216	0.001844543572
6217	0.005830640096
6218	5.449591281e-06
6219	0.003565100929
6220	0.001262369775
6221	0.0003983947454
6222	0.001173004078
6223	0.001783635149
6224	0.002748637616
6225	0.0001148697577
6226	0.002357365337
6227	0.006382816331
6228	0.008059471036
6229	0.001984667546
6230	0.001233169389
6231	0.005911891572
6232	0.0008111461996
6233	3.950953679e-06
6234	0.00251164759
6235	0.002890175582
6236	0.0007132270124
6237	0.001960761883
6238	0.002936333994
6239	0.0007553681921
6240	9.809264301e-06
6241	9.1280654e-06
6242	1.934604907e-05
6243	0.001311692123
6244	0.002692446828
6245	0.000803450032
6246	0.003388235731
6247	0.00296565373
6248	0.002016020734
6249	2.179836512e-06
6250	2.179836512e-06
6251	0.0001498461044
6252	0.005849407701
6253	2.696336667e-05
6254	0.00618616147
6255	9.536784718e-06
6256	0.0003757000006
6257	0.008453004458
6258	0.001046819463
6259	0.001452941397
6260	0.001593983323
6261	0.0004616647309
6262	0.002349172307
6263	0.004316276954
6264	0.0004118732669
6265	6.130790188e-06
6266	1.089918259e-06
6267	1.089918259e-06
6268	0.001685287249
6269	0.002346446911
6270	0.0002286658878
6271	0.001911480539
6272	0.002058173087
6273	0.001859904833
6274	9.275658528e-06
6275	0.0005060333165
6276	0.003961883042
6277	0.0005326520344
6278	0.0009773936567
6279	3.607515895e-05
6280	0.003096248917
6281	0.0002653293134
6282	0.0002565559786
6283	0.0002393240344
6284	2.138079898e-05
6285	1.53042688e-05
6286	0.003662651503
6287	0.003732684228
6288	0.001537784303
6289	0.001164421792
6290	0.008562387758
6291	0.001807663978
6292	0.003902570996
6293	0.001225672322
6294	0.003466476774
6295	0.002818386968
6296	0.001631113274
6297	0.003526889716
6298	0.005316371912
6299	0.001222499265
6300	0.001727687481
6301	1.843574808e-05
6302	0.00311241501
6303	0.004584274012
6304	0.002281524556
6305	0.002008483672
6306	0.001310314429
6307	0.004326744959
6308	0.006693187042
6309	0.0001303147971
6310	1.035422344e-05
6311	1.035422344e-05
6312	0.004993711419
6313	0.001264385688
6314	0.0005977780895
6315	0.000461824434
6316	0.001185350158
6317	0.004706810512
6318	1.634877381e-05
6319	0.001588980439
6320	0.003658993368
6321	0.000824745115
6322	0.003793166758
6323	7.659721927e-05
6324	0.002807659754
6325	0.0009539581233
6326	0.006371467197
6327	0.0008453802883
6328	0.001104933888
6329	0.001390734509
6330	0.003934677804
6331	0.0002367085918
6332	0
6333	0.0003247861093
6334	0.0005369271147
6335	0.0006407744859
6336	0.00262381912
6337	0.0005908217733
6338	0.005483947022
6339	0.003256828557
6340	2.724795607e-06
6341	2.724795607e-06
6342	0.001116609754
6343	0.00291112862
6344	6.208257735e-06
6345	1.36239782e-06
6346	1.36239782e-06
6347	6.377834659e-05
6348	3.015987649e-05
6349	0.001060564635
6350	0.002924545704
6351	0.002710945514
6352	0.005100596213
6353	0.002103165285
6354	0.002438062861
6355	0.001574831543
6356	0.0006218181319
6357	0.0003450809282
6358	0.001545792877
6359	0.003827553872
6360	0.004040251274
6361	5.449591284e-06
6362	5.449591284e-06
6363	0.003165837982
6364	9.567438691e-05
6365	0.00537637924
6366	0.007203215054
6367	0.004137498489
6368	0.006096057884
6369	0.003043391843
6370	7.629427797e-06
6371	7.629427797e-06
6372	0.0001865457972
6373	0.0024330057
6374	0.002099413054
6375	0.001564582669
6376	0.001478646393
6377	0.003126603584
6378	9.536784741e-07
6379	0.002620990196
6380	0.004864944315
6381	0.001139204885
6382	0.000776173018
6383	0.0007050806893
6384	0.0005236780863
6385	9.536784738e-06
6386	0.0008681616761
6387	0.004541924298
6388	1.907356958e-06
6389	5.44959161e-07
6390	0.001383883493
6391	0.001285999028
6392	0.001252304062
6393	0.0006618097176
6394	0.008433330658
6395	0.003254343522
6396	0.0008095850803
6397	0.0003330023291
6398	3.678474145e-06
6399	5.994550408e-06
6400	6.576879673e-05
6401	0.001705900091
6402	0.002564103546
6403	6.48531638e-05
6404	4.632152589e-06
6405	4.632152589e-06
6406	0.001317170652
6407	0.0009904625119
6408	0.001127340161
6409	0.000779624485
6410	9.63518014e-06
6411	0.00011648316
6412	0.00209928662
6413	0.0005819034402
6414	0.003048367294
6415	0.0006360831784
6416	0.0005364221287
6417	0.003770901175
6418	0.002363054572
6419	0.0007489623341
6420	0.0008251487106
6421	0.003014244669
6422	0.00016042679
6423	0.002135724105
6424	0.0008499759141
6425	0.003654858256
6426	3.950953714e-06
6427	0.004014669642
6428	0.002811523401
6429	0.0003097040149
6430	0.001440802396
6431	1.362397867e-06
6432	0.00539398005
6433	0.0002701688871
6434	0.001773024007
6435	0.001814829451
6436	5.994550393e-06
6437	5.994550393e-06
6438	0.001922386505
6439	0.002950868619
6440	0.000563167425
6441	1.553135875e-14
6442	1.553135875e-14
6443	0.001212575574
6444	0.008504423691
6445	0.001945535547
6446	0.001644552133
6447	0.001217243968
6448	0.01051470529
6449	0.00436972871
6450	3.814713898e-06
6451	0.0007164288291
6452	0.002363679461
6453	0.003388201209
6454	4.223433245e-06
6455	0.001216063084
6456	0.0003973620278
6457	0.003680204955
6458	0.001747803145
6459	0.0007013400282
6460	4.920401669e-05
6461	0.001728261777
6462	0.009525241237
6463	0.001032517509
6464	7.773902346e-05
6465	0.001026174053
6466	0.0002717897685
6467	0.00018874631
6468	0.003064651476
6469	0.000507455333
6470	0.003344395576
6471	0.004557711041
6472	0.001660911485
6473	8.579839927e-05
6474	0.009444566332
6475	0.001340976937
6476	5.545615561e-05
6477	7.356948232e-06
6478	4.359672995e-06
6479	0.001654010454
6480	0.002889113394
6481	4.562471785e-05
6482	0.001443634052
6483	0.003410754068
6484	0.0001833704006
6485	0.0006010290773
6486	7.633969116e-05
6487	0.0005013492831
6488	0.0008109623134
6489	0.004388564016
6490	3.705722074e-05
6491	0.0008498541696
6492	3.405994525e-06
6493	0.002451647438
6494	0.001271327908
6495	0.0009811065476
6496	0.0006197317835
6497	0.0001199711703
6498	0.0001276597341
6499	2.179836512e-06
6500	0.0001180066438
6501	0.00272176077
6502	0.002471056746
6503	0.007255120566
6504	5.722070843e-06
6505	5.722070843e-06
6506	1.194368758e-05
6507	4.677565864e-06
6508	0.006352621014
6509	6.732955741e-05
6510	0.004693363084
6511	0.001400974414
6512	0.0005443953428
6513	0.0005971079183
6514	0.0009224006948
6515	0.001735757489
6516	0.0009704890913
6517	0.003148102287
6518	0.001643571399
6519	3.269754773e-06
6520	3.269754773e-06
6521	0.001865466221
6522	0.002566739948
6523	0.002183219312
6524	0.001009310259
6525	6.130790172e-06
6526	0.007069924564
6527	0.005354738992
6528	0.0002776968162
6529	0.0007358613334
6530	0.001848741647
6531	0.00209695773
6532	0.002160774054
6533	0.001352790745
6534	0.002134941547
6535	0.002076187602
6536	0.003267199751
6537	0.0005044443064
6538	0.003680791842
6539	0.0008616361106
6540	0.0002821013701
6541	0.001029729837
6542	0.002010342432
6543	0.0004368099815
6544	0.001425841708
6545	0.001174492944
6546	0.002284578
6547	0.001446586705
6548	1.226158027e-06
6549	2.861035426e-06
6550	0.0006695754443
6551	0.001208350319
6552	1.43051771e-05
6553	0.0001610096173
6554	0.001511259996
6555	0.0002998417241
6556	0.001105196152
6557	0.000588079092
6558	0.002545214774
6559	0.003470940634
6560	0.003178871018
6561	0.001353361079
6562	1.078564944e-05
6563	0.009139869356
6564	2.997275209e-06
6565	2.997275209e-06
6566	0.000807704859
6567	0.002597614903
6568	0.0007392916801
6569	9.215472993e-06
6570	0.000649689908
6571	0.00303834956
6572	7.901907353e-06
6573	0.0002081906859
6574	0.004353672114
6575	0.002007854612
6576	0.001374718648
6577	0.005190615436
6578	3.814713929e-06
6579	1.226158038e-05
6580	0.002523112142
6581	0.0009559479555
6582	0.003286687833
6583	0.004025800739
6584	0.0001306722104
6585	0.001958057683
6586	0.001274542985
6587	8.1743869e-07
6588	8.1743869e-07
6589	0.001549535661
6590	0.001129774958
6591	0.0009266193552
6592	0.001396883982
6593	0.001555584828
6594	0.0003082974614
6595	0.0004468132685
6596	6.811989113e-07
6597	0.003956656299
6598	0.002482979121
6599	0.0005687734463
6600	0.0008314913262
6601	0.001306874159
6602	0.004499399511
6603	0.003178860593
6604	0.0002845786448
6605	0.001406855807
6606	0.001340062709
6607	0.004024843604
6608	0.004133004344
6609	0.000509984336
6610	0.001551053692
6611	3.814713895e-06
6612	3.814713895e-06
6613	0.0007221594068
6614	0.004221584124
6615	0.0002796175173
6616	0.004655700953
6617	0.000385445762
6618	7.422956917e-05
6619	0.00438678165
6620	8.991825625e-06
6621	0.004099075793
6622	0.002682555101
6623	2.951861941e-06
6624	0.0004909176191
6625	0.006807307544
6626	1.089918257e-06
6627	0.003361588933
6628	0.003093062796
6629	0.0009590150477
6630	0.001236131813
6631	6.811989101e-06
6632	6.811989101e-06
6633	0.0008756886715
6634	0.001337516617
6635	0.001705073296
6636	0.007684170428
6637	0.004091636576
6638	0.003093543277
6639	4.087193434e-06
6640	0.0001087193461
6641	0.0009268765707
6642	0.001178350537
6643	0.001020259134
6644	0.0003796673083
6645	0.004158450653
6646	0.004099405507
6647	0.00179617393
6648	0.005908696385
6649	0.002014297087
6650	1.634877364e-06
6651	1.634877364e-06
6652	0.003181430206
6653	0.001169940108
6654	0.006525145807
6655	0.006384131172
6656	0.001098429921
6657	8.095526246e-05
6658	0.0001611577297
6659	0.004321877502
6660	0.0007695930075
6661	0.001016269352
6662	0.003862876288
6663	0.001684829234
6664	0.001573829165
6665	0.001381783703
6666	0.002186879993
6667	0.00261957762
6668	0.00058989989
6669	0.003652447499
6670	0.002051444687
6671	0.0004235816947
6672	0.000858170633
6673	0.0007483249677
6674	0.006574409442
6675	0.0001210373484
6676	0.000832801052
6677	0.002072965635
6678	0.002868764679
6679	0.0005707400607
6680	0.004174209856
6681	0.006814897671
6682	0.0005302609082
6683	0.001684644571
6684	0.001736441285
6685	0.001898719721
6686	0.003693363464
6687	0.001855954827
6688	0.001450951388
6689	0.0002063361726
6690	0.003199740189
6691	0.000743263542
6692	0.003712024869
6693	0.007024107243
6694	0.0009546442699
6695	0.002662860869
6696	0.0008256059987
6697	0.0007623412172
6698	5.858310623e-06
6699	0.0003338167652
6700	0.0002100559137
6701	0.00572713933
6702	0.0003650646948
6703	0.001960929997
6704	0.002834671441
6705	2.452316076e-06
6706	0.001968290035
6707	0.003798571412
6708	0.001173197751
6709	0.005251783312
6710	0.002899185253
6711	0.001849624496
6712	0.0006388469778
6713	5.585831058e-06
6714	0.003687440364
6715	0.001066383771
6716	0.002692875955
6717	0.000997064463
6718	1.021798361e-05
6719	0.001754009488
6720	0.002445389015
6721	0.004649834741
6722	0.001553964695
6723	0.001432999208
6724	5.44959145e-07
6725	5.44959145e-07
6726	0.001277055869
6727	0.001124080017
6728	1.089918235e-06
6729	0.00272561045
6730	4.439660174e-05
6731	0.001982998173
6732	0.001027342644
6733	0.0002770448977
6734	0.006142706545
6735	0.000285192534
6736	0.005049970895
6737	0.001156997237
6738	0.001236986444
6739	0.0008891631797
6740	2.002724793e-05
6741	0.002521657305
6742	0.0001072072987
6743	0.00247404847
6744	0.003650780402
6745	0.003219042368
6746	1.089918258e-05
6747	0.003242687857
6748	0.000314781408
6749	0.0001840892823
6750	0.001757198092
6751	0.0002816024847
6752	0.001359066092
6753	0.0003013089541
6754	0.001545863934
6755	0.003598839455
6756	0.004388457123
6757	0.00190489842
6758	1.226158038e-05
6759	0.001535436297
6760	0.0003344066777
6761	0.003491275615
6762	0.001775886416
6763	0.00333185075
6764	0.0004780725833
6765	0.002334912925
6766	0.001455196664
6767	0.0002187750461
6768	0.00236512482
6769	2.807666444e-05
6770	0.00472890317
6771	0.004207076805
6772	6.529674803e-05
6773	7.765667577e-06
6774	0.0004797080711
6775	0.0007861240392
6776	0.008479695817
6777	0.0009509194895
6778	0.004546344747
6779	0.001349438949
6780	0.00279415666
6781	0.002483105165
6782	0.002244567355
6783	0.0003736982756
6784	0.003366765202
6785	0.001199367725
6786	0.001930945533
6787	0.003921125383
6788	0.0007600349784
6789	0.001364421961
6790	7.084468686e-06
6791	0.0001607838975
6792	0.0002060404826
6793	7.959985685e-05
6794	0.0003613540687
6795	0.001265649721
6796	0.001542079331
6797	0.001310951533
6798	0.001431667829
6799	0.001994728438
6800	0.0004077497724
6801	0.004453620158
6802	0.002281961031
6803	0.0004053440692
6804	0.0001090550373
6805	0.004309281634
6806	0.002504081081
6807	0.0009465895373
6808	0.001046135387
6809	1.498637598e-06
6810	0.00249962602
6811	0.0058030088
6812	0.003625048489
6813	0.0002593206453
6814	0.00112558762
6815	0.003138872284
6816	5.040871899e-06
6817	0.001497028736
6818	3.567377914e-05
6819	0.008407684937
6820	0.0004382260234
6821	2.179836511e-06
6822	2.179836511e-06
6823	0.009091720884
6824	9.50723058e-05
6825	0.001464467556
6826	0.005502275481
6827	0.0005633245274
6828	0.0001064441265
6829	0.007916540338
6830	0.003900664399
6831	0.002016332146
6832	0.002200284662
6833	0.0006609178258
6834	5.858310632e-06
6835	0.0005803106493
6836	0.001674286372
6837	0.001905976517
6838	0.001207011075
6839	0.002052514026
6840	0.002266210524
6841	0.001380560417
6842	0.004277626076
6843	0.0003330106542
6844	0.001595235558
6845	3.583106266e-05
6846	0.001462509236
6847	0.003179552003
6848	0.0005749942532
6849	0.005105810026
6850	0.001262820762
6851	0.003330524268
6852	0.007342950793
6853	0.0002140476652
6854	0.003148494224
6855	0.00229531053
6856	8.174386929e-07
6857	0.002666412236
6858	0.00641713421
6859	1.589464124e-06
6860	0.004202211638
6861	0.001768018506
6862	3.165560569e-05
6863	0.003528004606
6864	0.0008401379556
6865	0.000322724347
6866	0.000167678805
6867	0.002646916908
6868	0.004556353245
6869	0.001713680368
6870	6.267029977e-06
6871	2.316076294e-06
6872	0.00237440315
6873	3.950953653e-06
6874	0.0006963101829
6875	0.00370657712
6876	0.0005239335913
6877	0.0005482470805
6878	0.001767529884
6879	0.001076404827
6880	0.001642136751
6881	0.003226225357
6882	0.0005288977979
6883	0.005294026934
6884	0.00202308874
6885	0.004536891288
6886	0.002806634243
6887	0.003526946104
6888	0.0007233635988
6889	1.731380607e-06
6890	0.0005574941448
6891	0.001113632201
6892	0.0005022396266
6893	0.001741405473
6894	0.0002268119943
6895	0.002249232242
6896	6.387857601e-05
6897	0.00108473879
6898	0.004036744273
6899	0.0007133562486
6900	0.001451149688
6901	0.004752860942
6902	0.001669638878
6903	0.001444054415
6904	0.004080340743
6905	0.001680653714
6906	0.003915321386
6907	0.001955576342
6908	0.001783445257
6909	0.00132295752
6910	0.004132793864
6911	0.0006774920398
6912	0.002521334431
6913	7.765667573e-06
6914	0.003340947042
6915	0.00117524535
6916	0.002330889099
6917	0.002857122887
6918	7.522245508e-05
6919	4.495912811e-06
6920	0.004533218016
6921	0.005035522699
6922	0.001052845265
6923	0.001825220598
6924	1.089918215e-06
6925	1.089918215e-06
6926	0.001825197564
6927	0.001745910509
6928	0.0008412574806
6929	0.004637558435
6930	0.0001743124209
6931	0.002856812249
6932	0.0008085493914
6933	0.006847534991
6934	4.715886134e-05
6935	0.0007805320294
6936	0.001408533399
6937	0.0007983257762
6938	0.004920613265
6939	0.001515947805
6940	7.084468651e-06
6941	3.814713901e-06
6942	3.814713901e-06
6943	6.403269745e-06
6944	6.039963663e-06
6945	0.002629823193
6946	0.0005890393781
6947	0.0007331321597
6948	0.0006025166418
6949	0.003330818971
6950	0.0008865161074
6951	0.0008729053148
6952	0.000341900351
6953	0.00279498276
6954	1.048138055e-05
6955	0.0002821925861
6956	9.82441412e-05
6957	0.00379046676
6958	0.001242740093
6959	0.002580527224
6960	0.0004463989295
6961	6.582087996e-05
6962	2.452316084e-06
6963	0.0008356474825
6964	0.003041965558
6965	1.947093548e-05
6966	2.724795594e-07
6967	2.724795594e-07
6968	0.002032088368
6969	0.0002200773284
6970	0.003056367551
6971	0.0009749144446
6972	9.650609571e-05
6973	0.001923205271
6974	0.004827919329
6975	0.002897119628
6976	0.002002657908
6977	0.004487406508
6978	0.0006755789911
6979	0.0004040878446
6980	0.001123820048
6981	0.000871715436
6982	0.0004296464002
6983	0.005519860001
6984	0.001039959718
6985	0.002699196042
6986	0.0005075528135
6987	0.002725893383
6988	0.003823571267
6989	0.002508098317
6990	0.0006495333707
6991	0.005305538391
6992	3.133514984e-06
6993	0.006129604511
6994	0.003564487994
6995	0.0004021675881
6996	0.003064918084
6997	0.00302208437
6998	0.00254615033
6999	0.004814686907
7000	0.0006135294331
7001	0.001081989783
7002	3.133514984e-06
7003	0.0007033405086
7004	0.001195519774
7005	0.00421220771
7006	0.002231056818
7007	3.269754768e-06
7008	0.003929281674
7009	1.157584013e-05
7010	0.003425384957
7011	0.002132219297
7012	0.003208002567
7013	0.0004224254165
7014	0.004291285697
7015	1.362397819e-06
7016	1.362397819e-06
7017	0.003241774534
7018	1.008174384e-05
7019	0.0001094260856
7020	0.003576725124
7021	0.0003965446456
7022	0.002041791657
7023	0.0001064464282
7024	0.000779934224
7025	0.001982397286
7026	8.446866488e-06
7027	8.446866488e-06
7028	0.001379799666
7029	2.782971513e-05
7030	0.0006027086368
7031	0.003991978808
7032	0.001779973794
7033	0.0004717817712
7034	0.002537421189
7035	2.511353316e-05
7036	1.362397817e-06
7037	1.362397817e-06
7038	0.0002131336944
7039	0.0009639094935
7040	0.002542887826
7041	0.002665089838
7042	0.001759034486
7043	0.0007053458595
7044	0.001643164377
7045	0.005392117228
7046	0.000125590576
7047	0.0008118945678
7048	0.004501045229
7049	0.003790863373
7050	0.003325142134
7051	0.001578962524
7052	0.003943820513
7053	0.002798181436
7054	0.0006375792895
7055	0.0006094928368
7056	0.002138352462
7057	0.002097696041
7058	9.809264309e-06
7059	9.809264309e-06
7060	0.002528583972
7061	0.0001534959299
7062	0.007050794691
7063	3.269754751e-07
7064	0.001274572853
7065	0.002501449947
7066	0.002764720265
7067	7.901907361e-06
7068	7.901907361e-06
7069	1.021798369e-05
7070	0.005886299191
7071	3.542234318e-06
7072	0.000105012983
7073	0.001400119969
7074	0.00080054493
7075	2.611044481e-06
7076	0.0001873026663
7077	0.002966336887
7078	0.001473009249
7079	0.0001107591222
7080	0.004661765589
7081	0.0009236562786
7082	0.002214758144
7083	0.000493704507
7084	0.005372998234
7085	0.004750242332
7086	0.006937628547
7087	0.003961316263
7088	0.001875657574
7089	0.001101706867
7090	0.000785398864
7091	0.001397450447
7092	0.0005233482029
7093	0.0001771905555
7094	0.001312628391
7095	0.00281110313
7096	0.0004109206172
7097	0.0003334122511
7098	6.621800382e-06
7099	0.004087787989
7100	1.307901907e-05
7101	1.307901907e-05
7102	3.623978202e-05
7103	0.001129643386
7104	0.0008512196367
7105	5.449591264e-06
7106	0.002015376042
7107	0.0006209300448
7108	0.005318381886
7109	0.0007993972329
7110	0.005085321548
7111	0.0003875795581
7112	0.001898121104
7113	0.001908932101
7114	0.001724032209
7115	0.004913083222
7116	0.002105727899
7117	0.0001085167734
7118	0.003582065541
7119	0.0003660896775
7120	5.177111721e-06
7121	0.004368175822
7122	0.005210659212
7123	3.814713854e-06
7124	1.035422343e-05
7125	5.44959128e-06
7126	5.44959128e-06
7127	0.003698034046
7128	0.0004457916577
7129	0.001084841876
7130	0.003195252263
7131	0.005407541871
7132	0.003849144903
7133	0.002232602821
7134	1.362397817e-06
7135	1.362397817e-06
7136	0.001280710765
7137	0.001887872597
7138	1.307901908e-05
7139	0.004538101436
7140	0.006218408427
7141	0.003237549778
7142	0.002488678103
7143	0.004069730661
7144	0.0008264597396
7145	0.002007813135
7146	0.00056453944
7147	3.950953695e-06
7148	0.004068214861
7149	0.002246783146
7150	0.0002702059028
7151	3.127333812e-05
7152	0.003219084123
7153	7.74833375e-05
7154	0.0008879680169
7155	0.005116928791
7156	0.005913576471
7157	0.0001074946883
7158	0.002193931773
7159	0.001162753827
7160	0.003184530225
7161	4.359673055e-06
7162	3.088101754e-06
7163	0.003778673638
7164	0.001436754079
7165	0.003036795339
7166	0.009386033229
7167	0.004451259611
7168	2.179836516e-06
7169	2.179836516e-06
7170	0.006273466699
7171	2.223887375e-05
7172	0.002258899156
7173	0.000139356423
7174	3.542234314e-06
7175	3.542234314e-06
7176	3.40599452e-06
7177	0.00390173355
7178	0.003029697192
7179	0.0006195088093
7180	0.004110441346
7181	0.001105604726
7182	0.001532169319
7183	0.002928943685
7184	2.091848355e-05
7185	0.00138211447
7186	0.00212550207
7187	0.001220204084
7188	3.132731252e-05
7189	9.536784742e-06
7190	0.0008370218652
7191	0.00397964348
7192	0.000129381199
7193	0.004226308981
7194	0.001231003255
7195	0.005036086579
7196	0.0001207474543
7197	0.0007777218129
7198	3.404372835e-05
7199	0.0002570616717
7200	0.002548274504
7201	0.002056116813
7202	1.816530465e-06
7203	0.001285041177
7204	0.004144811998
7205	0.0003072928331
7206	0.002028635179
7207	1.205427122e-05
7208	0.003883241962
7209	0.002194395845
7210	0.008724539377
7211	5.449590954e-07
7212	5.449590954e-07
7213	0.004131665931
7214	0.003068570271
7215	0.004638684749
7216	0.001981141003
7217	0.002363555705
7218	0.001148352698
7219	3.649729974e-05
7220	0.001459013725
7221	0.001531419211
7222	0.002396239626
7223	0.003053337281
7224	0.00156200436
7225	0.002735986453
7226	0.001127603314
7227	1.207992712e-06
7228	6.21731671e-05
7229	0.0003880434276
7230	0.001188047276
7231	0.006940568592
7232	4.90463217e-06
7233	0.001081762667
7234	8.584886326e-05
7235	0.000727149948
7236	0.001865346741
7237	0.0007108132036
7238	0.002368688547
7239	0.0008649110182
7240	0.003689845123
7241	0.0002878288301
7242	0.0009372780937
7243	0.003168940302
7244	0.001887788254
7245	0.001742531612
7246	0.00185718916
7247	0.0009179657998
7248	0.001962480638
7249	0.0001760829692
7250	0.004083849919
7251	0.002643911323
7252	0.0002728299896
7253	0.001512897101
7254	0.0005516211479
7255	0.0007102717901
7256	0.0006107365233
7257	0.001613029968
7258	0.0007321945313
7259	0.001780545997
7260	0.0007629001641
7261	0.0001834209481
7262	0.002612345551
7263	0.002998529415
7264	0.002539122122
7265	0.003742943802
7266	0.0001398170905
7267	0.001232073179
7268	0.00118205908
7269	0.001010060562
7270	0.001381341912
7271	0.003334613564
7272	0.002702825035
7273	0.002495561839
7274	9.264305176e-06
7275	6.343465321e-05
7276	0.004104242865
7277	0.0009490700619
7278	0.002320650023
7279	0.0004000314354
7280	0.006062677925
7281	8.3106267e-06
7282	0.0006173511842
7283	0.0007286267796
7284	0.0005213244168
7285	0.001439853533
7286	9.536784629e-07
7287	0.001131052628
7288	0.005652962582
7289	0.002197235555
7290	0.005215505781
7291	0.001100467492
7292	0.00246100972
7293	2.724795685e-07
7294	0.00273694688
7295	0.003438788965
7296	0.0008520304457
7297	0.0002548015508
7298	0.001638125812
7299	0.00321166734
7300	1.771117163e-06
7301	0.008265196309
7302	0.0005825507424
7303	3.090221974e-05
7304	0.0001447300627
7305	2.023917636e-06
7306	0.0009573928156
7307	0.004212835069
7308	0.0004841409048
7309	0.0005190506766
7310	0.0005539095205
7311	3.269754769e-06
7312	3.269754769e-06
7313	0.00223355502
7314	0.002824904488
7315	0.003138307899
7316	4.087193484e-06
7317	0.002107971246
7318	1.256244359e-05
7319	0.005943984629
7320	0.001676194292
7321	0.0009756103154
7322	0.003069718872
7323	0.0001302452316
7324	0.002290054152
7325	0.008797079851
7326	0.004317809582
7327	0.003219726185
7328	0.0002910120839
7329	0.005411397191
7330	0.005527783183
7331	0.002543737695
7332	0.001590153362
7333	4.450499546e-06
7334	0.004135215861
7335	0.002130687636
7336	0.001987626966
7337	0.00256978963
7338	3.405994563e-06
7339	0.001473184593
7340	0.002754742954