node_id	error
0	0.001342899835
1	0.002522998682
2	0.001258003785
3	0.00202502785
4	0.004301017667
5	0.003038920732
6	0.003962655694
7	0.001673974167
8	0.005652471047
9	0.002862299529
10	0.005001940064
11	0.002557548226
12	0.003421786687
13	0.002677210547
14	0.00229394655
15	0.002441111167
16	0.002381378345
17	0.003300406437
18	0.003698090757
19	0.002660231865
20	0.002549197925
21	0.001863164482
22	0.00501915547
23	0.001920662136
24	6.835649409e-05
25	0.001354810632
26	4.414640485e-05
27	0.003534171195
28	0.0001269805346
29	0.005996146962
30	0.002005722906
31	0.001189012383
32	0.004232497819
33	0.002824187693
34	0.003339646926
35	0.01449289354
36	0.003950866294
37	0.00286029654
38	0.003630346308
39	0.002403605828
40	0.0001730000825
41	0.0002002668076
42	0.003060673123
43	0.007422414034
44	0.002862142103
45	0.002683063806
46	0.001656117795
47	0.002144036617
48	0.006189438312
49	0.002257777704
50	0.00403399282
51	0.005081085561
52	0.001611443194
53	0.004416384105
54	0.002654488412
55	0.004404915555
56	0.003770124703
57	0.001966408651
58	0.003539846166
59	0.002950528607
60	0.000106911614
61	0.003873240658
62	0.002277758156
63	0.002625530024
64	0.002562164513
65	0.004199659748
66	0.002693329681
67	5.03818365e-05
68	1.018633995e-05
69	0.006294653224
70	0.00657273424
71	0.0004537994952
72	0.002489600378
73	0.002647103843
74	0.002330068964
75	0.006024014005
76	0.003083636313
77	0.004021589725
78	0.00297601387
79	0.00306547455
80	0.003034227979
81	0.007314074709
82	0.002840960365
83	0.002821004299
84	0.00248764129
85	0.01102117364
86	0.0008252472978
87	0.002292933404
88	0.003000467107
89	0.002984510841
90	0.003553518699
91	0.002979878858
92	0.002940190541
93	0.003500868433
94	0.002382901782
95	0.002563338197
96	0.002174093993
97	0.002677354978
98	0.002699416483
99	0.003144301812
100	0.002997309702
101	0.00167144828
102	0.003754854807
103	0.002388484494
104	0.006107888762
105	0.001682428006
106	0.001852489919
107	0.002626818273
108	0.00227016262
109	0.004656087262
110	0.007185484183
111	0.003892118629
112	0.001259900934
113	0.002707341082
114	0.002633091858
115	0.003409717296
116	0.001052577016
117	0.00423262501
118	0.00223090959
119	0.002204642727
120	0.002709924944
121	0.002926785928
122	0.00342130627
123	0.002467524577
124	0.003757520159
125	0.006492199453
126	0.00252889978
127	0.003331859935
128	0.003840584231
129	0.005319989268
130	0.003715311159
131	0.002948071318
132	0.005749479016
133	0.003582157718
134	0.003655689568
135	0.002294681717
136	0.00752917811
137	0.0004311346142
138	0.003352964147
139	0.00925422643
140	0.0003477717255
141	0.006569569217
142	0.002296669846
143	0.003282194669
144	0.00280469086
145	0.0006722435174
146	0.001770679242
147	0.003401232797
148	0.001501167334
149	0.002613883899
150	0.0007936130409
151	0.003496202729
152	0.003355301197
153	0.0001219776233
154	0.002813706012
155	0.001958878923
156	0.003103735536
157	0.003263418561
158	0.002911470839
159	0.0007211874514
160	0.0004357997291
161	0.0008492638669
162	0.0002323773876
163	0.003339375244
164	0.003353053772
165	0.004250767649
166	0.000179620297
167	0.002776826379
168	0.002971602021
169	0.001741810421
170	0.00284974523
171	0.002537572982
172	0.001427205036
173	0.005892473664
174	0.002829772485
175	0.002496229992
176	0.00268296977
177	0.0006690371157
178	0.001629448299
179	0.002641487741
180	0.001202774941
181	0.002031214654
182	0.002602710873
183	0.002198481521
184	0.00233483086
185	2.202740427e-05
186	3.826394094e-05
187	4.831970936e-06
188	1.662125336e-05
189	0.002176321537
190	0.001706710385
191	0.002679257031
192	0.003375832575
193	0.0001557465433
194	0.0007219089717
195	0.002500451157
196	0.0001380420668
197	0.001947537043
198	0.005168520403
199	0.0064163831
200	0.01216649362
201	0.001227267339
202	0.002077985188
203	0.000493864585
204	0.006545442125
205	0.005586227133
206	0.008474473768
207	0.002485517244
208	0.0001447093084
209	0.002678671403
210	0.004385616489
211	0.003927380719
212	0.003917889623
213	0.0009993518571
214	0.002105898058
215	0.0009955869796
216	0.002596750437
217	0.001382920048
218	0.0011010967
219	0.002598989442
220	0.002597687184
221	0.01010317742
222	0.001792877064
223	0.001995546081
224	0.001347549763
225	0.009631868629
226	0.003613162397
227	0.002894181494
228	0.0009014699641
229	0.001332403711
230	0.002551341022
231	0.002686374212
232	0.00151946734
233	0.0002368146061
234	0.002715751491
235	0.002717218281
236	0.004013097509
237	0.002997784647
238	1.876475931e-05
239	6.267029939e-06
240	0.003708536651
241	0.002465773243
242	9.536784741e-06
243	9.536784741e-06
244	0.005162384342
245	0.00101319879
246	0.001302055671
247	0.002559002685
248	0.003078806852
249	0.002096763723
250	0.002771324927
251	2.997275209e-06
252	3.178928251e-06
253	0.002804602767
254	0.002612404772
255	0.0004389934943
256	0.002636958628
257	0.0008753560882
258	0.009361688941
259	0.00204039509
260	0.00231781631
261	0.002147448321
262	0.0001675676421
263	0.000810507169
264	0.002300021362
265	0.001109000729
266	0.002958229617
267	0.00464980203
268	0.002194408587
269	0.002489518098
270	0.001135417146
271	0.0007778729018
272	0.003775918208
273	0.002477893081
274	0.001126780632
275	0.006400023318
276	0.002133227455
277	0.002900139824
278	0.002756090724
279	0.001697761667
280	0.002258740485
281	0.002525994203
282	0.003274573551
283	0.002073357694
284	0.002718826409
285	0.003365509505
286	6.387579685e-06
287	4.675661719e-07
288	0.002104556494
289	0.001282689756
290	0.003019306186
291	0.00391226464
292	0.006205492964
293	0.002898863123
294	0.002934696914
295	0.001359374401
296	0.004311368764
297	0.005848674336
298	0.00258341579
299	0.0005030943267
300	0.001659340696
301	0.002959393455
302	0.002463133396
303	0.002089520596
304	0.000851810912
305	0.001676519249
306	0.001338868344
307	0.002659644566
308	0.002667198941
309	0.004196914712
310	0.003104945793
311	0.001045999644
312	0.0009862341944
313	0.008144497287
314	0.002180140821
315	0.0020435608
316	0.0007187506832
317	0.003851204788
318	0.005542861179
319	0.001451734471
320	0.003031809879
321	0.002109426672
322	0.0002263995198
323	0.001694489197
324	0.002560087794
325	0.001816870841
326	0.004121489424
327	0.004302358036
328	0.003342510933
329	0.007873748359
330	0.003902995563
331	0.0007493792275
332	0.004153539573
333	0.001992658098
334	0.002631384414
335	0.002909441739
336	0.002179881906
337	0.003075844957
338	0.003054227771
339	0.001580086711
340	0.004172813905
341	0.002075399928
342	0.0006287694459
343	0.004441411487
344	0.001338596491
345	0.001962708933
346	0.003362466654
347	0.004297575309
348	0.002064962489
349	0.003051052368
350	0.002699078147
351	0.002011911548
352	0.007728470546
353	0.0131548743
354	0.002613616654
355	0.001856447666
356	0.002156473147
357	0.002227439796
358	0.002631124249
359	0.002231738255
360	0.00275028503
361	0.001134159135
362	0.003024215247
363	0.003250727539
364	0.002348175804
365	0.0006021959417
366	0.0003826694489
367	0.006953762317
368	0.002736845569
369	0.002364008781
370	0.003176119525
371	0.002325447142
372	0
373	0.002785466739
374	0.002049560792
375	0.0008389566293
376	0.002802392297
377	0.001521024116
378	0.001978779678
379	0.001088554293
380	0.0007808192093
381	0.0001492255698
382	0.003117715957
383	0.002575618742
384	0.001639087812
385	0.005209648314
386	0.007354343671
387	0.002188364306
388	0.001730877608
389	0.002856158233
390	0.002423627217
391	0.002405273043
392	1.25465785e-06
393	3.868342323e-05
394	0.001670298844
395	0.003014480427
396	0.004966086836
397	0.0003011382968
398	0.0009044096905
399	0.001044531905
400	0.0002802907143
401	0.0001559040423
402	0.001911792616
403	0.002589149811
404	0.002511660894
405	0.003609142513
406	0.002993488357
407	0.002144426644
408	0.002624457844
409	0.006822425402
410	0.001548055012
411	0.004279152267
412	0.002940375373
413	0.0006402233511
414	0.001804061464
415	0.002172046446
416	0.002891873295
417	0.004992079152
418	1.141646522e-05
419	3.54223412e-06
420	0.002933256271
421	0.00182397945
422	0.002513122833
423	0.0005347976865
424	0.002419120955
425	0.001705054557
426	0.002384568923
427	0.001627881943
428	0.003021808001
429	0.00321177228
430	1.089918259e-06
431	1.089918259e-06
432	0.002206482251
433	0.001392841187
434	0.004778818559
435	0.002468251808
436	0.002244647774
437	0.0006495089142
438	0.003327320771
439	0.003129520417
440	0.0006049622181
441	0.001702790294
442	0.00385190278
443	0.000892708494
444	0.001589409603
445	0.002189376966
446	0.003984823488
447	1.232905151e-05
448	1.198910084e-05
449	0.002261002838
450	0.0006817727131
451	0.001270388926
452	0.004195052633
453	0.0006705531589
454	0.00353563917
455	0.0005807512846
456	7.411248402e-05
457	0.001232419399
458	0.005005643901
459	0.002088837442
460	0.0003878564211
461	0.0005626032739
462	0.002123706985
463	0.00251481424
464	0.002797302109
465	0.0006650772608
466	0.002235960471
467	0.000889512247
468	0.002765149077
469	0.003492753519
470	0.002383189414
471	0.00266836039
472	0.004226729445
473	0.0009603776282
474	0.008021956954
475	0.002396237066
476	0.001866749932
477	0.00128240076
478	0.001466943274
479	0.01329697679
480	0.003048823585
481	9.747138029e-05
482	0.003321176096
483	0.0009379776743
484	0.0023747894
485	0.0003724134123
486	0.003313129333
487	0.002628237478
488	0.00264264306
489	1.507003778e-05
490	0.001586310374
491	0.004259917045
492	0.004353944846
493	0.002303170903
494	0.003424780034
495	0.004809104589
496	0.002420303326
497	0.003528587395
498	0.003142465961
499	0.003837523479
500	0.002237461724
501	0.002058901511
502	0.002464947348
503	0.003344084026
504	0.002406090409
505	0.0004950779965
506	0.0003361048448
507	0.001551680511
508	0.002341124974
509	0.002794320177
510	0.002180699261
511	0.003046522262
512	0.004522911114
513	0.00503319488
514	0.00657026606
515	0.002149347155
516	0.004092812174
517	0.00211685746
518	0.01038665748
519	0.001817178107
520	3.70105828e-05
521	0.002199081594
522	0.001035024558
523	0.003605536879
524	0.005400426735
525	0.0001705698307
526	0.001001853302
527	0.001197432563
528	0.001818677681
529	0.002534611794
530	0.002135041591
531	0.001795101272
532	0.003179695432
533	2.314900371e-06
534	0.002031637282
535	0.003327984494
536	0.009424295078
537	0.009012395596
538	0.002444670734
539	0.002882338052
540	0.0008849626426
541	0.0004646489884
542	0.002571385494
543	0.003110105988
544	3.434220051e-05
545	0.001835215214
546	0.00222873446
547	0.002514125318
548	0.0006054934642
549	0.002184870097
550	0.004163732343
551	0.003205619443
552	0.003145794573
553	0.002575141939
554	0.003221384909
555	0.002970062715
556	0.0002802775161
557	0.00094362743
558	0.00185772913
559	0.0001012535905
560	0.002978862494
561	0.004984414103
562	0.007219843085
563	0.002817887535
564	2.509400481e-06
565	0.002401284197
566	0.003189383777
567	0.002384833397
568	0.002359386799
569	0.003023927997
570	0.002360132553
571	0.001980452577
572	0.002516321539
573	0.0112479287
574	0.001870393012
575	0.004706282632
576	0.002651156459
577	0.005665910432
578	8.002953597e-05
579	0.003960941519
580	0.001887869722
581	0.001868181896
582	0.006158669515
583	0.002297304178
584	0.0005761929437
585	0.0004283811061
586	0.006044480066
587	0.009956237899
588	0.002699692728
589	0.003568785986
590	0.003020459903
591	0.00240559001
592	0.001617069442
593	0.003916290934
594	0.002392727302
595	0.002297883703
596	0.003304715832
597	0.005798636161
598	0.002765808228
599	0.003002811934
600	0.002194429564
601	0.002976302263
602	0.004158935997
603	0.004546698341
604	6.811989106e-06
605	6.811989106e-06
606	0.002585993295
607	0.003587809549
608	0.0003725846411
609	0.003879234793
610	0.002089834328
611	0.002042102821
612	0.002483392444
613	0.0007633398457
614	0.003938867659
615	0.002824171256
616	0.002877176594
617	0.003081753784
618	0.001990278261
619	0.001839085273
620	0.005087628585
621	0.003292860495
622	0.00298020597
623	0.002883751024
624	0.001369954327
625	0.003548820258
626	0.002972641815
627	0.001544926194
628	0.001519398493
629	0.007651690068
630	0.002328985123
631	0.003347450828
632	0.0003224522307
633	0.004372754935
634	0.001877470189
635	0.004678515238
636	0.002130822407
637	0.004678527177
638	0.002022709752
639	0.00285772877
640	0.00308345832
641	0.002198976167
642	0.0002884871799
643	0.002598979064
644	0.001891171655
645	0.00167748928
646	0.002572416964
647	0.002316690119
648	0.002032553474
649	0.002779410594
650	9.500094319e-05
651	4.976879178e-06
652	0.001971269843
653	0.002180981662
654	0.005353294815
655	0.003414580895
656	0.002459523771
657	0.0008675514025
658	0.0005435471163
659	0.003172398649
660	0.001162575922
661	0.001463022558
662	0.003391717787
663	0.0005079748479
664	0.004743074437
665	0.005291957865
666	0.002926298016
667	0.00283631199
668	0.002523999312
669	0.004593784033
670	0.00217644199
671	0.002616334683
672	0.002468001198
673	0.006080788541
674	0.002470434768
675	0.001910586823
676	0.00218313761
677	0.001095085355
678	0.00284542939
679	0.001510047245
680	0.007038792371
681	0.001792688639
682	0.001706268935
683	0.0005182933633
684	0.003471921566
685	0.003033393615
686	0.001938893396
687	0.0001684503382
688	0.002909832787
689	0.003593091747
690	0.001680849898
691	0.004105554823
692	3.485443251e-05
693	2.754000998e-05
694	0.002891398803
695	0.0017694792
696	0.008118604435
697	0.001523710689
698	0.001999088125
699	0.003416538942
700	0.0002083515364
701	0.0001586018641
702	0.00173934422
703	0.003330067847
704	0.01692691512
705	0.002484366583
706	0.000952099728
707	0.001188725365
708	0.002237353991
709	0.00125041551
710	0.001940191534
711	0.004973350481
712	0.000548825144
713	0.0004820096889
714	1.754587525e-05
715	1.9346049e-05
716	0.003409730815
717	0.005737836293
718	0.002444429714
719	0.002740998088
720	0.005536586931
721	0.007481495316
722	0.0007608809661
723	0.001033778125
724	0.0001283039877
725	0.002091238106
726	0.002364430799
727	0.002972466665
728	0.001890872331
729	0.003862565834
730	0.004234796961
731	0.008000400998
732	0.005085472267
733	2.543142596e-06
734	1.280653947e-05
735	0.01081008333
736	0.01226060734
737	0.00272597577
738	0.004016201062
739	0.000474208025
740	0.002913087228
741	0.002293124938
742	0.001371387588
743	0.003296605456
744	0.005854916065
745	6.125167571e-06
746	7.629427796e-06
747	6.183949353e-05
748	0.0132519001
749	0.01061963749
750	0.001428772172
751	0.001696514363
752	0.00142318015
753	0.002929202431
754	0.003505108914
755	0.00165726673
756	0.007281424447
757	0.003178248894
758	0.00260325712
759	0.008567699603
760	0.001060753623
761	0.0009765208181
762	0.003369334936
763	0.001365764233
764	0.001836367297
765	0.0006295948512
766	0.001867502116
767	0.003717378467
768	0.002345408036
769	0.001583176021
770	0.006336784855
771	0.002740086106
772	0.002481102727
773	0.005891060342
774	0.0001435745447
775	0.00614671357
776	6.142439326e-05
777	9.212767787e-05
778	0.007346126435
779	0.002429969463
780	0.007368592587
781	0.002894765991
782	0.002950969641
783	0.001777775604
784	0.002657222062
785	0.002540122344
786	0.003062369969
787	0.002489171209
788	0.00215569741
789	0.002378335329
790	1.680939382e-06
791	2.094200092e-06
792	2.833787469e-05
793	1.562216167e-05
794	0.002753955448
795	0.00490664193
796	0.003044960722
797	0.004560269878
798	0.002523832298
799	0.002374196689
800	0.001619148127
801	0.002780552363
802	0.00230825243
803	0.0008382440341
804	1.005117128e-05
805	1.254485954e-05
806	0.0007377509617
807	0.006797082588
808	0.0005706998748
809	2.859562875e-05
810	0.000185768841
811	0.002780292534
812	0.00247835093
813	0.00478986968
814	0.0005968339604
815	0.005304431034
816	0.003061967431
817	0.001839216045
818	0.004478750272
819	0.003304203129
820	0.004242500257
821	0.00227915551
822	0.00186307306
823	0.002631912661
824	0.005515360936
825	0.00900836904
826	0.003902147149
827	0.001127228634
828	0.002438744515
829	0.002983287227
830	0.01162150478
831	0.005008215269
832	0.007662119286
833	1.662125341e-05
834	1.662125341e-05
835	0.002475347634
836	0.002098316456
837	0.002410729739
838	0.001902177276
839	0.001592010715
840	0.003164241159
841	0.003356488735
842	0.002758576862
843	0.0008629540465
844	0.001922295254
845	0.00185442825
846	0.005000835376
847	0.005591910536
848	4.582600098e-06
849	0.003921621239
850	0.002928229172
851	0.003756071331
852	0.001213951711
853	0.001735326181
854	0.003598043321
855	0.001013315423
856	0.00442180798
857	0.003956317315
858	7.012515648e-05
859	0.005415088622
860	0.006891709851
861	0.004340996929
862	0.0003155615732
863	0.002068027017
864	0.001906749334
865	0.001389685363
866	0.00663766644
867	0.003843719409
868	0.006877109515
869	0.003448225641
870	0.002408225257
871	0.002530419123
872	0.002372460911
873	0.002544577114
874	0.00258070128
875	0.002588797181
876	0.001091557257
877	0.006905195516
878	0.005837714073
879	0.002347753152
880	0.004486416406
881	0.001890183216
882	0.002068530161
883	0.002656010763
884	1.028156221e-05
885	7.901907346e-06
886	0.002750291756
887	0.0003954965341
888	0.005007163368
889	0.002513381652
890	0.002393981516
891	0.001789775845
892	0.001929995189
893	0.004651089402
894	0.004477105944
895	0.0005001708819
896	0.0008119936273
897	4.491280633e-05
898	0.006004637101
899	0.001538283974
900	0.004935562685
901	0.001011736012
902	0.005204117023
903	0.004032912592
904	0.005618350865
905	1.089918301e-06
906	2.179836514e-06
907	0.009135481132
908	0.0004389028612
909	0.001262574316
910	0.00103991143
911	0.002347124101
912	0.001836009834
913	1.016288797e-05
914	0.001952624873
915	0.002722673271
916	0.0004918256555
917	0.000709515673
918	0.006059665642
919	0.007112675267
920	0.002991576154
921	0.003707943955
922	0.0009157505709
923	0.003751565319
924	0.004288294336
925	0.003294612773
926	0.001036669992
927	0.003176549615
928	5.455308592e-05
929	1.498637613e-05
930	0.002049820714
931	0.00129307388
932	0.002367113849
933	0.003240337799
934	0.003513768551
935	0.0007243113117
936	0.003086923029
937	0.002383539524
938	0.001773952863
939	0.002992720796
940	0.001441622493
941	7.882785886e-05
942	9.157434926e-05
943	0.009324587665
944	0.0005191844985
945	0.00373633578
946	0.001646348611
947	0.00313468068
948	0.001973310885
949	0.004457147273
950	0.002114625581
951	0.003180000515
952	0.002210873726
953	0.002368625841
954	0.003140568896
955	0.0004093002648
956	0.002805402242
957	0.002426925934
958	0.002414980363
959	0.002152538243
960	0.006742721967
961	0.002493336018
962	0.007101139743
963	0.003399460648
964	0.002592775731
965	0.002728633493
966	0.001095332971
967	0.002386410485
968	0.0004869414166
969	0.002517891497
970	0.002807116232
971	0.002178228175
972	0.002727464271
973	0.003685676285
974	0.0006840189725
975	0.002820490578
976	0.003282335112
977	0.005299274739
978	0.003065190355
979	0.007213359156
980	0.00146306809
981	0.0001268655964
982	0.0003191207391
983	0.005483177303
984	0.003429822534
985	0.0002488838425
986	0.002990018784
987	0.000747884248
988	0.002097095664
989	0.002843617383
990	0.003446924364
991	0.002283654855
992	0.001190503668
993	0.0004379067523
994	0.0005415856264
995	4.359673021e-06
996	4.359673021e-06
997	0.004574079754
998	0.003644133881
999	0.009478690616
1000	0.0007401900874
1001	0.001851150645
1002	0.003116250658
1003	0.004293738645
1004	0.003864281618
1005	0.004155505004
1006	0.004529111131
1007	0.001491487892
1008	0.002333149969
1009	0.003374031872
1010	0.002037030463
1011	0.001633881669
1012	0.002699548133
1013	0.004131703953
1014	0.001917138462
1015	0.001711415345
1016	6.81198915e-06
1017	6.739327874e-06
1018	0.003755315674
1019	0.001536694736
1020	0.004792705338
1021	0.00244537348
1022	0.002609625778
1023	0.005053018219
1024	0.005617544703
1025	0.001520416258
1026	0.001179703057
1027	0.003171705126
1028	0.003839543024
1029	0.006885424125
1030	0.01031755736
1031	0.003348102096
1032	0.002210664253
1033	0.001817271712
1034	0.000135481862
1035	0.003305249908
1036	0.003689631875
1037	0.00205993287
1038	0.003502260953
1039	0.003003664506
1040	0.00335314789
1041	0.002176829463
1042	0.001310803674
1043	0.0006465335285
1044	0.002660546631
1045	0.005318276545
1046	0.003705713825
1047	0.001987147025
1048	0.001093049323
1049	0.002125187669
1050	0.002403565103
1051	0.00606174182
1052	0.001835056389
1053	0.002873073855
1054	0.004468899883
1055	0.004565721391
1056	0.002994772003
1057	0.003197117003
1058	0.006270577277
1059	0.003310669556
1060	0.003257330181
1061	0.0004485823604
1062	0.001701026604
1063	0.009748480954
1064	0.002668932616
1065	0.001873831757
1066	0.0005780370175
1067	0.001544041382
1068	0.0007714913913
1069	0.002519940257
1070	0.002578829188
1071	0.001718475206
1072	0.0006531640099
1073	0.002799560114
1074	0.00331350493
1075	0.006825905512
1076	0.001261352252
1077	0.002166313757
1078	0.002966468488
1079	0.006319161715
1080	0.0005696086338
1081	0.0007996200634
1082	0.002439625975
1083	0.0006910456057
1084	0.004175111468
1085	0.003836856286
1086	0.002493851163
1087	0.002213734718
1088	0.002351084803
1089	0.004065082297
1090	0.001118446415
1091	0.0007532995586
1092	0.006905218042
1093	0.0055893488
1094	0.002923764454
1095	1.649409627e-05
1096	1.989100821e-05
1097	0.002492363485
1098	0.002349309439
1099	0.002399688571
1100	0.002836313264
1101	0.006019806853
1102	0.003014724094
1103	0.001799214266
1104	0.0005189800798
1105	0.002004870703
1106	0.002087218796
1107	0.008219324296
1108	0.002755677944
1109	0.00126062901
1110	0.001779893262
1111	0.007695133419
1112	0.002571018053
1113	0.00173511762
1114	0.002606856198
1115	0.005534514608
1116	0.0009907364219
1117	0.002763078142
1118	0.003348796506
1119	0.003167040164
1120	0.001831208843
1121	0.002828920745
1122	5.10093027e-05
1123	1.634877387e-05
1124	0.003455886359
1125	0.001104459726
1126	0.003181102357
1127	0.002014125756
1128	0.001571311749
1129	0.002501594903
1130	0.001181395345
1131	0.0004999952415
1132	0.0005679623037
1133	0.003741087095
1134	0.002426835799
1135	0.002827271784
1136	0.002491936728
1137	0.007672821622
1138	0.00159144436
1139	0.003826873056
1140	0.004634411108
1141	0.001371833466
1142	0.001398362595
1143	0.002346561977
1144	0.001021341845
1145	0.002319138109
1146	0.003833610248
1147	0.003478213436
1148	0.002597892662
1149	0.00441175924
1150	0.0001609406768
1151	0.003578738014
1152	0.0003747493545
1153	0.000931260994
1154	0.0008520683873
1155	0.00456117381
1156	0.002993610789
1157	0.004312866738
1158	0.006943950791
1159	0.008803661473
1160	0.002154505917
1161	0.002955461028
1162	0.004562827482
1163	0.0008216201787
1164	0.002237886297
1165	0.006337385296
1166	0.006419639286
1167	0.004175879514
1168	0.002168985825
1169	0.003074245164
1170	0.002416075851
1171	0.006942288038
1172	0.0001858054934
1173	0.002366033026
1174	0.008393760196
1175	0.002016192174
1176	0.001523757238
1177	0.002114318462
1178	0.003609242757
1179	0.0025072272
1180	0.002689863161
1181	0.0007855944847
1182	0.003340848926
1183	1.026339691e-05
1184	1.689373297e-05
1185	0.005010246939
1186	0.0005211334145
1187	0.002407986152
1188	0.00144612467
1189	0.001757149689
1190	0.001502897963
1191	0.003099347827
1192	0.0004840245944
1193	6.548280702e-05
1194	0.00183938685
1195	0.003730113401
1196	0.007846799773
1197	0.0005281533059
1198	4.141689373e-06
1199	0.0009046791176
1200	1.389645775e-05
1201	1.424159852e-05
1202	0.002722851356
1203	0.003133445749
1204	0.002330116121
1205	0.0008673758565
1206	0.0004663895242
1207	0.009120707048
1208	0.000701310256
1209	0.00162476647
1210	0.0005997829369
1211	0.0006721397887
1212	0.003541727921
1213	0.002143962953
1214	0.0005440385105
1215	0.00315320844
1216	0.001329866873
1217	0.001679966552
1218	0.002809681452
1219	0.0005516718953
1220	0.0001935732063
1221	0.005795803462
1222	0.01131200141
1223	0.004400356792
1224	0.007788007883
1225	0.0007861016524
1226	0.0007633797152
1227	0.002234590627
1228	0.001510739504
1229	0.002813634892
1230	0.002625782173
1231	0.003404455185
1232	0.003200086722
1233	0.001322713304
1234	0.001004742535
1235	0.00554312418
1236	0.001343459314
1237	0.003265602774
1238	0.002034754352
1239	0.003719637716
1240	0.002793260308
1241	0.00290418469
1242	0.002663393531
1243	0.004643625574
1244	0.002680088801
1245	0.003125747073
1246	5.940054489e-06
1247	4.632152598e-06
1248	0.002508112331
1249	0.007861471464
1250	0.000663056014
1251	0.0008763256815
1252	0.003537005313
1253	0.002825965687
1254	0.003677276582
1255	0.005825816522
1256	0.002148038884
1257	0.001427195435
1258	0.002099188892
1259	0.002604428343
1260	1.784825662e-05
1261	0.006430981753
1262	0.004416365198
1263	0.0009146272065
1264	0.002440156624
1265	0.0009165645039
1266	0.001971395164
1267	0.001546758625
1268	4.17801998e-06
1269	4.63215259e-06
1270	0.002214256701
1271	0.006324674066
1272	0.003577553087
1273	0.002294075603
1274	0.001212081983
1275	0.002320410424
1276	0.002606074718
1277	0.0005927705914
1278	0.00250322768
1279	0.008953946648
1280	0.0007575206123
1281	0.004765239329
1282	0.003424285057
1283	0.003427495193
1284	0.003003645077
1285	0.007701868139
1286	2.707424752e-06
1287	0.00262603888
1288	0.001667651281
1289	0.001944101577
1290	0.003163611165
1291	0.006484658779
1292	0.001569050357
1293	0.0001410044034
1294	0.0008442816546
1295	1.867308435e-05
1296	0.00691009026
1297	0.001413301126
1298	0.002155411207
1299	0.001644721396
1300	0.004399507676
1301	0.001355741688
1302	0.001100670888
1303	0.000745501925
1304	0.001208615525
1305	0.003235041114
1306	0.001175706744
1307	0.0002979158827
1308	0.002983264472
1309	0.002431073245
1310	0.003182112758
1311	0.006652969321
1312	0.009322050207
1313	0.0009910068982
1314	0.002647957615
1315	0.001205199429
1316	0.003444292578
1317	1.660597689e-07
1318	3.883761813e-05
1319	0.001367530365
1320	0.0001999569371
1321	0.007497033723
1322	0.002493953397
1323	0.003199184518
1324	0.002175114863
1325	0.0005769374324
1326	0.004194409874
1327	0.001858152729
1328	0.0002100427191
1329	0.004341860514
1330	0.001072379913
1331	0.003117669107
1332	0.001101188738
1333	0.004298696471
1334	0.007037887559
1335	0.002148760671
1336	0.009432782833
1337	0.0003491637654
1338	0.0009500123194
1339	5.843023519e-06
1340	0.001772523288
1341	0.008174106005
1342	0.003647585677
1343	0.003850212196
1344	0.002321071996
1345	2.179836517e-06
1346	2.179836517e-06
1347	0.0005238085044
1348	0.002210887364
1349	0.002848695664
1350	0.00218524378
1351	0.002855307562
1352	0.009117099683
1353	0.001388479816
1354	0.002657295854
1355	0.004021410098
1356	0.002291738118
1357	0.004857218847
1358	0.000447587718
1359	0.001294562274
1360	0.00244698031
1361	0.000890896731
1362	0.002852653158
1363	0.0023640783
1364	0.001674940696
1365	0.0001941838014
1366	0.003301878691
1367	0.003013049208
1368	0.00334395829
1369	0.0028899554
1370	0.002284213018
1371	0.001637748815
1372	0.004109662371
1373	0.004973466684
1374	0.0008182451711
1375	0.0008848310514
1376	0.002262875305
1377	0.006857715612
1378	0.0024141401
1379	0.002532658179
1380	5.415855714e-06
1381	0.002241153941
1382	0.009120419196
1383	0.006397027309
1384	0.003178328353
1385	0.004030123934
1386	0.001421838785
1387	0.002190589317
1388	0.003515618325
1389	0.004330361715
1390	0.00484153977
1391	0.002778621571
1392	0.003208382121
1393	0.002378428812
1394	0.001408306362
1395	0.002188168734
1396	0.002391386176
1397	0.003823826633
1398	0.002897006398
1399	0.001635843031
1400	0.005869143878
1401	0.0001013729786
1402	0.004464695029
1403	8.085697389e-05
1404	0.001079167028
1405	0.005217080642
1406	6.46876288e-05
1407	1.378339247e-05
1408	0.003188425049
1409	1.174456183e-05
1410	1.85286104e-05
1411	0.004543376881
1412	0.001419874155
1413	0.004118853055
1414	0.002888570752
1415	0.00146203537
1416	9.745510364e-05
1417	0.001706691702
1418	0.002879982742
1419	0.00144981106
1420	0.001157587628
1421	0.004174048113
1422	0.008918537422
1423	0.01007912359
1424	0.006101991833
1425	0.001409241751
1426	0.0005483589032
1427	0.0002420823308
1428	0.002470226134
1429	0.01204453834
1430	2.9972752e-06
1431	2.9972752e-06
1432	0.0004974511294
1433	0.004005425916
1434	0.0040787088
1435	0.002109085831
1436	0.003539910152
1437	0.0003442071529
1438	0.008321992907
1439	0.01843638424
1440	0.0003076051503
1441	0.009105365953
1442	0.003821785067
1443	0.004880757374
1444	0.003527030748
1445	0.008254878784
1446	0.002206586882
1447	0.004107753637
1448	0.001573189788
1449	0.0006909922281
1450	0.001830614769
1451	0.00312602369
1452	0.005803634764
1453	0.00189959248
1454	0.004822470232
1455	0.001540042712
1456	0.01151366954
1457	0.003327679924
1458	0.002912777805
1459	0.00890503296
1460	0.0001194240536
1461	0.000140570109
1462	0.0002226974628
1463	0.002989478149
1464	0.0003888001908
1465	0.008836190795
1466	0.00212806368
1467	0.002952658372
1468	0.004495227311
1469	0.008614149493
1470	0.0005836650204
1471	0.003581183214
1472	0.007093351436
1473	0.001028061768
1474	0.002362038964
1475	0.003223773981
1476	0.0007034132209
1477	0.003181981036
1478	1.841961853e-05
1479	0.0032320583
1480	0.0009144287577
1481	0.002837012984
1482	0.005199157647
1483	0.001604690661
1484	0.0007195181501
1485	0.004018353792
1486	0.004159885791
1487	0.003117196209
1488	0.006305443491
1489	0.004244737001
1490	0.002445270856
1491	0.00285903254
1492	0.0006640732041
1493	0.003408947768
1494	0.003579209427
1495	0.0002001911136
1496	0.001000737451
1497	0.004188977853
1498	0.004028427091
1499	0.01100060979
1500	0.006962760762
1501	0.002099028218
1502	0.001805910094
1503	1.90624929e-05
1504	0.00018334235
1505	0.0008767006926
1506	0.001340355364
1507	0.0119865665
1508	0.003465863831
1509	0.001406630398
1510	0.001342633931
1511	0.004274373497
1512	0.004031102942
1513	0.002439335829
1514	0.003361359583
1515	0.002215250074
1516	0.003638989023
1517	0.002806920056
1518	0.002154330888
1519	0.00665697868
1520	0.003225229472
1521	0.0008601033297
1522	0.001824038393
1523	0.002054413123
1524	0.004496283329
1525	0.009316186745
1526	0.002468921239
1527	0.0006197050108
1528	0.003451379286
1529	0.003646532683
1530	0.0002294548571
1531	0.007115193285
1532	0.002485708949
1533	0.0003590970091
1534	0.004498123207
1535	0.003791086962
1536	0.002627602967
1537	0.00272657113
1538	0.001306470143
1539	0.003918060789
1540	0.005519266368
1541	0.0004337160725
1542	0.002454370027
1543	0.005851282917
1544	0.003306078565
1545	0.003219799147
1546	0.003088413409
1547	0.003288440761
1548	0.002820112645
1549	0.001568998497
1550	0.002504414244
1551	0.002119611525
1552	0.001531499243
1553	0.001729511764
1554	0.0001989254801
1555	0.0005293282687
1556	0.0002119938941
1557	0.003418965972
1558	0.0008804137185
1559	0.0005138076465
1560	5.264258063e-05
1561	0.0002560329101
1562	3.137204909e-05
1563	1.335149859e-05
1564	0.001471102315
1565	0.002043869803
1566	0.001236251589
1567	0.001130484608
1568	0.0041157184
1569	0.001251548485
1570	3.269754806e-06
1571	3.269754806e-06
1572	0.001910885109
1573	0.001620376428
1574	0.004963624772
1575	0.004280397148
1576	0.008931808284
1577	0.0002454598366
1578	0.0009026449449
1579	0.0002429004745
1580	0.001573626106
1581	0.0003794857341
1582	0.005642245546
1583	0.00102628851
1584	0.003018348799
1585	0.002492918528
1586	0.004679103415
1587	0.003832080078
1588	0.001762340319
1589	0.002990227324
1590	0.002952313389
1591	0.003427243344
1592	0.001839695597
1593	0.000369633234
1594	0.003339748471
1595	0.002318368876
1596	0.001918189167
1597	0.003283263283
1598	0.001768667447
1599	0.003880854992
1600	0.004222940386
1601	0.002809855509
1602	0.001758593762
1603	0.01593603447
1604	0.00133004674
1605	0.002964509495
1606	0.001379191055
1607	1.171662126e-05
1608	6.8119891e-06
1609	0.004232998024
1610	3.0312733e-05
1611	0.00412798022
1612	0.003721506851
1613	0.001735044757
1614	0.003151468767
1615	0.003428115822
1616	0.002168919583
1617	0.0006227745411
1618	0.001722797998
1619	0.0001477234588
1620	0.00667990418
1621	0.0004715841467
1622	0.0005946047591
1623	0.002517994531
1624	0.001944745545
1625	0.003015711391
1626	0.003229765653
1627	0.002808513144
1628	0.001575244696
1629	6.348526299e-05
1630	0.001740156966
1631	0.004306112012
1632	0.002846514184
1633	0.007355668426
1634	0.004246440886
1635	0.005504256377
1636	0.0007454372425
1637	0.001669197058
1638	0.007723898346
1639	0.007495162218
1640	0.001271401774
1641	0.001360029965
1642	0.00170442663
1643	0.005627130947
1644	0.001469918785
1645	0.002261090645
1646	0.002336014948
1647	0.0007377869147
1648	0.0001006511111
1649	6.993642141e-06
1650	0.005880728552
1651	0.001684067868
1652	0.002584500873
1653	0.002408282917
1654	0.003111403252
1655	0.002946872182
1656	0.007103290423
1657	0.001090333116
1658	0.0003447411565
1659	0.002455999428
1660	0.002948143126
1661	0.007644250932
1662	0.005310613855
1663	0.003689885325
1664	0.0003103134078
1665	0.0009471014123
1666	0.006555923607
1667	1.171131811e-05
1668	0.001173462393
1669	0.003893328828
1670	0.002837965878
1671	0.001609773784
1672	0.001710485547
1673	0.004578604055
1674	0.006808438889
1675	0.006496023499
1676	0.003241327619
1677	0.001859989857
1678	0.002203308668
1679	0.006920839635
1680	0.002071834833
1681	0.003067681061
1682	0.002218916403
1683	0.000853285469
1684	0.005533400359
1685	0.00291041962
1686	0.003553556738
1687	0.002233779538
1688	0.0006331726577
1689	0.0002779503918
1690	0.001389885849
1691	0.001910402507
1692	0.003328375894
1693	0.003698270086
1694	0.001916025554
1695	0.005626648125
1696	0.003267424423
1697	0.002112719943
1698	0.003782822383
1699	0.003285716584
1700	0.004535270707
1701	0.0004938340018
1702	0.003293293344
1703	0.001279955598
1704	0.002060384882
1705	0.0002330852875
1706	0.00854235329
1707	0.00550955326
1708	0.001944079624
1709	0.006872288763
1710	0.002585001726
1711	0.003791476332
1712	0.0004255178485
1713	0.006313999749
1714	0.009843619347
1715	0.0008248306488
1716	0.001658819927
1717	0.001037783625
1718	0.003015334998
1719	0.008502126878
1720	0.00280195976
1721	0.004058242198
1722	0.004708159924
1723	0.005150564035
1724	0.01165114557
1725	0.001508587539
1726	0.001928435151
1727	0.003295720091
1728	0.006995473453
1729	0.003053431498
1730	0.0009076239891
1731	0.0007164669022
1732	0.0004195140796
1733	0.0001032232159
1734	0.001420451301
1735	0.0024766011
1736	0.00255279847
1737	0.00218801828
1738	0.008363444505
1739	0.003108436277
1740	0.005337875627
1741	0.00288700262
1742	0.005613680258
1743	0.002015607389
1744	0.0003853502526
1745	0.0001122571102
1746	0.004903121517
1747	0.0009346703736
1748	0.008798285749
1749	1.442325158e-05
1750	1.732905148e-05
1751	4.068143576e-05
1752	9.626868508e-06
1753	0.004400906791
1754	0.001706568893
1755	0.0005919587388
1756	0.003958326732
1757	0.00871938888
1758	0.0005252648392
1759	0.001178536979
1760	0.002418227172
1761	0.00390835824
1762	0.004135042596
1763	0.0009196745185
1764	0.005205867246
1765	0.01048297184
1766	0.005613656455
1767	0.002602165483
1768	0.001569986752
1769	0.0007159525235
1770	0.003413290534
1771	7.113155278e-05
1772	0.009302049924
1773	0.0006485786351
1774	0.007256040088
1775	0.002489282233
1776	0.002035223244
1777	0.003975715764
1778	0.004158445085
1779	0.004864232796
1780	0.002244914731
1781	0.001403891082
1782	0.001851392091
1783	0.005297552614
1784	0.004939259153
1785	0.002662530675
1786	0.000467951137
1787	0.003719066211
1788	0.002373626245
1789	0.002749500768
1790	7.901907347e-06
1791	7.901907347e-06
1792	0.0007708369025
1793	0.005945925648
1794	0.001186159361
1795	0.002381346503
1796	1.863241208e-06
1797	1.162579473e-05
1798	2.833787464e-05
1799	0.002295327422
1800	0.001472486771
1801	0.005265711346
1802	0.003284197758
1803	0.0003244383401
1804	0.003414780095
1805	0.0004705093349
1806	0.003269912979
1807	0.002200331823
1808	0.007395345161
1809	0.006916737586
1810	0.00283249404
1811	0.003036372542
1812	0.00127250044
1813	0.005564221619
1814	0.003053066577
1815	0.000120869251
1816	0.0002538348753
1817	0.001752047441
1818	0.00317925885
1819	0.001957431046
1820	0.003969583688
1821	0.01073242638
1822	0.003315994143
1823	0.0004019649864
1824	0.006625235349
1825	0.0009811795671
1826	0.003438738452
1827	0.003398496382
1828	0.003063299764
1829	0.0008243459275
1830	0.002279998481
1831	0.002999309535
1832	0.000231903199
1833	0.001221651928
1834	0.003131007929
1835	5.997459965e-06
1836	0.002719071829
1837	0.0004595449712
1838	0.002546239128
1839	0.0008317201613
1840	0.002048512471
1841	0.002646380925
1842	0.01058698107
1843	0.003554803046
1844	0.00530353574
1845	0.003959314333
1846	5.528316521e-05
1847	0.004091704811
1848	0.003154518914
1849	0.005629228044
1850	0.00192460689
1851	0.004741783078
1852	0.001698833366
1853	0.001035463209
1854	0.003005545286
1855	0.001476021408
1856	0.004382364564
1857	0.003045786162
1858	0.001821481415
1859	0.002384134425
1860	0.002212121365
1861	0.006742235768
1862	0.008794341984
1863	0.0005596927306
1864	0.001340537642
1865	0.001882562882
1866	0.007673176749
1867	0.0009417702247
1868	0.00379411535
1869	0.008184774959
1870	0.004246369801
1871	0.003238743178
1872	0.002481872617
1873	0.003486114246
1874	0.003567522219
1875	0.002981072183
1876	0.00167142437
1877	0.0009353301652
1878	0.01027040145
1879	0.005237645106
1880	0.001882513107
1881	0.003852916089
1882	0.001570401625
1883	0.007121413347
1884	0.007542700445
1885	0.003568768692
1886	0.002976435716
1887	0.006004063887
1888	0.002925886842
1889	0.003907927785
1890	0.002191808317
1891	0.002293464591
1892	0.008443968054
1893	0.00818247796
1894	0.001941353107
1895	0.001175318952
1896	0.007226089801
1897	0.001287540935
1898	0.003462685632
1899	0.003627829983
1900	0.003300050911
1901	0.003891578369
1902	0.003192173781
1903	0.003971812001
1904	0.0009069357755
1905	0.002750310343
1906	0.004420980175
1907	0.008158333309
1908	0.005866833271
1909	0.002162438428
1910	2.724795357e-07
1911	2.724795357e-07
1912	0.0006083617633
1913	0.0003932780695
1914	0.002565752437
1915	0.006777714345
1916	0.003437389895
1917	0.002626770737
1918	0.002020243114
1919	0.003152571576
1920	0.002828342606
1921	0.004786505762
1922	0.005630361776
1923	0.004215860141
1924	0.007603491114
1925	0.004599631999
1926	0.003279692951
1927	0.001978530802
1928	0.004219188043
1929	0.006563231003
1930	0.00329487746
1931	0.005581680181
1932	0.0007765604776
1933	0.001814069938
1934	0.003893067928
1935	0.0005744943748
1936	0.002456544357
1937	0.003553775941
1938	0.002047648134
1939	0.0009945143856
1940	0.002726364526
1941	0.002595716996
1942	0.001602836561
1943	0.002057817245
1944	0.00203034032
1945	0.001218855019
1946	0.002142771838
1947	0.006384269365
1948	0.0003347268523
1949	0.000890113169
1950	0.003798666285
1951	0.007346241033
1952	0.002458215239
1953	0.003512493901
1954	0.005909103623
1955	0.006843786017
1956	0.002706496698
1957	0.002766400479
1958	0.00149313806
1959	0.003419175905
1960	0.003325396903
1961	0.001022332381
1962	0.001823899692
1963	0.001872923451
1964	0.001701630092
1965	0.0003898983106
1966	0.004061149634
1967	0.00343664582
1968	0.01167280964
1969	0.001885705414
1970	7.018164705e-05
1971	0.00235724911
1972	0.00232955828
1973	0.003453987658
1974	0.0009177469186
1975	0.003521064558
1976	0.003468001338
1977	0.00265113794
1978	0.006603216422
1979	0.00149098531
1980	0.007730337132
1981	0.001707365047
1982	0.003025520688
1983	0.001652942134
1984	0.002448959221
1985	0.002523304443
1986	0.001959800612
1987	0.0005398321695
1988	0.000550525491
1989	0.002395491831
1990	0.002917675578
1991	0.002059344164
1992	0.005228852469
1993	0.003730780084
1994	0.001710773411
1995	0.001893511603
1996	1.781127743e-05
1997	2.888283382e-05
1998	0.002680595667
1999	0.0003687846356
2000	0.001368549153
2001	0.001388559134
2002	0.005641844154
2003	0.001614487624
2004	0.007888084986
2005	0.00524035232
2006	0.00626016535
2007	0.007146587285
2008	0.00984735675
2009	0.001914305155
2010	0.001283226127
2011	0.002699667885
2012	0.01079198741
2013	0.002651582257
2014	0.001242280967
2015	0.005431946928
2016	0.003912984368
2017	0.005170014768
2018	0.006000140901
2019	0.0009766313621
2020	0.001938149789
2021	1.570001298e-06
2022	0.001581285489
2023	0.002896659176
2024	0.001429036547
2025	0.001354155414
2026	0.007337759357
2027	0.000485394651
2028	0.003244893254
2029	0.001153710454
2030	0.0008972926161
2031	0.00295161342
2032	0.004492072279
2033	0.01154303758
2034	0.0007889207719
2035	0.004032756414
2036	0.002078006905
2037	0.006729256924
2038	0.003365260042
2039	0.0008960825681
2040	0.001050253443
2041	0.001010763715
2042	0.001616658571
2043	0.005844720538
2044	0.007352944211
2045	0.003387507569
2046	0.001120884385
2047	0.003951748021
2048	0.0007836178969
2049	0.003442078725
2050	0.001420430898
2051	1.435059009e-06
2052	1.144414165e-05
2053	0.0007765911672
2054	0.003455573419
2055	0.005928855709
2056	0.008647810973
2057	0.003304479137
2058	0.0008295888449
2059	0.001320997319
2060	0.003280712204
2061	0.001894399275
2062	0.002901703614
2063	0.002918892317
2064	0.001057957069
2065	0.002524848507
2066	0.002411133334
2067	0.002768008791
2068	0.002024051646
2069	0.002837167653
2070	0.00362175648
2071	0.0009933181587
2072	0.002693955311
2073	0.006501226749
2074	0.0001553005358
2075	0.003577286846
2076	0.00102014035
2077	0.0008817395301
2078	0.003022823058
2079	0.003574172465
2080	0.002572350087
2081	0.00244391349
2082	0.001428126979
2083	0.002286634688
2084	0.001127205028
2085	0.001884047323
2086	0.001846682762
2087	0.003523851925
2088	0.004957334486
2089	0.005542521638
2090	0.001420316273
2091	0.004362576941
2092	0.006325815923
2093	0.005112195662
2094	0.00280044254
2095	0.002645350989
2096	0.002901123116
2097	0.002449429407
2098	0.0008175878351
2099	0.002175140412
2100	0.002639554944
2101	0.00242435846
2102	0.001668552316
2103	0.002729665988
2104	0.002436882658
2105	0.006774974875
2106	0.003112165242
2107	0.001990555503
2108	0.002998527018
2109	0.002188712227
2110	8.997927232e-05
2111	0.001727758326
2112	0.0004762670382
2113	0.0001916082456
2114	0.002035742896
2115	0.001776257516
2116	0.004864975034
2117	0.001374248835
2118	2.761126225e-06
2119	6.26702995e-06
2120	0.0008662330225
2121	0.002964177766
2122	0.001493842808
2123	0.00544965228
2124	0.0006607565837
2125	1.023070156e-05
2126	0.001486553088
2127	0.0117984403
2128	0.002454790715
2129	0.003281366842
2130	0.004277025051
2131	0.001740665201
2132	0.002915887685
2133	0.00160005934
2134	0.002385590245
2135	0.00157365485
2136	0.003535441916
2137	0.000598550535
2138	0.00101145633
2139	0.004882157554
2140	0.001560825022
2141	0.009899279459
2142	0.0007907962092
2143	0.001425851246
2144	0.0008574629287
2145	0.001126701739
2146	0.005866422907
2147	4.823949896e-06
2148	2.04359673e-05
2149	0.01201103472
2150	0.004043779325
2151	0.005174083315
2152	4.087193486e-06
2153	1.816530406e-06
2154	0.005374499651
2155	0.00851622345
2156	0.001499173595
2157	0.002383935865
2158	0.004765141339
2159	4.904632152e-06
2160	1.634877389e-06
2161	0.006068330658
2162	0.00309738214
2163	0.001160915
2164	0.003551362913
2165	0.00510062318
2166	0.004168215365
2167	0.004341016355
2168	0.007299720674
2169	0.005058675391
2170	0.002373607278
2171	0.01088480961
2172	0.005661225448
2173	0.004725310323
2174	0.001326905593
2175	0.004063990313
2176	0.0005060999551
2177	0.0001076404284
2178	0.004395739482
2179	0.0005001930269
2180	0.005489713415
2181	0.004672141767
2182	0.001199249434
2183	0.0009737085546
2184	0.004334002356
2185	1.099000907e-05
2186	8.719346087e-06
2187	0.001467758107
2188	0.002916509643
2189	0.00257413712
2190	0.001215059005
2191	0.0007955300697
2192	0.00182479978
2193	0.003315761221
2194	0.0018279295
2195	0.0009000712374
2196	0.001233161945
2197	0.000415151817
2198	0.006230984308
2199	0.00492224125
2200	0.001763481942
2201	0.004717502634
2202	0.0003648945926
2203	0.003021989263
2204	0.004075638498
2205	0.004461240175
2206	0.002664170389
2207	0.005504921716
2208	0.004727139669
2209	0.006895790759
2210	0.003203198475
2211	0.003133272196
2212	0.0009780260719
2213	0.0007642091783
2214	0.003371436493
2215	0.009913706989
2216	0.000642708515
2217	0.003081826454
2218	0.002034518332
2219	0.002774996529
2220	0.002173838861
2221	0.0005256608856
2222	0.0006415357415
2223	0.006830557699
2224	0.0007376124875
2225	0.000305658777
2226	0.00315370571
2227	0.0008267888687
2228	1.53442045e-05
2229	0.003953799543
2230	0.003127381398
2231	0.006644746042
2232	0.002037900237
2233	0.005795595989
2234	0.005648914559
2235	0.004310994749
2236	0.001802560699
2237	4.407559123e-05
2238	0.001488944683
2239	0.005862878947
2240	0.001598162371
2241	0.009406972705
2242	0.01513188168
2243	1.494345222e-05
2244	0.00317949345
2245	0.003193991694
2246	2.114061467e-05
2247	0.0008044067711
2248	0.0005549272165
2249	0.0008985762387
2250	0.006133503206
2251	0.006640097745
2252	0.001102107
2253	0.0001094719176
2254	0.001721096806
2255	0.003325676532
2256	0.0005784357539
2257	0.003505119515
2258	0.001153826651
2259	0.002705143668
2260	0.00400684815
2261	0.01022530169
2262	0.004644753525
2263	0.003204116378
2264	0.003122091178
2265	0.002111158068
2266	0.006418580029
2267	0.003555083071
2268	0.002928916172
2269	0.003779520828
2270	0.0004051305994
2271	0.002004047098
2272	0.0006867869572
2273	0.003893568983
2274	0.003143128313
2275	4.763518677e-05
2276	0.003640521893
2277	0.003779910182
2278	0.003543410181
2279	0.0002441047104
2280	3.542234336e-06
2281	3.542234336e-06
2282	0.002070956745
2283	0.0006785245775
2284	0.002044770434
2285	0.001995929727
2286	0.0003836216181
2287	0.001158957545
2288	0.0001077436787
2289	0.001105126675
2290	0.003046033682
2291	0.001089461625
2292	0.001779877166
2293	0.001621003736
2294	0.007783049311
2295	0.005494303081
2296	0.00456919165
2297	0.0001957816618
2298	0.003536496425
2299	0.003796592231
2300	0.002223855043
2301	0.00306479398
2302	0.00375349292
2303	0.002030871443
2304	0.003769274127
2305	0.003843973219
2306	0.003194087473
2307	0.001027731612
2308	0.002440078001
2309	0.003267335329
2310	0.001576584338
2311	0.002361069512
2312	0.004731856107
2313	0.002241885451
2314	0.003385379907
2315	0.001310409186
2316	0.001627840821
2317	0.001327366322
2318	0.002042661754
2319	0.000531325801
2320	0.007324565932
2321	6.624989605e-05
2322	0.001806677845
2323	0.006576583432
2324	0.007816190274
2325	0.004369348706
2326	0.002624770836
2327	0.007976289317
2328	0.004109744136
2329	0.004607062831
2330	0.004721337209
2331	0.0005810355681
2332	4.090301882e-05
2333	0.003274058189
2334	0.002694433142
2335	0.000304768143
2336	0.0007338642557
2337	0.003581577282
2338	0.002857232146
2339	0.001457956947
2340	0.0009865648522
2341	0.0005125863477
2342	0.00233811311
2343	0.0022507492
2344	5.449591315e-07
2345	5.449591315e-07
2346	0.00363060584
2347	0.002371492624
2348	0.001426940556
2349	0.002901219167
2350	0.005885202296
2351	2.488646685e-05
2352	0.0001022674276
2353	0.0006417893357
2354	0.002942747281
2355	0.00385411544
2356	0.006723612041
2357	7.509095586e-05
2358	0.007740505742
2359	0.002532414527
2360	0.001310503863
2361	0.004275791513
2362	3.836683454e-05
2363	0.0009244303861
2364	0.005844520872
2365	0.001121163343
2366	0.004063804758
2367	0.0015914911
2368	0.001992217612
2369	0.002346547546
2370	0.00385446331
2371	0.002347525952
2372	0.003348269216
2373	0.009228286537
2374	0.001642681499
2375	0.001185228709
2376	0.005306547529
2377	0.005466236233
2378	0.002779075151
2379	0.002899334605
2380	0.005680504921
2381	0.00834094709
2382	0.006129064503
2383	0.002074666605
2384	0.003692605605
2385	0.002294391716
2386	0.005564468845
2387	0.006175087099
2388	0.006769168603
2389	0.002969233716
2390	5.397690457e-07
2391	0.005157220968
2392	0.008496742938
2393	0.005877085339
2394	0.001019231679
2395	0.00820273383
2396	0.004282520508
2397	0.003670268762
2398	0.002595087356
2399	3.117661625e-05
2400	2.425068124e-05
2401	0.003595841556
2402	0.001990138893
2403	0.00206758214
2404	0.002745958841
2405	0.003090073722
2406	0.004614696408
2407	0.00262179404
2408	0.005333579567
2409	1.266965097e-05
2410	1.599245445e-06
2411	0.01280623923
2412	0.00325557293
2413	0.002264218325
2414	0.001570241412
2415	0.0006536554696
2416	0.004284528705
2417	0.0005674505096
2418	0.005562675954
2419	0.005625243477
2420	0.00191146054
2421	0.001027647793
2422	0.002952156383
2423	0.002899897588
2424	0.001493263236
2425	0.00163680874
2426	0.001870621593
2427	0.0007076735185
2428	0.002717384009
2429	0.005681533094
2430	0.002505706961
2431	0.002179439818
2432	0.0003484880805
2433	0.007951317252
2434	1.839237057e-05
2435	3.201634927e-06
2436	0.007073042276
2437	0.0001328868512
2438	0.01177041619
2439	1.226158043e-05
2440	1.226158043e-05
2441	0.003701626357
2442	0.004358400064
2443	0.006537217594
2444	0.001862720602
2445	1.27702089e-05
2446	1.062670303e-05
2447	0.0008652965134
2448	0.004869099043
2449	0.007206970572
2450	0.00314049311
2451	0.002627252838
2452	0.0007895524249
2453	0.002087797368
2454	0.002560828346
2455	0.004686343914
2456	0.003907563419
2457	0.006475782533
2458	7.842151208e-05
2459	0.001364091205
2460	0.001860726353
2461	0.003296666388
2462	0.001645114448
2463	0.0008756443374
2464	0.002666525971
2465	0.004818403775
2466	0.00445797811
2467	0.001669603375
2468	0.003010223128
2469	0.000836864454
2470	0.00451750665
2471	4.632152585e-06
2472	4.632152585e-06
2473	0.001287969055
2474	0.001771486243
2475	0.0006261437641
2476	0.00100916925
2477	0.003165461482
2478	0.002204351129
2479	0.002956953547
2480	0.002209152658
2481	0.001267012
2482	0.002379991283
2483	0.001490345548
2484	0.0003875038646
2485	0.00203802559
2486	0.0001358383612
2487	0.005098295661
2488	0.00132447305
2489	0.0110747939
2490	0.004234026114
2491	0.003772717582
2492	0.001383302555
2493	0.001379770858
2494	0.003987933187
2495	4.746184403e-05
2496	0.002387686505
2497	0.003774891755
2498	0.0006680535294
2499	0.0002157171606
2500	0.004870515682
2501	1.907356944e-06
2502	1.907356944e-06
2503	0.002317952196
2504	0.001683589959
2505	0.001728012967
2506	2.120126924e-05
2507	0.006779350909
2508	0.003839494953
2509	0.0002130577773
2510	0.001748710102
2511	0.0006274529379
2512	0.001430376836
2513	0.004561233144
2514	0.006087206604
2515	0.001472466019
2516	0.003653472173
2517	0.0007772336327
2518	0.002092619089
2519	0.006867120564
2520	0.0003227759867
2521	0.0005957673246
2522	0.0001479047908
2523	0.004253134612
2524	0.005369677951
2525	0.001122536067
2526	0.005508983847
2527	0.000859453206
2528	0.002449952699
2529	0.001406492831
2530	0.001939776769
2531	0.0007420234007
2532	0.0009485308815
2533	0.001218351258
2534	0.003874249751
2535	0.004809219218
2536	0.004902828681
2537	0.001952814566
2538	0.001148914896
2539	0.0005064091671
2540	0.001837765495
2541	0.004255208155
2542	0.002143925677
2543	0.007335923269
2544	0.004082170719
2545	0.001596439003
2546	0.001789814227
2547	0.002401202357
2548	0.002399186982
2549	0.006032661524
2550	0.001495633299
2551	0.005637175658
2552	0.005660493495
2553	0.006655040545
2554	0.001981783599
2555	0.0004611330984
2556	0.002408896789
2557	0.002445990948
2558	0.0002911880706
2559	0.004929636211
2560	0.0006316017315
2561	0.004507323948
2562	0.00391190066
2563	0.001283962244
2564	9.772933699e-06
2565	0.005622038744
2566	0.002586279105
2567	9.744815161e-05
2568	0.001013629585
2569	0.01733411441
2570	0.006466012058
2571	0.003736884784
2572	0.003064450907
2573	0.004779689465
2574	0.001821378001
2575	0.003566673329
2576	0.00133864522
2577	2.822868927e-05
2578	0.0002111888645
2579	0.004649535707
2580	0.001481096042
2581	0.002603435305
2582	0.003927666047
2583	0.002730242036
2584	0.004136110037
2585	0.001073833075
2586	0.002315844535
2587	0.002815595196
2588	0.000759046768
2589	0.008053030425
2590	0.000533736329
2591	0.003062213926
2592	0.00525717876
2593	0.002993164557
2594	0.001927434246
2595	0.002842774435
2596	0.001907230945
2597	0.0008822699912
2598	0.002483548016
2599	3.630883195e-05
2600	0.004685154908
2601	0.0007675136477
2602	0.001027694876
2603	0.003590074102
2604	0.003360640339
2605	0.003655674848
2606	0.002613399022
2607	0.0001539196622
2608	0.004931816913
2609	1.667652362e-05
2610	0.005012062612
2611	0.002337823591
2612	0.00378121893
2613	0.009347135228
2614	0.003754595022
2615	0.001215657538
2616	0.007929332733
2617	0.002358537442
2618	0.002932816122
2619	0.003142380257
2620	0.0001267855551
2621	2.28151113e-05
2622	0.001631549879
2623	0.005129399901
2624	0.002506616265
2625	0.003931609597
2626	0.001806030721
2627	0.0005806780525
2628	0.001868422677
2629	0.004002776635
2630	0.002507968193
2631	0.002852360101
2632	0.004883104207
2633	0.001048112165
2634	0.002198942313
2635	0.0004373614312
2636	0.001382492836
2637	0.002253623139
2638	0.005236614099
2639	0.001566841727
2640	0.005708364555
2641	0.00125981882
2642	0.005491733156
2643	2.226404403e-05
2644	0.005032815989
2645	0.00460189898
2646	0.0002857362086
2647	0.007499846292
2648	0.008029497445
2649	0.005287239565
2650	0.006491922203
2651	0.007602808591
2652	0.005044568902
2653	8.174387207e-07
2654	5.449590899e-07
2655	0.002233964005
2656	0.004410795224
2657	0.002067704055
2658	0.01359693013
2659	0.0009950673694
2660	1.692697812e-05
2661	2.554567024e-05
2662	0.01159929725
2663	2.633969118e-06
2664	2.452316081e-06
2665	0.001842541031
2666	0.003350964446
2667	0.001407255771
2668	0.001316561747
2669	3.088101729e-06
2670	0.0002563759527
2671	0.009076652619
2672	0.0006341991598
2673	0.006164986988
2674	0.003519493602
2675	0.00788558506
2676	0.005237363461
2677	0.008141742466
2678	0.0002704917006
2679	0.00392773562
2680	0.004425724311
2681	0.00951176094
2682	0.00315424724
2683	3.869209811e-06
2684	0.007186915592
2685	0.005338973589
2686	0.003578970613
2687	0.0001194136183
2688	0.002629548655
2689	0.004804316896
2690	7.938237962e-06
2691	0.002710509934
2692	0.004768911003
2693	0.0002753949443
2694	0.001024495
2695	0.003465677422
2696	0.002918216394
2697	0.001755333788
2698	0.002319125258
2699	0.002333245844
2700	0.002171634102
2701	0.0005038604645
2702	0.003199308503
2703	0.001988573412
2704	0.003847299775
2705	0.002134648236
2706	0.009071400751
2707	0.001374867553
2708	0.003396176588
2709	0.004870933211
2710	0.001085487634
2711	0.001377301656
2712	0.003139903009
2713	0.007074090817
2714	0.002789787286
2715	0.001854506309
2716	0.002454858299
2717	0.0008162101365
2718	0.0005432672123
2719	4.853617563e-05
2720	0.0001451393902
2721	0.0002938030466
2722	0.007987014677
2723	0.003687609825
2724	0.0007052678183
2725	0.0007618685531
2726	0.002442912601
2727	0.002728429229
2728	0.006818689599
2729	0.001581849195
2730	0.009680763359
2731	0.00382503516
2732	0.003661410627
2733	0.00340098158
2734	0.001105989761
2735	0.007195520174
2736	0.001819691953
2737	0.005615871001
2738	0.0003671058554
2739	0.004123867769
2740	0.003129091073
2741	0.002946814368
2742	0.0008246471162
2743	0.005726555639
2744	0.006892679286
2745	0.004461841566
2746	0.004094112584
2747	0.003315081853
2748	0.004310361223
2749	0.001207929838
2750	0.001376477865
2751	0.001136779155
2752	0.0007270134484
2753	0.00258096568
2754	0.002299367914
2755	0.005669524231
2756	0.004520954352
2757	0.006126178575
2758	1.816530089e-07
2759	2.997275217e-06
2760	0.001817484721
2761	0.0035859471
2762	0.004778808924
2763	0.003695288126
2764	0.003203156187
2765	0.00234841775
2766	0.001081998985
2767	0.001451287099
2768	0.004872575034
2769	6.935786525e-05
2770	0.008696944965
2771	0.004294017345
2772	0.01129428762
2773	0.00514535531
2774	0.002184687876
2775	0.003789090297
2776	0.002704713411
2777	0.004991952841
2778	0.00330220874
2779	0.003698957622
2780	0.003207503909
2781	0.001166573352
2782	0.0005936750154
2783	0.006383986728
2784	0.002056210806
2785	0.003464889409
2786	0.001720118288
2787	0.00209414233
2788	0.001551563272
2789	0.004957697309
2790	0.002148088776
2791	0.0009252667972
2792	0.0004171363064
2793	0.00735464699
2794	0.00443722702
2795	0.002140478557
2796	0.005203792782
2797	0.003292783106
2798	0.002126937485
2799	0.002479475851
2800	0.002629089376
2801	0.004361802902
2802	0.002290559423
2803	0.002309786998
2804	0.004166562566
2805	0.006767740115
2806	0.002741426463
2807	0.006195682203
2808	0.002458905077
2809	0.002090480395
2810	0.00587060634
2811	0.003954860127
2812	0.002168887144
2813	0.002684031782
2814	0.003265813241
2815	0.005214236595
2816	0.001172761415
2817	0.002799856138
2818	0.006233144602
2819	0.003029228617
2820	0.002255161637
2821	0.001881548983
2822	0.003695027913
2823	0.001152114783
2824	0.007545013462
2825	3.362997041e-05
2826	7.969831972e-05
2827	0.0001134968367
2828	0.002602593904
2829	0.0008352909282
2830	0.001956459126
2831	0.002645497334
2832	0.004955902296
2833	0.005344789341
2834	0.006104270154
2835	0.0006125504934
2836	0.004651808574
2837	0.002961530958
2838	0.001838158436
2839	0.002975967312
2840	0.0008395018427
2841	0.0003620173524
2842	0.0007030908767
2843	0.003941248884
2844	0.001250079664
2845	0.0008964855008
2846	0.006395363986
2847	0.001184542879
2848	0.005679231441
2849	0.001554909036
2850	0.002898354255
2851	1.36239782e-05
2852	1.36239782e-05
2853	0.004293141173
2854	0.001620695886
2855	3.360581287e-06
2856	2.724796019e-07
2857	0.01514440016
2858	3.620988182e-06
2859	0.002837154563
2860	0.003540109504
2861	0.001989431026
2862	0.005237438469
2863	0.000161952574
2864	0.01073054381
2865	2.171705375e-05
2866	0.004239988529
2867	0.002473515453
2868	0.001228220646
2869	0.002037732552
2870	0.0003255920376
2871	0.0001834168559
2872	0.008334585607
2873	0.003934417885
2874	0.002196110283
2875	1.07175295e-05
2876	1.171662127e-05
2877	0.004471694446
2878	0.0005108594417
2879	0.0007967714453
2880	0.01072980885
2881	8.485971702e-05
2882	0.0009532704357
2883	0.003253139305
2884	0.00024966105
2885	0.001506665585
2886	0.003367327564
2887	0.00419613275
2888	0.002898236596
2889	0.002508592169
2890	0.0005013332475
2891	0.004411001104
2892	0.002747344468
2893	0.002435387087
2894	0.004497592385
2895	0.003361985015
2896	0.001665895603
2897	0.001533181555
2898	0.003730250975
2899	0.002143766563
2900	0.00321253432
2901	0.004980855539
2902	0.0004603007207
2903	0.001283938679
2904	0.00950243865
2905	0.002106472839
2906	0.007116548961
2907	2.818880481e-05
2908	0.002852370214
2909	0.001645214709
2910	0.008925110979
2911	0.001166775659
2912	0.0120263331
2913	0.00668664144
2914	0.009156208751
2915	0.0009261530866
2916	1.634877387e-06
2917	1.634877387e-06
2918	0.006397711409
2919	0.00181761361
2920	0.003817037084
2921	0.003417560086
2922	0.001455311792
2923	5.70996036e-05
2924	2.179836512e-06
2925	2.179836512e-06
2926	0.006774005539
2927	0.004399262036
2928	8.446866489e-06
2929	8.446866489e-06
2930	0.002100598767
2931	0.005519213363
2932	0.007362841454
2933	0.009124013582
2934	0.003702928235
2935	0.002306331597
2936	0.003400060614
2937	9.994341621e-05
2938	3.180699566e-05
2939	0.005787984128
2940	0.004113094816
2941	0.00160749702
2942	0.004007969928
2943	0.00599342504
2944	0.004562616605
2945	0.004426152779
2946	0.001737781656
2947	0.003455259425
2948	0.002106590999
2949	5.140781126e-06
2950	1.553133519e-05
2951	0.005025727753
2952	0.0009325733014
2953	0.003528149534
2954	0.004755079881
2955	0.005745427375
2956	0.003848990591
2957	0.007469090788
2958	0.0006403610591
2959	0.0001819810221
2960	0.0002173441704
2961	0.003189041117
2962	0.002213346207
2963	0.003380525097
2964	0.004898990148
2965	0.002907204766
2966	0.005614866746
2967	0.004088193176
2968	0.008984115692
2969	0.007913143977
2970	0.001506952711
2971	0.003331751443
2972	0.002894542637
2973	0.0006561984742
2974	0.00108441079
2975	0.004856594911
2976	0.007496092482
2977	0.002755520858
2978	0.001441145493
2979	0.008933188204
2980	0.001633056486
2981	0.0008110046713
2982	0.0008370322513
2983	0.001494644452
2984	0.00683285203
2985	0.004698501852
2986	0.001525999708
2987	0.003570088835
2988	0.01026284681
2989	0.0001929252084
2990	0.001428061165
2991	0.001781284979
2992	0.004858899355
2993	0.004027219729
2994	0.00414529014
2995	0.003653211593
2996	0.004709801322
2997	0.003339748863
2998	0.001273402449
2999	0.005216166136
3000	0.001010721764
3001	0.00223173228
3002	0.0006775696398
3003	0.002164539684
3004	0.003930432882
3005	0.003811173465
3006	0.002798174673
3007	0.001513835433
3008	0.002426329389
3009	0.006459656477
3010	0.005880068789
3011	0.002450734884
3012	0.003898715952
3013	0.004404076261
3014	0.001268957644
3015	0.003116608829
3016	0.001767302763
3017	0.00259505917
3018	0.006313294436
3019	0.003044181997
3020	0.001426700255
3021	0.001538038153
3022	0.005050490506
3023	0.003450858593
3024	0.004213605459
3025	0.0003496869346
3026	0.002037207816
3027	0.002752578253
3028	3.923705723e-06
3029	7.356948179e-06
3030	0.004397636258
3031	0.002190585942
3032	0.002377409131
3033	0.0005810070079
3034	0.002504836464
3035	0.002042676147
3036	0.003015808364
3037	0.004716313201
3038	0.004423643097
3039	0.003301750584
3040	0.01182017078
3041	0.0003360572707
3042	0.003613601819
3043	0.004304043981
3044	0.001028419947
3045	0.001143674619
3046	0.007993233215
3047	0.003153909795
3048	0.005008009185
3049	0.001765078842
3050	0.0005428989462
3051	0.002792845606
3052	0.00486180771
3053	0.001096672307
3054	0.004696117399
3055	0.0002387716133
3056	0.0001030242022
3057	0.0008304162957
3058	0.001035230354
3059	0.003562474686
3060	0.0006986747272
3061	0.003651552671
3062	0.000824549711
3063	1.262488647e-05
3064	1.498637603e-05
3065	1.335149864e-05
3066	1.335149864e-05
3067	0.002948842391
3068	0.001775051484
3069	0.01041221856
3070	0.001660606938
3071	0.0005662826975
3072	0.0004237201846
3073	0.006470918842
3074	6.679738671e-06
3075	0.003411971748
3076	0.01024592909
3077	0.00567845585
3078	0.003410769094
3079	0.001458768773
3080	0.002289560709
3081	0.002755629684
3082	0.0001354878477
3083	0.003127703725
3084	0.004205143085
3085	0.00378063979
3086	0.003731043842
3087	0.003228376546
3088	0.005775337256
3089	0.002013280667
3090	0.001737961715
3091	0.006841215519
3092	0.001380990893
3093	0.002873683119
3094	0.001882251927
3095	0.001164906572
3096	0.002280749335
3097	1.226158038e-05
3098	1.226158038e-05
3099	0.0005086584996
3100	0.003571622161
3101	0.003353311203
3102	0.003635962634
3103	0.001579535281
3104	0.001130760918
3105	0.001292007088
3106	0.001588613921
3107	0.0002129907196
3108	0.001221376745
3109	0.000415438366
3110	0.002551075935
3111	0.002374686893
3112	0.00297608666
3113	0.003513676531
3114	0.0004628265696
3115	0.00149242854
3116	0.006139467852
3117	0.000204138752
3118	0.003668582498
3119	0.001560524859
3120	0.0002392389515
3121	0.0009951856706
3122	0.00773450056
3123	0.002598319656
3124	0.0004684900968
3125	0.001656420339
3126	0.003303433982
3127	1.04450682e-14
3128	0.001348954355
3129	0.003188048545
3130	0.003830950999
3131	0.002551831823
3132	0.002457965948
3133	0.002028604194
3134	0.003165571
3135	2.689886896e-06
3136	1.716086022e-05
3137	0.005266913867
3138	0.001927644509
3139	0.000600140003
3140	8.174386926e-07
3141	8.174386926e-07
3142	0.0008881905154
3143	0.004707555961
3144	0.005062092931
3145	0.002832035164
3146	0.001279748012
3147	0.0008521045447
3148	0.005060022318
3149	0.003846688722
3150	0.002448270241
3151	0.0005233243765
3152	0.003054725948
3153	0.002468326072
3154	0.009560674322
3155	0.002427520526
3156	0.004149660788
3157	0.00449744216
3158	0.0003344225467
3159	0.003656966911
3160	0.000969632347
3161	8.452987034e-06
3162	9.199749654e-06
3163	0.005526941317
3164	0.002694859283
3165	0.00309834099
3166	0.002583325884
3167	0.004230477218
3168	1.362397823e-06
3169	1.362397823e-06
3170	0.001664454124
3171	0.001135288619
3172	2.844428307e-05
3173	0.002239815825
3174	0.001721594327
3175	0.0009063936165
3176	0.003027512336
3177	1.362397819e-06
3178	1.362397819e-06
3179	0.007301625725
3180	0.003907684003
3181	0.004593179095
3182	0.0048390902
3183	0.0006083808821
3184	0.006817243025
3185	0.001361391299
3186	0.000191650621
3187	0.005481426947
3188	0.001333474773
3189	0.002845974865
3190	0.001196264538
3191	0.004008741448
3192	0.002353497429
3193	0.0003197957717
3194	0.001576175375
3195	0.002225904259
3196	0.004377445327
3197	0.003365325226
3198	0.002043495049
3199	0.001921087424
3200	0.001927897792
3201	0.002679219563
3202	0.001638477145
3203	0.004346519392
3204	0.001543373892
3205	0.002085569537
3206	0.0002958307503
3207	0.004021496755
3208	0.002009806555
3209	0.004048468607
3210	0.002356169892
3211	0.0001737931377
3212	0.001474942152
3213	0.001715188554
3214	0.0001868545506
3215	0.002760527617
3216	0.002057358811
3217	0.003182689213
3218	0.004238939584
3219	1.938780567e-05
3220	0.005300088618
3221	0.001661098967
3222	6.267029976e-06
3223	6.267029976e-06
3224	0.001366603625
3225	1.205723022e-05
3226	0.001069286295
3227	0.0002266525339
3228	0.004093389669
3229	1.907356916e-06
3230	1.907356916e-06
3231	1.653042689e-06
3232	0.004035958164
3233	0.0006667471662
3234	0.001618691981
3235	0.002568331139
3236	0.0004381647229
3237	0.0003530540941
3238	0.001841798851
3239	0.001000947272
3240	0.004677129051
3241	0.001211741437
3242	0.002712568662
3243	0.002084955591
3244	0.0004848145303
3245	0.0004516652956
3246	0.003999823839
3247	0.005103897008
3248	0.006248859203
3249	0.0008894115775
3250	0.0008508126446
3251	0.003499143135
3252	0.0002612703386
3253	0.003199096395
3254	0.0004841178239
3255	0.005991227948
3256	0.001847507406
3257	6.539509576e-06
3258	6.539509576e-06
3259	0.002795234782
3260	7.084468662e-06
3261	7.084468662e-06
3262	0.0003805834842
3263	0.002543318243
3264	0.001617398441
3265	0.008968454125
3266	0.004773211658
3267	2.612597821e-06
3268	0.0003608323092
3269	0.009064893704
3270	5.722070842e-06
3271	5.722070842e-06
3272	0.006938862619
3273	0.007683362935
3274	0.002032306056
3275	0.001352457946
3276	0.007030578937
3277	0.003287114569
3278	0.002688483712
3279	0.005401704987
3280	0.00223733454
3281	0.002171281321
3282	0.009332207277
3283	0.003463806679
3284	0.0005645039315
3285	0.003265740524
3286	0.0005196307345
3287	0.002948656233
3288	0.002937635775
3289	0.001083682041
3290	0.001990736213
3291	0.006086543835
3292	0.001924459637
3293	0.005657318039
3294	0.001198290564
3295	0.003002168708
3296	0.003919677127
3297	0.003724763448
3298	0.0004836663247
3299	0.003051997135
3300	0.0002946600206
3301	0.001793019011
3302	0.00040253036
3303	0.003153529553
3304	0.0007648644205
3305	0.001919879015
3306	0.001968057816
3307	0.003014519354
3308	0.003280567951
3309	0.003759440106
3310	0.004053004503
3311	0.0003951814519
3312	0.002887415217
3313	0.002287367815
3314	0.002981336912
3315	0.006075635736
3316	0.0009666250302
3317	0.004616073666
3318	0.006066335287
3319	0.00426256244
3320	0.0009600553193
3321	0.006054471632
3322	0.004118164885
3323	2.616417675e-06
3324	0.01130739363
3325	0.00241869216
3326	0.002023798636
3327	0.003763168221
3328	0.001308382537
3329	0.002548859342
3330	0.0001275137542
3331	7.804801149e-05
3332	0.003216705922
3333	0.007014881867
3334	0.0003030162872
3335	0.004567698616
3336	0.004407117237
3337	8.78146473e-05
3338	0.005707215866
3339	0.001605720357
3340	0.0034108762
3341	0.001397907691
3342	0.001472620099
3343	0.008671750944
3344	0.003443349741
3345	0.003669972625
3346	0.003472699206
3347	0.001463714581
3348	0.003418533063
3349	0.001322832327
3350	0.004295762669
3351	0.001380634329
3352	0.006410928466
3353	0.002896940326
3354	0.001067481964
3355	0.001244387856
3356	0.004025206008
3357	1.362397855e-06
3358	1.362397855e-06
3359	0.001429926483
3360	0.001737555865
3361	0.002492182667
3362	0.004755650391
3363	0.009192068628
3364	0.006508953714
3365	0.004171002671
3366	0.002885847968
3367	0.004284390913
3368	0.0009629470246
3369	0.003099533584
3370	0.002480173071
3371	0.005430526255
3372	0.000654491524
3373	0.001069129633
3374	0.003652946206
3375	0.001112818276
3376	0.000450791678
3377	0.002694555824
3378	0.001891980612
3379	0.0004245505419
3380	0.000687279404
3381	0.003090494758
3382	0.001780644078
3383	0.001028516621
3384	0.0007404096852
3385	0.0006222661527
3386	0.0002517809288
3387	3.269754772e-06
3388	3.269754772e-06
3389	0.006550938481
3390	0.004750839044
3391	0.005390068832
3392	0.006837210633
3393	0.001569467203
3394	0.004364263461
3395	9.164929469e-06
3396	0.008928699011
3397	1.099000909e-05
3398	3.269754753e-06
3399	0.001739277415
3400	0.004001764929
3401	0.001960893091
3402	0.004991043984
3403	0.006145775469
3404	0.001092112133
3405	0.001184231958
3406	0.0004462015081
3407	0.0008655297188
3408	0.001403046161
3409	0.001042069307
3410	0.002729610761
3411	0.002656332207
3412	0.0005595663187
3413	0.0004910223765
3414	0.001008790988
3415	0.006008958145
3416	0.002169222277
3417	0.004986073757
3418	0.006847614074
3419	0.006399831179
3420	0.004921707487
3421	0.00225993853
3422	0.00409279979
3423	0.0002264541958
3424	0.00333014353
3425	0.001679778539
3426	0.002061746132
3427	0.002114487586
3428	0.003985013476
3429	0.004642948994
3430	0.004752339723
3431	0.003618211318
3432	0.00769049945
3433	0.0009460677863
3434	0.0006294130306
3435	0.0009538824889
3436	0.003912543292
3437	0.0005038674311
3438	0.00329146658
3439	8.685349105e-05
3440	0.006051795002
3441	0.003687638069
3442	0.002117711229
3443	0.003677194852
3444	0.004258965162
3445	0.004491979184
3446	0.002664684952
3447	0.004423272986
3448	0.00439620087
3449	0.0001460647047
3450	0.00414659317
3451	0.001534482101
3452	0.01121080523
3453	0.000622635792
3454	0.009092088993
3455	0.003094230309
3456	0.003421754976
3457	0.005156646585
3458	0.001509698308
3459	0.004053102838
3460	0.003261530324
3461	0.0002564601381
3462	0.004564063205
3463	0.002771175374
3464	0.001425123345
3465	0.002010986914
3466	0.001292777816
3467	0.003756213299
3468	0.0006286112744
3469	0.000526612335
3470	0.004391546942
3471	0.004076378912
3472	0.001163130111
3473	0.003266083655
3474	8.991825613e-06
3475	8.991825613e-06
3476	6.588087182e-05
3477	0.003161656378
3478	0.001628132111
3479	0.003493018874
3480	0.002255664368
3481	0.001477427626
3482	0.009289067607
3483	0.006025538092
3484	0.0002706732445
3485	0.003601467979
3486	0.001758056988
3487	1.634877387e-06
3488	1.634877387e-06
3489	0.003949440853
3490	5.540417801e-06
3491	4.359673001e-06
3492	0.001357874879
3493	0.003848547017
3494	0.006098193241
3495	0.0001848213397
3496	0.001949521803
3497	0.008679158536
3498	0.004639978005
3499	0.003049779593
3500	0.01138287955
3501	0.000139097825
3502	0.005248741899
3503	0.004871876793
3504	0.0007294413417
3505	2.179836513e-06
3506	2.179836513e-06
3507	0.00155752499
3508	0.005217276647
3509	0.001165437146
3510	0.0008820521585
3511	0.002533468554
3512	0.0007276720532
3513	0.0001658228073
3514	0.006593436516
3515	0.0003347054448
3516	0.001396776544
3517	0.005835837772
3518	0.0002780774752
3519	2.193617244e-05
3520	0.002620390147
3521	0.003305363057
3522	1.406799594e-05
3523	0.002505583693
3524	0.002187686017
3525	0.0003727961319
3526	0.0009963505806
3527	0.003770748381
3528	0.002195475931
3529	0.00301200701
3530	0.0007747717866
3531	0.0006721281473
3532	0.003183784104
3533	0.002312717099
3534	0.0006888452305
3535	0.0009415469139
3536	0.003572485008
3537	6.499668649e-05
3538	0.003703534466
3539	1.138025588e-05
3540	0.00464329656
3541	0.001940891465
3542	0.002164741992
3543	0.004547426885
3544	2.596110296e-05
3545	0.00231123792
3546	0.003341653918
3547	0.006714943648
3548	0.00205403544
3549	0.001200011542
3550	0.001548560811
3551	0.002246702477
3552	0.005193559739
3553	0.006285279158
3554	0.001544359879
3555	0.001578210991
3556	0.002371567278
3557	0.005667542584
3558	0.008269757746
3559	0.00266340879
3560	0.003250740162
3561	0.00352339294
3562	0.005174546303
3563	0.003951126025
3564	0.001818945123
3565	0.002010778811
3566	0.0002673385669
3567	0.001611307042
3568	0.00323023302
3569	0.004476601167
3570	0.007450247067
3571	0.006137453435
3572	0.004223026458
3573	0.002682080896
3574	4.087193462e-06
3575	4.087193462e-06
3576	0.0009690539084
3577	0.000598786297
3578	6.174143897e-05
3579	0.006811726317
3580	0.002618081864
3581	0.003028083741
3582	0.00248711637
3583	0.003190931764
3584	0.004583741128
3585	0.0009351640588
3586	0.002428428179
3587	0.01382305954
3588	0.003069112134
3589	0.0001354520068
3590	0.003020705981
3591	0.004918654208
3592	0.004780363679
3593	0.0002731230151
3594	0.002177915807
3595	0.002170349834
3596	0.002913302067
3597	0.01177236141
3598	0.005689500526
3599	0.002937223881
3600	0.002380834747
3601	0.003229576912
3602	0.002584104403
3603	3.445000656e-05
3604	0.00793476371
3605	3.814713896e-06
3606	3.814713896e-06
3607	0.005946658629
3608	0.002235899153
3609	0.001339353225
3610	0.005084592819
3611	0.0008021295487
3612	0.00325476545
3613	0.003536517323
3614	0.003044563439
3615	0.004812206226
3616	1.417475655e-05
3617	0.002967043024
3618	0.002046619812
3619	0.000952494334
3620	0.003216812337
3621	0.002053640567
3622	0.002092114663
3623	0.001514935824
3624	0.001465794052
3625	0.002143076183
3626	0.001408875848
3627	3.529821617e-05
3628	0.001994199594
3629	0.003268174468
3630	0.002429035139
3631	0.001166821777
3632	0.00554333925
3633	0.0001049996354
3634	0.0007463529007
3635	0.004105347301
3636	0.004394613469
3637	0.0001285560031
3638	0.0001019206031
3639	0.0002481461899
3640	0.008602719448
3641	0.002537028016
3642	0.002210955225
3643	0.003447275675
3644	0.00638322337
3645	0.001417947691
3646	0.01078341464
3647	1.302775652e-05
3648	0.0005053285542
3649	0.002038246603
3650	0.0007211639152
3651	0.003158689238
3652	0.006423383045
3653	3.614895572e-06
3654	0.001595326085
3655	2.34299608e-05
3656	0.005737959155
3657	0.007351719196
3658	0.004138148887
3659	2.452316116e-06
3660	2.452316116e-06
3661	0.00201479485
3662	0.0007712849582
3663	0.001687474862
3664	0.002322431313
3665	0.001704920578
3666	0.0012830707
3667	0.01356688145
3668	1.798293136e-05
3669	0.001851011
3670	4.480775053e-06
3671	0.0004884365247
3672	0.002529052662
3673	0.003549812151
3674	0.002187748541
3675	0.0003460493805
3676	0.002327601496
3677	0.00315729723
3678	0.006952989892
3679	0.005256002513
3680	0.003345251833
3681	0.001651805267
3682	0.01050327252
3683	0.003448562146
3684	3.949719067e-05
3685	3.816622066e-05
3686	0.004534163248
3687	0.002426303462
3688	0.003789377468
3689	0.005588480149
3690	5.014263296e-05
3691	0.0008049068467
3692	0.0009662046421
3693	0.001292590201
3694	0.002481612171
3695	0.002614120712
3696	0.002068984476
3697	0.0009162350653
3698	0.008023089828
3699	0.0004595981518
3700	0.002437035135
3701	0.0005285767441
3702	0.00185632561
3703	0.006457681592
3704	0.01178254025
3705	0.002128994578
3706	0.00136559691
3707	0.007125086425
3708	0.002110063935
3709	0.0005494815427
3710	0.001633984762
3711	0.001163583632
3712	4.13078637e-05
3713	0.0005779135321
3714	0.0035077427
3715	0.002134229014
3716	0.001384632868
3717	0.001725570265
3718	0.001612626221
3719	0.004608986446
3720	0.003277618115
3721	0.001686503196
3722	0.001804253
3723	0.003545580628
3724	0.00415362061
3725	0.01081889373
3726	8.174386925e-06
3727	8.174386925e-06
3728	1.008174387e-05
3729	1.008174387e-05
3730	0.001472532498
3731	6.742815245e-06
3732	0.0006030311408
3733	0.003913185414
3734	0.007175106348
3735	0.005868133829
3736	0.0002550569734
3737	0.006796211103
3738	7.53410646e-05
3739	3.83720423e-06
3740	0.001680033899
3741	0.004193314076
3742	0.0009066005251
3743	0.002695283821
3744	0.001291719966
3745	0.001726865585
3746	0.006465181819
3747	0.008420361686
3748	1.307901905e-05
3749	1.307901905e-05
3750	0.002174032954
3751	7.05065451e-07
3752	0.003089158595
3753	0.001203441552
3754	0.004630496912
3755	0.0004895422904
3756	0.006809631654
3757	0.01020000544
3758	0.004590365935
3759	0.003267251055
3760	0.002951554995
3761	0.003631249951
3762	0.005429081079
3763	0.0008268380286
3764	0.002414974535
3765	0.00829885181
3766	0.001038733795
3767	0.000185992895
3768	0.007092516596
3769	0.00281121763
3770	4.359673023e-06
3771	4.359673023e-06
3772	0.001124604235
3773	0.005037222104
3774	0.003842459067
3775	0.004460807224
3776	9.824402087e-06
3777	8.174386952e-07
3778	8.174386952e-07
3779	0.0006044501095
3780	0.002459692222
3781	0.0005112039242
3782	0.001795774016
3783	0.0002827459826
3784	0.001612949925
3785	0.001934924398
3786	0.003174125681
3787	0.003822048542
3788	6.267029976e-06
3789	6.267029976e-06
3790	0.003661732051
3791	2.447509793e-05
3792	0.001931253574
3793	0.007115504638
3794	0.004261818673
3795	0.005937520016
3796	0.005863915909
3797	0.002819512893
3798	0.004404365063
3799	0.007403144081
3800	0.002234288489
3801	0.003806739376
3802	0.0002614081945
3803	0.001757104821
3804	0.003246062047
3805	5.994550371e-06
3806	0.002329848428
3807	0.003239104375
3808	0.0004358583782
3809	0.002127811205
3810	0.007227424861
3811	0.007806156331
3812	0.003928161095
3813	0.006703267187
3814	0.007787084459
3815	0.004426885173
3816	1.63487738e-06
3817	8.174386921e-06
3818	0.002407287921
3819	0.002156314152
3820	0.004924324918
3821	0.0004712134121
3822	0.008328771663
3823	0.006837276023
3824	0.003847775514
3825	0.0008456555632
3826	0.0004431031357
3827	0.002997409778
3828	0.003403244081
3829	0.003130462729
3830	0.0006616705365
3831	0.005229761575
3832	0.002518356875
3833	0.002747994984
3834	0.00062068727
3835	0.0001878502187
3836	0.002742351353
3837	2.997275247e-06
3838	2.997275247e-06
3839	0.0003043643969
3840	0.001311200095
3841	0.00703525049
3842	0.003286153543
3843	0.004626211126
3844	0.001748636851
3845	0.008887826282
3846	0.008988860911
3847	0.002414608975
3848	0.0004135660392
3849	0.009152950787
3850	0.002527498606
3851	0.0001343634291
3852	0.001341580556
3853	0.00188725363
3854	0.0006877444569
3855	0.0006493625185
3856	0.002703015542
3857	0.001329653933
3858	0.0005551872224
3859	0.002838878335
3860	0.001588736088
3861	0.0002504773696
3862	0.001167881323
3863	0.002824366098
3864	0.0001372263065
3865	0.003737122784
3866	0.002287956313
3867	0.001034544031
3868	0.003619537037
3869	0.00700876192
3870	0.00206720718
3871	0.003260223361
3872	0.001450873078
3873	1.089918256e-06
3874	0.001672553362
3875	0.0002232212785
3876	0.001612317205
3877	0.0004871247344
3878	0.0008568283655
3879	0.002860460168
3880	4.870896586e-06
3881	0.01649304598
3882	4.48732708e-05
3883	0.004884366824
3884	0.0009000363449
3885	0.004196827016
3886	0.003433717828
3887	0.002176535436
3888	0.0001440075806
3889	7.7801025e-06
3890	0.002131004805
3891	0.005032653652
3892	0.002020743749
3893	0.0005618991042
3894	0.001319474653
3895	0.002415382281
3896	0.0006055293852
3897	0.0006390067669
3898	1.81653042e-07
3899	4.359673022e-06
3900	0.0009878723819
3901	0.006665223213
3902	0.002378215803
3903	0.004712497129
3904	0.01507924
3905	0.0007219793323
3906	0.008045545775
3907	0.001978402113
3908	0.004065660322
3909	0.001496285841
3910	0.005635670464
3911	4.087193458e-06
3912	4.087193458e-06
3913	0.003864319449
3914	0.004785331297
3915	4.980478137e-05
3916	0.002600569189
3917	2.146024974e-05
3918	0.00079134443
3919	0.00198351707
3920	0.003873343796
3921	0.007080637838
3922	0.003784496901
3923	0.006471587354
3924	0.0002808107007
3925	3.292891003e-06
3926	0.0004364638011
3927	0.001803912709
3928	3.913954659e-06
3929	0.001512545558
3930	0.01163228426
3931	0.006301845476
3932	8.738709007e-05
3933	0.001495508959
3934	0.0001947243529
3935	3.97534651e-05
3936	0.000649317596
3937	0.005952473567
3938	0.001674337916
3939	0.001583593747
3940	1.634610012e-05
3941	0.004625115984
3942	0.0001226556201
3943	0.01057545588
3944	0.006435014123
3945	0.0005306500681
3946	0.002209220727
3947	0.003055097124
3948	0.0009634838377
3949	0.001640320085
3950	0.001103675546
3951	1.991582263e-05
3952	0.004450639953
3953	0.01019195842
3954	0.003971761388
3955	0.001402892277
3956	6.195253248e-05
3957	0.004052542908
3958	0.0004456692392
3959	0.002433727648
3960	0.002322865393
3961	0.001945586806
3962	0.0009724847825
3963	0.002116171366
3964	0.0001120600681
3965	5.177111717e-06
3966	1.362397853e-06
3967	0.002873682861
3968	0.003349211652
3969	0.003873024862
3970	0.0003353245439
3971	0.0009865092227
3972	0.009643337356
3973	0.002024011241
3974	0.007059817917
3975	0.002172308616
3976	0.001223684849
3977	8.174386744e-07
3978	8.174386744e-07
3979	0.0009037417046
3980	0.003312345832
3981	1.531962289e-05
3982	4.318801137e-06
3983	0.003005761141
3984	0.0009489066499
3985	0.0005167602798
3986	0.004572125293
3987	0.00408089741
3988	0.001224923696
3989	0.003263091176
3990	0.001425662343
3991	0.002775435026
3992	0.004017406037
3993	0.001508691116
3994	0.007085278079
3995	0.001002841766
3996	4.385356177e-06
3997	0.0008292843065
3998	0.003870196826
3999	0.002030389064
4000	0.0006682521297
4001	0.001152735819
4002	0.0005647125948
4003	0.003430583564
4004	0.001930008619
4005	0.007845819242
4006	0.005231221417
4007	0.005484844096
4008	0.002201829494
4009	0.00938058199
4010	0.0005674781559
4011	0.0009191896067
4012	0.002419732085
4013	0.0003678731014
4014	0.0006817181152
4015	2.089009992e-06
4016	2.997275157e-06
4017	0.002418079994
4018	0.003990148701
4019	0.001583257942
4020	0.002937587301
4021	0.003690583833
4022	0.002550504806
4023	0.001624987686
4024	0.001951305259
4025	0.001140228401
4026	1.607629431e-05
4027	2.99727522e-06
4028	0.0007925115478
4029	0.001351846861
4030	0.007203996876
4031	0.0003708928107
4032	0.005954581555
4033	0.002471393783
4034	0.003604539591
4035	0.003799900813
4036	0.004100751319
4037	0.0004974413148
4038	1.634877385e-06
4039	0.003399798414
4040	0.003454355616
4041	0.005057206059
4042	6.056019492e-05
4043	0.00233395637
4044	0.008429564997
4045	0.001742798991
4046	0.003296648445
4047	0.004418537023
4048	0.0004978904979
4049	1.453224338e-06
4050	8.174386922e-06
4051	0.008588585558
4052	0.01175813814
4053	0.002626547548
4054	0.0007571715716
4055	0.0001101011723
4056	0.0007974789984
4057	0.0006748812967
4058	0.002804023043
4059	0.005436621105
4060	0.002033740245
4061	0.002160956638
4062	0.004170553982
4063	0.003199381844
4064	0.004236676085
4065	0.007284525074
4066	0.008607244223
4067	0.004319395451
4068	0.0004493786266
4069	0.000449280777
4070	0.000909509878
4071	0.001134094045
4072	2.895656287e-05
4073	0.001813912021
4074	0.001751916296
4075	0.0003393591059
4076	0.002932125582
4077	0.001514640979
4078	0.0009093678669
4079	0.003364192752
4080	0.004152008213
4081	0.00283569113
4082	4.087193461e-06
4083	4.087193461e-06
4084	0.006705644395
4085	0.003756589026
4086	0.004005659137
4087	0.003457422113
4088	0.004276476617
4089	0.00381796201
4090	0.004718962095
4091	0.005983835114
4092	0.0009704419146
4093	0.001138961053
4094	0.002925060192
4095	0.001082629769
4096	0.003864792436
4097	0.001268649785
4098	0.001700313738
4099	0.003290820213
4100	0.002296396382
4101	8.0835604e-06
4102	2.45231608e-05
4103	0.0007379234801
4104	0.005396068335
4105	5.722070842e-06
4106	4.632152585e-06
4107	0.001123084871
4108	0.002268174879
4109	0.004157913634
4110	0.003656773796
4111	0.002107292354
4112	0.0006722338837
4113	0.001712998364
4114	0.002895032464
4115	0.0007052055976
4116	0.004313183696
4117	0.003662312216
4118	0.003616523972
4119	0.001850530841
4120	0.006164497949
4121	1.326067212e-06
4122	0.001007471084
4123	0.0005932061006
4124	0.00147505432
4125	0.005170969938
4126	0.001734769814
4127	0.002350572437
4128	0.002922700215
4129	0.000317192518
4130	0.003074185851
4131	0.009378522066
4132	0.005763045174
4133	0.005806080506
4134	0.004992695459
4135	0.004763833584
4136	0.002712320197
4137	0.008594054037
4138	0.001163816525
4139	0.002248099325
4140	0.005504938527
4141	0.00181906002
4142	0.002132758788
4143	0.005353865123
4144	0.00227021365
4145	0.0008848288029
4146	0.0009330056631
4147	0.002778875029
4148	0.005708995698
4149	0.0003215954285
4150	0.0007774958933
4151	1.345308042e-05
4152	0.00301795608
4153	0.00881586363
4154	0.006028819733
4155	0.005507831987
4156	0.001041202878
4157	0.0028953899
4158	0.005020410773
4159	0.0007715131628
4160	0.00191723884
4161	0.007752818908
4162	0.004290225447
4163	0.01180811415
4164	0.0004450767925
4165	1.362397816e-05
4166	1.362397816e-05
4167	0.00086531775
4168	0.006686749423
4169	0.005670271061
4170	0.007613032782
4171	0.0005823366644
4172	0.007306143477
4173	0.01057761168
4174	7.08446867e-06
4175	1.525885559e-05
4176	8.047229768e-06
4177	1.035422346e-05
4178	0.001881893287
4179	0.00371890225
4180	0.001102509146
4181	0.001787026381
4182	0.001078993164
4183	0.00020602776
4184	0.009215328039
4185	1.327578647e-05
4186	6.605605437e-05
4187	1.566626365e-06
4188	0.004092618676
4189	0.008938010669
4190	0.00402343327
4191	7.901907352e-06
4192	7.901907352e-06
4193	0.001059037088
4194	0.002756778599
4195	0.001257658516
4196	0.007643682163
4197	0.001267806603
4198	0.00297147813
4199	0.004070865782
4200	0.013624636
4201	0.003410693886
4202	0.006126463226
4203	0.00142746315
4204	0.0006809545397
4205	0.005596483106
4206	0.002607882135
4207	0.003101630746
4208	0.004435694682
4209	0.00302588355
4210	0.008631142175
4211	0.002905966853
4212	0.002169574433
4213	0.002733046583
4214	0.004263066863
4215	0.00249124552
4216	0.002957453724
4217	0.001568464701
4218	0.003433770522
4219	0.002066969197
4220	0.005232620575
4221	0.001753782989
4222	0.001984343188
4223	0.003407463883
4224	0.006434915509
4225	0.002672351918
4226	0.004461895856
4227	3.404562783e-05
4228	0.007003971023
4229	0.004454452699
4230	0.001138647196
4231	0.003607970109
4232	0.003023503272
4233	0.0005393890975
4234	2.046481525e-05
4235	0.002503025217
4236	0.001624770924
4237	0.001906212744
4238	0.0001531756521
4239	0.002274558948
4240	0.004536189749
4241	0.003697175738
4242	0.001420917622
4243	1.232409745e-06
4244	0.0009270955045
4245	0.006808836136
4246	0.004775150555
4247	0.00196535014
4248	0.003752121805
4249	0.002525293315
4250	0.0008584475852
4251	0.0006168213757
4252	0.008545267666
4253	0.01050712112
4254	0.000329654506
4255	1.253405992e-05
4256	5.812897339e-06
4257	0.002526622253
4258	0.004547118437
4259	0.004632787856
4260	0.0007226058873
4261	0.002745203958
4262	0.001990788736
4263	0.007653404169
4264	0.0003013447077
4265	0.004594527246
4266	0.001450954795
4267	0.002460284068
4268	0.0004565019777
4269	0.001250799848
4270	0.001380021776
4271	0.007711199842
4272	0.001577076136
4273	0.00574279131
4274	0.002363757367
4275	0.0006631459564
4276	2.900195484e-05
4277	0.002736872011
4278	0.0004090633977
4279	2.353071294e-05
4280	0.004052083759
4281	0.002854415158
4282	0.01027115228
4283	0.002425939887
4284	0.005196293096
4285	0.001722173247
4286	0.0008606752371
4287	0.002973956801
4288	0.001829732415
4289	1.099000912e-05
4290	1.089918253e-05
4291	0.003563229623
4292	0.003449464402
4293	0.005486587566
4294	0.006829545321
4295	0.002516406316
4296	0.004197681535
4297	0.003140921741
4298	0.001214153159
4299	1.962649521e-05
4300	0.00335705827
4301	0.003491454121
4302	0.0001177321087
4303	0.003278626119
4304	0.0005230593421
4305	0.0006058616759
4306	0.002452920668
4307	0.001109949782
4308	0.006290454815
4309	0.001868240975
4310	0.001867048237
4311	0.001244497034
4312	0.002126375109
4313	0.003699396923
4314	2.720903082e-06
4315	0.001914132683
4316	0.0002553176494
4317	0.000177843192
4318	0.003784471912
4319	0.001484489425
4320	0.0003202822924
4321	0.0002765413214
4322	0.01116930337
4323	0.002859709407
4324	0.0006308463705
4325	0.00308846033
4326	0.0009720572209
4327	0.0002324297744
4328	0.001237969508
4329	0.001763834294
4330	0.001464394094
4331	0.001925426598
4332	0.006229935591
4333	0.006564618491
4334	0.003863053041
4335	0.0008714605962
4336	0.0004020636995
4337	0.006603316169
4338	0.004995598927
4339	0.009042961647
4340	0.01200354259
4341	0.001408483009
4342	0.003474792706
4343	0.003700872408
4344	0.0002197874916
4345	0.002307082677
4346	0.002939684607
4347	0.004812106095
4348	0.002067697614
4349	0.0001012465002
4350	0.001673135724
4351	0.002034666807
4352	0.0001401805776
4353	0.006470175708
4354	0.003216262359
4355	0.009035204285
4356	0.01060486483
4357	0.0004924148322
4358	0.006282920869
4359	0.00363705757
4360	0.002770811284
4361	0.001905493347
4362	0.004296124584
4363	0.002669326664
4364	0.000596842008
4365	0.007278891835
4366	0.0080786227
4367	0.001847731634
4368	0.002205601437
4369	4.904632151e-06
4370	4.904632151e-06
4371	2.059945504e-05
4372	3.542234366e-06
4373	1.255222521e-05
4374	0.003828373379
4375	0.0008835160365
4376	0.0022148803
4377	0.002460590397
4378	0.004782085564
4379	0.00207803461
4380	1.401212398e-05
4381	0.004389770402
4382	0.004218474412
4383	0.001959904973
4384	0.001557620662
4385	0.0005440314652
4386	0.0004425006601
4387	0.001393150822
4388	0.00397462288
4389	0.003383653456
4390	0.002073985522
4391	0.001465821705
4392	2.886974923e-05
4393	0.004382251776
4394	0.005291035564
4395	0.006434317673
4396	0.01340689104
4397	0.00247204055
4398	0.01000948087
4399	0.007926426688
4400	0.00151459009
4401	0.004932998756
4402	4.125434076e-06
4403	9.279246047e-07
4404	0.005931129009
4405	0.005359673527
4406	0.001463405046
4407	0.003259088983
4408	0.004488534346
4409	0.004157774809
4410	0.001508151486
4411	0.001981485348
4412	0.003134118182
4413	0.002645037747
4414	0.003272450781
4415	0.004204126901
4416	0.008607924423
4417	0.002565753406
4418	0.004275385711
4419	0.004829795654
4420	0.001377152869
4421	2.718425993e-06
4422	0.005774047534
4423	0.00308437897
4424	0.002677267146
4425	0.003688948905
4426	0.002765381861
4427	0.002212793442
4428	0.002655920759
4429	0.002208744706
4430	0.006680032709
4431	0.009639833748
4432	0.001575209987
4433	0.003387490074
4434	0.002492860564
4435	8.174387401e-07
4436	2.03757084e-05
4437	0.00324452058
4438	0.003484440361
4439	0.002435787672
4440	0.000688363316
4441	0.005446465292
4442	0.01649652917
4443	0.004483228212
4444	4.359673061e-07
4445	0.001245443559
4446	0.004826492112
4447	0.003120437288
4448	0.00216897027
4449	0.001656493516
4450	0.003696408826
4451	2.999612502e-05
4452	0.005665299468
4453	0.001986841521
4454	1.907356952e-06
4455	1.907356952e-06
4456	0.003628852091
4457	0.001477756357
4458	0.001444700557
4459	0.0001142753941
4460	0.0003352311375
4461	0.003976846734
4462	0.002786995992
4463	0.002444634218
4464	0.001098702608
4465	0.0016924381
4466	0.0009105430278
4467	0.01737946021
4468	0.001742345749
4469	0.0003311839143
4470	0.0006032294296
4471	0.006512173478
4472	0.001725436416
4473	3.920688825e-05
4474	0.002157269836
4475	0.009015989317
4476	0.002170160133
4477	0.002705409157
4478	0.002507805283
4479	0.006531470269
4480	0.003789665594
4481	0.001146019046
4482	0.004818526922
4483	6.539509534e-06
4484	6.539509534e-06
4485	0.002968387603
4486	0.000236069969
4487	0.002079643584
4488	0.004581273776
4489	0.00217444922
4490	0.005438254765
4491	0.00639486039
4492	0.001127314636
4493	0.003787680216
4494	0.003345656803
4495	0.0008346399906
4496	0.003306404539
4497	0.001665468679
4498	0.002956269396
4499	0.002799553157
4500	0.0009000802323
4501	0.003970707565
4502	0.002436370389
4503	0.001577503842
4504	0.000944104338
4505	1.062670299e-05
4506	1.062670299e-05
4507	0.0004721565826
4508	0.00709116589
4509	0.0008943018315
4510	0.004306043614
4511	0.002344211139
4512	0.009468131281
4513	0.00252322584
4514	0.004914306271
4515	0.005248298866
4516	1.558583106e-05
4517	0.0006481990613
4518	0.003627601024
4519	0.005250777551
4520	0.001541745432
4521	0.001784335509
4522	0.0005862881947
4523	0.001206501846
4524	0.001348682105
4525	0.0002740233647
4526	0.009087111864
4527	0.006587119736
4528	0.00935184726
4529	0.00453439259
4530	0.001333452168
4531	0.001501174399
4532	0.003397324758
4533	0.002290661781
4534	0.001431075195
4535	0.0008423917012
4536	1.069936421e-05
4537	0.001347179556
4538	0.005150959812
4539	0.003466870101
4540	0.005993728868
4541	0.0007044963127
4542	0.004414792422
4543	0.00162468922
4544	0.006485527316
4545	4.105115601e-05
4546	0.004925765857
4547	0.002993597947
4548	0.003492733893
4549	0.001535801261
4550	0.003496060234
4551	0.001065205837
4552	0.002740103595
4553	0.004428717888
4554	0.001048094252
4555	0.003317431497
4556	0.0009148159065
4557	0.0005110902541
4558	0.0006700923526
4559	0.004702376455
4560	0.004601662388
4561	4.803756794e-06
4562	0.002039715641
4563	1.117166212e-05
4564	1.117166212e-05
4565	0.0008512980759
4566	0.001522309178
4567	0.005204363269
4568	0.0005701556532
4569	0.007773695537
4570	0.002492465345
4571	0.002242371953
4572	0.001969671813
4573	0.006524991388
4574	0.00115297502
4575	0.0009351697285
4576	0.002684170409
4577	0.001529439568
4578	0.0004629435301
4579	0.00308967408
4580	0.003052230789
4581	0.0002397596787
4582	0.005803348066
4583	0.001097990585
4584	0.004929802878
4585	0.0008629032973
4586	0.001588834614
4587	0.003969705562
4588	1.36239782e-05
4589	0.003185937523
4590	0.004690066948
4591	0.003182776581
4592	0.005384308531
4593	0.0004998300554
4594	0.0007288869733
4595	0.00316815314
4596	0.002519583454
4597	0.0002792957984
4598	0.003916071227
4599	0.0005049078143
4600	0.0003136042537
4601	0.00111075089
4602	3.783585825e-05
4603	0.004439816224
4604	7.815496843e-07
4605	0.001771870388
4606	0.003280211414
4607	0.001801933867
4608	0.0007652880858
4609	0.002744836044
4610	0.00017791534
4611	0.002147597446
4612	0.006451418881
4613	0.005468755127
4614	0.007676916142
4615	0.001437668205
4616	0.002121080137
4617	0.003507417916
4618	0.001775416681
4619	0.006169256619
4620	0.001151104057
4621	0.002399697188
4622	0.002753396083
4623	0.0006291599532
4624	0.00301965538
4625	0.005084421076
4626	0.001031859997
4627	0.004305741292
4628	0.004274042929
4629	0.003969256009
4630	2.542452461e-05
4631	0.003473935198
4632	0.001831467106
4633	0.0005589190991
4634	0.003509322242
4635	3.814713855e-06
4636	3.814713855e-06
4637	0.001720533364
4638	0.003462057133
4639	0.001404228333
4640	0.0005878285008
4641	2.822888284e-05
4642	1.144414169e-05
4643	1.144414169e-05
4644	0.002684828168
4645	0.007197505848
4646	0.0001436157773
4647	4.632152592e-06
4648	4.632152592e-06
4649	0.002663459849
4650	0.002519206111
4651	0.002495017518
4652	0.002093500677
4653	0.003480620578
4654	0.001990102508
4655	0.003605653055
4656	0.001458043164
4657	0.0008296756505
4658	0.0003431439849
4659	0.003274066299
4660	0.0007971067714
4661	0.0001322011844
4662	0.003209986476
4663	0.009313377211
4664	2.122834804e-05
4665	5.136238441e-06
4666	0.003898294369
4667	0.001760430042
4668	0.001724783897
4669	0.00434645051
4670	0.001621498302
4671	0.0006215722523
4672	0.00346254885
4673	0.001772499645
4674	0.001464916386
4675	0.01025843509
4676	0.004553018759
4677	0.01073955655
4678	0.003469952417
4679	0.0003898235956
4680	0.001964301148
4681	0.002493921284
4682	0.0002235062278
4683	0.00741659891
4684	0.003822917876
4685	0.001549836808
4686	0.004340338508
4687	0.001322121947
4688	0.003273218472
4689	0.01253278985
4690	0.01341403408
4691	0.001512120265
4692	0.001936224391
4693	0.004378420262
4694	0.003329974989
4695	0.003589811136
4696	0.005761944219
4697	0.005113659736
4698	0.004710372491
4699	0.0006459889001
4700	0.003040095914
4701	0.0007577566031
4702	0.003066709941
4703	0.002875999581
4704	0.006505970874
4705	0.003924593464
4706	0.004258589496
4707	4.192588116e-05
4708	0.002103791084
4709	0.001619920994
4710	0.007005297787
4711	0.002545207394
4712	0.005896979354
4713	0.005815265848
4714	0.0005745706159
4715	0.002377205279
4716	0.0005926066019
4717	0.007396876028
4718	4.18315542e-05
4719	0.0004629999748
4720	0.001299607387
4721	0.001013762189
4722	0.001556949053
4723	3.061788953e-05
4724	0.005070498165
4725	0.001282043584
4726	3.841630789e-05
4727	0.005434315243
4728	0.001518182409
4729	8.419954294e-06
4730	0.01057859434
4731	0.003440535289
4732	0.003315300474
4733	0.0114605125
4734	0.003223264182
4735	8.258401446e-06
4736	1.230245234e-05
4737	0.001034205719
4738	4.978154328e-05
4739	0.008801407522
4740	0.001272129114
4741	0.000997790827
4742	0.009000678209
4743	0.002337475242
4744	0.0009074935662
4745	0.002156209716
4746	0.004069853039
4747	0.002406078607
4748	0.001513609987
4749	0.003457105731
4750	0.007978348169
4751	3.584881823e-06
4752	0.002670254909
4753	0.00217164441
4754	0.00274107573
4755	0.000464857991
4756	0.005867810063
4757	3.148550516e-05
4758	0.0008710154075
4759	4.632152586e-06
4760	4.632152586e-06
4761	0.0009789706962
4762	0.002289796686
4763	0.006520749423
4764	0.004680659206
4765	0.000472441845
4766	0.001686818463
4767	0.0002321962959
4768	0.00210841115
4769	0.005541401998
4770	0.002155777473
4771	0.001973567994
4772	0.00589022598
4773	0.004140563166
4774	0.002873803453
4775	0.005498461493
4776	0.002408445655
4777	0.004796991852
4778	0.001146639137
4779	0.00461105303
4780	0.0003784889853
4781	3.651507443e-05
4782	0.0006448229316
4783	0.00419673925
4784	0.001849325696
4785	0.002020127585
4786	0.002963876784
4787	0.007139984673
4788	0.00434207319
4789	0.003334728741
4790	0.006506906851
4791	0.002836478097
4792	0.001068555489
4793	0.003348828091
4794	0.006251638308
4795	3.951704685e-05
4796	0.003238075726
4797	0.001947496679
4798	0.004636295224
4799	0.005787439817
4800	0.002920760032
4801	0.0008556455291
4802	0.003027046436
4803	2.673523876e-06
4804	0.007699591422
4805	0.001723399212
4806	0.002522835776
4807	0.003770471888
4808	0.006260160992
4809	0.000261926808
4810	0.003347972211
4811	0.004783544825
4812	0.00673964289
4813	0.002166582408
4814	0.001206485152
4815	0.000442384922
4816	4.123280329e-05
4817	0.004407971477
4818	0.001914875036
4819	0.003906608736
4820	0.002131049476
4821	1.366628527e-05
4822	5.177111754e-06
4823	0.0007508697479
4824	0.00143403441
4825	0.00718688545
4826	0.002030597509
4827	3.655461065e-05
4828	0.0002362542003
4829	0.002273337063
4830	0.01808936183
4831	2.361489553e-06
4832	1.362397824e-06
4833	1.053587647e-05
4834	8.174386879e-06
4835	0.009766408634
4836	0.005603942235
4837	0.005816248751
4838	2.143126306e-05
4839	0.0005671408443
4840	0.0006034904827
4841	0.009908610958
4842	0.004799532564
4843	0.001315374217
4844	0.004312555016
4845	0.005315092444
4846	0.004127949341
4847	0.004787877843
4848	0.004140205994
4849	0.000750366269
4850	0.001488714095
4851	0.0105839417
4852	0.00194018922
4853	0.001504325017
4854	5.231320337e-06
4855	0.003651193573
4856	0.003704903449
4857	0.002973593686
4858	0.005244532987
4859	0.004901296438
4860	0.002398584107
4861	0.002339619377
4862	0.001025507631
4863	7.715929201e-06
4864	0.003872748454
4865	0.002167124705
4866	0.004906441752
4867	0.0005122901003
4868	0.003130955648
4869	0.003443432515
4870	0.005550970362
4871	0.003574093905
4872	0.0124047989
4873	0.0005573922061
4874	0.005106384102
4875	0.007621418856
4876	0.00054511286
4877	0.0005312597361
4878	0.002823543552
4879	7.10263397e-06
4880	1.307901907e-05
4881	0.000432112018
4882	0.004661270323
4883	0.001545164623
4884	0.0001954258005
4885	0.0004418019913
4886	0.002893035574
4887	0.001220822147
4888	0.003673807312
4889	0.002116229248
4890	0.0003770467574
4891	0.0004092951449
4892	0.009421648413
4893	0.005952557564
4894	0.0006888333774
4895	0.003874994751
4896	0.003696475872
4897	0.007638049406
4898	0.001771992111
4899	0.001987517437
4900	0.003159345398
4901	1.30048611e-05
4902	0.000299625918
4903	0.005774417137
4904	0.0001114701959
4905	5.332832761e-05
4906	0.003053705941
4907	0.006550782281
4908	2.061762036e-05
4909	0.0001561090276
4910	0.0006914276899
4911	0.01084541641
4912	0.00360642542
4913	0.003606391417
4914	0.0001628747743
4915	0.004149089173
4916	0.0001676220166
4917	0.003287434462
4918	0.004146216171
4919	0.002672155225
4920	0.004209829583
4921	1.396068508e-05
4922	0.006117652976
4923	0.001445794023
4924	0.0009772274373
4925	4.886466853e-06
4926	3.814713899e-06
4927	2.997275253e-06
4928	2.997275253e-06
4929	0.002941000027
4930	0.003440278424
4931	0.003416585636
4932	0.0002746543405
4933	0.0006204245137
4934	0.000225386511
4935	0.00117870506
4936	0.01292770255
4937	0.001854035331
4938	0.0006899240367
4939	0.0004424823222
4940	2.179836495e-06
4941	2.179836495e-06
4942	0.001645025404
4943	0.002821333676
4944	0.001434736634
4945	0.001612441921
4946	0.0006004872949
4947	0.005076617251
4948	0.004856249679
4949	0.01068194293
4950	0.003596829983
4951	0.00290763206
4952	0.004844601126
4953	0.007164316856
4954	0.004650901908
4955	0.003045297653
4956	0.002542384684
4957	0.0008349842341
4958	0.008690055551
4959	0.01831396571
4960	0.002705168442
4961	0.01033403351
4962	0.003578323246
4963	0.001830967906
4964	0.009821926793
4965	0.002431880263
4966	0.0007275050655
4967	0.0008470273905
4968	0.0003252676219
4969	0.0008065022143
4970	0.00195762488
4971	0.008552638416
4972	0.003544785925
4973	0.005089532763
4974	0.001888990494
4975	0.0002805322627
4976	0.0009817641802
4977	0.0008117806187
4978	0.0003932925285
4979	0.004979758941
4980	1.144197916e-05
4981	0.002460053533
4982	0.002592299564
4983	0.004657406479
4984	0.001408821822
4985	0.007677784666
4986	0.001179102743
4987	0.0002907371965
4988	6.519083929e-05
4989	0.004469796864
4990	0.0009877580298
4991	0.003493294655
4992	0.002748051998
4993	0.0001178544771
4994	0.005528516696
4995	0.006645710238
4996	0.007024442324
4997	0.003063947987
4998	0.005050667887
4999	0.001720615204
5000	0.0003428526668
5001	0.001054609955
5002	0.003660418145
5003	0.001118121336
5004	0.001569344497
5005	1.822857275e-05
5006	0.005823722258
5007	0.003378894482
5008	0.004307300193
5009	0.0006765502669
5010	0.0007080064793
5011	0.001787781296
5012	1.171662125e-05
5013	1.180744777e-05
5014	0.003379822877
5015	0.006184182863
5016	0.001364656995
5017	0.002102069112
5018	0.006165253296
5019	0.001483077209
5020	0.002074835635
5021	0.003906906704
5022	0.0003694701158
5023	0.0003915078545
5024	0.0009982149207
5025	0.005442538515
5026	0.004887922778
5027	0.0008082798883
5028	0.001165830253
5029	0.006676178575
5030	0.0111996539
5031	0.0006128022853
5032	0.003896138522
5033	0.006102762516
5034	0.0009817245106
5035	0.003337063864
5036	0.002439263107
5037	0.001816827801
5038	0.002692526153
5039	0.001669200914
5040	0.006530485677
5041	0.00172575143
5042	0.005466954271
5043	0.002306291868
5044	0.003392416784
5045	0.0003956410759
5046	0.001126409393
5047	0.001511657816
5048	0.005253173988
5049	0.002298779919
5050	0.00510559969
5051	0.004510048546
5052	0.0008172786068
5053	0.002722021249
5054	0.0007770300091
5055	0.0003741700696
5056	0.0047603185
5057	0.00179966456
5058	0.00102811703
5059	0.0006416553864
5060	0.004238071257
5061	0.00202846062
5062	0.005974833871
5063	0.0008965389505
5064	1.853796519e-05
5065	0.0002015700946
5066	0.001134687894
5067	0.001904338414
5068	0.0009247050442
5069	0.007796837004
5070	0.002108369405
5071	0.002894938782
5072	0.00663232191
5073	0.003366532921
5074	0.000297928852
5075	0.003350114696
5076	0.001893226361
5077	0.003295668525
5078	0.0003425799616
5079	0.0008271370009
5080	0.0005195505859
5081	0.003973122121
5082	0.004180014361
5083	0.002520595564
5084	0.002393792524
5085	0.002925950252
5086	0.00140195322
5087	6.801273249e-05
5088	0.009704735038
5089	0.007657827975
5090	0.003049705333
5091	0.0005205322955
5092	0.005084258086
5093	0.002007644251
5094	0.002098642132
5095	0.002290360531
5096	0.007499480071
5097	0.00112899528
5098	0.0008061239846
5099	0.001795600567
5100	0.001698052265
5101	0.004244483804
5102	0.003103041206
5103	0.005213177126
5104	0.001769050432
5105	0.001449458674
5106	0.001809880713
5107	0.00361597922
5108	7.093490884e-05
5109	0.0001319285109
5110	0.004335552504
5111	0.004735713102
5112	0.008889349499
5113	1.634877382e-06
5114	1.634877382e-06
5115	0.0008399911679
5116	0.002296143723
5117	8.719346051e-06
5118	8.719346051e-06
5119	0.002702332541
5120	0.001746320207
5121	2.361489594e-06
5122	2.99727525e-06
5123	0.0004331037431
5124	1.502481611e-05
5125	0.002127140252
5126	0.003555134153
5127	7.213446641e-05
5128	0.009652432066
5129	1.144414169e-05
5130	1.144414169e-05
5131	0.002266853384
5132	0.003680545669
5133	0.004408075861
5134	0.0001090572021
5135	0.005163106881
5136	0.001732003474
5137	0.0007761599701
5138	0.002852294784
5139	0.009786981997
5140	0.003039056924
5141	7.662646051e-05
5142	0.0008450199384
5143	0.001079649283
5144	0.004703252715
5145	0.0001886875239
5146	0.003593403998
5147	0.001088263196
5148	0.0002245742314
5149	7.629427776e-06
5150	7.629427776e-06
5151	0.0001159963142
5152	5.407817409e-05
5153	0.005206335427
5154	0.006926128703
5155	0.005801492495
5156	0.003279178174
5157	1.242506817e-05
5158	1.362397822e-06
5159	1.362397822e-06
5160	0.005996290626
5161	0.003096985197
5162	0.005811530487
5163	0.002838434418
5164	0.00362777061
5165	0.005515081165
5166	0.006847348735
5167	0.006034847181
5168	0.0005930463992
5169	0.002303770579
5170	0.002858405396
5171	0.00759391346
5172	0.004294914572
5173	4.724630213e-05
5174	0.001484599698
5175	0.008033681754
5176	0.001731874544
5177	0.0007248387713
5178	1.611013455e-05
5179	0.001558908812
5180	0.002359567844
5181	0.002712602292
5182	0.00108838698
5183	0.00207702878
5184	0.003870404304
5185	9.082652433e-07
5186	8.174386981e-07
5187	0.001696794743
5188	0.007542380984
5189	0.007386617162
5190	0.003397495102
5191	0.001208427527
5192	0.002312645867
5193	2.440793531e-05
5194	0.0008675266474
5195	0.0005314302191
5196	0.007504625808
5197	0.003197873014
5198	0.0001361538519
5199	0.002158767436
5200	0.002361738798
5201	0.003477271175
5202	0.0006275304772
5203	0.003624349803
5204	0.001279967546
5205	0.004930346869
5206	0.001542498958
5207	0.002936821063
5208	0.005912563477
5209	0.003368965853
5210	0.006525560984
5211	0.008686374627
5212	0.0007074459918
5213	1.306880934e-05
5214	0.01172415023
5215	0.001168336943
5216	0.002550382461
5217	0.005443701161
5218	0.0009115236709
5219	0.003543949943
5220	0.006695022874
5221	0.001701335803
5222	0.002461180287
5223	0.001444184816
5224	0.0005372310775
5225	0.0006065177998
5226	0.002651717069
5227	0.002174357382
5228	0.002443761058
5229	0.0005647204839
5230	0.006457167694
5231	0.002051890336
5232	0.003973122289
5233	0.002380349039
5234	0.002132097277
5235	0.004436312361
5236	0.002739245293
5237	0.001159564198
5238	0.003361011328
5239	0.0002236551722
5240	0.006006809301
5241	0.001427428355
5242	0.002915047416
5243	0.002980879983
5244	0.0008003806214
5245	0.004207778523
5246	0.009595662274
5247	0.006309245953
5248	0.006464566742
5249	0.0004617458258
5250	0.0005078854235
5251	0.007970032813
5252	9.990917384e-07
5253	4.632152603e-06
5254	3.474114397e-06
5255	0.005277635562
5256	0.002335836679
5257	0.003891087181
5258	0.0003568936655
5259	0.003947143937
5260	0.001827775132
5261	0.001143548039
5262	0.007740116068
5263	0.003368795229
5264	0.003719980977
5265	0.0005800394643
5266	0.003427417956
5267	0.006341197288
5268	0.002136711155
5269	0.001787256178
5270	0.0002867824305
5271	0.003208457789
5272	0.001118265435
5273	5.449591267e-07
5274	5.449591267e-07
5275	0.006991399604
5276	0.0004000112799
5277	0.004757990893
5278	0.0006500051472
5279	0.002244591096
5280	0.005691371155
5281	0.00171014824
5282	0.0021364371
5283	0.000628693348
5284	0.009557929372
5285	0.00599562294
5286	0.01084927281
5287	0.0004619808524
5288	0.00190119787
5289	0.0008218750162
5290	0.001874968749
5291	8.58607377e-05
5292	0.004390780648
5293	0.0007300779402
5294	0.004719537933
5295	0.007743924274
5296	0.007284134559
5297	0.0003656249898
5298	0.001492133681
5299	4.118503354e-06
5300	0.0005366056418
5301	0.0005846053673
5302	0.008865241538
5303	6.176203475e-06
5304	0.007931135091
5305	0.001931501586
5306	0.0007420513235
5307	0.0003676035128
5308	0.003856204038
5309	0.002897841422
5310	0.005880885527
5311	0.0008495271265
5312	0.003428466213
5313	0.001948697833
5314	2.096276113e-05
5315	0.003284707295
5316	0.002326854872
5317	0.008074382038
5318	0.003392998149
5319	1.907356951e-06
5320	1.907356951e-06
5321	0.005274279897
5322	0.002958222052
5323	0.00183642868
5324	0.007505261274
5325	0.006547890752
5326	0.009679781192
5327	0.001906551257
5328	0.002310474058
5329	0.0005081756801
5330	0.007890284071
5331	0.0002138614237
5332	0.001973971946
5333	0.004257210317
5334	7.901907374e-06
5335	7.901907374e-06
5336	0.001028169659
5337	0.0009015076482
5338	0.003343060907
5339	0.007553147151
5340	4.029174581e-05
5341	0.004257520921
5342	0.001113911051
5343	0.01021468379
5344	0.005808381319
5345	4.904632187e-06
5346	4.904632187e-06
5347	0.001682849928
5348	0.003194047958
5349	0.002882609609
5350	0.0003077773278
5351	0.0008173589209
5352	0.006548108219
5353	0.000317365749
5354	0.004484917846
5355	1.037628131e-05
5356	0.00205279956
5357	0.004947866406
5358	0.001069682669
5359	0.000337508814
5360	0.003129433299
5361	0.003346455669
5362	0.002825577478
5363	2.546643372e-05
5364	0.0005887401218
5365	0.004867416056
5366	0.0008009773189
5367	0.006349802028
5368	0.004187021736
5369	0.0003042961127
5370	0.005333067873
5371	0.004674036484
5372	0.01141970098
5373	0.002547322256
5374	0.001606378694
5375	0.0005999228529
5376	0.0009465010805
5377	6.866068034e-05
5378	0.0005819742412
5379	0.001916057374
5380	0.009629208159
5381	0.003168272074
5382	0.0003269980043
5383	0.002205153056
5384	0.0003384755947
5385	0.001387589647
5386	0.004202155363
5387	0.009759020629
5388	0.0008341019736
5389	0.002896529896
5390	0.0003455249733
5391	0.0009434673132
5392	0.0006512024435
5393	0.001241400979
5394	0.001352457816
5395	0.002149593511
5396	2.863323077e-05
5397	0.002477012831
5398	0.00300646226
5399	0.005264343293
5400	0.0003865463802
5401	0.006277502697
5402	1.089918253e-06
5403	0.008273078648
5404	0.002864985025
5405	0.001918534815
5406	0.00719089154
5407	0.0003875574553
5408	0.001517859611
5409	0.007474123913
5410	6.829751725e-05
5411	0.0001161013577
5412	0.001262572604
5413	0.004382062468
5414	0.002829960463
5415	0.001968097907
5416	0.008195466617
5417	0.005627875392
5418	0.000337719928
5419	0.001916412191
5420	4.250432811e-05
5421	0.002684437622
5422	0.006051277508
5423	0.003060080253
5424	0.008140741144
5425	0.004890299089
5426	0.00430316503
5427	0.001563893821
5428	0.001512760951
5429	6.176203454e-06
5430	0.003841700604
5431	0.00155848373
5432	0.001734261121
5433	0.000198969556
5434	0.0006285138629
5435	1.689373297e-05
5436	1.689373297e-05
5437	0.008453850156
5438	0.0001652806378
5439	0.0001577105649
5440	7.356948229e-06
5441	7.356948229e-06
5442	0.001234827657
5443	0.003626567679
5444	0.001594257442
5445	0.0008798866074
5446	0.0003058047201
5447	2.906448637e-06
5448	0.001881490964
5449	0.001085871934
5450	0.002776458787
5451	0.003538712993
5452	0.004274437121
5453	6.539509539e-06
5454	6.539509539e-06
5455	0.00384090382
5456	1.544050863e-05
5457	0.003701622222
5458	0.001125729051
5459	0.007169998101
5460	2.081961321e-05
5461	0.003205894694
5462	0.00358814822
5463	0.008660373235
5464	0.0008346896838
5465	0.003051587232
5466	0.004734277456
5467	0.004850047294
5468	0.01028280417
5469	0.006612198427
5470	4.767971962e-06
5471	0.00567617249
5472	8.321613699e-05
5473	0.00148499045
5474	0.0001639867767
5475	0.001245529694
5476	0.004299429229
5477	0.0006888821643
5478	0.01039324868
5479	0.000752457156
5480	0.0004447868057
5481	0.004665778071
5482	0.005713307409
5483	0.005883169137
5484	0.004388721433
5485	0.01018488025
5486	4.527970002e-05
5487	0.001922169758
5488	0.001399296101
5489	0.001530483614
5490	0.002288394766
5491	0.001590539933
5492	0.0003272186816
5493	0.0006309946161
5494	0.002497677835
5495	0.0003740287566
5496	0.0009347563845
5497	0.001558662965
5498	0.002662627329
5499	0.009302596077
5500	0.003425723665
5501	0.001968827577
5502	0.001447952654
5503	0.01098899294
5504	0.001929064559
5505	0.01011447883
5506	0.006764350419
5507	0.01209407165
5508	0.005685853223
5509	0.001375469504
5510	0.001435841349
5511	0.002347379483
5512	0.006326556519
5513	0.002520255465
5514	3.633060851e-07
5515	0.003802393124
5516	0.008778978216
5517	0.0004360358627
5518	1.798365122e-05
5519	1.798365122e-05
5520	0.0005060204101
5521	0.0007176650419
5522	0.0009469937207
5523	1.716621253e-05
5524	1.716621253e-05
5525	0.003691851527
5526	0.002869920812
5527	0.002588927961
5528	0.003748540451
5529	0.0003643504378
5530	0.0004362042723
5531	0.003181168377
5532	0.005844211871
5533	0.003137072432
5534	0.0003980086325
5535	0.002218741836
5536	0.002659020924
5537	0.006435369102
5538	1.214480342e-05
5539	0.00122577233
5540	0.005764310116
5541	0.008091620653
5542	0.004242682485
5543	0.0002099620861
5544	0.0001119123011
5545	0.004508026016
5546	0.0130141822
5547	1.217449827e-05
5548	0.001883652251
5549	0.006153509163
5550	0.005326022887
5551	5.358764761e-06
5552	0.004128953909
5553	1.743869209e-05
5554	1.743869209e-05
5555	0.005689288967
5556	0.005021176106
5557	0.001764989192
5558	0.005912978956
5559	1.0899183e-06
5560	0.01195524795
5561	0.003258251385
5562	0.006450423365
5563	0.003766334129
5564	0.003940315067
5565	6.862090714e-05
5566	0.003946271531
5567	0.0004116496719
5568	0.002586682686
5569	0.003707642713
5570	0.001757515389
5571	0.007318549965
5572	0.0009094693919
5573	1.226158038e-05
5574	1.226158038e-05
5575	3.178928247e-06
5576	0.001011126722
5577	0.001555007054
5578	1.634877387e-06
5579	1.634877387e-06
5580	7.736584498e-05
5581	0.005759856133
5582	0.008570689835
5583	0.004916317535
5584	0.005181869396
5585	0.00685975098
5586	0.001674461291
5587	0.0007018676541
5588	0.00249329396
5589	0.001302118497
5590	7.266121713e-07
5591	2.724795641e-06
5592	0.009223725677
5593	0.001966978163
5594	0.009250722031
5595	0.007017490967
5596	0.003228782717
5597	0.001891741752
5598	0.002548221847
5599	0.003711429036
5600	0.0009305728908
5601	0.003942052606
5602	0.001243227471
5603	0.001741369299
5604	1.380563137e-06
5605	0.0001437811902
5606	0.004444430578
5607	6.830154407e-06
5608	0.007504514889
5609	0.00148880919
5610	0.002836442233
5611	0.002031851037
5612	0.0007500004494
5613	0.003464844209
5614	0.001625258785
5615	0.001922992128
5616	0.003349945294
5617	0.002798302634
5618	0.005049678622
5619	0.0009698638315
5620	0.0007927298962
5621	0.004127375044
5622	0.0023656111
5623	0.002977165449
5624	0.003324447186
5625	0.001801211137
5626	0.00182404237
5627	0.004860494545
5628	0.001861633853
5629	0.003807558912
5630	1.907356951e-06
5631	1.907356951e-06
5632	0.001559034011
5633	3.115156216e-05
5634	5.548252121e-05
5635	0.001079252893
5636	0.01129784811
5637	0.004364280766
5638	0.007295707259
5639	0.001202213455
5640	0.002723718863
5641	1.035422343e-05
5642	6.539509564e-06
5643	0.005967741269
5644	0.0008434143802
5645	2.532649691e-06
5646	3.36245747e-05
5647	0.001725038336
5648	0.002196339156
5649	0.002230955906
5650	8.721154714e-06
5651	0.004839214569
5652	0.002192133283
5653	0.001181073965
5654	0.0004552520977
5655	0.003321679866
5656	0.002170899798
5657	0.002784666655
5658	0.002035284132
5659	0.000132134698
5660	0.002545995918
5661	0.003693138478
5662	0.00406945891
5663	0.005026715443
5664	3.117992219e-06
5665	0.002326614834
5666	0.002125981154
5667	0.003223891212
5668	0.001160481768
5669	0.002530629469
5670	0.002291787266
5671	0.003015250951
5672	0.001878456083
5673	0.0003140998112
5674	0.003203440232
5675	5.968707402e-05
5676	0.003137647909
5677	0.003903011038
5678	0.0003647712353
5679	0.004383316009
5680	0.003434724009
5681	0.001115414447
5682	0.003548556569
5683	0.002847715464
5684	0.001061926931
5685	0.002072762325
5686	0.001085628093
5687	0.007913381545
5688	2.94452139e-06
5689	0.002659105295
5690	0.00212633278
5691	0.001214385264
5692	0.005332339759
5693	0.003736146143
5694	0.004799002789
5695	0.004678833304
5696	0.00269144004
5697	0.0002434917435
5698	1.271571299e-06
5699	1.907356947e-06
5700	0.002758127239
5701	0.005471878814
5702	0.001708931941
5703	0.003323590802
5704	0.005550095376
5705	3.011901815e-06
5706	0.001960572976
5707	0.0003826754653
5708	0.003717798202
5709	0.001059901366
5710	0.001462695746
5711	0.005328582138
5712	0.00154277897
5713	0.00262056132
5714	0.005506684682
5715	0.000330831118
5716	0.01053763298
5717	0.006207800763
5718	0.000293983196
5719	1.010013085e-05
5720	0.00174702934
5721	8.089890451e-06
5722	0.001120107302
5723	0.0005042401524
5724	0.001925687073
5725	0.002594563082
5726	0.0009520989355
5727	0.0004651449574
5728	0.003507825147
5729	0.001556553065
5730	0.0001168367423
5731	0.003639339299
5732	0.001437263795
5733	0.00809062336
5734	0.003557066617
5735	0.002125715652
5736	0.0007163809367
5737	0.004064341794
5738	0.001252127224
5739	5.449591264e-07
5740	5.449591264e-07
5741	0.0006024921788
5742	0.002001383752
5743	0.0001058208076
5744	0.005625880492
5745	0.0009328081746
5746	0.0009280884111
5747	0.003384040464
5748	0.006180169313
5749	0.0003833518686
5750	0.004949617417
5751	0.002407968032
5752	0.002433323604
5753	0.002814812094
5754	0.0008141536681
5755	0.007760992301
5756	0.0007049174201
5757	0.002065624976
5758	0.01251520485
5759	0.0004420136187
5760	0.004055026208
5761	0.0002975784882
5762	0.009132979645
5763	0.00359933265
5764	0.009097326897
5765	0.001258702399
5766	0.002767753822
5767	0.0003295291143
5768	0.002927224572
5769	1.843267278e-07
5770	0.003257091773
5771	0.001681036647
5772	5.994550414e-06
5773	1.226158036e-05
5774	6.630336021e-06
5775	0.002933416
5776	0.004999638616
5777	0.009297883815
5778	0.002445379722
5779	0.0004736488047
5780	1.471389641e-06
5781	0.003530372226
5782	0.004148543816
5783	0.001298789074
5784	0.005317388344
5785	5.322434147e-06
5786	1.362397854e-06
5787	0.0006219047034
5788	0.003373451138
5789	0.002807546525
5790	0.0003394797633
5791	0.0001532462796
5792	0.001105103619
5793	3.756871971e-05
5794	0.002284110971
5795	0.005675244702
5796	0.004313951742
5797	1.562216177e-06
5798	6.537392116e-05
5799	0.002427870309
5800	0.0002423780951
5801	0.005230024814
5802	0.0007131066265
5803	0.005436355285
5804	0.005178335467
5805	0.001166627688
5806	0.003640316557
5807	0.0004024507484
5808	0.001233499473
5809	4.813805659e-06
5810	0.004852173508
5811	0.0003159177441
5812	0.002009253116
5813	3.46153772e-05
5814	0.0021277881
5815	0.0007965184218
5816	0.00221018726
5817	0.00512072849
5818	0.0005722110402
5819	4.24152409e-05
5820	0.001188899354
5821	0.007772622996
5822	5.770344842e-05
5823	0.004678754379
5824	0.0003278356111
5825	9.173478627e-06
5826	1.525885556e-05
5827	0.006076748426
5828	0.005364520618
5829	4.499743067e-05
5830	0.006220418457
5831	0.004998948968
5832	0.002966125908
5833	0.002425437882
5834	0.003825419948
5835	0.002351632914
5836	4.530080879e-06
5837	0.002125936346
5838	0.001696281142
5839	0.002470898322
5840	0.004200220852
5841	0.00162581825
5842	0.001135318336
5843	0.002156952432
5844	0.007854968878
5845	0.006745480458
5846	0.006705053357
5847	0.001096153126
5848	0.0009985192986
5849	0.003907730167
5850	0.00195817802
5851	0.0005844392209
5852	0.0004805136752
5853	0.004572696541
5854	0.0005127140457
5855	0.0006665230887
5856	0.005721469335
5857	0.00561102898
5858	0.001946844331
5859	0.0042306087
5860	0.0007060643124
5861	0.003623528501
5862	0.005666965712
5863	0.0004598040728
5864	0.006265311611
5865	0.004737760905
5866	1.335149862e-05
5867	2.043596728e-05
5868	0.002186325107
5869	0.006924169293
5870	0.004297755438
5871	0.008040622899
5872	0.0003413434268
5873	0.00773084413
5874	0.004124329196
5875	0.0001940019315
5876	9.983744429e-05
5877	0.002214413801
5878	0.001617185183
5879	0.005463007614
5880	0.0009362112521
5881	0.001428613154
5882	0.006155555294
5883	1.562216172e-06
5884	1.226158041e-05
5885	1.226158041e-05
5886	0.0002878003426
5887	0.002813716021
5888	0.002742376482
5889	2.284675298e-05
5890	0.001105899825
5891	2.043364654e-05
5892	0.00162481301
5893	0.002535668585
5894	0.000181722611
5895	0.003840418346
5896	0.0007393231233
5897	9.264305148e-06
5898	4.904632155e-06
5899	0.009669795481
5900	0.0004621091326
5901	0.0007887225406
5902	0.002794707389
5903	8.785569988e-05
5904	0.003040423027
5905	6.665975747e-05
5906	0.001755561126
5907	0.007480175757
5908	0.0002485155079
5909	0.004399612096
5910	0.002231978692
5911	0.005239712507
5912	0.0006037685579
5913	0.0007441092283
5914	0.003180816999
5915	0.005077728408
5916	0.01132126394
5917	3.480275704e-05
5918	0.005762699756
5919	0.004689605224
5920	0.003327454177
5921	0.001348875786
5922	0.001065253752
5923	0.001426272343
5924	0.005258256246
5925	0.001713149105
5926	0.005593426836
5927	0.006083744358
5928	0.0004697582259
5929	0.006478036493
5930	0.003600579326
5931	0.007995206057
5932	0.004705580904
5933	0.001661164505
5934	0.001802349469
5935	0.003140133923
5936	0.001167393241
5937	0.001307282362
5938	0.005265344768
5939	0.0002479177015
5940	0.002900947268
5941	0.002790571689
5942	0.001873245133
5943	0.006045379764
5944	0.000192546447
5945	0.008312048611
5946	0.005142824713
5947	0.0007565934113
5948	0.0001130355783
5949	0.004581316371
5950	0.0113265681
5951	0.0001501423461
5952	0.004034312492
5953	0.007179567278
5954	9.227974554e-06
5955	0.002054748736
5956	9.264305176e-06
5957	0.005013276079
5958	0.007398129982
5959	0.001470577888
5960	0.00203830003
5961	1.318620223e-05
5962	1.634877381e-06
5963	0.003724810377
5964	0.002310632135
5965	0.003361401531
5966	0.003445533214
5967	0.005863610928
5968	0.002551065903
5969	0.001183228899
5970	0.004322024501
5971	0.002728452465
5972	0.001937922582
5973	0.006535299738
5974	0.002803061737
5975	0.002699704093
5976	0.003308647297
5977	0.0004789861047
5978	0.0008396906678
5979	0.003149703426
5980	0.002217783904
5981	0.01266476755
5982	0.01101418486
5983	0.001318405221
5984	0.003425476347
5985	0.002460541625
5986	0.002660487955
5987	0.008481344454
5988	0.006961908542
5989	0.001500868942
5990	0.006531461587
5991	0.0006170254658
5992	0.0006828936358
5993	0.002439676828
5994	0.001313858158
5995	0.002267334158
5996	3.142597676e-06
5997	0.002232128043
5998	5.250710966e-05
5999	6.248419955e-05
6000	0.001404468484
6001	0.0003750792371
6002	0.001672552316
6003	0.001132252308
6004	0.007574139053
6005	0.003805483196
6006	0.0006226518503
6007	7.084468669e-06
6008	0.000687570574
6009	1.300195413e-05
6010	0.004815439522
6011	0.001020817527
6012	0.003205592759
6013	0.003741240665
6014	0.001633033426
6015	0.003665220485
6016	0.0004540711451
6017	0.01258529788
6018	0.001496462787
6019	0.001422889747
6020	2.815622165e-06
6021	1.362397825e-06
6022	0.005967459344
6023	0.0008345309601
6024	0.0009455127115
6025	0.007301408784
6026	4.402447559e-05
6027	0.005978551031
6028	0.00202504844
6029	0.006613115629
6030	0.0007195275005
6031	0.0001149653886
6032	0.00471520921
6033	0.00468434354
6034	0.0006269135086
6035	0.004067273014
6036	0.007577753731
6037	8.151645097e-06
6038	0.000168788061
6039	0.005533113135
6040	0.0004121439083
6041	0.0008124469915
6042	0.0004963501798
6043	0.002636476246
6044	0.006406736519
6045	0.01011348015
6046	0.002430043746
6047	0.005415121733
6048	6.243674586e-06
6049	2.452316028e-06
6050	0.003812746719
6051	0.0007915335715
6052	0.004707329676
6053	0.01106470313
6054	0.008167715647
6055	0.006288825177
6056	0.001415797872
6057	0.007630327189
6058	0.002044796493
6059	3.024562514e-06
6060	0.008698800415
6061	0.003117966415
6062	0.0001505362746
6063	0.005304670587
6064	0.002479773548
6065	0.002499397688
6066	0.0006036425645
6067	0.002051971013
6068	0.003001085521
6069	0.01043904681
6070	5.994550408e-06
6071	5.994550408e-06
6072	0.009200099142
6073	6.589537844e-06
6074	0.00149234359
6075	0.001354685603
6076	0.0003718381406
6077	0.002792159435
6078	2.179836545e-06
6079	2.179836545e-06
6080	0.01177220018
6081	0.003531314513
6082	0.001227061659
6083	0.000789180231
6084	0.003808552115
6085	9.956927284e-05
6086	6.539509539e-06
6087	6.539509539e-06
6088	0.001372887479
6089	0.0004681300423
6090	0.004622179175
6091	0.000624669036
6092	0.00269728958
6093	0.001366876093
6094	0.0004580028775
6095	7.677069735e-05
6096	0.002484072091
6097	0.007662360798
6098	0.002400642167
6099	1.780429076e-05
6100	0.001181123957
6101	0.004785861717
6102	0.001403066711
6103	0.001628954706
6104	1.873267513e-05
6105	0.00095688549
6106	0.004237427599
6107	0.0006136712
6108	0.00224524565
6109	0.01074487371
6110	0.003724470524
6111	0.001399942742
6112	0.002490687111
6113	0.007538344162
6114	0.001513940408
6115	1.3687832e-05
6116	0.0005258039729
6117	3.832879195e-06
6118	4.412461434e-05
6119	0.0009001361273
6120	0.003386588112
6121	2.257460109e-05
6122	0.009323440248
6123	0.001337165668
6124	0.002035620737
6125	0.00329524038
6126	0.0004920556076
6127	0.0004300945652
6128	0.005486160353
6129	0.0003441418829
6130	0.0007013243232
6131	0.002057631019
6132	0.001647401124
6133	1.090580095e-05
6134	0.003265298153
6135	0.004816951615
6136	0.001428568241
6137	0.0003133697448
6138	0.003953121316
6139	7.629427793e-06
6140	0.00170416625
6141	0.001457843236
6142	0.001289469642
6143	0.002632653544
6144	0.005929913579
6145	6.811989096e-06
6146	9.536784738e-06
6147	0.002457214307
6148	0.007740088133
6149	0.0001869282372
6150	0.002026863757
6151	4.105358765e-06
6152	0.005376508865
6153	0.004544176581
6154	0.003009569264
6155	0.0003775717157
6156	0.006311598658
6157	0.003148613555
6158	0.002896608263
6159	0.003963335974
6160	0.01254276054
6161	0.002815225389
6162	0.00718095135
6163	0.0001464598377
6164	0.005164756574
6165	0.006128116207
6166	0.004122994238
6167	0.001311049707
6168	0.00590924924
6169	0.002984408226
6170	0.007901567181
6171	0.001390151176
6172	0.001631946815
6173	0.002751640437
6174	0.001715342125
6175	0.00114710386
6176	1.10808356e-05
6177	2.479564031e-05
6178	0.001630663873
6179	0.00118523031
6180	0.005550526172
6181	0.0003253690961
6182	0.002944536905
6183	1.676912525e-05
6184	2.000104048e-05
6185	0.001703330406
6186	0.002941353718
6187	1.597346457e-05
6188	0.001718015369
6189	0.01360851979
6190	0.001536203323
6191	0.001583830672
6192	0.002213532578
6193	0.004934534043
6194	0.0006589181037
6195	0.00189055826
6196	0.001695069492
6197	0
6198	0.002517850937
6199	0.0006106279148
6200	0.004151857274
6201	0.003606086418
6202	5.67081482e-05
6203	0.006961266356
6204	1.758731731e-06
6205	0.001659423214
6206	0.003465122397
6207	0.002503234732
6208	0.001877724943
6209	0.006362800489
6210	0.007821676442
6211	1.114958952e-05
6212	0.004442676074
6213	0.003875227684
6214	0.0003071941978
6215	0.005679612681
6216	0.003097868801
6217	0.0005840116298
6218	9.990917298e-07
6219	0.005111095276
6220	0.008709574481
6221	0.0006787038554
6222	0.00211645138
6223	0.0008037641315
6224	0.0001432466128
6225	0.001478607996
6226	0.000784619447
6227	0.006666748624
6228	0.006708664673
6229	0.003074940023
6230	0.0002167166211
6231	0.004421021854
6232	0.0003241868221
6233	6.902815619e-06
6234	0.006688158474
6235	0.001123827343
6236	0.001419836653
6237	0.000314584419
6238	0.0007387976929
6239	0.002791163426
6240	1.323411677e-05
6241	8.029064489e-06
6242	2.45231607e-06
6243	0.003236617752
6244	0.00287247957
6245	0.001877824524
6246	0.0007368567845
6247	0.002278471043
6248	0.003082964255
6249	5.449591313e-07
6250	5.449591313e-07
6251	9.129839966e-05
6252	0.002644712979
6253	5.335005434e-05
6254	0.001293214668
6255	1.45322436e-06
6256	0.004603904799
6257	0.007339469565
6258	0.004724484754
6259	0.00199372991
6260	0.000140484503
6261	0.005988069089
6262	0.004404440442
6263	0.003444002201
6264	0.004649389967
6265	3.960036327e-06
6266	6.53950954e-06
6267	6.53950954e-06
6268	0.006884727403
6269	0.001801365276
6270	0.003989633905
6271	0.006049675924
6272	0.004009493429
6273	0.001369702375
6274	2.328539269e-05
6275	0.0001281800423
6276	0.002049040143
6277	0.0008971366938
6278	0.004314466615
6279	1.446943784e-05
6280	0.00411172818
6281	0.0003674697127
6282	0.001109531735
6283	0.00148295078
6284	0.001282828172
6285	3.790699578e-05
6286	0.005644844931
6287	0.0009280899629
6288	0.001254894158
6289	0.008307629691
6290	0.0006534399663
6291	0.006062478916
6292	0.002362037312
6293	0.000788853466
6294	0.005071340086
6295	0.006770170713
6296	0.005863142768
6297	0.0004285762458
6298	0.00376862532
6299	0.004046121243
6300	0.001698259946
6301	0.004204343419
6302	0.003341279963
6303	0.003343332485
6304	0.0005539445479
6305	0.005630740339
6306	0.0007936134511
6307	0.0007661729663
6308	0.003856569466
6309	0.009869309219
6310	1.144414169e-05
6311	1.144414169e-05
6312	6.164956346e-05
6313	0.002337149681
6314	0.0005658257339
6315	0.0008928870332
6316	0.003610947509
6317	0.00495521994
6318	1.27157093e-07
6319	0.001318927909
6320	0.004887238665
6321	0.0002070042738
6322	0.003288143198
6323	0.002423212679
6324	0.001124270458
6325	0.004335895208
6326	0.0009414211273
6327	0.002801254459
6328	0.0008220437069
6329	0.003222910459
6330	0.003440156804
6331	0.0005425452693
6332	0.0001877874696
6333	0.003005627452
6334	0.003618060583
6335	0.005805892528
6336	0.0006740873278
6337	0.0003783338053
6338	0.003787224077
6339	0.0001006839991
6340	5.449590869e-07
6341	5.449590869e-07
6342	0.0006951958788
6343	0.006587113991
6344	0.002055325002
6345	1.36239782e-06
6346	1.36239782e-06
6347	1.106090077e-05
6348	0.001062818702
6349	0.00475507436
6350	0.007087905889
6351	0.005792852099
6352	0.001545038247
6353	0.00148386915
6354	0.002484523668
6355	0.006114203586
6356	0.002047110705
6357	0.006098450247
6358	0.006998902088
6359	0.001343287485
6360	0.004498287764
6361	4.904632157e-06
6362	4.904632157e-06
6363	0.0006107856165
6364	1.974657833e-05
6365	0.003508523914
6366	0.007304830215
6367	0.006462229658
6368	0.002844496511
6369	0.001851317032
6370	1.226158039e-05
6371	1.226158039e-05
6372	0.001349006876
6373	0.002167573501
6374	0.007557102711
6375	0.005532965204
6376	0.002326258521
6377	0.001665323416
6378	1.271571298e-06
6379	0.002141806633
6380	5.479858178e-05
6381	0.008968119387
6382	0.002587211973
6383	0.002372566125
6384	0.0009127454965
6385	2.08900999e-06
6386	0.00686198756
6387	0.002857162778
6388	5.177111704e-06
6389	4.632152585e-06
6390	0.001156888828
6391	0.003950240842
6392	0.0104672825
6393	0.004803097649
6394	0.00557807419
6395	0.004140524533
6396	0.005105474918
6397	0.001457039452
6398	3.869209821e-06
6399	1.253405995e-05
6400	0.002483996484
6401	0.0005119535645
6402	0.001911381351
6403	3.127147031e-06
6404	1.089918256e-06
6405	1.089918256e-06
6406	0.002563148534
6407	0.001868228447
6408	0.002664416011
6409	0.005528236397
6410	2.592602585e-06
6411	0.001311868139
6412	0.001906442241
6413	0.001823421594
6414	0.003626046545
6415	0.0001370653947
6416	0.0004098316934
6417	0.002888553701
6418	0.001736508183
6419	0.004929596189
6420	0.0001816937046
6421	0.0009597614281
6422	0.001688269425
6423	0.002131531054
6424	0.008726053354
6425	0.001903259331
6426	4.3010486e-06
6427	0.00638655608
6428	0.0002541254656
6429	0.006125393768
6430	0.001895902532
6431	1.725703928e-06
6432	0.00290693382
6433	0.0002479041481
6434	0.001067434676
6435	0.001582510815
6436	5.994550389e-06
6437	5.994550389e-06
6438	0.007504281764
6439	0.002777430117
6440	0.005746317785
6441	2.179836536e-06
6442	2.179836536e-06
6443	0.0009533985242
6444	0.00574255478
6445	0.004363174604
6446	0.003714652273
6447	0.001308786335
6448	0.002552288688
6449	0.008276447604
6450	5.722070849e-06
6451	0.0002347984634
6452	0.003214064218
6453	0.002067306757
6454	6.395700876e-06
6455	0.006377735179
6456	0.001773255603
6457	0.009026055277
6458	0.006608134806
6459	0.00237087269
6460	0.004274969273
6461	0.001997422702
6462	0.009898555417
6463	0.001633128138
6464	3.142842332e-05
6465	0.004748032542
6466	0.000259012849
6467	0.003070868349
6468	0.003066143109
6469	0.003414847977
6470	0.003938652814
6471	0.003380108127
6472	0.006886557315
6473	0.002526976504
6474	0.001530881494
6475	0.006343105561
6476	0.002480869488
6477	1.289736603e-05
6478	1.062670302e-05
6479	0.003589852236
6480	0.003365758887
6481	0.002741161324
6482	0.0001263502894
6483	0.005988602954
6484	0.01552243085
6485	0.004396488716
6486	1.088344436e-05
6487	0.003214576559
6488	0.0009076218546
6489	0.001352770989
6490	4.032126837e-09
6491	0.008614881871
6492	7.811080715e-07
6493	0.004697666037
6494	0.001055509237
6495	0.008100486655
6496	0.0006948606705
6497	0.0001799115646
6498	0.0003243575889
6499	6.773063447e-07
6500	4.126119097e-07
6501	0.002267363692
6502	0.0004094483194
6503	0.007269510064
6504	3.269754773e-06
6505	3.269754773e-06
6506	3.585065128e-05
6507	0.0006721092619
6508	0.002761514323
6509	0.004323726578
6510	0.001173567966
6511	0.005685175608
6512	0.007939457161
6513	0.004083205469
6514	0.005409682897
6515	1.025049471e-05
6516	0.0002767550987
6517	0.00339355997
6518	0.003509046113
6519	8.446866484e-06
6520	8.446866484e-06
6521	0.003377592599
6522	0.001558338922
6523	0.0005465074159
6524	0.002581362453
6525	1.531977263e-06
6526	0.002610261484
6527	0.00141538089
6528	0.0001661070348
6529	0.000566998757
6530	0.002484038212
6531	0.0007207703417
6532	0.003698072044
6533	0.0005742124245
6534	0.0002107527597
6535	0.004243429417
6536	0.002185925998
6537	0.002560744976
6538	0.004307796204
6539	0.002711856308
6540	0.000191095717
6541	0.001480998666
6542	0.003448731974
6543	0.001033865658
6544	0.002462147248
6545	0.002295119739
6546	0.003875460457
6547	0.0009458265061
6548	1.450953683e-05
6549	2.27520436e-05
6550	0.0007506483899
6551	0.003562946328
6552	1.329947274e-05
6553	0.003228347966
6554	0.001818487239
6555	0.001661921405
6556	0.004180688459
6557	0.0006900742591
6558	0.00450448883
6559	1.028531699e-05
6560	0.0001980319069
6561	0.002063180935
6562	1.961852814e-06
6563	0.003984816588
6564	4.359673022e-06
6565	4.359673022e-06
6566	0.006133693948
6567	0.00492185899
6568	0.002387852664
6569	0.005462126882
6570	0.0003770454279
6571	0.002977643068
6572	2.415985467e-05
6573	0.002260797464
6574	0.00729376353
6575	0.005369319048
6576	0.0009932136293
6577	0.005453286847
6578	2.633969112e-06
6579	6.068513807e-06
6580	0.001832746604
6581	0.001812022362
6582	0.0008041515317
6583	0.002599050754
6584	0.0002811428064
6585	0.006533339801
6586	0.0004204562981
6587	1.36239782e-06
6588	1.36239782e-06
6589	0.002352719841
6590	0.0002536381137
6591	0.006402585321
6592	0.001123161946
6593	0.0003758107013
6594	0.004970860451
6595	0.001969913931
6596	6.156063057e-06
6597	0.006023705271
6598	0.0008231305739
6599	0.001403826051
6600	0.004731047957
6601	0.001598918402
6602	0.005401240575
6603	0.000399105457
6604	0.001993300865
6605	0.002543557444
6606	0.002659380457
6607	0.007790110765
6608	0.007952402409
6609	0.0004437875657
6610	0.002032454333
6611	1.089918256e-06
6612	1.089918256e-06
6613	0.0006349676138
6614	0.002783013929
6615	0.00111827073
6616	0.002604261182
6617	0.002793431759
6618	0.0004632882234
6619	0.01075897563
6620	3.316288734e-05
6621	4.218882372e-05
6622	0.001825556608
6623	2.168526138e-05
6624	0.007921608548
6625	0.00691039726
6626	9.990917347e-07
6627	0.001505617033
6628	0.0006117995431
6629	0.0004370713874
6630	0.0041502963
6631	1.825613079e-05
6632	1.825613079e-05
6633	0.001328435631
6634	0.0005336115918
6635	0.003000746329
6636	1.974926915e-05
6637	0.0002245369138
6638	0.001235714589
6639	2.706630359e-06
6640	5.448088417e-05
6641	0.000521550738
6642	0.004457340039
6643	0.001668918794
6644	0.0002831848986
6645	0.0002210090887
6646	0.009164003383
6647	0.0008118721412
6648	0.0004068605282
6649	0.008649928346
6650	8.17438676e-07
6651	8.17438676e-07
6652	0.003771126227
6653	0.002224020359
6654	0.00775196967
6655	0.001389364835
6656	0.002463460741
6657	0.004236923768
6658	0.002143828983
6659	0.005774142849
6660	0.0009845464948
6661	0.006882693891
6662	0.00256288078
6663	0.002759186173
6664	0.002404340443
6665	0.004657322651
6666	0.003341986201
6667	0.002038224751
6668	0.005950373719
6669	0.003484455221
6670	0.005382383136
6671	0.00524209416
6672	0.005006068777
6673	0.006842251395
6674	0.0008748827339
6675	0.0003232393792
6676	0.005574219793
6677	0.007193256664
6678	0.007011415246
6679	0.0004720508085
6680	0.008534181932
6681	0.0001400734584
6682	0.0003321542388
6683	0.01641902339
6684	0.001621829107
6685	0.001772295091
6686	0.0001900522824
6687	0.004895610063
6688	0.005153553857
6689	0.002310542911
6690	0.0008220520154
6691	0.0001303555239
6692	0.003632888994
6693	0.001073195544
6694	0.0009256387384
6695	0.003550671452
6696	0.002826234506
6697	0.002150391689
6698	5.615044965e-06
6699	0.00355012643
6700	0.0003884214194
6701	0.001452171818
6702	0.001507248333
6703	0.001634040192
6704	0.004144635585
6705	6.884650319e-06
6706	0.001494800432
6707	0.001882951064
6708	0.001432978874
6709	5.889996077e-05
6710	0.003248189007
6711	0.0009831784035
6712	0.003731898027
6713	5.631244328e-06
6714	0.002067299452
6715	0.001824342818
6716	0.001596051124
6717	0.00310280099
6718	4.33275084e-06
6719	0.002766990736
6720	0.0006589746855
6721	0.00200706127
6722	0.003162758161
6723	0.002902294566
6724	1.089918305e-06
6725	1.089918305e-06
6726	0.002194570992
6727	0.0009793132875
6728	8.900999391e-07
6729	0.008349761298
6730	0.002179990127
6731	0.003754926265
6732	0.002701026006
6733	1.865581137e-05
6734	0.001218988515
6735	0.00461074842
6736	0.001182660511
6737	0.0008537531754
6738	0.002004500434
6739	0.001225311237
6740	2.034514087e-06
6741	0.004270474545
6742	0.000418202531
6743	0.008660901825
6744	0.002949739375
6745	0.001544233697
6746	2.146100942e-06
6747	0.00195765131
6748	0.001426918326
6749	0.001317640142
6750	0.001202383553
6751	0.0009705840278
6752	0.0001745014446
6753	0.01258280904
6754	0.001919000804
6755	0.001767084448
6756	0.004228173627
6757	0.00364972827
6758	1.076187179e-05
6759	0.0009811621183
6760	0.00718548307
6761	0.0004163899562
6762	0.003769035787
6763	0.0002053971514
6764	0.002410553158
6765	0.003245095744
6766	0.001683397228
6767	0.004880933763
6768	0.006589746999
6769	0.001926338311
6770	0.001889302108
6771	0.003116118455
6772	0.001337430216
6773	7.175295144e-07
6774	0.001766565321
6775	0.005850154164
6776	0.001381065307
6777	0.003338675677
6778	0.006561238991
6779	0.0002394179208
6780	0.003110847542
6781	0.0008270755132
6782	0.006340675778
6783	0.001872123452
6784	0.006754178576
6785	0.005229752321
6786	0.002614157987
6787	0.009541656168
6788	0.00607885119
6789	0.005777866482
6790	1.09748601e-05
6791	0.0009997498725
6792	0.003994236597
6793	0.002885196939
6794	0.002021994514
6795	0.001044399703
6796	0.001870891783
6797	0.003921941786
6798	0.0024900646
6799	0.005353954454
6800	0.003359970221
6801	0.012172555
6802	0.0004456729337
6803	0.007055201422
6804	0.0004625795538
6805	0.0009741851496
6806	0.004162398521
6807	0.003828083235
6808	0.001304255737
6809	1.434358137e-05
6810	0.005534413736
6811	0.006685664299
6812	0.004638028154
6813	0.004461516046
6814	0.002266668019
6815	0.00394820878
6816	1.440508633e-05
6817	0.0025929168
6818	0.00735189841
6819	0.00604716678
6820	0.001451602555
6821	4.08719346e-06
6822	4.08719346e-06
6823	0.001977950575
6824	0.0005635574896
6825	0.002758908243
6826	0.005137522474
6827	0.00194923518
6828	0.001058649043
6829	0.007117969298
6830	0.00286815421
6831	0.000324833352
6832	0.003306767339
6833	0.001765915777
6834	1.849227977e-05
6835	0.007518136639
6836	0.002378213073
6837	0.006291166912
6838	0.006311764454
6839	0.003736721101
6840	0.001544949899
6841	0.004204691468
6842	0.001527163073
6843	0.002196770809
6844	0.00768375257
6845	4.093523304e-05
6846	0.003657838
6847	0.000194230189
6848	0.006188313127
6849	0.01144645654
6850	0.001740544865
6851	0.004491218658
6852	0.002637928814
6853	0.00397802114
6854	0.001766981788
6855	0.004186448796
6856	6.448683018e-06
6857	0.00750228759
6858	0.0003138154363
6859	0.0006736536095
6860	0.0003973408145
6861	0.007729203161
6862	0.00296373365
6863	0.0004267787932
6864	0.0007803466076
6865	0.0002818058554
6866	0.00210366707
6867	0.00113614937
6868	0.0005407457196
6869	0.005777593843
6870	5.722070847e-06
6871	7.992733877e-06
6872	0.002314668316
6873	3.633060878e-06
6874	0.001022402476
6875	0.004311657798
6876	0.008196243345
6877	0.0008149536649
6878	0.0002689426326
6879	0.003160086951
6880	0.001832141619
6881	0.002349865781
6882	0.004458715581
6883	0.001524961302
6884	0.002435807406
6885	0.001929233557
6886	0.008944030571
6887	0.0004199202638
6888	0.0007540978439
6889	4.034519176e-05
6890	0.002592466873
6891	0.003739290724
6892	0.001097032012
6893	0.00209493857
6894	0.001024636875
6895	0.005544753185
6896	8.528165432e-05
6897	0.00543368896
6898	0.008780151151
6899	0.004171244002
6900	0.0008837224015
6901	0.002108760354
6902	0.000444312679
6903	0.005714017097
6904	0.0006076691828
6905	0.002570395814
6906	0.007867160081
6907	0.002839353624
6908	0.009317641439
6909	0.002780976957
6910	0.002842839278
6911	0.004473869856
6912	0.01018639388
6913	3.238299696e-05
6914	0.001951300674
6915	0.003148156301
6916	0.009281877854
6917	0.002969523054
6918	0.01211542999
6919	1.071752951e-05
6920	0.002854837226
6921	0.0005400262885
6922	0.005521453428
6923	0.006912654935
6924	8.174386966e-06
6925	8.174386966e-06
6926	0.005503465831
6927	0.002208784997
6928	0.00274065201
6929	0.0005935952097
6930	0.001920784773
6931	0.002436803197
6932	0.001524985951
6933	0.002123499011
6934	0.003523624566
6935	0.001341710908
6936	0.0004144942202
6937	0.002481707734
6938	5.656268863e-05
6939	0.0004255513804
6940	6.99364216e-06
6941	2.45231608e-06
6942	2.45231608e-06
6943	1.291553132e-05
6944	0.0009238766392
6945	0.003947736302
6946	0.001233031389
6947	0.0002744366328
6948	0.002006208743
6949	0.006082048859
6950	0.0005000418246
6951	0.0008882062385
6952	0.005066057021
6953	0.01031302047
6954	6.072640369e-06
6955	0.003318330863
6956	0.0005821398966
6957	0.002627725379
6958	0.001937297318
6959	0.002673254241
6960	0.0002253568893
6961	0.001067879862
6962	6.498454482e-05
6963	0.002539346166
6964	0.000756579869
6965	7.975349927e-06
6966	5.72207084e-06
6967	5.72207084e-06
6968	0.005346146736
6969	0.00408085486
6970	0.006592025938
6971	0.004908253863
6972	0.00041268398
6973	0.0005762973283
6974	0.0002639241473
6975	0.002602910174
6976	0.00043570567
6977	0.0008142484212
6978	0.0004604771871
6979	0.0009548690914
6980	0.001735951489
6981	0.001962534195
6982	0.0008964718212
6983	0.000130990495
6984	0.001365182533
6985	0.004534906121
6986	0.003796856739
6987	0.004514563006
6988	0.003426021546
6989	0.005351255901
6990	0.005021643849
6991	0.003851747514
6992	2.284963449e-05
6993	0.01027654292
6994	0.003385243436
6995	0.0008950117444
6996	0.0007541509676
6997	0.006819514625
6998	0.005126340272
6999	0.007227766658
7000	0.003256537196
7001	0.0004704234348
7002	4.268846503e-06
7003	0.00165062401
7004	0.0007154998212
7005	0.0002256563472
7006	0.0004491130694
7007	2.71571299e-05
7008	0.008384117259
7009	5.748556689e-06
7010	0.002342927389
7011	0.002340582603
7012	0.01289428434
7013	0.001883584191
7014	0.001340371143
7015	2.997275201e-06
7016	2.997275201e-06
7017	0.002104113139
7018	9.482288821e-06
7019	3.719268441e-05
7020	0.006873852015
7021	0.00113286521
7022	0.004052074596
7023	0.01198112906
7024	0.0008469998202
7025	0.009788028498
7026	6.539509533e-06
7027	6.539509533e-06
7028	0.005890161937
7029	0.01040485777
7030	0.004347901446
7031	0.002518609712
7032	0.003001322361
7033	0.004818418155
7034	0.002230872762
7035	6.552309981e-06
7036	3.542234333e-06
7037	3.542234333e-06
7038	0.0001944523406
7039	0.0007632507597
7040	0.003609689874
7041	0.003286651446
7042	7.845269767e-05
7043	0.0008399226768
7044	0.001822198157
7045	0.0001378985308
7046	0.0009715827303
7047	0.001786238705
7048	0.0008181478252
7049	0.003580490092
7050	0.0009135355176
7051	0.003893447384
7052	0.002970515215
7053	3.545193458e-05
7054	0.003188445056
7055	0.003996240869
7056	0.0004743548754
7057	0.00131646177
7058	2.179836512e-06
7059	2.179836512e-06
7060	0.0001055471702
7061	0.003963078749
7062	0.004056606045
7063	4.042344156e-05
7064	0.0003339914474
7065	0.001663152379
7066	0.008224559578
7067	4.632152591e-06
7068	4.632152591e-06
7069	2.634055625e-05
7070	0.004372536264
7071	5.63124431e-06
7072	0.0002246892349
7073	0.004215786317
7074	0.004928275959
7075	0.006421733348
7076	0.0006523533211
7077	0.004167618913
7078	0.000513199822
7079	0.001722209633
7080	0.00476867216
7081	0.004999531538
7082	0.004390024047
7083	0.001218079532
7084	0.006419627803
7085	0.006733771548
7086	0.001164352499
7087	0.001466381331
7088	0.002276645827
7089	0.001141533302
7090	0.001484535273
7091	0.001236360011
7092	0.002331453636
7093	0.000708547376
7094	0.002417442086
7095	0.002047419751
7096	0.00602027709
7097	0.001933726149
7098	0.00559642287
7099	0.0005850011891
7100	7.629427792e-06
7101	7.629427792e-06
7102	4.225052738e-05
7103	0.003390242576
7104	0.0001437060658
7105	1.180744787e-06
7106	0.00251560642
7107	1.053587643e-06
7108	0.005157322947
7109	0.001113521087
7110	0.00631674638
7111	0.0001541165692
7112	0.0001801808911
7113	0.004073375326
7114	0.0009908921121
7115	0.002691448706
7116	0.005558034641
7117	0.0004255394393
7118	0.001270196722
7119	0.0001750012356
7120	3.269754767e-06
7121	5.240894553e-06
7122	0.0049555966
7123	2.475930974e-05
7124	1.725703905e-06
7125	1.634877382e-06
7126	1.634877382e-06
7127	0.001423249333
7128	0.004456723247
7129	0.0005546715603
7130	0.003210708259
7131	0.001056872621
7132	0.0002356733503
7133	0.005757388559
7134	1.253405994e-05
7135	1.253405994e-05
7136	0.002787573857
7137	0.000950866867
7138	2.543142598e-06
7139	0.00675318707
7140	0.004168098316
7141	0.001637113956
7142	0.000287941431
7143	0.0002223812245
7144	0.002553692703
7145	0.001413915852
7146	0.0006271209862
7147	1.017257058e-06
7148	0.002316338907
7149	0.0007288214142
7150	0.002911374958
7151	0.0007238214267
7152	0.000225701246
7153	0.002803217451
7154	0.007121223607
7155	0.0109509429
7156	0.0008249018017
7157	0
7158	0.0006199881118
7159	0.001347983517
7160	0.001720850695
7161	1.043969348e-05
7162	2.350518352e-05
7163	0.003361773254
7164	0.001386004138
7165	0.01258623818
7166	0.01078985912
7167	0.003084210478
7168	2.997275226e-06
7169	2.997275226e-06
7170	0.003917293104
7171	0.0003452591651
7172	0.004472677813
7173	0.001872941487
7174	8.719346027e-06
7175	8.719346027e-06
7176	4.082003417e-06
7177	0.003319679672
7178	0.0001978834594
7179	0.0003702622626
7180	0.003199549188
7181	0.00275672034
7182	0.003376765735
7183	0.0006159481171
7184	1.530240052e-05
7185	0.000275172517
7186	0.0009490425778
7187	0.0100791368
7188	0.002348029246
7189	1.113533151e-05
7190	0.002109504276
7191	0.002447356875
7192	4.606717606e-05
7193	0.001380678556
7194	0.002112532929
7195	0.01205214336
7196	0.001625880023
7197	0.002184591697
7198	0.00882315353
7199	0.002992432184
7200	0.005576457064
7201	0.01059739755
7202	6.958336829e-07
7203	0.002644507301
7204	0.006674264226
7205	0.001728371886
7206	0.006990210172
7207	0.004868121635
7208	0.001904976988
7209	9.108811531e-05
7210	0.005069187559
7211	1.907356905e-06
7212	1.907356905e-06
7213	0.0018087426
7214	0.002105376018
7215	0.003492810215
7216	0.009289290023
7217	0.002006802572
7218	0.003245209946
7219	0.0001924618932
7220	0.004499838763
7221	0.001578726969
7222	0.001741324525
7223	0.002672725749
7224	0.001540251575
7225	0.002555247149
7226	0.004265493759
7227	2.399598761e-05
7228	0.0005995911111
7229	0.000496116086
7230	0.009438718755
7231	0.005897183892
7232	1.315765679e-05
7233	0.001915300678
7234	0.005814948607
7235	0.007305742327
7236	0.0006924610426
7237	0.006118248621
7238	0.006757133163
7239	0.002481689986
7240	0.0002213018058
7241	0.0006597164879
7242	0.0004226784383
7243	0.009033321821
7244	0.006320875827
7245	0.00155042602
7246	0.00107895282
7247	0.001021428457
7248	0.002076521812
7249	0.00382358977
7250	0.005082490856
7251	0.003897573146
7252	0.004045088186
7253	0.004446732292
7254	0.0095726655
7255	0.001604214271
7256	0.000156172728
7257	0.007998695933
7258	0.001215308897
7259	0.00105770979
7260	0.002779140781
7261	0.0009237436401
7262	0.003847962619
7263	0.001093632621
7264	0.002739591912
7265	0.006974907905
7266	0.002375848346
7267	0.00180964279
7268	0.000233508083
7269	0.005900779629
7270	0.001923391872
7271	0.002987332848
7272	0.004466923968
7273	0.001176737563
7274	4.486830157e-06
7275	0.0005681980988
7276	0.001184173166
7277	0.001968576825
7278	0.007810179403
7279	0.0006463126621
7280	0.006940350743
7281	0.0001170979184
7282	0.0006899762608
7283	0.001882614107
7284	0.002763564056
7285	0.00120236143
7286	1.634877432e-06
7287	0.004327256074
7288	0.002180719864
7289	0.005747300401
7290	0.000614340384
7291	0.009046094348
7292	0.005263113979
7293	1.153496821e-05
7294	0.002460379902
7295	0.001157808543
7296	0.002446421957
7297	0.001300961435
7298	0.001176825876
7299	0.01165612563
7300	8.628519526e-06
7301	0.009329530097
7302	0.001629336981
7303	0.002340700172
7304	0.0008509777701
7305	9.390428718e-05
7306	6.150870451e-05
7307	0.003553850301
7308	0.001005463986
7309	1.634877383e-06
7310	0.001899791373
7311	1.36239782e-05
7312	1.36239782e-05
7313	0.0009711728919
7314	0.002366033713
7315	0.007984005625
7316	1.237576229e-05
7317	0.01133135835
7318	2.871173883e-05
7319	0.0005253805283
7320	0.003373874299
7321	0.0001664985782
7322	0.001766365195
7323	0.0001701836922
7324	0.000778251158
7325	0.007633902564
7326	0.001324827183
7327	0.01109239821
7328	0.0003121047295
7329	0.003173398892
7330	0.0007304243692
7331	0.004721580357
7332	0.001106354815
7333	1.058128974e-05
7334	0.003017318934
7335	0.002050923789
7336	0.004981828233
7337	0.001406997677
7338	1.005241204e-05
7339	0.00372821537
7340	0.004380315163