node_id	error
3	0.000169530827
216	0.0002634539988
377	5.770305391e-05
524	0.00190344259
564	4.400343305e-05
684	0.004204800386
735	0.0004022161841
822	0.0009187878879
966	0.002015071081
993	0.0005923883028
1024	0.001308858306
1109	0.001134295716
1127	0.0009035951
1143	0.0008343115497
1335	9.881399004e-05
1714	8.860849022e-05
1745	0.002223308784
1857	0.003054137388
1897	0.007257068819
2033	0.0009105164058
2194	0.004894454761
2223	0.0001779779099
2497	0.004642972589
2601	0.0004198725861
2734	0.002395611924
2786	0.001999927997
2887	0.00130640719
3060	0.000198390749
3099	0.0003529637233
3142	0.001304451328
3150	0.0001211050749
3257	0.002402458584
3335	0.001790401383
3400	0.0007912089519
3409	0.000484441956
3492	0.006825848526
3783	0.0006906702056
3939	0.003523496618
3948	0.0005439081166
3965	0.00145671848
3994	0.001454387722
4001	0.0001765226723
4030	0.0004564740239
4035	0.001206556205
4489	0.003919338323
4493	0.004318062383
4515	0.002331946658
4617	0.003432852715
4757	0.003192586846
5109	0.0001343178596
5168	0.0006118322771
5254	0.0001865857715
5428	0.002394669246
5488	0.000635499897
5561	0.002524602566
5711	0.002153009819
5778	0.000377749305
5983	0.0003331880423
6088	0.001535269755
6486	0.002243775962
6581	0.002596848311
6793	0.000700517966
6835	0.000948039855
6900	0.001262829144
6944	0.0009679632406
7073	0.00110166245
7162	0.003553229504
7201	1.451816164e-05
7449	0.002163147362
7562	0.000829877956
7597	0.002287821112
7700	0.0001002401147
7748	4.964110332e-05
7838	0.001151910761
7910	0.0007474381067
7959	0.0001616034813
8030	0.001194170404
8101	0.001843563192
8109	0.0009228206221
8313	1.128810162e-05
8431	0.002395551576
8465	0.000883274299
8502	0.007798388849
8560	0.008066111793
8561	0.0006375058055
8668	0.01074247381
8729	0.002072741866
8761	0.006061831232
8918	0.001514410319
8958	0.0004111942789
8981	0.001648803323
9042	0.001554894938
9045	0.0008389178598
9078	4.361311968e-05
9258	0.00100850756
9304	0.0003454641856
9337	0.0005323729585
9434	0.0002006584316
9448	0.0006112329615
9459	0.001814436186
9535	0.0001217660577
9546	0.001455096722
9656	0.0008662377075
9873	0.0003136550834
9881	0.001182293026
9895	0.001152308299
10050	0.0003110562441
10073	0.0004266980877
10168	0.001593264039
10178	0.004707528052
10200	0.001908729951
10261	0.0005442536659
10288	0.001711434729
10333	0.0002767046004
10354	0.001959543338
10408	0.000876085907
10463	0.003421155229
10497	0.003360138393
10664	0.007375914857
10827	0.00187137157
10971	0.0014347993
11039	0.001594149033
11071	0.001868102282
11093	0.00168310645
11097	0.0006069099834
11116	0.001260205652
11454	0.002708826676
11472	0.002719798287
11503	0.001233057481
11542	0.003504337595
11809	0.00246567342
11858	7.045731944e-05
11931	0.004921737665
11939	0.001719465217
11995	0.001020450071
12071	0.002806532159
12190	0.001230881176
12232	0.001228624819
12246	0.0006694564781
12255	0.0001563046745
12325	6.352958449e-05
12401	0.004203851263
12476	0.0002588766149
12843	0.006263207588
12892	0.0002307718936
12932	0.000598751333
12949	0.0007242933952
12967	0.0009741691373
13009	0.001432842786
13154	0.005035619134
13168	0.002763028671
13214	0.004446572005
13261	0.003849787205
13370	2.771252793e-05
13420	0.008282988928
13430	0.005041697091
13582	0.003144962185
13742	0.0006352247604
13801	0.001533289577
14041	0.0002879065686
14105	0.001586181116
14115	0.0007365631203
14119	0.001152203668
14169	0.001807743887
14170	0.001311250265
14311	4.19660487e-05
14397	1.540460256e-05
14486	0.002107466325
14509	0.001722700211
14551	0.007136244354
14891	0.001846624143
14928	0.0005092499721
14966	0.003766300387
15062	0.004186836182
15098	0.004786285108
15176	0.0002287552628
15196	0.0005962380068
15221	3.406590934e-06
15233	0.002396183175
15288	0.001813353435
15322	0.001170964024
15580	0.01065390294
15743	0.004901186932
15975	5.595770823e-05
16026	0.000684902897
16034	0.001392881696
16039	0.003570363829
16098	0.000897706343
16522	0.000214225231
16529	0.0001465063781
16622	0.0007900455286
16728	0.005438486321
16803	0.01172717622
16822	0.0003009604495
16823	0.006464092773
16988	0.002941960358
16991	0.003442319846
17143	0.003477731598
17356	0.002598918223
17488	0.001007685921
17559	7.258987554e-05
17862	0.0005969450516
17973	0.0003308264478
17992	0.005528591791
18043	0.0004341207584
18341	0.0007784386654
18414	0.001602223408
18488	0.00106910395
18544	0.0004993517098
18611	0.003432465212
18801	0.00171514615
18873	0.0007429534114
18972	0.001383479863
19103	0.0007147165518
19109	0.002944031722
19125	0.0003377470769
19234	0.0009035581314
19248	0.004215696949
19269	0.0002957724142
19302	0.002133659983
19465	0.0003157352838
19574	0.001942454679
19709	0.006120095123
19736	0.0017846372
19841	0.001040027661
20174	0.0005789528385
20189	0.0001747871098
20257	0.0006717249663
20325	0.002376533193
20436	0.0007151085837
20455	0.0006603225038
20497	0.0136415738
20612	0.0002602316205
20636	0.0002865621115
20727	0.00143870203
20761	0.0009642809691
21040	0.0007864322245
21073	0.0004266364538
21467	0.00122862349
21632	0.003000935758
21680	0.0002409232242
21694	0.0004805425267
21698	0.001064976523
21903	0.001666926015
22009	0.0004075706934
22046	0.003239823727
22378	0.001203627952
22468	0.009334013451
22538	0.0008102047003
22547	0.0008167002719
22591	8.97049161e-05
22652	0.0008589537475
22663	0.009041375333
22674	0.005309520874
22809	0.001868350226
22861	9.600723783e-05
22864	0.0004538744924
23054	0.0005747832357
23084	0.0004390493375
23264	0.001969521367
23298	0.0001717413174
23302	0.001496313659
23429	0.0007206203827
23549	0.001029697609
23666	0.002814571564
23693	0.0009295206893
23756	0.001217520815
23757	0.001211095091
23796	0.001792607735
24102	0.0001089200091
24107	0.000108891924
24195	0.002147679519
24233	0.0009093872742
24240	0.002802384511
24255	0.002024416818
24334	0.001514234861
24516	0.02134919849
24517	0.001348720158
24580	0.0005453411566
24630	0.00123332991
24835	0.001285500183
24860	0.002988396655
24875	0.002077390465
25326	0.0001159045834
25391	0.001437364052
25606	0.0009646282675
25666	0.002630023843
25767	0.007926246589
25818	0.001310517116
25922	0.0002627420949
25975	0.0005987496497
26045	0.000676342707
26317	0.0003314644144
26400	0.0004925608671
26443	0.000986399437
26477	0.002317590443
26518	0.006854654642
26622	7.851223053e-05
26673	0.0004718205804
26710	0.0001026932878
26735	0.0008291748971
26935	0.001118407439
26970	0.00266382978
27560	0.006446748492
27692	0.001069443556
28069	0.01208266795
28196	0.005578673308
28368	0.002956962961
28376	0.009264987093
28514	0.0168024215
28566	0.001644616231
28624	0.0008058729686
28681	0.0011201866
28980	1.642629726e-05
29012	0.0005431356897
29018	0.0003024936361
29105	0.005438306896
29302	0.0009026849523
29573	0.001561554803
29668	0.002297812313
29794	0.005789898863
30019	0.000201313178
30072	0.001377152775
30074	0.0001333299211
30126	0.0003920723721
30154	0.001097214292
30402	0.004135044696
30536	0.0003782381727
30552	0.0004437725596
30615	0.001856064077
30817	0.0005512809967
31039	0.002247946932
31178	0.007745094033
31201	0.003788157249
31414	0.002974205442
31512	0.002201130702
31656	0.001503028242
31844	0.0008756428189
32055	0.001213229881
32130	0.001491101636
32146	0.0001343208145
32194	0.005354148318
32245	0.006416978043
32279	0.00530944234
32377	0.001372233849
32489	0.002153094167
32502	0.0005975836005
32504	0.0003023999107
32520	0.000213731829
32548	0.0003709943905
32638	0.000546185151
32688	0.00200620629
32865	0.0004827660513
32952	0.001863859394
33031	0.000490941648
33140	0.002103854027
33150	0.0004531272333
33167	0.002690775918
33190	0.0007727113496
33247	0.000849402862
33339	0.0009263328781
33487	0.001419497937
33493	0.0009597743527
33630	0.0004145622473
33694	0.01063112024
33721	0.003923553344
33776	0.01468032351
33872	0.0008218373999
33915	0.0002136367336
34063	0.000139117868
34206	0.003268957417
34341	0.00249075837
34464	7.239717434e-05
34760	0.0002381226857
34798	0.005251159736
34926	0.0001001902941
35041	0.000507349645
35147	0.001165888995
35151	0.001300263651
35247	0.001227149185
35405	0.001249065798
35500	0.0003171530182
35690	0.0005647696619
35725	0.00074537147
35845	0.002228912129
35847	0.000795683752
35911	0.001967273205
36000	0.001931671384
36304	0.001129327197
36355	0.002571369361
36405	0.006358384437
36408	9.833299644e-07
36437	0.001275951611
36522	0.0005627989647
36658	8.77953744e-05
36702	0.002243147573
36761	0.00542823529
37039	0.0001465901296
37044	4.058711546e-06
37066	0.001047281952
37202	0.001233355115
37267	0.001073895021
37331	0.0003022423909
37445	0.00306233391
37496	0.0007353392614
37580	0.001223927041
37621	0.0002130679072
37628	0.0006680535226
37689	4.854493087e-05
37860	0.0007111222764
37922	0.006858661479
38028	0.002165410816
38063	0.001284757022
38072	0.004956185518
38416	7.483120153e-06
38418	4.452532076e-05
38463	0.0003296307354
38531	0.002860073461
38642	0.0009936728133
38674	0.004143715391
38749	0.005367631143
38771	0.0006334292433
38810	0.003497992421
38934	0.0006592614571
38950	0.002218688739
38978	0.001062334384
39235	0.004559495662
39429	0.0005494509495
39433	0.01004613865
39542	3.677755843e-05
39629	0.0006748896475
39649	0.001119646262
39707	0.0001525100924
39728	0.0006713639996
39735	0.0001410431091
39871	0.000199042686
39979	0.0008717438951
40027	1.098586162e-05
40082	0.001000167232
40482	0.001007939049
40680	0.0007100723877
40716	0.0002282513649
40819	0.0009955954758
40989	0.01167111429
41117	0.002316781884
41143	0.0003692685035
41267	0.001040271739
41327	0.0005935578321
41430	0.002649831037
41494	0.00275251483
41798	0.001250087
41823	0.0002440430303
41836	0.0008103206918
41846	0.001322700696
41881	0.003445215207
41968	0.003310617104
42099	0.0003299793447
42124	0.0008479795834
42384	0.002630055412
42404	0.0002350080665
42416	0.001111289441
42483	0.002120110809
42548	0.001852792012
42654	0.004116442294
42830	1.261766285e-05
42846	5.289434827e-05
42919	0.0001562773125
42951	0.0002198094186
43031	0.0006070259287
43049	0.02503054863
43063	0.00129386927
43246	0.001155342754
43311	0.0004818997503
43412	0.001456501509
43444	0.0008502460197
43627	0.003670495017
43738	0.000437726122
43742	0.01175534883
43755	0.0001438047641
43785	0.0002998749753
43941	3.96573826e-07
44082	0.00169303693
44110	0.0007110758701
44141	0.0009740620559
44206	0.0007500403445
44211	0.004304528244
44226	0.006977114235
44228	5.722337381e-05
44278	0.001945616629
44430	0.0003273416214
44582	0.0004568146368
44618	0.000869957884
45139	0.0008388388393
45553	0.001388832758
45607	0.00165383169
45610	0.0008997874838
45612	0.0007038563054
45643	0.0007720954794
45696	0.0002043571508
45792	0.0002210299264
46013	0.001906238661
46078	0.0002233321809
46125	0.0002139607131
46138	0.0003899736563
46169	0.0001809734114
46181	0.002098020677
46314	0.001326018118
46323	0.005108403924
46346	0.001725192005
46404	1.083414521e-05
46520	0.002293317334
46604	0.00268875655
46784	0.0003563135684
46822	0.001118499625
46877	6.871978686e-07
46921	4.500246468e-05
47053	0.00112179415
47099	0.001529784409
47325	0.0007076917483
47401	0.0003054257992
47568	0.001145744686
47597	0.001943931973
47632	0.001219335942
47757	0.0004379986309
47888	0.0004206309822
47989	0.001000316815
47992	0.001045437817
48023	0.003432728269
48088	0.003903021755
48107	0.001725458969
48188	0.0005276008888
48292	0.0007423344308
48295	0.001485812608
48343	0.001279192588
48403	0.0005157547843
48448	0.001305026548
48527	9.043704227e-05
48544	0.001659100602
48640	0.001082689538
48718	0.002400590291
48734	0.003342805328
48765	0.0006013323845
48907	0.001474692862
48935	0.0001131979617
48994	0.002038251906
49009	0.001362703896
49210	5.465177667e-05
49550	0.002302973467
49665	0.006284557783
49780	0.0004439532032
49785	0.020850693
49787	0.004154735341
49803	0.003874222571
49844	0.006215550381
50359	0.01806852973
50435	0.003589236603
50503	0.0005251113726
50546	0.0002912958152
50547	7.186329125e-05
50625	0.0008193554403
50695	0.002401679672
50915	0.0004109464469
50930	0.00411460177
51016	0.001161059788
51132	0.0008198588084
51171	0.006575362794
51231	0.000869166462
51330	0.0003099218247
51420	0.000419410484
51467	0.002612993073
51492	0.001247153579
51507	0.0009458025396
51640	0.001293446137
51764	0.007202930822
51778	0.002041084642
51876	0.001872589677
51991	0.0009606857199
52016	0.001475267918
52124	0.001583099664
52168	4.657928122e-05
52390	0.00434697448
52428	0.0002254595686
52469	0.0006170987165
52504	0.0002958616876
52522	0.001349854283
52579	0.001151790306
52965	0.008098912735
53156	0.000811683936
53260	0.001621022655
53265	0.0002057900744
53311	0.0007982532363
53334	0.0005071862548
53427	0.0006008309806
53483	0.004465915554
53535	0.003276865445
53627	0.000196518409
53840	0.001267230473
53881	0.001003430889
53920	0.002372010982
53930	0.0007733889084
54162	0.001653124294
54234	0.0001831764905
54250	0.001649921502
54272	0.0006515097783
54291	0.0008271892113
54445	0.001343004247
54552	0.001524056425
54688	0.001200408837
54750	0.0003609279095
54881	0.0007676204962
54910	0.001565813911
54912	0.0002810531992
54967	2.025892013e-05
54986	0.008744149541
55025	0.002319213392
55168	0.0008260828219
55485	0.005714898923
55541	0.0004726662234
55632	0.0002982657401
55655	0.001859230672
55749	0.002611351913
55805	0.003956363225
55840	0.002231645576
56188	0.0006461149103
56246	0.001567333185
56324	0.003555760959
56385	0.004341055085
56457	0.002887445775
56635	0.001174053569
56801	0.0057369622
56806	0.0001968602054
56992	0.003606986231
57172	0.003884281525
57488	0.000432570767
57504	0.004271816924
57548	0.002275558759
57591	0.0001440154634
57835	0.01107749588
57849	0.001970397431
58052	0.0003794715515
58128	0.0002507571339
58142	0.0007742653438
58181	9.692761704e-06
58420	0.003585763883
58501	0.0007230156116
58563	4.110940569e-08
58569	0.002149323032
58607	0.0001854383769
58657	0.001242104399
58696	0.001290863514
58737	0.00221435462
58756	0.001156081597
58887	0.001434556819
58943	6.363502672e-05
59010	0.003961790637
59092	0.002642641723
59137	0.00992680599
59235	0.0001999999666
59345	0.002157198745
59367	0.004901034184
59377	0.008339032444
59388	0.00615631755
59451	0.002387589431
59586	0.00213425418
59591	0.001277166411
59628	0.0009414852972
59721	0.001873211875
59754	0.001706057089
59862	0.002717822445
59905	0.007431689555
60134	0.0004767152858
60164	0.00108926596
60167	0.003773855101
60191	0.001187016204
60203	0.002095160856
60264	0.001162071286
60410	0.000576136013
60573	0.002072431686
60737	0.0006496057046
60767	0.01122236973
60779	0.0004775830154
60906	0.003063360822
61060	0.0003640775509
61069	0.000926214706
61177	0.000333755908
61193	0.0008989500736
61213	0.0008153677748
61358	0.001031510987
61535	0.0002652952292
61595	0.001794968753
61630	0.008645418718
61689	0.008814694489
61698	0.001431144259
61717	0.004933539815
61729	0.002198342756
61933	0.006702261873
62121	0.006580416161
62317	0.001500902951
62409	0.004217756832
62604	0.001905011173
63294	0.002006820548
63328	6.994005925e-06
63350	1.503822583e-05
63594	0.0008795128572
63649	0.00311618133
63965	0.0001271832654
63969	0.003584800658
64324	9.258255897e-06
64448	0.005376580683
64533	0.000100004522
64623	0.0001439888902
64656	0.002958120487
64739	4.440558361e-05
64801	0.003748470352
65145	0.0002027523657
65254	4.7343744e-05
65273	0.002178609155
65293	0.002356386893
65522	0.00234401842
65590	2.116862704e-05
65633	0.0008288506027
65744	0.0007699242357
65822	0.001006678227
65832	0.001034114376
66105	0.004352601719
66166	0.0004664550184
66197	0.001761370279
66207	0.002736057488
66555	0.000221525052
66602	0.001365904194
66645	0.004994603799
66768	0.002935260836
66923	0.0004866303921
66926	0.0005579286999
67012	0.000574806779
67191	0.0006392237931
67389	0.005679996401
67396	0.0002571769341
67426	0.0001242093449
67449	0.001295185052
67611	0.0002406052456
67630	0.001545412141
67673	0.009830342038
67674	0.006404959672
67690	0.003699034007
67735	0.001534779858
67820	6.189201195e-06
67970	6.811858695e-05
67995	0.002927575263
68406	0.001626433709
68436	0.004505203894
68442	0.0001526229545
68616	6.228236394e-05
68627	0.0009784459288
68953	0.00106861306
69015	0.001828753333
69067	0.00798270774
69156	0.001172042864
69177	0.001028932529
69210	0.000546583002
69245	0.002974119451
69247	0.005994558841
69277	0.0008132392759
69292	0.001912803428
69331	0.0103602548
69415	0.002913798199
69453	0.001301505016
69476	0.0008289191854
69746	0.0002689939319
69779	8.72299361e-05
69823	0.003807731197
70078	0.002935768469
70200	0.0001971089054
70273	0.001008937738
70653	0.009580200155
70703	0.0006225900199
70710	0.001416542768
70721	0.000577565319
70881	0.0005447135528
71321	0.0009495864698
71503	0.001723970088
71664	0.0003998759336
71665	0.0009986133534
71667	0.001697699386
71842	6.921787847e-05
71904	0.0002925022159
72025	0.0002051112458
72101	0.002828831387
72152	0.0006618886257
72202	0.003096273693
72299	0.0004959298912
72508	0.002057541191
72523	4.786102364e-05
72632	0.000785830713
72791	0.001733207868
73126	0.001591073563
73255	7.181188336e-05
73459	4.183325136e-05
73467	0.001060123956
73529	0.001868876699
73564	0.003002361624
73631	0.002397868565
73792	0.0009556559262
74129	0.001448778615
74178	0.004549441386
74207	0.00191173
74333	0.001653050302
74673	0.00133066704
74828	0.004299964479
74830	0.001110712732
75001	0.0006143306203
75019	0.0004625135787
75044	0.0007889149457
75064	0.002388716764
75134	0.002722241349
75156	0.02267847993
75164	0.001511029219
75316	0.007317590954
75351	0.002786983881
75366	0.003323175323
75393	0.0007771714526
75473	0.001513811226
75497	0.0185820241
75622	0.001247165786
75635	0.001094549325
75642	1.590950794e-05
75704	0.0009556779671
75741	0.003613164791
75745	7.400539749e-05
75790	0.001084401453
75829	0.01154545372
75855	0.001080212672
75969	1.715560251e-05
75985	0.0004802859313
76008	0.002787989356
76192	3.474767827e-05
76305	0.00142308768
76312	0.006593887121
76469	0.002331502148
76564	0.02117163448
76620	0.0004020191079
76750	0.001754884361
76919	0.0009403942833
76977	0.0009654347195
76982	0.0005730212867
77020	0.003567208429
77075	9.646507206e-05
77082	0.00048489912
77087	0.0006775513151
77132	0.0001596710713
77176	0.004195631814
77250	0.0001009142743
77381	0.001890509442
77489	0.004470087794
77608	0.001108849331
77642	0.002285465056
77719	0.002535245898
77838	0.004939431816
77876	0.006395718663
77928	6.077623666e-05
78005	0.002556392496
78109	0.0004822929636
78132	0.0001616679293
78551	0.0008217405599
78570	7.127599896e-05
78591	0.001402788334
78924	0.0006694931297
78930	0.001176510312
79090	0.001147854745
79127	0.007544954929
79195	0.000791466944
79421	0.001312806734
79573	0.002601256499
79589	0.005548936898
79672	0.004098648828
79707	0.0003984790585
79724	0.0004215689068
79834	0.0007881434375
79884	0.0004092623269
79925	0.0007633232492
80113	0.001427049783
80177	0.002827397004
80240	0.0008931962079
80278	0.00084255759
80297	0.0001753452242
80439	0.009274245286
80469	0.002710259936
80533	0.00160523433
80718	0.001837240382
80720	0.0004522739478
80744	0.004956308455
80769	8.292813088e-05
80794	0.0006370669617
80931	0.001577785509
80959	0.001040356874
80978	7.601897901e-05
81090	0.001180292532
81148	0.0008745103146
81218	0.0008641597515
81224	0.001225395808
81332	0.00124324136
81353	0.02118182838
81373	0.002515711311
81426	0.0002010692744
81444	0.0007086304249
81470	0.004112658502
81477	8.088277949e-05
81552	0.0005194819232
81658	0.009255332318
81756	7.700254237e-05
81774	0.0003744852927
81851	0.002865234744
81879	0.0005810657508
81955	0.0001176882973
81974	0.0005165170955
82011	0.001704128701
82032	0.0003970126042
82165	0.001654296822
82242	0.0177391066
82272	0.0007865639421
82302	0.001275264975
82405	0.000689394393
82422	0.001669115996
82507	0.0002675650459
82541	0.02141221246
82566	0.006771271296
82655	0.0003901428175
82657	0.002945135022
82787	0.0007059044397
82815	7.265170993e-06
82894	0.007821890498
83048	0.0006114442336
83057	0.001309177827
83133	0.004462158563
83238	0.001111857725
83318	0.009883026266
83327	0.0009391285737
83338	0.001868234631
83485	0.0002577518816
83512	0.0008998873844
83517	0.0006168737516
83715	0.003895121357
83790	7.045255058e-05
84063	0.004037420347
84307	0.0004707618858
84530	0.0004993259685
84738	0.0004322481371
84743	0.002355572981
84900	0.001110454736
84963	0.002406078293
85078	0.0009457431795
85131	0.002464866098
85140	0.0009622646595
85209	0.001452541784
85317	0.0008629879043
85436	0.001579801018
85470	8.543899345e-05
85475	0.0001707661655
85496	6.585559844e-06
85514	1.235082049e-05
85706	0.0003177526224
85754	0.001096457099
85856	0.0007816592165
85944	0.01916030858
85956	0.0006327821879
86026	0.003557466044
86158	0.0007344956739
86250	0.005021251533
86256	0.00085080163
86301	9.567802067e-05
86404	0.0002709915749
86833	0.001341691027
86911	0.0005895375031
87161	0.001178590838
87162	0.003399716175
87285	0.0003944757336
87352	0.002463332122
87444	0.00174097399
87868	5.521716996e-05
87957	0.0005076320934
88073	0.002310930381
88082	0.0006716429377
88344	0.0005355248978
88370	0.00390002013
88383	0.01241439284
88399	0.00105633529
88410	7.267299571e-05
88536	0.0001808131988
88603	0.0002188195783
88604	0.002915008823
88689	0.002165220041
88887	0.0009515182269
89007	0.007526005277
89008	0.007288780816
89237	0.002342759068
89261	0.0001979024369
89316	0.004721326971
89334	0.0170519275
89388	2.970692585e-06
89397	0.0003620693646
89411	0.0003554662312
89523	0.001514695108
89649	0.003249963171
89679	0.0002372861602
89721	0.0001842510555
89794	0.004781166344
89795	0.0002687950682
89846	0.0005682074499
89883	0.003882702587
89937	0.0006082243633
90027	0.003314190479
90038	0.001319246644
90060	0.0004553364626
90063	0.004112769341
90163	0.006669261689
90378	0.00313113023
90877	0.0003967794393
90916	0.0003187967857
91142	0.003340337616
91213	0.005517408301
91392	0.002135756449
91471	0.001569198807
91502	0.003673782932
91524	0.001303563656
91626	0.0003823788268
91804	0.006996898348
91822	0.001456471818
92060	0.0007672216488
92081	0.0004250344695
92101	0.009840271332
92156	0.0009613212142
92295	0.0002615186888
92331	0.001847560841
92507	0.008861177927
92573	0.002377289359
92574	0.006438089341
92627	0.00501063547
92656	0.001258960507
92722	0.003674270631
92834	0.001863917397
92865	0.000796776615
93050	0.002731979583
93111	0.006386227326
93309	0.003822022633
93504	0.000682785419
93838	0.001150757903
93846	5.080490654e-06
93853	0.0001916127774
93910	0.0009499873848
93955	0.00100540647
94100	0.001850509829
94216	0.003195962946
94274	0.007013202369
94313	0.001630251222
94455	0.001551273131
94515	0.00621869101
94631	0.002991029373
94711	0.0007328827557
94822	0.0008993743571
94926	0.003623256886
94977	0.002372907139
95048	0.001299821435
95082	0.0033277105
95103	0.003478851545
95106	0.002853964832
95114	0.002928842581
95141	0.0009184776836
95172	0.01931237552
95226	0.0001822525398
95402	0.0001916237843
95421	0.0005312357142
95728	0.005091609872
95908	0.001622837823
96120	0.006348366731
96311	0.001689027002
96428	0.002352246027
96465	6.386773164e-05
96600	0.000907028921
96753	0.005581880562
96870	0.002523551482
97071	0.001468594284
97097	0.0004497913156
97197	0.0005782080405
97206	0.003800187945
97220	0.006192049449
97291	0.0005628845443
97407	0.01928391477
97431	0.003408421168
97694	0.009207645355
97742	0.0005769082921
97823	0.0007609705878
97912	0.002490789808
97919	0.003131983283
98023	0.009516163883
98111	0.0006813191483
98115	0.0002166582709
98208	0.002468785234
98226	0.001380114305
98227	0.001202150642
98259	0.003756732731
98279	2.858144572e-07
98295	0.0006698918055
98310	0.001480330332
98420	0.001816093392
98597	0.0009307393746
98787	0.01842562085
98883	0.001658108089
98955	0.006718971935
98982	0.0008724626441
98989	0.01248773798
98995	0.0009335403233
99067	0.003249224757
99200	0.003653128763
99232	0.001324328017
99245	0.0009895018676
99268	0.001996045873
99296	0.00146177645
99307	0.0008955482624
99369	0.001338054378
99414	0.001714626547
99421	0.001104077951
99444	0.002948272283
99676	0.002319965886
99734	0.00340139473
99844	0.001996042181
99870	0.008954514571
99957	0.000117582145
100001	0.002749651259
100050	0.0004201905937
100084	0.002527045979
100154	0.0008327486687
100173	0.001042798966
100422	0.0007645929459
100501	0.001453070922
100587	0.0003677447191
100614	0.0002408401678
100617	0.000381735176
100693	0.0001801826444
100923	0.005248129441
101229	4.483275105e-06
101344	0.002134010524
101530	0.001647707
101570	0.002384856881
101574	2.669132723e-05
101690	0.0008362856571
101983	0.0002894662954
102237	0.001852445253
102276	0.0002309493195
102277	0.001775079899
102330	0.0007916165935
102343	0.01031120775
102412	6.865216945e-05
102475	0.001259624179
102744	0.0005302487137
102759	0.001683705438
102938	0.0002062763744
102977	0.01149277043
103151	0.002371758041
103269	0.0002243377225
103307	0.0005945293554
103350	0.0002887040141
103424	0.0002322757193
103689	0.001744156854
103966	0.0003923443386
104144	1.384666468e-06
104153	0.002219675358
104155	0.003261477127
104185	0.005931980032
104260	0.0009571058921
104383	0.002737168185
104395	0.00110647665
104406	0.00503124747
104457	0.002559302867
104480	0.0004230850047
104514	0.000446735132
104528	0.0007449932501
104620	0.001444746554
105059	0.0007239708298
105090	0.0131279614
105150	0.00228346247
105595	0.007158756335
106047	0.002176391992
106057	0.00167417957
106171	0.003153857444
106211	0.0001528312421
106241	0.0007114889067
106320	0.001562086873
106343	0.001575326039
106362	0.0006173873807
106677	0.001910552754
106690	7.04571143e-05
106796	0.001167146931
106822	0.001286891408
107121	0.00343851516
107173	0.0003743184627
107244	0.0002382898752
107382	0.004544206239
107616	0.00138487897
107622	0.0008050921132
107791	0.001176346227
107933	2.049312863e-05
108049	0.001385701345
108106	0.001239071405
108134	0.008892723198
108152	0.0001398689107
108196	0.001389762119
108283	0.0009797276442
108310	0.001590187623
108385	2.845914728e-08
108400	0.001038669726
108533	0.002121089687
108823	0.003670694427
108888	0.006710477954
108951	0.008387042755
109134	0.0007762738476
109164	0.001509435717
109216	0.003792615662
109268	0.00269588864
109327	0.001457357784
109340	0.004574920456
109396	0.003657203513
109398	3.699968115e-05
109466	0.001341860247
109539	0.002579944545
109689	0.002066136743
109760	0.00204635352
109787	0.006093944217
109919	0.01216534672
109969	0.005536779025
109972	0.001908104221
110714	0.0002548021343
110738	0.002266767956
110850	0.000225270951
110866	0.0007083565388
110998	0.005783111498
111071	0.003576166855
111139	0.0001617338906
111286	0.0004577879262
111545	5.714612833e-05
111548	3.762636874e-05
111585	0.0005908717558
111684	6.255226039e-05
111837	0.0006581546186
112026	0.001287378446
112081	0.000505270963
112086	0.0001847981459
112098	0.0009169153078
112227	0.001744343655
112310	0.0007016602368
112444	0.002155444555
112552	0.0003251179465
112706	3.0003477e-05
112799	0.006437534109
112806	0.0001905039623
112989	2.664498526e-07
113008	0.001240620201
113050	0.002239255411
113265	0.002178585471
113329	0.002634553073
113365	0.0003568281853
113535	0.001021168466
113616	0.0004134951054
113621	0.001387082186
113641	1.842606859e-05
113658	0.001169762737
113778	0.002839744265
113885	0.02097758546
113947	0.006043713033
114122	0.0007062210917
114153	0.004022105743
114534	0.0008270350004
114577	0.005396798631
114631	0.001752278808
114663	0.003370657817
114699	0.0007657676696
114740	0.001948132417
114745	0.0002219787959
114767	0.001681685606
114821	0.002065320102
114824	0.000325010465
115144	0.002398241286
115206	0.003383748516
115229	0.0009325659817
115242	0.002215203428
115518	0.0007966551409
115562	0.003212899234
115593	0.002345506026
115599	0.002140701611
115665	0.001704711319
115678	0.0009611175686
115865	0.0004983248825
115912	0.001403879344
115930	0.005213561302
115968	0.008153592624
116059	0.0005065454333
116178	0.0001834831556
116243	0.002112124622
116287	0.005491560041
116338	0.005928155279
116395	0.006052442666
116409	1.58956369e-06
116477	0.008913360619
116495	0.0002294010811
116637	0.002287569618
116650	0.0016595002
116691	0.001768251999
116726	0.0001473341192
116860	0.001486418194
116913	0.002231135462
116933	0.001695381195
117061	0.001473097445
117102	0.001419586577
117118	0.0005929940708
117125	0.001679531461
117294	0.009061096675
117313	0.00386460833
117325	0.00590872698
117429	0.0002676230048
117431	0.0001760872793
117539	9.066055899e-05
117586	0.0005809357921
117611	0.00132246232
117708	0.0005826467803
117900	0.01060631166
118243	0.0008971283786
118341	0.006053799492
118360	0.003763984501
118692	0.0006283797083
118705	0.002068488399
118725	0.0005867203205
118754	0.0006748043605
118948	0.001415988587
119060	7.32727286e-05
119066	0.0008514849318
119152	0.0005144645577
119186	0.002269327304
119297	0.0008102423171
119365	0.0005352091169
119727	0.001518174426
119958	0.003814645725
120037	0.007062547929
120101	0.001810474589
120196	0.0006337731782
120225	0.002032401641
120483	0.001455614203
120618	0.03019153436
120656	0.001178652615
120729	0.001008330272
120835	0.002134801168
120840	3.270368865e-05
120944	0.0006310527779
120990	0.002885076104
121139	0.0004097800129
121221	0.002239923856
121288	0.006247372562
121369	7.04607718e-06
121509	0.001603791066
121557	0.0009567374501
121582	0.001597256055
121882	0.002842011314
121897	0.0006011024734
121947	0.0004989192505
122019	0.006207033346
122035	0.001917141704
122093	0.0005582901191
122311	0.00262681024
122532	0.0001990602604
122547	7.004818316e-05
122647	0.0001879657309
122811	0.008831046268
122887	7.113305863e-06
122947	0.0001995568674
123030	0.00684255691
123055	0.0001756265392
123109	0.001443703793
123192	0.005215764242
123291	0.0001581767404
123339	0.001236677745
123381	0.01428514732
123419	0.002808916357
123451	0.001896518031
123518	0.0005998341153
123558	0.004610412292
123879	0.002911669544
123930	0.001286935868
123942	0.003526020201
124093	0.0008387486344
124113	2.067672428e-05
124154	0.000972083166
124255	0.0003566385778
124406	0.002623829088
124425	0.001648652807
124474	0.0004496931758
124489	0.002410820769
124646	0.002871099379
124685	0.01055282809
124702	0.006751158511
124738	2.499728933e-07
124745	0.02980007438
124800	0.0005728822797
125099	0.0005424126108
125124	0.003104906548
125188	0.003440701417
125254	0.000912861884
125346	0.0004517714182
125394	0.000130907448
125400	0.0002243870249
125463	0.000472440283
125478	0.001644843425
125530	0.0002534835847
125803	0.0003441099923
125822	0.001782059774
125823	0.001580905015
125840	0.0006250640112
125879	0.002467903395
125881	0.0008570667695
125981	0.002179149999
125992	0.001058158251
125999	0.00117570901
126064	0.01676691211
126075	0.006250481644
126087	0.0182474074
126143	0.00382702604
126147	0.0001764559206
126200	0.001097368124
126319	0.001093302524
126335	0.003312792072
126342	0.0006311528224
126362	4.667275116e-05
126631	0.003060753833
126637	0.0007765765433
126783	0.00361432407
126825	0.002165865197
126867	0.003053124578
127025	0.001702078838
127035	0.000187480231
127104	0.01009647703
127114	0.001464574004
127188	0.002101952164
127190	2.207452448e-05
127223	0.0003480171015
127237	0.001048455487
127259	0.0001654570841
127292	0.004032701984
127306	0.002900418951
127504	2.545213997e-05
127532	0.002919966411
127568	0.0005712802656
127605	0.00839911307
127646	0.0001881258487
127718	0.001257402518
127857	0.0005038645485
128126	0.001139823227
128170	0.001133109525
128244	0.0003793322279
128379	4.752788887e-05
128615	0.000592924141
128688	0.002170069886
128696	0.0004705011201
128743	0.009793100125
128772	0.007219391463
128930	0.003920093069
128967	0.003570297527
129048	0.001824053158
129298	0.0002587883242
129464	0.006453539
129531	0.00339469868
129666	0.001056982785
129673	0.001516466492
129820	0.001116188939
129902	0.0007114257514
129966	0.001365421304
130073	0.001490016962
130118	0.0001265117313
130564	0.0008869290255
130923	0.002926440828
130933	0.001221850306
130975	0.004509116856
131114	0.0002498303723
131132	0.0004621394387
131134	0.0002111159755
131262	7.871385342e-05
131418	0.001250439478
131498	0.0002578675282
131504	0.0003117873597
131604	0.001714955086
131675	0.001083490172
131733	0.001018542906
131783	0.01608997895
131969	0.0005132533042
132165	0.002517185837
132221	0.0007185905235
132223	0.0001270464472
132359	0.002128718741
132380	0.001511396725
132434	0.001901443216
132481	0.001235008132
133001	1.359317341e-05
133023	0.001601952425
133128	0.005416378987
133196	0.0001991153528
133485	0.003531305524
133529	0.001030901769
133691	0.0009955771593
133828	0.00390795219
133870	0.00105189815
133927	0.0001280134377
133992	0.01238198543
134009	0.0009902914922
134021	0.008007322846
134063	0.005376928941
134071	0.001501125139
134180	0.003165865359
134279	0.008263046572
134382	0.0215418135
134433	0.002607450086
134522	0.001640775638
134574	0.00205392587
134604	0.0007444041135
134667	0.0003329966973
134744	0.005208641556
134800	0.001863767595
134911	0.0008205169577
135008	0.0012763804
135085	0.0006022984924
135115	0.001084304829
135400	0.000353237217
135455	0.0002810520832
135549	0.001446737409
135611	0.0004112317241
135616	0.000507635162
135859	1.031107749e-05
135985	0.00183893819
136174	0.01333917289
136186	0.002200438087
136355	8.985522169e-05
136426	0.001080580749
136453	0.001478946165
136548	0.003006328283
136665	0.00293115492
136690	0.0002047249066
136738	0.004659149324
136900	0.0001692166466
137156	0.001489190319
137195	0.0006871082488
137413	0.0003875519833
137416	0.0004466102019
137511	0.009172095589
137619	0.001668019944
137666	0.0001013216037
137678	0.002687793299
137695	0.006448188674
138039	0.0006602313364
138126	0.00302480139
138153	0.001425426426
138162	0.001707689369
138176	0.0007567845844
138231	0.004692269985
138513	0.002341465782
138521	0.01957533621
138664	0.001522966668
138722	0.001738921467
138844	0.001428080466
138880	0.003099894552
138931	0.001550950479
139027	0.0007947535479
139063	0.004646935993
139091	0.0005413474743
139258	0.00378563602
139302	0.002351099969
139382	0.00101035023
139507	0.00118625186
139514	0.0004830681756
139550	0.001176963359
139566	0.00408325028
139590	0.004717243935
139622	0.007008625479
139720	0.00443092364
139804	0.001038139034
139824	0.0003207375673
139854	0.001247556207
139978	0.003163471552
139979	8.953857326e-05
140063	5.085585652e-05
140456	0.0001284173119
140566	0.0008854108765
140885	0.001435227138
141184	6.479681257e-05
141279	0.001717428742
141768	0.001645784948
141943	0.0006182174961
142032	8.389547516e-06
142047	0.000369715552
142068	0.002550777395
142250	0.003373191812
142385	0.00137547539
142393	0.0009977230171
142440	0.00366057355
142706	0.0003611344483
142963	0.0003753299937
142994	0.001423124039
143104	0.003750907249
143180	0.0008075449439
143208	0.0003536081177
143444	0.001252874787
143452	0.003251954751
143512	0.0001771664309
143521	0.007390300475
143919	0.001357709721
144148	0.0008070986449
144378	0.0007050010386
144380	9.026801106e-05
144525	0.0001522280839
144581	2.275224612e-05
144584	0.001568712872
144645	0.01310368132
144706	0.0007119534037
144717	0.0002073008417
144802	0.002814655017
144806	0.0005689335597
144929	0.007112821877
144961	0.0008861672982
144993	0.01300163865
145199	0.001190685672
145211	0.000119617244
145223	0.0004216385006
145228	0.001604714472
145349	0.001522116071
145566	0.0004955421626
145597	0.0003009002124
145605	0.0002360542637
145625	0.00824367058
145641	0.003047336551
145655	0.001257815984
145688	8.49308409e-06
145694	0.0002637520349
145721	0.003926910256
145815	0.0005007633311
145932	0.0005748106806
146104	0.001272558746
146136	5.438233181e-06
146311	0.002329578296
146347	0.001525536015
146422	0.0007570824456
146508	0.001768256242
146589	0.000769554149
146698	0.01256710449
146751	0.0005525745501
146840	0.007026813204
146844	0.008277873443
146905	0.008437066721
147068	0.006054037104
147091	0.0009932593304
147129	0.0005794718822
147325	0.003656247712
147353	0.003030921866
147400	0.0002155123128
147452	0.0006049957185
147602	0.0003277812631
147754	0.000114529569
147917	0.004843213528
147973	0.00215176168
148095	0.000488001574
148175	0.002792154913
148264	0.002741077707
148306	0.0173306545
148401	0.001461753
148548	0.0001279501734
148584	0.006693460643
148615	0.0008376623204
148672	0.0029449644
148687	0.02306092856
148939	0.0002858191713
149039	0.00149186499
149130	0.0008090353481
149134	0.00396636386
149172	0.0003335011626
149223	0.0003979670897
149230	0.01161430878
149533	0.002306311138
149589	0.0005087871634
149626	0.001952000877
149709	9.981704173e-05
149760	0.002567611858
149830	0.0002667407153
149950	0.001254136789
150014	0.0006514794396
150061	7.41488046e-05
150187	0.005954456434
150271	0.000834602375
150274	0.0001439535189
150484	0.004264992071
150551	0.001761193478
150645	0.007542154512
150652	0.001391652677
150654	0.001195188717
150674	0.0022663267
150708	0.001436448119
150736	0.001147688411
150757	0.001119640908
150791	0.002236313589
151092	0.001102391865
151185	0.01054692129
151275	0.006033564281
151546	0.001133319181
151587	0.000295067878
151723	0.0003259153314
151732	0.000918808466
151786	0.00159391388
151900	0.01118817969
151923	0.002015486997
151975	0.01743854075
152122	0.0005171434049
152168	0.02150384303
152265	0.001222681025
152334	0.002859996581
152340	0.0002559508866
152348	5.161371444e-05
152432	0.004800403442
152449	0.003667175477
152764	0.001854709935
152785	0.0006498385161
152834	0.0008049596512
152853	0.003422687753
153177	0.003619444845
153199	0.0007950944321
153423	0.0006637503829
153460	0.002471546767
153604	0.001229902446
153732	0.001575292418
153848	0.000186113127
153870	0.0004452551867
153936	0.004914747463
154018	0.004692619604
154044	0.0009221434542
154067	0.002540670054
154068	0.0004043992075
154132	0.0006714392405
154143	0.0003912297082
154190	0.01096457738
154346	0.0005015068643
154363	9.836951824e-05
154527	0.002359520015
154681	0.0004084909863
154760	0.0005090807607
154892	0.001783426008
154903	0.005773082071
154984	0.002562589777
155070	0.001598943883
155110	0.0006946136778
155132	0.001249864421
155228	0.001352237049
155231	0.004271252675
155267	0.002194889332
155443	0.001400667966
155671	0.00500540529
155694	0.004211130179
155885	8.824906001e-05
156127	0.001144688116
156293	0.00106268692
156314	0.003021555402
156340	0.003693492846
156354	0.005187066468
156631	0.0007723529248
156667	0.001313267153
156674	0.002029463005
156706	3.67337676e-06
156784	0.006786058074
157014	0.005623937629
157136	0.01445926267
157414	0.0005931264283
157416	0.0002053180578
157481	0.001904680778
157482	0.0007007558983
157620	0.002335583571
157641	0.0007238690147
157710	0.003051611693
157790	0.001430695428
157843	0.001043327804
157864	0.01041076325
157950	0.0004232235723
157989	0.0003677546582
158062	0.0003842821854
158211	0.0009709994313
158401	0.001799734105
158476	0.002146095854
158479	0.000291041708
158570	0.000846925233
158664	0.0170691468
158759	0.001104635085
158794	0.001744961502
158849	0.002847438474
158895	0.005665481192
159093	0.0006781039299
159107	0.001389146334
159121	0.0004642400944
159212	0.002573878971
159299	0.0005184776947
159320	0.001581706416
159555	0.01841869214
159648	0.002238747737
159683	0.0003222572029
159704	0.001953253191
159711	0.001330103061
159891	5.512793202e-05
159893	0.005589770548
160014	0.0009669062547
160060	0.0005182737744
160154	0.001200764776
160321	0.002756879106
160430	0.0004235299548
160432	0.0006446504133
160507	0.004820508104
160606	0.00137435414
160704	0.003758547937
160735	0.001360855431
160850	0.0005777833235
160886	0.001459460702
160918	0.001490306494
160970	0.0002800169973
161061	0.003276366652
161063	0.002282015284
161149	0.002885402666
161151	0.001534440331
161169	0.001530724982
161204	0.0004812810949
161237	0.001617121809
161294	0.005192352659
161318	0.0001910973838
161360	0.001295405907
161556	0.00256332409
161615	0.000782070325
161748	0.00118071912
161982	0.0001546745554
162191	5.445343757e-06
162268	0.0005592319215
162278	0.001324391262
162445	0.02559168179
162530	8.89090632e-05
162653	0.003333199891
162681	0.001142036175
162715	0.000550873707
162725	0.002019477348
162821	0.002233756167
162929	0.004536868129
163121	8.884004307e-05
163129	0.001360370669
163154	0.009002026732
163229	0.001392893483
163365	0.0008580926758
163454	0.0002345929408
163603	0.0004932690503
163715	0.0001550516436
163792	0.0007317785411
163858	0.0004669062552
163869	6.149141999e-05
163944	0.001083980314
164069	0.00705216717
164147	0.0001135913587
164205	0.002455444257
164286	0.002242316619
164337	0.0001894295597
164455	0.0001752926868
164512	0.001539021832
164517	0.004067248726
164532	0.007144908473
164567	0.002891235212
164610	0.002280536435
164685	0.0001341428737
164717	0.0008669093757
164765	0.00047367954
164933	8.920434907e-05
164981	0.0003111184017
165140	0.00642792433
165258	0.002435232243
165305	0.0003990942757
165356	0.002562490212
165387	0.01328194169
165464	0.002175853046
165473	0.001098731958
165479	0.003329259064
165509	0.001936708488
165604	0.001193330205
165673	0.003265275562
165690	0.001168924292
165747	0.00916409888
165810	0.00336031858
166010	0.0009560635615
166060	0.001817789211
166131	0.005320200113
166196	0.0006391012155
166491	0.001824939766
166499	0.002090939914
166508	0.001457829816
166554	0.001276927691
166594	0.0004947167662
166675	0.00069467432
166761	0.005748123138
167012	0.0009558664208
167659	0.003097515097
167733	0.002015226538
167899	2.980678596e-05
167983	0.003754793104
168053	0.0002470718475
168224	8.387027414e-05
168256	0.002163433451
168274	0.0006567521376
168279	0.002280950358
168329	0.0004544031026
168454	0.01216689595
168529	0.0003348547516
168717	0.005473007697
168776	0.003841541713
168816	0.0007584212089
168830	0.0007729197849
168969	0.006909251709
169003	0.0004439752679
169130	0.0005368728798
169171	0.0004519554539
169282	0.00270787886
169340	0.003606949055
169492	0.0001985178081
169650	0.001622019448
169715	0.004542826681
169771	0.0004416886164
169821	0.001011099275
169823	0.00144429277
170051	0.00137489994
170208	0.01181980952
170305	0.0001452465646
170315	0.001075262705
170362	8.0135946e-05
170426	0.0008584948634
170633	0.0003700140491
170828	0.001732344524
170857	0.001792282528
170878	0.0003805249591
170958	0.005641646041
170959	0.003286834624
170977	0.0006660465789
171000	0.003192084967
171029	0.005200514145
171309	0.0003423598645
171492	0.002718663913
171549	0.004841907368
171798	0.001854857181
171846	0.002796999911
171960	0.001189593874
172012	0.005113784614
172073	0.002819926045
172103	0.001385245008
172228	0.001483109637
172276	0.003050654643
172290	0.0003723474495
172477	0.0001925367674
172616	0.004836621733
172733	0.0009363330847
172768	0.01091486256
172808	0.001314822448
172820	0.0008942833778
172901	0.000253619222
173005	0.0009251831735
173074	0.006048290248
173175	0.0001632408653
173231	0.003028191092
173237	0.0008417900317
173317	0.0002931642033
173320	0.0002449888497
173334	0.0001606253737
173380	0.002413929492
173483	0.002159407822
173561	0.0002683197227
173563	0.002099531121
173602	0.004312336923
173762	0.002732111355
173855	0.0003931646339
173913	7.121389721e-05
174108	0.00423022723
174207	0.00651574761
174388	0.0005024753001
174608	0.002114588554
174653	0.001671436254
174683	0.0003575523281
174746	0.008255721828
174871	0.001113680939
174916	0.0002906713025
174973	8.049852293e-08
175052	0.01203818437
175084	0.0003600175768
175148	0.004967814324
175197	0.003759163264
175241	0.0002129085085
175521	0.00295519453
175545	0.002641496669
175586	0.000355894199
175598	0.001350558976
175692	0.001557966088
175797	0.01810318488
175854	0.00205076362
175917	0.003474114762
175970	0.006441749013
176006	2.375210117e-07
176127	0.0006113760836
176223	0.000277298167
176301	0.008307941004
176359	0.006920969237
176559	8.148647956e-05
176717	7.485828158e-05
176780	0.0008005605757
176782	0.001262432577
176795	0.003238627445
177194	0.001060561427
177423	0.001039410325
177449	0.00783234308
177490	0.0006204398035
177538	0.006218496461
177793	0.0006516684441
177860	0.003276398254
177897	0.001026728927
177957	0.0004818078792
177981	0.004962334297
178007	0.001059916471
178042	0.0006306806249
178210	0.001476237407
178264	0.002351952746
178343	0.008080763651
178395	0.0009545723829
178534	0.001983779446
178588	0.002658433175
178627	0.001121505901
178718	0.001224941263
178805	0.0001793655276
179030	0.001598467203
179096	5.916075784e-05
179297	0.0005724096389
179513	0.003228878571
179681	0.0004407505172
179792	0.003158188287
179825	0.002098947948
179837	0.0001144166911
179959	0.0002911280833
180080	0.001627921157
180137	0.002073529592
180240	0.002481656382
180378	0.0001702970424
180700	0.0004166057265
180794	0.01731128486
180941	0.0007270457605
181049	0.01523102465
181078	0.001554614872
181098	6.306868173e-05
181172	0.007841259158
181222	0.002913779551
181224	0.007273244563
181234	0.00106941584
181265	0.0001520997594
181412	0.0007115714428
181472	0.0001888865397
181525	0.0003280988861
181626	0.001921069446
181667	2.537814427e-05
181734	0.005179742014
181863	0.001703917172
181913	0.0005852206369
182204	4.045647807e-05
182617	0.0006130769436
182618	0.0009004358747
182692	0.0006593881101
182757	0.0007901124648
183010	0.002716098888
183015	0.002521281121
183028	0.0006374499141
183247	0.0004070497112
183542	0.0006368871916
183644	0.0009533552499
183657	0.001939781328
183671	0.003750578268
183940	0.0006187989802
183992	0.005497326526
184229	0.0005950714496
184235	0.0009303811246
184525	0.01555983668
184560	0.0226734339
184567	0.002356876515
184611	0.0009259826571
184802	0.0002264078717
185046	0.00267290454
185052	6.679222556e-05
185133	0.0008851844379
185388	0.000314610011
185453	0.0003641087392
185471	0.002166083266
185549	0.009528637085
185696	0.002407892476
185768	0.001036329465
185842	0.0003666865049
186038	0.002720005945
186050	0.002498006493
186226	0.0001937791183
186287	0.0003033287366
186480	0.002087122622
186542	0.0002532660713
186689	0.001950165609
186809	0.0007789214317
186933	0.001203510761
187076	0.002155108077
187114	0.002402660606
187131	0.003813968968
187195	0.004379600238
187444	0.0009985640007
187464	0.0005714084278
187509	0.0008567074645
187520	0.0009611394801
187558	0.0006659213532
187611	0.004032624481
187684	0.01226647344
187723	0.004650099002
187831	0.001340097271
187850	0.0008154518545
187858	0.003430395531
187861	0.002204821422
187879	0.01029801259
187904	0.003745592435
187945	0.002219632554
187957	0.0006938540416
187994	0.005013419643
188000	6.892880249e-05
188008	0.004831479128
188125	0.0007639474035
188127	0.001272986174
188211	0.001436030655
188315	0.001168732209
188316	0.0005973211286
188496	0.003912395313
188567	0.006115058159
188620	0.0009194348019
188843	0.001344593291
188856	0.0001599970707
188985	0.0001152252705
189205	0.0008593173142
189357	0.00703086626
189372	0.001685504414
189506	0.003496827776
189544	0.001368353413
189545	0.002965056908
189655	0.00802416342
189694	0.002483617675
189785	0.002851611417
189788	0.003634296414
189818	0.001559617604
189824	0.00374312397
189990	0.000325662128
190020	1.707863307e-05
190023	0.01040260607
190060	0.001293788814
190069	0.001383948003
190263	0.0003664934034
190330	0.0004852452741
190340	0.0001217415883
190360	0.001025855057
190410	0.0003050638987
190713	0.002434493908
190840	0.009354210494
190876	0.005007593602
190937	0.003124004433
191003	0.0004838361168
191050	0.0001120475006
191208	0.01429397902
191453	0.001044058123
191456	0.001938612964
191522	0.006613090303
191919	0.002895092122
191925	0.001894755525
192052	0.00473575171
192199	0.01196306004
192224	0.0008112076329
192305	0.005893989081
192360	0.007329563564
192410	0.0006019543942
192616	0.005057409509
192760	0.003712170043
192795	3.991672302e-05
192955	0.0002149654212
192957	0.003425105187
193015	0.00556807751
193044	0.002061439267
193241	0.0007596575786
193261	0.00503735008
193277	0.001312704423
193289	0.001011910742
193436	4.771521248e-05
193452	0.0004051249849
193550	0.00564467646
193674	0.010925396
193914	0.0008412054284
193959	1.767712883e-05
194007	5.799202234e-05
194201	0.0005118734953
194217	0.002336775858
194515	0.002674697949
194563	0.007566939102
194680	0.009505338995
194782	0.0003243495648
194839	0.0006583750654
194917	0.001657222171
195042	0.0007903855673
195132	0.003406736715
195215	0.0001719689529
195242	0.001317934141
195358	0.0002733901331
195460	0.001340372253
195486	0.0005987196027
195567	0.000889181404
195572	0.001997958583
195692	0.01213681892
195809	0.002584040674
195929	0.0007498466125
195957	0.0008508823754
195965	1.802716132e-06
196042	2.813907057e-05
196264	0.003625696279
196275	5.26469954e-05
196305	0.001028792876
196308	0.0008945424553
196403	0.001373756029
196407	0.0007557676967
196883	0.003104356435
196889	0.002222967454
196923	0.0001526351837
196928	0.0002642733405
197072	0.001264811084
197200	0.002080946249
197217	0.005331332388
197354	0.001076830488
197432	0.008318387971
197600	0.005849592865
197648	0.01954270683
197689	0.001501196659
197703	0.0008958015972
197777	0.004705560515
197816	0.001269659031
197936	0.001283796314
197960	5.234968854e-05
198054	0.001255191321
198103	3.942367947e-05
198227	0.001594908749
198300	0.0005864998331
198310	0.00680827308
198442	0.000550027294
198510	0.003006425564
198549	0.0003295868152
198613	0.001547204782
198742	0.002827948901
198770	0.0003700950613
198771	0.0009761720288
198867	0.006648086419
198877	0.001085094024
198937	0.00273660912
198946	0.001434523468
199006	0.0009895605747
199042	0.003239054765
199128	0.003749569005
199135	0.0006978136829
199164	0.0008362014383
199275	0.001583542011
199375	0.003713847301
199389	0.0008109531101
199479	0.001499539624
199791	0.001110835805
199941	0.00441040484
200281	0.0009946315994
200305	0.001249070218
200457	0.002166679526
200519	0.000896277883
200606	0.01207576403
200684	0.0007784853845
200946	0.002080542422
201028	4.530462593e-05
201361	0.0008811818191
201374	0.001114781418
201515	0.00290446042
201528	0.002653270289
201987	0.01123880183
202019	0.003581467058
202183	0.002688783514
202820	0.0009773214529
202853	0.0002343822263
203045	0.0014132296
203078	0.005770446199
203169	0.000837485714
203253	0.00306393048
203538	0.002207627719
203539	0.002001449555
203576	0.0005179173467
203738	2.601255076e-06
203795	0.0002527905181
203802	0.0007400426391
203909	0.001089358187
204030	0.001272630933
204238	0.002166850696
204370	0.003104496049
204666	0.005134355758
204806	0.0008749878466
204954	0.000347336961
204968	0.0006494427718
205022	0.0008102141309
205083	0.009235758447
205110	0.0005196370591
205200	0.001819628517
205258	0.002378542325
205281	0.002685226269
205299	0.0100871019
205352	0.0009490493707
205361	0.0001034421135
205450	9.854643019e-05
205553	0.003531283067
205752	0.0007206394039
205875	0.02119855559
205897	0.002257422508
206004	0.001143134669
206076	0.01031063368
206120	0.008660793091
206145	0.001706796056
206223	0.002298002516
206273	0.003904358814
206330	0.00264479542
206353	0.0008413900494
206510	0.0009442172239
206605	2.711952428e-05
206629	0.002099321605
206660	0.0006103381092
206971	0.002141687153
207008	0.001894602907
207032	6.068757376e-05
207147	0.001862941725
207151	0.002049246797
207165	0.004565856672
207259	0.0009254943141
207268	0.0008543041821
207372	0.005023647124
207502	0.004569005154
207572	0.002579446831
207604	0.0002071689629
207671	0.001944731012
207679	0.001839737294
207813	0.001465743719
208052	0.002185559515
208083	0.01267813183
208097	0.0008037975178
208181	0.005318526634
208258	0.0008722927097
208364	4.738514435e-06
208472	0.001079856692
208479	0.0009491717029
208652	0.0002834083601
208742	0.0001125667254
208753	0.002198189002
208951	0.0007610102748
208963	0.007179172787
208968	2.52956219e-06
209024	0.003676479376
209190	0.0005110142357
209319	0.0007478198273
209346	0.0004533258035
209366	0.000296839024
209463	9.841972882e-08
209482	0.0002342976422
209518	1.441253369e-07
209695	0.0009644544133
209899	0.001420248019
209912	0.001280851234
210006	0.001643600906
210010	0.0003214736799
210302	0.002111780789
210535	0.00211376542
210942	0.009409609999
211353	0.002115477571
211612	0.0006271614117
211675	0.001954718536
211681	0.001587119255
211775	1.55294747e-07
211794	0.0009230064555
211935	0.0002007297872
212056	0.004965962339
212390	0.006741574793
212439	0.005662522106
212527	0.007824013565
212529	0.004838370312
212556	0.000746554334
212617	0.0002423550989
212648	0.004154953413
212679	0.0001034731078
212718	0.002114171062
212795	0.003707506617
212883	0.002093423579
212933	0.001580949932
212985	0.004164575545
213040	0.001068928025
213105	0.004053738257
213126	0.00570287017
213141	0.002673269356
213194	0.000209419016
213365	0.00378685054
213532	0.00139134867
213566	0.0007323939012
213634	0.0009108570527
213749	0.001467945134
213936	0.000333353126
213992	0.003110115852
214311	0.003775019512
214323	0.004051551015
214331	0.005422527159
214374	0.0003004930369
214375	0.001351966844
214567	0.0001622709958
214591	0.001284218855
214607	0.00170401874
214652	0.01018190683
214854	0.0008803837575
214941	0.007979788971
215050	0.004592651768
215099	8.554646204e-05
215164	0.005017577952
215184	0.005387718578
215404	0.0009082000809
215530	0.00278982519
215531	0.001571717614
215640	0.001364407122
215720	0.001097845787
215767	0.000216128358
215786	0.0002304338528
215873	0.00159659834
215884	0.00353677174
215975	0.002674455975
216044	0.001572991866
216128	0.0006338300494
216171	0.00103255176
216180	0.002575201353
216252	0.0003175309205
216270	0.002680539923
216311	0.003165499107
216648	0.002423178351
216667	0.002999785114
216717	0.001270100204
217035	0.0006939210547
217413	0.003162979857
217472	0.002303803951
217480	0.00764358761
217568	0.004793276328
217651	0.002456572383
217771	0.0008403820045
217867	0.0001383969357
218157	0.007459048269
218215	0.0001389416774
218295	0.0002224149095
218356	0.007515468907
218490	0.000134707286
218522	0.003944008711
218528	0.0005560701846
218617	2.467149199e-06
218640	0.001214331169
218772	0.0003941106528
218798	0.0008118967431
218838	0.000737195943
218910	0.0009296038151
219009	0.00043025484
219079	0.001919065715
219087	0.002675767991
219170	0.00443925765
219575	0.003361950735
219628	0.0002435830044
219729	0.001310806353
219773	0.002924311865
219861	0.0004005396189
220241	0.001841133826
220329	0.002643462711
220476	0.00120193802
220542	0.0006752809557
220603	0.002574319945
220624	0.002074233659
220653	0.0001531699334
220691	0.001779495217
220724	0.0103210644
220874	0.001842910253
220881	0.001674744562
221000	0.007169647633
221156	0.008530209701
221202	0.001851263679
221208	0.0006696636514
221261	0.003989116606
221777	0.00147033234
221786	0.0010087767
221836	0.004065861513
221907	0.006926075637
221933	0.003143705996
221970	0.00146215935
221995	0.00209883657
222162	0.0009714045919
222173	0.003829449497
222214	0.004358632385
222275	5.1696939e-05
222311	0.005452729126
222324	0.002266654117
222456	0.0002760338595
222472	0.0006648382327
222495	0.0002951955085
222701	0.001357464439
222708	0.00131476214
222798	0.0006652225722
222845	0.01128910583
223013	0.001398299504
223018	0.003371276534
223032	0.004746382783
223287	0.0008801740215
223383	0.001273462435
223390	0.01618628568
223420	0.002794173199
223473	0.0009693696592
223508	0.002249941618
223704	0.002505413234
223708	0.0005120354494
224052	0.002802470206
224078	0.0001365714265
224115	0.002295292557
224213	0.0001156194056
224392	0.002894942886
224393	0.0009395896341
224413	0.001967939601
224420	0.003773266639
224674	0.006355392405
224710	0.01173961008
224795	0.0009613525147
224806	0.0002197816632
224902	0.0009424749376
224955	0.007970369284
224963	0.00253683257
225032	0.002180104014
225056	0.008661033433
225087	0.0003543518152
225107	0.001138666881
225169	0.002320781178
225215	0.0004026412142
225221	0.000153991581
225255	0.002588196796
225275	0.01106276339
225484	0.001627707841
225885	9.20899946e-05
225965	0.0006579349381
225986	0.001316499943
226004	0.0006232148486
226063	0.005136876527
226095	0.003402681521
226145	0.000682618019
226172	0.003868747144
226188	0.007523574512
226544	0.002402333769
226845	0.01152417238
226960	0.001374150456
227031	0.001527365466
227362	0.01377901462
227408	0.0003161710109
227427	0.000392849389
227600	0.001570204687
227669	8.282022203e-05
227744	0.01973111474
227799	0.001513010286
227801	0.0002350387411
227842	0.002916272375
227934	4.698125068e-05
228027	4.414304761e-05
228139	4.688207775e-05
228151	0.001601891978
228278	0.0003453544731
228435	0.0003490336324
228444	0.0003245522018
228603	0.00538720865
228671	0.001832177144
228673	0.00185177578
228790	0.002409030415
228889	0.001544230156
228933	0.0007459411763
228966	0.002810338073
228975	0.006773613322
229027	0.001175048534
229105	0.002935603716
229115	0.0006632369001
229116	0.00026587977
229218	0.0008715634376
229281	0.001307963835
229304	0.0003926549316
229306	0.0002014527314
229488	0.0002912584954
229735	0.008528978741
229773	0.0006890119677
229995	0.0009303158969
230009	0.0002004837136
230163	0.003462703547
230319	0.009974455592
230325	4.308609751e-07
230335	0.001761505366
230359	0.003097103355
230369	0.00196532735
230547	0.00152791142
230599	0.001590694258
230650	0.001623751747
230810	0.0007590427932
230824	0.004300157412
230990	0.005063778494
231026	0.0004257197315
231027	0.000603896675
231102	0.008331192873
231152	0.002454759134
231282	0.01188847255
231335	0.0006240901638
231344	0.0005593951269
231378	0.000573526139
231542	0.03492402859
231601	0.004358082979
231748	0.003630722103
231792	0.001262502599
231812	0.00729364781
231936	0.009000403135
232041	0.001773564265
232058	0.004366749673
232104	0.001710281703
232118	0.001874354625
232255	0.001734249722
232264	0.0005992617676
232450	0.003450108183
232514	0.0006708624236
232633	0.0003206330049
232708	0.003520623411
232795	0.001709931397
232832	0.001607018914
232878	0.004754846212
233057	0.008740271417
233219	0.00060318448
233229	0.0007051114776
233304	0.008801746516
233373	0.001857006587
233376	0.001204550142
233378	0.0007490343076
233418	0.003502239503
233521	0.01872644479
233529	0.002611552746
233568	0.001394122135
233632	0.005886803415
234039	0.001340167895
234185	0.0001321402674
234346	7.581019471e-05
234373	0.002345233698
234469	0.004514674187
234524	0.002619955331
234942	0.0009832110212
235369	0.0004044115218
235374	0.001854502454
235446	0.007758982813
235482	7.198975353e-08
235510	0.008420276681
235567	0.01664315782
235683	0.0006295284728
235715	0.000707196023
235820	0.0006642858505
235829	0.000806387438
235854	0.0029471219
235921	0.00010236508
236120	0.007334151774
236267	0.01262324898
236301	0.000604105225
236349	0.000448354714
236385	0.0001642615975
236394	0.007419707707
236411	0.0009808560647
236554	0.02137940654
236562	0.001633311474
236615	0.003644646308
236718	0.0003737931895
236853	0.006035807633
236938	0.0007742560306
237100	0.0005239475513
237272	0.0004609905477
237275	0.000509058965
237280	0.0003942019933
237313	1.138271335e-07
237473	0.000248303125
237697	0.01062784744
237775	0.0007327551147
237821	0.001844669108
237958	0.003867717292
237972	0.002028583766
238496	0.008403152037
238513	0.001169674398
238569	0.003013248482
238597	0.003546398089
238618	0.002070882956
238619	0.007919034156
238712	0.0001742305712
238745	0.007742402281
239245	0.001369068527
239277	0.0004852883371
239312	0.0006764351545
239428	0.005248048084
239517	0.01519280952
239528	0.002063758526
239720	0.001988602469
239736	0.002140452617
239753	0.009757913336
239779	0.001268186907
239850	0.009559107678
239887	0.0001604796249
239895	0.0006247403568
240053	0.002009960376
240082	0.008137204219
240177	0.0004623328494
240223	0.00143927326
240281	0.004266661766
240312	0.0005654532193
240413	0.002654075217
240426	0.001438213974
240520	0.0003347350292
240598	0.006762007916
240654	0.001255938476
240666	0.001027860798
240745	0.0001855714192
240757	0.002713888112
240925	0.004185725721
241079	0.001700619952
241235	0.003152259603
241558	0.001587001785
241565	0.007151937067
241600	0.0001659922748
241605	0.003286219896
241641	0.003190292847
241735	0.002479677895
241785	0.0005707207213
241804	0.002015371861
241847	0.001142028527
241854	0.01185488431
241952	0.009252636315
241994	0.005823971036
242009	0.01714099265
242048	0.01061376982
242322	7.381492386e-05
242346	0.004494954406
242402	0.001712463687
242556	0.002233693836
242731	0.006154963674
242751	0.002050406691
242835	0.007900930114
242887	0.001255543729
242896	0.0002729176126
242987	0.002809532828
243123	0.001342832301
243151	0.001051868875
243171	0.002416801046
243315	0.0002137440006
243330	0.008005255019
243377	0.001869582629
243493	0.0039398843
243686	0.0006009710735
243881	0.001092294727
243975	0.002460922356
244164	0.007134926534
244240	0.001585337289
244253	0.008468495158
244339	0.0002738551967
244373	2.574471646e-07
244431	0.002361962171
244596	0.001128008909
244632	0.000235232993
244664	0.003975495809
244919	0.006372499265
244944	9.126903714e-06
245155	0.009553962489
245245	0.0002955683091
245270	0.0001203826387
245315	0.001426165157
245317	0.0003572718927
245345	0.0001163877951
245384	0.002470761741
245405	0.0004951829825
245490	0.001575509325
245665	0.0002289878156
245735	0.01410091614
245770	0.002343055925
245837	0.0008031029944
245985	0.0001487195042
246002	0.0002619240594
246028	0.002668599148
246101	0.001042138529
246256	0.0003274920065
246354	0.001796180619
246424	0.0003943623855
246507	0.004192802335
246926	3.496224951e-05
247112	0.0008154974415
247183	0.000280225372
247490	0.000593234121
247575	0.001467075388
247576	0.009919339817
247599	0.00202184944
247755	0.001063118711
247819	0.005136813037
247822	0.00100749976
247887	0.0001743222465
248136	0.003149481546
248210	0.001887502001
248224	0.0008628342175
248239	0.0004175132166
248303	0.004895693727
248496	0.003299077457
248990	0.001857508911
249046	0.007775661174
249063	0.0008718809294
249137	0.01453112781
249152	0.003499088631
249228	0.01205704687
249295	0.001343579501
249354	0.001820187116
249443	0.002009778998
249475	0.006634550738
249587	0.001364778328
249631	0.0002596666392
249873	0.0007646025054
249875	0.02440487025
249987	0.001994482276
250017	0.002287979674
250084	0.002911204923
250107	0.0006728620944
250179	0.0035970894
250182	0.001867603989
250206	0.005019740722
250207	0.001633784001
250216	0.01336888858
250410	0.007861168102
250460	0.01248562518
250608	0.001327643228
250822	0.002302395342
250936	0.00189200413
251088	0.0005831302741
251150	0.0002992356514
251184	1.846283068e-05
251303	0.001858798447
251422	0.0009892377842
251503	0.004516936325
251507	0.02292423741
251517	0.0001934875171
251526	0.003938476937
251584	0.002082343139
251642	0.001934335073
251672	0.0001090100498
251804	0.002715464234
251840	0.00240980484
251891	0.002064989788
252005	0.0126471734
252034	0.0002508616338
252161	0.0007733940168
252186	0.0001580216201
252297	0.004831269175
252305	0.0001077118712
252346	0.003803136496
252501	0.0002903961951
252515	0.001498987407
252652	0.003585606171
252729	0.004333430331
252767	0.001501854615
252901	0.008741415142
252944	0.003208986473
253025	0.0003268409742
253059	0.0001977624057
253222	0.002464592631
253320	0.002404037274
253334	0.001187887102
253369	0.003787282484
253374	0.002529393427
253429	7.371504031e-05
253438	0.000366317056
253537	0.000491055244
253540	0.0002735494477
253611	0.01306234047
253666	0.0008834082749
253760	0.0001470976512
253824	0.003282813859
253960	0.0008338746898
254149	0.007634699172
254179	0.001428533545
254275	0.001194802867
254314	0.006036117687
254323	0.002088476885
254337	0.0003977011133
254395	0.0001079033249
254598	0.00533598981
254673	0.003635391584
254740	0.004106254693
254773	0.009724844538
254829	0.009098796093
254938	0.001378533921
254967	0.001382747218
254983	0.001379277437
255111	0.001165629353
255175	0.001440301661
255289	0.003411295378
255318	0.004150545544
255328	0.008510518657
255330	0.001504862273
255340	0.002030239571
255853	0.001841061354
256041	0.002257993264
256178	0.007965078495
256185	0.0141957447
256356	0.0001486420078
256441	0.0003755658905
256515	0.000944533696
256818	0.001201966643
256862	0.001024738494
256944	0.002500259235
257055	0.001052412005
257058	0.0008687877969
257084	0.002654628616
257086	0.001264455966
257213	0.002797796467
257260	0.0005794065472
257317	0.0005543095993
257356	0.005448782048
257383	0.003786747345
257425	0.001779880739
257478	0.001148871623
257603	0.01297625875
257611	0.001257078991
257635	0.007346076105
257786	0.00978729431
257805	8.488297996e-05
258240	2.74449493e-07
258435	0.003710037776
258476	2.373218254e-05
258573	0.002210336024
258670	0.002357134304
258689	9.33663091e-05
258759	0.001593505918
258771	0.000434359595
258849	0.004291472111
258910	0.009833091102
258956	5.274601303e-05
259181	0.00112648136
259249	0.007159132309
259347	0.0007492316353
259614	0.001335069923
259689	0.002454120484
259742	0.0003053377387
259752	0.0009404186436
259802	0.003353905608
260052	0.0005206452071
260068	0.0005521094914
260092	0.0004494280055
260430	8.417401799e-05
260448	0.0001316963535
260488	0.002014085949
260555	0.002089316017
260614	0.003892285255
260650	0.003366948118
260786	0.001459137391
260834	0.003290307027
260872	0.0004483532282
260907	0.004360741557
260931	0.0008621958661
260971	0.000170562829
261031	0.00504004064
261116	0.003278629908
261258	0.0002504103527
261405	0.003799969247
261496	0.001614150838
261497	0.004694199969
261553	0.004543402066
261566	0.003302631548
261813	0.004159509903
261819	0.005446159116
261833	0.0003933135409
261945	0.0030092762
261979	0.002798133711
262015	0.0006683119221
262024	0.0004354827948
262056	0.008237010417
262149	0.007506512222
262223	0.007845870196
262229	0.01039827029
262306	0.002212841722
262408	0.001273433462
262434	0.0003529344093
262449	0.001579178616
262667	0.0002594640712
262701	0.0005946870272
262808	0.006815850406
262831	0.0005354656602
262865	0.00118942649
263037	0.0008290312058
263149	0.001240494636
263229	0.007580720721
263239	0.002716685382
263343	0.008918934027
263344	0.004859020754
263347	0.009458482045
263367	6.242162165e-05
263424	0.002011051384
263459	0.0002594492973
263594	0.0007790574802
263596	0.01180435876
263748	0.006140051825
263792	0.007960102639
263828	0.0003206329561
263949	0.002262055444
264001	0.004407937054
264109	0.0009553618922
264187	0.0004899836206
264211	5.024482935e-08
264224	0.002757491818
264293	0.002776459911
264395	0.0009449137946
264398	0.0002736904728
264438	0.01197120418
264482	0.000397441587
264484	0.0006561000343
264485	0.0006216471939
264542	0.0009202762018
264627	0.0002365967776
264728	0.005757651934
264848	0.005848207386
264925	0.006677555378
264944	0.01396007482
265144	0.0007669976153
265209	0.008596687678
265397	0.00292719872
265401	0.007444152041
265447	0.001759310751
265555	0.007305603829
265585	0.0006364332848
265601	0.0006157750694
265792	0.001198075097
265986	0.0003804037839
266167	0.0002941193319
266367	0.0002853350397
266368	0.000663020281
266416	0.0005293560934
266436	0.0003025654963
266574	0.0003393807564
266741	5.261231013e-05
266798	0.003248324852
266937	0.005332465511
266948	0.002041793149
267062	0.0005548454557
267129	0.001623170614
267233	0.001315943699
267288	0.01014470305
267405	0.003276435755
267445	0.0001936146612
267465	0.001912471186
267479	0.001816592568
267672	3.929588754e-05
267751	0.008792837485
267808	0.003956606986
267906	0.002939479592
268039	0.005787968372
268105	0.0004051511142
268170	0.0002764757375
268221	3.946898142e-05
268257	0.001026163622
268346	0.0004579093986
268529	0.001322046654
268620	0.003876559156
268902	0.001092652833
269015	0.001025634272
269059	0.02199843576
269069	0.007862796088
269085	0.006417772575
269091	0.0004047912666
269107	0.003116457208
269143	0.0006063772305
269185	0.0008065859179
269269	0.003363103674
269283	0.002664286621
269318	0.0004696410175
269366	0.0001611328508
269404	0.007321171145
269467	0.001807292176
269526	0.0001884714254
269545	0.004754117835
269591	0.00509582704
269650	0.0002240757327
269657	0.007884742363
269760	0.003970514406
269792	0.01979284413
269895	0.002936647416
269997	0.009073571552
270009	0.0050504295
270120	0.002054527905
270196	0.0003745626922
270206	0.004210045914
270303	0.02891667354
270557	0.03268306594
270560	0.01031816658
270568	0.00235589749
270588	0.001790676988
270638	0.004308717034
270669	0.007697887825
270783	3.332822305e-05
270865	2.849098003e-05
270963	0.002278177323
271047	0.001265318209
271194	0.001556459205
271266	0.002643020933
271278	0.00366941062
271393	0.00304036821
271465	0.003328127708
271472	0.00817693859
271502	0.01590889318
271727	0.0003891533452
271865	0.001488527466
271887	0.0003671316224
271958	0.0002523792675
272284	0.0004693798092
272361	0.001804659182
272496	0.0003590805738
272556	0.003366431495
272821	0.00109195633
272855	0.0008574190733
272876	0.001258769751
273027	0.006186369192
273139	0.0003328215519
273203	0.001199457302
273206	0.009702745429
273274	0.003285223779
273340	0.0009678573645
273395	0.0005876128469
273552	0.002167186848
273787	0.00696640465
274057	0.001371677064
274123	0.0156185658
274176	5.883058236e-08
274407	0.001449709655
274485	0.01079091696
274536	0.01256224154
274574	0.006088180376
274604	0.0006095728028
274798	0.001945396783
275041	0.00123958379
275103	0.002010959452
275224	0.001036739809
275525	0.001159466008
275549	0.002035632204
275568	0.0009145592882
275637	0.01069922134
275641	0.001091544999
275727	0.001367437291
275880	0.0001740342665
276111	7.989271505e-05
276157	0.002648869903
276182	0.0008060456808
276189	0.0006555426763
276262	0.001067150377
276268	0.015145386
276278	3.523003075e-08
276340	0.004530786683
276438	0.0001548341444
276465	0.0007759923206
276466	7.120428302e-06
276554	0.0004047302302
276677	0.001021121637
277110	0.003896364117
277134	0.0005664697974
277222	0.002140994171
277261	0.00849706259
277304	0.000363722846
277310	0.00104776111
277317	0.0005139028749
277439	0.0004300115593
277577	2.361952012e-05
277617	0.002278580958
277636	0.0007867498327
277679	0.001317165016
277761	0.002416259801
277816	0.003324273224
278244	0.001590200638
278263	4.099151241e-05
278475	0.0001775389985
278627	0.0009643472395
278644	0.001917046696
278862	0.007759999085
279296	0.0008778011653
279303	0.002615353088
279469	0.0004710389579
279594	0.0005557250021
279709	0.0005716440383
279713	0.008623385123
279745	0.00542123019
279746	0.01111512003
279770	0.0131286685
279808	0.001064324304
279905	9.676576679e-05
279979	0.0001726590297
280023	0.0003919151353
280049	0.002474866576
280162	0.00903539315
280210	0.0009616909282
280337	0.008205991102
280568	0.002065358049
280697	0.0001987989663
280981	0.000316073897
281324	0.000453282228
281407	0.00112872357
281546	0.007380418313
281558	0.0007618090009
281648	0.004088959619
281713	0.0001893692917
281753	0.009573859854
281777	0.002210370978
281868	0.001575284214
281911	1.758569027e-07
281920	0.001835156207
281998	0.01011730691
282006	0.001287190541
282064	0.004416150413
282092	0.001039162226
282097	0.00186650874
282100	0.004138390519
282101	0.001264911951
282103	0.02891824671
282118	0.0006228662092
282205	0.003336842202
282220	0.0007699039683
282283	0.006137924573
282468	0.006112257858
282565	0.001302366151
282665	0.0006912004973
282774	0.001523419109
282851	0.005807270866
282918	0.001116074044
283203	0.003134382048
283434	0.002171541412
283868	0.002746667203
283876	0.0004264005187
283969	0.001658164605
284144	0.0024800964
284149	0.0001086182103
284161	0.003667471027
284279	0.004015568809
284598	0.00425112846
284679	0.0003286195105
284737	0.0002941182801
284834	0.002663185467
284957	0.007187400745
285101	0.002118700444
285151	0.004166714155
285206	6.600196078e-05
285207	0.0003048740253
285251	7.539959088e-05
285295	7.124034803e-05
285399	0.001580191714
285515	0.003706773862
285516	0.00647647254
285532	0.007822345051
285614	0.002967147114
285626	0.00176187275
285739	7.948045029e-05
285873	0.0004864863134
286070	0.001099640261
286280	0.003231412712
286289	0.0001237754632
286354	0.002102006078
286375	0.0005277329024
286571	0.006581599017
286659	0.0008006301524
286813	0.000141328103
287026	0.007024903569
287217	0.002215976685
287514	0.0009095570982
287563	0.0006096406772
287624	0.0008341484122
287787	0.0004912190201
287984	0.009116854316
288180	0.00194841975
288187	0.0001086005086
288326	0.002897357049
288475	1.906053134e-06
288556	0.0003461059514
288673	0.001194835864
288701	0.0001401440535
289081	0.01327684471
289122	0.001206309371
289170	0.001549583877
289409	0.003691449666
289444	0.007228612078
289454	0.001378071782
289501	0.0002477656322
289595	0.000469406635
289738	0.01333050486
289796	0.0002154538707
290020	0.001984898087
290023	0.0009214534646
290032	0.001319396784
290094	0.002782233627
290283	0.004748579251
290356	2.765653878e-05
290401	0.0003470695398
290464	0.004152830186
290826	0.0004894910996
290848	0.001066476939
290874	0.004922338143
290911	0.0001439662794
291179	0.0001658709072
291181	0.0005398749216
291389	0.009403675156
291440	0.008214488834
291645	0.001117457768
291739	0.001841918101
291843	0.00418746229
291911	0.0006763630035
292380	0.001503146706
292402	0.001417750955
292452	0.004227903669
292654	0.001822136014
292803	0.001558176809
293045	0.001936369964
293048	0.008266612234
293057	0.007130894014
293148	0.002086460073
293212	0.003870389366
293523	0.004180025684
293529	0.001079438609
293595	0.0001992710257
293871	0.0003314020773
293878	0.002253401788
294082	0.0009168415171
294348	0.01095170183
294494	0.0006541205719
294588	0.01029513546
294609	0.01037997857
294668	0.005237984892
294723	0.005293576183
294907	0.0006179854775
294985	0.002024813762
295284	0.0008186704338
295285	0.001198181697
295515	0.000895172971
295572	0.0006119605347
295629	0.01809451924
295695	0.00326599913
295855	0.0005801149233
295898	0.003564021807
295933	0.005733941709
296081	0.00274803101
296143	0.0007579333032
296174	0.006062998197
296520	0.008260752011
296758	0.001127519892
296824	0.0005512865904
297068	0.002987522758
297073	0.0003543292652
297118	0.001960456844
297155	0.0005541304767
297198	0.008753607779
297221	0.001131027489
297320	0.0006624372226
297700	0.001877459682
297712	0.008449633638
297759	0.001185387282
297767	0.005531156111
297784	0.002302492126
297830	0.003618806302
298108	0.002701050399
298253	0.0001849917255
298260	0.002362686893
298487	0.0002500301344
298511	0.007395479092
298528	0.000588852583
298564	0.008767671041
298663	7.048655684e-07
298679	0.003668694468
298944	0.0002126637537
298960	0.00135337599
299225	0.0009855056919
299338	0.006499836785
299364	0.001622659914
299374	0.002275724334
299400	0.0009608629261
299521	0.005965860021
299537	0.0009707367641
299553	0.002378621218
299557	0.001207928297
299636	0.0006924685746
299681	0.0001593052104
299752	0.000835409062
299862	0.002970669677
299910	0.002042395297
300028	0.001544766922
300142	0.01123329756
300174	0.003156454157
300276	2.429556962e-05
300340	0.00348961804
300378	0.000326497252
300387	0.001944251822
300444	0.007073179521
300445	0.003389152351
300642	0.002250922105
300806	0.0007976770528
300924	0.01828508417
300944	0.0005502349531
301059	0.003552625022
301088	0.0002257529871
301113	0.001348515961
301202	0.001691021295
301529	0.009584126508
301608	0.0001942242181
301628	0.004708099409
301876	0.0003356553703
301904	0.003810258683
301945	0.00166413079
301991	0.004831565011
302039	0.006409441732
302074	0.001344935964
302284	0.001106564099
302490	0.01418886647
302499	0.001471883004
302681	0.001231038233
302693	0.001484236142
302719	3.776220766e-05
303202	0.01514324859
303218	0.00767416878
303253	0.005300175286
303349	0.001330368208
303423	0.001760917053
303510	0.001876660047
303605	0.003782277348
303640	0.002798941237
303684	0.001966143738
304071	0.0008302212754
304074	0.006713188994
304143	0.002815648861
304187	0.002744776921
304214	0.001555361558
304225	0.002844926403
304306	0.00057730993
304315	0.0008937179063
304330	0.01423213029
304333	2.768563435e-05
304335	0.02440532842
304463	7.584913679e-05
304621	0.008593871335
304652	0.002003492728
304914	0.002125340567
305004	0.001286317586
305071	0.008917820986
305207	0.01421578399
305366	0.001153973972
305610	0.0001784365124
305634	0.0003871311862
305672	0.002089150576
305712	0.0004067376176
305719	0.0004544469997
305733	0.000703431467
305919	0.0005599243987
305934	0.0003716961662
305970	0.003718705117
306094	0.0001391639736
306119	0.0005448183044
306153	0.0002562030788
306167	0.0002210919425
306196	0.0008498118007
306292	0.0003105408001
306319	1.461979718e-05
306493	0.003402130677
306549	0.0008573976063
306624	0.004829181798
306742	0.000876748991
306818	0.0009194184331
306853	0.001019811059
306881	0.01711332432
306967	0.0005289477669
307059	0.00921315783
307103	0.0002852954333
307118	0.01374251449
307121	0.0108169994
307186	0.002539498531
307339	0.002082214062
307351	0.01125373119
307497	0.0002580623614
307641	0.001944116542
307950	2.49077681e-05
308058	0.007187620329
308085	0.001392115254
308111	0.0005853879322
308275	0.006505929876
308316	0.009008981705
308345	0.00415944295
308443	0.0001968900016
308556	0.0004765971602
308657	0.003019547317
308919	0.001870346772
308983	0.00163748236
309058	0.001519108805
309206	0.0004151665427
309268	0.0006375303926
309418	0.001455847547
309606	0.0004011668977
309626	0.0007691647636
309696	0.001921751287
309777	0.001052555238
309942	0.008967514806
310190	0.001506728572
310202	0.0001080741195
310228	0.003538742726
310232	0.001058325242
310235	0.004023798499
310283	0.0009203309655
310458	0.001050506872
310460	0.0009040201523
310699	0.003064021938
310850	0.0003368997535
310976	0.004646514825
310986	0.0001379304299
311309	0.003801034179
311334	0.0002178355806
311361	0.0007012463946
311379	0.01188680434
311428	0.002381204149
311481	0.000878467482
311512	8.898398579e-06
311714	0.0008468660393
311766	0.004270235456
311956	0.01013796716
312068	0.001310040231
312186	0.01012178127
312412	0.001468224066
312838	9.865561272e-05
313054	3.191388973e-07
313200	0.002560687951
313280	0.0005333947929
313362	0.0007325539204
313509	0.001642964129
313526	0.0002619313324
313558	0.004176253269
313597	0.009247822522
313598	0.005479808028
313647	0.004360134002
313765	0.0001531342706
313787	4.515531707e-06
313858	3.221640268e-05
314143	0.0007711677752
314204	0.002728012596
314268	0.01300632591
314379	0.004977313731
314407	0.0003909870534
314635	0.0004729415851
314755	0.005977215986
315201	0.0003817715145
315210	0.009828017991
315364	0.001064732421
315507	0.000872164764
315603	7.898018815e-06
315659	0.001472218252
315751	0.008740435565
315881	0.002079613041
315918	4.074384022e-05
316001	0.02365168123
316146	0.001488780838
316220	0.0007556764358
316230	0.002198651872
316355	0.01157641508
316382	0.0002937044691
316384	0.0004635450531
316406	0.0004947177339
316436	0.001205649129
316460	0.001969286418
316487	0.006482756843
316689	0.003086499389
316810	4.03348154e-05
316882	0.0001258174961
316978	0.002319646918
317104	0.0008437928146
317108	0.0002583806458
317141	0.002482066069
317228	0.00199653004
317239	0.0009936377377
317357	0.0008280570228
317499	0.001141033197
317607	0.001405038112
317762	0.0005064442314
317784	0.0003513843901
317847	0.001050144866
318045	0.0002309924563
318273	0.0009661830438
318371	0.0003986262577
318480	0.002723556104
318488	0.001124554674
318604	0.0004314667998
318808	0.0003940060597
318950	0.0007078940199
318954	0.0003262351267
319005	0.0007096250887
319025	0.00495564059
319032	0.001956232905
319055	0.0003418129957
319125	0.001241426435
319372	0.001187325036
319623	0.003394782444
319842	0.0001188210255
319960	0.004132645097
320041	0.0002938241837
320227	0.0008087548885
320392	0.005409215234
320403	0.001199727684
320440	0.002510511229
320686	0.0009664539112
320715	0.00157441955
321009	0.0009007154856
321160	0.00815145715
321183	0.009703765501
321263	0.001480040395
321513	0.0008146941961
321556	0.002757756821
321646	0.0006472994182
321657	0.0008121972635
321674	0.008696953652
321677	0.004902442894
321747	0.001231938982
321800	0.01625552635
321904	0.003000926751
321933	0.004551549903
322031	0.001732930884
322122	0.0008342625302
322270	0.002043852676
322290	0.002246255923
322387	0.003105034675
322427	0.002454122058
322480	0.006682214519
322517	0.0006434120847
322543	0.007229582063
322633	0.002643487851
322940	0.009068860821
322967	0.002774117953
323150	0.0002982223121
323197	0.0007150441525
323223	0.001254243051
323277	0.02081929614
323355	0.002236651435
323386	0.001661950578
323430	0.001531894691
323559	0.001545862485
323575	0.000365495926
323610	0.01537983757
323639	0.002388577001
323685	0.001325372115
323850	0.001321690442
324012	0.0005063006684
324080	0.00389279701
324161	0.0006353449977
324177	2.291085991e-05
324266	0.004456194713
324267	0.002828311716
324415	0.003407566458
324569	0.0008048742751
324677	0.0003501875286
324704	0.0004251123337
324878	0.002339708855
324915	0.001206363011
324976	0.001604084808
325071	0.003303811786
325075	8.194421403e-07
325095	0.001448298928
325135	0.01189755182
325161	0.0004691806867
325321	0.0003622229181
325588	0.000598653424
325654	0.001558218573
325728	0.003191184518
325854	0.0006458434722
325989	0.00528413314
326110	0.01469153955
326236	0.0005056239846
326353	0.003902813396
326413	0.0007448100387
326446	0.0003564944575
326550	1.900038044e-05
326597	0.0006901798445
326663	0.002333109387
326689	0.0007235737536
326695	0.0003315784811
326824	0.008351257609
326866	0.001704406706
326872	0.003142711023
326964	0.001967690316
327068	0.003383800555
327084	0.0021077351
327366	0.0003912693188
327391	0.007185482754
327421	0.01302305719
327443	0.003774654401
327471	0.001866888565
327557	0.0006104534816
327669	0.002795888991
327686	0.0008316871947
327691	0.0005227053662
327733	0.003608618879
327766	0.02363070764
327802	0.002722224687
327818	0.0003968939104
327846	0.002801127295
327991	0.00725286465
327995	0.007231012414
328009	0.0005841165866
328028	0.01171314384
328047	0.01554816576
328160	0.01070958943
328492	0.0009612303145
328667	0.02064294701
328727	0.001089185888
328906	0.0003476809866
328914	0.002792928639
328915	0.000869154498
329014	0.0009840281039
329061	0.001320716242
329130	0.00253739562
329156	0.005035715823
329216	0.002767244289
329273	0.001681868551
329357	0.005617219816
329495	0.0002672168635
329712	0.01320339004
329931	0.001277028564
329944	0.0004555325869
329969	0.001326773757
330000	0.01450620198
330139	0.007431368486
330178	0.0002160721385
330240	0.0008814978989
330339	0.01302622542
330381	0.0007113835481
330453	0.000397229078
330514	0.0003388517111
330531	0.01447639622
330585	0.006205993143
330750	0.0007195667507
330807	0.002370252972
330809	0.006450074695
330842	0.002744521789
330845	0.001158222882
330993	0.001270149324
331041	9.961560679e-06
331053	0.00281761363
331057	0.002226055457
331134	0.001647396759
331206	7.627051362e-05
331415	0.002384647688
331507	0.002374724812
331782	0.009033712852
331998	0.006761154953
332080	0.0004612894769
332411	0.004538411541
332633	0.003286676854
332873	0.003238700637
332954	0.003014816868
333193	0.002624310075
333453	0.004583824579
333715	0.0007758732507
333953	0.002020708131
334008	0.003647724903
334154	0.003352861796
334190	0.001647892712
334270	0.001882602402
334317	0.002851475804
334318	0.004113325247
334614	0.001107685033
334626	0.005365214485
334657	0.0002315204178
334725	0.004550018378
334763	0.009600142049
334847	0.003714254648
334861	0.003938844647
334863	0.003307219872
334865	0.001339388034
335098	0.0009322736987
335119	0.002610037757
335221	0.0007387774393
335245	0.002281158947
335315	0.00100153778
335377	0.002893122203
335433	0.003844545895
335455	0.000500702214
335484	0.003571585563
335746	0.0001319344732
335807	0.002106232621
335906	0.0007165296657
336226	0.00534469427
336391	0.003168136794
336543	0.006686174184
336581	0.001521550883
336588	0.006285533258
336645	0.002154718334
336732	0.007055532849
336756	0.0006135908665
336833	0.0002939721113
337022	0.001172942935
337291	0.0004958500353
337389	0.005040073901
337411	0.003165142923
337500	0.001325420293
337529	0.0004536081079
337537	0.0002802626791
337682	0.0002608131405
337780	0.001810216644
337794	0.0001784125861
337814	0.002135728706
337836	0.001723419857
337856	0.006608037221
337920	0.006716279535
338094	0.0007761147148
338102	0.0006285559884
338143	0.002352125473
338292	0.0008081578394
338308	0.00259885646
338362	0.00254327668
338423	0.001072094378
338452	0.0001744509726
338473	0.007828934179
338839	0.001097791311
338878	0.001845920329
339020	0.001693085077
339123	0.0007092652847
339203	0.001023550846
339331	0.00326926619
339473	0.0009729163948
339585	0.001496412442
339604	0.01004219839
339628	0.0003833154649
339789	0.01628126216
340003	0.002850709795
340009	0.007237207067
340016	0.0009766381024
340201	0.002754436856
340363	0.00251621263
340408	0.0003937572217
340445	0.0006901205379
340510	0.006642686504
340567	0.01227779503
340595	0.001545484847
340781	0.001487990854
340904	0.004175168785
340954	0.001814695834
340962	0.0007308544467
341062	0.008896813577
341089	0.002316120248
341264	0.009072302867
341281	0.0003627177419
341437	0.004024397957
341537	0.0002984963816
341833	0.001766243454
341837	0.004743538079
341915	0.002491422663
342011	0.0005657418683
342050	0.005399490663
342179	0.0102772321
342209	0.002347835153
342393	0.0007590740376
342422	0.004578627609
342434	0.0005099976355
342446	6.982525904e-05
342449	0.007430998547
342474	0.006858676348
342599	0.0006883824362
342945	0.0005083780743
342957	0.0008857908563
343000	0.0005713013286
343018	0.001579828492
343047	0.01617828038
343079	8.892341519e-08
343090	0.009802194438
343096	0.0006318723231
343319	0.00679997832
343583	0.003233993851
343592	0.001127847758
343677	0.002090861127
343684	0.001878714242
343721	0.001902951547
343791	0.0005686829332
343821	0.0006174263735
343842	0.01547472576
344271	0.001660871463
344320	0.001015896534
344328	5.821494316e-06
344440	0.0005898109453
344442	0.00116967163
344707	0.0004349946121
344761	0.00950447416
344836	0.004095609601
344837	0.005908122025
345103	0.0001842812171
345145	0.001079158454
345304	0.0004883167071
345325	0.002727008082
345390	0.006505075797
345491	0.001572006429
345567	0.0002623656933
345688	0.0003362093908
345731	0.001661001095
345778	0.01076719045
345948	0.002176429628
346074	0.007642112098
346300	0.00108126067
346586	8.809595033e-05
346654	0.00118934985
346829	0.002399506324
346840	0.002451635337
347131	0.00142202778
347209	0.002091980277
347312	0.002780838005
347463	0.0013812175
347476	0.005210818884
347489	0.004935489716
347689	0.0001880721885
347716	0.001599994813
347770	0.002859379536
347810	0.0004808012444
347909	0.002017673385
347957	0.00109480527
348002	0.005609377906
348069	0.0003826498664
348203	0.0009372903828
348290	0.001329712302
348415	0.01891572981
348471	0.001097554471
348495	0.006930400397
348547	0.0007567947614
348638	0.002480358029
348651	0.001158704842
348695	0.002984013529
348830	0.002280866184
348855	0.002121448394
348916	0.002771452931
349044	0.01645653576
349116	0.0008898449827
349134	0.005284726311
349146	0.004968762313
349202	0.001780015205
349303	0.003206591295
349365	0.001684443855
349553	0.0008622401575
349566	0.005504696725
349601	0.001730289144
349724	0.001456272865
349874	0.01849605203
349971	0.002162404394
350134	0.001295311943
350323	0.001276674009
350396	0.001418210083
350399	0.0009088240088
350439	0.0009156587823
350454	0.0006879178518
350512	0.001813340414
350535	0.000255234142
350692	0.004134112043
350783	0.000564134623
350904	0.004006861076
350939	0.001179717763
350963	0.004875781038
350992	0.002634750251
351100	0.003611444928
351112	0.002143474785
351199	0.006402733677
351262	5.520793274e-07
351458	0.002261059351
351490	0.002601066878
351666	0.001817826089
351852	0.0009303552018
351937	0.003753979281
352228	0.00711406649
352265	0.002375777411
352270	0.002604609962
352318	0.01360451108
352420	0.001859292102
352643	0.002817343248
352677	0.01022020425
352733	0.002279328368
353011	0.0004681942265
353383	0.003700536768
353626	8.42440615e-06
353851	0.002362967799
353982	0.005808039171
354038	0.009099613402
354206	0.006117750918
354220	0.001514721227
354347	0.0005393566631
354499	0.03285659804
354847	0.0003785417278
355127	0.0001748832353
355243	0.001207855367
355448	0.001198646015
355537	0.01473266837
355551	0.0005026930492
355560	0.003929823317
355564	0.0002256832228
355622	0.008619803581
355687	0.005101146923
355805	1.234668668e-05
356075	0.003120473997
356100	0.0160114159
356163	0.008112466284
356187	0.002040913926
356416	0.0003447498577
356448	0.004781733037
356765	0.003578308707
356884	0.001467485646
356979	0.01663801044
356987	0.002630518715
357024	0.006106815136
357036	0.002762910305
357091	0.003617914021
357111	0.0004894102942
357283	0.01186172853
357336	0.000595211383
357587	0.006863517793
357686	0.0002189115537
358077	0.005469731135
358084	0.001911166797
358212	0.001937723262
358232	0.001922872648
358278	0.01015292955
358367	0.002582403196
358387	0.001018681368
358470	0.01394066472
358599	0.0004141533971
358715	0.002541921265
358814	0.0003525830699
359135	0.002896622797
359190	0.003932918049
359358	0.002225171752
359390	0.001464032243
359403	0.006520734325
359458	0.002036632947
359481	0.001721445808
359561	0.003929777146
359611	0.0001283182312
359629	6.957515488e-07
359743	0.0007813422242
359756	0.005289932162
359767	0.004669808117
360056	0.006244795324
360113	0.0003877745283
360162	0.002226191112
360196	0.001350141564
360405	0.001193129778
360416	0.0006908024217
360839	0.003008484835
360972	9.785897946e-05
361213	0.005581663245
361261	0.0009750398418
361463	0.000137698075
361544	0.00801823752
361578	0
361581	0.003078270903
361599	0.007537736798
361754	0.0007732102713
361759	0.006463069667
361797	0.001613251444
361815	0.0001194368694
361931	0.01013513754
361984	0.003042540776
362069	0.003426115234
362077	0.0003138540993
362331	0.001897790776
362337	0.0203415454
362361	0.0006122167218
362446	0.001529727235
362447	0.007134702413
362491	0.002979539265
362603	0.0005351362018
362643	0.005504952667
362744	0.0009381886818
362746	0.001566577282
362849	0.001959164681
362939	0.003139034415
363142	0.002300855184
363329	0.001768516604
363333	0.001568185016
363468	0.0006850648797
363498	0.000157338356
363635	0.01447465014
363840	0.0006608875456
363885	0.002619945964
363899	0.005400583683
363906	0.009348419987
363907	0.001338845049
363982	0.0005877756736
364030	0.003173790091
364205	0.003632210239
364324	0.000443796185
364541	0.001042545448
364679	0.002326127436
364728	0.001465589033
364827	0.003756489029
364871	0.0005474430799
364916	0.0005093406759
364939	0.004693427101
364969	0.001365419935
365058	1.153847576e-07
365074	0.0003865803038
365121	0.0002015946928
365236	0.0002926218327
365327	0.001774982148
365508	0.005503064903
365685	0.002794394316
365909	0.001218041508
365995	0.001583111137
365998	0.0004011322004
366136	0.001598508508
366191	0.001268285191
366356	0.001646768041
366478	0.004980001879
366498	0.0001806234468
366604	0.007272283277
366642	0.0002889889494
366695	0.0139812304
366696	0.004228171422
366769	0.0009379770961
366825	0.002277639604
366908	0.00150638544
367004	0.005284644437
367008	0.003389757108
367072	0.009872800521
367079	0.0007471599093
367100	7.079953222e-08
367239	0.001044157249
367648	0.006353326541
367961	0.0009044210742
368037	0.002460606412
368100	0.01582105437
368105	0.004672482348
368300	0.0009787762251
368475	0.001575601162
368544	0.00503352238
368585	0.003642638829
368615	0.0008070735633
368621	7.342700813e-05
368653	0.01105186358
368855	0.0003236528174
369025	0.02599318665
369111	0.003799047531
369313	0.0009154422216
369341	0.002592723153
369365	0.0004896589139
369450	0.0001728498112
369532	6.540545084e-05
369662	0.001420734003
369663	0.002632644918
369682	0.008706491045
369757	0.0008848061657
369788	0.0009333814107
369803	0.001033639437
369968	0.0009628866093
369983	0.0016527136
370104	0.002260042707
370109	0.00271277874
370129	0.0009566358609
370131	0.001308325851
370147	0.008553650759
370163	0.0009244731226
370429	0.003331325795
370435	0.0001695624347
370445	0.00047116504
370567	0.000108314028
370757	0.01206755621
370767	0.004451036953
370786	0.0001625673873
370833	4.800163337e-07
370974	0.0007561861134
371020	0.0002565134493
371069	0.005293627621
371095	0.007074236931
371203	0.005027962074
371215	0.002980047231
371259	0.004117223611
371284	0.0007229708129
371373	0.003609922812
371390	0.01334762364
371417	0.01280815672
371566	0.001555286088
371610	0.0005197903259
371611	0.001350993407
371643	0.00284085496
371666	0.002151613731
371676	0.003029404008
371723	0.005609976661
371852	0.0004477744872
371943	0.003014178609
372052	3.96684016e-08
372135	0.0008187945321
372277	0.002581998665
372327	0.005703090941
372408	0.0004833898907
372460	0.0001552364957
372580	0.002768608343
372604	0.0008874121718
372666	0.000289269869
372709	0.005868926939
372760	0.00244507202
372813	0.001794131402
372818	0.0002094896014
372836	0.001655951885
372871	1.80292209e-05
372891	0.003677770967
372918	0.0008534603227
372963	0.0008187737029
373174	0.001931049593
373240	0.001394411282
373404	0.001388205343
373420	0.00223917757
373467	0.007371794941
373484	0.007374010062
373567	0.003290077843
373629	0.0005924884712
373927	0.002262486113
374022	7.489240861e-05
374042	0.004124722023
374062	0.0007825212981
374178	0.004427374755
374292	0.0008848251582
374342	0.00010886054
374458	0.004104354023
374516	0.004405217864
374522	0.01341126512
374598	0.000944330857
374616	0.003636810333
374904	0.001360872621
374944	0.002151771531
374952	0.009150935539
374992	0.001513935053
375059	0.0001579510111
375167	9.565138279e-08
375425	0.00186443768
375463	0.001323251028
375500	0.001741686366
375683	0.006094321975
375711	0.002606542657
375721	0.0009040873736
375855	0.002635829977
375934	0.001198177341
376128	0.02354814319
376142	0.001148457918
376198	0.008043586633
376226	0.01313902255
376339	0.0003605723188
376353	0.002854280395
376535	0.0006098930325
376826	0.0008682340214
376894	0.001091550974
377044	0.0008231998474
377189	0.001060049275
377350	0.0002130584709
377401	0.001866915064
377410	0.007195459367
377814	0.000109929226
377818	0.006981355154
377896	0.0006092526474
377917	0.005087630115
377919	0.01009225911
377926	0.0006347087301
377940	0.01731625966
378253	0.004966952151
378286	0.0003954599747
378415	0.004129559332
378551	0.007129957042
378907	0.001221733921
379073	0.0003174219169
379225	0.0001964586936
379227	0.001161438751
379269	0.001238084586
379318	0.004846984376
379338	0.002004826175
379402	0.0001635207778
379449	0.003180398041
379629	0.004582747691
379682	0.0032676438
379832	0.001043170539
379834	0.00729863926
379836	2.215340205e-07
379890	0.007996593015
379905	4.689107564e-07
379988	0.000765193753
380033	0.01120394193
380074	0.003607355311
380086	0.001511962598
380177	0.001133707203
380353	0.00341775413
380455	9.45973789e-06
380475	0.01804595857
380630	0.0006265612736
380978	0.005050002737
380983	0.005918267786
381080	0.002270984265
381126	0.001358592345
381281	0.0002627641194
381309	0.009800450019
381420	0.0001705723489
381441	0.0007277829108
381491	0.001331445144
381496	0.00119987486
381650	0.00170626182
381818	0.002788582154
381833	0.0003543262807
381846	0.00105975388
381963	0.001738553732
382033	0.004176417158
382065	0.004650612161
382186	0.0007102524533
382281	0.0002269759622
382404	0.002806317529
382495	0.0005417003915
382537	0.0007768188729
382665	8.339265588e-05
382684	0.001980602074
382762	0.007207701077
382796	0.001190790227
382801	0.001549927825
382867	0.00914271911
382971	0.0005531270943
382977	0.002822454947
383038	0.001789750779
383176	0.0002155902997
383202	0.01087149836
383272	0.001931007857
383285	0.004429874154
383359	0.008047244483
383412	0.0002187189121
383499	0.003161514065
383847	0.00208488004
383881	0.000638280202
383938	0.006371121267
383942	0.010022654
384023	0.0002906626139
384203	0.003341974142
384220	0.0007482337484
384395	0.004659909621
384540	0.00254178399
384575	0.006853058662
384637	0.001404761742
384802	0.006163119667
384850	0.0006853634697
384900	0.006686228139
384982	0.001397130557
384996	0.02656712913
385257	0.000836336782
385273	0.001566656004
385286	0.003168488814
385734	0.006068395377
385895	0.001148792227
385990	0.001791086472
386095	0.001492669599
386149	0.004670853725
386392	0.001728284309
386415	0.001098498991
386527	0.005979748717
386648	0.004162868512
386803	0.003037097648
387015	0.002619111722
387113	0.0008719171565
387128	0.0006278151222
387136	0.001170565693
387412	0.006162896389
387435	0.004000710851
387541	0.002018590906
387630	0.003485385715
387809	0.0002275572729
387841	8.240424688e-05
387919	0.001142156623
387920	0.003819027999
388012	0.008346828308
388034	0.003417049545
388091	0.01276458656
388165	0.002491915276
388220	0.0002087518672
388244	0.0008613326564
388293	0.002202621151
388403	0.007627611891
388414	0.005196147699
388419	0.002240253777
388595	0.002961846286
388606	0.001286678062
388734	0.001031174543
388745	0.004555704661
388748	0.0009851652896
388868	0.008285588059
388937	1.140183292e-07
389275	0.0004395774564
389560	0.00536922498
389649	0.001008977857
389673	0.001240212779
389746	0.001949633692
389782	0.0006551579361
389798	0.01973276604
389907	0.004439186353
389908	0.001891746171
389938	0.004015432039
390148	0.00063609004
390273	0.001539712457
390388	7.858639978e-05
390414	0.00210552833
390417	0.0007213966559
390454	0.001160713102
390713	0.0005938161669
390882	0.0003199725197
391006	0.009176743237
391071	0.0008601275928
391115	0.004383943672
391134	0.001920396957
391147	0.0003506993564
391175	0.0005278414485
391197	0.003612350867
391222	4.025564704e-05
391526	0.01976601145
391712	0.003943864914
391799	0.008889018622
391821	0.007118460384
392015	0.001524612371
392022	0.005196091609
392171	0.003091412691
392185	0.002157794629
392204	0.001126848848
392227	0.0007498009151
392252	0.002894265347
392286	0.00700672339
392318	0.001711883018
392340	9.531101507e-05
392393	0.001358609168
392420	3.022565337e-05
392471	0.001212310114
392508	0.003221893112
392511	0.003870635447
392566	0.01065595695
392663	0.01755006609
392750	0.01159563811
392868	0.005330456855
392921	0.003491277205
392995	0.004018015501
393009	0.0006498752649
393017	0.0004719844641
393030	0.002960045097
393031	0.002084734549
393215	0.00356613013
393283	0.01706744179
393375	0.001313675007
393442	0.001206427546
393460	0.0008877286393
393483	0.0008289749684
393536	0.002222853136
393568	0.0002937360119
393661	0.0001059462125
393798	0.009607075769
393809	0.0006925995822
393852	0.0002692854742
393872	0.002417821652
393934	0.001392018683
394034	0.01172669352
394332	0.003958924293
394396	0.006471497104
394462	0.0004005290801
394464	0.002555358747
394487	0.001865814946
394522	0.00104826599
394535	0.002048157093
394562	0.0001411780472
394602	0.0007664246981
394642	0.002087171435
394656	0.003125684461
394684	0.00137807503
394815	0.01404830668
394857	0.005735750875
394896	0.0002611199061
394963	0.002424400034
394965	0.0002436935641
394968	0.001445114612
395004	0.002876899275
395032	0.004915943479
395118	0.0005633596969
395150	0.01469330884
395190	0.001694454746
395220	0.0002384577648
395248	0.002463757388
395338	0.009567615892
395461	0.001754543815
395558	0.0005632924195
395573	0.01017321132
395735	0.005982382059
395756	0.0001888724475
395785	0.0002944864639
395813	0.003602679331
396256	0.0007475329978
396263	0.001335909841
396394	0.004120927013
396427	0.0004159716787
396442	0.002110521771
396453	0.00587465439
396505	0.003463328005
396529	0.009052676073
396536	0.009702618716
396547	7.818461041e-05
396555	0.002666641731
396697	0.002518831904
396803	0.002809805329
396824	0.002127116916
397157	0.001997863147
397299	0.0006151327192
397346	0.0006222861343
397471	0.0009404567103
397494	0.001431464545
397614	0.001872835888
397659	0.0008729447134
397743	0.001583879419
397772	0.0007271059421
398025	0.0005390930777
398122	0.001859169386
398261	0.004914494856
398315	0.01953453513
398534	0.002838046519
398631	0.003815264972
398746	0.002218430399
398870	0.0001690692809
398886	0.000899289204
399118	0.001369903269
399159	0.0003766763616
399233	0.00129488982
399290	0.001584889159
399373	0.003125089226
399423	0.004571114962
399433	0.0007736088751
399461	0.005231517737
399498	0.0007269270285
399556	0.003205111666
399579	0.002795063503
399593	0.0002626178599
399611	0.001317998889
399634	0.0003202434305
399671	0.005708148919
399682	0.005002027474
399955	0.002896687224
400132	0.004066140398
400166	0.0002482384301
400255	0.01396198057
400325	0.01397732161
400345	0.000973193002
400556	0.004050156899
400564	0.007758798944
400591	0.007983137141
400603	0.0004118265943
400646	0.00660406016
400812	0.005660763945
400847	0.006351769655
400943	0.000192277167
400961	0.008556940195
401001	0.002281317002
401025	0.0001289755232
401047	0.0004871368682
401111	8.511498458e-05
401166	0.002969698996
401208	0.004663051769
401213	0.003928058159
401259	0.003108541506
401332	0.0005852390865
401337	0.00239240501
401431	0.002711917259
401436	0.003141604229
401487	0.0005404071709
401558	0.001102148909
401626	0.0007201743808
401661	0.001336394489
401666	0.0004955308383
401788	0.006231215536
401839	0.005158706155
401939	0.004956598853
402017	0.003290533497
402021	0.004821923141
402047	0.001604380742
402119	0.00355058804
402241	0.01361192761
402539	0.00179689362
402640	0.01402514829
402693	0.0006861666206
402844	0.003962138186
403008	0.003697056457
403029	0.001364953345
403255	0.02359278846
403298	0.00102781064
403331	0.00315791334
403337	8.950370991e-05
403418	0.0001131391365
403453	0.0009758054014
403867	0.001944660506
403939	0.002797598769
403946	0.0002328770528
403958	0.0004327418597
403965	0.001127516706
403995	0.002787624706
404166	0.00418539995
404219	0.002247104326
404406	0.001330764735
404481	0.002516240589
404605	0.0006408334096
404729	0.001676610568
404778	0.001240515468
404979	0.001596085168
405023	0.001908686363
405160	0.005348693855
405164	0.001511877541
405290	0.00141849272
405355	0.003965666282
405358	0.001475889371
405377	0.008107109774
405440	0.0004474284302
405500	0.00138534707
405521	0.004209304692
405562	0.002988619062
405762	0.0001298539145
405924	0.001123231507
405928	0.001191806346
406229	0.0001326900542
406239	0.002047028495
406287	0.0004447887055
406362	0.001462238468
406398	0.0009283995453
406464	5.761638224e-08
406487	0.008170564944
406495	0.0003385362351
406584	0.0006971928647
406749	0.0005171477356
406910	0.007430223596
406917	0.01512297271
406927	0.0009638844483
406988	0.0002097588602
407096	0.0009102267408
407155	0.001228056358
407293	0.01046861867
407346	0.001565672867
407414	0.001179839417
407432	0.0003930831397
407452	0.001943271064
407527	0.0006162477964
407672	0.001325298412
407860	0.001799328275
407872	0.0008734966247
407877	0.00160466683
408014	0.005744990961
408018	0.005567561002
408038	0.001434141208
408114	0.01059550457
408273	0.0004294456012
408312	0.0139692161
408397	0.01162144403
408513	0.0003368292646
408592	0.005210969376
408595	0.009209735815
408598	0.01606239184
408700	0.004207214964
408727	0.001036016554
408761	0.001344463762
408926	0.003215127826
408957	0.002673597872
409024	3.184402005e-07
409096	0.003375941934
409125	0.0005548131452
409131	0.001533665654
409620	0.0002761787622
409639	0.000818261559
409871	0.006268354989
409985	0.00312480292
410015	0.0002794483768
410041	0.00473515029
410089	0.0002060713551
410155	0.005182041091
410163	0.0002798305187
410283	0.00127143872
410311	0.001813704335
410625	0.007704742014
410635	0.003543953757
410675	0.0006952477964
410686	0.003528716195
410951	0.003104149573
411137	0.0005065112652
411169	0.001588313854
411207	0.008722514184
411293	0.0004068513095
411310	0.002305925611
411403	0.01764532386
411526	0.00201861002
411637	0.008545035592
411640	0.00399058409
411730	0.002628173634
411833	0.00962397776
411884	0.003663636328
411959	0.0008923922473
412067	0.0001987116994
412292	0.001576603523
412315	0.0001961910793
412332	0.002174988038
412501	0.002398355746
412502	9.883556996e-05
412623	0.001635986755
412624	0.005596563936
412748	0.001295281488
412772	0.01426959693
412775	1.048763706e-07
412813	0.01040538741
412827	0.002883697191
412845	0.008353452235
412879	0.0004864662748
413050	0.0009267553241
413060	0.00216844173
413183	0.0001198955387
413379	6.056547269e-05
413403	0.0002668564878
413598	0.001077070863
413636	0.0002964408284
413685	0.001878630428
413692	0.001570553481
413697	0.002912398656
413800	0.01262540316
413830	0.01111215163
413958	0.001000906883
414230	0.001140218754
414317	0.01501440734
414333	2.701301211e-08
414362	0.006145409079
414745	0.01497397167
415024	0.002533466754
415036	0.009168958838
415085	0.0006770713543
415167	0.002419114305
415319	0.003641931731
415377	0.0007035767933
415423	0.002300468942
415522	5.628583853e-05
415547	0.00478157009
415619	0.0004598102085
415622	0.008112023225
415654	0.001029018943
415781	0.0003731467747
415834	0.001222555094
415848	0.000864811847
415889	0.004598217631
416054	0.0008864678347
416113	0.003738707011
416135	0.0002469381743
416225	0.002722369663
416270	0.0001670269935
416639	0.02196213857
416674	0.0009210916702
416785	0.005757706261
416923	0.001461620674
416985	0.001294802238
417030	0.004057136364
417274	0.001187993697
417389	0.01046872086
417496	0.001461773292
417596	0.009094947033
417613	0.003534739892
417712	0.01170753638
417757	0.0003765685489
417950	0.0045026951
417963	0.004639610075
418017	0.01537486801
418046	0.002484935447
418192	0.001996703819
418200	0.001116769629
418226	0.0003815489493
418276	0.001089092056
418290	2.441170887e-07
418473	9.589803704e-05
418511	0.002579660488
418537	0.0003460499333
418607	0.0003045677187
418661	0.008649133965
418734	0.002570163327
418747	0.01201200102
418785	0.0005395815438
418854	0.004850609311
419024	0.0008628595477
419159	0.002225367395
419186	0.009553593137
419240	0.02078364944
419248	0.001846948131
419286	7.215791643e-05
419287	0.002329702386
419342	0.003523816714
419370	0.0018794184
419389	0.01405459286
419468	0.003278048139
419599	0.002901169492
419613	0.0004929564913
419727	0.001136898664
419753	0.0008626642679
419812	8.886551624e-05
419837	0.0004725865034
419982	0.0004999187643
420030	0.001699416426
420133	0.002426236858
420164	0.002041903518
420237	0.00116606927
420321	0.001089890811
420451	0.0003538559313
420613	0.007211418141
420708	0.0001825097449
420771	0.0001724234873
420985	0.001941570995
420988	0.01418242434
421156	0.002430323086
421224	0.00159094571
421431	0.0004765006474
421496	0.0016897529
421509	0.00451171165
421533	0.001370592748
421584	0.003173986478
421663	0.006137978722
421838	0.0001342912783
421859	0.007143741552
421868	4.797184875e-08
422241	0.005996856757
422442	0.01585427734
422535	0.0001400086294
422549	0.002808778375
422578	0.002941837592
422647	0.0133679682
422787	0.000501919592
422991	0.004950549993
423026	0.002574411231
423027	0.0001768765021
423139	0.007206838614
423633	0.0003354414343
423637	0.006450579489
423642	0.004704009993
423714	0.00085425366
423742	0.01024054037
423753	0.002858826512
423772	0.001788934296
423916	0.01089393322
423950	0.001929501682
424020	0.0005522616538
424120	0.002676878648
424169	0.003528026013
424210	0.005119724828
424427	0.002386225119
424555	0.00176058405
424633	0.0007535662921
424668	0.001652271461
424675	0.002611981195
424687	0.00272354483
424717	0.007734734739
424875	0.00129909077
424995	0.007727823172
425075	0.001795490072
425209	0.003141192393
425415	0.002307146279
425676	0.01662013297
425721	0.001083326944
425818	0.003989900192
426015	0.0002275404041
426105	0.002990263738
426151	0.00130236345
426205	0.0008102298788
426268	0.0003139299443
426324	0.00442591847
426352	0.01155482352
426429	0.0008298529547
426431	0.00128047691
426568	0.001095234387
426799	0.001050287214
426813	0.001036243945
426852	0.005980729428
426877	0.0003896058025
426934	0.004033666836
427053	0.01238654771
427248	0.004206835935
427364	0.002534724595
427402	0.003590661488
427451	0.002156140653
427501	0.001432744856
427507	0.0001064012006
427515	0.001195786471
427517	0.003202398743
427596	0.004443898326
427683	0.002146453681
427708	0.003705624891
427773	0.0003128381342
427890	0.001221863723
427957	0.001842116843
428114	0.000377626073
428125	0.01028369046
428193	0.003377646532
428251	0.0002258308684
428304	0.007130882539
428306	0.0008344614015
428335	0.002216968728
428448	0.0005121451529
428474	0.00339725737
428579	0.002080824158
428591	0.008590916997
428627	0.002286499383
428715	0.002321072643
428821	0.003251340818
428838	0.02122367546
429015	0.004208395822
429137	0.001679792866
429212	0.000413835616
429288	0.0008872841096
429297	0.0009019567048
429622	0.001366950141
430004	0.008899551305
430163	0.0005815746105
430194	0.00371317113
430254	3.320345802e-07
430291	0.0003609038823
430413	0.003579866231
430801	0.00515935261
430858	0.006384448024
430894	0.0004267536442
430977	8.920703398e-05
431006	0.006127749945
431197	0.001103466741
431209	0.000747855738
431410	0.00560267828
431640	0.0008786596411
431658	0.003541058614
431662	0.004841131138
431726	0.00152470971
431755	0.0003935897381
431859	0.0007399502712
431932	0.003337856985
431941	0.001416161221
431999	0.01764311503
432077	0.0003804606811
432267	0.001930629972
432344	0.01683742021
432377	0.001364675692
432383	0.01117915248
432622	0.002896138876
432673	0.001882392159
432733	0.006996393805
432791	0.000998236264
432851	0.002110733001
432899	0.001933467081
432902	0.00261927255
433030	0.001836405902
433120	0.004255125116
433202	0.001808467349
433444	0.01419252517
433466	0.001212248931
433596	0.001276025683
433610	0.00067430866
433665	0.007766242928
433695	0.01549740216
433773	0.0007559561874
433943	0.0008497478851
433969	5.721725007e-07
434065	0.001569571039
434171	0.008292101108
434179	0.001827288403
434332	0.008497919179
434409	0.001762958902
434723	0.004669670178
434885	0.005971624869
434975	0.01433320775
434980	0.005147129857
435046	0.003284772419
435203	0.002006833131
435305	0.002170261352
435459	0.0002523856853
435469	0.0008885977017
435511	0.002426924158
435512	0.008707875566
435610	0.001941880238
435712	0.00133779643
435777	0.001520939398
435831	0.005651742528
435890	0.00253658217
436009	0.006969736658
436055	0.0002052670112
436073	0.0004454866174
436145	0.004329392441
436198	0.00163029004
436314	0.0009667663519
436342	0.0008544532254
436664	0.00177375831
436786	0.003466124319
436792	0.002319776749
436796	0.001350550387
436814	0.002145684998
436894	0.005831938326
436900	0.004122789882
436912	0.002113487031
436963	0.0110073581
437033	0.008205258659
437037	0.003640652758
437043	0.005890009892
437176	0.002110800266
437274	0.002231757
437425	0.002302350579
437474	0.01283187922
437475	0.0111392585
437530	0.001417484109
437755	0.002071226435
437830	0.005317156425
437862	0.000127111673
437865	0.002599598437
437892	0.0008793506595
437982	0.001916163662
438017	0.00265019161
438198	0.003194800976
438202	0.01542672739
438408	0.000242891693
438550	0.00317313487
438864	0.001672405991
439239	0.00800581637
439290	0.001974491812
439396	0.004575749295
439414	0.007683339012
439467	0.0001428515859
439474	0.005643201592
439492	0.00420345957
439857	0.002521129402
439871	2.950874503e-05
439875	0.002762815094
440019	0.002062828975
440097	0.005005891625
440218	0.02186670413
440231	0.001206621873
440262	0.0001891272876
440266	0.001473628822
440307	0.001175562669
440439	0.00076710299
440454	0.00157626384
440497	0.003938818368
440815	0.001436321697
440877	0.0001515681577
440939	0.00453073
441118	0.001378340539
441208	0.01427819755
441320	0.009899947862
441503	0.0002530929753
441688	0.0004029239459
441736	0.0005409411414
441808	0.006347331706
441888	0.003446276956
441895	0.0006605236675
442174	0.002055114852
442185	0.007861758719
442284	7.894915124e-08
442399	0.004119019978
442412	0.001573300424
442424	0.001660693636
442466	0.002010620122
442494	0.007850210993
442672	0.0004316702807
442755	0.009472761842
442897	0.01323144681
443174	0.0006519412942
443183	0.0006420171889
443212	0.0006455339256
443361	0.01331478508
443500	0.01421010307
443573	0.002004861637
443752	0.001537591096
444098	0.0003014634149
444206	0.000148962802
444467	0.001189146813
444547	0.00211715412
444570	0.001958322955
444655	0.005482034739
444665	0.0005548963232
444722	0.000803112444
444733	0.007659650941
444850	0.003081310082
444851	0.0008279868646
444855	0.0001651610281
444985	0.003948469555
445131	0.006176646716
445191	0.01056451232
445234	0.006541194141
445252	0.0002402194211
445288	0.0009023868863
445428	0.0007647891616
445584	0.002265489527
445809	0.007670127057
445946	0.001120099516
446006	0.0002705561026
446018	0.01378261305
446346	0.002157506443
446459	0.000527162515
446476	0.008242937869
446555	2.740627021e-08
446579	0.007257111776
446604	0.0005289866381
446618	0.002523648804
446630	0.001057031052
446666	0.001525502535
446748	0.00116198948
446789	0.002708094104
446927	0.001526146126
446967	0.002208027005
446988	0.0008651389484
447124	0.004872552652
447142	0.002887184278
447214	0.001996060206
447650	0.001763733473
447725	0.001826437113
447749	0.0003127384677
447773	0.001580492698
447968	0.01131936231
448034	0.001202477656
448142	0.01485619813
448196	0.00425355663
448390	0.00141807313
448391	0.006711256579
448743	0.006389821303
448758	0.001294319395
448760	0.004977573763
448805	0.00540086781
448820	0.001465949653
448920	0.01928740424
448938	0.00309820411
449003	0.008464736837
449115	0.006385301
449133	0.00811988105
449172	0.00332655206
449316	1.286572145e-08
449383	0.001258784588
449572	0.004355801501
449611	0.001409330425
449766	0.001702259329
449820	0.006810634076
449863	0.001857419018
449886	0.001396580516
450038	0.0009175608566
450083	0.001048227064
450160	0.001467074522
450235	0.01347345531
450360	0.004041680671
450395	0.007711064139
450498	0.003008908527
450504	0.0004578009873
450557	0.002884166303
450590	0.003622839321
450630	0.002205777024
450691	5.929109389e-05
450714	5.925083672e-08
450773	0.01595815518
450870	0.001746206625
450916	0.0001602216593
451039	0.002864756365
451063	0.001556991089
451100	0.01023651947
451200	0.001438367365
451249	0.0032947246
451271	0.0002428498479
451473	0.001712889518
451539	0.0004084371766
451586	0.0008135351172
451591	0.002044301825
451629	0.001100885011
451689	0.001093910974
451830	0.0001374045428
451862	0.0006814712587
451918	6.439899275e-05
452087	0.0001417162285
452096	2.521842279e-07
452109	0.001391711107
452171	0.001768722275
452248	0.0003962111519
452270	0.001128713211
452273	0.002422073111
452284	0.0003074291928
452387	0.005245514307
452417	0.0009441549317
452496	0.008105500125
452704	0.001572347954
452799	0.0003672595223
452953	0.0005780598719
452993	0.01987792488
453065	0.0001254618515
453083	0.005018389619
453192	0.002448675139
453280	0.01216510439
453337	0.01453409773
453384	0.006599838326
453472	0.001832221245
453484	0.00600923799
453780	0.01439896667
453844	0.002012685539
453967	0.0182982453
453979	9.071412756e-05
454081	0.001420736229
454148	0.01045432865
454223	6.918855061e-08
454271	0.0005189623086
454278	0.0001513641019
454290	0.004177510218
454318	0.007838542146
454651	0.001474981717
454682	0.01704831763
454751	0.003185987718
454913	0.002366566744
455002	0.005050257823
455088	0.0003795116308
455179	0.005328377361
455193	0.001582774409
455252	0.0002960906255
455323	0.002506849712
455458	0.001248746799
455477	3.343555507e-05
455514	0.005053377549
455597	0.007954456554
455776	0.0006286347803
455782	0.008059133949
455877	0.008830054516
455881	0.01632730818
455926	0.000548895859
456080	0.000805574666
456120	0.0009056599503
456178	0.002842513368
456194	0.02128423184
456374	0.009674231302
456529	0.004601226873
456604	0.001398220441
456612	0.00043941633
456628	0.0008049079641
456636	3.409646496e-07
456712	0.002428944233
456725	0.002127342052
456743	0.003706306999
456769	0.000483221125
456785	1.201344891e-07
456957	0.01557706767
456965	0.000595897438
456984	0.002913746893
457101	0.001899746411
457158	0.002753997675
457502	0.004722948172
457520	0.0003014131211
457587	0.00113142885
457630	0.000384798895
457661	0.003345259367
457760	0.000210701878
457778	0.007399173583
457791	0.002267122176
457800	3.058594959e-05
457859	0.003941305508
458153	5.61447907e-08
458177	0.0004174818622
458191	0.001870079085
458348	0.002433474847
458437	0.003120614195
458501	0.001491392935
458661	0.0009217370283
458827	0.01245215994
458880	0.006540981505
458903	0.001767221286
459035	0.006985289653
459082	0.01775459815
459269	0.006930073516
459348	0.001462968523
459372	0.0001134634706
459466	0.009046972046
459535	0.0002159553145
459612	0.006169776612
459637	0.00167379767
459701	5.405385273e-05
459714	0.0005388263976
459719	1.488438148e-05
460142	0.004423630995
460157	0.004751515012
460287	0.0001476762311
460383	0.002381195885
460394	0.000432321867
460559	0.005225898495
460611	0.002580132728
460690	0.0002128668292
460817	0.000214697174
461038	0.01443291385
461069	0.001677931695
461103	0.0002001097234
461165	0.0003381853778
461219	0.001625999347
461447	0.005306813542
461538	0.03360367416
461706	0.0003572044537
461828	0.006106081147
461839	0.01017431715
461905	0.001909090534
462025	0.0007856875714
462026	0.0004560183948
462062	0.003758394806
462070	0.001649513911
462095	0.001527558568
462183	0.006695651684
462288	0.006744229108
462303	0.0005343408135
462313	0.007434593319
462383	0.002590006548
462515	0.002566290536
462657	0.0007606935318
462937	0.0002753156366
463040	0.006744766431
463048	0.00217390012
463192	0.007333229342
463238	0.01105082577
463248	0.006084262164
463336	0.0007872048443
463414	8.865289375e-05
463584	0.003845705908
463781	0.005131469172
463851	0.003436605121
463962	0.000952697294
464019	0.005814526031
464049	0.006708433716
464104	0.004024394
464147	0.003092599887
464190	0.0004526480791
464449	0.007538001944
464511	0.005537202746
464563	4.558733511e-05
464570	0.005065111652
464611	0.001387738995
464698	0.005372672519
464700	0.0002063528797
464722	0.001358050739
464758	0.003094768784
464783	0.001512115631
464848	0.00276298362
465004	0.0004862524004
465033	0.008035936432
465067	0.001296397508
465143	0.001906668378
465226	0.0006294458205
465498	0.0002091892013
465585	0.0008849370129
465679	0.004805012562
465682	0.001218677542
465691	0.004000837699
465726	0.002293193457
465991	0.001939782368
466047	0.0008068048963
466106	0.0007591257826
466141	0.001269581686
466237	0.000129943882
466280	0.001435893858
466370	0.0008168440938
466454	0.001919187229
466593	0.001933085205
466726	0.004038072903
466805	0.0003611771507
466857	0.01512294687
466958	0.0017884887
467185	1.205193183e-06
467190	0.01108052662
467199	0.01076239335
467320	0.006118726889
467347	0.01011373879
467430	0.00293271882
467458	0.0003511017245
467486	0.001985816248
467794	0.004272499603
467981	0.0005606641227
468009	0.007343722259
468208	0.004943166103
468270	5.671944166e-05
468330	0.008464025241
468365	0.01857737323
468588	0.01252298491
468673	0.007552720187
468913	0.001612796427
468963	0.001854813994
469039	0.003375101491
469193	0.00977727947
469255	0.01781885644
469378	0.008894875084
469568	0.00251981701
469569	0.003086711133
469655	0.002378818987
469807	0.00398003592
469815	1.438829207e-07
469817	1.271346439e-07
469890	0.004537066776
469908	0.0017628444
469986	0.005110090458
470014	2.45903295e-05
470032	0.003980012005
470113	0.001370555708
470218	0.004321022066
470394	0.01279758504
470439	0.001225207755
470611	0.005437973714
470692	0.01627100177
471027	0.0001119601737
471109	0.000284461578
471518	0.00285240556
471632	0.0002692923128
471832	0.00181287772
471917	0.0005668583364
471925	0.006710253554
471973	0.00126849026
472064	0.0008935945646
472121	0.003468306048
472316	0.003067391893
472363	0.0009698907668
472512	0.005909156498
472533	0.01568318729
472786	0.001194559813
472918	0.002685683696
472919	0.002544672611
473030	0.0002776663993
473073	0.002615903352
473171	0.0009464307249
473247	0.00830488726
473302	0.001795086038
473526	0.003098669079
473772	0.002020063187
473823	0.001590427072
473944	0.005140463569
474146	0.0004893874525
474210	0.002750193866
474452	0.003602707263
474487	0.00313258572
474534	0.008184228248
474692	0.003095334451
474700	0.007628041217
474767	0.008119876855
475048	0.004527208186
475113	0.0004314320476
475116	0.01073155169
475159	0.003466753644
475251	0.00130715589
475479	0.007983420342
475512	0.0003429616684
475659	7.381164623e-05
475687	0.004346635636
475704	0.001328212088
475779	0.001094092133
475918	0.003685406479
475972	0.0009136037005
476086	3.107971856e-07
476133	0.004467127284
476446	0.004689640239
476480	0.0006504815017
476634	0.01380303245
476884	8.139700728e-05
476975	0.0007470520197
477059	0.004728500678
477073	2.588369834e-09
477164	0.0004236101007
477301	0.001523254528
477323	0.002894180831
477328	0.001090592359
477414	0.001186896144
477664	0.0005961000816
477666	0.002704352447
477689	0.001057352524
478000	0.003947387211
478020	0.0003136223294
478190	0.00375077191
478366	0.0001505443738
478388	0.0009284896613
478465	0.0007265353484
478506	0.000141078297
478536	0.001260743456
478582	0.001254791411
478853	0.005670694844
478854	0.002267182317
478902	0.002667796512
478960	0.004990805452
479023	0.0002342039644
479108	0.004738861459
479126	0.008298167903
479136	0.001380248173
479156	0.0006201298653
479307	0.004859181351
479366	0.000159525234
479369	0.004648024435
479624	0.0002109137808
479695	0.0003813929372
479760	0.002862607668
479762	0.007480951851
479841	0.00419308304
480248	0.0007467790292
480277	0.003235871766
480410	0.0006613677781
480463	0.005981773409
480651	0.001855033369
480719	0.0001677146361
480762	0.008352312649
480865	0.00275998829
480869	0.003109547485
480897	0.0009654082731
480957	0.0006297020241
481070	0.006478684326
481077	0.0001350694367
481242	0.004400255028
481405	0.004414430267
481541	0.001085802944
481629	0.002319082701
481669	2.976987997e-08
481735	0.002622792066
481827	0.003722214682
481856	0.004555090394
481900	0.000285942282
482092	2.303843015e-07
482173	0.01110924127
482231	0.0005676837877
482285	0.001954977599
482320	0.004144839316
482333	0.0007058303966
482365	0.001388815448
482410	0.0007315142282
482469	0.001849814179
482688	0.003748847709
482791	0.003799869262
482804	0.005732022752
482841	0.004118266472
482881	1.195005392e-05
482978	0.001274793641
483107	0.002321459689
483151	4.853285074e-05
483195	0.0007646834609
483212	0.007604166539
483236	0.0004080171139
483393	0.001131818191
483462	0.003603396012
483652	0.002298672245
483827	0.01431067254
483854	0.006050931313
483981	0.002890946046
483996	0.0008181069075
484100	0.006200633166
484101	0.0009899064822
484117	0.006874909372
484170	0.001202688541
484331	0.0009659089957
484374	0.01211166812
484440	7.703929106e-05
484599	0.002590302335
484611	0.003464460614
484624	0.01111464934
484632	0.002927703222
484745	0.006820097425
484847	0.0001706951943
484960	0.01023360979
485136	0.0001075203393
485196	0.02414303293
485310	0.01367563191
485324	0.008205052949
485331	0.0009926483882
485803	0.0006209067919
485911	0.01187387635
486019	0.001676201823
486049	3.865523208e-05
486085	0.003207706652
486226	0.0003138141893
486227	0.002296813179
486322	0.002345831707
486365	0.01198524518
486404	0.01276857151
486418	0.005060925965
486538	0.003061567437
486635	0.01660442555
486704	0.01133807879
486843	0.009719980987
486972	0.0009315567276
487123	0.001839053294
487427	0.002987814374
487596	0.002338890365
487615	0.001771345107
487637	0.001797857966
487764	0.001263529596
487798	0.004864657533
487858	0.0054634428
487875	0.0003514813794
488041	0.001154702176
488162	0.007721139874
488164	0.002730800759
488208	0.00200152657
488226	0.003020689935
488299	0.005551004081
488392	0.0006422694821
488417	0.00591424587
488463	0.01513782854
488564	0.00263096977
488633	0.008888318004
488653	0.002724219068
488674	0.005427099618
488743	0.001916932752
488900	0.002430834489
488920	0.008523776128
488961	0.0009997524066
489169	0.003836574166
489202	0.006431683707
489246	0.008892854659
489333	0.002141809897
489348	0.000668877483
489377	0.0007012167941
489473	0.001219539704
489505	0.0002785793051
489627	0.009126678766
489669	0.004768322145
489698	0.001824870849
489854	0.004849411063
489894	0.002412187739
489962	0.02108072656
490035	8.145585328e-05
490086	0.006010606676
490181	0.0004254671668
490392	0.002667397752
490503	0.004923578295
490523	0.006189918819
490528	3.126994439e-07
490973	0.003659133105
490974	0.00885993372
490995	0.002188585647
491007	0.0006036835027
491226	0.002370405542
491300	0.004328109773
491404	0.0165613293
491714	0.002201219587
491717	0.001736473018
491726	0.0003589262596
491727	0.0004410209945
491811	0.007714415729
491922	0.001184872053
492010	0.0008509539648
492159	0.0003466453452
492160	0.001391378507
492188	0.0005028409236
492266	0.002602518463
492371	0.002725279755
492607	0.01540518688
492731	0.01061358727
492893	0.002750794236
492918	0.01647989678
493024	0.001567057412
493203	1.340885805e-05
493644	0.003680028753
493692	0.003306896554
493719	0.001094167373
493915	0.002243203172
493949	0.004903567093
494064	0.003534269563
494115	0.001670452121
494133	0.005505439649
494407	0.00422418122
494445	0.002832712306
494450	0.001819759812
494534	0.001189340234
494544	0.003552745012
494572	0.003748363173
494597	0.004495763298
494721	0.003303935685
494826	0.008911503526
494968	0.002267285397
495475	0.006847755621
495559	0.0006218456414
495609	4.434353846e-07
495639	0.003965333747
495657	0.0005777899149
495710	0.005473146661
495749	0.005282691872
495755	0.004650055536
495772	0.005577408959
495867	0.002109408026
495875	0.0007219342584
495988	0.01400712719
496051	0.001365968985
496155	0.001081424309
496347	0.0006232578122
496372	0.003560208395
496541	0.0008354946452
496647	0.006875982935
496720	0.00710237066
496805	0.0001454150791
496810	0.0006547448401
496823	0.002208942854
497045	0.01150289863
497190	0.0004187095089
497371	0.001530649961
497596	0.002028781988
497693	7.399495633e-05
497697	0.01783295223
497909	0.008555696271
498019	0.002107858516
498020	0.0017976466
498083	0.001172415217
498178	0.003032985685
498559	0.009461298824
498594	0.005250113258
498607	0.001317206897
498846	0.008185933173
498869	0.001853929063
498893	0.005583505806
499004	0.003110429567
499058	0.004956301849
499079	0.00213445428
499134	8.818973418e-05
499156	0.0002849085221
499168	0.00206644315
499197	0.000188921269
499259	0.001073074425
499292	0.002872798397
499343	0.002123335951
499370	0.001431237656
499398	0.004255616855
499420	0.000608457111
499442	0.0008302572041
499466	0.000308355045
499567	0.001708464544
499631	0.001715993227
499668	0.0009109240322
499827	0.0005395658855
500039	0.0006739633595
500052	0.003208100503
500068	0.001065989131
500100	0.000381913301
500167	0.01172628598
500222	3.480720383e-05
500230	0.009377354904
500328	0.002208347141
500360	0.01083670901
500476	0.01787479373
500550	0.003105179055
500700	0.007091132767
500867	0.01145741414
500902	0.006876808222
501016	0.0002383405696
501056	0.00113814953
501140	0.004030642582
501413	7.290485221e-05
501461	0.005683569583
501827	0.001210370172
502067	0.00207166392
502185	0.0001825972648
502543	0.0006548649156
502549	0.02138736641
502560	0.001854049325
502565	0.003159409956
502664	0.001411301453
502715	0.02675196478
502730	0.01601289295
502918	0.004845871929
502977	0.0001794285081
503019	1.141758164e-05
503057	0.00853833991
503086	0.002456594424
503203	0.0009694338794
503217	0.01771270868
503264	0.0009159417155
503394	0.001426042722
503451	0.001600411066
503535	0.002081068283
503652	0.00359608835
503706	0.005796524249
503713	0.0006281319333
503716	0.002662907913
503835	0.003483146296
503933	0.004525132701
503946	0.01719066323
504006	0.0009969980783
504315	0.002360149514
504347	0.001377817322
504380	4.68611642e-05
504424	0.001053003539
504508	0.02166859867
504564	0.0001243608851
504660	0.0006053766578
504754	0.0003687373409
504799	0.004951348913
504807	0.01304161149
504980	0.005368049697
504999	0.0007828490431
505204	0.0001783571251
505232	0.002572691602
505387	0.01003442452
505432	0.004570476538
505841	0.001899359884
505853	0.007916780936
505953	0.01515988238
505962	0.0009661615971
506011	0.000249707123
506149	0.009610504271
506237	0.004717709422
506246	0.001427941534
506570	0.01613610437
506656	0.003120668692
506869	0.007486864609
507161	0.005636718588
507394	0.016638737
507433	0.0008786369405
507606	0.003867631406
507625	0.00284342828
507858	0.01121393432
507865	0.009197105328
507871	0.000719442377
507934	0.004360234733
507947	0.01378683432
507957	0.0146418718
507963	0.002137881575
508050	0.0009408668446
508303	4.659808124e-09
508319	0.00191856094
508325	2.598407435e-05
508524	0.004915901061
508526	0.006702674687
508545	0.004133064062
508676	0.0008245236291
508698	0.01457519951
508728	0.002694172937
508814	0.01017149577
508850	0.001462971708
509125	0.002871011567
509168	0.0006543742513
509175	0.003184218641
509231	0.002157922569
509249	9.451244506e-05
509261	5.773247634e-05
509358	0.009412546941
509541	0.004612463397
509594	0.001185771557
509837	0.00388561791
509876	0.001700371576
510021	0.001171482769
510066	0.001026427834
510155	0.0006064468621
510320	0.006788657599
510327	5.723241967e-08
510347	0.0004387061966
510398	0.003724779918
510440	0.0003502881878
510457	0.0006177670587
510468	0.002394106733
510531	0.001124366318
510573	0.002096519687
510683	0.0004389888253
510689	0.004364122467
510832	0.001399786576
510938	0.003957847258
510986	0.003222383002
511036	0.001336643051
511231	0.002035791207
511489	0.002394204095
511521	0.001021745488
511650	0.00136999285
512093	0.0008218191307
512124	0.0007519509544
512215	0.0005964873925
512240	0.005041461611
512314	8.092394787e-05
512454	0.007912098751
512591	0.004531887897
512599	0.0004933985716
512611	0.008747809762
512638	0.001904858062
512711	0.005342066603
512957	0.001271042548
512974	0.001115425865
513055	0.004807717876
513102	0.002158602486
513144	0.0004359178114
513342	0.0101600872
513349	0.003060412307
513429	0.00337357666
513447	0.0005610208848
513557	0.003105846825
513581	0.0008569726556
513598	0.005631011204
513874	0.01054917977
513953	0.005795758404
514081	0.002264076024
514169	0.002916580918
514206	0.0007430161727
514326	0.007088729192
514338	0.0003819381219
514505	0.004710450084
514525	0.0008785531006
514549	0.01382747416
514564	0.007387090178
514589	0.01113124672
514601	0.0005480812511
514647	0.001401398087
514662	0.002633973383
514669	0.001837309621
514713	0.0006947561224
514832	0.001304168409
514869	0.0008263508983
515064	0.002749040353
515168	0.0002746780783
515182	0.0165730624
515276	0.002390837133
515400	0.01098914006
515528	0.002251422837
515716	0.004578077893
515932	0.003360834741
515981	1.257197992e-06
516055	0.01050665647
516123	0.00694475261
516258	0.001255370415
516423	1.118620947e-07
516431	0.002931784566
516472	0.0001506440426
516510	0.0005252791435
516581	0.002810340061
516720	0.001183439111
516736	0.001723576989
516764	1.543437334e-07
516852	0.001986493555
517038	0.002986399954
517061	0.01525929864
517126	0.006946252154
517169	0.0001082144255
517286	0.01482397398
517326	0.005055638078
517376	6.11663745e-05
517418	0.002107043242
517436	0.01496107845
517442	0.002351786762
517558	0.00081593786
517578	0.01803665409
517594	0.003790834157
517726	0.0004748493983
517869	0.00673237991
518076	0.0001578543609
518133	0.0008897888289
518230	0.009278758518
518471	0.002648692588
518503	0.001921565977
518571	0.003863030845
518660	0.00662592249
518695	0.00712027427
518748	0.006565100873
519092	3.564627055e-05
519174	0.008948501397
519208	0.009620999689
519242	0.001111347378
519384	0.0007308588437
519429	0.01076350404
519482	0.004324586227
519531	0.002557808072
519557	0.0005123389731
519641	6.522724366e-05
519693	0.004689685479
519745	0.001402979338
519983	0.004108602361
520177	0.002193677438
520179	0.007192824485
520338	0.003532968542
520389	0.001858960117
520662	0.00533368117
520718	0.0005697989917
520885	0.004478669691
520998	0.004084101377
521024	0.0008099809368
521032	0.0001043334591
521115	0.00372320359
521159	0.002287491468
521277	0.001319973141
521445	0.0006769064145
521650	0.01787872091
521707	0.002852613715
521847	0.003164617835
521877	0.000137837463
521922	0.004521617586
521987	0.01551559686
521989	0.007483045024
522050	0.0006061806447
522102	0.006721141569
522115	0.00191012568
522365	0.0003915578721
522399	0.001746866868
522453	0.0001421661372
522484	0.00157701519
522769	0.004336585569
522802	0.0005428116865
522839	0.002451408244
522860	0.002300151945
522933	0.0001617735817
523014	0.001290640756
523072	0.01151032395
523173	0.0004360086824
523187	0.02001591706
523485	0.0168731293
523513	0.001724479634
523584	0.0009324440373
523608	0.0003887835406
523702	0.01157594739
523715	0.003098911532
523787	0.006505879588
523791	0.005651742249
523822	0.01291874044
523853	0.001700189386
524171	0.008294690091
524207	0.0009816081492
524299	0.002076583475
524397	0.001010178904
524780	0.003967937798
524793	0.008615967638
524893	0.01343778034
524938	0.001221174865
524993	0.007983225298
525157	0.0001192086491
525337	0.005346674382
525375	0.005276358743
525561	0.003427899511
526013	0.002996954225
526055	0.006348963791
526105	0.002887186877
526154	0.0004284361748
526253	0.004210016264
526269	0.001472316624
526316	0.0005373820019
526472	0.0003630534206
526543	0.007443715091
526674	0.001374485881
526772	0.0002714290828
526840	0.004004493356
526850	0.009830025
526883	0.02777522852
526925	0.003115884222
527178	0.01075254576
527216	0.001778007153
527227	0.002089822177
527231	0.004652255641
527258	0.001041473
527314	0.0004994955638
527502	0.001475637206
527668	0.0069070332
527674	0.0073752785
527677	0.01301747867
527704	0.0004732377565
527706	0.0008281654265
527817	2.690411978e-07
527899	0.00669923456
528024	0.004739721639
528031	0.002410118825
528232	0.000597934984
528604	0.0008961944919
528642	3.333873303e-07
528652	0.00605019669
528795	6.145908206e-05
528863	0.003271725681
528913	0.01118737484
528942	0.0224714067
529057	0.00355768424
529098	0.003478824749
529100	0.01202948817
529181	0.002166567859
529242	0.00127937619
529286	0.004497568887
529382	5.955927883e-07
529561	0.01771729853
529576	0.005467423999
529604	0.008024556597
529730	0.002493950577
529843	0.001983600167
529880	0.006483953753
529931	0.01719126068
529990	0.0002147235771
529998	0.0002329921038
530083	0.003055361186
530105	0.01141888567
530127	0.01102687588
530175	0.000404556436
530367	0.002379631293
530428	0.009352660729
530439	0.001673920058
530452	0.01118458275
530457	0.0004809330945
530492	0.001404021919
530616	0.01065945502
530676	0.003178281927
530724	0.002512781382
531008	0.008966481893
531295	0.00333290734
531349	0.005378925458
531351	0.006084840254
531378	0.002889185482
531381	0.004208587531
531401	0.002369107252
531569	0.003271048695
531764	0.0005789076741
532040	0.0130102953
532138	0.003022741089
532229	0.0006251126804
532337	0.009547669043
532404	0.01855057025
532437	0.0008271412927
532442	0.001763573542
532493	0.009220470772
532651	0.0005810287228
532687	0.004328921868
532839	0.003238236796
532847	0.003697887605
533002	0.0009687253106
533183	0.003428590542
533206	0.003124366833
533462	0.001943779325
533481	0.008082397039
533650	0.0001921811174
533652	0.00251616169
533756	0.01385484634
533760	0.001045475635
534104	0.006775411497
534209	0.003780151459
534277	0.007246790071
534372	0.005986493796
534392	0.003612113203
534406	0.008724877964
534505	0.0008049781346
534535	0.00102376015
534631	0.0002493817728
534640	0.0003166842598
534769	0.01473636751
534832	0.0007758940679
534865	0.0008521825147
535020	0.001476485043
535085	0.006026638381
535351	0.003700381346
535403	0.002742574455
535405	0.002009743788
535411	0.01297680525
535624	0.007199109133
535662	0.003573747679
535747	0.002349075569
535934	0.01142039841
535972	0.002834167492
536162	1.229582253e-07
536227	0.003798364802
536269	0.001263356815
536312	0.009260869193
536323	0.0004655833143
536337	0.002131630266
536347	0.0005384304063
536481	0.01160440145
536607	0.00616860079
536635	0.002416175629
536694	0.0003655005957
536724	0.004508323865
536734	0.0008778117653
536778	0.001413613535
536924	0.002916234017
537030	0.005014566124
537226	0.0003991979954
537287	0.004197054759
537369	1.107182984e-05
537492	0.005470690955
537516	0.002896894897
537797	0.009885541596
537824	0.01572789848
537845	0.0009048219703
537856	0.00476826158
537877	0.001303434031
537968	0.005165220176
538010	0.0007770429253
538027	0.0008763070159
538136	0.0004355084164
538322	0.002172326215
538334	0.001262489693
538429	1.969451263e-05
538500	0.002656037303
538545	0.00227453809
538575	0.006088740771
538784	0.0002074026051
538811	0.001364206727
538830	0.001671655123
538842	0.01972042998
538956	0.001739284574
539159	0.0006630170969
539169	0.004453344521
539191	0.01022396427
539275	0.00530557512
539384	0.0008146791058
539669	0.002759103768
539772	0.00117347718
539774	0.0007877260362
539797	0.004518587643
539858	0.0004222238437
539997	0.005093973402
540088	0.002963584056
540168	0.008636872312
540496	0.01275849672
540546	0.007225028559
540873	0.001353735338
540888	0.002564257774
540904	0.006609047803
541005	4.854780673e-08
541163	0.0006657434528
541198	0.01032507828
541206	0.01558127113
541320	0.0002737857165
541361	0.0004960198859
541363	0.0002768388431
541454	0.001466881425
541468	0.0009401577605
541574	0.003361055599
541675	0.0009986280666
541848	0.01528958582
541944	0.02269351277
542109	0.002692001494
542252	5.024482938e-08
542377	6.234021584e-05
542460	0.00503190878
542474	0.01307252467
542513	0.000844825611
542660	1.90121184e-07
542799	0.01482579665
542863	0.001676681889
542900	0.004813741348
542932	0.006849321283
542966	0.009070827229
543025	8.626973492e-07
543050	0.0006504606818
543128	0.000844464165
543155	0.002614389144
543396	0.0006768591247
543496	0.004688623524
543565	0.01799340055
543629	0.003227779776
543656	0.009317395324
543812	0.00928778595
543814	0.003633495551
543951	0.000973051643
543986	0.00333417809
544130	0.01123945914
544453	0.002894416939
544529	0.0008303045909
544567	0.0001824816509
544681	0.000627151771
544780	0.00416883523
545001	0.002522244568
545012	0.007823735416
545053	0.0009647959877
545214	0.005242634007
545420	0.004764716976
545481	0.01655823301
545513	0.003635380398
545602	0.004811972332
545656	0.01129736607
545674	0.003532183561
545720	0.005423996286
545746	1.426440012e-05
545754	0.0007879618542
545831	0.002433554884
545879	0.002837412798
545899	0.000390855062
545935	0.009377800148
546043	0.007743679489
546065	0.01025990205
546104	0.001983351535
546265	0.002712509932
546409	5.432976043e-05
546524	0.003729657903
546775	0.008841644104
546858	0.003882839403
546917	0.0112633468
547049	0.007548518871
547128	0.008669824588
547210	0.00648923826
547227	0.002168924996
547844	0.009577958838
548135	0.004182868622
548148	0.005430200918
548373	0.006929199185
548399	0.00201832664
548579	0.005794599305
548757	0.001964519442
548989	0.0001931342936
548991	3.49104837e-05
549002	0.002221651772
549042	1.750643838e-07
549093	0.0021086818
549171	0.001230325104
549176	0.001730690433
549270	0.004483117863
549404	0.006511012625
549454	0.002929729106
549523	0.001582539332
549616	0.0006084519864
549808	0.0005949807207
549966	0.0009478652005
550032	0.001247179971
550104	0.001994674417
550313	0.0001042843216
550393	0.004059974555
550426	0.008592566725
550486	0.0005361493044
550528	0.0009607080359
550578	0.0005880283648
551056	0.005866317684
551127	0.0024757803
551152	0.00340360063
551357	0.001268344272
551434	0.0007720870581
551473	0.003581353986
551481	0.0007477166519
551507	0.002437018755
551675	0.002229104421
552017	0.009259454265
552137	0.005377044665
552288	0.002155432362
552326	1.613338474e-07
552417	0.00464901911
552616	0.0004253907554
552620	0.0002095198483
552628	0.008390067892
552652	0.0009831662537
552791	0.005429180597
552822	0.008238013906
552870	0.001084393721
553033	0.001082108264
553035	0.004914912927
553170	0.002526769085
553230	0.004132969131
553286	0.002491449628
553302	0.001680339661
553388	0.0005946261292
553390	0.0004388676721
553397	0.008032263836
553689	0.001155909907
553770	0.001857296508
553773	0.005486398143
553887	0.0005947284588
553927	0.00211280372
553991	0.0007193093892
554090	0.0007512722448
554427	0.001134015153
554511	0.002511119128
554635	0.001424540798
554871	0.0008317613917
554929	0.0003043397787
554992	0.0009788782649
555032	0.006575669488
555186	0.003363405177
555229	0.0009559231397
555255	0.003153921426
555462	0.003686735096
555491	0.0004212993997
555757	0.001877698081
555841	0.002358972239
556006	0.000732241549
556033	0.01473652274
556143	0.006418549373
556210	0.003774708198
556301	0.0005298404983
556393	0.001870396293
556695	0.007275074773
556942	0.0006317554248
556958	0.001208872215
557048	0.0001450337437
557135	0.01026688544
557142	0.001146252579
557143	0.0004526976296
557196	0.01321351962
557244	0.008156427397
557342	8.095483956e-05
557620	0.003104964997
557901	0.0001862406458
557960	0.002312129031
558013	0.0002032373359
558028	0.006294552269
558057	0.004712003816
558206	0.006879546645
558343	0.01792190807
558396	0.005424939543
558489	0.00523977074
558808	0.001197820221
558826	0.01623148045
558920	0.006498654111
558928	0.004017687922
559011	0.01332439032
559103	0.002870007293
559347	0.0008208900025
559405	0.003916007503
559408	0.0005114497759
559605	0.009290048153
559675	0.001012283807
559805	0.002768164852
559822	0.005995316534
559931	0.002068868974
560000	0.008059316002
560020	0.009846749416
560044	0.002452293847
560163	0.006999606136
560575	0.0003406692369
560581	0.001068987142
560584	0.000261961455
560594	0.003965861038
560617	0.001811034343
560653	0.000144397557
560760	0.0090663426
560851	0.001706238889
560983	3.711861364e-05
561127	0.01765475418
561189	0.0002679220437
561249	0.006296265109
561295	0.00686229572
561324	0.0007066682942
561364	0.005675628345
561435	0.002785250589
561603	0.0012551852
561642	0.001525331828
561715	0.01919536802
561738	0.01186170389
561744	0.0002226809734
561762	0.003672045677
561822	0.0001293565378
561896	0.0003834705941
561959	0.001285282742
562013	0.0005154682143
562052	0.007264672018
562204	2.924877333e-05
562238	0.01832114186
562389	0.003495612177
562466	0.001223094164
562568	0.0001717621477
562734	0.001433374492
562781	0.002368438069
562889	0.0003435393875
562980	0.004545126536
563048	0.003426493368
563157	0.003184779973
563289	0.002741428798
563371	9.512395573e-07
563373	6.886148106e-07
563380	5.354365267e-07
563484	1.141336855e-06
563770	0.004634271009
563771	0.001601545058
563779	0.004893247041
563823	0.003960152065
563827	0.007393348808
563865	0.001993463581
563928	0.004769988219
564067	0.001993423865
564149	0.0004222508888
564185	0.0002019734232
564255	8.075767052e-06
564279	0.001230971536
564282	0.006815504982
564301	0.004424583614
564433	0.0004654188932
564451	0.002668639083
564560	0.01347463902
564862	0.001257831338
564971	0.0009167608668
564975	0.0004632086339
564982	0.009459604442
564989	0.01582446777
564996	0.002982144331
565070	0.004409120929
565190	0.004327874712
565282	0.001000670898
565295	0.004513160321
565342	0.000184658329
565439	0.002916045065
565700	0.001861807744
565772	0.001329303805
565821	0.000687276408
565938	0.002079378332
566209	0.0007084364068
566282	2.231037765e-05
566290	0.004178150286
566356	0.004958864834
566427	0.004396363977
566440	0.006378104724
566636	0.01893303321
566741	0.001027090032
566870	0.002873985602
566947	0.001661914358
567002	0.001123477548
567008	0.005309337508
567026	0.02746714941
567097	2.947311778e-07
567101	0.002439728261
567243	0.001329799297
567292	0.002550471737
567312	0.001155332469
567327	0.004598573363
567344	4.332286988e-05
567436	0.00083283453
567447	0.003128157217
567497	0.005152741915
567544	0.003448237145
567587	0.0004056985889
567728	0.008201544111
567947	0.00235098116
567991	0.0001704481809
568019	0.003189376548
568042	0.003500212786
568197	0.001010899327
568335	0.0006467267291
568629	0.0008407995391
568664	0.002793768758
568692	0.0004762993721
568706	0.01062118927
568720	0.001121592972
568744	8.444038051e-08
568766	0.001718281989
569047	0.001851619952
569178	0.001038881211
569412	0.001970786643
569438	0.004677194858
569504	0.001702500714
569513	0.0005726356754
569740	0.02093393939
569835	0.01475389752
569847	0.008205295411
569950	0.001229398497
570029	0.004056593121
570140	0.009925983434
570416	0.004197387089
570446	0.0005821893897
570600	0.0006909251528
570612	0.0008016439594
570641	0.0001216487875
570730	0.0008719507761
570755	0.006447328924
570838	0.004488113909
570847	0.0003613595428
570862	0.0001570650855
571183	0.00920097932
571214	0.001108642651
571279	0.0003437994085
571419	0.01467216653
571491	0.0009273364111
571669	0.01030592357
571681	0.01952598502
571752	0.006027184936
571762	0.008740226518
571802	0.003838952513
571855	0.0001624943139
571865	0.001345455371
571889	0.001356528534
571980	0.00270510386
571991	0.01028650626
572042	0.004004104962
572137	0.005922605857
572188	0.0109978355
572320	0.001529591971
572395	0.001209283436
572459	0.002453543943
572670	0.001654301589
572708	0.01442740074
572710	0.005231424975
572742	0.002718812397
572747	0.004580655324
572851	0.001703260759
572867	0.004243624839
573025	0.009560699363
573044	0.008799691666
573201	0.009540027786
573278	0.01041038611
573388	0.009377090986
573481	0.004111634967
573568	0.008423276316
573665	0.007773969024
573683	5.690206566e-05
573697	0.005654589328
573991	0.004842525809
574026	0.008416991084
574054	0.0003404284292
574068	0.002081925484
574104	0.003070757684
574168	0.006721889886
574482	0.02183352541
574579	0.0005953723837
574638	0.001291810187
574644	0.01596350137
574861	0.001131665088
575018	0.008568600856
575048	0.007451555171
575065	0.00167568171
575070	0.002025400131
575265	0.002362465686
575270	0.005325270802
575495	0.004555350928
575539	0.006637119531
575766	0.009029795245
575898	0.004603743566
575938	0.001242448321
576110	0.00763432495
576159	0.002757286331
576299	0.000560444902
576302	0.00999832988
576309	0.0001921509734
576375	0.0006042720706
576382	6.819465246e-08
576383	3.621853378e-09
576505	0.0008494912614
576617	1.800612185e-07
576636	0.0006592654647
576679	0.0005092469131
576768	8.786323492e-05
576802	0.00239168034
577034	0.005390996047
577072	0.007196731923
577079	0.001055198989
577173	0.00214346583
577317	0.008882486196
577427	0.0006007076136
577432	0.0004613795579
577470	0.007383408182
577475	0.01004390542
577477	0.005768917051
577516	0.003215151881
577518	0.001461212021
577871	0.002708041015
577915	9.233475403e-08
578052	0.00962913546
578076	0.003376516921
578588	0.01811182206
578625	0.001194489526
578655	0.001059323378
578907	0.02224334459
578918	0.002826096484
579219	0.0003911448032
579275	0.001413434206
579442	4.313575268e-08
579444	0.002628881129
579455	0.00424866904
579547	0.0006473698087
579548	0.001732913717
579611	0.001180141213
579651	0.001161774104
579757	0.004040416633
579787	0.0002977899636
579996	0.000947175006
580011	0.0003369876528
580056	0.002018211133
580067	0.009750542154
580203	0.001455772746
580226	0.005413395138
580367	6.81214115e-05
580446	0.0005834530702
580564	0.01872686837
580788	0.01461098832
580811	6.229890582e-05
580843	0.003497887095
580890	0.01647192498
580909	0.000761383098
580924	0.01516813469
580948	0.000365845763
580997	1.639808522e-07
581141	0.009162862223
581194	0.002428636875
581305	0.002448455322
581313	0.001136715697
581326	0.006823160802
581501	0.001448691211
581609	0.0004916119316
581664	0.0005623409113
581698	0.006530378461
581820	0.009940972341
582065	0.001200980088
582084	0.003127770133
582107	0.006111873861
582341	0.003996305601
582355	0.003100081
582524	0.0004723407887
582591	0.000950503914
582765	0.003477703015
582800	0.002001711544
582851	0.006114544963
582857	0.004888846289
583111	0.006903352939
583335	0.001980148876
583425	0.0001411858417
583443	0.0006361934194
583449	0.005572713483
583501	0.001311739938
583544	6.90581108e-05
583595	0.0027633922
583633	0.001687405656
583728	0.003449836875
583888	0.02634345053
583907	0.003598205796
583955	0.001668689471
584016	0.002871207906
584023	0.0004486450432
584143	0.002106311759
584151	0.0005147732035
584282	0.008859897784
584395	0.002790751998
584581	0.0006231416741
584587	0.0007419589859
584597	0.00327328737
584598	0.006242911683
584600	0.0001670034603
584652	0.00274930125
584749	0.001570801198
585095	0.0001206292016
585149	0.000560320438
585250	0.001156821598
585319	8.621198081e-05
585426	0.01312871831
585570	0.001724451865
585777	0.004373764155
585801	5.105135179e-05
585912	0.001158901258
585981	6.80871847e-08
586001	0.008444577122
586050	0.005016497952
586091	0.0008144040455
586092	0.000112015315
586175	0.001985328001
586238	0.002301016679
586330	0.02593991287
586355	0.001168691731
586409	0.01154756656
586590	0.003193274471
586591	0.002937740973
586685	0.00179419523
586722	0.02694367157
586941	0.01243878295
586957	0.004972744266
587152	0.00039719439
587190	0.004377680807
587226	0.01284125356
587323	0.001160043232
587385	0.0004700172871
587414	0.00306187817
587435	0.002128372533
587587	0.002076834074
587638	0.0004008751897
588388	0.00240399852
588506	0.001206289024
588565	0.006730991497
588695	0.0005900750077
588767	0.002832703751
588778	0.002241836942
588868	0.005567558548
588954	0.004715347495
588981	0.009710157036
589113	0.003209946185
589191	0.01392871947
589265	0.002085421668
589514	0.01157622213
589538	0.002382862948
589592	0.009512841724
589618	0.0003691944202
589669	0.006695128598
589748	1.662892092e-05
589822	0.0001405345521
589863	0.01541698494
589911	0.0006044437866
590122	0.01142901608
590212	0.000246759218
590361	1.991393533e-05
590365	0.007182836713
590529	0.001624871688
590574	0.007481344468
590661	0.001742879475
590673	2.706764129e-07
590820	0.008019803102
590830	0.00445623204
590877	0.007003931646
591074	0.01018637746
591104	0.002960170581
591133	0.002537305631
591158	0.004500589525
591227	0.002591289969
591231	1.190706715e-05
591254	0.002555472696
591267	0.0003371462522
591307	0.002215358159
591489	0.001135702148
591554	0.002981609377
591641	0.006420351997
591655	0.0001610155719
591785	4.331745839e-05
591838	0.00257177825
591846	0.002478914019
591995	0.001101500042
592016	0.00131444433
592073	0.0003390776963
592083	0.00934071832
592086	0.0007682025172
592262	0.003075453208
592420	0.001164764154
592702	0.005448168306
592963	0.001416844482
592982	0.003261405252
593002	0.004657898394
593226	0.002367817687
593228	0.001913461403
593343	0.001043645974
593423	0.006650163979
593471	0.002223455207
593487	0.00131978446
593764	0.004312395744
593798	0.0002902381014
593804	0.000803835444
593824	0.005809714313
593990	0.003533804516
594031	0.0008851948527
594177	0.006837474315
594201	0.003841429718
594219	0.00119178418
594222	0.004517323242
594315	0.006747204259
594332	0.005994798924
594382	0.001228360312
594585	0.0003944941265
594852	0.009054650549
594984	0.005298308263
595006	0.001107316616
595083	0.003821039484
595123	0.0007564071023
595214	0.0032456474
595300	0.001349173444
595375	0.01369436815
595406	0.002021893745
595423	0.006375824446
595526	0.0004499537129
595576	0.005201012087
595886	0.00819117993
595923	5.804094006e-07
596013	0.0007031108491
596014	0.000359518548
596023	0.00457729554
596056	0.0007504341654
596242	0.002400030752
596300	0.003631229134
596381	0.002626049195
596425	0.003848225009
596541	0.0002621830159
596673	0.002436372055
596793	0.001167737344
596867	0.006607180371
596937	0.007634329633
596972	0.003119538412
597054	0.02527643573
597108	0.009193616764
597185	0.000504667918
597294	0.004500831564
597456	0.01421489509
597505	0.0007129656263
597512	0.006018050515
597561	0.006580055725
597640	0.0009337706945
597691	0.003198662985
597988	0.001647664358
597994	0.01331539709
598065	0.0002258146176
598198	0.008144402707
598233	0.006540254828
598239	0.01340299026
598274	0.0001008920335
598325	0.0107021381
598362	0.0008382134793
598603	0.002005531053
598940	0.0003794211721
598970	0.002863216966
598976	0.007657536224
599001	0.005760366627
599017	0.0002688318294
599034	0.002334051756
599165	0.003348748246
599329	0.005244928337
599436	0.008402987401
599437	0.01153217505
599438	0.006526265701
599453	0.0005168057563
599689	0.01255064199
599748	0.0001725305548
599771	0.0001680306036
599833	0.003409754594
599942	0.0131216149
599990	0.0007358031123
599991	0.0001125356163
600171	0.002238101807
600358	0.000959907373
600375	0.000249660561
600397	0.007471310842
600459	0.002219600592
600525	0.001471061651
600545	0.001091787797
600752	0.03024737324
600822	0.004575185466
600831	0.0006085534794
601002	0.01499435262
601066	0.002397124268
601125	0.000401075733
601136	0.01060097783
601179	0.0007530530275
601258	0.0002415819929
601327	0.002545709533
601361	0.01107625369
601384	0.008585440423
601562	0.00241066761
601666	0.005748454058
602101	0.002515838928
602103	0.005879767368
602126	0.0124508158
602233	0.0001122987493
602396	0.00313912431
602513	0.01137330953
602631	0.001618218523
602731	0.004180769877
602848	0.003120764771
602951	0.001584838819
602984	0.0001015252887
603015	0.0002738346955
603017	2.251117824e-07
603047	0.0009299986234
603229	4.277849362e-05
603321	0.0002145461735
603606	0.009896574419
603633	0.0006444883124
603674	0.00318336582
603689	0.000895160029
603910	0.005204262337
603919	0.008561518478
603963	0.00757471023
603988	0.002645139893
604000	0.004806733854
604196	0.001462206679
604305	0.009026759721
604397	0.009868969962
604547	0.0006539153159
604645	0.006659919786
604746	0.008199187061
604873	0.004012082059
604956	0.0008084281895
604960	0.01492513045
604965	0.006899796209
604972	0.01238443514
605195	0.001450361952
605324	0.0003758659828
605428	0.00424114628
605444	0.005695090515
605447	0.001633458353
605705	0.003363310908
605765	0.01207423904
605840	0.00246940729
606000	0.0008080164229
606160	0.001109202283
606275	0.00221066239
606376	0.002758873373
606469	6.487672519e-06
606706	0.01349437507
607091	0.005035645598
607188	0.006179128367
607339	0.00117069778
607541	0.001020907893
607598	0.004387082117
607604	0.001738278237
607733	0.01484439122
607735	0.0009621964426
607745	0.003815407501
607821	0.004532800301
607915	0.00359269043
607954	0.006678042964
608179	0.02369736179
608279	0.0003232546912
608282	0.002506316661
608289	0.009991328689
608342	0.001320584936
608365	0.001334008429
608376	4.796249972e-05
608401	0.003306063354
608535	2.8409831e-07
608593	0.0009738550415
608769	0.009766590381
608978	1.18115226e-07
609001	0.01662986615
609041	2.308891747e-08
609111	0.001655499084
609272	0.0005301854996
609286	0.002039615504
609303	0.001033184189
609305	0.001601134665
609347	0.0027301946
609474	0.0008981317564
609597	0.003246714002
609701	0.008080394144
609713	0.01559364668
609936	0.002999005339
610058	0.001064785741
610083	1.715659217e-05
610280	0.002101152408
610488	0.00170658842
610505	0.002827110056
610552	0.00336044667
610643	0.005323390032
610899	0.002383651786
610952	0.0234477861
611209	0.001344460747
611250	0.01323302837
611280	0.001559513141
611364	0.0006519693965
611541	0.0001733260115
611583	0.001960252081
611694	0.00713985986
611700	0.005799346309
611713	0.002245400387
611911	0.004245890285
611989	0.008204979049
612021	0.01372991865
612195	0.001288830773
612545	0.0061523085
612763	0.002403200447
612835	0.008410099423
612865	0.000553679282
612880	0.01562676548
612910	0.002864740815
612948	0.0009441461718
613013	0.0003571592014
613115	0.002378999478
613275	0.00986647641
613451	0.0002631937667
613463	0.001069714656
613484	2.192510902e-05
613513	0.006883130012
613605	0.006092109012
613750	0.004330970154
613752	0.0008747791299
613827	0.003477720675
613829	0.001440492334
613830	0.002129244256
613944	0.01136087584
614130	0.001662506022
614203	0.01769358144
614234	0.01157167921
614277	0.009079657677
614332	0.006818203721
614341	0.005308407482
614470	0.004426283971
614492	0.008103074269
614546	0.008895590565
614651	0.004254047319
614695	0.01243053276
614783	0.003438709176
614858	7.944496831e-05
615119	0.001167653317
615150	0.002001571387
615173	0.01040622302
615202	0.007826258074
615300	0.01546799888
615314	0.009439979403
615470	0.01561847088
615484	0.0001829546834
615514	0.0001707702566
615560	0.0155594186
615578	0.004353441657
615619	0.01615120732
615737	6.978448521e-09
615887	0.006403789177
615935	0.03858765306
615970	0.002133594567
616055	0.003965992036
616098	0.004970519405
616265	0.001710195331
616360	0.001659249037
616416	7.099494385e-05
616493	0.00541160592
616567	0.005097867939
616742	0.0007550741783
616797	0.0288075943
616815	1.496873008e-05
617024	0.001395036486
617080	0.009951762772
617098	0.002723942626
617144	0.003399180996
617145	0.005859073068
617208	0.001145280943
617233	0.0009980650759
617473	0.001011973492
617534	0.001938288887
617602	0.007429256286
617696	0.006304635594
617739	0.01037642231
617741	0.002410010643
617754	0.01869756223
617795	0.0003807130269
617836	0.001799024048
617841	0.0007094213164
617852	0.0007834350176
617920	0.0007033168895
617922	0.001316889719
617934	0.0006759841189
617943	0.001281628299
617970	0.01310247491
617979	5.735791058e-05
617996	0.002063209082
618066	0.0003425180744
618190	0.002008823937
618291	0.001285694884
618490	0.003559209644
618715	0.001403731537
619000	0.008107704442
619026	0.00277961826
619113	0.002088639789
619130	0.01001909824
619369	0.0005307659141
619672	0.004626459288
619775	0.001289857768
619781	0.002393638866
619789	0.003643963357
619922	0.002131002485
619948	0.003336885505
620001	0.00339730085
620059	0.001148480061
620274	0.004193156606
620288	0.002219489866
620474	0.007722534844
620501	0.005535073486
620542	0.01040282774
620770	0.002222897629
620794	0.0001341943365
620888	0.0004657370826
620966	3.211736755e-06
621109	0.002549879384
621113	0.004870512155
621151	0.01015969852
621452	0.006328066661
621485	0.001204992516
621502	0.004353283971
621503	0.0006555524077
621516	0.00226940219
621531	0.002676465106
621559	0.01779640721
621621	0.01043786418
621736	0.0001957667605
621743	0.001024780402
621804	4.793951896e-05
621956	0.004592249981
621973	0.008555392603
622049	0.0004224382634
622211	0.01630830494
622294	0.001501113358
622481	0.001293856484
622536	0.007692687252
622647	0.0003080966239
622656	0.002126223837
622708	0.002547110622
622780	0.002533368831
622859	0.005951388763
623067	8.587415557e-06
623103	0.00426191197
623236	0.005427697365
623287	0.003311089786
623371	0.002286396298
623395	0.001481690497
623607	0.006779410557
623691	0.00994458825
623890	0.001651703306
623959	0.003269468006
624001	0.001996124148
624126	0.003786568313
624345	0.002800430587
624546	0.001282326795
624578	2.650357863e-05
624623	0.007024897411
624656	0.004228753833
624762	0.007199591499
624904	0.0001028926441
625132	0.002591413636
625145	0.0003095300425
625311	0.0004829468422
625323	0.001056006281
625493	0.0007726220253
625700	0.0004763431369
625740	0.0005272145948
626105	0.002344211412
626179	0.0191206355
626215	0.009492610742
626236	0.00195720204
626400	0.0009859896051
626591	0.003630094351
626815	0.001522001412
627037	0.003448256779
627039	0.002323126901
627070	0.005108942604
627170	0.0007504654854
627216	0.002216312794
627282	0.002558009554
627372	0.00547421093
627407	0.0006411880276
627433	0.002210453205
627487	0.001304120089
627592	0.003007815116
627597	0.008261735315
627743	0.005538378881
627794	0.007176056865
627841	0.002392355646
628144	4.614784087e-05
628245	8.68035547e-05
628261	0.01367406212
628552	0.02497085198
628617	0.0008375883899
628771	0.002346158452
628791	0.001721592232
628814	0.004574406081
628902	3.852074426e-05
628949	0.001861106918
628975	0.0004009358286
628979	0.004068148955
629102	0.02037985639
629216	0.004114653627
629340	0.005614270434
629350	0.002054454533
629455	0.008221451436
629463	0.0007425211621
629532	0.008509251888
629547	0.002867611016
629581	0.003103522839
629653	0.002666095712
629730	0.003213049442
629758	0.0001109024733
629771	0.002068280877
629867	0.001267577729
629975	0.01040473379
629991	0.0006999118716
630083	0.0008620602635
630105	0.006113808085
630245	3.479504406e-05
630370	0.003147914388
630409	0.0008136914057
630544	0.006435718528
630676	0.002160449234
631008	0.003764725508
631094	0.0004661904424
631178	0.0004072964031
631512	0.002916705403
631557	0.01128674446
631579	0.0006596477034
631744	0.009158469929
631818	0.00738357815
632091	0.0004679149768
632198	0.004050350133
632232	0.0006744933166
632233	0.0004609103151
632296	0.004247047909
632337	0.005175482075
632458	0.003817523469
632469	0.0003787767288
632561	0.002465687711
632594	0.000383885272
632685	0.005507218176
632733	0.003496931125
632745	0.007705157451
632765	0.0006123975138
632853	0.002446030626
632962	0.001046876269
632977	0.001700319746
633207	0.0001305495892
633242	0.0005152932138
633278	0.0005753970783
633334	0.002942784626
633378	0.0005781482362
633527	0.001041775015
633563	0.0005949946826
633630	0.0001075982089
633637	0.001149250205
633796	0.003878837582
633973	0.007825791082
634047	0.0004940999829
634072	0.002800747997
634118	0.000147477099
634269	0.001853394524
634284	0.001740208199
634379	9.804103049e-05
634383	0.002696616784
634457	0.0006587744793
634466	0.0008279845817
634499	0.009158418848
634566	0.0154861386
634749	0.00147469599
634838	0.003553985139
634843	0.01049408514
634903	0.009276004632
634907	0.002341593548
634952	0.001918391297
634996	0.00765568566
635028	0.01956686259
635155	0.00513396147
635203	0.0006760545172
635230	0.006150524763
635258	0.00383339078
635445	1.251435498e-06
635451	0.004441713897
635481	0.006246057995
635500	0.01094431976
635706	0.006646997813
635741	0.0004439975575
635872	0.003725609646
636324	0.0007470544632
636340	0.001155643955
636585	0.005262360913
636657	0.000383953197
636790	0.005814146381
637161	0.0004219913602
637173	0.001524329076
637223	0.001900158904
637329	0.00853978542
637418	0.007583116745
637525	0.004181758937
637553	0.0002893309219
637818	0.01288414319
638286	0.001201193797
638336	0.01164082187
638439	0.01209573611
638474	0.006748016521
638605	0.007209881186
638614	0.001905278825
638617	0.002319464933
638661	0.002896385712
638774	0.0001772198996
638915	0.000490618138
638954	0.0004289458314
638956	0.002787313674
639047	0.002452818482
639099	0.008574734496
639515	0.01226762886
639580	0.001722088436
639761	0.003841368386
639799	0.01941159205
639899	0.0002369563308
640051	0.006349554514
640095	0.0008757837773
640116	0.00839148826
640151	0.0004730718592
640185	0.004776180942
640296	0.01374664169
640345	0.007203623426
640384	0.0009578928383
640460	0.002678863003
640535	0.003481624695
640578	0.002867699345
640592	0.007646680424
640631	0.001317392631
640755	8.627585967e-05
640798	0.01332809035
640853	1.027735146e-07
640887	0.003004990767
640945	0.0133523746
641111	0.00598912737
641184	0.002492472284
641264	0.001547693221
641333	0.006746966864
641335	0.003262147269
641350	0.005078561488
641843	0.002008876291
641876	0.01613349518
642088	0.0009438369683
642102	0.0005776586664
642147	0.006255770194
642346	0.005857167029
642445	0.001271810468
642457	0.004151372156
642501	0.001123193034
642515	0.01449918606
642587	0.001902290521
642612	9.788723819e-05
642796	0.0002555402479
642807	0.001619998678
642895	0.001663856141
642897	0.006644621618
643023	0.01091593677
643169	0.003465025268
643258	0.004401155772
643296	0.002215970871
643305	0.0002792567807
643374	0.0003260575884
643399	0.0175972822
643533	0.002043238878
643581	0.0003366711289
643600	0.001611798599
643680	0.003869755112
643720	0.002554607119
643946	0.006619599696
643994	0.0279036425
644013	0.003180985637
644017	0.002959406919
644163	0.00522142613
644193	0.001414422714
644200	0.005355117387
644205	0.009836805492
644259	0.00288351824
644277	0.002814022884
644308	0.001066910561
644326	0.004903379987
644385	0.00369376272
644406	0.0120687586
644427	0.005807802537
644432	0.005721214544
644457	7.827539667e-06
644468	0.007767507374
644563	0.001869040812
644576	0.00714139905
644613	1.24497756e-06
644660	0.001341344793
644662	0.002655920549
644677	0.00464317304
644773	0.003014387786
644896	0.00544135012
645037	0.01715387635
645074	0.007924515161
645111	0.008209208417
645168	0.002893514676
645224	0.008974501274
645232	0.007569862436
645274	0.001082847824
645346	0.001391176863
645401	0.001289743994
645816	0.004957976886
645819	0.009736392848
645935	0.008582561345
646010	0.001512043639
646160	0.0006170990399
646352	0.01818143568
646502	0.001174949931
646525	0.008905470765
646779	0.005908674662
646780	0.006772335678
646853	0.0001339432316
646882	0.008680130918
646892	0.002010119017
646937	0.00372133765
646942	0.0001137120217
647017	0.003810252821
647088	0.0003959689243
647091	0.001372260469
647094	0.005610044309
647172	0.0007698335141
647269	2.812029249e-07
647296	0.0007586055918
647317	0.0004434626934
647399	0.001086544265
647744	0.004500096646
647765	0.002613506064
647852	0.004101897139
647875	0.002245201986
647883	0.00251257048
647941	0.001398580619
648051	0.002531920275
648230	0.0009362106786
648243	0.001667992902
648354	0.008000198268
648358	0.001372973507
648401	0.005078368091
648434	0.003637717939
648580	0.006052030472
648623	0.004025922104
648635	0.00228677889
648720	0.0001158013137
648744	0.0006067625741
648783	0.01952420634
648932	0.0001771937742
648933	0.0008915418364
649014	0.0025823969
649138	0.0122344809
649212	0.01206513453
649247	0.0008982231526
649248	0.002348203309
649286	0.002780093439
649307	0.003580528097
649361	0.0009112788881
649570	0.0001389597202
649633	0.006476054547
649679	0.002471074453
649746	0.001940875564
649811	0.0003282635289
649829	0.002307307488
649948	0.001413628446
650053	0.003764746393
650154	0.001758085705
650384	0.0004976311179
650405	0.0002566303308
650444	0.008418101002
650572	0.001812402839
650657	0.001144601753
650671	0.007989611335
650707	0.003288904828
650739	0.00259085313
650806	0.002818684874
650807	1.693916955e-07
650862	0.008467019244
650889	0.0005384451703
651046	6.294036452e-05
651067	0.0009094019796
651214	0.01040410582
651248	0.0008662642107
651364	0.0006558424295
651368	0.001216414695
651387	0.008988303995
651640	0.002366871496
651794	0.0002791041339
652020	0.0004378221459
652026	0.001848328884
652125	0.0006088786704
652167	0.006029655562
652268	0.004471658108
652530	0.004616650133
652582	0.001894731137
652860	0.005823083235
652948	0.003109070103
652980	8.374138177e-09
653131	0.01548937496
653212	0.0003823811407
653301	0.001904181433
653446	2.51194646e-07
653469	0.002501747724
653518	0.0002517373919
653571	0.00204947452
653587	0.0007826582021
653643	5.54129776e-05
653733	0.003078921517
653771	0.002607419261
653772	0.001227343263
653811	0.007047819121
653815	0.01447531157
653964	0.001815240005
653985	0.007506987681
653998	0.002435643984
654037	0.0004725936886
654064	0.004670678055
654203	0.009318198835
654287	0.01000505228
654467	0.01146651845
654578	7.475821575e-08
654636	4.724722863e-07
654695	0.0130760292
654733	0.004042502451
654996	0.0003724693384
655027	4.528473293e-05
655296	0.001752585725
655605	0.005682243019
655611	0.0005924125927
655793	0.003612951836
655861	0.004074116869
655893	0.00603394376
656105	0.001419630031
656111	0.0003884035409
656137	0.003481844455
656196	0.01169996173
656260	0.007339197662
656365	0.01136763057
656468	0.005257117963
656623	0.006664435293
656640	0.01485864526
656696	0.002669918377
656765	0.007782139255
656778	0.006583424178
656914	0.001910796213
657034	0.007038385483
657232	0.005216541035
657250	0.006853582603
657258	1.977588406e-07
657330	0.003906651497
657368	0.00278114028
657413	0.003352147699
657430	0.003116233965
657600	0.0001583190605
657634	0.006271962292
657635	0.001472451654
657651	0.002235212778
657794	0.0007736456179
657878	1.31190214e-05
657998	0.002060425202
658201	0.00191289053
658279	0.001452990374
658449	0.007797177582
658591	0.009139863972
658962	0.02090379057
659036	0.005444765673
659088	0.003103416511
659210	0.005714765936
659264	0.01648591315
659314	0.000453159624
659363	8.290483113e-05
659447	0.01969901023
659497	0.0007200874771
659775	0.0001142696147
659779	0.0145584502
659831	0.00657771542
659886	0.00074060192
659894	0.0003761678027
659901	0.002536128833
659960	0.000142151828
659986	0.005355875905
659999	0.001179429883
660017	0.02051879118
660077	0.006618598003
660159	0.001655154718
660181	0.01288090286
660216	0.01052370897
660239	0.0002922347056
660397	0.008398526286
660411	0.01108520755
660735	0.01307842198
660739	0.0008340304296
660772	0.004362535195
660865	0.003353820917
661072	0.00304974179
661241	0.0014429719
661437	0.01123371871
661480	0.001824830437
661667	0.003056776366
661671	0.002581727392
661679	0.001365126551
661762	0.006303203665
661878	0.0006975883259
662118	0.007940387823
662346	0.01686044853
662423	0.0006910517971
662496	0.0001497835213
662561	0.01268403447
662598	0.002016999892
662648	0.01214343869
662752	0.004485387593
662941	0.001781828817
663023	0.01370691835
663078	0.002195511925
663111	0.003883902639
663257	0.001106986077
663334	0.001144832905
663339	2.74751488e-07
663389	0.007178518805
663564	0.008619347939
663659	0.0007945218821
663670	0.002096348543
663682	0.007474699768
663711	0.001318497718
663810	0.00110182555
663813	0.001678415437
664041	0.0002159274371
664182	0.0008199216544
664312	0.0008385691707
664315	0.01369886125
664352	3.021215064e-08
664452	0.000832667372
664461	0.005733085169
664496	0.007159904066
664558	0.01324968067
664632	0.0005861121323
664785	0.01388581379
664897	0.0009851536673
665057	0.01078975516
665125	0.003182558429
665139	0.0101037701
665140	0.007117654347
665213	0.001959920612
665251	0.0005477689339
665350	0.002030946681
665596	0.01027308579
665674	0.002756773024
665768	0.008457017749
665834	0.01200586174
665858	0.008455317743
665896	0.001624763263
665947	0.001999256382
666018	0.003139680825
666078	0.0008981494414
666080	0.005794985906
666082	0.007281917688
666090	0.0009113077063
666112	0.01014831777
666140	0.009266515659
666186	0.0004313053197
666291	0.003781935784
666323	3.34602342e-05
666371	0.001353302549
666382	0.0008625558914
666416	0.0010754532
666427	0.01139099095
666735	3.575253351e-07
666805	0.0008228131653
666966	0.01451180099
666996	0.002391376908
667033	0.002615229933
667078	0.003705557164
667131	0.002053283294
667176	0.0006130584482
667303	0.0019319419
667333	0.002135861071
667374	0.01304884718
667398	0.01299792483
667464	0.009799517651
667738	0.0006038555596
667808	0.01594196214
667876	0.01937959987
668210	0.00178316382
668221	2.5482705e-06
668264	0.003181648239
668308	0.001631647616
668392	0.02153501207
668436	0.001758008429
668477	0.004885645822
668623	0.002421720852
668796	1.452347784e-07
668821	0.0001091479889
668891	0.0005592497144
668909	0.004376521047
668978	5.193093158e-05
668983	1.370313527e-07
669002	0.008050783078
669027	0.000332819747
669031	0.007574730214
669081	0.005175610204
669083	0.00222218442
669181	0.005766660128
669259	0.001248747589
669354	0.008675877432
669429	0.00650912952
669480	0.001764849952
669524	0.02466543365
669569	0.005804944171
669573	0.003585418062
669709	0.0004817796037
669880	0.0161176377
669891	0.004394136211
669911	3.784663237e-07
670059	0.001617418725
670284	0.01975875241
670332	0.0003151833324
670498	0.00639625647
670546	0.001992662242
670551	0.008717377908
670759	0.0001014198832
670983	0.0008447565068
671091	0.004108069129
671201	0.004021164756
671289	0.001232900405
671363	0.0007901242452
671390	0.002623243516
671439	0.0004921926529
671521	0.001068581862
671694	0.01165604056
671716	0.01316125216
671805	0.007301836438
671892	0.0004542116522
671912	0.004650737931
671964	0.005420057819
671989	0.001678281944
671994	0.003068554986
672032	0.0006455689944
672159	0.01987587476
672245	0.003281382924
672317	0.0004626731686
672343	0.005047905417
672375	0.009820283555
672513	0.003455070711
672522	0.004431980344
672571	0.001083578203
672607	0.002569849646
672636	6.145317849e-06
672690	0.01959468467
672986	0.006879102928
673100	0.00215643316
673185	0.002314391254
673419	0.004548924399
673482	0.003964854657
673590	0.005595294158
673830	0.000264359512
673844	0.002640719711
673904	0.01101177628
674125	0.0001500540475
674154	0.001156748347
674256	0.002984321017
674297	0.002196182692
674406	0.005764381465
674717	0.000264413043
674751	0.004238425439
674805	0.001518501376
674894	0.01795473892
675030	0.006190867083
675090	0.01652264699
675224	0.00188624014
675502	0.001139961191
675732	0.002022855081
675789	0.005935452835
675798	0.00276523467
675855	2.818658793e-08
675865	0.0001826747713
676045	6.069379076e-07
676149	0.001297494156
676151	0.0005815517674
676200	0.004455863932
676207	0.007477543377
676296	0.004623665886
676469	0.0001670618008
676477	0.004854661389
676499	0.005078133174
676598	0.006001581119
676612	0.0008989330193
676738	0.001488244082
676987	0.00157885834
677067	0.001729560637
677182	1.72551087e-05
677459	0.001870562964
677507	0.0007308472651
677514	0.01674578903
677542	0.009793888639
677599	0.004135765601
677620	0.005676855725
677668	0.002905622972
677783	0.001626342653
677796	0.01861023978
677835	0.006269000036
678090	4.683538538e-07
678178	0.006246173375
678297	0.004018634854
678323	0.004649709747
678367	0.003162680271
678400	0.009064997947
678489	0.002247173777
678546	0.007612231889
678732	7.390264444e-07
678765	0.001380034528
678787	9.262961362e-05
678799	0.005789397811
678814	0.0006779622794
678820	0.0001984007682
678870	0.0008158600546
678919	0.02656161962
678977	0.0001652947805
679231	0.001831567209
679458	0.0007452317332
679599	0.000935955777
679773	0.005193859698
679817	1.783617165e-07
679963	1.255409896e-07
680065	0.006235543962
680248	0.004737941776
680266	0.002643700861
680476	0.003605065737
680525	0.001621014682
680605	0.001202798765
680784	0.0001079121597
680901	0.005066378743
680912	0.009477567198
680965	0.006986954641
681351	0.004467001992
681627	0.0008275945017
681737	0.003505482878
681847	3.045242955e-05
681949	0.0133166298
682022	0.01401122565
682070	0.006043147101
682304	8.425617462e-07
682631	0.0003706663236
682678	0.001446924734
682723	0.0006702327671
682730	0.001493203848
682804	0.0003897748486
682820	0.0004546788936
682953	0.01388604173
683015	0.002632786044
683064	0.01264108381
683271	0.01634703319
683295	0.005622139579
683382	0.005988698304
683458	0.01111083303
683667	0.001335247683
683689	0.01862716285
683717	0.009276453364
683728	0.001386574701
683753	0.01219547706
683943	0.0003704702775
683988	0.004475995071
684033	0.004332489276
684046	0.008579184976
684368	0.004137932435
684393	0.001471699414
684555	0.001157317866
684640	0.002407929943
684711	0.00976153402
684824	9.607458382e-05
684835	0.0171785568
684842	0.005251458953
684898	6.231162966e-07
684906	0.001199043873
684986	0.0009998898676
685177	0.004364649241
685188	0.004847449633
685399	0.0005963396507
685415	0.004946307468
685534	0.002839830502
685733	0.0006000801316
685816	0.008584338515
685930	0.002119701254
685988	0.0004253670853
686125	0.006849836235
686209	0.01193708575
686244	0.002607426463
686306	0.00367642524
686628	0.001942137315
686720	0.001039794507
686851	0.01143446055
686893	0.00438333887
686910	0.007188574736
687073	0.0008231882448
687125	0.001196824402
687200	0.001192347492
687241	0.00576204525
687333	0.0004151428008
687637	0.005482678825
687700	0.001476109569
687854	4.086854797e-08
687899	0.0003722006857
687927	0.0002460697411
688111	0.0005910458996
688163	0.001322853706
688182	0.01080311578
688230	0.004675492377
688363	0.002564255446
688449	0.0003107035997
688492	0.0002106269866
688595	0.01036607817
688644	0.002752697145
688659	0.004912396692
688688	0.01855773077
688788	0.001377602583
688978	0.003483593838
688991	0.001467870153
689047	0.0004189403079
689163	0.0004189171004
689263	9.346264653e-05
689357	0.01448397648
689383	0.002522235305
689460	0.003495915093
689559	0.0101715606
689579	0.0005751515617
689779	0.03463282677
689791	0.001211885464
689883	0.001155789056
689885	0.001592166231
689898	1.846398546e-05
689964	0.01254354541
690061	0.0008660247787
690206	0.001831894346
690519	0.01479594966
690634	0.001181333009
690700	0.003168450524
690715	0.001438242466
690973	0.0005048013987
691058	0.001931511359
691291	0.002833045514
691328	0.002360375904
691379	0.0008306871943
691400	0.006876218303
691541	0.002162019275
691602	0.001955954392
691692	0.0005674326278
692012	1.56101549e-07
692016	0.01302951757
692031	0.002127316328
692044	0.003311444634
692092	0.003541482041
692252	0.01818806214
692277	0.0006079158363
692344	0.01688095434
692376	0.005733500397
692466	0.00470626476
692493	0.001602213887
692539	0.0006159576368
692686	0.001312919625
692794	0.009827105014
692852	0.004919712695
692855	0.0001231628881
693217	0.0009901509907
693317	0.002479778538
693462	0.003839874555
693545	0.002764629698
693570	0.0005573927189
693788	0.001228126141
693793	0.0001591990797
693921	0.004894286136
693966	0.006463492489
693996	0.00557683219
694041	0.003482575208
694044	0.001160155677
694131	0.001042349668
694166	0.01336982981
694203	0.005841440573
694220	0.006826802462
694315	0.00103692409
694407	1.4468227e-07
694518	0.009835447991
694559	0.000486635028
694579	0.0006049160494
694784	0.002111057512
694859	0.002226884049
694913	0.001542476325
694918	0.003646227078
695215	0.006164921052
695225	0.003560097571
695293	0.005775072449
695345	6.341618467e-05
695347	0.003714661057
695512	0.001223760784
695649	0.006793400539
695684	0.003480892814
695894	0.001775894588
695936	0.001870059467
696045	0.004145175953
696056	0.006002341283
696107	0.01182235224
696281	0.00170943986
696544	0.005114411049
696633	1.216013902e-07
696677	0.0156848744
696687	0.01655801893
696719	0.001035172033
696860	0.004439086127
696979	0.01019406956
697029	0.00032888362
697142	0.002950065834
697181	0.0003203700638
697362	0.004823072112
697562	0.000893875773
697714	0.006868105408
697761	0.01328406342
697794	0.005518029951
697988	0.002079591446
698001	0.001377805214
698057	0.000665453146
698128	0.003875126656
698145	0.002626888178
698189	0.004881845382
698287	0.001562635215
698294	0.0007150835261
698509	0.001095506407
698715	0.000182922287
698821	0.0001831911213
698868	0.004212348565
698941	0.004853135279
699124	0.0276153674
699356	0.002879609309
699452	0.0001212397265
699482	0.003232712804
699651	0.002349599989
699735	0.001901527699
699757	0.001379084965
699918	0.003752694149
699930	0.01074705131
700014	0.009210631182
700032	0.00150973495
700100	0.01636617299
700117	0.0009539697355
700122	0.0001742848282
700182	0.00948203144
700335	0.005173225597
700587	0.005731778861
700620	0.00189271057
700623	0.002116963576
701048	0.009869672492
701126	0.006665892899
701216	0.003862241151
701257	0.002144760649
701340	0.0009405541983
701353	0.00219713082
701381	0.0001174483914
701521	0.01386977203
701878	2.07550562e-07
701938	0.005027462367
702071	0.0010804684
702088	0.0003738213494
702381	0.0014895361
702387	0.001871035287
702421	0.003699876938
702439	0.005687185636
702542	0.001314560383
702552	0.02135410825
702707	0.0005146961562
702923	0.01063512274
703042	0.006139082335
703435	0.01078371411
703444	0.0002042269788
703511	0.0014430111
703549	0.007157792176
703587	0.005063337807
703664	0.007319446391
703686	0.01046467773
703798	0.008876570663
703925	0.002817682505
703929	0.008083410411
703978	0.0002640560593
704009	0.001768118188
704030	0.02631700163
704040	0.001987236183
704115	0.003305807861
704127	9.609785353e-05
704131	0.01026262598
704205	0.001582803524
704359	0.02025949595
704438	0.008192067259
704445	0.004996035841
704463	0.003153215086
704503	0.01125058891
704504	0.008118048548
704533	0.009670042818
704574	0.002383576934
704648	0.01362309975
704667	0.000740829821
704702	0.001508248548
704772	0.01725732433
704978	0.002449739001
705101	0.003135566522
705112	0.002907624642
705113	0.004547790815
705126	0.009410705945
705230	0.008872396992
705255	0.02395045282
705397	0.00499303349
705403	0.009537469443
705406	0.01204585679
705464	0.001118440529
705714	0.0116791233
705822	0.006148507718
705889	0.004691567631
705981	0.004445199016
706058	0.003091425722
706091	0.005730982082
706192	0.002618191771
706256	0.0004410353935
706342	0.0001489287054
706379	0.002098661712
706457	0.0005622698502
706498	0.001662414465
706518	0.002147170315
706600	0.0007772596573
706688	0.006321988517
706965	0.005076101159
707003	0.0005393567302
707112	0.0005766877538
707120	0.003576071076
707189	0.00106569341
707274	0.003578048517
707617	0.001581908208
707630	0.003446609979
707650	0.0007591814141
707666	0.001774059773
707921	0.0007878142865
707936	0.009480769925
707937	0.001037772515
708061	0.01453703487
708104	0.01999759651
708126	0.01627699127
708265	9.980601588e-05
708424	0.001896100923
708494	0.004378235489
708506	0.0006743697774
708630	5.632833708e-05
708780	0.002192489801
708821	0.003471839361
708861	0.002648752798
708934	0.003625249995
709149	0.003144888516
709282	0.002552350171
709646	0.001672880875
709666	0.001624143923
709673	0.0009958788209
709753	0.004095841947
709778	0.001860499949
709819	0.004287202032
709886	0.00150073161
709901	0.0004407423536
710171	5.266568003e-05
710190	0.0001823998667
710195	0.0002380815894
710275	0.004083745883
710292	0.002601192628
710322	0.0008634807924
710499	0.0004973891791
710526	1.356175375e-07
710554	0.006047860586
710564	0.005502680634
710705	0.005950637716
710708	0.005690199431
710712	0.001292102664
710781	0.001757515777
710826	0.001122611496
710910	0.001578023232
710952	0.002931062093
711249	0.002340873745
711255	0.01778190252
711640	0.004206407023
711660	0.0009968841839
711977	0.001747362274
711991	0.003272883853
712077	0.002572826153
712082	0.01670792059
712182	0.0003301773473
712433	0.0003610386022
712541	0.005760361934
712565	0.002290264748
712580	0.001162488631
713018	0.007489337764
713214	0.005607158629
713274	0.008672581045
713360	3.386163944e-07
713515	0.009646775962
713531	0.001531649453
713610	0.001486178691
713681	0.009601618801
713813	0.002320384744
713853	0.01103803209
714031	0.002308787732
714127	0.001477282586
714248	0.004235307392
714353	0.003986920721
714402	0.0005400823057
714538	0.002636280213
714614	0.0001269042115
714768	0.001444684699
714863	0.0002003583304
714910	0.02471493956
714911	0.01663992237
715001	0.002159392276
715166	7.804168442e-05
715305	0.001507559213
715333	0.01320929723
715440	0.00074507637
715590	0.0007206203881
715748	0.0001041587202
715815	0.0003460404906
715865	0.004230997969
715982	0.01574428869
716046	0.0003457500832
716336	0.01376575322
716468	0.001741970081
716490	0.001895707908
716611	0.004766919405
716634	0.0007054565339
716637	0.002322083434
716649	0.01457769332
716735	0.002525766365
716736	0.01000916925
716832	0.002365057994
716902	0.006924453202
716906	0.003750014581
717192	0.03234861543
717226	0.002681350861
717302	0.009976470924
717338	0.01553402868
717370	0.01463806071
717384	0.007191091244
717467	0.006164189181
717469	0.004437499005
717535	0.001247731586
717878	0.003887903328
718134	0.01211862269
718156	0.0002508311351
718340	0.0007466383582
718487	0.003073686117
718522	0.0003415058044
718529	0.01222469343
718778	0.001041620025
718823	0.002239920885
718931	0.002055497584
718939	0.01994949927
718992	0.0009503659281
718995	0.0103082947
718998	0.0005499175499
719141	0.00443978898
719205	0.00270136088
719296	0.004346108339
719434	0.004668038809
719463	0.008110942997
719638	0.005918457354
719817	0.01025559185
719841	0.02372391186
719874	0.004369263095
719922	0.003720045172
719990	0.003044940022
720045	0.008491686707
720289	0.004359552179
720302	0.0005160561403
720382	0.0002674352812
720428	0.0003245595785
720632	0.02254381318
721021	0.001722234598
721111	0.01141806642
721115	0.006506942507
721197	0.01142097617
721246	0.005792346719
721287	0.002272236254
721289	8.463454259e-05
721341	4.405412988e-07
721477	0.000185706147
721478	0.002782252664
721532	3.451435157e-07
721592	1.895376521e-05
721735	1.514580433e-06
721844	0.005897446338
721962	0.01311199792
722031	0.000378454144
722070	0.005761295517
722125	0.001897705167
722402	0.0008647153815
722468	0.003731003439
722519	8.543026739e-06
722677	0.0001241610976
722828	0.001760095943
722878	0.01220726272
722996	0.00644540591
723018	0.0006913394988
723111	0.001925786139
723204	0.006475966421
723238	0.003066592211
723243	0.002378469784
723257	0.0184411238
723343	0.002790954774
723481	0.008860153502
723531	0.004785072684
723627	0.000681499785
723640	0.005935352443
723818	0.003165106397
724011	0.008444947188
724198	0.004888238831
724233	0.0004340976587
724376	0
724482	0.0008430346914
724501	0.001846145829
724556	0.004084976404
724674	0.01282217252
724681	0.01801425455
724689	0.002859546795
724696	0.009563750878
724714	0.003500974417
724827	0.01209097376
724865	0.003580486748
724869	0.0008103768163
724902	0.001907480935
725074	2.508700562e-07
725113	0.001055028911
725125	0.007458885604
725280	0.01162027117
725313	0.004956415362
725403	0.003869638702
725516	0.0005183207237
725569	0.0112369745
726223	0.00262494464
726471	0.00378080283
726577	0.000881365461
726586	0.001566465198
726650	0.0004361584915
726663	0.0007793065144
726834	0.01765855146
726954	0.006416707291
727066	0.01003372033
727094	0.003556173564
727121	0.01142471959
727136	0.005561947725
727435	0.006090242201
727600	0.004374845908
727637	0.01208172788
727700	0.006302803462
727778	0.004490601255
727925	0.002600954538
727954	1.042960852e-07
728022	0.003632285091
728338	0.002449602395
728459	0.01173239444
728530	0.001506712501
728558	0.0009926330451
728817	0.002197515288
728841	3.947928757e-05
729051	0.0001365087067
729251	0.0008468355192
729306	0.004463495385
729326	0.0003582268008
729454	0.0121661737
729692	0.01086077347
729695	0.001553643103
729745	0.0008569670748
730218	0.02308929158
730247	0.005512309981
730370	0.002307011952
730541	0.007528880895
730604	0.001271803836
730638	0.0003443092186
730802	0.0237150542
730838	0.003198776062
730944	0.003178374279
731013	0.000848285152
731056	0.002518872832
731148	0.002091839295
731169	0.00595298137
731347	0.006737622257
731362	0.007158331721
731522	0.001806282173
731590	0.001744044004
731657	0.0002468480589
731797	0.001817614044
731869	0.004012234468
731983	0.01066117839
731994	0.0008818680455
732100	5.586846203e-05
732244	0.002393123206
732343	0.001384540021
732349	0.01014302089
732369	0.009644247905
732445	0.002133807932
732533	0.00311527554
732555	0.008180737913
732560	0.001383587971
732611	0.001192701264
732730	0.001044267946
732775	0.01126471205
733016	0.004090674297
733195	0.006966570676
733379	0.001475465135
733412	0.0001113662943
733515	0.007084777514
733601	0.002516804801
733668	0.0001894532755
733945	0.00820891317
734083	0.002356909471
734263	0.001694369349
734326	0.001995842469
734542	0.0004757234361
734548	0.005819266122
734555	0.002691780904
734687	0.003437507822
734710	0.004419276287
734734	0.01979510942
734769	0.000793682198
734965	0.002683048061
735049	0.0122984351
735068	0.006380093072
735095	5.940923084e-05
735097	0.0006351919194
735105	6.167028045e-05
735261	0.002652801372
735398	0.0004021704825
735692	0.001622806032
736005	0.0002884147339
736061	0.001493996558
736238	0.002428533728
736355	0.01591047615
736434	0.002924287338
736616	0.001216013397
736620	0.0005657201323
736742	0.008404227626
736785	0.0007897860139
736952	0.008801431573
736966	0.009105420691
736972	0.003289392978
737030	2.708623281e-07
737181	0.01754440037
737210	0.008919108921
737453	0.003490262999
737613	0.003522533951
737871	0.001539761374
738033	9.354614362e-08
738208	0.009540955752
738487	0.002368457174
738497	0.01214673315
738509	0.0003303820047
738639	0.002815701485
738799	0.009979395262
738836	0.005793055789
738962	0.01075531429
739128	0.0002277729754
739220	0.006780193191
739432	0.0007994156494
739982	0.001210953199
740017	0.004903331387
740094	0.0008381068305
740135	0.004871373013
740144	0.01524662951
740191	0.004458752865
740413	0.009029828345
740416	0.008673065668
740441	0.006661474925
740486	7.536724361e-08
740555	0.001327624531
740708	0.00712976357
740935	0.0002701920676
740951	0.00455437637
741046	0.01360160007
741103	0.002951283119
741113	0.01014504095
741153	0.01827176828
741260	0.0005834784039
741314	0.007756542151
741366	0.0002982503867
741456	0.002156983742
741555	5.738041231e-05
741561	0.01688335663
741737	0.007693347195
741771	0.02245587756
741801	7.284140837e-08
742031	0.00378922112
742161	2.528492223e-07
742265	0.02383147729
742306	0.002438014384
742342	0.001022616692
742356	0.0008009186706
742430	0.0002715970683
742436	0.0006682492191
742738	0.002114284569
742787	0.003127328525
742831	0.001793224898
742887	0.002247213958
742922	0.01258723045
743019	0.0002863496905
743075	0.01552271095
743132	8.583607027e-08
743365	2.547043086e-07
743559	0.000525681437
743680	0.001112544774
743792	0.00598307639
743842	0.008211460902
743947	0.001477178417
744068	0.0186375637
744130	0.004830782057
744174	0.001700371881
744211	0.005220610351
744224	0.001061413017
744234	0.006594338644
744267	8.170170857e-05
744269	0.006399663331
744476	0.001697216178
744551	0.007662683617
744583	0.003610295538
744642	0.01121323486
744679	0.009490526634
744769	0.0008348707301
744781	0.003522864162
744982	0.007657043559
745073	0.003376615646
745323	0.00772966225
745336	0.003581778246
745494	0.006216066585
745644	0.001175195885
745943	0.002178170461
745969	0.00263686988
745995	0.001567401206
746599	0.01067070151
746620	0.000310056955
746648	0.004850694096
746720	0.006695285735
746898	1.621537673e-07
746974	0.0112393136
746997	0.0007753894716
747022	0.008242244363
747036	0.002510484459
747116	0.0005289028233
747181	0.009720324617
747189	0.0001531862735
747234	0.008858297564
747800	0.003734818867
747823	0.005541127801
747927	0.008888369466
748007	0.0004793782596
748030	0.005881126654
748085	0.001984171773
748227	0.007382244462
748415	0.001195276086
748624	1.547946766e-07
748672	0.001969918354
749328	8.815683696e-08
749331	0.005594835062
749581	0.007442847612
749627	0.0006825491644
749788	0.00221974192
749840	0.01954938434
749873	0.01030528303
750097	0.003280569515
750311	0.006493611268
750444	5.938025266e-08
750547	0.0002327043396
750824	0.003739359675
750827	0.0004021811021
750995	0.003239340592
751003	0.003121945918
751044	2.065364457e-07
751052	0.0117778818
751058	0.001467500853
751063	0.00310282265
751199	0.000588529959
751248	0.01384615551
751422	0.007287669755
751628	0.00132086097
751639	0.002533456484
751793	0.0001212363686
751861	0.002459320242
751879	4.930247811e-07
752018	0.0009392989725
752359	0.003810308215
752363	0.009895841985
752430	0.008379273508
752475	3.654169378e-08
752578	0.00944099993
752819	0.0183078201
752841	8.866968874e-05
752847	0.00510334759
752943	0.002537751884
752994	0.001786974439
753130	0.0003892763837
753240	0.01728457124
753463	0.0007839327069
753547	0.001336051003
753634	0.01325110005
753832	0.0015571566
753918	0.001544832292
753986	1.604438636e-07
754009	0.00192845368
754026	0.002628337838
754094	0.00214133531
754103	0.001579853137
754113	0.003569744
754235	0.02710777336
754404	0.0168409054
754425	0.001095425408
754493	0.0005244538318
754526	0.009644272096
754670	0.001353910248
754800	0.0003907014676
754875	0.01303241803
755018	0.002458687018
755026	0.005642099312
755069	0.01232143171
755155	9.488569277e-05
755439	0.01362293242
755618	0.0009933767751
755623	0.009349719033
755652	0.006903322853
755674	0.02092634022
755681	0.002389416696
755795	0.004736096631
755871	0.002240518423
755940	0.001237845475
756032	0.0178315578
756064	0.001567702337
756065	5.809755808e-05
756120	0.001297873837
756195	0.001216306341
756673	0.007924254951
756731	0.002527894011
756743	0.001260002618
756852	0.01868298707
756993	0.00839176791
757203	0.002280725208
757282	0.0224546306
757347	0.003783802477
757351	0.001882026025
757358	0.00191213343
757453	0.005962642617
757464	9.868288711e-05
757550	0.001005576273
757588	0.003701481175
757731	0.0005864034504
757770	0.002860289604
757827	0.001148256174
757909	0.003664265477
758007	0.001605277664
758190	0.0240670371
758202	0.001693152979
758621	0.003083952146
758742	0.004410170467
758813	0.007337575872
758853	0.001864837156
758942	0.006218683221
758951	0.008046294104
759189	0.002569004826
759256	0.001633852853
759425	1.266480441e-07
759643	0.008637841984
759700	0.002884247356
759769	0.007368765147
759947	4.211087361e-09
759950	0.002662224396
760066	0.009964758025
760091	0.0103252173
760205	0.004113552696
760331	0.001807354552
760390	0.005212792545
760408	4.234578416e-07
760456	0.0001120610013
760474	0.0147310852
760566	0.001903278826
760773	0.001277294732
760801	0.001514983195
760856	0.001964073465
761154	0.002297881038
761221	0.001476970085
761224	1.388223878e-06
761329	0.00209253615
761370	2.01063381e-07
761672	0.007474556389
761901	4.937775296e-05
762126	0.001222535854
762169	0.008736726073
762286	0.001086151751
762326	0.006151260566
762388	0.006569681887
762555	0.0005600831122
762572	1.22929142e-06
762704	1.718740163e-06
762737	0.006985029682
762914	0.01657451943
762938	0.0008418957421
762940	0.01685174864
763000	0.0106123561
763035	0.00510738853
763052	5.170042601e-07
763103	0.01670438732
763157	0.000640275922
763216	0.001122194813
763360	0.004652536239
763536	0.0006906957733
763574	0.001636141179
763597	0.002209749695
763642	0.0003056209827
763667	0.0004763946304
763830	0.0008706245442
763857	0.001745543516
763899	0.0008470239552
763931	0.01067847599
764011	0.0009432621396
764142	0.006633518591
764784	0.01095825235
764786	0.005157744024
764887	0.003030123901
764952	0.008892850336
765194	0.0001121210491
765349	0.01549392825
765359	0.001348606796
765369	0.003192903249
765433	0.004524908593
765609	0.006067403735
765648	0.006581334805
765654	0.005518346321
765712	0.00539336961
765989	5.591824717e-05
766078	0.001803080353
766112	0.003735150454
766206	0.003595998487
766212	0.01939482771
766229	0.009944599433
766246	0.003875185405
766378	0.008120521365
766615	1.983204533e-07
766688	0.004697846721
766714	0.004581695174
766919	0.00467739809
766927	0.0002053227189
766944	0.02002242832
767073	0.01133555396
767130	0.00420579676
767203	0.000800583977
767462	0.0001564999226
767797	0.001055710922
768082	0.002030787692
768101	0.01182857456
768153	0.01158589633
768272	0.01404798993
768305	0.002431665384
768320	0.0001268551499
768371	0.0001182618528
768676	0.01888113744
768859	0.0007254166686
768863	0.003916737232
769143	0.004914546721
769160	0.009075455387
769281	0.0003980547653
769291	0.001248511855
769316	0.001415419454
769423	0.0164742692
769776	0.01237705829
769827	0.004250187892
769844	0.001626409215
769968	0.0003980648938
769974	0.001768582432
770149	0.001952345575
770179	0.0003167057594
770323	0.001676578923
770328	0.0007382862096
770494	0.001314380112
770610	0.001687458746
770708	0.0005153011051
770734	4.796097342e-08
770768	0.0160308887
770884	0.003786462791
770938	0.003283421568
770977	0.004026075041
771040	1.817311936e-05
771044	0.007312438943
771054	0.0002597536411
771092	2.24470407e-08
771206	0.005169141761
771327	0.005636780456
771356	0.0002194463897
771537	0.002014472174
771696	0.001521453484
771791	0.02352163422
771970	0.005540471342
772005	0.009504783557
772048	0.02195573016
772326	0.001061917364
772418	0.0001241806909
772530	0.01653842702
772569	0.003390427322
772779	0.001132272491
772808	0.0007764647352
772897	0.007865410701
772918	0.002364644037
772938	0.0007502222926
772940	0.0009221702676
773207	0.0002128320499
773276	0.006376908944
773384	0.009975521812
773397	0.002444397509
773408	0.0007525405386
773435	0.01432060893
773437	0.005271838363
773445	6.496564814e-08
773594	0.00335350347
773696	0.0002463176629
773768	0.004386092735
773821	0.0006567677477
773857	0.007943888452
774009	0.003451413121
774182	0.00139409883
774217	0.009716785699
774306	0.0005309182413
774317	0.01212150955
774348	0.002814895483
774411	0.004275535927
774425	0.009332835112
774464	0.009245921524
774465	0.00496794711
774485	0.005209764063
774509	0.003703665852
774538	0.002052953646
774707	0.008845908618
774854	0.009543058634
774866	0.003770961171
774890	0
774988	0.003083777737
775059	0.01768855905
775273	0.004907518151
775381	0.005450818737
775475	0.004920480926
775476	0.001868556313
775564	0.002707032728
775604	0.004185886002
775645	0.007031233343
776223	0.001357442283
776468	0.003405028546
776539	0.001352073488
776612	0.0004516598936
776821	0.006624565689
776868	0.004976120899
777055	0.004317459245
777061	0.002152356673
777131	0.004101208178
777340	0.002597387048
777401	0.002884994125
777491	0.0110683657
777498	0.005344157936
777629	0.004540237445
777756	0.001872874376
777798	0.01000930212
777921	5.381902027e-05
777925	0.001530727911
777932	0.01225645106
778012	0.004268980699
778030	0.002814530689
778104	0.001848987446
778279	0.001358588614
778359	0.006381472511
778422	1.827084734e-08
778426	0.01310973493
778438	0.01019823403
778448	0.007946449205
778486	0.005521253224
778525	0.01115223274
778613	0.002804545726
778848	1.328948886e-07
778929	0.003508552833
779121	0.007171577155
779242	0.0001776054928
779301	0.001243108507
779303	0.004723174737
779479	0.006632578857
779492	0.01461470142
779498	0.01005616777
779526	0.002264455528
779538	0.003551082141
779542	0.01000724418
779546	0.0006437943787
779554	0.004350394744
779569	1.470540567e-07
779595	0.009673011249
779639	0.001857996301
779886	0.01503913216
779921	0.01714180011
780017	0.003676190526
780072	0.0002709500294
780290	0.002045173078
780386	0.01539697483
780471	0.003302680763
780914	0.007168677005
780992	0.004710650721
780999	0.01646598093
781343	0.003426462914
781530	0.002827479864
781563	0.003857740914
781694	0.01047092785
781763	0.0002075276566
781826	0.003059839745
781880	0.001212154886
781897	9.674467129e-07
781945	0.007553577301
781968	0.0001571815307
782021	0.005054960747
782052	0.002078733679
782069	0.00165627834
782172	0.006380153553
782192	0.001467804432
782281	0.003582624122
782303	0.004032327278
782358	0.009357405496
782433	0.005276598314
782476	0.0006048736268
782730	0.01902191449
782823	0.009983713666
782972	0.002903095537
783067	1.147250762e-05
783240	0.002334402438
783268	0.0009115033002
783383	0.00144276064
783393	0.003914903375
783628	0.0005284131061
783640	0.01476852325
783766	0.006395979797
783806	0.002676172528
783862	0.00236682117
784091	0.001862983682
784138	0.001603943992
784201	0.002256313228
784307	0.004850129366
784325	0.0001253333136
784380	0.005491925405
784408	0.003126147458
784415	0.0002170574936
784501	0.01077470114
784544	0.005780877663
784759	0.001344548425
784835	0.009020617336
784877	0.01501413287
785007	0.01428538993
785026	0.002602918166
785126	0.0002661401842
785272	0.009587212211
785360	0.001128225984
785511	1.139420128e-06
785531	0.02621785041
785642	0.008371787663
785667	0.001452375981
785669	0.0003923194053
785699	0.002149381918
785765	0.004394730305
785784	0.0001810086192
785787	0.0003225210701
785831	0.001376120379
785837	0.00144458872
785889	0.0002270989328
785940	0.01871494282
786087	0.008286987939
786243	0.006627422704
786470	0.004956892597
786477	7.1234779e-06
786491	0.002856489639
786509	0.007585703865
786674	0.0004145929708
786914	0.01346984544
786962	0.002776778575
787011	0.002030007626
787138	0.002689847124
787215	0.006662917675
787257	0.003417028488
787293	0.003626569151
787387	1.634186348e-06
787426	0.002631021193
787708	1.317023557e-07
787861	2.371741624e-07
787955	0.007544708153
788001	0.009724731063
788185	0.0005343342062
788201	4.858516874e-07
788302	0.01169744389
788324	0.01103710528
788356	0.0005690347335
788471	0.01458572005
788530	0.005272213716
788553	0.007931960844
788641	3.291570602e-09
788777	0.007458002467
788811	0.0004531384712
788817	0.004056213895
788818	0.0003198631965
788886	0.01323849182
789156	5.631871085e-05
789300	0.002459409414
789309	0.00517913026
789314	1.490814114e-07
789421	0.003428763968
789470	0.003123539415
789472	0.005596457306
789509	0.001241943503
789551	0.001576036256
789564	0.01214199132
789786	0.0002544652935
790020	1.973904011e-07
790075	0.005596779045
790117	0.01327794294
790122	0.006968139761
790223	0.002899012568
790417	0.01098590859
790485	0.003319520805
790582	0.0002595797878
790638	0.0003766255574
790696	5.893632521e-08
790803	0.0005173581678
790869	3.351790934e-05
790932	0.01812737886
790975	0.02138481945
791205	0.002550259781
791334	0.003062439603
791432	0.007264977508
791454	5.608007694e-05
791811	0.003547591695
791848	0.003348274592
791864	0.001918176081
791866	1.855690804e-05
791916	9.01996394e-05
792016	0.01202817316
792031	0.001647061134
792112	0.006334171833
792351	0.01209652716
792364	0.0007945669528
792383	0.01000747937
792641	0.0004859628773
792866	0.001652073149
792942	0.001219977964
793088	0.001871797544
793191	0.001169874435
793220	0.001953610466
793258	0.00117041209
793467	0.00156671552
793556	0.00244453587
793946	0.0002983747209
793961	1.048830517e-05
793976	0.001141743071
794132	0.01710145847
794151	0.006753790864
794164	0.0007885173983
794211	0.009040772012
794334	0.005719111596
794336	0.002943865309
794378	3.601545883e-07
794404	0.03972638268
794489	0.01048043915
794535	0.00322637177
794693	1.612474753e-07
794888	0.005614670239
795046	0.003819587854
795113	0.001942489577
795237	0.003174143425
795419	0.02008901622
795813	0.008371523858
795850	0.001811992155
795940	0.001069595419
795968	0.0004771018019
796054	0.001549007357
796104	0.0047815342
796123	8.298918956e-05
796204	0.01142981916
796386	0.007813495159
796566	0.005815455119
796579	3.197398232e-08
796585	0.001324901977
796700	0.0005453342393
796866	0.008832643654
797004	0.006900033947
797119	0.004718635514
797184	0.004456968037
797187	0.0009493833388
797234	0.01468645137
797293	0.004049231921
797352	1.522570612e-09
797377	0.003115617708
797440	0.0007493713967
797580	0.004142729994
797619	0.003086716586
797772	0.007155671032
797793	0.00614410164
797922	0.006559939132
798035	0.01277924602
798052	0.0004017246875
798073	0.005937152538
798199	0.001097612001
798261	0.003574218758
798416	1.723564414e-05
798480	0.001380153349
798486	0.006206147756
798761	0.007886967964
798952	0.002372327704
799076	0.0009356731356
799325	0.01847495236
799381	0.001224979939
799423	0.0002049197165
799441	0.004853151823
799462	0.001899407864
799476	0.001616339913
799577	0.001038762807
799579	0.006149801107
799646	0.001758253205
799666	4.19556767e-07
799681	0.004849618147
799832	0.002023244987
799884	0.001006601576
800043	0.002196280956
800049	0.0007680152642
800103	0.006841810863
800163	0.005477288949
800319	0.007646641575
800350	0.00261396958
800408	0.01063383438
800461	0.0133278076
800523	0.01819312127
800529	0.002117096773
800563	0.001618237969
800706	0.005614963946
800742	8.332811295e-08
800900	0.0006735007678
801136	0.003331390383
801268	2.296010564e-07
801341	0.002189842023
801448	0.001121577369
801576	0.001803712423
801650	0.002731264805
801824	0.001438502928
801880	0.004198329746
801900	0.005900813196
802012	0.003764932115
802103	0.01103681457
802217	0.0009698401352
802258	4.127485869e-07
802267	0.01422558189
802431	0.0004212513734
802688	0.02638537911
802793	0.002030249647
802844	0.01276869379
803086	0.002378402879
803147	0.004908324051
803200	7.630661847e-05
803363	0.0004461486114
803537	0.01204648543
803542	7.481577308e-05
803582	0.007925524169
803651	0.0008685063097
803784	0.003266556225
803871	0.002777015892
803980	0.003342768227
803993	0.002358891691
804109	0.00130379744
804113	0.0004584607285
804252	0.002287911022
804303	0.001257511104
804315	0.000976194829
804694	0.001291327028
804702	0.000333646446
804704	0.006574729841
804733	0.005826964201
804859	0.002723049994
805072	0.0001494945929
805114	0.001819038375
805277	0.004899588383
805308	0.004043573654
805327	0.0008867330549
805378	0.00223956812
805482	0.01053104231
805548	0.005819217731
805770	0.003264299368
805887	0.0005889295922
805902	0.001172496291
805905	0.0004815597963
805958	0.009113804395
805970	0.009168325229
806057	0.006826131847
806076	0.002063226924
806190	0.006633420739
806284	0.002207155354
806337	0.001176736874
806360	0.003803141137
806409	0.01797441821
806740	0
806841	0.001249854988
806877	0.001808521608
806883	7.018613965e-05
806955	0.002458595207
806964	0.007031294887
806988	0.001650939296
807053	0.008710179268
807156	0.001978203434
807304	0.00225221697
807307	0.00100851797
807437	0.004154311692
807484	0.0004165395185
807631	0.001077739496
807639	0.006189642223
807694	0.02063163544
807715	0.001387836762
807827	0.01199074596
807920	0.003884094045
807956	0.003752982254
807970	0.008743562344
808040	0.01598960345
808065	0.004368329834
808066	0.001374529943
808239	0.008957789703
808247	0.001971172209
808428	0.004208913637
808455	0.004163051499
808551	0.005323733396
808791	0.002814908693
808818	0.002198850489
809027	0.006904782442
809105	0.00226304331
809214	0.001253059996
809413	0.007873003518
809516	0.0005833686075
809550	0.001673357678
809669	0.002328666967
809712	0.01575920381
809825	0.0005362142044
809827	0.009963018432
809838	0.001796508969
809856	5.403512447e-05
809952	0.005481168561
810047	0.000680527003
810089	0.00328959931
810174	0.01647445436
810216	0.001230805683
810289	0.005702957697
810711	0.002623073101
810813	0.001070562789
810850	0.001619593934
810921	0.003039045719
811055	0.0004707299781
811093	0.005459930979
811208	2.283855909e-08
811256	0.001916329452
811379	0.003241173932
811416	0.001551372759
811431	0.007214634257
811600	2.14745467e-06
811700	0.001523402226
811870	0.007412131341
811908	0.002855453577
811935	0.006000160981
812080	0.001757492961
812122	0.007078647748
812168	0.00604653289
812314	0.002129108811
812420	0.02435819522
812489	0.0006718729613
812588	8.811732274e-06
812610	0.004988632446
812624	0.01693805883
812794	0.002667850113
812945	0.001792696581
812954	0.0008382374767
813281	0.004691784615
813346	0.01295812104
813368	0.0006075261087
813437	0.002214842869
813465	0.01342204109
813481	0.0008912540141
813529	0.001556048728
813572	0.01433695468
813656	0.0025367274
813671	0.0001393440321
813705	0.002154334029
813801	0.003181534945
813809	0.009103833989
813836	0.006928628014
813984	0.0003510970899
814043	0.00445351481
814058	0.002000235508
814148	0.0009501070471
814278	0.01585054361
814547	0.01330640376
814587	0.003195977007
814772	0.00535494602
815018	0.002539006825
815046	0.02021400269
815069	0.01201236419
815096	0.006732193574
815136	0.004617535008
815219	0.0005936684147
815292	0.02237729246
815380	0.003540587433
815384	0.008491157958
815628	0.01238555782
815710	0.002723468183
815767	0.0001625437447
815769	0.003965820661
815781	0.002188296123
815788	0.003802987952
816103	0.004543901267
816108	0.005914778854
816220	0.01259855318
816236	0.001880477662
816260	0.0001794237967
816292	0.0003188384443
816320	0.006233377912
816367	0.0001636356841
816387	0.01355075704
816452	0.0004290710043
816565	0.002848013547
816619	0.0004517133195
816634	0.004563939076
816695	0.004035559881
816708	0.0136819958
816733	0.0001913937742
816900	0.01276569464
816943	0.002418077516
816983	0.000619813527
816989	0.003635203306
817048	0.001629790343
817051	2.745505168e-05
817136	0.002666399533
817184	0.001271771941
817187	0.005998212718
817190	0.00683290392
817338	0.004170761622
817378	0.003720040877
817407	0.0002879908305
817448	0.0002884527407
817519	0.003458684963
817617	0.002176558032
817636	0.006583288755
817758	0.001091667497
817763	0.0007221630436
818052	0.002008208342
818573	4.855049118e-05
818611	0.005562897525
818654	0.01070179174
818696	0.00916026418
818708	0.0002379857467
818777	0.001272139602
818805	0.02008649628
818822	0.0006473041953
818892	0.01051325024
818903	0.01108031599
818916	0.005033238863
818936	0.0001832895266
818974	0.000458742387
818987	0.0008778340024
819163	0.0009146415019
819205	0.001938583185
819356	0.0009307263288
819555	0.003779557711
819616	0.0007392751883
819727	0.01812174552
819825	0.01757511541
819845	1.910391064e-07
819906	0.002965303954
819943	0.0004087415182
820099	0.005839785586
820125	0.002837256389
820268	0.005467197411
820624	0.007181909646
820638	0.001623993057
820688	0.001846150075
820811	0.0001025588816
821010	0.004376968317
821063	0.003698944096
821093	0.02015840215
821151	0.001727029485
821218	0.008270834661
821307	0.009840368476
821540	0.005299911298
821615	0.01309641114
821709	0.0008464863928
821777	0.008971561403
821838	0.003087586525
822132	0.005642844435
822148	0.007711711817
822186	0.0006909722349
822202	0.0005217228441
822403	0.009311748152
822485	0.00413274716
822489	0.005098054867
822542	0.001104210226
822668	0.000362719264
822772	0.000344692807
822790	0.000344488118
823007	0.002159509945
823017	0.001912935343
823070	1.182492775e-05
823262	0.0008088017687
823350	0.01752496651
823358	0.007448892976
823359	0.005606413254
823389	0.0006479374443
823397	0.00579030081
823520	0.0005650442459
823661	0.003217855453
823757	0.008860886028
823792	0.006720387761
823820	0.0003754370888
823889	0.007749986714
824010	0.01020351872
824018	0.001613796843
824214	0.00896284972
824399	0.004234882889
824470	3.221686861e-08
824608	0.002001868281
824620	0.001124714827
824627	0.004687646725
824635	0.026197845
824728	0.001162423718
824829	5.398257738e-07
825006	0.008196889633
825017	0.002849333893
825111	0.005402285435
825235	1.008086734e-07
825257	0.0005229763061
825290	0.008239888077
825301	0.004372851644
825317	0.002596964854
825418	0.0005745105053
825437	0.004066013324
825817	0.004309563169
825875	0.00243953805
825959	0.00259401547
826098	0.0009812848782
826111	0.002846754434
826324	0.0006026990196
826419	0.02039149263
826427	0.01585993356
826436	6.361800977e-05
826520	0.001335850255
826563	7.82727429e-06
826753	0.001922502529
826780	0.0001639731175
826901	0.01307476539
826905	0.01026684453
826987	0.002300289824
827111	1.766487908e-05
827193	0.002221065654
827230	0.01109124339
827454	0.001479719042
827573	0.0005580086664
827679	0.01087286304
827682	0.01258093031
827788	0.003325698249
827793	0.002850159019
827815	0.00021404165
827832	0.009815421552
827873	0.004228898437
827879	0.004709852201
827900	1.514937028e-06
827971	0.001876233184
828134	0.003626809588
828155	6.998766615e-05
828592	0.000349863335
828623	0.001558421061
828731	0.001821166018
828866	0.001551662474
828936	0.002702361682
829011	0.007455929872
829338	0.004855506744
829432	0.004111908403
829494	0.005243042153
829640	0.002341137221
829680	0.003626172907
829777	0.003261859596
829944	0.003909026669
829949	0.006077209874
830010	0.0122627971
830028	0.001484010144
830154	0.0001603660296
830272	0.004344267699
830337	0.01131384326
830514	0.0005700779523
830538	0.0009332289127
830561	0.01118067203
830597	0.0003614269435
830645	0.003793661668
830668	0.006575828776
830815	0.01505454113
830957	0.001159467952
831043	0.002004543033
831095	0.001219907643
831103	0.01053165456
831216	4.054999003e-07
831340	0.009755140844
831379	0.001595395872
832100	0.0006442493109
832123	0.006333765723
832458	0.005483885963
832512	0.0006060765532
832539	0.001934561027
832581	0.002247715471
832651	0.006765428726
832658	4.234855393e-08
832689	0.01350675925
832782	0.00447032571
832899	0.001084118919
833050	0.00191473355
833110	0.01499671602
833236	0.001920214536
833258	0.002148746907
833391	0.0008812852909
833482	0.01311441207
833497	0.005594677578
833532	0.0009703358411
833591	0.0007598842044
833631	0.003358100324
833686	0.001179769613
833834	0.00336700499
833894	0.001743171773
833946	2.054039998e-07
834025	0.000645255925
834144	0.008686909484
834216	3.624406743e-07
834226	0.003493850946
834378	0.01436905035
834492	0.001304097296
834561	0.01510385974
834650	0.003990711575
834732	0.003797699564
834736	0.002648477236
834906	0.00121641294
835035	0.0006102421656
835197	0.001611419959
835432	0.002642342896
835528	0.005671253819
835655	8.615663888e-05
835768	0.003526282958
835819	1.630372225e-07
835825	8.523007722e-05
835897	0.01309867165
836064	0.0001438163811
836123	0.003178642991
836156	3.563926421e-08
836283	0.0008329030993
836525	0.001309612967
836555	6.975797456e-05
836671	0.004120419258
836723	0.008385034232
836852	0.001119240132
836996	0.007075372156
837015	0.004558001994
837085	0.00179335848
837202	0.0008877244392
837372	0.001701690558
837422	0.006618749831
837516	6.690076246e-06
837547	0.004860334286
837848	0.00038165008
837867	0.0001742295467
837884	0.002798757617
838082	0.0008469229069
838192	0.004123836119
838202	0.0003007258
838227	0.003010863596
838270	0.004676959541
838383	0.0001842165585
838395	0.001686117912
838424	0.01081518256
838514	0.001349040464
838781	0.0004202314563
838841	0.004055658439
838850	0.01361555174
838893	0.003441226441
839238	0.0001431870046
839386	0.0008843042021
839393	0.003919993842
839456	0.0001737550318
839667	0.0001206838464
839711	0.00737675087
839734	0.006082417155
839838	1.303320422e-07
839889	0.0002703008327
839905	0.001838782815
839963	0.01052079475
839998	0.00262974684
840126	0.001938833
840182	0.01509783101
840321	0.008244481783
840323	0.0006189821303
840351	0.009997840942
840482	0.0002681532492
840526	0.003005286671
840586	0.01467379946
840646	1.703756486e-07
840657	0.00266837818
840671	1.931444486e-07
840678	0.006176695165
840786	0.005123122079
840998	0.0001058913823
841003	0.017116804
841031	0.0005075335804
841040	0.003503660101
841089	0.02249527514
841201	0.000400290557
841454	0.003097414958
841507	0.001057848236
841665	0.004409988888
841831	0.001838851986
841841	0.0004820723531
841992	0.01841030779
842041	0.001973784386
842053	0.002423633991
842227	0.002438269923
842403	0.000587590887
842409	1.3680746e-07
842533	0.00274088253
842641	0.006229355662
842800	0.0007364325411
842863	0.0003336572296
842949	0.0006301647712
843169	0.0103585884
843225	0.001238745311
843341	2.28385591e-08
843406	0.001062203913
843459	0.002396134197
843700	0.002149033144
843840	0.01440509284
843847	0.001744379169
843860	0.0145367466
843919	0.001642732817
843975	0.00826360329
844112	0.01639798009
844179	0.01375768566
844238	6.394796461e-08
844373	0.001348344772
844423	0.0002920274438
844502	0.01299330341
844688	0.002557884081
844973	0.006163434903
845166	0.006356989355
845284	0.00847268692
845305	0.001423440976
845545	0.01430770154
845706	0.005387740184
845883	0.0003760955451
846063	0.004595914034
846121	0.001592230754
846276	0.004375585761
846335	0.0001399268882
846379	0.003639636034
846625	0.004770256392
846654	0.009136970388
846825	0.002680686595
846906	0.0170304724
847004	0.005175851564
847187	0.02883094112
847343	0.0002194239119
847404	0.004833505034
847518	0.0004027097146
847663	0.0007918867957
847665	0.0001348187562
847668	0.00137853263
847744	0.001012660722
847863	0.007434371528
848037	0.003328854395
848052	0.01728328385
848208	0.000181050825
848239	0.01286993598
848251	0.0003280133808
848285	0.004263240211
848340	0.02330792597
848379	0.0008493822921
848555	0.004445473182
848611	0.001841999623
848632	1.222341999e-07
848634	8.541620988e-08
848714	0.0165305605
848718	0.0001177020862
848765	0.01090565967
848816	1.101951867e-06
848849	9.592194699e-08
849010	0.0006540767628
849018	0.0005150806821
849091	0.01222191022
849193	0.006377312048
849207	0.008831999346
849268	0.001802902003
849300	0.01098697333
849495	0.0033478095
849503	0.01899931231
849520	0.00826201609
849720	0.004579345968
850146	0.009453107869
850172	0.001823597152
850228	0.000908977334
850476	0.014474738
850489	0.0004754242174
850515	0.0007407385837
850773	0.007195790333
850833	0.0001765393601
850908	0.002972921172
851012	0.0002109517565
851058	8.754780876e-08
851158	0.007358442586
851207	0.002998610139
851249	0.002918052427
851263	0.001443213378
851555	0.00494111954
851662	0.01085953287
851769	0.02268590674
851961	0.00359790739
851981	0.005600589298
851994	0.001525586568
851996	0.00042907996
852093	0.001123362339
852171	0.009856030303
852317	0.005725984065
852479	0.003134110639
852627	1.681336872e-06
852721	0.0001211921485
852738	0.0001495111005
852767	0.001763626363
853073	0.005847927409
853090	0.001011083355
853177	0.01556264736
853207	0.001543662729
853268	0.00924930942
853338	0.0008995296983
853390	6.734112225e-08
853499	0.002439795512
853535	0.003627494452
853556	0.0001796642793
853576	4.545078405e-07
853688	5.035614611e-07
853771	0.003789067103
853794	0.002242569767
853918	0.0005884717359
853942	4.179202284e-07
854059	0.01504958041
854306	0.00783558236
854355	0.0007535432757
854452	0.009569331018
854536	0.0001342779263
854802	0.002621693645
854803	0.01204976039
854818	0.009208907762
854900	0.0006175822739
854977	0.004535875214
854987	0.009489986271
855000	1.180342223e-06
855048	0.006595871484
855052	0.003977710102
855191	0.0003142466409
855358	0.002036455067
855432	0.006762881989
855435	0.00142227624
855562	0.006579206471
855603	0.0003078961139
855674	0.002483292128
855876	0.003363452704
856091	0.009632524445
856183	0.01507915733
856223	3.884927829e-07
856278	0.001314769155
856395	0.007203995331
856445	9.729226036e-08
856561	0.003202648526
856583	0.0005517704118
856691	0.01552944273
856720	0.001817147167
856745	0.002430183981
856761	0.0008588002983
856899	0.007963911338
856945	6.193878917e-05
857142	0.001043859686
857191	0.004423457903
857210	0.002725862575
857241	6.523728623e-07
857245	0.002349275627
857318	0.004350066795
857485	0.006284935148
857502	0.0004659694419
857526	0.01360290063
857577	0.0138378986
857595	0.0001890135276
857689	0.01466373531
857705	0.00449680803
857735	0.002367513301
857756	0.003615544876
857786	0.005641070832
857868	0.002156085006
857910	0.0002185869108
857914	0.02161445535
858243	0.0002478156505
858290	0.007876123956
858349	0.001412653722
858362	0.001237717976
858383	0.002335938581
858465	0.0005294419242
858552	0.00518181249
858640	1.644086218e-07
858689	0.0005502532047
858810	0.006211223427
858845	0.003671850478
858969	0.006648559546
859018	0.01050537611
859034	0.002163921088
859076	0.003745338048
859223	0.0007176936072
859246	0.003037342667
859280	0.001957276222
859660	0.0009787483552
859781	1.012519249e-07
859804	1.794993707e-06
859813	0.001111197044
859871	0.01188365927
859901	0.01450428798
859962	0.01168421763
860145	0.01583403788
860169	1.347677075e-06
860241	0.006816327138
860245	0.006993897951
860313	0.01219776238
860606	0.001584589444
860621	1.003602173e-07
860778	0.01231138261
860815	7.09743347e-06
860903	0.0004901714277
860920	0.002472063758
860941	0.0007023441255
861234	0.001581645049
861328	0.00254847938
861384	0.0007549540042
861423	0.00160823841
861449	0.007638225702
861569	0.00320186714
861599	0.00364451254
861604	0.01194436147
861700	0.001445508676
861972	3.702504791e-06
862044	0.001065439395
862098	0.001543287309
862444	0.0004590555493
862491	0.007579333179
862650	0.0102182124
862656	1.810723135e-07
862794	0.005346320975
862795	0.005753570072
862880	0.003386877745
862988	0.006054534147
863000	0.01287430926
863016	0.005866687836
863038	0.01858220148
863050	0.001192876298
863288	0.001227620005
863366	0.0003039915563
863418	0.002842330541
863647	0.000499431122
863684	0.01229713918
863757	2.846339487e-07
863844	0.001314141598
863950	0.01635944905
863954	0.02464726194
864054	0.002662296305
864468	0.01001564131
864617	0.0001162847793
864721	0.002285867973
864951	0.004514409455
865021	2.616560118e-08
865082	0.007516817433
865090	0.006782755143
865187	0.00994938059
865301	0.0009655826783
865343	0.001920296208
865357	0.007867826692
865418	0.00226592704
865444	0.003259834229
865615	0.00421306691
865631	0.0004105766505
865700	0.01855177448
865853	0.00125815768
865937	0.0001354614889
865943	0.002110682572
865952	0.0004082965089
866051	0.005069587977
866123	0.009837786316
866144	0.01913289207
866295	0.001052982953
866313	0.004160627141
866468	8.790187672e-07
866604	0.009340685647
866637	0.004815681651
866657	0.01186099771
866671	0.002076636483
866764	0.002019306586
866862	0.007677062747
867237	0.002507227961
867303	0.001775156688
867320	0.001379410568
867627	0.001522686577
867660	1.580863292e-07
867788	0.001229151193
867944	0.001795332048
868094	0.0008295380925
868220	0.003356267462
868243	0.0009101989422
868244	0.0002362246273
868280	0.01396979948
868331	0.0002655054742
868452	4.719968859e-08
868458	0.0001464101677
868518	0.001246191285
868584	0.004033767474
868604	3.044085616e-05
868668	0.008331654583
868697	4.369777579e-08
868823	0.01327159802
868957	0.0004258761847
869085	0.0002890470884
869140	0.001315230329
869182	0.0005977939947
869342	0.0007006681535
869445	0.008532733495
869511	0.00285148147
869550	0.001614877138
869601	0.007344233617
869608	0.007028628139
869613	0.002716586813
869648	0.002407022738
869787	0.0003821352531
869860	0.009239016437
869902	0.001080668633
870054	0.0005628474737
870152	0.004782601796
870331	0.002385438236
870402	0.0007204723581
870525	0.0004733286254
870563	0.002872674444
870600	0.0007970929143
870895	0.007114444307
870906	0.01536582095
870990	8.678652369e-08
871015	0.007600035165
871085	0.002121149675
871176	0.001365559136
871220	0.001366791356
871352	0.006150130666
871387	0.01629650671
871584	0.001245197572
871758	0.0002929349386
871782	0.001395104389
871988	1.045445102e-07
871995	0.0004686045431
872201	0.00123912079
872270	0.0006889860511
872339	0.0001981759568
872528	0.001965659613
872610	0.0111683891
872647	0.00302103552
872749	7.600825628e-09
872833	0.005795277958
872872	0.00228190991
873170	0.01396879215
873174	0.003976817462
873209	2.05238132e-06
873217	0.005326056519
873228	1.278959293e-07
873284	0.01444188224
873324	0.0004823178734
873387	0.0008215592202
873605	0.009994611856
873624	0.00259116155
873782	0.002370671764
873867	0.001630319558
874022	0.003109040047
874112	0.0004210796439
874302	0.005759232271
874360	0.001244503207
874476	3.103285885e-07
874485	1.336927839e-07
874562	6.560977668e-06
874660	0.003128482711
874912	0.002739810848
875330	0.004359476851
875385	1.438829202e-07
875468	0.004843414842
875501	0.0007928590446
875546	9.614017332e-07
875625	0.00329288019
875677	0.006901095847