node_id	error
0	0.003262521148
1	0.001769217411
2	0.001501937928
3	0.001724939762
4	0.001511346522
5	0.000832859428
6	0.0003492425886
7	0.004640098841
8	0.002850903524
9	0.002887626227
10	0.0005799131007
11	0.001511413896
12	0.001285169005
13	0.0004435180919
14	0.001129582469
15	0.001155638675
16	0.001355937924
17	0.001875231868
18	0.0008096331806
19	0.0006456447206
20	0.0009034550764
21	0.001966859888
22	0.002379817616
23	0.002485990007
24	0.002992874368
25	0.0006895113153
26	0.001267046211
27	0.003229084995
28	0
29	0.002453283886
30	0.0005461067873
31	0.001276905713
32	0.00513528354
33	0.0006268365387
34	0.00107970048
35	0.0003179838554
36	0.003533350448
37	0.0006674835845
38	0.001325304948
39	0.001545215027
40	0.0002060316275
41	0.0002193114821
42	0.001790101717
43	0.005883694791
44	0.002091775935
45	0.002211544171
46	0.002510156018
47	0.0007902883064
48	0.005916960961
49	0.0004928255113
50	0.001957985438
51	0.007525634671
52	0.003224841337
53	0.002645908512
54	0.00145566774
55	0.002741229179
56	0.001671379511
57	0.001162119272
58	9.760969549e-06
59	0.001956610962
60	0.0005074253734
61	0.001404136928
62	0.001580990903
63	0.001429597846
64	0.0003854687367
65	0.001560504394
66	0.0008957841503
67	3.250292025e-07
68	5.542234302e-05
69	0.0009235051762
70	0.001174395446
71	0.0008072148545
72	0.002784939746
73	0.00285378285
74	0.001823726517
75	3.659838338e-06
76	0.001577151475
77	0.001268812342
78	0.001492358151
79	0.0005805807697
80	0.001089462296
81	0.0005460135068
82	0.002291876908
83	0.0002561455475
84	0.001554827602
85	0.00242613642
86	0.001687849395
87	0.001336095149
88	0.0007229867895
89	0.003236988147
90	0.0008593012598
91	0.0008783475963
92	0.001362832295
93	0.002670778897
94	0.001437544209
95	0.001758064786
96	0.001542450178
97	0.00123454261
98	0.001266040325
99	0.001005732521
100	0.001261517562
101	0.001245295905
102	0.001416037949
103	0.001457426456
104	0.00450559499
105	0.001096593352
106	0.0006699242042
107	0.001186736385
108	0.001318195181
109	0.001193094249
110	0.00362367759
111	0.001504047588
112	0.001412344897
113	0.00151209119
114	0.001454491123
115	0.001729397018
116	0.001366773506
117	0.002693851554
118	0.0020217403
119	0.001871073252
120	0.000854118335
121	0.003509528574
122	0.002558284184
123	0.0006300316295
124	0.002180945236
125	0.007308356776
126	0.001092004252
127	0.001890742719
128	0.001106747789
129	0.002525895335
130	0.002093570163
131	0.0006842019572
132	0.004376561626
133	0.0009105406984
134	0.0001482657042
135	0.005384196979
136	0.006073199912
137	0.003534326815
138	0.001929074605
139	0.00238575893
140	0.001760603287
141	0.00945582858
142	0.0009810658081
143	0.0005022886967
144	0.003722804691
145	0.0002724115833
146	0.003421495811
147	0.001315776078
148	0.0006876252416
149	1.161179068e-06
150	0.002560267344
151	0.001037122765
152	0.001912679444
153	0.003256023139
154	0.002037979165
155	0.001944065134
156	0.001224650677
157	0.001952747214
158	0.0002189011094
159	0.002569585771
160	0.002614550715
161	0.0009431624215
162	0.002556996078
163	0.0005390073083
164	0.001259362677
165	0.005073238649
166	0.0009890087619
167	0.001687400402
168	0.001010589473
169	0.0008446308444
170	0.001373578362
171	0.005286099049
172	0.001713831254
173	0.003363848382
174	0.0007234441273
175	0.001548461306
176	0.000455910172
177	0.001641519974
178	0.006851681794
179	0.002391495139
180	0.001739847178
181	0.0007805303603
182	0.003790650387
183	0.002453374322
184	0.002461615893
185	1.180744777e-05
186	1.634877413e-05
187	6.8119891e-06
188	1.089918263e-06
189	0.002438408684
190	0.001572478226
191	0.0009709798516
192	0.001702997422
193	0.00316527354
194	0.0005437988884
195	0.0006228242182
196	0.002949681905
197	0.00147043417
198	0.000660772994
199	0.003675392048
200	0.0006270710338
201	0.0004303919444
202	0.000424523944
203	0.002414313107
204	0.0004220177064
205	0.003602237872
206	0.002435435133
207	0.0008031415089
208	0.006672333228
209	0.001322355599
210	0.002304517288
211	0.003896413673
212	0.002000912947
213	0.0009099866554
214	0.001239794613
215	0.002249066499
216	0.002009989295
217	0.001591871358
218	0.001132606398
219	0.001407510208
220	0.0009138106953
221	0.0003894775552
222	0.001035760459
223	0.0007295249359
224	0.001228845529
225	0.001146002746
226	0.001674583289
227	0.0008100295006
228	0.001549737859
229	0.00142982507
230	0.0008377704399
231	0.001170546712
232	0.002976016494
233	0.001840215617
234	0.001553336883
235	0.001679491481
236	0.001042442961
237	0.001129353692
238	2.179836517e-06
239	2.452316038e-06
240	0.0003559449999
241	0.0007622097372
242	4.359673025e-06
243	4.359673025e-06
244	0.00840003921
245	0.0008749404778
246	0.001883072449
247	0.001718465957
248	0.002319876171
249	0.0003661982185
250	0.0007731712319
251	4.632152592e-06
252	7.493188006e-06
253	0.0001518428764
254	0.000162403792
255	0.001628821923
256	0.0005194587104
257	0.0009974448865
258	0.008423466712
259	0.0008794186615
260	0.0007267147
261	0.002731945706
262	0.002043403145
263	7.471256032e-05
264	0.0006226958948
265	0.003590819482
266	0.0007173254841
267	0.001681390506
268	0.001680488066
269	0.001610081994
270	0.001825568295
271	0.001246850127
272	0.007079148996
273	0.001252175967
274	3.259569316e-05
275	0.002369574443
276	0.002933086128
277	0.0008156316789
278	0.001715567186
279	0.0004611705251
280	0.001068995828
281	0.002236560628
282	0.001872878316
283	0.001198811983
284	0.001245812951
285	0.002061409201
286	1.318541622e-05
287	2.303360591e-05
288	0.001529576976
289	0.001139743604
290	0.001691032056
291	8.037547832e-05
292	0.0004968204095
293	0.002344659095
294	0.001086554671
295	0.005976415283
296	0.003927415416
297	0.006379515978
298	0.001659220284
299	0.0001850739869
300	0.0001904065084
301	0.002085977873
302	0.0008333857553
303	0.001583431355
304	0.0004981199162
305	0.001513545162
306	0.0007438629755
307	0.001662522714
308	0.0007486272115
309	0.001594931781
310	0.001227436312
311	0.0009370757157
312	0.001363307558
313	0.0006007055433
314	0.003833605411
315	0.0027498071
316	0.000952426097
317	0.001866860266
318	0.001940596207
319	0.001875027752
320	0.002357505681
321	0.001983165589
322	0.0003722209129
323	0.001292574306
324	0.000968629306
325	0.0008568243943
326	0.002818054857
327	0.004554939526
328	0.002086778038
329	0.007185266908
330	0.001924399047
331	0.006417091884
332	0.001051473513
333	0.003493667392
334	5.693488211e-05
335	0.0003696708145
336	0.000721988922
337	0.004792391316
338	0.002505754584
339	0.002349053449
340	0.001450660048
341	0.00435954428
342	0.0002917498425
343	0.002132853784
344	0.0009292274083
345	0.001087114413
346	0.001745642995
347	0.00106148127
348	0.00057643652
349	0.001474014128
350	0.001029268145
351	0.001164506545
352	0.004250391015
353	0.005054663884
354	0.0002453874844
355	0.001016162018
356	0.002524740242
357	0.002294442015
358	0.001291863404
359	0.001414048797
360	0.0007034022492
361	0.001461984739
362	0.0020588042
363	0.003567508063
364	0.009290116169
365	0.002131677199
366	0.0006771180942
367	8.411971781e-05
368	0.002312188747
369	0.001006419896
370	0.0008605510098
371	0.001242888714
372	0.000493621889
373	0.001757338706
374	0.0005520495811
375	0.0009936303563
376	0.00232606225
377	0.0002207629027
378	0.001298798561
379	0.002328636504
380	0.001221271829
381	0.001102066012
382	0.00118192733
383	0.001280291812
384	0.002333765788
385	0.001733268144
386	0.001592460017
387	0.00135721785
388	0.0001664445319
389	0.001339711088
390	0.0008722570754
391	0.001030590764
392	2.846957353e-05
393	2.665758412e-05
394	0.005070423139
395	1.603363587e-05
396	0.001060288069
397	0.008680632854
398	0.006666019922
399	0.003397472416
400	0.0002783939448
401	0.001334424899
402	0.002102828038
403	0.001119690293
404	0.0006302956091
405	0.003086561754
406	0.0009062017484
407	0.001179821592
408	0.002355226466
409	0.0001239051351
410	0.002094903586
411	0.0004280046381
412	0.006444625728
413	0.000188873884
414	0.001635749941
415	0.001372137198
416	0.003723279817
417	0.0005428719736
418	3.369663937e-05
419	3.792007244e-05
420	0.001786263256
421	0.0009126983969
422	0.00186270214
423	0.000190056344
424	0.001453003707
425	0.004899618664
426	0.006752999027
427	0.0007474118828
428	0.001258874241
429	0.001727728326
430	1.08991826e-06
431	1.08991826e-06
432	0.001684720642
433	0.0008770295463
434	0.0005965376908
435	0.003893701913
436	0.0001411242371
437	0.004671604285
438	0.003928034426
439	0.001757874788
440	0.004970672439
441	0.002168246692
442	0.001328728531
443	0.007422766794
444	0.001354813848
445	0.0002129569423
446	0.002884482158
447	2.997275205e-06
448	1.553133516e-05
449	0.001318633496
450	7.400845843e-05
451	0.0006203915141
452	0.001093689284
453	0.001389624304
454	0.0004040541913
455	0.0005571443688
456	0.0003683974752
457	0.001429929665
458	0.002756525936
459	0.001683096833
460	0.001967582181
461	0.0007641724924
462	0.001459056917
463	0.001255054203
464	0.001034841625
465	0.002200413837
466	0.002539930997
467	0.0002165459486
468	0.0008738604862
469	0.0009148607916
470	0.0009363797826
471	0.000903345952
472	0.002045173748
473	0.004421008114
474	0.003293251
475	0.0001653681249
476	0.003317151577
477	0.00200754037
478	0.003793764134
479	0.001730733854
480	0.001001662882
481	0.0002304290554
482	0.001103287245
483	0.001437431595
484	0.001620856533
485	0.001203084104
486	0.002447818786
487	0.00199412308
488	0.002435259604
489	0.001502954936
490	0.003945373111
491	0.003917772493
492	0.002039276466
493	0.0006340084051
494	0.0002056784456
495	0.0007070098382
496	0.001045041765
497	0.004069141787
498	0.004662318407
499	0.001537310988
500	0.005258827993
501	0.001965183138
502	0.003015110958
503	0.002015958272
504	0.005964016983
505	0.0001968246261
506	0.0007528538025
507	0.00165423664
508	0.0009850071082
509	0.001038596231
510	0.001523766423
511	0.002016409771
512	0.00122321655
513	0.0007645589742
514	0.002673242308
515	0.004186277637
516	0.003647476811
517	0.004177299885
518	0.001584865332
519	0.002485850993
520	0.0006557122122
521	0.001270675873
522	0.002797847431
523	0.001138571061
524	0.006331465605
525	0.001697022081
526	0.001845728232
527	0.001428781537
528	0.001749986168
529	0.001673399775
530	0.001156147309
531	0.001483950766
532	0.00245339238
533	0.00315764296
534	0.0009971181519
535	0.001623100745
536	0.0002615532752
537	0.0003831565691
538	0.001696557058
539	0.001418393531
540	0.004096809791
541	0.001258864979
542	0.001367681091
543	0.0002812766649
544	5.036330605e-05
545	0.0002147947919
546	0.001939204876
547	0.0001457495004
548	0.0001317294282
549	0.002820388992
550	0.001586170896
551	0.001611323163
552	0.0003500269117
553	0.002308186045
554	0.0002247110199
555	0.001739025729
556	0.001585840459
557	0.001634178814
558	0.0003029023089
559	0.0001231642013
560	0.001379639347
561	0.001277266027
562	0.001784892245
563	0.0005709206002
564	0.0005318703998
565	0.0001503166383
566	3.143439034e-05
567	0.001508217799
568	0.002457393279
569	0.001178304928
570	0.0005513134736
571	0.001121431387
572	0.003149676031
573	0.002362824351
574	0.0002561834963
575	0.00174201265
576	0.001368558109
577	0.003179623448
578	0.003631011592
579	0.003591726061
580	0.001235512605
581	0.0003139565372
582	0.0001291864187
583	0.001123195416
584	0.002984200181
585	0.001806940091
586	0.005158222522
587	0.004187118078
588	0.0007513630737
589	0.00230679408
590	0.001827477602
591	0.004924421582
592	0.0008707830362
593	0.0005826691788
594	0.002206395471
595	0.000845776422
596	0.001423432051
597	0.002003828926
598	0.001500126907
599	0.002017810733
600	3.890767365e-05
601	0.001929363996
602	0.0008374255855
603	0.0009756234674
604	7.084468666e-06
605	7.084468666e-06
606	0.0006305667416
607	0.002117083412
608	0.001817006758
609	0.002412533839
610	0.002046427379
611	0.001313886236
612	0.001245783009
613	0.003262514441
614	0.002527487457
615	0.001411525909
616	0.001341304218
617	0.002554322819
618	0.001863204998
619	0.001193234591
620	0.002309377869
621	0.001450174539
622	0.0008194943944
623	0.004049690839
624	0.003734116121
625	0.002153680893
626	0.001644197663
627	0.001640012519
628	0.002138380689
629	0.0001927420052
630	0.001960740974
631	0.0008434170827
632	9.437281414e-06
633	0.00205364913
634	0.001180847649
635	0.0009226715331
636	0.0009481900835
637	2.012456605e-05
638	0.001286362345
639	0.001290020256
640	0.002410448685
641	0.002593155566
642	0.0006621572971
643	0.0002478418221
644	0.001120455295
645	4.134788768e-07
646	0.007852692136
647	0.001463499677
648	0.001931718283
649	0.001082100197
650	2.791700267e-05
651	1.779259089e-05
652	0.001204272138
653	0.001068616144
654	0.005425372196
655	0.0009892082539
656	0.001279922965
657	0.000117546823
658	0.001007814733
659	0.002068773856
660	0.00153466818
661	0.005350869085
662	0.002539547992
663	0.00260950952
664	8.345980489e-05
665	0.0003641906276
666	0.001028609026
667	0.00133269417
668	0.002114309377
669	0.001949565071
670	0.001478026868
671	0.001356827491
672	0.001035866861
673	0.001626794564
674	0.00124378897
675	3.542234325e-06
676	2.179836556e-06
677	0.0005876974284
678	0.003642591199
679	0.001227364792
680	0.002075686756
681	8.994853504e-05
682	0.002132078788
683	0.001777249742
684	0.001715006333
685	0.001131971067
686	0.001986617386
687	0.003863496521
688	0.0007265466501
689	0.000733444105
690	0.002368478069
691	0.0002743516999
692	1.096730244e-05
693	1.430517712e-05
694	0.001613403747
695	0.004175727367
696	0.002619068818
697	0.002165104369
698	0.0004746051023
699	0.002071535395
700	0.001795089058
701	0.006126182356
702	0.002204142758
703	0.004708623846
704	0.0007997744218
705	0.001653741374
706	0.001064026255
707	0.0009152980033
708	0.002137518013
709	0.001166820618
710	0.0002335493877
711	0.001522439857
712	0.0003022813218
713	9.128065411e-06
714	1.743869205e-05
715	2.152588558e-05
716	0.0007647718914
717	0.002766288767
718	0.001102658743
719	0.0002266095649
720	0.001165787161
721	0.00462143959
722	0.001882906298
723	0.001249935915
724	0.001630303779
725	0.001608631368
726	0.001455227724
727	0.002508219554
728	0.00126443483
729	0.002294735339
730	0.001119358646
731	0.001261089654
732	0.0002680775381
733	6.811989114e-07
734	2.997275155e-06
735	0.001354738758
736	0.002413668543
737	0.001080128353
738	0.001958283223
739	0.00443353983
740	0.001827682912
741	0.001532807917
742	0.0008739007084
743	0.001631644621
744	0.0006463244759
745	1.40326975e-05
746	7.084468707e-06
747	0.00217812042
748	0.007695785974
749	0.006229171141
750	0.00387877951
751	0.0003080434021
752	0.001390965363
753	0.0007787764741
754	0.001734238692
755	0.004968537465
756	0.000755691736
757	0.003226084794
758	0.001856085153
759	0.0005653060768
760	0.001320771554
761	0.0002744956108
762	0.0006465372946
763	0.001741710503
764	0.002838324149
765	0.003468479872
766	0.004309041258
767	0.001818395285
768	0.001506170495
769	0.001384981107
770	0.004997184041
771	0.002044245715
772	0.0006362622106
773	0.00210946955
774	0.001132385619
775	0.00206989039
776	0.0008359751117
777	3.065395095e-06
778	0.003645105763
779	0.001807451797
780	0.001360464515
781	0.0009874277584
782	0.001466754486
783	0.0009815541366
784	0.001137854651
785	4.108369203e-05
786	0.003054676139
787	0.00170265344
788	0.00146142339
789	0.00175624736
790	2.270663012e-06
791	9.536785057e-07
792	1.907356951e-05
793	6.811989099e-06
794	0.001745964369
795	5.274193002e-05
796	0.003359545198
797	0.0003628444932
798	0.0005064015014
799	0.001538062
800	3.403449215e-05
801	0.0007644309477
802	0.001405347826
803	0.003268095266
804	4.977293665e-06
805	1.093551288e-05
806	0.005277525647
807	6.797198982e-05
808	0.003868238994
809	1.345465206e-05
810	0.002512778929
811	0.001108996747
812	0.003178573858
813	0.002889843524
814	0.001453304364
815	0.004207578025
816	0.005759848958
817	0.001343865738
818	0.004960822982
819	0.0002316672715
820	0.001805059788
821	0.002807367096
822	0.001577693058
823	0.003344035916
824	0.005618541042
825	0.008276407539
826	0.001742264316
827	0.001388111503
828	0.01138834613
829	0.001448176962
830	0.006200862359
831	0.001617027742
832	0.001751613407
833	8.719346034e-06
834	8.719346034e-06
835	0.001590669968
836	0.002463521561
837	0.001578331956
838	0.004834338177
839	0.001738834276
840	0.001574551211
841	0.002689817725
842	0.001345257192
843	0.001539542563
844	0.002918610029
845	0.002374329931
846	0.0002908768697
847	0.0008416163482
848	0.0003581586155
849	0.002323480276
850	0.0008192609038
851	0.002151039873
852	0.00151254596
853	0.001300161939
854	0.001624217449
855	0.0005334050414
856	0.00151282891
857	0.001052525024
858	2.106267035e-05
859	0.003340049432
860	0.006078084766
861	0.0003624893598
862	0.0009118117664
863	0.001677189557
864	0.002317237359
865	0.002286767039
866	0.0008109544913
867	0.000258510758
868	0.001976242152
869	0.001063607791
870	0.001213127405
871	0.0008750391718
872	0.001041950372
873	0.002580759592
874	0.004559287749
875	0.0008337159663
876	0.0006064522196
877	0.0009687653257
878	0.001766738223
879	0.001771391023
880	0.002134655566
881	0.002389323063
882	0.002821842017
883	0.001636371702
884	1.839237057e-05
885	1.471389651e-05
886	0.00240663027
887	0.00407296411
888	0.009164117632
889	0.003822796018
890	0.0007846508778
891	0.003531408688
892	0.002732678861
893	0.002326208317
894	0.000840436588
895	0.003843770378
896	0.004957301054
897	0.001473152499
898	0.001177729208
899	0.001627190967
900	0.00191718538
901	0.000630141511
902	0.001014744816
903	0.001496348458
904	0.0008288770112
905	1.089918299e-06
906	8.174386947e-07
907	0.002413222138
908	0.001747209306
909	0.001421269778
910	0.001727710339
911	0.000794662238
912	0.0003963838575
913	0.004970289755
914	0.0006669398391
915	0.001144519201
916	0.0005010549833
917	0.000916244165
918	0.0004680659202
919	0.0005289120184
920	0.002795737478
921	0.000629779434
922	0.0001183639483
923	0.001713336428
924	0.0021442743
925	0.0009902696409
926	0
927	0.00164415354
928	1.076294281e-05
929	1.607629423e-05
930	0.0009880020698
931	0.002545930242
932	0.000600811066
933	0.002408663855
934	0.001881219067
935	0.001885917337
936	0.004199598661
937	0.001489983693
938	0.002345603753
939	0.001231074431
940	0.002310164644
941	3.160762939e-06
942	0.0001136855302
943	0.003979284476
944	0.003166478753
945	0.002167020832
946	0.0001569863342
947	0.001201745106
948	6.950786935e-05
949	0.0003629036174
950	0.001387817095
951	0.00319729472
952	0.007205528361
953	0.0005595763576
954	0.004640470434
955	0.003742032701
956	0.001922691572
957	0.0008539656211
958	0.000950823762
959	0.001140164003
960	0.001372380506
961	0.002048490316
962	0.004627434559
963	0.001569543452
964	0.001386922346
965	0.001304508945
966	0.002366148446
967	0.001463496662
968	0.0006111006088
969	0.001407267362
970	0.0006624282228
971	0.001735665713
972	0.001330750616
973	0.005783050026
974	0.000252237448
975	0.001130863313
976	0.001054591608
977	0.002141651914
978	0.001867158316
979	0.004584665388
980	0.0007645411854
981	0.00078861571
982	0.002759506335
983	0.0009346601632
984	0.001185716724
985	0.002428626388
986	0.001074443109
987	0.0006839898797
988	0.001500422835
989	0.0007722427705
990	0.001975071477
991	2.992840419e-05
992	0.001870885782
993	0.001352908337
994	0.001663456098
995	3.269754771e-06
996	3.269754771e-06
997	0.0006083345481
998	0.0004898340892
999	0.000638550169
1000	6.478177536e-05
1001	0.003810940466
1002	0.00157473879
1003	0.0007350143524
1004	0.002726471584
1005	0.00198397553
1006	0.003927421558
1007	0.0008640122344
1008	0.007598037945
1009	0.003839699981
1010	0.001231450427
1011	0.001772860103
1012	0.002037229231
1013	0.003582266851
1014	0.002150891665
1015	0.001256771355
1016	3.269754808e-06
1017	6.26702999e-06
1018	0.0003588216854
1019	0.001011588767
1020	0.003479730831
1021	0.0002205806472
1022	0.006399778168
1023	0.004908968677
1024	0.005228339938
1025	0.00138546853
1026	0.0002313184313
1027	0.001002417334
1028	0.004331534572
1029	0.0001296002016
1030	0.00350520713
1031	0.002196940506
1032	0.001539221864
1033	0.003803378814
1034	0.0003939133376
1035	0.0001923413013
1036	0.001713184374
1037	0.001394642532
1038	0.002789632123
1039	0.002238567326
1040	0.001503047769
1041	0.001177871725
1042	0.004660268149
1043	0.003330240975
1044	0.002475213816
1045	0.00357847631
1046	0.004103735421
1047	0.001229956646
1048	0.0007677143459
1049	0.002289363391
1050	0.0008149406607
1051	0.002162355202
1052	0.0006767399816
1053	0.0003140253165
1054	0.0003578832179
1055	0.005861705589
1056	0.001495772541
1057	0.001343157481
1058	9.031190485e-05
1059	0.0017952972
1060	0.001050332247
1061	0.001700371173
1062	0.0002806044182
1063	0.004688745106
1064	0.006346740808
1065	0.002354410109
1066	0.0009223680204
1067	0.001435493461
1068	0.00571696955
1069	0.001371098204
1070	0.001547185367
1071	0.0004682635817
1072	0.001366594089
1073	0.002363604432
1074	0.001377005521
1075	0.0006274644391
1076	0.0001248003577
1077	0.001843858832
1078	0.001834136444
1079	0.003880420369
1080	0.001289291894
1081	0.003100239794
1082	0.00182214762
1083	0.004083052984
1084	0.000141804546
1085	0.001731313921
1086	0.0008384441711
1087	0.001012683952
1088	0.002010737573
1089	0.001720438928
1090	0.001536967705
1091	0.0004878672662
1092	0.003764414757
1093	0.001274144436
1094	0.002463428857
1095	3.26975479e-06
1096	5.994550369e-06
1097	0.0006857886379
1098	0.002480418491
1099	0.0007337225732
1100	0.001621750213
1101	9.151314634e-05
1102	0.001931969639
1103	0.005817913106
1104	0.00455730665
1105	0.0003786085432
1106	0.002637988027
1107	0.001445483489
1108	0.001427043438
1109	0.001605554897
1110	0.007505900858
1111	0.002262931067
1112	0.001286493631
1113	0.00293922538
1114	0.001363964458
1115	0.0006683718125
1116	0.000465860734
1117	0.002917813892
1118	0.00118126873
1119	0.002006290976
1120	0.002141499642
1121	0.0007292016815
1122	3.310626699e-05
1123	2.915531331e-05
1124	0.0007306261809
1125	0.0025737781
1126	0.001764303246
1127	0.001927512357
1128	0.001015380312
1129	0.001315492634
1130	0.001653354912
1131	0.0003337161394
1132	0.0004063114337
1133	0.0002351807901
1134	0.00115412477
1135	0.00136423882
1136	0.0009995096048
1137	0.004055352745
1138	0.001742084835
1139	0.002958749514
1140	0.001346646633
1141	0.001157840615
1142	0.0005527907935
1143	0.001600058135
1144	0.005119728415
1145	0.001169253935
1146	0.001890334339
1147	0.0005456929845
1148	0.001001185935
1149	0.002302552771
1150	0.005337844725
1151	0.001136582054
1152	0.003453703939
1153	0.001694892773
1154	0.001013840938
1155	0.001284299198
1156	0.001071710786
1157	0.002911888706
1158	0.0007173061346
1159	0.002003100743
1160	0.0008975684845
1161	0.0002491257884
1162	0.0009807695234
1163	0.0005963000666
1164	0.00149950052
1165	0.003626100864
1166	0.003475629362
1167	0.001267177098
1168	0.001791018176
1169	0.0008536209608
1170	0.0005863472558
1171	0.001702337103
1172	0.003481611033
1173	0.00405643391
1174	0.0008274399685
1175	3.823013879e-05
1176	0.0008613659858
1177	0.002114971989
1178	0.00821689023
1179	0.0005462532073
1180	0.001060030038
1181	0.001674437097
1182	0.00146014516
1183	1.498637605e-06
1184	6.539509533e-06
1185	0.004443356746
1186	0.003707550909
1187	0.0004156185012
1188	0.0007845068091
1189	0.000994982611
1190	0.001886462493
1191	0.001611308141
1192	0.002920875588
1193	6.100960743e-05
1194	0.0002297738561
1195	0.001843528612
1196	0.001001674969
1197	0.007612318749
1198	0.0003925366762
1199	0.0009384129367
1200	4.087193467e-06
1201	9.128065421e-06
1202	0.0003980928972
1203	0.001709826658
1204	0.0007733461408
1205	0.000209322295
1206	0.0005620124929
1207	0.004919901767
1208	0.0004713419966
1209	0.001374979323
1210	0.0004847453383
1211	1.362397818e-05
1212	0.001736895065
1213	0.0008733534133
1214	0.0004305015032
1215	0.003906373005
1216	0.0003998940441
1217	0.001580777276
1218	0.005839007035
1219	0.00206334372
1220	0.00086584478
1221	0.002436625658
1222	0.003496358767
1223	0.001239464125
1224	0.0001081108763
1225	0.005181858362
1226	0.0002193306324
1227	0.0008111968709
1228	0.0006635256974
1229	0.001420127692
1230	0.001508187321
1231	0.002120685944
1232	0.000405383619
1233	0.002250738899
1234	0.001045223999
1235	0.002744944724
1236	0.0008507195035
1237	0.004129484026
1238	0.001794556825
1239	0.0002834737412
1240	0.002062318325
1241	5.55709312e-05
1242	0.0004025517829
1243	0.0005519054534
1244	0.0008960075025
1245	0.001930780841
1246	0.0004485947549
1247	0.0005320952375
1248	0.002153569391
1249	0.0007408799315
1250	0.002825238434
1251	4.116034789e-05
1252	0.0006908754813
1253	0.000402513994
1254	0.004116564256
1255	0.002712049824
1256	0.001554380165
1257	0.0038443696
1258	0.000990863301
1259	0.00155163546
1260	2.748734938e-05
1261	0.002313836637
1262	0.0006682989696
1263	0.003447145605
1264	0.0007818228252
1265	0.0004799843579
1266	0.002446802122
1267	0.001009511394
1268	2.316076299e-06
1269	8.174386888e-07
1270	0.001342105698
1271	0.000173230904
1272	0.00240554101
1273	0.0001238174867
1274	0.000607998063
1275	0.0054378874
1276	0.001456591984
1277	0.002956428001
1278	0.00255197786
1279	0.002497139802
1280	2.603935278e-05
1281	0.0006756584281
1282	0.003440416798
1283	0.001551301116
1284	0.002572843384
1285	0.0003642686941
1286	1.948228883e-05
1287	0.002652608321
1288	0.0009846857115
1289	0.005997709326
1290	0.001293853699
1291	0.0003297050285
1292	0.003216703989
1293	2.179836511e-05
1294	0.001590648411
1295	0.005420839849
1296	0.001768231321
1297	0.001481982388
1298	0.002666490924
1299	0.001543591563
1300	0.0002671742723
1301	0.0005058984575
1302	0.000786896739
1303	0.0001508872835
1304	6.733058959e-06
1305	0.003309547858
1306	0.008349542502
1307	0.0002854558026
1308	0.001051336523
1309	0.001671333089
1310	0.0009102443993
1311	0.0002456993751
1312	0.002104274359
1313	0.00433193509
1314	0.00204156761
1315	0.002323798401
1316	0.003277081277
1317	7.447774306e-07
1318	1.180744827e-06
1319	0.002446179834
1320	0.001297342176
1321	0.002407667485
1322	0.001797731865
1323	0.000919869281
1324	0.0008437332933
1325	0.002583320669
1326	0.004413441317
1327	0.004968434069
1328	0.001873889081
1329	0.001902293354
1330	0.0007983054612
1331	0.001000084417
1332	0.0002228260576
1333	0.002093304314
1334	0.002957103084
1335	0.001965670617
1336	0.0003112513893
1337	0.00301491415
1338	0.003437255478
1339	4.314259793e-06
1340	0.003354258118
1341	0.0006999906171
1342	0.001488473303
1343	0.0001759343809
1344	0.0005348743976
1345	2.452316074e-06
1346	2.452316074e-06
1347	0.007169624307
1348	0.001803573584
1349	0.00336311746
1350	0.004902164315
1351	0.001922043295
1352	0.0009145907024
1353	7.7868318e-05
1354	0.0009023459409
1355	0.002076474779
1356	0.0001042296296
1357	0.0007806786359
1358	0.001613807067
1359	0.004077013444
1360	0.0004968664568
1361	0.001447792211
1362	0.001634074502
1363	0.001306826648
1364	0.008645510378
1365	0.003296493432
1366	0.00211396974
1367	0.001676760432
1368	0.008245456089
1369	0.0002618189064
1370	0.002907906278
1371	0.002228284615
1372	0.002429385742
1373	0.002316419111
1374	0.0002583399593
1375	0.0004782471564
1376	0.0007843829451
1377	0.000870276316
1378	0.003500104417
1379	0.001546619931
1380	1.907356949e-06
1381	0.0008689940638
1382	0.00517982232
1383	0.001931200256
1384	0.0006542220263
1385	0.004953526272
1386	0.002581542732
1387	0.001136559557
1388	0.002572584763
1389	0.0003084985853
1390	0.0005791351943
1391	0.001917375965
1392	0.004191854588
1393	0.001515420954
1394	0.003404824981
1395	0.0005856460835
1396	0.004491376224
1397	0.006569574114
1398	0.0009791668667
1399	0.0001991545378
1400	0.003015689488
1401	3.228882836e-05
1402	0.003032725567
1403	9.210873428e-05
1404	0.0005195661028
1405	0.0042147286
1406	3.405994507e-06
1407	2.406902801e-06
1408	0.001128850269
1409	1.239782016e-05
1410	7.356948219e-06
1411	0.0003310660988
1412	0.0009447886004
1413	0.0007219029132
1414	0.001850291587
1415	0.000771940326
1416	0.0005917336742
1417	0.001006846219
1418	0.002416964048
1419	0.0001892868161
1420	0.0007208993501
1421	0.003091041935
1422	0.007769505625
1423	0.009027963641
1424	0.002682040076
1425	0.001339816638
1426	0.00202892244
1427	0.0001345273748
1428	0.0008025787609
1429	0.0001596092727
1430	9.809264301e-06
1431	9.809264301e-06
1432	0.003227035364
1433	0.002774240253
1434	0.001822521398
1435	0.0009783992534
1436	0.001787547156
1437	0.0009370101674
1438	0.00123935099
1439	0.003092737382
1440	0.002027274995
1441	0.0048124711
1442	0.002901971896
1443	0.0023702824
1444	0.002857865676
1445	0.003983608505
1446	0.002126286547
1447	0.003958946952
1448	0.004028964523
1449	0.0006374219824
1450	0.0007075666774
1451	0.0009991458317
1452	0.0002816990049
1453	0.001548445989
1454	0.003733038915
1455	5.070271175e-05
1456	0.001538615574
1457	0.005711986288
1458	0.001777248074
1459	0.001700890771
1460	5.424614213e-05
1461	0.0003175239162
1462	0.0002315390441
1463	0.001252509202
1464	3.955981856e-05
1465	0.0005623193071
1466	0.001518615108
1467	0.002601225894
1468	0.002476450692
1469	0.001704704408
1470	0.002087089143
1471	0.001955135484
1472	0.007301926939
1473	0.0009524743757
1474	0.001416777494
1475	0.001880281621
1476	0.001228367647
1477	0.001440888353
1478	9.945504082e-06
1479	0.0006990531239
1480	1.407785194e-06
1481	0.006067134786
1482	0.0004636708284
1483	0.001845427639
1484	0.001811370365
1485	0.007427742921
1486	0.002083195655
1487	8.594352455e-05
1488	0.002946009583
1489	0.0008066234811
1490	0.001579492799
1491	0.003335157164
1492	0.007896033641
1493	0.002159899899
1494	0.001388471224
1495	0.001935135987
1496	0.009153726568
1497	0.001904264986
1498	0.001289699802
1499	0.001740293311
1500	0.0001636041579
1501	0.001227146949
1502	0.0003708722126
1503	1.743869213e-05
1504	0.003513658459
1505	0.004057282736
1506	0.004136769486
1507	0.0001730195343
1508	0.002227883705
1509	0.0005948469553
1510	0.000275956641
1511	0.001515204552
1512	0.0005960450183
1513	0.0008437731982
1514	0.001375916196
1515	0.002466128255
1516	0.0007755380385
1517	0.001304333667
1518	0.0009627744634
1519	0.00188844607
1520	0.0004231754288
1521	0.002826409957
1522	0.0002669860013
1523	0.0002355642772
1524	0.001999347328
1525	0.003679011311
1526	0.000118023464
1527	5.269788488e-05
1528	0.0006964921435
1529	0.001769517638
1530	0.0003819991206
1531	0.0003176103713
1532	0.00206516059
1533	0.003024811905
1534	0.0005056663292
1535	0.0001795479873
1536	0.002344638484
1537	0.001123810753
1538	0.009138272364
1539	0.003306495185
1540	0.005739913734
1541	0.003834879365
1542	0.002143724758
1543	0.0005284762095
1544	0.0001753742059
1545	0.0006962159003
1546	0.0002760121266
1547	0.002150592999
1548	0.003098980824
1549	0.001934841255
1550	0.0013553006
1551	0.006193269912
1552	0.0003683502088
1553	0.0009567535569
1554	0.001042989067
1555	0.001705199606
1556	0.002043665449
1557	0.003469855292
1558	0.0006635783062
1559	0.002889140299
1560	0.003266925901
1561	0.00391264211
1562	1.47138965e-05
1563	2.479564033e-05
1564	0.004642350893
1565	0.003311069246
1566	0.001619227844
1567	0.0009194243087
1568	0.0004737438876
1569	0.004252710155
1570	5.449591341e-07
1571	5.449591341e-07
1572	0.0016194093
1573	0.001187869264
1574	0.004338761502
1575	0.0007244160991
1576	0.006336683228
1577	0.003782984948
1578	0.002406854951
1579	0.0006286664034
1580	0.002161939013
1581	0.007288932101
1582	0.001029990049
1583	0.001470649144
1584	0.001419649966
1585	0.001039691231
1586	0.0008136767161
1587	0.001183507989
1588	0.001944942059
1589	0.002712606424
1590	0.000451959858
1591	0.002542197165
1592	0.002799527154
1593	0.001075777182
1594	0.003144843478
1595	0.0007930619241
1596	0.00577758125
1597	0.0007243207056
1598	0.003196411666
1599	0.001963028145
1600	0.0010075493
1601	0.002015266432
1602	0.001658877193
1603	0.0004682420929
1604	0.002106510301
1605	0.001308027151
1606	0.0006151226102
1607	3.269754766e-06
1608	1.634877381e-06
1609	0.005326717623
1610	1.553133519e-05
1611	0.001842880836
1612	0.006259381607
1613	0.000231111263
1614	0.0005337765417
1615	0.001192761283
1616	0.0004004179661
1617	0.0002385517116
1618	0.001300336371
1619	0.003379369695
1620	6.466759229e-05
1621	0.0004806933198
1622	4.830195545e-05
1623	0.002706443166
1624	0.0006636296118
1625	0.00143924803
1626	0.002324134782
1627	0.0007795735391
1628	0.001441165479
1629	0.0006033535989
1630	0.0003627945568
1631	0.002090562178
1632	0.002233601646
1633	0.002002310697
1634	0.0006751144784
1635	0.002662538689
1636	0.002305216427
1637	0.006906981346
1638	0.002507364409
1639	0.001266176394
1640	0.001503831097
1641	0.00171859929
1642	0.001260968381
1643	0.001028693279
1644	0.00674617535
1645	0.001314061677
1646	0.001162727682
1647	0.0007556581036
1648	1.539509536e-05
1649	4.768392367e-06
1650	0.00132277099
1651	0.001015116779
1652	0.0002235153751
1653	0.001374964149
1654	0.0008534403885
1655	0.00110974744
1656	0.003015908763
1657	0.00117810904
1658	0.00271609516
1659	0.001225772457
1660	0.001007437464
1661	0.001973178872
1662	0.002278945028
1663	0.003454529008
1664	0.001637850152
1665	0.00537815459
1666	0.006084866622
1667	1.948228886e-05
1668	0.004604467621
1669	0.005710290272
1670	0.001097200589
1671	0.0002633267604
1672	0.0005315737092
1673	0.005050846338
1674	0.005803679284
1675	0.002058135085
1676	0.000232515828
1677	0.0006423561593
1678	0.0003355984762
1679	0.0102711262
1680	0.001410435135
1681	0.0005406708484
1682	0.001016019724
1683	0.0008276098784
1684	0.0006681439164
1685	0.004968135454
1686	0.002745946467
1687	0.00144413282
1688	0.0002942862696
1689	0.001881618985
1690	0.001397281261
1691	0.004461106553
1692	0.0009078958762
1693	0.0001893562104
1694	0.001907747802
1695	0.0001720621478
1696	0.0001098534003
1697	0.001861159492
1698	0.0007378842919
1699	0.003423913627
1700	0.002357421006
1701	0.009808948607
1702	0.0004231770034
1703	0.001993826351
1704	0.0006272902392
1705	0.000234066843
1706	0.002600094285
1707	0.0003351231516
1708	0.001475317724
1709	0.000464920844
1710	0.003494522894
1711	0.0009208653498
1712	0.001732069871
1713	0.0009434093145
1714	0.002026709033
1715	0.003857103237
1716	0.000731912144
1717	0.001670098742
1718	0.006469591788
1719	0.002029895801
1720	0.001484726816
1721	0.0003047368078
1722	0.001192741136
1723	0.001809719929
1724	0.001053995218
1725	0.002756106357
1726	0.002297787019
1727	0.004159024644
1728	0.006069133393
1729	0.0004167468509
1730	0.001418919771
1731	0.000264290766
1732	0.0009739714528
1733	0.002044611628
1734	0.001726495672
1735	0.004497932592
1736	0.0006443746316
1737	0.002658392642
1738	0.003661888313
1739	0.000602477305
1740	0.0006794375767
1741	0.001660881272
1742	0.002902611136
1743	0.001329375648
1744	0.0001675168399
1745	0.001434265063
1746	0.0004165598265
1747	0.001909054459
1748	0.001467724259
1749	9.809264312e-06
1750	6.267029945e-06
1751	6.747891526e-05
1752	2.285584537e-05
1753	0.0001211086657
1754	0.002190865475
1755	0.001597959273
1756	0.001047403399
1757	0.001623237388
1758	0.0009276004835
1759	0.003046336438
1760	0.002711460812
1761	0.0002605068499
1762	0.001990878841
1763	0.004822397216
1764	0.00159959567
1765	0.006277585117
1766	0.002519759744
1767	0.002089317492
1768	0.001105457784
1769	0.001307940224
1770	0.001418994398
1771	0.006199921354
1772	0.0005819765093
1773	0.003166943642
1774	0.004621284938
1775	0.001862231548
1776	0.0009901313026
1777	0.0008197860585
1778	0.004049275848
1779	0.001023237761
1780	0.001273594443
1781	0.0004445473182
1782	0.0007589714446
1783	0.003233151859
1784	0.001197046613
1785	0.001998447585
1786	0.0003787817903
1787	0.001636763805
1788	0.001260556267
1789	0.0004687011004
1790	4.632152635e-06
1791	4.632152635e-06
1792	0.001105864437
1793	0.00381879237
1794	0.0005061503935
1795	8.156565109e-05
1796	3.932788378e-06
1797	2.997275202e-06
1798	2.997275224e-06
1799	0.0008338057455
1800	0.000680829169
1801	0.002820165708
1802	0.002533061459
1803	0.001231842468
1804	0.001588128591
1805	0.0005823879406
1806	0.0006894658827
1807	0.001201205169
1808	0.00962614696
1809	0.009330681898
1810	0.001422606269
1811	0.00255482894
1812	0.0002622309177
1813	0.0008941806737
1814	0.002953949373
1815	0.002177888445
1816	0.002417887044
1817	0.001494005654
1818	0.00175982065
1819	0.001614645304
1820	0.002553402718
1821	0.003079340903
1822	0.001683045029
1823	0.0007402177503
1824	0.005226714614
1825	0.0008715751949
1826	0.003849341453
1827	0.0001645419283
1828	0.002068034731
1829	0.0008472911939
1830	0.003261759588
1831	0.001675507655
1832	0.000153576953
1833	0.0002236917908
1834	0.001356047452
1835	0.001995771351
1836	0.0008774873196
1837	0.0006837348713
1838	0.003964072923
1839	0.003303581669
1840	0.001414737991
1841	0.001345112311
1842	0.0007942660169
1843	0.0002358612916
1844	0.0003945747292
1845	0.002651577944
1846	0.001381257076
1847	0.0002929311548
1848	0.001689623701
1849	0.005204862033
1850	0.001450665854
1851	0.0003349697669
1852	0.000263487759
1853	0.004983843068
1854	0.003466104912
1855	0.0005922352486
1856	0.002151499385
1857	0.0009029603309
1858	0.004878934967
1859	0.002126816693
1860	0.001778438112
1861	0.00629926721
1862	4.748605668e-05
1863	0.006126052634
1864	0.000549693128
1865	0.005045701067
1866	0.003486644794
1867	0.001041917729
1868	0.002610774622
1869	0.006780450351
1870	0.003756608284
1871	0.0009297501245
1872	0.001549348009
1873	0.001894764493
1874	0.001142547497
1875	0.003864077512
1876	0.002857273067
1877	0.002044498821
1878	5.353791711e-05
1879	0.001087593752
1880	0.003113583826
1881	0.002081898781
1882	0.003478624442
1883	0.0001838375414
1884	7.484275078e-05
1885	0.001768443378
1886	0.0009067460215
1887	0.0002476512064
1888	0.001858967537
1889	0.0009449467952
1890	0.002819070194
1891	0.002974022668
1892	0.005549782846
1893	0.001910736321
1894	0.002856671232
1895	0.0007466699602
1896	0.00017064468
1897	0.00262173558
1898	0.005035326365
1899	0.0008696660218
1900	0.0001259948646
1901	0.0004542395497
1902	0.003062588803
1903	0.001974347444
1904	0.005184720498
1905	0.001102436475
1906	0.001986841358
1907	0.002585713161
1908	0.001429002732
1909	0.0007579373114
1910	2.452316076e-06
1911	2.452316076e-06
1912	4.569067756e-05
1913	0.001317177316
1914	1.465597852e-05
1915	0.0003863122939
1916	0.002327576981
1917	0.001030898309
1918	0.0006358597158
1919	0.001586949322
1920	1.517417165e-05
1921	0.002940997938
1922	0.001759673793
1923	0.001391014211
1924	0.0004032164011
1925	0.0009337172311
1926	0.003540492011
1927	0.0003272984754
1928	0.0002726889639
1929	0.007641958046
1930	0.002675101141
1931	0.007217539902
1932	0.002770705489
1933	0.005761857435
1934	0.002601135717
1935	0.0006149917989
1936	0.00502507339
1937	0.001325676371
1938	0.001125705495
1939	0.001289080046
1940	0.003280438637
1941	0.0002789091863
1942	0.002330144344
1943	0.006840835569
1944	0.001306597535
1945	0.0007159931446
1946	0.0009179628238
1947	0.004376467642
1948	0.001403136732
1949	7.629467712e-05
1950	0.001328838817
1951	0.007427617151
1952	0.0007626977671
1953	0.001347781617
1954	0.003709363782
1955	0.003530657855
1956	0.001139761963
1957	0.000173905406
1958	0.0005121212852
1959	0.001870634664
1960	0.001879683655
1961	0.004856647306
1962	0.002046625649
1963	1.496379147e-05
1964	0.002064344603
1965	0.00175631325
1966	0.004817146405
1967	0.0003775792064
1968	0.00176309256
1969	0.002053497465
1970	0.00392001942
1971	0.001888738132
1972	0.001634413579
1973	0.00225405606
1974	0.0001696917876
1975	0.002123211859
1976	0.001690866961
1977	0.001950864757
1978	0.001355762022
1979	0.0002992886202
1980	0.001317302161
1981	0.0006688282639
1982	0.0003749745602
1983	0.001868698271
1984	0.001908198815
1985	0.000238677582
1986	0.000611039721
1987	9.662242153e-05
1988	5.232509377e-05
1989	0.002685312411
1990	0.001195368975
1991	0.001938389967
1992	0.002046431454
1993	0.001790342485
1994	0.001271141445
1995	0.001264330781
1996	1.198910086e-05
1997	1.198910082e-05
1998	0.002052509987
1999	0.0003293717138
2000	0.002066263893
2001	0.002170045424
2002	0.0001527509764
2003	0.0008703772796
2004	0.0001969492782
2005	0.002520831382
2006	9.402204398e-05
2007	0.0009064345949
2008	0.005601835348
2009	0.001237377319
2010	0.003067006145
2011	0.001569692817
2012	0.002982409875
2013	0.0008104369572
2014	0.00196745024
2015	0.0001809140537
2016	0.0001714724035
2017	0.0008286451126
2018	0.001608314744
2019	0.00191836423
2020	0.001736838175
2021	0
2022	0.00151432618
2023	0.001338621617
2024	0.002423937497
2025	0.0005870030692
2026	0.009616879182
2027	0.002381049537
2028	0.0005332405317
2029	0.001739877908
2030	0.001863657662
2031	0.001768333628
2032	0.0002901504003
2033	0.0005294423821
2034	0.003369653536
2035	0.00124637656
2036	0.002540370691
2037	0.003635579066
2038	0.0008607235578
2039	0.002612217401
2040	0.001995586199
2041	0.001250550662
2042	0.001386075807
2043	0.005674209924
2044	0.001949028716
2045	0.001373215567
2046	0.002118440787
2047	0.001440009802
2048	0.0002130311052
2049	0.00147490681
2050	0.003718643532
2051	2.724795888e-07
2052	2.997275207e-06
2053	0.0002203906712
2054	0.003200642308
2055	0.001396654746
2056	0.006857993208
2057	0.0007752931095
2058	0.00100772047
2059	0.0006326998885
2060	0.005510809377
2061	0.0003549969864
2062	0.0002392536633
2063	0.001120655742
2064	0.0002734614212
2065	0.00613171954
2066	0.0004286711253
2067	0.003139359683
2068	0.00109294297
2069	0.001214640204
2070	0.0007333110526
2071	0.002220404587
2072	0.0001833624813
2073	0.0009660966244
2074	0.002005201519
2075	0.002991336875
2076	0.0002695492859
2077	0.001423392872
2078	0.001828026115
2079	0.0001765887758
2080	0.003526012645
2081	0.001635323927
2082	0.001104648734
2083	0.0009890730556
2084	0.00023225069
2085	0.002876645623
2086	0.001693214473
2087	0.002578559538
2088	1.736784458e-05
2089	0.0005976819737
2090	0.003171029518
2091	0.002351829779
2092	0.001763535826
2093	0.0007518622536
2094	0.0004528354872
2095	0.002191806466
2096	0.001274356922
2097	0.0008390275258
2098	0.004276689288
2099	0.000844791702
2100	0.0008700218066
2101	0.001142629808
2102	0.0005231698849
2103	0.001457999585
2104	0.0001766795557
2105	0.002068829484
2106	0.003642410586
2107	0.00114784963
2108	0.0005513667342
2109	0.001644365746
2110	0.005382260056
2111	0.002577736008
2112	0.009647350728
2113	0.001652321836
2114	0.002129719777
2115	0.002917200454
2116	0.0009263647147
2117	0.0001376585786
2118	2.724795678e-07
2119	1.08991827e-06
2120	0.0001270945697
2121	0.004268905828
2122	0.00501078347
2123	0.0006380472866
2124	0.0001263514084
2125	0.001841255334
2126	0.0017293311
2127	0.0007122118164
2128	0.0006629442
2129	0.0005630511915
2130	0.006230489254
2131	0.001893774376
2132	0.0006683790027
2133	0.0009551881485
2134	0.008213297474
2135	0.0008611174377
2136	0.002908561846
2137	0.0005329951672
2138	0.0005483774277
2139	0.001532623352
2140	0.002818235795
2141	0.004372835566
2142	5.300073422e-05
2143	0.001541279193
2144	0.001702462034
2145	0.002979970703
2146	0.005057321533
2147	2.861035427e-06
2148	8.719346041e-06
2149	0.003221034018
2150	0.0005176414838
2151	0.002874604361
2152	1.089918254e-06
2153	5.449591191e-07
2154	0.005270718683
2155	0.0006010654615
2156	0.005391837646
2157	0.002257689161
2158	0.004169737318
2159	2.997275208e-06
2160	1.0626703e-05
2161	0.006507579257
2162	0.004312349026
2163	0.0007563474499
2164	0.0001028973714
2165	0.001223372474
2166	0.0001924938797
2167	0.0001413871935
2168	0.001653956211
2169	0.002544908964
2170	0.0008404940112
2171	0.001023913175
2172	0.002452733052
2173	0.001755722695
2174	0.002268238033
2175	0.003586286625
2176	0.004177967903
2177	0.0001327289924
2178	0.002608510697
2179	0.0007636630798
2180	0.002735856412
2181	0.004167780313
2182	0.000384787563
2183	0.001588118055
2184	0.002022469445
2185	1.362398292e-07
2186	5.449591068e-07
2187	0.0003091879625
2188	0.0006810476137
2189	0.00591708315
2190	0.001683149292
2191	0.002433057883
2192	0.002652525878
2193	0.001299531428
2194	0.0005840944801
2195	0.003706727409
2196	0.0006983066059
2197	0.0009316649295
2198	0.001167016947
2199	0.00115461887
2200	0.0008959071897
2201	0.001955895399
2202	0.004481420365
2203	0.001319442163
2204	0.001659109207
2205	0.0005059972631
2206	0.001175108528
2207	0.002243303859
2208	0.002220889842
2209	0.002642383942
2210	0.002586776218
2211	0.00121361215
2212	0.003358670346
2213	0.0003941107231
2214	0.0006065442006
2215	0.007588928773
2216	0.007028499783
2217	0.001293919244
2218	0.002866011949
2219	0.001212445999
2220	0.0006507076174
2221	0.001191695013
2222	0.0007765129615
2223	0.0008877652811
2224	0.0004946373943
2225	0.004358947655
2226	0.00106545638
2227	0.00193233889
2228	2.111716621e-05
2229	0.0006097442057
2230	0.00119356449
2231	0.003028620413
2232	0.001834032772
2233	0.0005823690646
2234	0.001573425592
2235	0.003561062153
2236	0.0005052378658
2237	3.760217986e-05
2238	0.007437569229
2239	0.002349984847
2240	0.000684160034
2241	0.002566751897
2242	0.0006825091557
2243	4.40508629e-05
2244	0.0002521503927
2245	0.002324582557
2246	4.069028155e-05
2247	0.005215876783
2248	0.001330127615
2249	0.003554448502
2250	1.612131557e-05
2251	0.001850357216
2252	0.0002064993925
2253	0.0001840059793
2254	0.005777536764
2255	0.001444364799
2256	0.001621269372
2257	0.001379375755
2258	0.002440490771
2259	0.001569503187
2260	0.003787142881
2261	0.0009866413916
2262	0.00150421598
2263	0.002112820658
2264	0.001698171154
2265	0.001508956592
2266	0.000788341376
2267	0.001542469326
2268	0.0020913743
2269	0.003108128381
2270	0.0007718617631
2271	0.0006096304488
2272	0.0004315844483
2273	0.000747580887
2274	0.0005078775285
2275	3.583106262e-05
2276	0.001212916109
2277	0.0002662634616
2278	0.005598401873
2279	0.004883699678
2280	2.997275205e-06
2281	2.997275205e-06
2282	0.003276523706
2283	0.0007892909014
2284	0.002511092718
2285	0.00203593945
2286	0.001613647032
2287	0.002322113907
2288	0.0007240537854
2289	0.005679855239
2290	0.0002385865515
2291	0.006443181568
2292	0.002349681781
2293	0.003549387073
2294	0.005596531553
2295	0.004803419866
2296	0.002806284373
2297	0.003875542659
2298	0.004443470852
2299	0.001034089509
2300	0.002243759056
2301	0.001653370046
2302	0.001903171471
2303	0.001344226271
2304	0.002533307523
2305	0.002173216594
2306	0.004704316763
2307	0.0008964657028
2308	0.002028705728
2309	0.0009562523813
2310	0.003645591983
2311	0.001264013246
2312	0.002680211807
2313	0.001193200977
2314	0.002931166082
2315	0.0007943727445
2316	0.0004422668568
2317	0.0007255016961
2318	5.392917869e-06
2319	0.000261703635
2320	4.153034183e-05
2321	6.494096241e-06
2322	5.134203445e-06
2323	0.002827561675
2324	0.006833200771
2325	0.004243497549
2326	0.001916744995
2327	0.002878784821
2328	0.0011948857
2329	0.004078580859
2330	0.001234329765
2331	0.0007892491245
2332	0.001281144143
2333	0.000109193964
2334	0.001562557267
2335	0.003498081863
2336	0.0007633791932
2337	0.003651346113
2338	0.001193749756
2339	0.001008187175
2340	0.003756068361
2341	0.003393024293
2342	0.002850889671
2343	0.0005872189274
2344	6.267029972e-06
2345	6.267029972e-06
2346	0.001658477755
2347	0.00408208012
2348	0.0006245578157
2349	0.002277809352
2350	0.002752499893
2351	1.825613079e-05
2352	0.0003274465107
2353	0.00173827029
2354	0.01089305616
2355	0.005823107957
2356	0.003667020098
2357	0.000219790848
2358	0.0007071812276
2359	0.002232842862
2360	0.0002990062195
2361	0.001491573146
2362	5.040871913e-06
2363	0.001606723385
2364	0.002745552192
2365	0.0006625141582
2366	0.0009062893876
2367	0.002078898036
2368	0.001610059252
2369	0.0009705493555
2370	0.007593130497
2371	0.001443125559
2372	0.0003280323563
2373	0.003108905982
2374	0.001912501291
2375	0.006256826775
2376	0.007422292884
2377	8.816434664e-05
2378	0.003023280078
2379	0.001077720426
2380	0.003328717576
2381	0.007326498845
2382	0.002444347926
2383	0.001021530272
2384	0.0007433049563
2385	0.0007395400441
2386	0.0006193338859
2387	0.003743787517
2388	0.001488693706
2389	0.0005005160505
2390	1.407811081e-06
2391	0.00710065062
2392	0.002482941311
2393	0.001820678475
2394	0.002573566792
2395	0.001553345845
2396	0.001490328208
2397	0.004594501528
2398	0.002179952957
2399	2.220708451e-05
2400	1.60762943e-05
2401	0.001675789453
2402	0.001619312017
2403	0.0006293738129
2404	0.000633414484
2405	0.001649209186
2406	0.00494001636
2407	0.005579309028
2408	0.003235890747
2409	5.040871934e-06
2410	1.112624884e-06
2411	8.745355738e-05
2412	0.0002519531877
2413	0.0003108309709
2414	0.003112349021
2415	0.0006576442236
2416	0.001544790512
2417	0.003574020113
2418	0.0002197822671
2419	0.003205084157
2420	4.885933968e-06
2421	0.002693256847
2422	0.001573588483
2423	0.0003976242531
2424	0.0008001389172
2425	0.002025227921
2426	0.0007328790847
2427	4.979737578e-05
2428	0.007741975507
2429	0.001026809069
2430	0.005322394568
2431	0.001496287314
2432	0.001057768699
2433	0.005756247542
2434	4.722979114e-06
2435	6.130790186e-06
2436	0.00224058234
2437	0.002526043924
2438	0.00345181752
2439	4.904632133e-06
2440	4.904632133e-06
2441	0.001074441032
2442	0.001520885277
2443	0.00546715545
2444	0.000188453362
2445	1.267029973e-05
2446	1.961852865e-05
2447	0.000760494262
2448	0.004189470485
2449	0.0009544374458
2450	5.142076877e-05
2451	0.001797800456
2452	0.008166425459
2453	0.005325179585
2454	0.005331889222
2455	0.001587275409
2456	0.0008936327146
2457	0.002754630838
2458	0.0002327825813
2459	0.003695090754
2460	0.0002561353875
2461	0.0007494429627
2462	0.002063649747
2463	0.002387783287
2464	4.709453554e-05
2465	0.000753617355
2466	0.004200403886
2467	0.001568593745
2468	0.002378308145
2469	0.001016434733
2470	0.005990051971
2471	5.177111717e-06
2472	5.177111717e-06
2473	0.001213150244
2474	0.001368034978
2475	0.001172207124
2476	0.002386774659
2477	0.00265854271
2478	0.0003384076433
2479	0.001559525291
2480	0.002098089788
2481	0.003333266186
2482	0.001251855915
2483	0.001378904136
2484	0.001452098721
2485	0.000109340506
2486	0.0006634244245
2487	0.0006561306825
2488	0.002461001135
2489	0.003228317681
2490	0.004437350848
2491	0.001921796717
2492	0.003892729231
2493	0.001556987075
2494	0.001052268229
2495	0.001678832781
2496	0.001685834984
2497	0.002413712993
2498	0.002822627923
2499	0.002555195801
2500	0.001211916751
2501	5.994550405e-06
2502	5.994550405e-06
2503	0.0007292079838
2504	0.002247242884
2505	0.005614213577
2506	1.702997279e-05
2507	0.0008137895309
2508	0.001502873946
2509	0.00282957145
2510	0.001325517933
2511	0.005390881733
2512	0.0007705862499
2513	0.0008597416183
2514	0.002423487484
2515	0.004141715148
2516	0.0004806976074
2517	0.001605979979
2518	0.000318355931
2519	0.0002810548172
2520	0.002453996891
2521	0.001376355932
2522	0.001429284553
2523	0.0001380277088
2524	0.01483253616
2525	0.001187575228
2526	0.001249974095
2527	0.001956689853
2528	0.001408275929
2529	0.004144425185
2530	0.003360536674
2531	0.0002220993668
2532	0.0001563697413
2533	0.002970720293
2534	0.003799834619
2535	0.000390762235
2536	0.0009630502041
2537	0.001712396007
2538	0.0006623823817
2539	0.000425521254
2540	0.0009614011332
2541	0.002624200889
2542	0.002716893511
2543	0.001908851592
2544	0.000841097151
2545	0.001692855371
2546	0.0009910045285
2547	0.001896329758
2548	0.0004339617715
2549	0.003886952429
2550	0.002856006497
2551	0.0008388643564
2552	6.177457533e-05
2553	0.002059716724
2554	0.004583134504
2555	0.0005888266726
2556	0.001952751598
2557	0.001644028358
2558	0.003232617092
2559	0.002714467486
2560	0.0003150533042
2561	0.0002719214039
2562	0.002658753626
2563	0.001526910178
2564	5.313351499e-06
2565	0.0005590737466
2566	0.0007625060285
2567	0.000701910684
2568	0.0007461107414
2569	0.0005055237467
2570	0.002287865059
2571	0.0008143780393
2572	0.002946190913
2573	0.0007777819639
2574	5.897494327e-05
2575	0.0024132881
2576	0.005710865198
2577	1.485013624e-05
2578	0.0002774238126
2579	0.0002022882823
2580	0.0004341878753
2581	0.0008052320216
2582	0.001337112793
2583	0.0003337891154
2584	0.001072986717
2585	0.002193532795
2586	0.0006584252276
2587	0.00167213016
2588	0.003448052668
2589	0.005212453601
2590	0.002787342731
2591	0.00262231602
2592	0.002926277265
2593	0.001375569802
2594	0.0006854291247
2595	0.001637499529
2596	0.001643626037
2597	0.00373218212
2598	0.001516740395
2599	1.171662125e-05
2600	0.006561648077
2601	0.002135820198
2602	0.001481709761
2603	0.00243400851
2604	0.003926109895
2605	0.003947260222
2606	0.001639334743
2607	0.0007456972953
2608	0.003401288628
2609	1.634877407e-06
2610	0.001592770413
2611	0.0008203842142
2612	0.002949324946
2613	0.003080811318
2614	0.0002321316437
2615	0.001153596668
2616	0.001355714995
2617	0.001042483625
2618	0.003251020013
2619	0.002495277224
2620	0.005436366236
2621	1.373102379e-05
2622	0.002009039225
2623	0.003888702493
2624	0.006293564022
2625	0.001253355386
2626	0.001500913198
2627	0.005364701801
2628	0.001975196294
2629	0.001290058687
2630	0.001411854093
2631	0.001762502519
2632	0.003001766358
2633	0.001807893488
2634	0.001067932418
2635	0.001508760817
2636	0.001662563648
2637	0.001329712306
2638	0.002914809674
2639	0.0009586308517
2640	0.001475030783
2641	0.007264651676
2642	0.0008843472983
2643	0.0002701243118
2644	0.0009267994289
2645	0.0003590646954
2646	0.003444402698
2647	0.001220314382
2648	0.0003852586058
2649	0.0007350638587
2650	0.0005962521818
2651	0.001308486707
2652	0.003677700999
2653	2.316076318e-06
2654	2.45231607e-06
2655	0.0006831345321
2656	1.359240384e-05
2657	0.003114664791
2658	0.006896812874
2659	0.0006973383214
2660	3.337874698e-06
2661	1.99818342e-06
2662	0.008603142647
2663	3.133514991e-06
2664	4.632152591e-06
2665	0.003247456572
2666	0.001558359734
2667	0.001145792139
2668	0.001461938128
2669	4.768392375e-06
2670	0.001989368939
2671	0.006092705137
2672	0.00235802847
2673	0.001732359154
2674	0.002416077666
2675	3.261523606e-05
2676	0.00089920225
2677	0.002005436706
2678	0.001772504016
2679	0.00016528663
2680	0.002626781035
2681	0.007210067998
2682	0.0001678476929
2683	8.310626669e-06
2684	0.003181302104
2685	0.001060190054
2686	0.002501500682
2687	0.0006777569802
2688	0.004147812219
2689	0.00201275594
2690	3.678474114e-06
2691	0.001612455581
2692	0.002654365882
2693	0.003894580648
2694	0.001778060781
2695	0.0007846632146
2696	0.0005880301296
2697	0.0008148145112
2698	0.001907689996
2699	0.001874660504
2700	0.003486603739
2701	0.001313175606
2702	0.002296584363
2703	0.005879802725
2704	0.0006899728696
2705	0.001647846015
2706	0.0006589416224
2707	0.003413233301
2708	0.001421971561
2709	0.001733057434
2710	0.003912696856
2711	0.0004034780962
2712	0.002056526704
2713	0.0004980008517
2714	0.006221115644
2715	0.002016605138
2716	0.002592480679
2717	0.0007967934477
2718	0.003832838536
2719	2.263851047e-05
2720	0.001599859674
2721	0.001194352189
2722	0.001417339407
2723	0.000940648095
2724	0.001185763273
2725	0.001835644991
2726	0.005291706257
2727	0.0001716022634
2728	0.0005274904629
2729	0.001008507387
2730	0.005082129758
2731	0.001589881769
2732	0.0008995405483
2733	0.0009345583355
2734	0.002536313219
2735	0.003762033038
2736	0.001220087058
2737	0.002263917213
2738	0.001410792949
2739	0.0004470689643
2740	0.000814933971
2741	0.003704518116
2742	0.0009903194963
2743	0.0001084402817
2744	0.002116823377
2745	0.003686175562
2746	0.0008398839493
2747	0.0006404803309
2748	0.001883027523
2749	0.004058824337
2750	0.0008489083378
2751	0.001089233761
2752	0.003691008554
2753	0.005193381067
2754	0.001369819287
2755	0.002707728168
2756	0.00558637739
2757	0.001027620824
2758	2.861035379e-06
2759	9.809264325e-06
2760	0.0005847058019
2761	0.000683724327
2762	0.005436810416
2763	0.001823170329
2764	5.327804537e-05
2765	0.0001752157548
2766	0.0008083617609
2767	0.0008574006211
2768	0.004514903504
2769	3.209492838e-05
2770	0.0004348868125
2771	0.003177421041
2772	0.001332098216
2773	0.002602868209
2774	0.004665648735
2775	0.0001294817212
2776	0.0009867043169
2777	0.006187905135
2778	0.001713926833
2779	3.158676457e-05
2780	0.006760720903
2781	0.0006024551078
2782	0.001031619396
2783	0.008461016823
2784	0.0005603313433
2785	0.004950826102
2786	0.0007820621913
2787	0.005183552521
2788	0.003443729328
2789	0.002815114506
2790	0.0005965842889
2791	0.0007151384425
2792	0.0009264202219
2793	0.008643470046
2794	0.0004189171701
2795	0.0002147721751
2796	0.004955511039
2797	0.0003429735288
2798	0.0009269630521
2799	0.0009225231525
2800	0.001347790895
2801	0.0008591215504
2802	7.235268985e-05
2803	0.001824696792
2804	0.0004814688341
2805	0.001010608037
2806	0.000999403977
2807	0.0007164530797
2808	0.000782270632
2809	4.506019196e-05
2810	0.001435234816
2811	0.002696669967
2812	0.002337037117
2813	0.003066319335
2814	0.002638337938
2815	0.002107450702
2816	0.002784719873
2817	0.003593694742
2818	0.002282800465
2819	0.00247171887
2820	0.0002141072453
2821	3.180696317e-05
2822	0.002600083057
2823	0.001662950333
2824	0.002002318536
2825	0.0001171207993
2826	0.001675933895
2827	0.001545079078
2828	0.003219619261
2829	0.004187726932
2830	0.001511776319
2831	0.001532196189
2832	0.0009884762317
2833	0.002034908242
2834	0.003996007828
2835	2.732190925e-05
2836	0.001549422316
2837	0.001066765098
2838	0.0006775250042
2839	0.005245875918
2840	0.007016723908
2841	0.001592990008
2842	0.001314030844
2843	3.252637407e-05
2844	0.002477973029
2845	0.0001827264547
2846	0.004625033579
2847	0.0003403683824
2848	0.003673784467
2849	0.0002172912295
2850	0.001619999522
2851	1.74386921e-05
2852	1.74386921e-05
2853	0.0004410337034
2854	0.003272454398
2855	8.583106262e-06
2856	2.997275162e-06
2857	0.002520666387
2858	2.724795649e-07
2859	6.320400872e-05
2860	0.003170585853
2861	0.004517814326
2862	0.008478768848
2863	0.002617063408
2864	0.003655627696
2865	4.359672975e-06
2866	0.002472661265
2867	0.001588983236
2868	0.002234628123
2869	0.00575282405
2870	0.002591691787
2871	0.003388804333
2872	0.0002936334794
2873	0.002509873292
2874	0.001801265835
2875	3.678474076e-06
2876	2.179836469e-06
2877	0.001543573197
2878	0.001544272732
2879	0.002365023582
2880	0.007134692321
2881	0.0009782940078
2882	0.0007952077968
2883	0.001277387463
2884	0.000824364416
2885	0.003993625949
2886	0.00150373038
2887	0.001834529216
2888	6.479594411e-05
2889	0.001239723283
2890	0.0004191673625
2891	0.0002919459631
2892	0.0002357884748
2893	0.001212044874
2894	0.005174432844
2895	0.002560791483
2896	0.00159386441
2897	0.001767839466
2898	0.000236722896
2899	0.004881085506
2900	0.000890537174
2901	0.001706073428
2902	0.001919734352
2903	0.002259874873
2904	0.003767431568
2905	0.001682239205
2906	0.01020605375
2907	1.55313352e-05
2908	0.002327692173
2909	0.001750940753
2910	0.0008041587506
2911	0.009947805632
2912	0.007144811753
2913	0.004414345338
2914	0.00710431421
2915	0.000119258719
2916	9.809264307e-06
2917	9.809264307e-06
2918	0.001535155973
2919	0.002945340148
2920	0.001533025459
2921	0.0009048096068
2922	0.0005475180906
2923	0.0001538495298
2924	2.179836509e-06
2925	2.179836509e-06
2926	0.001398695179
2927	0.002685151425
2928	3.269754773e-06
2929	3.269754773e-06
2930	0.004374766069
2931	0.003403697673
2932	0.006163084887
2933	0.0007772070164
2934	0.002070785453
2935	0.001727976288
2936	0.001954007263
2937	0.0005984075163
2938	8.742052679e-05
2939	0.002165601953
2940	0.006051575609
2941	0.00284353998
2942	0.001527369983
2943	0.002127029685
2944	0.006751790433
2945	0.002536912565
2946	0.0002248208177
2947	0.001955108336
2948	0.0003016801314
2949	4.087193422e-06
2950	8.174386892e-06
2951	0.001755053008
2952	0.001246513453
2953	0.001093417317
2954	5.651759051e-05
2955	0.0009572573751
2956	0.0007545807725
2957	0.001752623413
2958	0.00117133285
2959	0.003702872314
2960	0.0003488265587
2961	6.682851222e-05
2962	0.0001456627778
2963	0.002719979761
2964	0.002568370412
2965	0.004598261117
2966	0.0004829340529
2967	0.0005300430001
2968	0.001602051462
2969	0.0001859621755
2970	0.003999954457
2971	0.003000606469
2972	0.0002164070319
2973	0.000462751229
2974	0.0007470821683
2975	0.001862179907
2976	0.002313668742
2977	0.002145288728
2978	0.0002923446104
2979	0.001523171551
2980	0.0007373845978
2981	0.003540616037
2982	0.0001246690134
2983	0.003396613022
2984	0.005862496423
2985	0.004236542368
2986	0.0006113718551
2987	0.001951735078
2988	0.001763241751
2989	0.002061503803
2990	0.002101152524
2991	0.004641402538
2992	0.0006098384713
2993	0.0002360132604
2994	0.001024305812
2995	0.002802354201
2996	0.00126364426
2997	0.001542130435
2998	0.000142483203
2999	0.007024908823
3000	0.0002647605098
3001	0.003547439886
3002	0.003121133917
3003	0.0001632629127
3004	0.0005785735753
3005	0.0002446024503
3006	0.008488770932
3007	0.0002364276296
3008	0.0006557705615
3009	0.00293284795
3010	0.0003602011436
3011	0.0009553851212
3012	0.001589205413
3013	0.001323838783
3014	0.004405361767
3015	0.004016974362
3016	0.0028184228
3017	0.005480562372
3018	0.001503101883
3019	0.001476523405
3020	0.003942571279
3021	0.003161943786
3022	0.002158443887
3023	0.001617989013
3024	0.003681478476
3025	0.0008551454648
3026	0.001994258314
3027	0.001230656261
3028	3.133514983e-06
3029	2.724795659e-06
3030	0.002528202233
3031	0.002272543879
3032	0.001555255301
3033	0.001166550044
3034	0.001658899606
3035	0.0003518569682
3036	0.001304086522
3037	0.002831657166
3038	0.0002312302939
3039	0.001903599602
3040	0.002076983449
3041	6.542349599e-05
3042	0.002331500163
3043	0.003820787479
3044	0.002454103781
3045	0.0005248871885
3046	0.003465873855
3047	0.005868268394
3048	0.001198689791
3049	0.001304606161
3050	0.003850693401
3051	0.001036221473
3052	0.0007170892497
3053	0.0001550425915
3054	0.0007202816264
3055	0.001626398992
3056	0.004448016194
3057	0.001807000025
3058	0.001637878932
3059	1.078873223e-05
3060	0.001041092495
3061	0.0009886518862
3062	0.0003216729193
3063	3.542234358e-06
3064	2.724795647e-06
3065	4.632152592e-06
3066	4.632152592e-06
3067	0.002221413495
3068	0.002963299486
3069	0.006312444115
3070	0.002927346619
3071	0.002732934398
3072	0.0001071978605
3073	0.002034850657
3074	3.542234329e-06
3075	0.003520303547
3076	0.007510572225
3077	0.006782576382
3078	0.001558572629
3079	0.002068007737
3080	0.001416556591
3081	0.0009491333136
3082	0.0005008414248
3083	0.0004841343516
3084	0.0005520102882
3085	0.00238884304
3086	0.0006804198056
3087	0.0004043929293
3088	0.0004358831386
3089	0.004620837627
3090	0.003820472037
3091	0.001231355275
3092	0.00141010898
3093	0.001575674046
3094	0.0005749642977
3095	0.001703534501
3096	0.001020601913
3097	4.087193462e-06
3098	4.087193462e-06
3099	0.0007551698324
3100	0.001408582705
3101	0.0005622774055
3102	0.0006572604649
3103	0.002486400941
3104	0.0008663873029
3105	0.001715145397
3106	0.005059710644
3107	0.0054507625
3108	0.003127661797
3109	0.0001673655678
3110	0.0005719747055
3111	0.0001603127215
3112	0.001650597581
3113	0.003234252481
3114	0.001602247226
3115	0.001102761268
3116	0.003219286669
3117	0.004916249573
3118	0.001103814171
3119	0.001209219413
3120	0.002576154244
3121	0.0005400244596
3122	0.001358589671
3123	0.005254909693
3124	0.0005953141939
3125	0.0005846617992
3126	0.0001759391729
3127	8.174387079e-07
3128	0.003722516251
3129	0.001656577696
3130	0.001219841479
3131	0.0007174662527
3132	0.0008809069335
3133	0.001394040342
3134	0.002754889287
3135	2.089010024e-06
3136	5.812897356e-06
3137	0.007003602716
3138	2.461719291e-05
3139	0.00334478199
3140	4.087193458e-06
3141	4.087193458e-06
3142	0.002551137534
3143	0.0007575675183
3144	0.004344348108
3145	0.00382673659
3146	0.00349609084
3147	0.003097563334
3148	0.001692082337
3149	0.002273047467
3150	0.001203513636
3151	0.002133749993
3152	0.001825958951
3153	0.0006334060604
3154	0.0002148388301
3155	0.0005480247997
3156	0.001747053729
3157	0.006551738649
3158	0.003206740732
3159	0.001631296662
3160	0.0009184996252
3161	1.927792915e-05
3162	3.224341501e-06
3163	0.0001305865015
3164	0.005812096775
3165	0.005760504587
3166	0.0006839828172
3167	0.001407668697
3168	4.359673027e-06
3169	4.359673027e-06
3170	0.003189084032
3171	0.0004334207475
3172	1.375697379e-05
3173	0.001357457882
3174	0.004352111798
3175	0.001899469964
3176	0.002293897483
3177	5.449591284e-07
3178	5.449591284e-07
3179	0.001326516399
3180	0.0005979175672
3181	0.006867060385
3182	0.00433886741
3183	0.0006736800687
3184	0.000255302752
3185	0.002577992071
3186	0.001093385356
3187	0.004322373348
3188	0.0004028111907
3189	0.005944401546
3190	0.001618842981
3191	1.222370026e-05
3192	0.0005892233357
3193	0.0003937388215
3194	0.007199493424
3195	0.0001551608745
3196	8.316195174e-05
3197	0.003476180248
3198	0.0006899465572
3199	0.0007869585546
3200	0.002290337391
3201	0.001905852708
3202	0.01155512826
3203	0.002061788048
3204	0.0009508826929
3205	0.002651675377
3206	0.002954267271
3207	0.001992517893
3208	0.001705012145
3209	0.003348467969
3210	0.001019089552
3211	0.003482147432
3212	0.001015297143
3213	0.001262868878
3214	0.00138917328
3215	0.002387683251
3216	0.003958121645
3217	0.004497177816
3218	0.003585017623
3219	1.594005453e-05
3220	0.001768618348
3221	0.004007052377
3222	4.904632156e-06
3223	4.904632156e-06
3224	0.0004285501179
3225	2.426300754e-05
3226	0.001107171305
3227	0.001516987761
3228	0.001374131732
3229	5.44959176e-07
3230	5.44959176e-07
3231	8.174386917e-07
3232	0.0004183114581
3233	0.002849104894
3234	0.0001094619717
3235	0.001079083847
3236	0.0005424917914
3237	0.005557458551
3238	0.004941436964
3239	0.0007846970615
3240	0.0004000230501
3241	0.002986822906
3242	0.0001049064019
3243	0.0003537615131
3244	0.0003491112348
3245	0.000312192435
3246	0.003739408373
3247	0.000241758396
3248	0.004018387642
3249	0.001727841431
3250	0.000347948228
3251	0.00177372415
3252	0.0006788102875
3253	0.002024020007
3254	0.001133745467
3255	0.001416731885
3256	0.008542986265
3257	2.724796046e-07
3258	2.724796046e-07
3259	0.002126216421
3260	6.811989099e-06
3261	6.811989099e-06
3262	0.001620025943
3263	0.004425412476
3264	0.005037517717
3265	0.004969009522
3266	0.003475763927
3267	9.536784708e-06
3268	0.002398558653
3269	0.001747909849
3270	5.177111721e-06
3271	5.177111721e-06
3272	0.0005385328714
3273	0.0003735751842
3274	0.001071536122
3275	0.007717752898
3276	0.001905357967
3277	0.0007106218752
3278	0.0007562501819
3279	0.009276816905
3280	0.0008686321331
3281	0.001484932282
3282	0.0004185913478
3283	0.003224590085
3284	5.883769436e-06
3285	0.003443017469
3286	0.0004953324206
3287	0.002165686847
3288	0.0005744612927
3289	0.0006890660749
3290	0.007969933905
3291	0.001324941103
3292	0.001295892009
3293	0.003748283034
3294	0.001946561501
3295	0.003048284228
3296	0.001224005439
3297	0.0002006863051
3298	0.000129344934
3299	0.004521904035
3300	0.001987124197
3301	0.001311469878
3302	0.004093553926
3303	0.000530017497
3304	0.0008414023751
3305	0.001678969084
3306	0.001238861773
3307	0.002583975979
3308	0.001208295738
3309	0.002433821209
3310	0.001053329888
3311	1.78936994e-05
3312	0.002369841087
3313	0.003074739007
3314	0.001117271713
3315	0.001671517815
3316	0.001531571622
3317	0.0003884949244
3318	0.005575871172
3319	0.001280095798
3320	0.001410191175
3321	0.0002564175688
3322	0.005277475849
3323	0.0009141889477
3324	0.00377600142
3325	0.0007824583178
3326	0.0008284322692
3327	0.001754867848
3328	0.004154002511
3329	0.002849437333
3330	0.002921105636
3331	0.004249694825
3332	0.001527656695
3333	0.000122413968
3334	0.0007596412952
3335	0.001129648897
3336	0.000871224722
3337	0.00486598104
3338	0.003681686525
3339	0.002926948958
3340	0.003209717219
3341	0.001758811968
3342	0.00112474743
3343	7.135430157e-05
3344	0.001155090586
3345	0.005933056394
3346	0.001185346031
3347	0.0001317607259
3348	0.001078191985
3349	0.0008783117079
3350	0.001284589822
3351	0.0001090776779
3352	0.002558156794
3353	0.002701208167
3354	0.002102862519
3355	0.00186712793
3356	0.002041325556
3357	6.267029936e-06
3358	6.267029936e-06
3359	0
3360	0.001993579506
3361	0.001168245205
3362	0.0007427304451
3363	0.003046523065
3364	0.005108605303
3365	0.001591254637
3366	0.0006520981757
3367	0.0001817029068
3368	0.0005831400343
3369	0.003337023971
3370	0.001947564481
3371	0.006297326877
3372	0.003370089918
3373	0.002845761911
3374	0.0003626462311
3375	0.01432404662
3376	0.000673072526
3377	0.006283976989
3378	0.0003366176232
3379	0.0003267249172
3380	0.0005440457614
3381	0.002251764276
3382	0.001245961902
3383	0.0005947842783
3384	0.002519919668
3385	0.006834390768
3386	0.008050760303
3387	2.452316072e-06
3388	2.452316072e-06
3389	0.006460586896
3390	0.00067640838
3391	0.0004218351325
3392	0.003853425362
3393	0.0008751875141
3394	0.0008312200616
3395	5.722070849e-06
3396	0.002198629584
3397	3.269754766e-06
3398	3.814713874e-06
3399	0.003993019893
3400	0.001182333684
3401	0.0002657218781
3402	0.002081932129
3403	0.001151352336
3404	0.001486076181
3405	0.002877587439
3406	0.001165305343
3407	0.002760359613
3408	7.274874752e-05
3409	0.0009882885187
3410	0.003013924646
3411	0.002718370983
3412	0.001556786212
3413	0.0005540058406
3414	0.000204976839
3415	0.006719503917
3416	0.004047629543
3417	0.00119049943
3418	0.003265125827
3419	0.003152123698
3420	0.003045933509
3421	0.0009040581117
3422	0.0005792865377
3423	0.001068129646
3424	0.005262239018
3425	0.001471292892
3426	0.001099475117
3427	0.0007507093702
3428	0.001797761678
3429	0.002523434246
3430	0.004404328006
3431	0.003486588709
3432	0.003446833004
3433	0.004548948378
3434	0.0001858999456
3435	0.0003658621876
3436	0.001971052632
3437	0.0008311974745
3438	0.002652133684
3439	0.0008542665085
3440	0.001014633557
3441	0.006827649424
3442	0.00249566242
3443	0.001417795724
3444	0.001568137372
3445	0.003413348439
3446	0.005023649488
3447	0.003352167035
3448	0.001879730003
3449	0.0004270583145
3450	0.003219662052
3451	6.978500345e-05
3452	0.000579310296
3453	0.002582543206
3454	0.001044160987
3455	6.681715344e-05
3456	0.00189722587
3457	0.002971476155
3458	0.004078677152
3459	0.001062193787
3460	0.004853003054
3461	0.001516432616
3462	0.002006869577
3463	0.001765350605
3464	0.003333744303
3465	0.001002673678
3466	0.0005995694424
3467	0.002825848926
3468	0.001615726574
3469	0.001140510489
3470	0.001400688649
3471	0.0002523079442
3472	0.004000682668
3473	0.001386432554
3474	1.825610111e-16
3475	1.825610111e-16
3476	4.90463216e-06
3477	0.002445822272
3478	0.0005005724767
3479	0.001557021504
3480	0.0009571457335
3481	0.0001737343986
3482	0.004404837661
3483	0.0039360877
3484	0.0007178013878
3485	0.001520077616
3486	0.001310185937
3487	1.362397853e-06
3488	1.362397853e-06
3489	2.837950507e-05
3490	1.634877381e-06
3491	4.087193442e-06
3492	0.001365229978
3493	0.003165710376
3494	0.002659162994
3495	0.001626201522
3496	8.00693558e-05
3497	0.0030289842
3498	0.001583855274
3499	0.001351737439
3500	0.002089013802
3501	0.002550149486
3502	0.004329055377
3503	0.003429478696
3504	0.0009717169367
3505	1.089918256e-06
3506	1.089918256e-06
3507	0.001241955168
3508	0.00107539172
3509	0.00256571065
3510	0.001255601532
3511	0.003707062579
3512	0.006171284439
3513	0.001367203328
3514	5.732238997e-05
3515	0.0003793377389
3516	0.004606716146
3517	3.759788546e-05
3518	0.002337121998
3519	1.561307861e-05
3520	0.00169050673
3521	8.29702423e-05
3522	0.0006953904389
3523	0.002463931084
3524	0.002968363743
3525	0.00396807661
3526	0.005131083971
3527	0.0003773271013
3528	8.41129955e-05
3529	0.001051874463
3530	0.0013598741
3531	0.0004798206148
3532	0.002310422074
3533	0.001096550024
3534	0.005673351017
3535	0.001730874601
3536	0.002775651992
3537	1.811989099e-05
3538	0.0001358220054
3539	0.0006590899094
3540	5.210563935e-05
3541	0.002474226549
3542	0.002112375265
3543	0.002019293765
3544	3.542234302e-06
3545	0.0006475660222
3546	0.002722251899
3547	0.002721371793
3548	0.001141368962
3549	0.003988713737
3550	0.0008100695104
3551	0.0006655144968
3552	0.002724096308
3553	0.002271791571
3554	0.002653277839
3555	0.0007044376409
3556	0.002977306001
3557	0.008875069719
3558	0.0004485711632
3559	0.006266628066
3560	0.001666521684
3561	0.00270659224
3562	0.0001575555018
3563	0.002784212126
3564	6.874214313e-05
3565	0.002628575239
3566	4.434645179e-05
3567	0.000410092708
3568	0.0006841855034
3569	0.0003936333781
3570	0.002713945962
3571	0.003269982586
3572	0.002424957663
3573	0.000891703076
3574	7.35694823e-06
3575	7.35694823e-06
3576	0.002218757289
3577	0.004465947639
3578	0.004427668261
3579	0.002651191617
3580	0.003709276852
3581	0.0003396827745
3582	0.006081420823
3583	0.00316308475
3584	0.001654777139
3585	0.0004484995648
3586	0.003825001011
3587	0.007248134113
3588	0.001316135245
3589	0.001336782629
3590	0.003402793711
3591	0.005186733189
3592	0.003155383009
3593	0.005584922004
3594	0.005280736712
3595	0.00204072294
3596	0.005402059877
3597	0.00220319783
3598	0.0001336099399
3599	0.0009107684479
3600	0.0004870838638
3601	0.002601695017
3602	0.003054701294
3603	1.580381468e-05
3604	0.002910695556
3605	6.811989096e-06
3606	6.811989096e-06
3607	0.003055442754
3608	0.0005889760688
3609	0.0004683445478
3610	0.007501871106
3611	0.00204873448
3612	0.002090899195
3613	0.0005489706777
3614	0.0001873095873
3615	0.00604071274
3616	1.471389642e-05
3617	0.0009935476031
3618	0.002288176933
3619	0.0002922564725
3620	0.001276702266
3621	0.002627336539
3622	0.001582897589
3623	0.007237445064
3624	0.001373664525
3625	0.001218621771
3626	0.00241183941
3627	1.075386017e-05
3628	0.00137884686
3629	3.464520059e-05
3630	0.003518570058
3631	0.002363185263
3632	0.003644163058
3633	0.0008471204997
3634	0.00289148682
3635	0.001245929151
3636	0.001326373525
3637	0.001536356013
3638	0.001625139264
3639	0.0009089822664
3640	0.007683131996
3641	0.003271209464
3642	0.00318793896
3643	0.002445425092
3644	5.111597796e-05
3645	0.0004819614685
3646	0.001391810248
3647	0.00272390273
3648	0.0007733779397
3649	0.001446558832
3650	0.001495408279
3651	0.001195356464
3652	0.005144540565
3653	1.362397793e-06
3654	0.001560776318
3655	6.123978203e-05
3656	0.0006218027933
3657	0.002898504332
3658	0.001279488303
3659	3.814711134e-15
3660	3.814711134e-15
3661	0.005654216917
3662	0.009805792204
3663	0.003752295144
3664	0.004118470299
3665	0.0003523459403
3666	0.004705769872
3667	0.001213656127
3668	1.21253406e-05
3669	0.001060924541
3670	1.36239782e-06
3671	0.000778464526
3672	0.003197050169
3673	0.002765447123
3674	0.0004959473579
3675	0.001528365335
3676	0.001665820844
3677	0.002610356538
3678	0.00138542682
3679	0.0055541951
3680	0.001725123689
3681	0.001614461018
3682	0.002221802528
3683	0.001770901786
3684	6.94822888e-06
3685	0.004128528509
3686	0.002500099959
3687	0.001570321366
3688	0.002437381561
3689	0.006661856394
3690	2.032243416e-05
3691	0.002504811253
3692	0.007540561995
3693	0.001212406733
3694	0.001491530451
3695	0.0003578901675
3696	0.001829491842
3697	1.457222165e-05
3698	0.0003213211146
3699	0.004247960755
3700	0.001419341127
3701	0.003382731975
3702	0.001404988852
3703	0.0009551988868
3704	0.003538650272
3705	0.0003914819347
3706	0.004153071537
3707	0.004751371671
3708	0.001160159201
3709	0.0001325039902
3710	0.006926239021
3711	0.0006786325168
3712	0.00476935249
3713	0.002338454786
3714	0.0002846144122
3715	0.005358560285
3716	0.0006038036683
3717	0.001939244264
3718	0.00270387862
3719	0.001153181473
3720	0.001102645415
3721	0.001740661324
3722	0.002031105509
3723	0.006247571237
3724	0.0001507691601
3725	0.001053552689
3726	2.72479567e-07
3727	2.72479567e-07
3728	8.174386884e-07
3729	8.174386884e-07
3730	0.002081452414
3731	0.0007208306951
3732	0.0002907414668
3733	0.002576865403
3734	0.002510376846
3735	0.001942818686
3736	0.0004286238644
3737	0.004180130303
3738	0.001193884861
3739	3.950953706e-06
3740	0.001953961647
3741	0.00014865941
3742	0.000946032648
3743	0.001546920901
3744	0.001376048666
3745	0.001100952487
3746	0.001094403712
3747	0.002265652495
3748	2.997275166e-06
3749	2.997275166e-06
3750	0.001052090615
3751	1.226158035e-06
3752	0.001315958957
3753	0.0007151057212
3754	0.00362933046
3755	0.003106805618
3756	0.00234657337
3757	0.003818316275
3758	0.0003540453979
3759	0.001642866017
3760	0.003499994596
3761	0.004763486416
3762	0.001324826563
3763	9.048956921e-05
3764	0.002162597041
3765	0.00200976149
3766	0.0007871840336
3767	0.0001000378067
3768	0.0008393677948
3769	0.001337510551
3770	2.72479568e-07
3771	2.72479568e-07
3772	0.001465451664
3773	0.001564435764
3774	0.001689948696
3775	0.0006114534487
3776	1.662125339e-05
3777	5.994550405e-06
3778	5.994550405e-06
3779	0.001515588771
3780	0.001344560995
3781	0.0004208211578
3782	0.0005925663523
3783	0.000123408918
3784	0.001507401549
3785	0.0005986192785
3786	0.00173567408
3787	0.0005511329094
3788	1.362397816e-06
3789	1.362397816e-06
3790	0.0003562349104
3791	0.003156452439
3792	0.001930273634
3793	0.0008409268632
3794	0.004162152552
3795	0.009043611177
3796	0.0005100687071
3797	0.001296158531
3798	0.004335412764
3799	0.001885956575
3800	0.0006145576185
3801	0.002584337433
3802	0.002511619965
3803	0.0003198086732
3804	0.002437077232
3805	4.468661227e-14
3806	0.001538383459
3807	0.001147849167
3808	0.0008685288897
3809	0.001519893515
3810	0.007899196564
3811	0.0007586649904
3812	0.001100198913
3813	0.003386976597
3814	0.002169637748
3815	0.001258842658
3816	8.174386933e-07
3817	2.588555858e-06
3818	0.0009311508742
3819	0.00432853812
3820	0.005035181642
3821	0.000311998457
3822	0.001825059719
3823	0.0003108952064
3824	0.003487855123
3825	0.0001781294914
3826	0.0003613356698
3827	0.0004158833497
3828	0.001709209124
3829	0.0008346364859
3830	7.108767648e-06
3831	0.001105458666
3832	0.0004807966841
3833	0.0006734136722
3834	0.003037354812
3835	0.0001977210008
3836	0.0008805226964
3837	2.724795946e-07
3838	2.724795946e-07
3839	0.001477202374
3840	0.001614088256
3841	0.005900966223
3842	0.006627773233
3843	0.002153869845
3844	0.0001768279838
3845	0.002947454765
3846	0.004831320567
3847	0.003332751971
3848	0.003301221304
3849	0.004164961022
3850	0.0005976176483
3851	0.0007940667918
3852	0.0002832114476
3853	0.0007156444699
3854	0.001005251223
3855	0.0008133436846
3856	1.573350855e-05
3857	0.003972164552
3858	0.001886486932
3859	6.732012416e-05
3860	0.006404913543
3861	0.003336589411
3862	0.00196009163
3863	0.0009576683186
3864	0.001806901451
3865	0.002780367415
3866	0.001302331509
3867	0.0003971013166
3868	0.004997222977
3869	0.0002504931185
3870	0.003708523211
3871	0.001828165921
3872	0.0001992382534
3873	0.0001296696087
3874	0.000223010068
3875	0.000921998489
3876	0.002301830035
3877	0.002367453752
3878	0.002456466471
3879	0.002109592287
3880	9.536784701e-07
3881	0.002320603557
3882	6.357856633e-07
3883	0.0002574750166
3884	0.001236701919
3885	0.001612874961
3886	0.002353386043
3887	0.002765705686
3888	0.001038772433
3889	2.47502275e-06
3890	0.001778147105
3891	0.001851322896
3892	0.001078232714
3893	0.001327045808
3894	2.18975053e-05
3895	0.001105856319
3896	0.002804132089
3897	0.001278464751
3898	1.117166213e-05
3899	1.335149863e-05
3900	0.001890170245
3901	0.0007573101186
3902	0.002066433855
3903	0.001447237449
3904	0.005803023673
3905	0.002182306691
3906	0.001135616069
3907	0.001904516997
3908	0.0007755436196
3909	0.003922941144
3910	0.0008042221812
3911	1.362397817e-06
3912	1.362397817e-06
3913	0.003406552046
3914	0.00141266983
3915	2.214999354e-05
3916	0.003106463439
3917	3.764759307e-05
3918	0.001974142411
3919	0.001784588583
3920	0.001840938426
3921	0.002889785701
3922	0.0002983317329
3923	0.007826068023
3924	0.0003489570174
3925	2.588555829e-06
3926	0.0007998627526
3927	0.00207699681
3928	1.226158051e-06
3929	0.004066553457
3930	0.002841059708
3931	0.002923128192
3932	4.977293366e-05
3933	1.21008617e-05
3934	0.0003075313449
3935	5.354223434e-05
3936	0.001962314016
3937	0.004717344094
3938	0.003741256797
3939	0.0008906733417
3940	7.629427757e-06
3941	0.0002472075302
3942	0.004188918333
3943	0.004571630196
3944	0.0003084864884
3945	0.004810315269
3946	0.0001910554315
3947	0.0007323346748
3948	0.002413204494
3949	0.0007669613716
3950	6.76920294e-05
3951	0.002794180156
3952	0.001992887734
3953	0.0006563230795
3954	0.008116773939
3955	0.0008117680184
3956	0.002852074574
3957	0.003555391086
3958	0.000284740119
3959	3.900315983e-05
3960	0.002848206546
3961	0.0007477840248
3962	5.955337171e-06
3963	0.0005484940286
3964	0.003347530317
3965	2.72479564e-07
3966	1.362397807e-06
3967	0.00436784496
3968	0.003458745442
3969	0.0007757926525
3970	0.0003125374801
3971	0.0002340296202
3972	0.002715143106
3973	0.002699209034
3974	0.003191524192
3975	0.002409102674
3976	0.003297696506
3977	2.997275235e-06
3978	2.997275235e-06
3979	0.001842292671
3980	0.001194497213
3981	7.720254799e-07
3982	1.407811051e-06
3983	0.0001673111164
3984	0.0005804086812
3985	0.002421528817
3986	0.004804908861
3987	0.002857518262
3988	0.006994318364
3989	0.003288467666
3990	0.0001298427231
3991	0.001915628274
3992	0.0001393785703
3993	0.003177564717
3994	0.0001707605182
3995	0.0007271995817
3996	0.0001736971745
3997	0.001132330974
3998	0.009294710081
3999	0.003355465088
4000	0.001929676989
4001	0.001200289133
4002	0.001110154469
4003	0.0009531585343
4004	0.0006212703938
4005	0.000901280847
4006	0.0004639753044
4007	0.000348990478
4008	0.001716874717
4009	0.005028946267
4010	0.002218201802
4011	0.0009974199152
4012	0.008596837507
4013	0.0006792472551
4014	0.0009598486762
4015	6.539509536e-06
4016	1.171662122e-05
4017	0.003218769553
4018	0.00233934516
4019	0.001662219578
4020	0.003149379301
4021	0.002758220611
4022	0.0003577025497
4023	0.000754831037
4024	0.002442532013
4025	0.0006748723543
4026	1.267029969e-05
4027	6.811989142e-06
4028	0.0005549961706
4029	0.001893630154
4030	0.004938054524
4031	0.002856068483
4032	0.005079326395
4033	0.001020680909
4034	0.001431616858
4035	0.002965669542
4036	0.001241874245
4037	0.002054543249
4038	0.0001432683151
4039	0.007185965693
4040	0.001737706203
4041	0.001531810099
4042	0.0007703176342
4043	0.002347527691
4044	0.003006275337
4045	0.002941083533
4046	0.001282112105
4047	0.001988068639
4048	0.001165101217
4049	5.449591285e-06
4050	3.269754769e-06
4051	0.00166335604
4052	0.002885080585
4053	0.0003136131187
4054	0.0002723738341
4055	0.005298246206
4056	0.000447149759
4057	0.00227772733
4058	0.001437275834
4059	0.0001270978207
4060	0.002304368984
4061	0.002523335414
4062	0.002276551001
4063	0.002209448305
4064	0.003174560795
4065	0.003446100242
4066	0.001224939245
4067	6.321389556e-05
4068	0.00444205362
4069	0.0003138771114
4070	4.692228552e-05
4071	0.0008368436939
4072	0.002874616817
4073	0.003410983814
4074	0.0007450824344
4075	0.005236052654
4076	0.001049647959
4077	0.0005964468927
4078	0.0004694526419
4079	0.004023491993
4080	0.001783253692
4081	0.001385254115
4082	8.17438691e-07
4083	8.17438691e-07
4084	0.004357913343
4085	9.488741881e-05
4086	0.002056196399
4087	0.001714377998
4088	0.001189236989
4089	0.001424536461
4090	0.001657573977
4091	0.006699734867
4092	0.0003191652647
4093	0.001598758778
4094	0.003934833457
4095	0.001453422459
4096	0.00156850249
4097	0.0009474506175
4098	0.001365790412
4099	0.006691733717
4100	0.003197563507
4101	7.356948216e-06
4102	5.994550359e-06
4103	0.0005583581233
4104	0.0005585195694
4105	6.81198908e-07
4106	1.362397816e-06
4107	0.002773586899
4108	0.003005972171
4109	0.0009163271614
4110	0.004387476059
4111	0.001829471219
4112	0.0005573716239
4113	0.002341105931
4114	0.005729125785
4115	0.002882110537
4116	0.0002218997166
4117	0.003891121656
4118	0.001339780548
4119	0.0006089078699
4120	0.002566189744
4121	5.313351499e-06
4122	0.0005679422009
4123	0.0002083911216
4124	0.0002591854123
4125	0.001728685989
4126	0.002988341239
4127	7.738904172e-05
4128	0.001342189329
4129	1.604634834e-05
4130	0.001344144622
4131	0.0004437594675
4132	0.002227743763
4133	2.067067955e-05
4134	0.004951307655
4135	0.001885266769
4136	0.004173678816
4137	0.00391101557
4138	0.001762546151
4139	0.001824171858
4140	0.002132408107
4141	0.000290979493
4142	0.001611191645
4143	0.0005320201421
4144	0.0006548128904
4145	6.109240274e-05
4146	0.0001819236303
4147	0.001499954131
4148	0.0007187484755
4149	0.007270385537
4150	0.001102624571
4151	2.379006057e-06
4152	0.002060684057
4153	0.0009103052749
4154	0.002751881388
4155	0.005710990691
4156	0.00172707629
4157	5.944264493e-06
4158	0.0005784272665
4159	0.001129600034
4160	0.007044669479
4161	0.001723470215
4162	0.004245063243
4163	0.002969161376
4164	0.001725852406
4165	2.724796139e-07
4166	2.724796139e-07
4167	0.0004621115143
4168	0.002393980805
4169	0.0002190906155
4170	0.00519862758
4171	0.000412503788
4172	0.005017972092
4173	0.002611066426
4174	2.316076297e-06
4175	1.36239782e-06
4176	1.362397795e-06
4177	4.904632104e-06
4178	0.00294068709
4179	0.002855770673
4180	0.00258647096
4181	0.003058780305
4182	0.00112134674
4183	0.006336039098
4184	0.0009744901263
4185	3.405994563e-06
4186	0.0008751256967
4187	2.631698451e-05
4188	0.001372350211
4189	0.001823743847
4190	0.0015269011
4191	3.26975477e-06
4192	3.26975477e-06
4193	0.0003770451567
4194	0.001471305631
4195	0.0008828523828
4196	0.0006979499629
4197	0.0007238951478
4198	0.003292380459
4199	0.00368537445
4200	0.002706020559
4201	0.000259252862
4202	0.00116177125
4203	0.003727617876
4204	0.0004269575301
4205	0.005682311381
4206	0.002088727746
4207	0.0006642074483
4208	0.003544169664
4209	0.0005255530369
4210	0.0007143068558
4211	0.0006295174518
4212	0.005397383728
4213	0.001813338783
4214	0.001585032955
4215	0.001951479966
4216	0.003225001287
4217	0.0009407183397
4218	0.004440109566
4219	0.002016678671
4220	0.0008430391401
4221	0.0004048184214
4222	0.004785223281
4223	0.00140023782
4224	0.007442653573
4225	0.003545883893
4226	1.818298183e-05
4227	0.0006003934769
4228	0.001552444516
4229	0.002316625249
4230	0.008682631631
4231	0.005251563733
4232	0.001911246991
4233	8.413817718e-05
4234	1.089918258e-06
4235	0.001907186798
4236	0.0004304421081
4237	0.0009637523639
4238	0.002204862862
4239	0.0001962589992
4240	0.001229401002
4241	0.001870270151
4242	0.001842198732
4243	1.471389644e-05
4244	0.0002128901708
4245	0.0005044742484
4246	0.003305265496
4247	0.0001888733745
4248	0.008386048828
4249	0.0001134333049
4250	0.0004072774885
4251	0.0007408573648
4252	0.005469381117
4253	0.002004414352
4254	0.0008455481432
4255	2.72479564e-06
4256	2.861035376e-06
4257	0.002508508723
4258	0.0009973024943
4259	0.001401194977
4260	6.30018741e-05
4261	0.001230027995
4262	0.006238300814
4263	0.0001521110176
4264	0.0004848121903
4265	0.001043261304
4266	0.003432147134
4267	0.0003818259288
4268	0.0006815618134
4269	0.0006728045488
4270	0.0007394941023
4271	0.001726816238
4272	0.003441011198
4273	0.001731691383
4274	0.001614557634
4275	0.003331369166
4276	1.226158038e-05
4277	0.00307454179
4278	0.004555911901
4279	8.537693002e-06
4280	0.0003353830957
4281	0.005294052316
4282	0.0003433047065
4283	0.003514747498
4284	0.0008012827982
4285	0.003684612092
4286	0.001746555726
4287	0.007718255414
4288	0.001125958964
4289	3.542234361e-06
4290	1.36239787e-06
4291	0.00292331147
4292	0.001983430782
4293	0.005766846211
4294	0.001591006165
4295	0.003863558135
4296	0.0027082393
4297	0.0002123646184
4298	0.003218974304
4299	1.348773842e-05
4300	0.003959590703
4301	0.001951885627
4302	0.001941648316
4303	0.004988904658
4304	0.002539064627
4305	0.00119475529
4306	3.002529809e-05
4307	0.002161674071
4308	0.003571702186
4309	0.002403578999
4310	0.004174978829
4311	0.001368698623
4312	0.003054439055
4313	0.004639495363
4314	5.086285228e-06
4315	0.0009286465295
4316	0.0007057299566
4317	0.0007364491791
4318	0.006799765767
4319	0.003041582046
4320	0.0007379242314
4321	0.003082856409
4322	0.002033662366
4323	0.001214111666
4324	0.0006827486836
4325	0.001924337421
4326	0.001878185188
4327	0.0001745710854
4328	0.0008588179766
4329	0.0001689781995
4330	0.004769305351
4331	0.0001700127877
4332	0.001686585081
4333	4.791860605e-05
4334	0.001320054965
4335	0.002975048797
4336	0.001286512693
4337	0.00283416879
4338	0.002336120899
4339	0.001594954461
4340	0.0005553584458
4341	0.0007616278938
4342	0.002765222139
4343	0.001492240683
4344	0.001358985109
4345	8.195979618e-05
4346	0.00123288897
4347	0.001810943723
4348	0.006758315046
4349	0.001130301797
4350	0.0001205784969
4351	0.001067823574
4352	0.001824490453
4353	0.001603090196
4354	0.001837228714
4355	4.190727957e-05
4356	0.0008366979676
4357	0.001332140504
4358	0.002821483075
4359	0.0051487634
4360	0.002204225084
4361	0.005573137519
4362	0.0001766169782
4363	0.005824379054
4364	0.001026902568
4365	0.001008769654
4366	0.005346057457
4367	0.001849894167
4368	0.001677753629
4369	4.632152591e-06
4370	4.632152591e-06
4371	1.457765667e-05
4372	3.351493887e-14
4373	3.405994505e-06
4374	0.00304601708
4375	0.0009957061081
4376	0.0007934125825
4377	0.0004805041653
4378	0.00137872286
4379	0.001494028531
4380	4.314259506e-07
4381	0.0004620912766
4382	0.0008832215011
4383	0.0006202238369
4384	0.001335337125
4385	0.001548108523
4386	0.0002882596467
4387	0.001134662015
4388	7.291800904e-05
4389	0.001008996213
4390	0.003353565428
4391	0.007744044256
4392	0.0008754228214
4393	0.001071123189
4394	0.003194586112
4395	0.002571654233
4396	0.0020214835
4397	0.001763615734
4398	0.001572526147
4399	0.001329478103
4400	0.001849882528
4401	0.0008778164218
4402	4.178020008e-06
4403	4.995458689e-06
4404	0.007406423214
4405	0.003688638688
4406	0.002263271704
4407	0.0009529015069
4408	0.004545172713
4409	0.0007641309494
4410	0.0002252031143
4411	0.0007155803839
4412	0.003479717173
4413	0.0003566400772
4414	0.0007564139484
4415	0.003222323131
4416	0.0008543059256
4417	0.0001216865164
4418	0.002248050211
4419	0.001728877825
4420	0.0002728338716
4421	8.310626698e-06
4422	0.002337823922
4423	0.0009027254408
4424	0.0002478144976
4425	0.004038396733
4426	0.004418954096
4427	0.001113678946
4428	0.003760046335
4429	0.004607644457
4430	0.002505951047
4431	0.002482823677
4432	4.174419745e-05
4433	0.01019178443
4434	0.001427686309
4435	2.043596717e-06
4436	3.119891009e-05
4437	0.001387320873
4438	0.006749810338
4439	0.001981138311
4440	0.001734740967
4441	0.000430872587
4442	0.0005155204444
4443	0.001241576347
4444	1.471389645e-05
4445	0.0001503596773
4446	0.005071593241
4447	0.000864807315
4448	0.001094580485
4449	0.0007314259662
4450	0.0006095072743
4451	1.498637603e-05
4452	0.008914030343
4453	0.001890556832
4454	2.724795641e-06
4455	2.724795641e-06
4456	0.0009144783112
4457	0.002368475934
4458	0.001734231486
4459	0.0001354882009
4460	0.0006356463081
4461	9.991339004e-05
4462	0.002430563125
4463	0.0009079141187
4464	0.001309675595
4465	0.00142105382
4466	0.004471976593
4467	0.002633582594
4468	0.000465146557
4469	0.0007184307349
4470	0.003253699453
4471	0.000449155583
4472	0.002500121965
4473	0.001110276723
4474	0.0008426352812
4475	0.0002175980079
4476	0.005495516364
4477	0.001564254103
4478	0.0005957888994
4479	0.005559956998
4480	0.007278076129
4481	0.005453310542
4482	0.003383709439
4483	2.724795643e-06
4484	2.724795643e-06
4485	0.0005510236947
4486	0.000667368292
4487	0.0009545895281
4488	0.001002473751
4489	0.002065595464
4490	0.002636297521
4491	0.003386859503
4492	0.0003577312823
4493	0.002590703535
4494	0.001164892148
4495	0.00523106579
4496	0.0025917999
4497	0.003716871508
4498	0.000820213887
4499	0.001814772662
4500	0.0004710811643
4501	0.005494478655
4502	2.463156894e-05
4503	0.003924089107
4504	0.0001816809932
4505	2.724795643e-06
4506	2.724795643e-06
4507	0.001200086535
4508	0.001282023646
4509	0.003272977668
4510	0.000383256568
4511	0.0005155355014
4512	0.0002468525016
4513	0.004381988131
4514	0.000546970927
4515	0.001220705563
4516	2.724795642e-06
4517	0.004583610362
4518	0.0002148491515
4519	0.00031791783
4520	0.0006247898468
4521	0.003656307371
4522	0.0032503257
4523	0.00396519923
4524	0.0003612441524
4525	7.559418192e-05
4526	0.005328132011
4527	0.001274439938
4528	0.002301472825
4529	0.000142456171
4530	0.00155212169
4531	0.000125999454
4532	0.0002154817477
4533	0.0008584109223
4534	0.001758345034
4535	0.0001398159126
4536	3.950953679e-06
4537	0.004019591895
4538	0.0004631306697
4539	0.00035544614
4540	0.001518833528
4541	0.001013206837
4542	0.0004149166255
4543	0.002788048264
4544	0.0003061127643
4545	1.597735807e-05
4546	0.003880845561
4547	0.0004016196303
4548	0.0002865582661
4549	3.581086935e-05
4550	0.002054032813
4551	0.0005396604289
4552	0.003645375954
4553	0.002809060108
4554	0.001328851898
4555	0.004483862089
4556	0.0009212907733
4557	0.0007204322463
4558	0.001959050411
4559	0.002115349839
4560	0.0004058698646
4561	3.474114437e-05
4562	0.00133235338
4563	2.724795669e-07
4564	2.724795669e-07
4565	0.0008220131128
4566	0.0004009617633
4567	0.004126426331
4568	0.001293231122
4569	0.002899702579
4570	0.00200112326
4571	0.00231763864
4572	0.003579101528
4573	0.0006044095821
4574	0.002937839872
4575	0.004990086165
4576	0.002261894628
4577	0.004831162447
4578	0.002718458692
4579	0.0001939923097
4580	0.006355654604
4581	0.001537158947
4582	0.003185237401
4583	0.002755342515
4584	0.0004772168117
4585	0.002969916627
4586	1.6264888e-05
4587	0.003379235575
4588	6.539509539e-06
4589	0.002791416686
4590	0.00545607239
4591	0.006578717077
4592	0.000301857612
4593	0.0002673829571
4594	0.00184194426
4595	0.003644739314
4596	0.002677168624
4597	0.004670080605
4598	0.0008641899004
4599	0.0009229738359
4600	0.000651104816
4601	0.001595713504
4602	1.416893771e-05
4603	0.002055717471
4604	1.130790191e-05
4605	0.005399702412
4606	0.002293889694
4607	0.001927405235
4608	0.001298042109
4609	0.00108292207
4610	0.00285761597
4611	0.002019815511
4612	0.001051652652
4613	0.002409531883
4614	0.001892669719
4615	0.003688312504
4616	0.001506828425
4617	0.001818359227
4618	0.0002817674955
4619	0.003669116382
4620	0
4621	0.00365245574
4622	0.001499477934
4623	0.0007451298165
4624	0.0001861536692
4625	0.0001995895899
4626	0.001036531633
4627	0.0003885019543
4628	0.001852365321
4629	0.003957405379
4630	1.86648501e-05
4631	0.0009455674665
4632	0.002362512002
4633	4.087193412e-06
4634	0.001951167615
4635	2.452316046e-06
4636	2.452316046e-06
4637	0.001360661518
4638	0.00127764813
4639	0.0002595532009
4640	0.0002472453643
4641	2.58855586e-06
4642	6.811989102e-06
4643	6.811989102e-06
4644	0.0008664179142
4645	0.005833456523
4646	0.0002965907469
4647	1.634877389e-06
4648	1.634877389e-06
4649	0.003427874595
4650	0.0007141737156
4651	0.001246935304
4652	0.002614627066
4653	0.001625587937
4654	0.001040622949
4655	0.0001448350655
4656	0.001626665931
4657	0.00010084684
4658	0.002534369042
4659	0.001303568003
4660	0.002731976265
4661	0.003981542313
4662	0.003724366233
4663	0.001084430577
4664	4.366809399e-06
4665	1.18074478e-05
4666	0.002665052993
4667	0.002524871686
4668	0.002939185984
4669	0.004174978307
4670	0.0006910035645
4671	0.001999870582
4672	0.0008923875983
4673	0.0013515685
4674	0.001966053549
4675	0.002965491267
4676	0.004245844423
4677	0.006026430982
4678	0.002417017912
4679	0.001881692757
4680	0.00328502422
4681	0.002836353849
4682	0.0001626278952
4683	0.002762659671
4684	0.002000384018
4685	0.003093318034
4686	5.632537714e-05
4687	0.002135011921
4688	0.001841057834
4689	0.006798649758
4690	0.0002811585357
4691	0.001721826773
4692	0.00490410497
4693	0.003339024147
4694	0.0002451148619
4695	0.01073974013
4696	0.009530459495
4697	0.0004933079852
4698	0.000353532436
4699	0.0013255614
4700	0.0006505841716
4701	0.000148603937
4702	2.883794599e-05
4703	0.005314312102
4704	0.002127447674
4705	0.001670063115
4706	0.001443345172
4707	2.207084465e-05
4708	0.003233093578
4709	0.0012380078
4710	0.001083776925
4711	0.001518825888
4712	0.005493710674
4713	0.002529293165
4714	0.0006825830568
4715	0.001132180085
4716	0.00250454738
4717	0.0001936179225
4718	0.001547463656
4719	0.001011619207
4720	0.000624145829
4721	0.001947558434
4722	0.005411784351
4723	7.493188015e-06
4724	0.003640087088
4725	0.0001601856629
4726	1.986830109e-05
4727	0.003777673695
4728	0.003200135048
4729	1.525885554e-05
4730	0.002696136837
4731	8.181391636e-05
4732	0.008054839425
4733	0.006472247627
4734	0.001283729362
4735	1.920980931e-05
4736	2.057220705e-05
4737	0.000898103331
4738	0.001814666003
4739	7.657783939e-05
4740	0.003743783163
4741	0.002200400518
4742	0.0009216990278
4743	0.003014896307
4744	0.001048650514
4745	0.0007345310087
4746	0.003384170138
4747	0.00194696402
4748	0.0008681814785
4749	0.00135477906
4750	2.8875735e-05
4751	2.270663032e-06
4752	0.001299867099
4753	0.001716594451
4754	0.002930311977
4755	0.001098568837
4756	0.0006148509501
4757	1.662125341e-05
4758	0.004635066206
4759	4.904632155e-06
4760	4.904632155e-06
4761	0.004572154067
4762	0.005874623625
4763	0.0008876165516
4764	0.0003876084067
4765	0.001239777585
4766	0.0005663704816
4767	0.00358806273
4768	0.002331563146
4769	0.0007755097752
4770	0.001478371935
4771	0.003947001417
4772	0.005013683929
4773	0.0009622547502
4774	0.002672799164
4775	0.005575319816
4776	0.001752142173
4777	0.001367443412
4778	0.001490916417
4779	0.003513722285
4780	0.001602927846
4781	2.166212534e-05
4782	0.0001465657533
4783	0.002049393377
4784	0.001725201888
4785	0.002183905235
4786	0.002275073248
4787	0.001010611435
4788	0.005340842633
4789	0.003283537164
4790	0.002262347034
4791	0.001501934757
4792	0.001954431475
4793	0.005628449831
4794	0.003536675343
4795	0.002151660538
4796	0.00129235353
4797	0.001607245006
4798	0.0007745419322
4799	0.003718090518
4800	0.00122542328
4801	0.0003227323673
4802	0.001727440562
4803	6.675749315e-06
4804	0.004170113598
4805	0.000152875248
4806	0.001061808647
4807	0.0006512913701
4808	0.003206404596
4809	0.006035125092
4810	0.0002959043839
4811	0.003976213907
4812	0.003641224459
4813	0.006536485399
4814	0.002169478649
4815	0.001018868314
4816	2.776372132e-05
4817	0.0005927469569
4818	0.001550181043
4819	0.002174723189
4820	0.0007628926889
4821	4.22343324e-06
4822	1.307901905e-05
4823	0.005176774473
4824	0.0003804053973
4825	0.005387036068
4826	0.005175701787
4827	4.105358763e-05
4828	0.001306441598
4829	0.001024414897
4830	0.001726966519
4831	2.270663038e-06
4832	4.586739327e-06
4833	6.130790194e-06
4834	4.904632119e-06
4835	0.00506495435
4836	0.001870987167
4837	0.0001353379803
4838	1.839237062e-05
4839	0.001019559651
4840	0.0001326042356
4841	0.003184834273
4842	0.0002844600853
4843	0.000260728433
4844	0.002766785367
4845	0.0003612077264
4846	0.0006284647426
4847	0.004874887171
4848	0.003075710814
4849	0.001537611295
4850	0.001469041096
4851	0.002494691247
4852	0.0005562050392
4853	0.0008025657537
4854	3.295899829e-05
4855	0.002253220438
4856	0.0007577624709
4857	0.000556609127
4858	0.003955161459
4859	0.003706119322
4860	0.003694640841
4861	0.004605715464
4862	0.0001495706645
4863	2.72479546e-07
4864	0.001178136836
4865	0.0002168518968
4866	0.0009089857995
4867	0.001179680394
4868	0.0009625885967
4869	0.003073246301
4870	0.001206674656
4871	0.001674713952
4872	0.007460735855
4873	0.007351478025
4874	0.004583482223
4875	0.001723781094
4876	0.001633792856
4877	0.002015392098
4878	0.002035319401
4879	8.310626707e-06
4880	1.171662125e-05
4881	0.00164835058
4882	0.00414284581
4883	0.001933977279
4884	0.003515388015
4885	0.001000352303
4886	0.001039405153
4887	0.0005778739895
4888	0.00150281703
4889	0.002177218997
4890	0.004631128279
4891	0.003532975217
4892	0.0006396023518
4893	0.004135597535
4894	0.002928694541
4895	0.0006972226514
4896	0.000817076715
4897	0.002311214574
4898	0.005329565047
4899	0.001267816127
4900	0.0005814421113
4901	2.722524978e-05
4902	0.001718612057
4903	0.0006630946966
4904	0.002001110717
4905	4.223433193e-05
4906	0.004166107498
4907	0.002575082336
4908	2.452316057e-06
4909	0.0003912951799
4910	0.006457385919
4911	0.0007195432613
4912	0.001339671395
4913	0.001694533358
4914	0.0001224369449
4915	0.004088019054
4916	0.0006317403962
4917	0.002268673202
4918	0.0009202613216
4919	0.002050252463
4920	0.001962899958
4921	8.673932798e-06
4922	0.003925483357
4923	0.0006607233913
4924	0.004603433029
4925	4.495912836e-06
4926	8.174386589e-07
4927	1.335149863e-05
4928	1.335149863e-05
4929	0.0005158774317
4930	0.000726091706
4931	0.001745006061
4932	0.0006565057204
4933	0.000216880719
4934	0.005601924965
4935	0.000370662487
4936	0.002753945645
4937	1.135987556e-05
4938	0.0007162123363
4939	0.0001761929943
4940	3.814713936e-06
4941	3.814713936e-06
4942	0.004251778823
4943	0.003361689048
4944	0.003316429868
4945	0.001660384299
4946	0.0008722374323
4947	0.002724409955
4948	0.0002935954036
4949	0.003834952192
4950	0.003399425132
4951	0.001722596468
4952	0.0008801331584
4953	0.0006822420911
4954	0.002976513977
4955	0.003902003801
4956	0.0008023834439
4957	0.0002887764969
4958	0.001624046522
4959	0.0001024015677
4960	0.002250092764
4961	0.001491631013
4962	0.002649847308
4963	8.654274979e-05
4964	0.0007067440108
4965	0.00141448811
4966	0.001955757505
4967	0.0002907076839
4968	0.0006363139216
4969	0.0006030875802
4970	0.001595897897
4971	0.007833918323
4972	0.003367271826
4973	0.002069395003
4974	0.004600712545
4975	0.003532518082
4976	0.001301250662
4977	9.815653264e-05
4978	0.001810148777
4979	0.002361238151
4980	1.112624906e-06
4981	0.0003185380073
4982	0.002628755518
4983	0.0002481464908
4984	0.001668731046
4985	0.003675750545
4986	0.001008046409
4987	0.000162495921
4988	0.006518765702
4989	0.005227771953
4990	0.0003572532994
4991	0.001246344202
4992	0.002996509148
4993	0.0002475639276
4994	0.003139754674
4995	0.002181262025
4996	0.0004360921344
4997	0.001925894717
4998	0.0007500098827
4999	0.001419983263
5000	0.001922870491
5001	0.001009147783
5002	0.00512124577
5003	0.003574735513
5004	0.001571405813
5005	0.0001014872591
5006	0.001750320529
5007	0.001871514257
5008	0.002853341423
5009	0.002583083283
5010	0.0008823749792
5011	0.003755410804
5012	5.449591279e-06
5013	3.950953678e-06
5014	0.002304306559
5015	0.001556673732
5016	0.0006108714663
5017	0.000298738561
5018	0.001495186206
5019	0.0003752855787
5020	0.004156966737
5021	0.0007418414502
5022	0.001122093337
5023	0.004292012854
5024	0.002627883144
5025	0.004083678235
5026	0.001408549799
5027	0.0001394808462
5028	0.0006960778941
5029	0.002752870362
5030	0.003032872547
5031	0.000745875221
5032	0.0006802562205
5033	0.0004771131858
5034	0.002837140757
5035	0.001145716578
5036	0.00290079879
5037	0.0002475782966
5038	0.001777317629
5039	0.001017225767
5040	0.001584763605
5041	0.0003639960257
5042	0.004656209084
5043	0.00134144537
5044	0.0007307217046
5045	0.0004568423261
5046	5.882259828e-05
5047	0.003679559163
5048	0.0009690520745
5049	0.001477162531
5050	0.001773759691
5051	0.002163800325
5052	0.0006536572868
5053	0.001941200994
5054	0.0002440730009
5055	0.0007907339667
5056	6.836497694e-05
5057	0.001292398192
5058	0.001099481262
5059	0.002552425152
5060	0.001438757089
5061	5.324880913e-05
5062	0.0008227717462
5063	0.002806155848
5064	1.33514986e-06
5065	5.063712608e-05
5066	0.002532063392
5067	0.0009107752664
5068	0.0009823281466
5069	0.002817953578
5070	0.001903603724
5071	0.007564264952
5072	0.003473133378
5073	0.002465026468
5074	0.001628878656
5075	0.003496105423
5076	0.0001778784434
5077	0.000747140131
5078	0.001200349182
5079	0.003896023456
5080	0.001118986196
5081	0.00153363726
5082	0.001236565485
5083	0.0009318888609
5084	0.001887934325
5085	0.0002767171229
5086	0.00355195847
5087	0.002284752511
5088	0.001068892948
5089	0.003471815729
5090	0.002352262827
5091	0.003333335853
5092	0.00292523159
5093	0.005491786013
5094	0.003677747326
5095	0.002787187893
5096	0.01284604703
5097	0.0009604048921
5098	0.004519499993
5099	0.0004066838624
5100	0.001997276851
5101	0.00119741222
5102	0.0003780505915
5103	0.003690712134
5104	0.001269991145
5105	0.00364563025
5106	0.00264929177
5107	0.002711625498
5108	0.0001765977904
5109	0.0005454735413
5110	0.0007505755615
5111	0.001353829443
5112	0.00317732989
5113	5.449591322e-07
5114	5.449591322e-07
5115	0.0008267828632
5116	0.003635429434
5117	4.632152591e-06
5118	4.632152591e-06
5119	0.001425324447
5120	0.002172160336
5121	9.536784872e-07
5122	1.63487741e-06
5123	0.001779365109
5124	5.201375373e-05
5125	0.00413646649
5126	0.0006147977818
5127	0.0009810816185
5128	0.0005290078118
5129	4.087193462e-06
5130	4.087193462e-06
5131	0.001538628648
5132	0.00436692895
5133	0.001410923416
5134	0.0007176756528
5135	0.0006417247256
5136	0.001141825065
5137	0.0005295979821
5138	0.0005912324046
5139	0.0001541298496
5140	0.000389040645
5141	3.015440505e-05
5142	0.0005811812272
5143	0.001487577478
5144	0.0008837173665
5145	0.005885792024
5146	0.0008482528377
5147	0.0005598776049
5148	0.001015669636
5149	1.634877395e-06
5150	1.634877395e-06
5151	0.002056066011
5152	0.006524644376
5153	0.002191075365
5154	0.003429491938
5155	0.0007890637332
5156	0.004679604788
5157	1.362398172e-07
5158	9.809264302e-06
5159	9.809264302e-06
5160	0.0005769109844
5161	0.00804120299
5162	0.001344917492
5163	0.001480610746
5164	0.002416018068
5165	0.004304965985
5166	0.0006179326988
5167	0.00419503606
5168	0.0001448116396
5169	0.001347735523
5170	0.004805074023
5171	4.888205802e-05
5172	0.00680512399
5173	5.767484163e-06
5174	0.003272821391
5175	1.697854481e-05
5176	0.0009642521505
5177	0.001055372289
5178	0.0005058633843
5179	0.003565037976
5180	0.003550696575
5181	0.002713191308
5182	0.0004879518624
5183	0.002130212156
5184	0.003739433206
5185	8.174386919e-06
5186	7.901907404e-06
5187	0.002423506085
5188	0.0008377856105
5189	0.004688075396
5190	0.003325157099
5191	0.0001485053423
5192	0.000328811619
5193	5.56766576e-05
5194	0.000714568135
5195	6.40073207e-05
5196	0.004960606298
5197	0.003224647397
5198	0.003256934158
5199	0.003182436262
5200	0.00568626463
5201	0.004319160092
5202	0.002853787726
5203	0.0008822433178
5204	0.001315806872
5205	0.002220233784
5206	0.0008795351297
5207	0.004352441243
5208	0.001417549552
5209	0.006242834982
5210	0.002098592607
5211	0.002232198024
5212	0.0028585202
5213	0.002231655173
5214	0.001164086431
5215	0.002271920197
5216	0.001609350711
5217	0.001676784373
5218	0.001624407712
5219	0.0004575800557
5220	0.00350818574
5221	0.003318736037
5222	0.001912335122
5223	0.005484920992
5224	6.874881486e-05
5225	0.003444559794
5226	4.365579987e-05
5227	0.0008804559284
5228	0.009058163044
5229	0.0003741638677
5230	0.002290654177
5231	0.005972486415
5232	0.004233456838
5233	0.0005016579475
5234	0.002125608609
5235	0.002062802567
5236	0.00127127982
5237	0.00164960524
5238	0.004560764033
5239	0.0002396165908
5240	0.00551179494
5241	0.0007059082462
5242	0.003738884302
5243	0.00310375363
5244	0.003032961007
5245	0.003180894768
5246	0.001662643486
5247	0.002748359026
5248	0.000933912552
5249	0.001595713038
5250	0.003331228813
5251	0.00029275394
5252	2.588555861e-06
5253	5.177111679e-06
5254	2.633969107e-06
5255	0.0001006678026
5256	0.0004981301455
5257	0.006508337538
5258	3.442131151e-06
5259	0.001873988642
5260	0.0004104259939
5261	0.0003621437208
5262	0.003470109064
5263	0.001269041183
5264	0.004120805896
5265	0.000479777552
5266	0.001476976661
5267	0.001981909945
5268	0.0002065160305
5269	0.001858437831
5270	0.0008459136147
5271	0.002063205249
5272	0.0006642872567
5273	1.253405995e-05
5274	1.253405995e-05
5275	0.002218094069
5276	0.002952501035
5277	0.003380602107
5278	0.00055241013
5279	0.0008028511058
5280	0.001235907929
5281	0.005195416219
5282	0.001805950783
5283	0.002976772025
5284	0.006550174996
5285	0.004098988367
5286	0.006960189282
5287	0.002132257041
5288	0.0002763573762
5289	0.003612115259
5290	0.002516237482
5291	0.004384650658
5292	0.002487505517
5293	6.683958021e-05
5294	0.0009058239448
5295	0.00722110316
5296	0.00281139822
5297	0.0006230098239
5298	0.003180377681
5299	8.85558584e-06
5300	0.001359946859
5301	0.002401825228
5302	0.006563161671
5303	8.038147155e-06
5304	0.003305813735
5305	0.001218676048
5306	0.0002731383735
5307	0.001260965146
5308	0.0001050763386
5309	0.00245202261
5310	0.001501712529
5311	0.001710799433
5312	0.0003697172419
5313	0.0007960684474
5314	4.359673028e-06
5315	0.0007439241939
5316	0.001890787402
5317	0.005163955217
5318	0.002876163598
5319	2.452316079e-06
5320	2.452316079e-06
5321	0.005027650092
5322	0.003471526369
5323	0.001445599844
5324	0.003176570504
5325	0.005823160394
5326	0.0005069186854
5327	0.001687560449
5328	0.001375530719
5329	0.001217670046
5330	0.003174788014
5331	0.001040085129
5332	0.002154524732
5333	0.0003257809393
5334	2.179836526e-06
5335	2.179836526e-06
5336	0.003820688133
5337	0.0005416661177
5338	0.002287289001
5339	0.007518491008
5340	1.062670298e-05
5341	8.130733139e-05
5342	0.005802538928
5343	0.00148706343
5344	0.004839334779
5345	5.449591458e-07
5346	5.449591458e-07
5347	0.0002830058695
5348	0.002649382803
5349	0.003523914303
5350	0.0004688267852
5351	0.0007182524541
5352	0.006211607423
5353	0.001805260937
5354	0.003790241583
5355	2.629427789e-05
5356	0.001160141187
5357	0.003666118554
5358	0.001244567932
5359	0.000721580398
5360	0.0003447279504
5361	0.0003627199056
5362	0.002263135567
5363	3.62851953e-05
5364	4.33400815e-05
5365	0.004074065188
5366	0.004116228259
5367	0.003339966286
5368	0.002960126194
5369	0.007957308743
5370	0.002442901497
5371	3.208539855e-05
5372	0.003870973915
5373	0.002028105942
5374	0.002140618839
5375	0.002422003036
5376	0.001113305233
5377	0.0004947005005
5378	0.003324941771
5379	0.0008356208368
5380	0.0004754047259
5381	0.004643346108
5382	0.0002290209019
5383	0.002813033943
5384	0.005562774957
5385	0.003778314226
5386	0.00770407965
5387	0.001027302099
5388	0.005095391764
5389	0.0001721362351
5390	0.0006524505639
5391	0.00344075493
5392	0.001250544899
5393	4.554568755e-05
5394	0.0007007998126
5395	0.002277681746
5396	0.001073466773
5397	0.005664440015
5398	4.625775174e-05
5399	0.000840054247
5400	0.004563668016
5401	0.004397821863
5402	1.307901907e-05
5403	0.004441007023
5404	0.002007075829
5405	4.578859041e-05
5406	0.001419231274
5407	0.001045653365
5408	0.000139711683
5409	0.003126265236
5410	2.842870117e-05
5411	0.002483069412
5412	0.002017164962
5413	0.002449008156
5414	0.001681648781
5415	0.00022315031
5416	0.001959988182
5417	0.002195615039
5418	9.582197957e-06
5419	0.0004397438804
5420	0.0005945575439
5421	0.001603017597
5422	0.002651561093
5423	0.0001216042882
5424	0.001019512702
5425	0.0002296081416
5426	0.0003532448492
5427	0.001776222852
5428	0.004536140387
5429	7.084468667e-06
5430	0.001009546556
5431	0.004727481052
5432	0.003054146935
5433	0.001497189396
5434	0.001201701309
5435	8.174386886e-07
5436	8.174386886e-07
5437	0.001393184297
5438	0.0007377730695
5439	0
5440	4.087193459e-06
5441	4.087193459e-06
5442	0.002997171328
5443	0.0001791781882
5444	0.001347956183
5445	0.0009762392917
5446	0.003198955111
5447	2.861035468e-06
5448	0.003469348074
5449	0.0005058454028
5450	0.004475660692
5451	0.0006780131008
5452	0.0003114056091
5453	7.629427789e-06
5454	7.629427789e-06
5455	0.002831930881
5456	3.814713895e-06
5457	0.00196849181
5458	0.0002203023039
5459	0.003250801374
5460	6.076294275e-05
5461	0.003242443912
5462	0.0003709988957
5463	0.002372956927
5464	0.001418974249
5465	0.0005668305127
5466	9.452751103e-05
5467	5.75159879e-05
5468	0.0003230951915
5469	0.001414454846
5470	2.138964579e-05
5471	0.001122711139
5472	0.001406713725
5473	0.00045713924
5474	0.0006045219184
5475	0.001528480385
5476	0.0009334625037
5477	0.001349854223
5478	0.0004127690367
5479	0.0004897950706
5480	0.003540480127
5481	0.0009451003222
5482	0.002400853777
5483	0.004925116346
5484	0.001050216082
5485	0.0004464118755
5486	0.00350266558
5487	0.002271195044
5488	0.0010595937
5489	0.005371743131
5490	0.001160621721
5491	0.003739947339
5492	0.004467462557
5493	0.0008541905419
5494	8.849722606e-05
5495	0.001866351113
5496	0.001300139709
5497	0.0002430526229
5498	0.0005078811326
5499	0.0004103956324
5500	0.0008864500277
5501	0.002740742331
5502	0.003257247753
5503	0.004485362885
5504	0.003857244788
5505	0.004427040994
5506	0.00013630074
5507	0.008850728572
5508	0.002952480773
5509	2.478177786e-05
5510	0.002362828719
5511	0.005124885506
5512	0.0009998016842
5513	0.0009604699982
5514	1.771117167e-06
5515	0.003899663289
5516	0.0002929551271
5517	0.002970059258
5518	5.449591313e-07
5519	5.449591313e-07
5520	0.0009570089428
5521	0.0009370826854
5522	0.001211346719
5523	1.307901907e-05
5524	1.307901907e-05
5525	0.004509129273
5526	0.0007747152683
5527	0.001472431757
5528	0.001789042579
5529	0.002557542566
5530	0.005535541187
5531	0.00243352344
5532	0.006380638616
5533	0.002240072681
5534	0.0004011925212
5535	0.003292929006
5536	0.002300639278
5537	0.003500439016
5538	5.994550414e-06
5539	0.001161138586
5540	0.001188883285
5541	0.001043899755
5542	0.003004903618
5543	0.0008970447538
5544	0.00263877838
5545	0.0002076555922
5546	0.002976218889
5547	2.411444143e-05
5548	0.0007130422796
5549	0.0009711290545
5550	0.0001769494131
5551	1.08991826e-06
5552	0.001062557351
5553	1.634877382e-06
5554	1.634877382e-06
5555	0.001554147784
5556	0.002641024043
5557	0.002902801463
5558	0.003906561218
5559	1.089918207e-06
5560	0.001696576133
5561	0.006698354864
5562	0.001731010334
5563	0.0005758591586
5564	0.001975679905
5565	0.000573644823
5566	0.0003204594485
5567	0.0010160307
5568	0.0009561481129
5569	0.01107423471
5570	0.002083858813
5571	0.003076827832
5572	0.00192987817
5573	8.174386923e-06
5574	8.174386923e-06
5575	1.594005449e-05
5576	0.001561649651
5577	0.001531760536
5578	3.269754768e-06
5579	3.269754768e-06
5580	0.005428616693
5581	0.002928871337
5582	2.898140277e-05
5583	0.001317213937
5584	0.001550890321
5585	0.0009828595984
5586	0.003019142148
5587	0.003614675274
5588	0.001722929051
5589	0.006739799315
5590	6.675749316e-06
5591	8.719346049e-06
5592	0.002934505016
5593	4.965244266e-05
5594	0.00172868302
5595	0.004179748402
5596	0.002772731503
5597	0.004450499262
5598	0.00805587154
5599	0.00135205247
5600	1.842039486e-05
5601	0.001919148355
5602	0.002679686933
5603	0.000553828877
5604	4.904632174e-06
5605	0.00300381115
5606	0.002365534562
5607	4.632152592e-06
5608	0.004707310816
5609	0.004183550263
5610	0.00185157077
5611	0.001957818276
5612	0.003603468102
5613	0.001329209334
5614	0.00244126868
5615	0.0001758902747
5616	0.002562177842
5617	4.843532604e-05
5618	0.001754555314
5619	0.003757607093
5620	0.002921499336
5621	0.004010650031
5622	0.002521841776
5623	0.0004217752959
5624	0.001929041182
5625	0.003039550785
5626	0.000909197242
5627	0.006671481516
5628	0.004227681964
5629	0.0003076654995
5630	2.724795641e-06
5631	2.724795641e-06
5632	0.001114101028
5633	2.163357984e-05
5634	3.304074189e-05
5635	0.0007015594802
5636	0.007223674083
5637	0.002972096109
5638	0.001103007946
5639	0.00118479555
5640	0.000222520033
5641	4.904632135e-06
5642	6.539509584e-06
5643	0.006654752351
5644	0.000277405197
5645	4.111283366e-05
5646	2.057220706e-05
5647	0.001665374757
5648	0.002663327262
5649	0.000409246794
5650	1.47138965e-05
5651	0.004410520666
5652	0.001874550013
5653	0.001653272371
5654	0.0004377979774
5655	0.001406449462
5656	0.0007113458009
5657	0.0001408333001
5658	0.00133412852
5659	0.001388153489
5660	0.0004168657217
5661	0.0006834294386
5662	0.002233203491
5663	0.002069758875
5664	1.316984559e-05
5665	0.002129174234
5666	0.008861769242
5667	0.001279108088
5668	0.002134862002
5669	0.002112965952
5670	0.0004267336873
5671	0.006658090998
5672	0.001326724611
5673	0.00015578056
5674	0.003663322644
5675	2.606251449e-05
5676	0.006933918636
5677	0.0004393850374
5678	0.002576766315
5679	0.005679568804
5680	0.004439620245
5681	0.0007215428661
5682	0.004690158922
5683	0.0008456718679
5684	0.001895414724
5685	0.0005432871959
5686	0.001089669585
5687	0.0006786249995
5688	2.207084466e-05
5689	0.002851253431
5690	0.001532276006
5691	0.00356860918
5692	0.00421006651
5693	0.002131605816
5694	0.001693679749
5695	0.003664698025
5696	0.0001574415715
5697	0.001082199535
5698	2.179836512e-06
5699	3.269754767e-06
5700	0.001741206626
5701	0.003111012491
5702	0.002031045805
5703	0.002039441254
5704	0.003284717695
5705	7.084468668e-06
5706	0.00107376764
5707	0.004662167201
5708	0.002072408337
5709	0.000860333168
5710	0.0009120321921
5711	0.001639556645
5712	0.002494904052
5713	0.005629323025
5714	0.005522544952
5715	0.001353872048
5716	0.00288291641
5717	0.0002776810846
5718	0.0003388030613
5719	3.678474112e-06
5720	0.0003138123849
5721	0.0004702660851
5722	0.00657833392
5723	0.005658921
5724	0.004148301275
5725	0.003114737377
5726	0.004585945513
5727	0.0007892788966
5728	0.0007115563075
5729	0.0006917962041
5730	0.0006596963718
5731	0.0008718411176
5732	0.001860247359
5733	0.004284822378
5734	0.003614684384
5735	0.0001388261368
5736	8.180202503e-05
5737	0.002512442205
5738	0.0008545710261
5739	1.907356947e-06
5740	1.907356947e-06
5741	0.000584898802
5742	0.001084499803
5743	0.006766594277
5744	0.004189325237
5745	0.0001146868732
5746	0.0008249856046
5747	0.004790248844
5748	0.006220433742
5749	0.005343234825
5750	0.0004866206542
5751	0.002568653417
5752	0.004851095718
5753	0.001218930547
5754	0.00414830473
5755	0.00065305424
5756	0.0004909610288
5757	0.001748653867
5758	0.003896090041
5759	0.001064258927
5760	0.0005597082874
5761	0.0002236072704
5762	0.000416500365
5763	0.001386799974
5764	0.000988032545
5765	0.005966653721
5766	0.00658593259
5767	0.002465596598
5768	0.009285239816
5769	8.038147143e-06
5770	0.002066480829
5771	0.002603989705
5772	4.087193417e-06
5773	5.449591243e-06
5774	1.089918238e-06
5775	0.005889651211
5776	0.009940318223
5777	0.0005816223493
5778	0.002263381818
5779	0.0001578206424
5780	1.021798365e-05
5781	0.001245885357
5782	0.004631916847
5783	0.001106891708
5784	0.006660651817
5785	5.449591268e-07
5786	8.17438673e-07
5787	0.0005077697485
5788	0.004651691924
5789	0.0006382493162
5790	0.0005455343926
5791	0.006296379588
5792	0.006250200829
5793	6.43051771e-05
5794	0.002840909681
5795	0.0008157264327
5796	0.001923259933
5797	2.724796038e-07
5798	0.006347135487
5799	0.001508458782
5800	0.00748534568
5801	0.001556868405
5802	0.001106280628
5803	0.006085068651
5804	0.0006384528997
5805	0.009670391993
5806	0.004659784529
5807	0.0001737285796
5808	0.000126226836
5809	1.634877406e-06
5810	0.003909679819
5811	0.001067859272
5812	0.002060069043
5813	0.003046842439
5814	0.002847397478
5815	0.00167841367
5816	0.003672371413
5817	0.0002151087016
5818	0.002278754584
5819	0.001050509902
5820	0.0001346718243
5821	0.005024431674
5822	0.0003267825334
5823	0.0005071582382
5824	0.0005128372942
5825	3.269754806e-06
5826	3.81471392e-06
5827	0.00375858175
5828	0.001302115973
5829	5.858310626e-05
5830	0.002622432136
5831	0.0007724684492
5832	0.0008197187629
5833	0.005306465814
5834	0.003028896405
5835	0.0004175164288
5836	3.814713899e-06
5837	0.001610124039
5838	0.001628668153
5839	0.002170052911
5840	0.007412717062
5841	0.0003145582724
5842	0.003403903649
5843	0.008557335056
5844	0.002638533459
5845	0.001308684962
5846	0.003448869982
5847	3.971371087e-06
5848	0.0008233823539
5849	0.0005827883829
5850	0.001197116439
5851	6.346224237e-05
5852	0.003246347534
5853	0.0016501874
5854	0.0004607545066
5855	0.005812507974
5856	0.007078735633
5857	0.0002919881028
5858	0.0006437227289
5859	0.002512487261
5860	0.0004453144627
5861	0.00241396184
5862	0.003298495465
5863	0.005599594957
5864	0.0007108683964
5865	0.001699967959
5866	8.310626735e-06
5867	1.280653954e-05
5868	0.001626630408
5869	0.0007891449553
5870	0.003678878712
5871	0.0002760146137
5872	0.0006447726811
5873	0.008262106111
5874	0.00177397494
5875	0.0007045810835
5876	0.0005633172013
5877	0.0009373293128
5878	0.001512530851
5879	0.005276938907
5880	0.0004254612247
5881	0.003314882347
5882	0.0002517682552
5883	1.771117162e-06
5884	5.177111735e-06
5885	5.177111735e-06
5886	0.0006361079391
5887	0.003449361969
5888	0.00271912976
5889	1.089918235e-06
5890	0.003791036966
5891	2.658946409e-05
5892	0.001670364788
5893	0.002011708533
5894	0.002582084262
5895	0.0003235415642
5896	7.600207801e-05
5897	6.811989108e-06
5898	4.632152591e-06
5899	0.004008935958
5900	0.008910924619
5901	0.0005129197566
5902	0.001462740443
5903	0.003564634033
5904	0.0004147328427
5905	0.003342289734
5906	0.0001249534501
5907	0.0005979482262
5908	0.00291256947
5909	0.002435425672
5910	0.0004455039191
5911	0.008608995202
5912	0.0005292621422
5913	0.001203575166
5914	0.001068980469
5915	0.003729807521
5916	0.005831630279
5917	5.99455041e-06
5918	0.004586110611
5919	0.0001522318462
5920	0.0005712643287
5921	0.001120310086
5922	0.006036715084
5923	0.0006470324357
5924	0.003966919888
5925	0.001568433915
5926	0.003952043397
5927	0.003022722911
5928	0.0009467500104
5929	0.00252159114
5930	0.001935400943
5931	0.007856821765
5932	0.004040324307
5933	0.0007528109032
5934	0.005030984705
5935	0.00503034847
5936	0.005967966318
5937	0.003512951698
5938	0.0007915297322
5939	0.001626788264
5940	0.00144560846
5941	0.001041253541
5942	0.009139839132
5943	0.004005656431
5944	0.002051818799
5945	0.0003807096386
5946	0.001486368527
5947	0.003571100853
5948	0.001541987056
5949	0.001129328708
5950	0.0125835187
5951	0.003812948534
5952	0.006221690582
5953	0.003397215694
5954	6.811988646e-07
5955	0.0003343053747
5956	9.53678472e-07
5957	0.003997595811
5958	0.0004377665264
5959	0.003300823962
5960	0.001120784134
5961	2.288828338e-05
5962	3.950953674e-06
5963	0.00236277432
5964	0.004255515081
5965	0.001688765902
5966	0.007380750972
5967	0.001772962401
5968	0.000810874208
5969	0.004356246708
5970	0.001508682048
5971	0.0003940111335
5972	0.003166447003
5973	0.001447262383
5974	0.003304951369
5975	0.0004033167182
5976	0.003319037333
5977	0.0028867744
5978	0.002611089663
5979	0.004576911056
5980	0.002420140191
5981	0.002859758946
5982	0.006927009039
5983	0.002594600356
5984	0.0004288460746
5985	0.00192162069
5986	0.002385143426
5987	0.003964158384
5988	0.002269681777
5989	0.003836479559
5990	0.002754671739
5991	0.001278387559
5992	0.0001838421285
5993	0.002206544874
5994	0.006696453206
5995	0.005025315356
5996	1.907356962e-06
5997	0.003596688671
5998	2.356948214e-05
5999	2.670299729e-05
6000	0.0002098560166
6001	7.35269164e-05
6002	0.0007527731767
6003	0.001132181664
6004	0.0007072099882
6005	0.001988867655
6006	0.0001728120185
6007	6.539509536e-06
6008	0.002387442298
6009	1.171662125e-05
6010	0.00130819048
6011	0.002639350308
6012	0.003391753444
6013	0.0002918013316
6014	0.001967370985
6015	0.005144702716
6016	0.0005445733209
6017	0.0003843506714
6018	0.004622564544
6019	0.005448990226
6020	1.171662126e-05
6021	1.226158039e-05
6022	0.003331711086
6023	0.00189007919
6024	0.0007400913335
6025	0.001876419279
6026	1.816525931e-07
6027	1.470125453e-05
6028	0.0006139387111
6029	0.0009394638834
6030	0.00648275178
6031	0.0007282559088
6032	0.001811421322
6033	0.0007783158418
6034	0.001255009881
6035	0.0001231823649
6036	0.001122102603
6037	1.005903727e-05
6038	0.001496666871
6039	0.004057652224
6040	5.676657554e-06
6041	0.003768220267
6042	0.0007440273004
6043	0.0007344854998
6044	0.003542925914
6045	0.00121312379
6046	0.006432986026
6047	0.003364341851
6048	4.223433241e-06
6049	6.811989053e-06
6050	9.48186476e-05
6051	0.001301595106
6052	0.004122057929
6053	0.0045893014
6054	0.002566559063
6055	0.0006524423575
6056	0.001154935437
6057	0.0009287927568
6058	0.00432393126
6059	1.335149867e-05
6060	0.001087330989
6061	0.001785313647
6062	0.006536967839
6063	0.005563080336
6064	0.004092551634
6065	0.001423518247
6066	0.0008207498512
6067	0.000318998958
6068	0.004752635337
6069	0.00198695401
6070	4.632152588e-06
6071	4.632152588e-06
6072	0.004831233838
6073	1.357856495e-05
6074	0.001536842133
6075	0.001248107775
6076	0.003592897223
6077	0.00106190379
6078	5.449590845e-07
6079	5.449590845e-07
6080	0.001462426409
6081	3.033095157e-05
6082	0.0001597859611
6083	8.245931827e-05
6084	0.0008665748021
6085	5.722070847e-05
6086	4.904632149e-06
6087	4.904632149e-06
6088	0.0006984848595
6089	0.000820235568
6090	0.0004162870163
6091	0.003619411889
6092	0.004812440222
6093	0.003176116897
6094	0.003782694337
6095	9.638845544e-05
6096	0.0001375347863
6097	0.001382747633
6098	0.001285643809
6099	2.438692096e-05
6100	0.002572281175
6101	0.0006825734765
6102	0.005393998399
6103	0.0007925302025
6104	8.991825613e-06
6105	0.0007643170878
6106	0.002734759519
6107	0.0005966141812
6108	0.001152748036
6109	0.004949420867
6110	0.005183189338
6111	0.007804379512
6112	0.001637406487
6113	0.0003010982343
6114	0.001039542102
6115	8.99182561e-06
6116	0.0001982133803
6117	4.359673026e-06
6118	4.125794728e-05
6119	0.002778223516
6120	0.001122757444
6121	1.180744775e-05
6122	0.005111636522
6123	0.001923096036
6124	0.001561064677
6125	0.007842434772
6126	0.0004931163657
6127	0.00209311526
6128	0.001689517119
6129	0.0004242102141
6130	0.003848728872
6131	3.460200962e-05
6132	0.004332440833
6133	0.0005790906894
6134	0.0006707532965
6135	1.66066562e-05
6136	0.001860149794
6137	0.0003166507715
6138	0.0002610598007
6139	3.814713899e-06
6140	0.005230018888
6141	0.0003445337426
6142	0.004699336297
6143	0.001148963327
6144	0.003219990314
6145	8.174386919e-06
6146	6.13079019e-06
6147	0.002197657985
6148	0.0009536407009
6149	0.001218776238
6150	0.002617729671
6151	9.536784741e-07
6152	7.764802215e-05
6153	0.002291044308
6154	0.00132587594
6155	0.0006529555686
6156	0.0005992643332
6157	0.002569650208
6158	0.00114981371
6159	0.004682301664
6160	0.003612971936
6161	0.001026499506
6162	0.003748961526
6163	0
6164	0.002755614688
6165	0.001844288157
6166	3.84944031e-05
6167	0.001461524721
6168	0.003798069388
6169	0.001027697561
6170	0.004551254591
6171	0.0005026083353
6172	0.0009138929255
6173	0.003707457958
6174	0.0006554810588
6175	0.0005229463977
6176	1.362398114e-07
6177	4.359673037e-06
6178	0.001727865981
6179	0.002495485787
6180	0.003375047281
6181	0.0003125784477
6182	0.001344843022
6183	7.856493745e-06
6184	1.362397821e-05
6185	0.000234660995
6186	0.001610019093
6187	3.133514986e-05
6188	0.001446138795
6189	0.001010986031
6190	0.0006546267094
6191	0.0003310915416
6192	0.001060684486
6193	0.002684729087
6194	0.0005046371107
6195	0.001118707014
6196	0.002540066775
6197	0
6198	0.001108463969
6199	0.002772679883
6200	0.0008247714743
6201	0.002996068072
6202	0.0008928963649
6203	0.0001752399844
6204	0.0001061150593
6205	0.0005384021458
6206	0.000482780666
6207	0.004712695205
6208	0.005667353735
6209	0.00617885299
6210	0.0001391222651
6211	1.74613987e-05
6212	0.0007909779044
6213	0.002347448456
6214	0.001771209493
6215	0.00122511605
6216	0.001462896797
6217	0.003989436474
6218	6.267029973e-06
6219	0.004234464914
6220	0.001662808824
6221	0.002551871314
6222	0.002087661005
6223	0.002119653009
6224	0.003335421328
6225	0.0005358120187
6226	0.0005795271291
6227	0.0002399676567
6228	0.005536705054
6229	0.002866946569
6230	0.002072511265
6231	0.005386408816
6232	0.003006877343
6233	2.452316072e-06
6234	0.0005738788833
6235	0.001447039122
6236	0.002311000151
6237	0.001925972658
6238	0.008431785506
6239	0.0001277300086
6240	2.724795605e-07
6241	1.008174387e-05
6242	1.416893733e-05
6243	0.001603934494
6244	0.004632720606
6245	0.0009322994163
6246	0.004377132262
6247	0.001816718048
6248	0.003892063253
6249	2.452316076e-06
6250	2.452316076e-06
6251	0.001880899179
6252	0.001811481541
6253	7.962306997e-05
6254	0.000881040355
6255	9.536784694e-06
6256	0.001169491073
6257	0.001256623455
6258	0.001108306471
6259	0.002094772908
6260	0.004410855151
6261	0.003985043706
6262	0.0001385837412
6263	0.0005969543892
6264	0.003628880101
6265	1.59400545e-05
6266	3.814713899e-06
6267	3.814713899e-06
6268	0.001080533392
6269	0.001568381558
6270	0.00223691995
6271	0.0009005292913
6272	0.001978416127
6273	0.0001871818966
6274	3.451407822e-06
6275	6.584922819e-06
6276	0.001014701813
6277	0.0002890983285
6278	0.0009389179453
6279	5.504087196e-05
6280	0.0008126199861
6281	0.001702180824
6282	0.002824020426
6283	0.0001934065491
6284	0.00258086928
6285	6.880109012e-06
6286	0.00128706919
6287	0.0006757984138
6288	0.001298060013
6289	0.00153949068
6290	0.00154535874
6291	0.003234132665
6292	0.0008228483917
6293	0.002777361745
6294	0.001021695438
6295	0.002873158889
6296	0.002116059673
6297	0.005715283459
6298	0.004924078086
6299	0.0009292192073
6300	0.004353558295
6301	0.0001431149686
6302	0.005998667732
6303	0.005377538601
6304	0.001208160132
6305	0.002450457264
6306	4.21006069e-06
6307	0.001072780781
6308	0.0001252876693
6309	3.735814509e-05
6310	4.087193456e-06
6311	4.087193456e-06
6312	0.0002058941973
6313	0.0004379291039
6314	0.0002978573602
6315	0.0009683727864
6316	0.0007491075973
6317	0.001718115799
6318	1.267029977e-05
6319	0.003453720401
6320	0.00206854588
6321	0.002264838153
6322	0.0006449931143
6323	0.002835756616
6324	0.003063840727
6325	0.002676361413
6326	0.00451098417
6327	9.134107457e-05
6328	0.002562518719
6329	0.004758548378
6330	0.001240742459
6331	0.0007438478041
6332	0
6333	7.961893755e-05
6334	0.003606537537
6335	0.001117286634
6336	0.001658220476
6337	0.004799543418
6338	0.003561778795
6339	0.001934216687
6340	1.008174389e-05
6341	1.008174389e-05
6342	0.001072355603
6343	0.0008843276781
6344	3.663771274e-05
6345	1.36239782e-06
6346	1.36239782e-06
6347	0.0001039228994
6348	0.0002317865456
6349	0.0003580696259
6350	0.003833682043
6351	0.0004267263912
6352	0.002263122896
6353	0.004547525357
6354	0.0008767802502
6355	0.002342851446
6356	0.0004808986154
6357	0.004716550974
6358	0.0033976209
6359	3.26549283e-05
6360	0.0009822156514
6361	2.724795666e-07
6362	2.724795666e-07
6363	0.00161246294
6364	2.270662701e-07
6365	0.002578828464
6366	0.006344860402
6367	0.006962849311
6368	0.002982324419
6369	0.001155214426
6370	1.362397816e-06
6371	1.362397816e-06
6372	0.0001046307824
6373	0.001407785662
6374	0.001845242927
6375	0.001223830598
6376	0.001639121353
6377	0.002032563487
6378	5.449591281e-07
6379	0.0003009890597
6380	0.00217788741
6381	0.005334469028
6382	0.0002707110859
6383	0.0003269712922
6384	6.625785824e-05
6385	4.904632157e-06
6386	0.001652987367
6387	0.0005054634137
6388	2.997275183e-06
6389	1.08991821e-06
6390	0.001481042644
6391	0.002529142827
6392	0.002854399811
6393	0.003153047451
6394	0.005163269103
6395	0.003841990241
6396	0.003353038223
6397	0.0004280250345
6398	2.861035375e-06
6399	1.675749318e-05
6400	0.002458449149
6401	0.00255903999
6402	0.0009470938111
6403	2.514078109e-05
6404	3.269754768e-06
6405	3.269754768e-06
6406	0.002457844442
6407	0.0008386645441
6408	0.002680831485
6409	0.004479700259
6410	0.0001320379601
6411	1.174490807e-05
6412	0.003157096794
6413	0.003719407059
6414	0.002989183208
6415	0.001031510186
6416	0.000196539742
6417	0.0002328441422
6418	0.003025671551
6419	0.0042545942
6420	0.001364941302
6421	0.002145909188
6422	0.0001345468017
6423	0.0014202821
6424	0.002205096668
6425	0.003473742174
6426	1.589464113e-06
6427	0.003956386479
6428	0.002231640209
6429	0.002635108223
6430	0.001995059387
6431	9.536784466e-07
6432	3.589741099e-05
6433	5.264888795e-05
6434	0.001642642855
6435	0.00610873068
6436	7.901907374e-06
6437	7.901907374e-06
6438	0.003358290319
6439	0.003513794745
6440	0.001199969327
6441	8.174387046e-07
6442	8.174387046e-07
6443	0.001320405196
6444	0.00507582005
6445	0.0002752120885
6446	0.0002521436477
6447	0.001111350494
6448	0.003629675422
6449	0.004628553974
6450	1.907356952e-06
6451	0.001412129556
6452	0.0003807058247
6453	0.001200592207
6454	1.952770208e-06
6455	0.001043349142
6456	0.0005391764115
6457	0.003196730262
6458	0.004449665315
6459	0.002719471965
6460	0.0008240216332
6461	0.00235637263
6462	0.0001160941462
6463	0.0008115765661
6464	0.001972117228
6465	4.105740429e-06
6466	0.0006977534028
6467	0.002297103067
6468	0.00155990652
6469	0.00118648363
6470	0.002378759086
6471	0.002401831636
6472	0.002148519954
6473	0.00498570294
6474	0.003041968772
6475	0.0002198203968
6476	0.000424041042
6477	8.99182561e-06
6478	5.177111726e-06
6479	0.002290484645
6480	0.004359485224
6481	0.0002490173678
6482	0.003976878525
6483	0.00285170434
6484	0.004623297693
6485	0.002980873232
6486	5.744777438e-06
6487	0.002392224831
6488	0.001336888285
6489	0.002342519845
6490	1.062670295e-05
6491	0.002162631956
6492	2.179836526e-06
6493	0.0006069791516
6494	0.0007193643073
6495	0.0007838988512
6496	0.0003637469158
6497	0.000526131287
6498	0.003011253693
6499	6.811989106e-07
6500	1.544050864e-06
6501	0.0002917043887
6502	0.002428206318
6503	0.004950598878
6504	2.724795621e-07
6505	2.724795621e-07
6506	4.686648504e-05
6507	0.0002744450665
6508	0.0006657640975
6509	0.001880770397
6510	0.004886586839
6511	0.002646264917
6512	0.0004049184463
6513	0.004302923531
6514	0.001194877585
6515	0.003375141624
6516	0.0007914991687
6517	0.006568983171
6518	0.001484927605
6519	2.724795674e-07
6520	2.724795674e-07
6521	0.001356886651
6522	0.0003205528244
6523	0.0001522129572
6524	0.0007047453915
6525	2.28882834e-05
6526	0.008423630627
6527	0.0003702581015
6528	0.0003056001596
6529	0.001501992777
6530	0.001286010702
6531	0.0002798638701
6532	0.004336255656
6533	0.0004985222016
6534	2.236668037e-05
6535	0.001914807424
6536	0.0004074967558
6537	0.0002753915557
6538	0.0005377982421
6539	0.003137795159
6540	0.001213068157
6541	0.001907892191
6542	0.004623131983
6543	0.001412224981
6544	0.001154100686
6545	0.002146131008
6546	0.001756431951
6547	0.004608230196
6548	5.177111727e-06
6549	1.952770206e-06
6550	0.005396261358
6551	0.0005023057365
6552	3.188010902e-05
6553	0.004149265904
6554	0.00208780075
6555	0.001011275459
6556	0.001073883981
6557	0.0001288219626
6558	0.004632164347
6559	0.006861456694
6560	0.003412725453
6561	0.0002352837314
6562	6.44868299e-06
6563	0.003041875673
6564	5.449591281e-06
6565	5.449591281e-06
6566	0.002035122546
6567	0.003991577521
6568	0.001282821374
6569	0.0005863376096
6570	0.003744165956
6571	0.0008704300905
6572	5.449591279e-06
6573	0.0003015957923
6574	0.003469855261
6575	0.005687621122
6576	0.0002537882875
6577	0.0008118484249
6578	5.040871911e-06
6579	9.673024528e-06
6580	0.003380425285
6581	1.701185026e-05
6582	0.001205341483
6583	0.001528947436
6584	0.001150010872
6585	0.0008386864936
6586	0.002831257715
6587	4.359673021e-06
6588	4.359673021e-06
6589	0.0006414304165
6590	0.001001730035
6591	0.002982234267
6592	0.003137975124
6593	0.003681235432
6594	0.004825798926
6595	0.003323674554
6596	1.035422343e-05
6597	0.001558060085
6598	4.979359296e-05
6599	0.0007222597191
6600	0.001408190343
6601	0.002642224749
6602	0.000478803556
6603	0.0004111182298
6604	0.001300326801
6605	0.002378117616
6606	0.0006194719728
6607	0.003483476635
6608	0.001489085787
6609	0.001687455312
6610	0.0007130576341
6611	4.087193465e-06
6612	4.087193465e-06
6613	0.001309816661
6614	0.003158228848
6615	0.0008274579256
6616	0.001879665192
6617	0.001499938983
6618	0.0003172388331
6619	0.003992462918
6620	4.377838324e-05
6621	0.0009405319796
6622	0.002210734117
6623	1.301089923e-05
6624	0.003406208865
6625	0.00313867933
6626	2.316076294e-06
6627	0.003617048063
6628	0.002893476598
6629	0.002907812341
6630	0.004838675392
6631	5.17711172e-06
6632	5.17711172e-06
6633	0.001167859074
6634	0.0003923451502
6635	0.00402549649
6636	0.005095519739
6637	4.081877043e-05
6638	0.002393169165
6639	4.087193469e-07
6640	8.555858312e-05
6641	0.000489399096
6642	0.001668823877
6643	0.00656193346
6644	8.492279706e-06
6645	0.0005631026476
6646	0.001224936415
6647	0.00100204485
6648	0.002602148622
6649	0.000384819333
6650	2.724795962e-07
6651	2.724795962e-07
6652	0.006539110894
6653	0.002693841868
6654	0.0020065184
6655	0.005333422567
6656	0.001419024075
6657	0.001122194779
6658	0.003889783067
6659	0.0009139843887
6660	0.001854245916
6661	0.003177434003
6662	0.005901335146
6663	0.0009269206231
6664	0.001937978694
6665	0.00627086889
6666	0.005605736248
6667	0.003487240443
6668	0.002844312027
6669	0.0001055067567
6670	0.001237431048
6671	0.0006453707657
6672	0.002317254293
6673	0.001569824564
6674	0.001122189768
6675	0.0004240245814
6676	0.001050222206
6677	0.002156325409
6678	0.001828506425
6679	0.004399369623
6680	0.00385006992
6681	0.00397807701
6682	0.002552465638
6683	0.001032140867
6684	0.0004387211927
6685	0.0007962652969
6686	0.0007024351791
6687	0.002937939116
6688	0.0004087205848
6689	0.001042995765
6690	0.001869983875
6691	0.000602352122
6692	0.004275286709
6693	0.004156425846
6694	0.001298457926
6695	0.002224961146
6696	0.001095990769
6697	0.001110233853
6698	1.989100817e-05
6699	0.004346100216
6700	0.001101319802
6701	0.0004108766658
6702	0.003540116601
6703	0.00141452518
6704	0.0007711284423
6705	2.861035426e-06
6706	0.001787774124
6707	0.0008528477091
6708	0.003337311417
6709	0.002337069726
6710	0.0008297370822
6711	0.0004099457047
6712	0.001584413289
6713	3.133514983e-06
6714	1.076108984e-06
6715	0.0002107279443
6716	0.000729036576
6717	0.002705891783
6718	1.580381467e-05
6719	0.004712757693
6720	0.000313712671
6721	0.0001381564828
6722	0.002396990544
6723	0.001405710237
6724	2.997275236e-06
6725	2.997275236e-06
6726	0.002012659366
6727	0.0002085300454
6728	4.904632134e-06
6729	0.002897448802
6730	0.002109901765
6731	7.509764399e-05
6732	0.0002788320932
6733	9.552500881e-05
6734	0.0005794776481
6735	0.0006065127611
6736	0.003449170289
6737	0.001318149043
6738	0.005404150854
6739	0.001232930853
6740	1.21253406e-05
6741	0.002412440864
6742	3.17892853e-07
6743	0.0009153524967
6744	1.781057172e-05
6745	0.001529899398
6746	1.376021797e-05
6747	0.002337698865
6748	0.001412227497
6749	0.0007611554595
6750	0.002914324221
6751	0.0002219112953
6752	0.0006780518472
6753	0.0002210886338
6754	0.003876293886
6755	0.001186007495
6756	0.004973017192
6757	0.0003935604565
6758	4.182561306e-05
6759	0.0006636071736
6760	0.0006026908871
6761	0.002076234421
6762	0.0007469071112
6763	0.000274658881
6764	0.001810702191
6765	0.0007835512659
6766	0.003868637606
6767	0.004086852592
6768	0.0008865878913
6769	0.000538762223
6770	0.002265153976
6771	0.004317871111
6772	3.547063021e-06
6773	1.271571299e-05
6774	0.001751420886
6775	0.0009528489801
6776	0.003244038517
6777	3.504548931e-06
6778	3.414719266e-05
6779	0.001303726249
6780	0.006262543709
6781	0.007611288392
6782	0.005012215436
6783	0.0002853453058
6784	0.0002261307631
6785	0.002533908022
6786	0.001774888733
6787	0.004309020101
6788	0.003485043837
6789	0.0001489094988
6790	3.746594001e-05
6791	0.001588756841
6792	0.0001852338461
6793	0.001545840267
6794	0.0001675635746
6795	0.003547366645
6796	0.003989567428
6797	0.002314042761
6798	0.002501264168
6799	0.008844581115
6800	0.001856137962
6801	0.003116189955
6802	2.162474477e-06
6803	0.0003423851581
6804	0.002481152576
6805	0.0002537424085
6806	0.004757637985
6807	0.002403268636
6808	1.989771392e-05
6809	1.267029972e-05
6810	0.0006339746172
6811	0.001496128694
6812	0.007230818998
6813	0.001044110297
6814	0.0003209081309
6815	0.00401588979
6816	5.994550439e-06
6817	0.002665810914
6818	0.001894250613
6819	0.007373259231
6820	0.005673153016
6821	5.449591281e-06
6822	5.449591281e-06
6823	0.00302650631
6824	0.002080308186
6825	0.0002968721752
6826	0.004393897402
6827	0.001123614087
6828	0.0008732357583
6829	0.002581999408
6830	0.0005568672789
6831	0.001838224109
6832	0.002514974349
6833	0.002266394876
6834	3.133514982e-06
6835	0.001605248134
6836	0.002892565775
6837	0.004716760903
6838	0.002491649187
6839	0.004513270052
6840	0.001887392948
6841	0.003681214172
6842	0.004147320057
6843	0.001523497658
6844	0.0004316686454
6845	6.403269722e-06
6846	0.0003623413937
6847	0.003830546424
6848	0.003495153685
6849	0.001012396281
6850	0.00191475415
6851	0.005154428421
6852	0.002548331938
6853	0.0006144101759
6854	9.203430075e-05
6855	0.005980250479
6856	5.994550408e-06
6857	0.001519351532
6858	0.002259611788
6859	0.0001045921295
6860	6.727099814e-05
6861	0.004885934351
6862	0.0005086156104
6863	0.001914442985
6864	0.001508455704
6865	0.0002455911738
6866	0.0006720344471
6867	0.00357414821
6868	0.0005601065283
6869	0.002802356489
6870	4.359673024e-06
6871	3.678474117e-06
6872	0.005292715155
6873	3.950953691e-06
6874	0.001139024824
6875	0.00129696817
6876	0.0005025686403
6877	0.0007472219662
6878	0.00591262616
6879	0.0005690270642
6880	0.001212489487
6881	0.0004194651683
6882	0.001813076559
6883	0.002013452292
6884	0.0016088459
6885	2.138920748e-05
6886	0.001139142169
6887	0.003323959681
6888	0.001728588629
6889	8.324250679e-05
6890	0.000550448139
6891	0.002059857403
6892	0.0005770179729
6893	0.003522645734
6894	0.0001115969671
6895	0.002189240886
6896	0.0005939624926
6897	0.001267351819
6898	0.002085355764
6899	0.002291120071
6900	0.004537017295
6901	0.006074381711
6902	0.001787997507
6903	0.005064088918
6904	0.0009089872716
6905	1.520171817e-05
6906	0.0007932299581
6907	0.001239483743
6908	0.000172483434
6909	0.0046996235
6910	0.003356610934
6911	0.003220071133
6912	0.001229138748
6913	1.675749318e-05
6914	0.000845238803
6915	0.00146356013
6916	0.00400501594
6917	0.0002708346288
6918	0.005119021299
6919	1.185286103e-05
6920	0.001788238661
6921	4.763274554e-05
6922	0.001224530568
6923	0.002341613266
6924	3.269754755e-06
6925	3.269754755e-06
6926	0.004206777993
6927	0.001762751823
6928	0.0005238571273
6929	0.001662935703
6930	0.000171337292
6931	0.0005677102189
6932	0.001120733746
6933	0.001109197822
6934	0.0006738905295
6935	0.0002317392368
6936	0.0002337879354
6937	0.0008232377362
6938	0.0002703038475
6939	0.00179157792
6940	3.269754721e-06
6941	1.36239782e-06
6942	1.36239782e-06
6943	2.861035467e-06
6944	0.0001431972591
6945	0.002721222382
6946	8.416585138e-05
6947	0.0009461601935
6948	0.003421238499
6949	0.005047965537
6950	0.0008833686524
6951	0.001191702464
6952	0.00237115022
6953	0.0008515977714
6954	2.417347863e-05
6955	0.005047604312
6956	0.000320315482
6957	0.0001846376345
6958	0.0009087099142
6959	0.0006514774563
6960	0.0004238356779
6961	0.001985089771
6962	1.634877368e-06
6963	0.00208246695
6964	0.002921200677
6965	1.79836512e-05
6966	2.9972752e-06
6967	2.9972752e-06
6968	0.00417484715
6969	0.0009072475535
6970	0.01119412751
6971	0.00118198726
6972	0.0001014078255
6973	0.001213253353
6974	0.0006752147597
6975	0.001436668709
6976	0.0009500756742
6977	0.003966883977
6978	0.0008369900031
6979	0.002445368035
6980	0.0006289094617
6981	0.004627436007
6982	0.0008669356287
6983	0.0003889724025
6984	0.004423893658
6985	0.0006849261811
6986	0.003585335715
6987	0.001504054545
6988	8.398695228e-05
6989	0.003344664404
6990	0.001872228303
6991	0.005270599288
6992	3.256130795e-05
6993	0.002093690414
6994	0.002835742625
6995	0.003905164791
6996	0.0003948108709
6997	0.003667596849
6998	0.001069089132
6999	0.0002872799197
7000	0.001222195098
7001	0.001614731898
7002	1.226158035e-06
7003	0.002817693303
7004	0.0005288195246
7005	0.003744338001
7006	0.002354672327
7007	6.675749337e-06
7008	0.001605122206
7009	5.783378746e-05
7010	0.001816592485
7011	0.00159189648
7012	0.009096527566
7013	0.0001638444871
7014	0.000834700238
7015	4.087193459e-06
7016	4.087193459e-06
7017	0.004212497501
7018	3.950953689e-06
7019	0.0024225902
7020	0.001215675561
7021	0.001895158817
7022	0.0001900736628
7023	0.0007815290827
7024	0.0001780191961
7025	9.889911493e-05
7026	1.634877347e-06
7027	1.634877347e-06
7028	0.00212587394
7029	0.001827840503
7030	0.003850703007
7031	0.002614956559
7032	0.002719012348
7033	0.004063590662
7034	0.001743802904
7035	1.405540421e-05
7036	3.269754768e-06
7037	3.269754768e-06
7038	0.0002900570487
7039	0.005918503865
7040	0.001725458276
7041	0.002519916747
7042	0.000678731495
7043	0.0006660992205
7044	0.0003401590586
7045	0.002106117555
7046	0.00302354921
7047	0.0005642071063
7048	0.003889215826
7049	0.0009196633023
7050	0.003571664611
7051	0.002681254739
7052	0.005178963548
7053	0.003507492897
7054	0.001060118847
7055	0.002935642877
7056	0.006004756973
7057	0.0008862047606
7058	4.359673029e-06
7059	4.359673029e-06
7060	0.001362151506
7061	0.002036955387
7062	0.002525023918
7063	1.107629428e-05
7064	0.0007360667103
7065	0.001263693111
7066	0.0005144367266
7067	2.179836509e-06
7068	2.179836509e-06
7069	3.54223435e-06
7070	0.002367814894
7071	4.223433283e-06
7072	1.412352408e-05
7073	0.00188162749
7074	0.0003018369126
7075	0.004694983535
7076	0.0009433936344
7077	0.005993558204
7078	0.003310033783
7079	0.001896578809
7080	0.003972483807
7081	0.002131494023
7082	0.0003757855988
7083	0.0004504242478
7084	0.001197344913
7085	0.001871486863
7086	0.008364565778
7087	0.001731490368
7088	0.0008453024039
7089	0.001186484771
7090	0.0005046169426
7091	0.0005798380321
7092	0.001279769555
7093	0.0003502967023
7094	0.0007710645519
7095	0.0005203385547
7096	0.0005263846313
7097	0.001478749355
7098	0.002040098128
7099	0.001696545249
7100	8.174386922e-06
7101	8.174386922e-06
7102	1.253405997e-05
7103	0.0007932182312
7104	0.002097825697
7105	8.446866447e-06
7106	0.003948864627
7107	0.0002966487437
7108	0.0009534865674
7109	0.0003252695771
7110	0.002227562714
7111	0.0006479786514
7112	0.0003428737559
7113	0.000424622155
7114	0.0003593401473
7115	0.003106477643
7116	0.001687232008
7117	0.001132428677
7118	0.002687389533
7119	1.497182975e-05
7120	3.542234331e-06
7121	0.005373318593
7122	0.002889482434
7123	1.634877387e-05
7124	1.36239782e-07
7125	4.087193462e-06
7126	4.087193462e-06
7127	0.0005563726272
7128	4.930572578e-07
7129	0.0008755711133
7130	0.002001436085
7131	0.0007996845759
7132	0.00363568806
7133	0.001208154864
7134	8.446866483e-06
7135	8.446866483e-06
7136	0.002779767572
7137	0.002965416542
7138	3.405994554e-06
7139	0.004383780458
7140	0.002671381297
7141	0.004178364595
7142	0.00155635092
7143	0.002133722388
7144	0.003112524887
7145	0.0009513714485
7146	0.0006872244308
7147	6.130790225e-06
7148	0.001877314944
7149	0.001989140632
7150	0.003604130908
7151	0.001003421563
7152	0.00449729296
7153	0.002000658113
7154	0.0002755145186
7155	0.0001263174929
7156	0.00200438353
7157	8.174386921e-07
7158	0.001257833402
7159	0.001606229585
7160	0.0004051008562
7161	2.497729124e-07
7162	1.614441416e-05
7163	0.001184551571
7164	0.001243902511
7165	0.005243064147
7166	0.006307851078
7167	0.000236962523
7168	1.907356916e-06
7169	1.907356916e-06
7170	0.007040735638
7171	0.0001031827034
7172	0.001051016727
7173	0.00231083249
7174	2.179836474e-06
7175	2.179836474e-06
7176	1.362398106e-07
7177	0.000704120964
7178	0.004398351504
7179	0.0001753975737
7180	0.002301038931
7181	0.002563355661
7182	0.001027438867
7183	0.002261453379
7184	2.20708448e-05
7185	0.001006868036
7186	4.058419995e-05
7187	0.004505678893
7188	0.0005080938546
7189	2.997275201e-06
7190	0.0009499114847
7191	0.001000311233
7192	0.0001949092677
7193	0.0009981041613
7194	0.004641036517
7195	0.001720198574
7196	0.0007880495111
7197	0.0002171413565
7198	0.0005057833136
7199	0.002467900308
7200	0.002448640644
7201	0.006532924273
7202	5.129427796e-05
7203	0.001618298209
7204	0.005426248598
7205	0.0008227367138
7206	0.004533756949
7207	0.001137788439
7208	0.001546900689
7209	0.001115215566
7210	0.00653809449
7211	8.174387357e-07
7212	8.174387357e-07
7213	0.0024921527
7214	0.002904887065
7215	0.0006528348754
7216	0.001004406945
7217	0.003942015159
7218	0.002077664092
7219	0.002931999885
7220	0.004389347811
7221	0.003145432561
7222	0.0001811030086
7223	0.001113684567
7224	0.001247737877
7225	0.000872242829
7226	0.002646026703
7227	3.265213441e-06
7228	0.002593578691
7229	0.00052776698
7230	0.002138645108
7231	0.004199809611
7232	9.673024483e-06
7233	0.0006059554153
7234	9.826107525e-05
7235	0.00252249036
7236	0.0005333659556
7237	0.0005933915475
7238	0.002732844317
7239	0.003657287015
7240	0.003719894507
7241	2.049480975e-05
7242	0.001460673226
7243	0.0002418364887
7244	0.003008319824
7245	0.002941559373
7246	0.0008786610945
7247	0.002651538079
7248	0.0002669045784
7249	0.001284005726
7250	0.00386243965
7251	0.002792977766
7252	0.001439074436
7253	0.001215732296
7254	0.002683149659
7255	0.002518466944
7256	0.001280774123
7257	0.0004853202079
7258	0.00364870355
7259	0.0002384397487
7260	0.004430792172
7261	0.007646405906
7262	0.002143312936
7263	0.002391685988
7264	0.002967871341
7265	0.004785237548
7266	0.001427999591
7267	0.005729884049
7268	0.0009048325978
7269	0.002341178779
7270	0.001559221318
7271	0.0009349812076
7272	0.0001609689153
7273	0.001851666788
7274	9.264305176e-06
7275	0.0001515961475
7276	0.0001060521024
7277	0.001763098476
7278	0.003501916426
7279	0.001130677581
7280	0.003906236178
7281	1.035422348e-05
7282	0.001500407645
7283	0.0003438151747
7284	0.001052506959
7285	0.003975775488
7286	3.269754734e-06
7287	0.001412522189
7288	0.001650156254
7289	0.0009689029442
7290	0.003113256948
7291	0.002874799985
7292	0.001472264356
7293	6.67574932e-06
7294	0.0004004399161
7295	0.0004209677122
7296	0.01016388669
7297	0.002807488705
7298	0.003303343487
7299	0.01454813622
7300	5.449591288e-06
7301	0.005009529947
7302	0.001734841836
7303	0.00253805336
7304	3.665312309e-05
7305	1.86220319e-05
7306	0.002111617245
7307	0.003707578175
7308	0.0008750077427
7309	0.001048800532
7310	0.0007886688283
7311	2.179836508e-06
7312	2.179836508e-06
7313	0.003075139093
7314	0.001246040397
7315	0.002754582315
7316	1.675749317e-05
7317	0.003719656729
7318	6.494096513e-06
7319	0.006496575509
7320	0.001752185032
7321	0.0002086452555
7322	0.002118135821
7323	2.157129878e-05
7324	0.001253650208
7325	0.000745100843
7326	0.00159339379
7327	0.001302633193
7328	0.00181553251
7329	0.004696550483
7330	0.0003663586812
7331	0.0002044088826
7332	0.001020013411
7333	2.452316072e-06
7334	0.002013445112
7335	0.003168550726
7336	0.00109040698
7337	0.0007811251668
7338	5.177111674e-06
7339	0.003901490329
7340	0.001612657519