node_id	error
0	0.001784989935
1	0.003865332682
2	0.001889588305
3	0.00258472983
4	0.00335322463
5	0.003630007346
6	0.0001898010359
7	0.002549685785
8	0.00406963
9	0.001359532847
10	0.003292660991
11	0.003280677616
12	0.002718239336
13	0.003281064905
14	0.003269012949
15	0.003068679892
16	0.003902081771
17	0.005340216953
18	0.003490650245
19	0.004166469946
20	0.002873850356
21	0.001258580176
22	0.004189550731
23	0.001622338639
24	0.004569188621
25	0.004406022053
26	0.0006280411272
27	0.000997698002
28	0.000567823602
29	0.002052097322
30	0.00133587576
31	0.00196654063
32	0.006338831205
33	0.004397844374
34	0.004084246219
35	0.001179859623
36	0.003815392012
37	0.001572356508
38	0.004067590779
39	0.004188156675
40	3.542234363e-06
41	0.0001172297286
42	0.002851219071
43	0.002423254165
44	0.00307245213
45	0.003117500601
46	0.002827097565
47	0.003454065831
48	0.001443731206
49	0.003343975479
50	0.002823939803
51	0.004249093243
52	0.001441791258
53	0.003498478862
54	0.002978956782
55	0.001757930788
56	0.0005490257099
57	0.002997466144
58	0.003884995495
59	0.003045391216
60	0.001417259411
61	0.003327053964
62	0.002935033885
63	0.004195043676
64	0.002102100142
65	0.001976008308
66	0.002713218454
67	3.387375109e-05
68	3.188140639e-05
69	0.003306317095
70	0.002827921484
71	0.003482334274
72	0.001720276663
73	0.004348306287
74	0.003857099419
75	0.006227516104
76	0.001798650327
77	0.005206689039
78	0.004468049707
79	0.001379188296
80	0.00162740294
81	0.0001394976306
82	0.001941168985
83	0.0007057791422
84	0.003391070016
85	0.001111197121
86	0.001553076652
87	0.002442137672
88	0.003846941975
89	0.0003815015489
90	0.002097673237
91	0.002963444195
92	0.00227563881
93	0.0008220843741
94	0.001811269094
95	0.003209421367
96	0.003123593282
97	0.004447715707
98	0.002153627893
99	0.002694887103
100	0.002774497415
101	0.003014727076
102	0.004232341123
103	0.003651119563
104	0.001920023117
105	0.002021257108
106	0.001832865841
107	0.003013764178
108	0.001860635519
109	0.001867055853
110	0.001830976665
111	0.002061374963
112	0.002078837935
113	0.003079850255
114	0.003002375462
115	0.004093159724
116	0.00419072112
117	0.002705142632
118	0.003884408011
119	0.004262217167
120	0.003572583935
121	0.003081318169
122	0.00450741198
123	0.005793797222
124	0.005615435502
125	0.005705796637
126	0.003902345422
127	0.00207298976
128	0.002019540064
129	0.002469073215
130	0.004938117028
131	0.002616557462
132	0.002437109593
133	0.00575104574
134	0.004736806899
135	0.006396685692
136	0.001217210062
137	0.00196621412
138	0.003122083353
139	0.0009593575877
140	0.002086519981
141	0.0009843939648
142	0.002470914442
143	0.004709470603
144	0.001110745915
145	0.001736915799
146	0.001867267221
147	0.003137249147
148	0.001905011631
149	0.002863681337
150	0.005056655845
151	0.002826115462
152	0.000445606374
153	0.003903881557
154	0.002540946558
155	0.003217118757
156	0.004065733492
157	0.004536463051
158	0.002794179592
159	0.0001381078124
160	0.002456358368
161	0.0004843407733
162	0.002730957699
163	0.003265854091
164	0.004516987743
165	5.696491457e-05
166	0.002622603651
167	0.003456974607
168	0.003997743756
169	0.00106329823
170	0.004071237326
171	0.0002169386275
172	0.001913727104
173	0.003082038115
174	0.00198132037
175	0.001830768838
176	0.003031913033
177	0.001405987144
178	0.005799691452
179	0.002373594415
180	0.00212090644
181	0.001293832594
182	0.004129328461
183	0.004104501689
184	0.003549907976
185	1.819936421e-05
186	2.271798347e-05
187	5.585831059e-06
188	6.539509504e-06
189	0.003640119043
190	0.0001070716817
191	0.001521869178
192	0.002855864948
193	0.005909680877
194	0.003887282345
195	0.003106226385
196	0.002390454432
197	0.001077827051
198	0.001664409727
199	0.003174539272
200	0.0005147594271
201	0.0006582949043
202	0.0001945014855
203	0.002436121249
204	0.001362912792
205	0.0003341518387
206	0.000403943537
207	0.003750442075
208	0.0009786017519
209	0.002808349697
210	0.002550003421
211	0.003110729237
212	0.002559037223
213	0.002161204663
214	0.002992951756
215	0.001872727178
216	0.003372595272
217	0.002277791159
218	0.002593209937
219	0.002735653946
220	0.002844004332
221	0.003833062029
222	0.002140421299
223	0.003275787315
224	0.004399794872
225	0.001787671358
226	0.0002393678673
227	0.00470593943
228	0.002542778952
229	0.002681245388
230	0.003277631794
231	0.003977061174
232	0.003151258043
233	0.001159276816
234	0.002434106853
235	0.00387028291
236	0.001118727796
237	0.002447568596
238	2.043596733e-06
239	5.449591586e-07
240	0.0065184918
241	0.003124331322
242	1.634877384e-06
243	1.634877384e-06
244	0.003310812047
245	0.002371771372
246	0.004127922576
247	0.005760613906
248	0.004214851469
249	0.002880497206
250	0.00300163369
251	5.722070841e-06
252	3.405994546e-06
253	0.002787870323
254	0.003417305994
255	0.003583372906
256	0.003093051719
257	0.002204756086
258	0.004253488802
259	0.002202486864
260	0.00372552543
261	0.002505579876
262	0.003530030515
263	3.516802907e-05
264	0.0003382141337
265	0.002238117739
266	0.003699152837
267	0.00198443381
268	0.001794751531
269	0.003757469397
270	0.002572827037
271	0.002640193513
272	0.001460254424
273	0.003445830276
274	0.003418391003
275	0.001157979395
276	0.002261091105
277	0.003778954226
278	0.00394057945
279	0.003147942128
280	0.0002731178378
281	0.003717745751
282	0.004412677748
283	0.002534703239
284	0.004234784799
285	0.004445816184
286	1.118788131e-05
287	3.015116174e-05
288	0.004216945475
289	0.004195710291
290	0.00501089735
291	0.003763960499
292	0.003474937902
293	0.00341445899
294	0.003826283209
295	0.002532499166
296	0.006721626131
297	0.004880666443
298	0.00494498816
299	0.00245093209
300	0.002913400525
301	0.000871293504
302	0.001653497471
303	0.004056100189
304	0.003400796458
305	0.002189517985
306	0.002185701392
307	0.002484653981
308	0.003526377207
309	0.00398748974
310	0.003424319733
311	0.001814987492
312	0.001470957747
313	0.003409485999
314	0.005533652148
315	0.002329439742
316	0.003830443387
317	0.003205890841
318	0.004058078146
319	0.003841308883
320	0.003904844309
321	0.002670965201
322	0.001705976448
323	0.003845698772
324	0.003561798793
325	0.002627268419
326	0.003181423626
327	0.002507780907
328	0.0005227002702
329	0.001383380483
330	0.001078379743
331	0.001747265311
332	0.002737184837
333	0.003306244578
334	0.003499857795
335	0.003538662695
336	0.003917565912
337	0.0001629333877
338	0.001652077097
339	0.00105283657
340	0.002690207421
341	0.004575489449
342	0.003040700908
343	0.00362079635
344	0.003768916041
345	0.003017682465
346	0.003075916344
347	0.002529202291
348	0.004461005474
349	0.003869631805
350	0.003864729148
351	0.002897093421
352	0.0002519700425
353	0.00712085335
354	0.001634263729
355	0.002170185366
356	0.003498863512
357	0.004488289314
358	0.003805111308
359	0.003484243929
360	0.004047174203
361	0.007279462333
362	0.003422400441
363	0.001766349142
364	0.002207808987
365	0.008672548913
366	0.002181066452
367	0.006867464846
368	0.003542245683
369	0.00325104438
370	0.004489598552
371	0.003126998315
372	0
373	0.003100712532
374	5.971383915e-05
375	0.0004102735972
376	0.003780601472
377	0.003102878975
378	0.002495011176
379	0.005179629644
380	0.001688607126
381	0.002874607273
382	0.003911648017
383	0.002929865796
384	0.005594744092
385	0.00499114517
386	0.001749555673
387	0.003231276305
388	0.002929960222
389	0.004232999245
390	0.003886363625
391	0.003888267921
392	2.888283338e-05
393	2.871934642e-05
394	0.003886824172
395	0.003867641886
396	0.004453013295
397	0.000507184289
398	0.001355617262
399	0.0006634858011
400	0.001180140554
401	0.002536852682
402	8.793472474e-05
403	0.003399280057
404	0.003052776207
405	0.003987201031
406	0.003676542969
407	0.002625144206
408	0.0006941412247
409	0.001727117515
410	0.0005555281693
411	0.001013733675
412	0.006861756984
413	0.0004959902785
414	0.00290549862
415	0.001701201397
416	0.005470121419
417	0.00286359528
418	1.648501363e-05
419	3.40599421e-06
420	0.003217428809
421	0.002279785875
422	0.001129218988
423	0.001654887508
424	0.003345548024
425	0.007433537605
426	0.008001151019
427	0.003952561302
428	0.0003310144615
429	0.003879552681
430	1.253405994e-05
431	1.253405994e-05
432	0.0004735461748
433	0.001739005412
434	0.002468837023
435	0.002984314868
436	0.003804830185
437	0.0009915743256
438	0.002987009421
439	0.002084111364
440	0.002139334018
441	0.00686127975
442	0.0004303223701
443	0.004904866905
444	0.00277972755
445	0.003776538015
446	0.005830014139
447	1.430517712e-05
448	1.362397838e-06
449	0.003676783256
450	0.0008514460551
451	0.000411449273
452	0.004159314348
453	0.004394980263
454	0.001525619514
455	0.001623264577
456	0.001731102854
457	0.000437579509
458	0.00112705878
459	0.003053683913
460	0.001650135468
461	0.002064412771
462	0.003956273143
463	0.003643905036
464	0.003528391713
465	0.003727733838
466	0.002881647747
467	0.002720408216
468	0.002985072735
469	0.003023295155
470	0.00312721561
471	0.003369164467
472	0.003292574041
473	0.003121541136
474	0.002405671812
475	0.001055194048
476	0.003505639097
477	0.002130326285
478	0.003192074596
479	0.0008043004426
480	0.002155535673
481	0.001421139489
482	0.004912171841
483	0.003733008377
484	0.00012924169
485	0.004387314862
486	0.003674458302
487	0.004207790754
488	0.004065523261
489	0.006504663603
490	0.002013800756
491	0.001892201008
492	0.003097937809
493	0.001424451417
494	0.001214704415
495	0.001095004708
496	0.001927065183
497	0.004223905045
498	0.0001446607631
499	0.003096256042
500	0.0003209348932
501	0.003363079235
502	0.000729892821
503	0.00193587795
504	0.004474588167
505	0.003660779808
506	0.001884407799
507	0.001953532586
508	0.003042908745
509	0.004209820656
510	0.001706417847
511	0.0029745226
512	0.001805107877
513	0.00111875769
514	0.001393436507
515	0.002692606387
516	0.004967776018
517	0.002205903281
518	0.003499903486
519	0.002147813946
520	0.002183882741
521	0.003273131958
522	0.004585527012
523	0.002791761887
524	0.001799864904
525	0.001810774928
526	0.0007682997937
527	0.002827936329
528	0.002669015923
529	0.004432995343
530	0.002240324846
531	0.005356248237
532	0.002003029103
533	0.003761121387
534	0.002687361404
535	0.003562415434
536	0.0008393761125
537	0.002746925376
538	0.00328139043
539	0.002858397453
540	0.001431018593
541	0.0009718443265
542	0.002608165874
543	0.003519068723
544	1.494096276e-05
545	0.002761941193
546	0.003938409311
547	0.00505768241
548	0.004646988651
549	0.001254668446
550	0.003055161871
551	0.0003075348691
552	0.002909886939
553	0.004454811071
554	0.003645492261
555	0.003657790252
556	0.001691335325
557	0.00222420043
558	0.00107659388
559	0.004057091484
560	0.003857549218
561	0.0002916401644
562	0.005280502504
563	0.001808574355
564	0.002081412411
565	0.002055628481
566	0.0005186453797
567	0.003999642648
568	0.0009202386504
569	0.002442234378
570	0.002850328432
571	0.001139171538
572	0.005239359433
573	0.006321155254
574	0.004340305633
575	0.004128452747
576	0.003052315439
577	0.002801784829
578	0.002222302527
579	6.777904431e-05
580	0.004420551999
581	0.0004783389156
582	0.002719070204
583	0.003346950564
584	0.008357983205
585	0.002191482855
586	0.001673644606
587	0.001992702417
588	0.003516814722
589	0.002600187427
590	0.001336801487
591	0.001991164396
592	0.002882618261
593	0.002423261004
594	0.002601058663
595	0.002751533876
596	0.003535154354
597	0.001066588902
598	0.003824835117
599	0.003032232437
600	0.001261948934
601	0.002627766327
602	0.005223926115
603	0.002142540064
604	2.179836515e-06
605	2.179836515e-06
606	0.0006270968312
607	0.003201281926
608	0.003472664291
609	0.001081888821
610	0.002943496154
611	0.004122406236
612	0.003691731138
613	0.004136478924
614	0.001761414903
615	0.003093938072
616	0.004567401639
617	0.002368187881
618	0.003495246772
619	0.004567847883
620	0.001787319341
621	5.553436654e-05
622	0.004264726645
623	0.002772653528
624	0.002663388022
625	0.004255312114
626	0.008225075015
627	0.002655995906
628	0.001394215036
629	0.001547711871
630	0.004485756628
631	0.003560552802
632	0.001666374708
633	0.002401886972
634	0.002711970831
635	0.000991472624
636	0.001324959204
637	0.001183232753
638	0.00528837373
639	0.003704275781
640	0.00397465012
641	0.003834734592
642	0.0005617497126
643	0.005425098876
644	0.002485512822
645	0.00339798623
646	0.002157663752
647	0.002076589982
648	0.005931387746
649	0.00340673519
650	0.002705098589
651	6.087193486e-05
652	0.002846752015
653	0.003548807676
654	0.001457471343
655	0.003462061234
656	0.00322758517
657	0.001089149894
658	0.0008423575994
659	0.003267540216
660	0.00624968909
661	0.003292985324
662	0.003214089233
663	0.0001567990261
664	0.002948355154
665	0.003859709517
666	0.003347110788
667	0.003077666579
668	0.002646707452
669	0.002930932585
670	0.00301987899
671	0.004159503424
672	0.004551997228
673	0.004174893726
674	0.004297040148
675	0.000173276532
676	0.0002066727218
677	0.001012088629
678	0.006110798501
679	0.002106354528
680	0.001616889543
681	0.001440241485
682	0.001416019837
683	0.002115761455
684	0.003789715488
685	0.003736767072
686	0.003096971766
687	0.00421117246
688	0.003154053226
689	0.0002113474633
690	0.002849133774
691	0.002165903042
692	3.973660267e-06
693	1.180744806e-06
694	0.004504167687
695	4.427852892e-06
696	0.005817687079
697	0.00204452765
698	0.004126791074
699	0.002504110727
700	0.001866535845
701	0.004082063244
702	0.003971496607
703	0.005012209737
704	0.001714438184
705	0.004646249968
706	0.003547906598
707	0.0002907877322
708	0.003259543283
709	0.003218842202
710	0.002765808485
711	0.000287226944
712	0.0002341628326
713	0.0002223605038
714	2.329700274e-05
715	2.479564034e-05
716	0.0007903194533
717	0.001131259506
718	0.002252691185
719	0.004026148303
720	0.001817192765
721	0.003858402257
722	0.005365400068
723	0.003367484764
724	0.001469936245
725	0.003031974265
726	0.002962413399
727	0.001230061462
728	0.003093569601
729	0.003285452091
730	0.0001821490486
731	0.000331372466
732	0.007710905937
733	1.21253406e-05
734	9.264305175e-06
735	0.003971988721
736	0.0004695568544
737	0.003316630651
738	0.003208638595
739	0.004099362152
740	0.003313802196
741	0.002238817248
742	0.005673819633
743	0.0001341081436
744	0.001369580472
745	4.63215258e-06
746	1.226158042e-05
747	0.004185214378
748	0.001364473151
749	0.004346414042
750	0.001590069428
751	0.00275320362
752	0.0002900888411
753	0.005083739115
754	0.004455400278
755	0.0001204643913
756	0.001315571344
757	0.001194594276
758	0.001544165509
759	0.005823890933
760	0.003019546218
761	0.001786237344
762	0.003546776331
763	0.001073345889
764	0.0006219255188
765	0.005984975634
766	0.006304885108
767	0.002608703875
768	0.004157223155
769	0.00243807156
770	0.002566227614
771	0.0073658009
772	0.002049715458
773	0.001881089622
774	0.005852486472
775	0.005535852517
776	0.001548385274
777	0.0001102510005
778	0.001054458237
779	0.003800261708
780	0.003273302656
781	0.003204600341
782	0.003214793504
783	0.003298847408
784	0.003475924779
785	0.003606729664
786	0.003752720404
787	0.003732854795
788	0.004031833679
789	0.004332676412
790	3.133515012e-06
791	7.901907367e-06
792	1.416893732e-05
793	2.111716621e-05
794	0.003140399293
795	0.001382027103
796	0.000623144051
797	0.0008145244232
798	0.0006532434442
799	0.003477429507
800	0.0001531368396
801	0.001909967042
802	0.003846955933
803	0.004199812266
804	8.069936556e-06
805	5.504086708e-06
806	0.001100610177
807	0.0002970725311
808	0.002064870401
809	2.305404181e-05
810	0.0002897956154
811	0.001591879456
812	0.002848700551
813	0.0009598227826
814	0.001758086528
815	0.00474518506
816	0.001729727247
817	0.003438671223
818	0.004490385149
819	0.001391776881
820	0.002485831995
821	0.001306824052
822	0.0027727258
823	0.002787961683
824	0.0009211412633
825	0.002972600342
826	7.339326205e-05
827	0.003512189016
828	0.000431165516
829	0.003182001847
830	0.001302325955
831	0.002282280842
832	0.001439276009
833	5.177111693e-06
834	5.177111693e-06
835	0.003254637603
836	0.003658018706
837	0.003384227651
838	0.0063386519
839	0.002833947609
840	0.002966008674
841	0.002121633539
842	0.003418556274
843	0.003247270861
844	0.003685902405
845	0.002552380706
846	0.002848980751
847	0.001702172902
848	0.0004871842861
849	0.003310867902
850	0.004501097527
851	0.004009594669
852	0.0006427725744
853	0.002917885151
854	0.004880757544
855	0.0009171396111
856	0.004652389392
857	2.268052433e-05
858	7.262845468e-05
859	0.001048437174
860	0.001277695511
861	0.002403796376
862	0.00711746036
863	0.001421228635
864	0.003499912932
865	0.001715126492
866	0.006826231076
867	0.01149913467
868	0.0003482870468
869	0.004391643334
870	0.003848614016
871	0.00278717251
872	0.003781941691
873	0.004910918775
874	0.004140098465
875	0.0004429865436
876	0.002853121877
877	0.006131290412
878	0.003886913962
879	0.0043988203
880	0.003669256988
881	0.003324857171
882	0.002813868776
883	0.003279448366
884	4.087193457e-06
885	3.814713875e-06
886	0.003901937178
887	0.006249325631
888	0.002842471906
889	0.0008179635102
890	0.001135003088
891	0.001524254117
892	0.00207289549
893	0.006094855741
894	0.006014874044
895	0.001750733934
896	0.0003895681271
897	0.0008713531263
898	0.001826389285
899	0.002958451191
900	0.002628125808
901	2.96171473e-05
902	0.004805198202
903	0.00464264992
904	0.002323970446
905	1.062670296e-05
906	1.430517712e-05
907	0.003110128764
908	0.002209920937
909	0.002707615406
910	0.001684367197
911	0.001092079457
912	0.00421652049
913	0.0008173141946
914	0.003478634364
915	0.004911581362
916	0.0002806473209
917	0.001521406874
918	0.002454531605
919	0.003103874305
920	0.002785168303
921	0.004773349958
922	0.004330001372
923	0.003997210134
924	0.003998610056
925	0.002418125842
926	0.0001742254506
927	0.003786617096
928	2.111716624e-05
929	4.523160788e-05
930	0.002326009635
931	0.000787473046
932	0.0008959411031
933	0.004422800878
934	0.003946956943
935	0.001220318499
936	0.003605243055
937	0.001066648942
938	0.000436356594
939	0.002496278154
940	0.001751419776
941	1.394641235e-05
942	7.815213398e-05
943	8.305394976e-05
944	0.001100530038
945	9.704742474e-05
946	0.0003123263815
947	0.0001905145908
948	0.0002215396651
949	0.003783742963
950	0.005003154222
951	0.004771662624
952	0.004269512912
953	0.004571910506
954	0.001893041309
955	0.004090687178
956	0.004296992847
957	0.003103301907
958	0.00245907385
959	0.003079375661
960	0.003890271323
961	0.0006522240839
962	0.002546078742
963	0.002375644681
964	0.004530339056
965	0.003180387434
966	0.006321868292
967	0.003820953255
968	0.002766138873
969	0.003130008802
970	0.00245340136
971	0.003275861723
972	0.004903744953
973	0.00102898129
974	0.00190614704
975	0.003972613946
976	0.001299854687
977	0.002447517971
978	0.005531128731
979	0.003981282483
980	0.0006808864427
981	0.00265672873
982	0.001757891363
983	0.003092307408
984	0.002891190357
985	0.006059294118
986	0.004233794914
987	0.005618860106
988	0.004286573178
989	0.003934834527
990	0.006846172368
991	0.0006241617603
992	0.002005256345
993	0.001986988309
994	0.002246464554
995	8.174386905e-07
996	8.174386905e-07
997	0.005362359708
998	0.005195903314
999	0.001709178866
1000	2.995496413e-05
1001	0.002253925644
1002	0.004047896052
1003	0.008570091804
1004	0.001808223856
1005	0.004391524908
1006	0.000659245482
1007	0.004116890244
1008	0.0061406905
1009	0.004709826874
1010	0.00272183731
1011	0.003438181652
1012	0.005396454383
1013	0.004538096388
1014	0.002215009827
1015	0.0003164816185
1016	1.553133515e-05
1017	6.267029971e-06
1018	0.001682241199
1019	0.001610933634
1020	0.00748907883
1021	0.002899839924
1022	0.00227283839
1023	0.004115845785
1024	0.001984475447
1025	0.00267400684
1026	0.001388223914
1027	0.003453298915
1028	0.007948767085
1029	0.001920298832
1030	5.306142709e-05
1031	0.004718191162
1032	0.00156962738
1033	0.003114853636
1034	0.0009430722459
1035	0.004698185903
1036	0.002692944484
1037	0.002996878038
1038	0.004747094409
1039	0.003820677988
1040	0.003325672554
1041	0.002852481935
1042	0.005956200316
1043	0.001066822012
1044	0.001984425563
1045	0.003074857731
1046	0.001101969086
1047	0.002762681862
1048	0.004680021386
1049	0.002440688462
1050	0.0002756264016
1051	0.003980921617
1052	0.00282565636
1053	0.002289919832
1054	0.003427678479
1055	0.01399102787
1056	0.004235000651
1057	0.003851435154
1058	0.001214848978
1059	0.002747277534
1060	0.003887002932
1061	0.002682439274
1062	0.003740820582
1063	0.002243591699
1064	0.001183971906
1065	0.003177340376
1066	0.003760972776
1067	0.002286711773
1068	0.005129123403
1069	0.003156588094
1070	0.00388427709
1071	0.001043603715
1072	0.001695884973
1073	0.003907648151
1074	0.002392145363
1075	0.003697770083
1076	0.007166749187
1077	0.005418075051
1078	0.003351851576
1079	0.005699414822
1080	0.00415742811
1081	0.0006568977105
1082	4.208325722e-05
1083	0.003653297026
1084	0.001906882976
1085	0.00275597265
1086	0.003019176714
1087	0.002503988164
1088	0.002303917621
1089	0.001126964595
1090	0.0002635107851
1091	0.003568495585
1092	0.008948751807
1093	0.004477174374
1094	0.0007961904768
1095	1.362397608e-07
1096	2.452316088e-06
1097	0.005744521213
1098	0.007668835774
1099	0.003346355301
1100	0.002484026116
1101	0.0004596449027
1102	0.00339770723
1103	0.002988802378
1104	0.001426204573
1105	0.000402573658
1106	0.008921363576
1107	0.006865300558
1108	0.003242055215
1109	0.001853225848
1110	0.001126790782
1111	0.0007141969059
1112	0.003298925079
1113	0.0007230418078
1114	0.003079298505
1115	0.006022974681
1116	0.0005923848752
1117	0.001672372817
1118	0.001715148882
1119	0.002219167567
1120	0.003763201443
1121	0.003822231017
1122	3.528610356e-05
1123	3.160762942e-05
1124	0.003255852207
1125	0.0009930745456
1126	0.003181486968
1127	0.003231901948
1128	0.003127982214
1129	0.003731865396
1130	0.001125528574
1131	0.0003977224279
1132	0.0004689245477
1133	0.003325709284
1134	0.00454589539
1135	0.00369516063
1136	0.003039412849
1137	6.878041353e-05
1138	2.568166196e-05
1139	0.003830158546
1140	0.003928496217
1141	0.0009813597
1142	9.903332631e-05
1143	0.002982085894
1144	0.002563232115
1145	0.002966526718
1146	0.003199149461
1147	0.004374933805
1148	0.003716108149
1149	0.002271292144
1150	0.003597498809
1151	0.00230126153
1152	0.001500434922
1153	0.004238358745
1154	0.006733301868
1155	0.005122029252
1156	0.002376211352
1157	0.003799494784
1158	0.003485485473
1159	0.006372315262
1160	0.0009819935428
1161	0.004274980102
1162	0.002420191261
1163	0.001340054102
1164	0.003311105452
1165	0.003096399988
1166	0.001979853918
1167	0.002620976926
1168	0.003652445282
1169	0.005582399027
1170	0.002251225703
1171	0.002670741389
1172	0.005353397586
1173	0.002314231004
1174	0.002676123701
1175	0.002587436702
1176	0.0009376310468
1177	0.004607889186
1178	0.0003299165403
1179	0.005849533008
1180	0.004217007776
1181	0.00394928514
1182	0.002402413076
1183	8.583106265e-06
1184	1.907356952e-06
1185	0.003920753695
1186	0.002465536233
1187	0.003391953419
1188	0.001656048248
1189	0.002048081369
1190	0.003446208081
1191	0.004499845894
1192	0.0003529268555
1193	0.003062083698
1194	0.0009146209148
1195	0.003221387133
1196	0.002816327419
1197	0.002277388658
1198	1.089918256e-06
1199	0.002286626022
1200	8.174386887e-06
1201	2.86103538e-06
1202	0.002709842621
1203	0.003649448425
1204	0.002172453688
1205	0.000898435037
1206	0.001008469761
1207	0.001304747494
1208	0.002218680031
1209	0.003674627717
1210	4.778952807e-05
1211	0.0002707985194
1212	0.003140497432
1213	0.003211485438
1214	0.003448182891
1215	0.003362368713
1216	0.003169074433
1217	0.002866597032
1218	0.0007872113498
1219	0.002188086793
1220	0.002084317238
1221	0.005101949193
1222	0.008570015801
1223	0.002351943599
1224	0.001858541198
1225	0.006352266484
1226	0.003594066156
1227	0.0001112646754
1228	0.0004914934406
1229	0.005462746305
1230	0.002252869774
1231	0.002762289039
1232	0.004463952766
1233	0.002354488825
1234	0.003098353589
1235	0.002018450521
1236	0.002520469901
1237	0.003437757433
1238	0.004326576653
1239	0.001927044043
1240	0.001694145082
1241	0.004991802974
1242	0.003294933666
1243	0.00398880511
1244	0.002961295129
1245	0.003674261813
1246	0.0004345622959
1247	0.0005178820188
1248	0.0004722415053
1249	4.023491955e-05
1250	0.002441732366
1251	0.003102079699
1252	0.0007806771413
1253	0.002420321498
1254	0.001839817031
1255	0.0004307821844
1256	0.004024624772
1257	0.0008180488786
1258	0.003156286615
1259	0.002987087937
1260	2.259309679e-05
1261	0.005734104409
1262	0.002299161178
1263	0.000862606671
1264	0.001664039612
1265	0.002224761266
1266	0.0008260703382
1267	0.004055014118
1268	5.44959129e-07
1269	2.724795608e-07
1270	0.003466702287
1271	0.001018133903
1272	0.003552468664
1273	0.001222091106
1274	0.00619540466
1275	0.001524746886
1276	0.004384259434
1277	0.001903569667
1278	0.0006692883748
1279	0.004188952624
1280	8.521222979e-05
1281	0.005102349821
1282	0.0006721970655
1283	0.002977787452
1284	0.002144767521
1285	0.005988915526
1286	3.950953678e-05
1287	0.003892806096
1288	0.001974558823
1289	0.003223897625
1290	0.003613749584
1291	0.003946415363
1292	0.003277094952
1293	8.55131698e-05
1294	0.005714054494
1295	0.003183899737
1296	0.0003292702536
1297	0.003921472639
1298	0.002237136506
1299	0.001273325932
1300	0.01265369607
1301	0.002348815314
1302	0.001113467861
1303	0.001119246492
1304	0.003955092761
1305	9.878188329e-05
1306	0.001557412332
1307	0.00135247699
1308	0.002279783112
1309	0.003237419577
1310	0.002245467071
1311	0.004999604937
1312	0.003811907158
1313	0.008364569006
1314	0.004428238883
1315	0.001444445695
1316	0.006612522321
1317	1.655313356e-05
1318	2.415985469e-05
1319	0.002484720037
1320	0.002340480496
1321	0.006943841172
1322	0.002634041501
1323	3.385014797e-05
1324	0.002682117752
1325	0.004178730772
1326	0.002416108708
1327	0.001669027517
1328	0.002177391065
1329	0.002116325731
1330	0.00049649729
1331	0.001026011301
1332	0.002847846915
1333	0.007002777763
1334	0.006435732994
1335	0.0010228666
1336	0.003618905587
1337	0.0008147809848
1338	4.588153823e-05
1339	4.768391949e-07
1340	0.001169496458
1341	0.001510000712
1342	0.004295545798
1343	0.002636511676
1344	0.001560278424
1345	4.087193458e-06
1346	4.087193458e-06
1347	0.00178231822
1348	0.003333646655
1349	0.002365343816
1350	0.003838873609
1351	0.003473796226
1352	0.001920248564
1353	5.737272612e-05
1354	0.0002732544952
1355	0.00468969241
1356	0.004896632741
1357	0.004057181147
1358	0.002226519825
1359	0.001145034997
1360	0.001942656527
1361	0.001911248276
1362	0.002298087475
1363	0.002753622833
1364	0.004686614128
1365	0.007737459962
1366	0.001854885477
1367	0.004832841539
1368	0.001217315294
1369	0.000172948012
1370	0.001261475415
1371	0.003487065577
1372	1.307759351e-05
1373	0.005512867377
1374	0.0002677343709
1375	0.001076948371
1376	0.002465534767
1377	0.001203583301
1378	0.003291850093
1379	0.000465109424
1380	1.771117168e-06
1381	0.003625199294
1382	0.001454615204
1383	0.001084247356
1384	0.003617276762
1385	0.004528383406
1386	0.003596285071
1387	0.001635051675
1388	0.0006697398315
1389	0.001890851782
1390	0.004040498476
1391	0.004562174851
1392	0.001248358452
1393	0.0005876673492
1394	0.003589406294
1395	0.003768124837
1396	0.003460397339
1397	0.007658880455
1398	0.003165423228
1399	0.003283448565
1400	0.001948500252
1401	6.081970938e-05
1402	0.002320096685
1403	0.004675059696
1404	0.001063013143
1405	0.001990577804
1406	4.518619434e-06
1407	7.356948203e-06
1408	0.004168452197
1409	2.016348774e-05
1410	1.089918252e-05
1411	0.001550255904
1412	0.002073792388
1413	0.004629310516
1414	0.003360243941
1415	0.001966713774
1416	0.001625246481
1417	0.001974705305
1418	0.002952161687
1419	0.002562575747
1420	0.001816041082
1421	0.001595848872
1422	0.001158024407
1423	0.001291188084
1424	0.00422486934
1425	0.003032977451
1426	0.002139145269
1427	0.0006923900681
1428	0.002632345159
1429	0.002515505065
1430	9.536784741e-06
1431	9.536784741e-06
1432	0.001383090749
1433	0.000741212037
1434	0.003491201688
1435	0.002024744101
1436	4.431736968e-05
1437	0.000308676873
1438	0.002946346789
1439	0.005426215867
1440	0.0001244754501
1441	0.00777851119
1442	0.003865542874
1443	0.005648710698
1444	0.001160841435
1445	0.004906627681
1446	0.002346673717
1447	0.0009124944531
1448	0.001109491831
1449	0.0026515127
1450	0.006161462454
1451	0.003972045732
1452	0.003855860767
1453	0.003867513088
1454	0.004805801686
1455	0.002388954628
1456	0.004652347028
1457	0.001797566954
1458	0.003623008937
1459	0.001836803208
1460	0.0006930259724
1461	0.001012702417
1462	0.0002618920375
1463	0.002617124775
1464	0.001823652464
1465	0.002349239966
1466	0.003747828842
1467	0.003450684104
1468	0.0008623843146
1469	0.001026359705
1470	0.004155238633
1471	0.002933752634
1472	0.00398603608
1473	0.002680819627
1474	0.004616429972
1475	0.004021510129
1476	0.002753601416
1477	0.004794090129
1478	5.585831059e-06
1479	0.0003350498417
1480	0.001419497342
1481	0.003025820107
1482	0.003810524649
1483	0.002181687073
1484	0.0002484758576
1485	0.004100324006
1486	0.00557947886
1487	0.004621708015
1488	0.006898213631
1489	0.003654124744
1490	0.0008551902157
1491	0.00216973654
1492	0.01142287269
1493	0.008400648821
1494	0.002133355531
1495	0.00444298961
1496	0.004032703392
1497	0.003582028516
1498	0.004144431833
1499	0.0006470520462
1500	0.002981517176
1501	0.003067807304
1502	0.004089438487
1503	3.501362397e-05
1504	0.002386020811
1505	0.0005108364679
1506	0.0003385746438
1507	0.01021552473
1508	0.002135242031
1509	0.002788212222
1510	0.00137141111
1511	0.003400433471
1512	0.005677772274
1513	0.003648025662
1514	0.003805401772
1515	0.003132531876
1516	0.007127734937
1517	0.003563769013
1518	0.002443745877
1519	0.002714944952
1520	0.002653032007
1521	0.001485028337
1522	0.001543237855
1523	0.002103011678
1524	0.01293310482
1525	0.00660475614
1526	0.005548764418
1527	4.81396062e-05
1528	0.001307841871
1529	0.008961240607
1530	0.0003955577547
1531	0.002669477597
1532	0.00192756329
1533	0.005300286391
1534	0.00091635183
1535	0.003677838922
1536	0.0007413747436
1537	0.0001780127193
1538	0.004775650436
1539	0.00023664585
1540	0.0003852406653
1541	0.0006420975965
1542	0.004925634984
1543	0.000795221673
1544	0.002367855524
1545	0.002550765027
1546	0.002926680493
1547	0.00272385831
1548	0.003846851101
1549	0.005104427118
1550	0.002750489858
1551	0.002831278779
1552	0.003032473027
1553	0.0007497691025
1554	0.003051972493
1555	0.002672789688
1556	0.004052664963
1557	0.003492509241
1558	0.003734571647
1559	0.001326316819
1560	0.0006892413451
1561	0.001110850167
1562	1.634877425e-06
1563	1.117166211e-05
1564	0.006850579554
1565	0.002405708656
1566	0.00117763401
1567	0.003121697458
1568	0.000457338677
1569	0.0006359480941
1570	1.089918274e-06
1571	1.089918274e-06
1572	0.002212630207
1573	0.000535000075
1574	0.001920594238
1575	0.004493206295
1576	0.0009846932621
1577	0.003650131205
1578	0.003654694583
1579	0.002822176543
1580	0.004725164387
1581	0.001348249641
1582	0.000271626159
1583	0.001999626868
1584	0.002290877137
1585	0.001098093349
1586	0.003219647578
1587	0.002815473002
1588	0.002923468803
1589	0.00123559451
1590	0.004684068556
1591	0.0009330327368
1592	0.0003403976585
1593	0.001836317095
1594	0.007462891308
1595	0.003720325567
1596	0.003358486956
1597	0.001504648993
1598	0.0002135460909
1599	0.002838838081
1600	0.004084417641
1601	0.003485307688
1602	0.008129649677
1603	0.004542121118
1604	0.003433082348
1605	0.004155317623
1606	0.001083729978
1607	1.089918256e-06
1608	1.607629428e-05
1609	0.004580418608
1610	9.673024572e-06
1611	0.004557353054
1612	0.001526358817
1613	0.0008229657801
1614	0.001017431414
1615	0.001296351993
1616	0.002403960059
1617	8.646264214e-05
1618	0.004240062025
1619	0.006993660132
1620	0.003381338388
1621	0.001655150062
1622	0.001895228432
1623	0.00242174604
1624	0.004056829619
1625	0.003169596561
1626	0.004294474386
1627	0.004061945835
1628	0.001905571843
1629	0.0002935644823
1630	0.001565317883
1631	0.00399874354
1632	0.002974862569
1633	0.001856620994
1634	0.001076393253
1635	0.0001165805968
1636	0.006241339927
1637	0.008142947347
1638	0.00202670931
1639	0.002411066243
1640	0.00404627933
1641	0.00223613737
1642	0.002946611742
1643	0.007453436671
1644	0.002860622214
1645	0.002933539603
1646	0.002823947837
1647	0.001935215809
1648	1.362397819e-05
1649	3.678474114e-06
1650	0.001903106751
1651	0.002862393914
1652	0.001561897973
1653	0.0003534802507
1654	0.002626176256
1655	0.00467536381
1656	0.004660090282
1657	0.002636429103
1658	0.007005649889
1659	0.004746445303
1660	0.004005933642
1661	0.004492321147
1662	0.004812225843
1663	0.004142318218
1664	0.002128545996
1665	0.003509567078
1666	0.00280731919
1667	3.828337872e-05
1668	0.002229282049
1669	2.574062093e-05
1670	0.0007321001198
1671	0.001374321463
1672	0.002714912923
1673	0.001409023406
1674	0.0002366073414
1675	0.0008221030464
1676	0.005464345225
1677	0.001914371159
1678	0.001068300413
1679	0.00367577716
1680	0.008500203151
1681	0.004182191859
1682	0.003133293172
1683	0.005944907755
1684	0.0007780342215
1685	0.006156811914
1686	0.004557184215
1687	0.002669241976
1688	0.0003477154063
1689	0.00461990365
1690	0.005268338503
1691	0.00257593046
1692	0.005061706277
1693	0.003900675288
1694	0.003586139653
1695	0.001985117081
1696	0.003459419322
1697	0.002648247336
1698	0.004018304056
1699	0.004115015079
1700	0.001671650398
1701	0.002712012995
1702	0.0004344310375
1703	0.004764706989
1704	0.001468971012
1705	0.002471416042
1706	0.005547094592
1707	0.003656625974
1708	0.002826804245
1709	0.0009257668532
1710	0.002286874208
1711	0.00356665766
1712	0.003079083856
1713	0.003793396801
1714	0.001948645518
1715	0.01012856105
1716	0.003278827313
1717	0.003678505596
1718	0.001505163194
1719	0.00444298562
1720	0.003276838051
1721	0.0002139115351
1722	0.001686056138
1723	0.002892881041
1724	0.00640934646
1725	0.002047111864
1726	0.004431052261
1727	0.007218993841
1728	0.002604088169
1729	0.002402667217
1730	0.00177507265
1731	0.006527392927
1732	0.000825333516
1733	0.003888433833
1734	0.00314206963
1735	0.007877184434
1736	0.0001274912731
1737	0.004552941369
1738	0.001823895302
1739	0.004755127184
1740	0.0062850282
1741	0.003668774043
1742	0.002977449575
1743	0.001269630421
1744	0.004565643651
1745	0.001371439791
1746	0.003605657514
1747	0.001634434917
1748	0.00234220493
1749	4.632152632e-06
1750	4.632152607e-06
1751	8.1597898e-05
1752	1.903075125e-05
1753	0.0009473167303
1754	0.0004279894476
1755	0.0006475278846
1756	0.001292585172
1757	0.0003633200598
1758	0.002210764382
1759	0.002310479272
1760	0.0003414715237
1761	0.003882834379
1762	0.0009258370444
1763	0.002975031366
1764	2.584040534e-05
1765	0.007750455676
1766	0.002573750663
1767	0.003506097689
1768	0.001238834771
1769	0.006986417211
1770	0.005230663419
1771	0.002308486609
1772	0.003400668675
1773	0.001827472129
1774	0.0004151305047
1775	0.001876602051
1776	0.0007280218585
1777	0.002119309503
1778	0.00343447252
1779	0.001271852823
1780	0.003095964763
1781	0.0003181775469
1782	0.006637468725
1783	0.003467199723
1784	0.002060911004
1785	0.004933325178
1786	0.0003726939543
1787	0.001917465872
1788	0.003249416262
1789	0.003816459208
1790	2.452316085e-06
1791	2.452316085e-06
1792	0.0002070415235
1793	0.005149233621
1794	0.002325769176
1795	0.003945352287
1796	7.720254738e-08
1797	1.634877379e-06
1798	8.17438703e-07
1799	0.003304172834
1800	0.0009780796822
1801	0.0004801265902
1802	0.002980010267
1803	0.004232502756
1804	0.002966563762
1805	0.005498300809
1806	0.003927672313
1807	0.00306254527
1808	0.002522752225
1809	0.001588185361
1810	0.001853421451
1811	0.005633582218
1812	0.001710341668
1813	0.0009640673145
1814	0.003294913008
1815	0.0006312905053
1816	0.001008116929
1817	0.001944914342
1818	0.00359637871
1819	0.002666504284
1820	0.00259296226
1821	0.006233732526
1822	0.003690335185
1823	0.0002037061444
1824	0.002260710166
1825	0.002371280446
1826	8.208724886e-05
1827	0.001928272533
1828	0.003932428324
1829	0.002340221256
1830	0.002674921085
1831	0.0009425079498
1832	0.0007642894527
1833	0.001061520926
1834	0.002878714096
1835	0.000270612432
1836	0.003126190286
1837	0.0007044523118
1838	0.0005117385202
1839	0.001422224495
1840	0.005644914294
1841	0.00365394022
1842	0.001616046612
1843	0.002687234382
1844	0.001140587732
1845	0.002014795915
1846	0.003765929788
1847	0.00351198144
1848	0.004810733786
1849	0.00314089574
1850	0.004963843709
1851	0.003938031889
1852	0.001256968045
1853	0.002658652965
1854	0.003314931282
1855	0.0005877857238
1856	0.0002815057788
1857	6.197183213e-06
1858	0.00103591837
1859	0.001334007432
1860	0.003997118656
1861	0.005998519502
1862	0.0001413007715
1863	0.01028500055
1864	0.0009130303694
1865	0.0008801448308
1866	0.001975012112
1867	0.003580843243
1868	0.001677276562
1869	0.002919924785
1870	0.0008614709003
1871	0.00210187806
1872	0.003504670666
1873	0.002088056895
1874	0.003689301074
1875	0.003654671821
1876	0.002304413993
1877	0.0006915821947
1878	0.001280088742
1879	0.002420073453
1880	0.002026181373
1881	0.002879781951
1882	0.001545908025
1883	0.001737283087
1884	0.003641114446
1885	0.001325477696
1886	0.0008235581699
1887	0.006362454245
1888	0.003308861449
1889	0.001467473486
1890	0.001770635449
1891	0.005559359307
1892	0.001228642144
1893	0.002925414066
1894	0.0004985013323
1895	0.003329028179
1896	0.0002176480136
1897	0.001880566118
1898	0.00252494978
1899	0.0006893953219
1900	0.001539563832
1901	0.003686270743
1902	0.002854099518
1903	0.003392725011
1904	0.003899855699
1905	0.00356174983
1906	0.002970155163
1907	0.004090794939
1908	0.004277583285
1909	0.004276332955
1910	4.359673025e-06
1911	4.359673025e-06
1912	8.051124478e-05
1913	8.927255539e-05
1914	0.002571081331
1915	0.001457881942
1916	0.004791669026
1917	0.00447202968
1918	0.002337377247
1919	0.002805027855
1920	0.002903605381
1921	0.001369162314
1922	0.0001154647081
1923	0.000315446624
1924	0.0003556125196
1925	0.004128021292
1926	0.003101614002
1927	0.00323639276
1928	0.001184354821
1929	0.0008950821714
1930	0.002124512672
1931	0.0008405894212
1932	0.005753211584
1933	0.002513147996
1934	0.004050093144
1935	0.0005344532606
1936	0.002229447373
1937	0.0003773295567
1938	0.003417685174
1939	0.002455894787
1940	0.0001473027702
1941	0.001925554362
1942	0.001070728152
1943	0.007848295293
1944	0.001261800901
1945	0.001705775861
1946	0.003446533836
1947	0.001637328502
1948	0.002075201319
1949	0.001710879383
1950	0.006955252328
1951	0.0009313135208
1952	0.00212533506
1953	0.0008493510295
1954	0.00107470515
1955	0.00134005467
1956	0.001929702757
1957	0.001233099819
1958	0.004812523023
1959	0.005448207831
1960	0.003903096603
1961	0.004350900907
1962	0.004438782689
1963	0.002619664724
1964	0.00337086856
1965	0.001803069395
1966	0.0007103793584
1967	0.00130032617
1968	0.004096648398
1969	0.001128419584
1970	0.001922448896
1971	0.00126589624
1972	0.001967300209
1973	0.001012690602
1974	0.001073328562
1975	0.003369308171
1976	0.00455160994
1977	0.0002941704626
1978	0.001368007248
1979	0.003179238608
1980	0.004479683707
1981	0.003017477967
1982	0.0001069434856
1983	0.002365975928
1984	0.003078878415
1985	0.002502759602
1986	0.003834920883
1987	0.001252723522
1988	9.362154793e-05
1989	0.0005941301148
1990	0.001043486972
1991	0.003115865211
1992	0.007415667864
1993	0.008490683017
1994	0.004107371578
1995	0.00101485126
1996	8.446866489e-06
1997	1.634877385e-05
1998	0.003223540708
1999	0.002684833499
2000	0.0005049577148
2001	0.003238712826
2002	0.004552476075
2003	7.228315812e-05
2004	0.005705168865
2005	0.003448716716
2006	0.001204769016
2007	0.0005379148553
2008	0.004344781017
2009	0.0007560941644
2010	0.005054557345
2011	0.001707527082
2012	0.005164023493
2013	0.003232151418
2014	0.0001288130259
2015	0.003628258908
2016	0.002968978937
2017	0.0007966442262
2018	0.0005753091876
2019	0.001422053045
2020	0.003661554511
2021	3.542234332e-06
2022	0.005507632386
2023	0.003237124543
2024	0.001292419118
2025	0.001635754935
2026	0.01049671922
2027	0.002655905597
2028	0.004189799851
2029	0.002133787177
2030	0.0003818913644
2031	0.003465582966
2032	0.002221189571
2033	0.002660162478
2034	0.001443405035
2035	0.003051065035
2036	0.002635470362
2037	0.0005644722295
2038	0.002056449786
2039	0.0001521882486
2040	0.001422507819
2041	0.001430608827
2042	0.008184306775
2043	0.002150132043
2044	0.0007669521062
2045	0.002659936997
2046	0.007403053393
2047	0.004733229163
2048	0.003082502342
2049	0.001035138727
2050	0.004956977471
2051	2.043596772e-06
2052	1.907356907e-06
2053	0.003371001043
2054	0.004081381517
2055	0.00246511334
2056	0.005769972382
2057	0.002938118752
2058	0.002124346579
2059	0.003209018732
2060	0.001712468713
2061	0.003825009077
2062	0.003588212221
2063	0.003581147445
2064	0.001869214054
2065	0.004450554502
2066	0.001589993866
2067	0.0009699678015
2068	0.001611155342
2069	0.002772379704
2070	0.002939710409
2071	0.001916658867
2072	0.001791458196
2073	0.0005044621071
2074	0.003406195454
2075	0.007492875889
2076	0.004680178591
2077	0.001400864963
2078	0.001350698047
2079	0.0005844371959
2080	0.003586613245
2081	0.004766179954
2082	9.548797543e-05
2083	0.003076990877
2084	0.0001675500388
2085	0.003404086893
2086	0.002811000119
2087	0.004898434076
2088	0.001229341101
2089	0.001324228734
2090	0.001658314076
2091	0.000998971773
2092	0.0008197251264
2093	0.002191434952
2094	0.003101651265
2095	0.002776588681
2096	0.003726410748
2097	0.002080279654
2098	0.003163407606
2099	0.005933361425
2100	0.004134377057
2101	0.003004852902
2102	0.0008970795316
2103	0.003086346968
2104	0.001357912847
2105	0.00644389315
2106	0.003464210878
2107	0.00337421232
2108	0.0004263394726
2109	0.0001965118173
2110	0.004173174558
2111	0.0009878534437
2112	0.004334658905
2113	0.003082238467
2114	0.00324316834
2115	0.009219410562
2116	0.002007763724
2117	0.002328020901
2118	1.226158042e-05
2119	9.536784692e-06
2120	0.005412349895
2121	0.01049073707
2122	0.00274548856
2123	0.001725837606
2124	0.002336269113
2125	0.003727025136
2126	0.00100132124
2127	0.003271691638
2128	0.002263380648
2129	0.0004501569301
2130	0.003897886186
2131	0.001400301776
2132	0.00310456662
2133	0.002033501828
2134	0.0005355425397
2135	0.005936677638
2136	0.0006758256231
2137	0.001223148594
2138	0.002255532245
2139	1.991884036e-05
2140	0.003496205069
2141	0.004452374718
2142	0.0004257305948
2143	0.004066587705
2144	0.001161843489
2145	0.004798306723
2146	0.001221772736
2147	4.495912806e-06
2148	4.904632201e-06
2149	0.0009485946082
2150	0.005834226261
2151	9.997316994e-05
2152	4.087193415e-06
2153	1.771117149e-06
2154	0.002828852253
2155	0.004852697039
2156	0.0001596885915
2157	0.002832460577
2158	0.007050374841
2159	1.226158038e-06
2160	1.253405994e-05
2161	0.001884157053
2162	0.009881487211
2163	0.003763170721
2164	0.004720329426
2165	0.001101280339
2166	0.002755577886
2167	0.002641287471
2168	0.003220436024
2169	0.002109776227
2170	0.003214284423
2171	0.0004510180403
2172	0.002255517791
2173	0.001888038843
2174	0.001349616092
2175	0.00243599059
2176	0.001104002636
2177	0.0002066291768
2178	0.0005318478366
2179	0.001902450995
2180	0.0061346109
2181	0.004022108266
2182	0.002065562613
2183	0.0006334180107
2184	0.005128961641
2185	7.62942778e-06
2186	8.174386894e-06
2187	0.0003199418963
2188	0.003006482406
2189	9.357354862e-06
2190	0.003952397502
2191	0.000334285612
2192	0.006547730427
2193	0.001715986485
2194	0.003657562265
2195	0.001327421126
2196	0.003491848238
2197	0.002241223533
2198	0.003598937254
2199	0.003690867459
2200	0.001985452429
2201	0.005259022425
2202	0.002046992486
2203	0.004289257625
2204	0.0004009602704
2205	0.002557424628
2206	0.002150758762
2207	0.0003405203091
2208	0.003097714522
2209	0.003688149903
2210	0.00406653706
2211	0.006012327052
2212	0.005806217041
2213	0.0004464750948
2214	0.002350442306
2215	0.001146898601
2216	0.002107004427
2217	0.00335769742
2218	0.0009251571955
2219	0.001121369771
2220	0.004248142423
2221	0.0001707509694
2222	0.001972795074
2223	0.004774222163
2224	4.355571049e-05
2225	0.0007945224989
2226	0.006793966663
2227	0.002372917789
2228	3.814713896e-05
2229	0.00183929235
2230	0.002880273378
2231	0.007312162455
2232	0.002085640692
2233	0.01218532849
2234	0.0007441727841
2235	0.002929172133
2236	0.004089139324
2237	3.732970028e-05
2238	0.00154749297
2239	0.001031426615
2240	0.002027858091
2241	0.003077529056
2242	0.003485439722
2243	4.598092618e-06
2244	0.002246334481
2245	0.001035717558
2246	1.624659402e-05
2247	0.002163117414
2248	0.002379735355
2249	0.0008114481263
2250	0.0005778082093
2251	0.002245604816
2252	0.0002292677247
2253	0.001249400532
2254	0.0006122945277
2255	0.001285369721
2256	0.002990271395
2257	0.002737279439
2258	0.0002078602439
2259	0.002116817275
2260	0.00362384175
2261	0.005922043055
2262	0.002712209328
2263	0.003895072545
2264	0.004022146229
2265	0.002713398365
2266	0.000712464066
2267	0.001315175422
2268	0.004000773866
2269	0.003532320161
2270	0.002049613772
2271	0.003375990096
2272	0.002936340225
2273	0.001208717979
2274	0.001831873464
2275	1.008174387e-05
2276	0.0033906527
2277	0.006286092769
2278	0.001242129446
2279	0.006994106781
2280	1.008174387e-05
2281	1.008174387e-05
2282	0.004244207244
2283	0.0004684924969
2284	0.0007737509919
2285	0.001282312819
2286	0.001725667522
2287	0.001939370102
2288	0.0037627817
2289	0.001859590486
2290	0.002462690343
2291	0.004122549228
2292	0.001749902354
2293	0.001914202197
2294	0.002804292136
2295	0.0008163622989
2296	0.004868347917
2297	0.001911353663
2298	0.003128797919
2299	0.002480845316
2300	0.003617957654
2301	0.000402703442
2302	0.004472289534
2303	0.0002800297799
2304	0.003466261855
2305	0.000742230005
2306	0.003368587138
2307	0.002098906677
2308	0.001235292861
2309	0.000257945246
2310	0.002294086667
2311	0.003449240664
2312	0.00233895165
2313	0.003328368782
2314	0.002750158378
2315	0.005765578041
2316	0.0005083093959
2317	0.003075421633
2318	0.002679323102
2319	0.005459708549
2320	0.0008266752081
2321	5.120345139e-05
2322	4.479994102e-05
2323	0.004413016951
2324	0.003772502052
2325	0.001626232908
2326	0.003299044781
2327	0.006695878763
2328	0.003560517108
2329	0.000608015347
2330	0.0001562892073
2331	0.005849594292
2332	0.006255154943
2333	0.001407747663
2334	0.003724518333
2335	0.007028425956
2336	0.005279757699
2337	0.004367362517
2338	0.0029314968
2339	0.003356838658
2340	0.0003009876746
2341	0.000411174594
2342	0.0008475355817
2343	0.002630479034
2344	2.452316072e-06
2345	2.452316072e-06
2346	0.003313226872
2347	0.001205128238
2348	0.001252711168
2349	0.000696320204
2350	0.001578428706
2351	3.405994552e-06
2352	0.00127822837
2353	0.004363174129
2354	0.001466955428
2355	0.0009072276315
2356	0.004081317493
2357	0.002413199482
2358	0.002515317337
2359	0.002917925278
2360	0.005869439475
2361	1.780779278e-05
2362	1.11716621e-05
2363	0.002122101457
2364	0.001844506635
2365	0.003571351643
2366	0.003447093952
2367	0.0003628934844
2368	0.001534941968
2369	0.003303534247
2370	0.0006351996501
2371	0.0002603098248
2372	0.00202147646
2373	0.006273938483
2374	0.002161806849
2375	0.002667329679
2376	0.006649561652
2377	0.001568424985
2378	0.006488480519
2379	0.003689759152
2380	0.0009232350681
2381	0.001089604563
2382	0.003499504516
2383	0.003726081238
2384	0.003194080374
2385	0.003124705944
2386	0.004537670871
2387	0.003029343195
2388	0.002373719409
2389	0.004680233593
2390	6.902815625e-06
2391	0.0003902583858
2392	0.0005638494335
2393	0.003627036046
2394	0.007468393536
2395	0.00303779279
2396	0.003387283858
2397	2.78504327e-05
2398	0.001736988135
2399	1.062670301e-05
2400	2.152588552e-05
2401	0.001734994804
2402	0.002518124013
2403	0.001102567141
2404	0.0008237142018
2405	0.003998111113
2406	0.00166444555
2407	0.001781237412
2408	0.004083420721
2409	3.360581291e-06
2410	2.089009986e-06
2411	0.00847758007
2412	0.001460226247
2413	0.003378292456
2414	0.006773745295
2415	9.675126455e-05
2416	0.005173014021
2417	0.003402147543
2418	0.0007256721325
2419	0.005233053702
2420	0.00114923143
2421	0.0003015740342
2422	0.004105899809
2423	0.00311626607
2424	0.003715629731
2425	0.00565161152
2426	0.005136796898
2427	0.001645625545
2428	0.002569964952
2429	0.0008048375899
2430	7.551444299e-05
2431	0.004115153886
2432	0.0002392307569
2433	0.002253977945
2434	1.316984563e-06
2435	1.15803815e-05
2436	0.009119011141
2437	0.002391543598
2438	0.006158772245
2439	2.724796071e-07
2440	2.724796071e-07
2441	0.005971989512
2442	0.003451247182
2443	0.001133674173
2444	0.002775076958
2445	5.994550383e-06
2446	3.814713896e-06
2447	0.0009060423443
2448	0.0006690129234
2449	0.002933664119
2450	0.003908576274
2451	0.005537384069
2452	0.004506465031
2453	0.00572895472
2454	0.0004820975463
2455	0.0001489627815
2456	4.416175366e-06
2457	0.004688668964
2458	0.0006124654091
2459	0.006593656816
2460	0.003522254398
2461	0.0007411146435
2462	0.006211551048
2463	0.002719280909
2464	0.00250770156
2465	0.003639829286
2466	0.007709684717
2467	0.0001061701333
2468	0.003691035672
2469	0.003050480057
2470	0.001088078108
2471	5.994550405e-06
2472	5.994550405e-06
2473	0.003383323446
2474	6.746308291e-05
2475	0.00195323271
2476	1.658106139e-05
2477	0.004300035632
2478	0.002475649486
2479	0.003503986567
2480	0.003632140082
2481	0.0004297875814
2482	0.002986929727
2483	0.001782014124
2484	0.002969760425
2485	0.000559112462
2486	0.003765777017
2487	0.001468989114
2488	0.001853572768
2489	0.0005181453489
2490	0.004741414471
2491	0.001170019623
2492	0.004677712395
2493	0.0002580858598
2494	0.003798867069
2495	0.0002614480593
2496	0.0003713218597
2497	0.001293992634
2498	0.001711088492
2499	0.002424922806
2500	0.003286411808
2501	9.536784745e-06
2502	9.536784745e-06
2503	0.0008672081149
2504	0.001477005219
2505	0.005052337354
2506	1.90735692e-06
2507	0.003125329817
2508	0.001192440127
2509	0.0002284774608
2510	0.00183805368
2511	0.002696550101
2512	0.0007151189212
2513	0.004582988614
2514	0.005665364551
2515	0.005689783563
2516	0.001558616464
2517	0.003564834172
2518	0.002191826193
2519	0.00353643363
2520	0.002646630081
2521	0.003369855977
2522	0.002238891684
2523	0.0009535953224
2524	0.004936958683
2525	0.002681768776
2526	0.002791061789
2527	0.003605757839
2528	0.003344269144
2529	0.002284930909
2530	0.005697741507
2531	0.0005511699659
2532	0.002823614055
2533	0.007679739201
2534	0.004678409898
2535	0.002566758826
2536	0.004177602309
2537	0.00193617549
2538	0.0006168037623
2539	0.002463576244
2540	0.001866008978
2541	0.003452779122
2542	0.006808836209
2543	0.001501954904
2544	0.004479279448
2545	0.00365708862
2546	0.0003550546104
2547	0.004104236089
2548	0.001242630795
2549	0.006329713055
2550	0.004801163567
2551	0.0004848379556
2552	0.002071958171
2553	0.000289038864
2554	0.001199971624
2555	0.002036779814
2556	0.0002767532832
2557	0.0006724134043
2558	0.0009807871841
2559	1.073812522e-05
2560	0.001557885225
2561	0.002030167608
2562	0.004614586478
2563	0.004771865369
2564	0.0001390114639
2565	0.001888071875
2566	0.00267982846
2567	0.001050762006
2568	0.000853496542
2569	0.01252534093
2570	0.0007947557842
2571	0.001264483062
2572	0.002283607999
2573	0.0006191462657
2574	4.436864479e-05
2575	0.004834101825
2576	0.004511181871
2577	1.416893733e-05
2578	0.00267397415
2579	0.001607073875
2580	0.008210703399
2581	0.002701145221
2582	0.002086865154
2583	0.003463703501
2584	0.001454000998
2585	0.003762793355
2586	0.003325755455
2587	0.002731422508
2588	0.001619198846
2589	0.002625316794
2590	0.0001966416617
2591	0.003159549002
2592	0.005598233528
2593	0.002677593711
2594	0.003811755778
2595	0.003492080652
2596	0.004231759265
2597	0.003730292925
2598	0.003450449822
2599	1.389645776e-05
2600	0.001977096389
2601	0.005495486467
2602	0.001079883802
2603	0.0006348708516
2604	0.00128486188
2605	0.0006581594847
2606	0.001930347584
2607	0.004985682028
2608	0.002828561708
2609	1.498637607e-05
2610	0.002751510988
2611	0.0007480662019
2612	0.00482483141
2613	0.0002105899516
2614	0.001443132048
2615	0.0003996110084
2616	0.002520094959
2617	0.003083173051
2618	0.00121518932
2619	0.0007325980522
2620	0.007114978717
2621	2.2166213e-05
2622	0.002909184166
2623	0.001715281964
2624	0.0002658315666
2625	0.002485477899
2626	0.003072011943
2627	0.00416121896
2628	0.004432722134
2629	0.002557449725
2630	0.003356659565
2631	0.003532966025
2632	0.006107332892
2633	0.004691786655
2634	0.003783401833
2635	0.003088241882
2636	0.004257868347
2637	0.003260957573
2638	0.002496924745
2639	0.003505133387
2640	0.004896849838
2641	0.007886230462
2642	0.0005152957814
2643	0.0008438461629
2644	0.001072218015
2645	0.003206810414
2646	0.002860997211
2647	0.005957853201
2648	0.0001055670591
2649	0.002671166327
2650	0.004730507136
2651	0.003068558252
2652	0.006854415784
2653	6.130790222e-06
2654	7.356948191e-06
2655	0.000317340975
2656	0.002416836812
2657	0.003015321227
2658	0.002400173056
2659	0.003425457584
2660	1.001362398e-05
2661	5.812897382e-06
2662	0.002786990258
2663	5.449591292e-07
2664	1.90735695e-06
2665	0.001404032947
2666	0.0001754507444
2667	0.003390651162
2668	0.0001857887572
2669	1.21253406e-05
2670	0.00418328153
2671	0.003366837252
2672	0.002791116761
2673	0.0009540300974
2674	0.001606042888
2675	0.0009526766479
2676	0.001570052518
2677	0.002535127674
2678	0.003919569447
2679	0.0084805673
2680	0.001412978044
2681	0.002978312618
2682	0.001842307962
2683	4.223433669e-14
2684	0.000480159938
2685	0.002682708127
2686	0.001271999744
2687	0.003990184674
2688	0.002448288593
2689	0.002993682467
2690	5.722070845e-06
2691	0.003970088158
2692	0.002486682589
2693	0.005134707328
2694	0.003839280526
2695	0.001212274252
2696	0.001947392248
2697	0.001661800343
2698	0.001993089098
2699	0.003151378504
2700	0.007774697584
2701	0.0005617753345
2702	0.00256043851
2703	0.005231680917
2704	0.001798300707
2705	4.674108798e-05
2706	0.003927237299
2707	0.006320676184
2708	0.006337807694
2709	0.003483266699
2710	0.001354213603
2711	0.00342420515
2712	0.003022760619
2713	7.854337382e-05
2714	0.0001707900839
2715	0.001522004469
2716	0.001640209218
2717	0.003157743416
2718	0.002808018156
2719	2.545413259e-05
2720	0.002708041529
2721	0.001617474529
2722	0.002469862428
2723	0.00226599384
2724	0.001396422637
2725	0.003025245679
2726	0.003088425135
2727	0.001138454181
2728	0.00217836241
2729	0.002857814262
2730	0.005181877933
2731	0.003850030243
2732	0.002206510581
2733	0.00166535405
2734	0.0005703760824
2735	0.006642213088
2736	0.0006023220339
2737	0.001178752342
2738	0.002549775687
2739	0.003655284239
2740	0.007460730901
2741	0.00618968316
2742	0.003424838272
2743	0.002970532378
2744	0.004356400955
2745	0.007613215857
2746	0.002274763611
2747	0.002385088396
2748	0.001001191773
2749	0.001176055942
2750	0.0001512390016
2751	6.667425088e-05
2752	0.002675799421
2753	0.0001016807222
2754	0.002673505226
2755	0.000906832794
2756	0.002984215269
2757	0.003365941611
2758	4.087193014e-07
2759	2.724795624e-07
2760	0.0008269596368
2761	0.0003322096584
2762	0.00255577722
2763	0.00220315278
2764	0.002471600388
2765	0.0009310564637
2766	0.001141518224
2767	0.002212087657
2768	0.00264175439
2769	0.001808074234
2770	0.006015824359
2771	0.002272101027
2772	0.007585988418
2773	0.0006745939457
2774	0.001731300697
2775	0.001058778224
2776	0.004352744546
2777	0.002045292863
2778	0.002363511606
2779	0.001940127701
2780	0.0043464923
2781	0.004554811807
2782	0.004005197831
2783	0.006525456163
2784	0.003385377568
2785	0.0042127663
2786	0.00234700653
2787	0.003520443783
2788	0.001820181417
2789	0.0006899605164
2790	0.01116068662
2791	0.0008325349697
2792	0.0003459042713
2793	0.003862595329
2794	0.002366297059
2795	0.002226530592
2796	0.004690049408
2797	0.002357669703
2798	0.001871783053
2799	0.001166437811
2800	0.002560124545
2801	0.000933303441
2802	0.003469088851
2803	0.002912585268
2804	0.004157938338
2805	0.0001293488105
2806	0.002809377452
2807	0.008029091263
2808	0.0008315151978
2809	0.001952324934
2810	0.002318986789
2811	0.003340892717
2812	0.0002996277258
2813	0.002635845553
2814	0.005026168354
2815	0.004642326474
2816	0.0008553842309
2817	0.0004681720591
2818	0.001519493446
2819	0.002736507378
2820	0.00856523122
2821	0.002322156625
2822	0.005194897833
2823	0.007925638661
2824	0.004583283086
2825	7.138964578e-05
2826	0.001808812637
2827	0.001753588348
2828	0.002026665797
2829	0.00158386746
2830	0.003084194542
2831	0.002695627873
2832	0.001507314091
2833	6.23223878e-05
2834	0.002016022605
2835	0.0001519313317
2836	0.001267936087
2837	0.0005591343384
2838	0.005147172922
2839	0.0008891538636
2840	0.0003583976586
2841	0.001873180749
2842	0.002019272451
2843	0.002807132136
2844	0.0005497941964
2845	0.004104115049
2846	0.005366380026
2847	0.003429064314
2848	0.0007161676978
2849	0.0005581201336
2850	0.00453785021
2851	4.632152591e-06
2852	4.632152591e-06
2853	0.002255506573
2854	0.003136879385
2855	5.994550411e-06
2856	3.81471388e-06
2857	0.005048839108
2858	8.446866486e-06
2859	0.006316783697
2860	0.002675553538
2861	0.005233066196
2862	0.001780490162
2863	0.006707140132
2864	0.002311956754
2865	2.043596726e-05
2866	0.001106574369
2867	0.004240339751
2868	0.0009919412849
2869	0.002639586671
2870	0.002180316634
2871	0.0004300939625
2872	0.005362913862
2873	0.003076203595
2874	0.001460451504
2875	1.498637645e-06
2876	8.174387319e-07
2877	0.000445737192
2878	0.002010505472
2879	0.006238310505
2880	0.002065486819
2881	0.002329463526
2882	0.0006643365893
2883	0.002557656215
2884	0.003750669362
2885	0.00454293992
2886	0.003941156614
2887	0.003245377983
2888	0.0009384271601
2889	0.002687332454
2890	0.003818205183
2891	0.0008457101816
2892	0.002167144986
2893	0.001878717013
2894	0.001376993829
2895	0.004225558338
2896	0.003152051087
2897	0.0003765654386
2898	0.002147079508
2899	0.002440379936
2900	0.003123704369
2901	0.003380738389
2902	0.005198563249
2903	0.002515028305
2904	0.002744308241
2905	0.002724584604
2906	0.002461314726
2907	3.474114442e-05
2908	0.00139040853
2909	0.002633773983
2910	0.0032861628
2911	0.001412715226
2912	0.002462786485
2913	0.00261553522
2914	0.001115867025
2915	0.0008656541156
2916	2.452316075e-06
2917	2.452316075e-06
2918	0.002562461783
2919	0.0009117794649
2920	0.001928730777
2921	0.004432654961
2922	0.001922387466
2923	0.0001212762854
2924	5.449591279e-07
2925	5.449591279e-07
2926	0.008204832879
2927	0.002126042738
2928	3.814713933e-06
2929	3.814713933e-06
2930	0.004113699538
2931	0.005275657744
2932	0.002350780342
2933	0.002774048515
2934	0.001699364012
2935	0.000667217765
2936	0.00189639648
2937	0.0004858913493
2938	3.310626703e-05
2939	0.001682095546
2940	0.001582114032
2941	0.0007630028
2942	0.001152299488
2943	0.0008275401046
2944	0.0005633090265
2945	0.003738489237
2946	0.0003947632719
2947	0.0003987038046
2948	0.001581037928
2949	4.35967306e-06
2950	2.179836471e-06
2951	0.0008129029452
2952	0.002956003652
2953	0.0004616816326
2954	0.003585171443
2955	0.005157177384
2956	0.002604523445
2957	0.0007437845804
2958	0.0005229731229
2959	0.002930251115
2960	0.001092277473
2961	0.001687434248
2962	0.004376284004
2963	0.006517477025
2964	0.0008548847548
2965	0.006703297766
2966	0.003527558152
2967	0.002216204456
2968	0.006854453314
2969	0.003209900241
2970	0.004801100064
2971	0.002063838019
2972	0.001558961623
2973	0.0006456779212
2974	0.001135714087
2975	0.000409927687
2976	0.003120192936
2977	0.004693604823
2978	0.0004240730463
2979	0.006169888317
2980	0.006711380794
2981	0.001460112338
2982	0.004729437423
2983	0.00437514897
2984	0.004204192882
2985	0.0003724261361
2986	0.0005351585718
2987	0.00587610404
2988	0.003837175739
2989	0.003660212743
2990	0.003211214502
2991	0.003510405913
2992	0.002439239374
2993	0.002178343752
2994	0.001422181306
2995	0.003181291227
2996	0.004268916164
2997	0.0003865778493
2998	0.0003541975185
2999	0.004287766752
3000	0.0008505881823
3001	0.0003526199741
3002	0.001104236553
3003	0.0009626324347
3004	0.004058601189
3005	0.002456654719
3006	0.00262909389
3007	0.001238787039
3008	0.001358549284
3009	0.0007529686532
3010	0.00425261876
3011	0.003392865019
3012	0.0009282266142
3013	0.0005383842581
3014	0.005366770594
3015	0.0104532831
3016	0.001440720465
3017	0.0004394614289
3018	0.002072086978
3019	0.004803936548
3020	0.002670872187
3021	0.002832075223
3022	0.001659556821
3023	0.001848305061
3024	0.0002782683182
3025	0.0007739973998
3026	0.002278581749
3027	0.003426569069
3028	5.722070848e-06
3029	8.44686646e-06
3030	0.003161262186
3031	0.001056177784
3032	0.002811836178
3033	0.001642399813
3034	0.006175091793
3035	0.001650233039
3036	0.001445567535
3037	0.003569493413
3038	0.002648028162
3039	0.004266655126
3040	0.0009004855788
3041	0.0003300752689
3042	0.004069227753
3043	0.004281174083
3044	0.0006274444613
3045	0.0008787495368
3046	0.002741446725
3047	0.004199684463
3048	0.003519543999
3049	0.0006721722006
3050	0.004053055306
3051	0.002726673402
3052	0.003728748092
3053	0.001135923397
3054	0.0007236922728
3055	0.002986806333
3056	0.003113264024
3057	0.005062597959
3058	0.00350632174
3059	0.003433818638
3060	0.002806716716
3061	0.001979164355
3062	0.005108813011
3063	1.362397798e-06
3064	8.174387332e-07
3065	5.449591287e-07
3066	5.449591287e-07
3067	0.001790059169
3068	0.0008275799485
3069	0.0002802712919
3070	0.002727626664
3071	0.00207571826
3072	0.003299136955
3073	0.003590813338
3074	1.362397784e-07
3075	0.0004020166141
3076	0.001007952239
3077	0.003597778381
3078	0.004453844609
3079	0.001177995446
3080	0.003339781915
3081	0.003792048509
3082	0.003081873574
3083	0.008419638938
3084	0.0008616588133
3085	0.0002769708988
3086	0.0006966199974
3087	0.0004961115342
3088	0.002725669642
3089	0.000844047445
3090	0.002465269231
3091	0.002124497278
3092	0.002147201958
3093	0.004023381759
3094	0.004644318609
3095	0.001718827481
3096	0.002880639823
3097	4.087193459e-06
3098	4.087193459e-06
3099	0.0003217002582
3100	0.00477182444
3101	0.003263062009
3102	0.001525241388
3103	0.0008942108763
3104	0.001376508738
3105	0.004142625294
3106	0.0006738770262
3107	0.003305847703
3108	0.003821965457
3109	0.000640395803
3110	0.003160391233
3111	0.0007140927246
3112	0.0004448017546
3113	0.005981024912
3114	0.001955687506
3115	0.004333741499
3116	0.004039079573
3117	0.003190117735
3118	0.004032069484
3119	0.0008767866448
3120	0.001472979861
3121	0.0003013613861
3122	0.0002505398472
3123	0.0003869681937
3124	0.001066376763
3125	0.003685371391
3126	0.002232025128
3127	5.858310589e-06
3128	0.003121279394
3129	0.00408150659
3130	0.002288664729
3131	0.001156827953
3132	0.002767625486
3133	0.001892605373
3134	0.002556657301
3135	1.957311534e-05
3136	5.13623978e-05
3137	0.003219526658
3138	0.003103304754
3139	0.007350664563
3140	1.907356953e-06
3141	1.907356953e-06
3142	0.002277506331
3143	0.00888660368
3144	0.001017759945
3145	0.001415391333
3146	0.004370104468
3147	0.004376931637
3148	0.00294474593
3149	0.0007456683297
3150	0.004799421604
3151	0.001897458187
3152	0.003745377795
3153	0.0005314112897
3154	0.006099711178
3155	0.003546792258
3156	0.004931628565
3157	0.001148388537
3158	0.0004591611911
3159	0.0005946821423
3160	0.003823664769
3161	3.705722069e-05
3162	1.203451407e-05
3163	0.00108035007
3164	5.822260053e-05
3165	0.000213586682
3166	0.0004521266423
3167	0.0004703501335
3168	6.267029975e-06
3169	6.267029975e-06
3170	0.00355751984
3171	0.001040698795
3172	8.15168004e-06
3173	0.002970597805
3174	0.001046922709
3175	0.002746603646
3176	0.0005509671235
3177	4.904632149e-06
3178	4.904632149e-06
3179	0.008602421
3180	0.003106561557
3181	0.006997308972
3182	0.005327411777
3183	0.001275715536
3184	0.003451259612
3185	0.0004844432978
3186	0.006118548645
3187	0.004340424062
3188	0.0008536996271
3189	0.001092706698
3190	0.001840527702
3191	0.001298720959
3192	0.003279993879
3193	0.002870151005
3194	0.001071455572
3195	0.001818795743
3196	4.147556853e-05
3197	0.001166280282
3198	0.0001558665167
3199	0.005356449282
3200	0.003873729969
3201	0.0004184016107
3202	0.001348515105
3203	0.000902566292
3204	0.002819202943
3205	0.004443255806
3206	0.003730808735
3207	0.00207587546
3208	0.004198460135
3209	0.004468136419
3210	0.005259842729
3211	0.002711775807
3212	0.0001410409564
3213	0.003023984158
3214	0.0007401737202
3215	0.0003129824307
3216	0.001087966166
3217	0.003606311396
3218	0.001298982542
3219	8.855585804e-06
3220	0.001184692532
3221	0.00158720495
3222	5.722070845e-06
3223	5.722070845e-06
3224	0.0001001886842
3225	1.736603052e-05
3226	0.0001308087367
3227	0.002459694979
3228	0.005023279138
3229	1.089918216e-06
3230	1.089918216e-06
3231	2.724795644e-07
3232	0.002276018171
3233	0.0008363079952
3234	0.008189285553
3235	0.01456628572
3236	0.005826657709
3237	0.008633181151
3238	0.0005554438333
3239	0.0006014729188
3240	0.0007019075842
3241	0.001728584399
3242	0.00337833746
3243	0.00428582834
3244	0.0001376631475
3245	0.0001183011592
3246	0.0003230833356
3247	0.002991523307
3248	0.000831448596
3249	0.0005948023937
3250	0.000282520635
3251	0.005535828709
3252	8.143200976e-05
3253	0.003782662497
3254	0.005445334638
3255	0.001479291781
3256	0.0005166928954
3257	1.907356956e-06
3258	1.907356956e-06
3259	0.002931264858
3260	4.90463215e-06
3261	4.90463215e-06
3262	0.0006428296264
3263	0.000599936337
3264	0.0005661901242
3265	0.001251392939
3266	0.002092205294
3267	4.22343324e-06
3268	0.003710681829
3269	0.0003291322881
3270	1.907356949e-06
3271	1.907356949e-06
3272	0.006828008056
3273	0.002610251566
3274	0.0003907014965
3275	0.0005580640198
3276	0.008717540085
3277	0.006178977757
3278	0.0003070358343
3279	0.005657257148
3280	0.002823199854
3281	0.002914703387
3282	0.005710018686
3283	0.0008318682696
3284	0.0005839847522
3285	0.001320436129
3286	0.001494531353
3287	0.003226570815
3288	0.005723225835
3289	0.001198254703
3290	0.003248988238
3291	0.0006961243707
3292	0.0008346651093
3293	0.003592153844
3294	2.990638224e-05
3295	0.001624851959
3296	0.002586558707
3297	0.003845285321
3298	0.003747745791
3299	0.003130209973
3300	0.002009260705
3301	0.0009938633724
3302	0.002865751355
3303	0.0004047980381
3304	0.002876818649
3305	0.00404516716
3306	0.002768513407
3307	0.002650249652
3308	0.0008310424752
3309	0.0006103986978
3310	0.003615005087
3311	0.0006130618402
3312	0.004266300779
3313	0.0003126403873
3314	0.007139282011
3315	0.003171701356
3316	0.0007360830451
3317	0.003871234743
3318	0.001042999935
3319	0.004298077959
3320	0.00130352539
3321	0.0007023986533
3322	0.003671270128
3323	0.0004517568163
3324	0.002684954065
3325	0.002908567928
3326	0.005793476008
3327	0.004525650868
3328	0.002944082553
3329	0.002243289989
3330	0.002263747302
3331	0.003880738334
3332	0.003171425399
3333	0.0004654356687
3334	0.001163440558
3335	0.001119772081
3336	0.0001276027627
3337	0.002826528144
3338	0.004879495847
3339	0.0003300303356
3340	0.00410033165
3341	0.006210037612
3342	0.001622150711
3343	0.002124944168
3344	0.001709931364
3345	0.0007617402454
3346	0.003842976857
3347	0.001418711733
3348	0.002693548947
3349	0.001508045082
3350	5.272793704e-05
3351	0.001690692895
3352	7.470195944e-06
3353	0.002360134657
3354	0.0003454175832
3355	0.0006435058308
3356	0.0003965409205
3357	3.542234305e-06
3358	3.542234305e-06
3359	0.0001747068493
3360	0.0002428926771
3361	0.01025792371
3362	0.006400010207
3363	0.0002637397807
3364	0.001724390075
3365	0.0001522502397
3366	0.002149917701
3367	0.001402512098
3368	0.001525127716
3369	0.003242937967
3370	0.003344700683
3371	0.005064904047
3372	0.003392226213
3373	0.00236873049
3374	0.0002921924643
3375	0.007799681026
3376	0.005158016755
3377	0.003232885063
3378	0.002074421229
3379	0.005023986269
3380	0.001567809934
3381	0.002311182778
3382	0.00389038327
3383	0.0007199783098
3384	0.002419207199
3385	0.002345499155
3386	0.001141800186
3387	1.907356932e-06
3388	1.907356932e-06
3389	0.005808847786
3390	0.002190155545
3391	0.003395003391
3392	0.004080045827
3393	0.0002430128127
3394	0.001590247937
3395	4.168937326e-05
3396	0.003471980425
3397	4.632152584e-06
3398	6.267029926e-06
3399	0.002772410903
3400	0.004582556378
3401	0.003387140994
3402	0.005201179501
3403	0.003451346284
3404	0.00252759658
3405	0.004148638419
3406	0.000795192274
3407	0.004779714409
3408	0.003063208093
3409	0.003532264274
3410	0.001306343556
3411	0.0003254911655
3412	0.003912090687
3413	0.000487378154
3414	0.0003929669477
3415	0.005201452114
3416	0.007632489866
3417	0.001386290443
3418	7.931978678e-05
3419	0.00224844508
3420	0.00199595138
3421	0.0008773356747
3422	0.003690936787
3423	0.0004820353112
3424	0.004176682168
3425	0.003012349666
3426	0.005434972179
3427	0.0004578348547
3428	0.004641966126
3429	0.002452856498
3430	0.003433199909
3431	0.001707201698
3432	0.004567439681
3433	0.002899780842
3434	0.0003746984028
3435	0.0007371929066
3436	0.004523517681
3437	4.336436339e-05
3438	0.000987036161
3439	0.001029716467
3440	0.0001944874674
3441	0.009513652365
3442	0.002493588658
3443	0.002961394698
3444	0.002118077067
3445	0.0001396562841
3446	0.0004191847229
3447	0.003489774977
3448	0.002621128521
3449	0.0004347769674
3450	0.0009419991451
3451	0.002091273651
3452	0.004432847672
3453	0.0002943459745
3454	0.004559798312
3455	0.0006756883468
3456	0.0007621164885
3457	0.003427660655
3458	0.001875859143
3459	0.003620349387
3460	0.006126703352
3461	0.0006666642015
3462	0.001530810912
3463	0.0008447788179
3464	0.004292521841
3465	0.0003390408143
3466	0.002863535936
3467	1.811604606e-05
3468	0.006578238792
3469	0.0008262756565
3470	0.004753921931
3471	0.001862278491
3472	0.004005081138
3473	0.004965995692
3474	2.179836512e-06
3475	2.179836512e-06
3476	3.289055406e-05
3477	0.0004333444887
3478	8.813301673e-05
3479	0.002788984913
3480	0.001783458454
3481	0.0007560546997
3482	0.003681955282
3483	0.0006305169953
3484	0.001205394738
3485	0.003865161404
3486	0.0008011833161
3487	5.177111694e-06
3488	5.177111694e-06
3489	0.0009514311135
3490	1.852861035e-05
3491	1.825613078e-05
3492	0.00210885769
3493	0.001337254106
3494	0.001807106357
3495	7.738082753e-06
3496	0.003097365684
3497	0.001198580237
3498	0.002167603521
3499	0.002859436416
3500	0.003731237019
3501	0.001481308749
3502	0.0001514647602
3503	5.254837657e-05
3504	0.003156770877
3505	1.089918257e-06
3506	1.089918257e-06
3507	0.00211769065
3508	0.002819312339
3509	2.305605887e-05
3510	0.001088002547
3511	0.004126319496
3512	0.0002680782908
3513	0.001201337225
3514	0.001897509833
3515	0.0001192409683
3516	0.000223395865
3517	0.002712355065
3518	0.004746013266
3519	2.517257014e-05
3520	0.002835047147
3521	0.0001139055762
3522	0.002320480437
3523	0.001588739785
3524	0.0021978642
3525	0.001982576853
3526	0.000512622111
3527	0.002127307284
3528	0.002592884224
3529	0.002896826864
3530	0.003898297535
3531	0.004838654464
3532	0.005952631677
3533	0.003118484823
3534	0.002334317559
3535	0.0007999760052
3536	0.002635272686
3537	5.953678477e-05
3538	0.0004139517698
3539	0.0009431671002
3540	0.00360331611
3541	0.00422307848
3542	0.004249612579
3543	0.001650278714
3544	1.049046326e-05
3545	0.003303759181
3546	0.001058701745
3547	0.007270165265
3548	0.003136217772
3549	0.001993780689
3550	0.001664531864
3551	0.003822145663
3552	0.001025126016
3553	0.007722081612
3554	0.003642048948
3555	0.0005648120471
3556	0.0004067743072
3557	0.001794494014
3558	0.0002164826143
3559	0.003303819937
3560	0.004646278022
3561	0.0006078313794
3562	0.0005863128417
3563	0.0006773497675
3564	0.00231610739
3565	0.005152615124
3566	2.904986745e-05
3567	0.002822742805
3568	0.0003197013655
3569	6.936595106e-05
3570	0.000342298626
3571	0.002450628227
3572	0.0007855639182
3573	0.003191203426
3574	1.907356951e-06
3575	1.907356951e-06
3576	0.001992620372
3577	0.002991034986
3578	0.003381087589
3579	0.00098011177
3580	0.003145444918
3581	0.00401720605
3582	0.003605860808
3583	0.0003823331299
3584	0.001034547399
3585	0.003827701986
3586	0.004723476558
3587	0.00157093942
3588	0.003121335033
3589	0.0003229422956
3590	0.005611014085
3591	0.0009601370412
3592	0.003955147674
3593	0.002529018881
3594	0.002574087464
3595	0.002771093329
3596	0.008391647371
3597	0.001081425314
3598	0.0009642233884
3599	0.004499235229
3600	0.003120552316
3601	0.007278108651
3602	0.00316083169
3603	2.847411443e-05
3604	0.005147681321
3605	1.089918255e-06
3606	1.089918255e-06
3607	0.001640158433
3608	0.004274361512
3609	0.002779740663
3610	0.002935745702
3611	0.00624410994
3612	0.003148176726
3613	0.00296725134
3614	0.0007364075322
3615	0.005614579686
3616	4.768392416e-06
3617	0.004012091206
3618	0.002409982192
3619	0.005470813197
3620	0.005822493699
3621	0.003048724512
3622	0.001633074934
3623	0.006081055308
3624	0.0008617491344
3625	0.001312482276
3626	0.001919012322
3627	6.312767643e-06
3628	0.002909981313
3629	0.0009265246911
3630	0.003125804436
3631	0.004313793417
3632	0.005786988365
3633	0.002650270608
3634	0.002526390268
3635	0.005459016671
3636	0.0005745999523
3637	0.001121264541
3638	0.001339261425
3639	0.002287346127
3640	0.003458574867
3641	0.0001360007274
3642	0.0006898877731
3643	0.003017924525
3644	0.0002456053529
3645	0.0007835130308
3646	0.001897918601
3647	0.001223748313
3648	0.001129215142
3649	0.00225189855
3650	0.001036718526
3651	0.00189065508
3652	0.005059789596
3653	2.043596712e-06
3654	0.003159384589
3655	1.566757497e-05
3656	0.002124656705
3657	0.003370880506
3658	0.001162687107
3659	3.814738239e-15
3660	3.814738239e-15
3661	0.001639030403
3662	0.001955007709
3663	0.004301762059
3664	0.003168310023
3665	0.001456625697
3666	0.003141992138
3667	0.005159301799
3668	9.536784745e-06
3669	0.001399645832
3670	2.452316076e-06
3671	0.001119372992
3672	0.003627614491
3673	3.437370174e-05
3674	0.001726706107
3675	0.002560208222
3676	0.0007473400281
3677	0.003647339138
3678	0.00159811831
3679	0.007122284181
3680	0.004599851682
3681	0.001355843635
3682	0.003095514941
3683	0.00305717745
3684	3.78746594e-05
3685	0.007130052609
3686	0.005148928434
3687	0.0003184025961
3688	0.0007900866397
3689	0.003364906957
3690	5.744777519e-06
3691	0.0004911157508
3692	0.00440160736
3693	0.002505705411
3694	0.001037849051
3695	0.0030905857
3696	0.006843487211
3697	0.0007023459921
3698	0.0003993015448
3699	0.003761770278
3700	0.006941526884
3701	0.001162743916
3702	0.002176793895
3703	0.001544622848
3704	0.00294118554
3705	0.003077347542
3706	0.0007321402478
3707	0.002161564902
3708	0.004125575018
3709	0.001078489843
3710	0.0009397329992
3711	0.004680033758
3712	0.001184929228
3713	0.001402000561
3714	0.01429455022
3715	0.003487423983
3716	0.0002997510905
3717	0.00304365477
3718	0.001106904509
3719	0.0005986572812
3720	0.0005412262107
3721	0.00421173235
3722	0.001890752604
3723	0.005109252095
3724	0.001456323768
3725	0.002594369618
3726	6.811989104e-06
3727	6.811989104e-06
3728	1.907356948e-06
3729	1.907356948e-06
3730	0.0005292477376
3731	0.002270505488
3732	0.001895121394
3733	0.0009375647892
3734	0.000582757894
3735	0.003764769367
3736	0.002574139335
3737	0.0008012519139
3738	0.003061309538
3739	2.656675747e-05
3740	0.002125463532
3741	0.0002243605695
3742	0.003347611093
3743	0.002025904786
3744	0.00260077091
3745	0.0003264690803
3746	0.005810376137
3747	0.000776405533
3748	3.269754815e-06
3749	3.269754815e-06
3750	0.0004408345368
3751	1.634877384e-06
3752	0.005681652532
3753	0.00125293493
3754	0.001192213383
3755	0.001581927022
3756	0.001887828761
3757	0.007936718259
3758	0.009308350939
3759	0.002330323929
3760	0.00218755642
3761	0.001958179407
3762	0.00495113478
3763	0.003520490413
3764	0.004526700343
3765	0.001377552611
3766	0.002482364356
3767	0.0003960321358
3768	0.003492460248
3769	0.00769371589
3770	5.449591283e-06
3771	5.449591283e-06
3772	0.0004890417519
3773	0.001378629789
3774	0.003302937168
3775	0.003324804687
3776	6.448683016e-06
3777	2.724795645e-06
3778	2.724795645e-06
3779	0.002276338924
3780	0.002313099744
3781	0.0009940617755
3782	0.001956455739
3783	0.003033019214
3784	0.001977202656
3785	0.0006405456279
3786	0.001718744878
3787	0.003529644337
3788	4.087193456e-06
3789	4.087193456e-06
3790	0.001520647834
3791	0.007685056749
3792	0.006653729352
3793	0.0007141717211
3794	0.002159188195
3795	0.003525484059
3796	0.003867126643
3797	0.005341770099
3798	0.003653796821
3799	0.002168046083
3800	0.002445133855
3801	0.003384690843
3802	0.003420651395
3803	0.00599119928
3804	0.004177676195
3805	4.223433245e-06
3806	0.00364257335
3807	0.005059712507
3808	0.0002809391153
3809	0.001048380281
3810	0.003366272333
3811	0.002081328804
3812	0.01092827003
3813	0.003895380501
3814	0.002661731374
3815	0.002143253666
3816	2.588555863e-06
3817	6.948228882e-06
3818	0.002307427107
3819	0.00513021288
3820	0.0002347964669
3821	0.0008893312352
3822	0.004429201723
3823	0.00563303944
3824	0.001668343674
3825	0.003455604346
3826	0.000167156409
3827	0.001642774142
3828	0.005761520275
3829	0.001286982217
3830	0.001513421935
3831	0.0007931011742
3832	0.002783244399
3833	0.001847026153
3834	0.0032282821
3835	5.267938243e-06
3836	0.004280404748
3837	1.089918274e-06
3838	1.089918274e-06
3839	0.001555106494
3840	0.0003686283311
3841	0.0004412586928
3842	0.0030866246
3843	0.003575442687
3844	0.001760988925
3845	0.001396215662
3846	0.002707941789
3847	0.0004971095721
3848	0.0005057221818
3849	0.002249906118
3850	0.001722022139
3851	0.0006664052997
3852	0.0006928389046
3853	0.0004969286061
3854	0.002314232402
3855	0.00131261489
3856	0.003584405942
3857	0.002777672827
3858	0.003120112813
3859	0.003695038553
3860	0.003614647894
3861	0.0006370143136
3862	0.0003231371895
3863	0.00153075134
3864	0.0003929638721
3865	0.006411351528
3866	0.002751144508
3867	0.001563915594
3868	0.002930612055
3869	0.003955652328
3870	0.004422450911
3871	0.001768863773
3872	0.000512168366
3873	8.174386922e-07
3874	0.001289616129
3875	0.005495257155
3876	0.005705195153
3877	0.0006180705051
3878	0.001142240068
3879	0.0002202763887
3880	6.94822888e-06
3881	0.002885935208
3882	4.579927341e-05
3883	0.001312609879
3884	0.0006713540798
3885	0.002793256025
3886	0.006007122621
3887	0.001165688551
3888	0.00291190616
3889	4.382379647e-06
3890	0.001799893447
3891	0.00734870538
3892	0.004211906348
3893	0.001072477372
3894	0.0007131351927
3895	0.002957987374
3896	0.003289503218
3897	0.0005062050994
3898	7.220708446e-06
3899	1.089918258e-06
3900	0.001609871274
3901	0.00206343824
3902	0.001253910752
3903	0.001747397023
3904	0.004079352627
3905	0.002257379226
3906	8.272896086e-05
3907	0.001583000945
3908	4.154867977e-05
3909	0.003512803936
3910	0.001490275471
3911	5.722070844e-06
3912	5.722070844e-06
3913	0.0006959447387
3914	0.0007582359243
3915	3.374367454e-05
3916	0.00334198765
3917	3.265213438e-05
3918	0.002380168016
3919	0.006721333018
3920	0.0003877929818
3921	0.005491710451
3922	0.007299348291
3923	0.009663003828
3924	0.0001330734279
3925	3.41961853e-05
3926	0.0007418464339
3927	0.001185066112
3928	1.376021796e-05
3929	0.003410883051
3930	0.0005600179852
3931	0.00208956269
3932	3.994096273e-05
3933	0.0009744777056
3934	0.0003207259432
3935	1.14441417e-05
3936	0.002403690632
3937	0.005834333372
3938	0.0007412564917
3939	0.0006312004325
3940	1.089918258e-05
3941	0.002344576094
3942	0.004525594029
3943	0.002710101627
3944	0.002043101053
3945	0.0003047940277
3946	0.002273211914
3947	0.001474503866
3948	0.004118029783
3949	0.002723056756
3950	0.00162096535
3951	0.003477197675
3952	0.001829765148
3953	0.002957330535
3954	0.004350723809
3955	0.001193771838
3956	0.00157847558
3957	0.002677580893
3958	0.0003356160666
3959	0.0008535375331
3960	0.002520525945
3961	0.001897406743
3962	0.001928448916
3963	8.569645882e-05
3964	0.002768885741
3965	2.861035422e-06
3966	4.632152574e-06
3967	0.003507930316
3968	0.005909375958
3969	0.004880243794
3970	0.0002725161823
3971	0.002443714671
3972	0.003383186615
3973	0.001512623237
3974	0.002046528245
3975	0.003532545454
3976	0.004664584638
3977	4.904632126e-06
3978	4.904632126e-06
3979	0.0009597877975
3980	0.003180349552
3981	2.020890098e-05
3982	1.907356944e-05
3983	0.003263544115
3984	0.002242960434
3985	0.002880470148
3986	0.002115065083
3987	0.004452145423
3988	0.002299751177
3989	0.0007295963234
3990	0.0001200546201
3991	0.002364784075
3992	0.005107450791
3993	0.001434443199
3994	0.002253635145
3995	0.002072542792
3996	0.0005377616242
3997	0.003312655336
3998	0.004785332148
3999	0.002568166731
4000	0.001388761206
4001	0.003047800593
4002	0.0002980706191
4003	0.003358377142
4004	0.00263278985
4005	0.001334634089
4006	0.0001949110326
4007	0.001447618521
4008	0.004073465156
4009	0.001026483127
4010	0.002007851221
4011	0.001249652077
4012	0.0001562407922
4013	0.00187860343
4014	0.003090552129
4015	2.997275205e-06
4016	2.724796054e-07
4017	0.002468189606
4018	0.002506309829
4019	0.0005470645816
4020	0.001492619397
4021	0.002104042124
4022	0.0005040605697
4023	0.0005355324223
4024	0.001066179073
4025	0.002159305886
4026	6.675749328e-06
4027	5.177111741e-06
4028	0.0007729585353
4029	0.0003389200652
4030	0.007147512819
4031	0.0009331355221
4032	0.001527444151
4033	0.002964374759
4034	0.0008616017334
4035	0.002517688655
4036	0.002541620642
4037	0.005229183151
4038	0.0001453511229
4039	0.002690659724
4040	0.002303865605
4041	0.0007314887869
4042	0.0008258673182
4043	0.000604588896
4044	0.001736493717
4045	0.0007262598413
4046	0.0019919728
4047	0.004065398366
4048	0.002689936797
4049	6.403269755e-06
4050	1.307901907e-05
4051	0.003128100158
4052	0.001698633779
4053	0.001348240411
4054	0.002555771984
4055	0.001387507494
4056	0.002410162729
4057	0.002169428729
4058	0.0009154751124
4059	0.001137561279
4060	0.002591792001
4061	0.004573239139
4062	0.005698922278
4063	0.007490900072
4064	0.0009614762925
4065	0.005191369008
4066	0.007349024663
4067	0.003134037651
4068	0.0009362486102
4069	0.0009812926178
4070	0.0007134108723
4071	0.0006588312705
4072	0.004490028612
4073	0.001473249377
4074	0.001658194069
4075	0.003319906374
4076	0.001219213406
4077	0.002205682778
4078	0.003694393756
4079	0.001015700337
4080	0.003316320839
4081	0.005068639084
4082	2.179836509e-06
4083	2.179836509e-06
4084	0.003360950561
4085	1.518676848e-05
4086	0.001775007859
4087	0.001985337255
4088	0.0007954701988
4089	0.002552275988
4090	0.002781601157
4091	0.000475677783
4092	0.0002786977573
4093	0.001200730171
4094	0.003358192828
4095	0.002781954504
4096	0.00723050071
4097	0.002659167483
4098	0.002311464493
4099	0.004269311805
4100	0.0001463198164
4101	8.719346095e-06
4102	1.416893734e-05
4103	2.794744363e-05
4104	0.000707585726
4105	6.130790189e-06
4106	7.629427796e-06
4107	0.004551088456
4108	0.001947328835
4109	0.002047434842
4110	0.00243274047
4111	0.001119320938
4112	0.00152189974
4113	0.002309505319
4114	0.0006658481744
4115	0.002251471997
4116	0.002632334529
4117	0.003797405388
4118	0.001370201521
4119	0.0002110822893
4120	0.002177712246
4121	7.220708449e-06
4122	0.0009084317177
4123	0.0005520209941
4124	0.0004613120932
4125	0.00306594426
4126	0.003715837721
4127	0.002250729637
4128	0.002780256034
4129	0.0002416712409
4130	0.001814771371
4131	0.004503459667
4132	0.0019766307
4133	0.004187064761
4134	0.002968089592
4135	0.001464642149
4136	0.0001457783676
4137	0.009481125385
4138	0.002736657693
4139	4.093172357e-05
4140	0.0009026519891
4141	0.004816545551
4142	0.002663974707
4143	0.004338455137
4144	0.0009643251483
4145	0.0005814860298
4146	0.0008669128825
4147	0.003410622292
4148	0.0003045114412
4149	0.0009008791867
4150	0.002734579892
4151	1.64061892e-05
4152	0.004431198448
4153	0.0007365338695
4154	7.810208768e-05
4155	0.001689836959
4156	0.002192487054
4157	0.003719982979
4158	0.004753980676
4159	0.004126017018
4160	0.002208782066
4161	0.006258309668
4162	0.003461075069
4163	0.003618334676
4164	0.003981254859
4165	1.362397867e-06
4166	1.362397867e-06
4167	0.0003031718657
4168	0.002565814024
4169	0.001093389018
4170	0.002538244982
4171	0.006370346903
4172	0.003205771698
4173	0.004252803458
4174	1.117166213e-05
4175	9.809264302e-06
4176	1.089918214e-06
4177	6.267029996e-06
4178	0.005988363786
4179	0.00531065212
4180	0.0001442534186
4181	4.310018664e-05
4182	0.003458301083
4183	0.007848834245
4184	0.001990316313
4185	3.773841966e-05
4186	0.002853704667
4187	2.888283381e-05
4188	0.002904105628
4189	0.005467317257
4190	0.006812019608
4191	4.087193462e-06
4192	4.087193462e-06
4193	0.002261486532
4194	0.003080541195
4195	0.003516874744
4196	0.004229708993
4197	0.0009779158528
4198	0.001878725287
4199	0.0002367042553
4200	0.001552726456
4201	2.034839276e-05
4202	0.0005172533713
4203	0.002562476388
4204	0.00212839543
4205	0.0003333622851
4206	0.001137275775
4207	0.0009316393898
4208	0.001565763282
4209	0.002800393583
4210	0.005721288577
4211	0.003441139549
4212	0.008100605086
4213	7.607048159e-05
4214	0.005216587768
4215	9.205577885e-05
4216	0.0001284276249
4217	0.001083620267
4218	0.005317010475
4219	0.001830446463
4220	0.0001556425109
4221	0.004832879158
4222	0.002784854483
4223	0.003497457671
4224	0.005711598875
4225	0.000371358648
4226	0.004030941648
4227	0.000554191413
4228	8.371168653e-05
4229	0.0008173464324
4230	0.003919892948
4231	0.003270517161
4232	0.0009506762329
4233	0.001993008554
4234	6.880108972e-06
4235	0.0006175354247
4236	0.000517794381
4237	0.0002575190495
4238	0.002546359035
4239	0.005059794298
4240	0.001308788855
4241	0.0002785713658
4242	0.002454022513
4243	1.403269756e-05
4244	0.0005362071149
4245	0.0008850731632
4246	0.002681550121
4247	0.001829094445
4248	0.002331731995
4249	0.00134426853
4250	0.001761505576
4251	0.0003252002777
4252	0.003707155697
4253	0.004742161313
4254	0.0006830070011
4255	1.66212534e-05
4256	1.607629427e-05
4257	0.002290149878
4258	0.001401890942
4259	0.003663812265
4260	0.002108702231
4261	0.001992518549
4262	0.004005425517
4263	0.003124179183
4264	0.00147689415
4265	0.002310364222
4266	0.004509695469
4267	0.00150835199
4268	0.001535691553
4269	0.001490750465
4270	0.002084092379
4271	0.000890219742
4272	0.001053870304
4273	0.002282183048
4274	3.723392996e-05
4275	0.001242530662
4276	2.861035423e-05
4277	0.001654169615
4278	0.001084480381
4279	2.034514078e-06
4280	0.001086110781
4281	0.004132240617
4282	0.003281194827
4283	0.005472696517
4284	0.002574259522
4285	0.003714485534
4286	0.00190897375
4287	0.002829858203
4288	0.003450102291
4289	4.087192997e-07
4290	8.174386698e-07
4291	0.002440109999
4292	0.003722782456
4293	0.001737635397
4294	0.0009161420225
4295	0.001343711263
4296	0.003971781885
4297	0.005816253115
4298	0.001862247038
4299	1.089918253e-06
4300	0.006206761267
4301	0.003401404961
4302	0.001389669245
4303	0.003181377718
4304	0.003576693862
4305	0.002099659335
4306	0.003844312727
4307	0.0008867123687
4308	0.006368335778
4309	0.002168702847
4310	0.0008027984183
4311	0.007932143993
4312	0.002698861627
4313	0.005868382935
4314	1.435059033e-05
4315	0.009874545768
4316	0.004014219831
4317	0.0002333112958
4318	0.006629171379
4319	0.00113090499
4320	0.0001304842472
4321	0.002013653556
4322	0.002179424265
4323	0.00383802074
4324	0.004273142648
4325	0.007788707016
4326	0.003030352542
4327	0.004037223955
4328	0.002781712706
4329	0.0005556902821
4330	0.0001614594015
4331	0.0001665867783
4332	0.009324126176
4333	0.003303792335
4334	0.004383272807
4335	0.001712989801
4336	0.00690125311
4337	0.002314978259
4338	0.001080150846
4339	0.001015675338
4340	0.002618396083
4341	0.001095502317
4342	0.00473701453
4343	0.003661557922
4344	0.003788778498
4345	0.006552889239
4346	0.0006923644884
4347	0.002184318475
4348	0.0004522434058
4349	0.0009654274923
4350	0.003531391144
4351	0.0003548308561
4352	0.0009302769645
4353	0.003499561692
4354	0.003940875993
4355	0.0007052790886
4356	0.002433172233
4357	0.003020352572
4358	0.004332113968
4359	0.005057611137
4360	0.001956801021
4361	0.001922537032
4362	0.005131104022
4363	0.002510464499
4364	0.002795674528
4365	0.004226079306
4366	0.002451520587
4367	0.00326716539
4368	9.776895093e-05
4369	2.724795641e-06
4370	2.724795641e-06
4371	2.997275201e-06
4372	1.089918235e-06
4373	9.536784788e-06
4374	0.00420907708
4375	0.002889533085
4376	0.001958074346
4377	0.00588238879
4378	0.0005136906769
4379	0.005290263269
4380	4.007720249e-05
4381	0.001654384502
4382	0.004129696776
4383	0.0103336137
4384	0.001322879924
4385	0.004130120577
4386	3.973660274e-06
4387	0.0007666226668
4388	6.260348123e-06
4389	0.0006866777882
4390	0.006348030179
4391	0.006519079089
4392	0.0005569783655
4393	0.0008476864975
4394	0.002800121509
4395	0.002503567629
4396	0.005751074471
4397	0.004159209815
4398	0.005114244328
4399	0.003640140071
4400	0.0008336985538
4401	0.0009561540459
4402	2.856494091e-05
4403	5.040871907e-06
4404	0.0009443416692
4405	0.001376147923
4406	0.001220389934
4407	0.003996749199
4408	0.0006906971185
4409	0.003958805787
4410	0.003010666792
4411	0.001660330726
4412	0.00276194888
4413	0.000159664918
4414	0.002678541692
4415	0.001701613831
4416	0.00106035437
4417	0.001031435126
4418	0.002577929988
4419	0.002196674813
4420	0.004711041726
4421	1.335149863e-05
4422	0.006073254446
4423	0.00138206271
4424	0.001437890091
4425	0.0002208919791
4426	0.001845981018
4427	0.003361095964
4428	0.001726705075
4429	0.004686093662
4430	0.005369161967
4431	0.001797612375
4432	0.001032261711
4433	0.002479600312
4434	0.003090349787
4435	8.038147143e-06
4436	2.888283378e-05
4437	0.002437088549
4438	0.004109196332
4439	0.003426125408
4440	0.003118116822
4441	0.003696945305
4442	0.0005953323958
4443	0.000607981877
4444	0.0001598276141
4445	0.01196155548
4446	0.003572079513
4447	0.001982746894
4448	0.002599440222
4449	0.003325304519
4450	0.003763982666
4451	7.833787462e-05
4452	9.952027139e-05
4453	0.001183271982
4454	1.607629428e-05
4455	1.607629428e-05
4456	0.0002914255007
4457	0.002490121985
4458	0.0003534173185
4459	0.0002669916363
4460	0.0001478150589
4461	0.0005827145879
4462	0.001540297984
4463	0.002142589538
4464	1.078005606e-05
4465	0.003865677444
4466	0.003162734061
4467	0.002312201587
4468	0.00309347748
4469	0.0004593175262
4470	0.002742235705
4471	0.003396446433
4472	0.003355379391
4473	0.007373305433
4474	0.002941231486
4475	1.653928042e-05
4476	0.006174446059
4477	0.0007845271364
4478	0.001039751842
4479	0.001953905735
4480	0.003730525528
4481	0.001542370861
4482	0.002484379561
4483	1.634877383e-06
4484	1.634877383e-06
4485	0.0005265021464
4486	0.001606582579
4487	0.0008926740022
4488	0.0001180883312
4489	0.002929995684
4490	0.001183183776
4491	0.002726161803
4492	0.002491483553
4493	0.004729702121
4494	0.003257963936
4495	0.001717215295
4496	0.002725370513
4497	0.003405430149
4498	0.0004548762898
4499	0.004887948084
4500	0.0001226821286
4501	0.0004667843752
4502	0.002987502655
4503	0.004221635775
4504	0.000253354785
4505	1.0626703e-05
4506	1.0626703e-05
4507	0.006052031685
4508	0.004149270267
4509	0.001574047412
4510	0.003013980514
4511	0.003039207808
4512	0.00499195687
4513	0.0002165070216
4514	0.0001927539281
4515	0.008025888612
4516	7.356948232e-06
4517	0.0006113774203
4518	0.004962864454
4519	0.0009658058646
4520	0.003716973879
4521	0.003871484049
4522	0.004921549998
4523	0.001972340335
4524	0.001849059104
4525	0.002523771443
4526	0.009054091613
4527	0.004911392486
4528	0.003080103173
4529	0.005067679599
4530	0.001876382233
4531	0.0007072885964
4532	0.003117287044
4533	0.001778710662
4534	0.005078261918
4535	0.001224910246
4536	3.950953678e-06
4537	0.0002547430806
4538	0.004030932546
4539	0.002211122266
4540	0.003491792723
4541	0.001066707959
4542	0.000611218514
4543	0.001886150405
4544	0.0002178560223
4545	2.010801827e-05
4546	0.002199013366
4547	0.001569619071
4548	0.001700739775
4549	0.002477639439
4550	0.001592111042
4551	0.0009876696526
4552	0.004208283804
4553	0.005055003487
4554	0.0008939360305
4555	0.004621834144
4556	0.0003408547783
4557	0.0008400495259
4558	0.0007137122265
4559	0.006470482325
4560	0.002100448671
4561	1.525885555e-05
4562	0.0009808544918
4563	2.724795637e-06
4564	2.724795637e-06
4565	0.0003446740231
4566	0.002801363965
4567	0.001277661709
4568	0.007299254459
4569	0.004144187476
4570	0.0008740715113
4571	0.005257060022
4572	0.003910338935
4573	0.002667436562
4574	0.003127758175
4575	0.002214679509
4576	0.003823936854
4577	0.003071679454
4578	0.001407828583
4579	0.003798350511
4580	0.005175350139
4581	0.006460564758
4582	0.001108665225
4583	0.00110413445
4584	0.001277056489
4585	0.004489176288
4586	0.003032185251
4587	0.01018153509
4588	2.261580381e-05
4589	0.000395072914
4590	0.002063934179
4591	0.002863350358
4592	0.006733679463
4593	0.000146037524
4594	0.001503170043
4595	0.001104541396
4596	0.001269245023
4597	0.0002930965952
4598	0.006841430352
4599	0.0008169781462
4600	0.006812680805
4601	0.002659401933
4602	2.227520469e-05
4603	0.00241920559
4604	2.234331969e-14
4605	0.002182017952
4606	0.002552493709
4607	0.0009652442714
4608	0.0007943644635
4609	0.002254010052
4610	0.00150479477
4611	0.002463746975
4612	0.005094289012
4613	0.004170186792
4614	0.0008674913485
4615	0.004808081688
4616	0.002302050146
4617	0.007051078374
4618	0.001229730533
4619	0.00146872204
4620	0.0001872602156
4621	0.003946029493
4622	0.0008731663954
4623	0.001933828025
4624	0.003499559604
4625	0.001456371504
4626	0.002911234886
4627	0.001637724947
4628	0.003259286632
4629	0.004909372932
4630	3.247048111e-06
4631	0.001414857665
4632	0.002566882894
4633	7.629427783e-06
4634	0.001958632378
4635	2.724795635e-06
4636	2.724795635e-06
4637	0.002048244678
4638	0.002172247658
4639	0.001914526465
4640	0.0007164964575
4641	8.719346051e-06
4642	1.089918252e-06
4643	1.089918252e-06
4644	0.003614023366
4645	0.0006025426675
4646	0.0006859648801
4647	5.722070849e-06
4648	5.722070849e-06
4649	0.01061346533
4650	0.00509511183
4651	0.002504742959
4652	0.004181303315
4653	0.003101088913
4654	0.001652208192
4655	0.00163465487
4656	0.002398308795
4657	0.0006098136975
4658	0.001806075704
4659	0.00505142235
4660	0.002689768287
4661	5.403146274e-05
4662	0.002068545709
4663	0.00487025973
4664	6.454424553e-05
4665	2.41825613e-05
4666	0.006988312197
4667	0.00307379648
4668	0.002623043336
4669	0.003538279973
4670	0.001987173125
4671	0.0002805642143
4672	0.0005288461518
4673	0.000461783659
4674	0.0007665721558
4675	0.007442232065
4676	0.00466018093
4677	0.0008774322009
4678	0.001393803249
4679	0.003661825141
4680	0.002333537917
4681	0.0009340596786
4682	0.0004350320442
4683	0.001403059647
4684	0.003001821072
4685	0.00330355695
4686	0.002678588987
4687	0.0007267334971
4688	0.003595364005
4689	0.0002187691012
4690	0.003210475525
4691	0.004343035619
4692	0.0008271284168
4693	0.003547157823
4694	0.002462926566
4695	0.001263796752
4696	0.007002036875
4697	0.00466379872
4698	0.002021625324
4699	0.009823715548
4700	0.000247991906
4701	0.003930528619
4702	0.0008193881216
4703	0.003635662102
4704	0.003884721188
4705	0.001002241826
4706	0.005060850424
4707	3.44686648e-05
4708	0.002943727189
4709	0.00218743553
4710	0.003404790262
4711	0.003126904308
4712	0.002085062488
4713	0.002863458671
4714	0.001735598689
4715	0.002828392026
4716	7.13357512e-05
4717	0.005642998445
4718	0.004795804073
4719	0.003481016579
4720	0.00636535581
4721	0.000925214792
4722	0.0005027402075
4723	2.452316075e-06
4724	0.004647720538
4725	0.002667380897
4726	2.226287767e-05
4727	0.005410230786
4728	0.001257376082
4729	5.722070818e-06
4730	0.007291731504
4731	0.005563551254
4732	0.001054671007
4733	0.001024037624
4734	0.003449210807
4735	4.359673044e-06
4736	4.632152568e-06
4737	4.006042545e-05
4738	0.007266138527
4739	0.003723144333
4740	0.005545419102
4741	0.001618013302
4742	0.0008219237911
4743	0.002294761989
4744	0.0008399681421
4745	0.00367906063
4746	0.00751533775
4747	0.001929936238
4748	0.0009176807623
4749	0.0003739489626
4750	0.006948884289
4751	1.41462307e-05
4752	0.0007112384737
4753	0.004100512657
4754	0.0003104417195
4755	0.003889358013
4756	0.0004306674799
4757	2.261580386e-05
4758	0.0002737407645
4759	4.904632156e-06
4760	4.904632156e-06
4761	0.001700440089
4762	0.001899873865
4763	0.004320608929
4764	0.005753946639
4765	0.0005238877878
4766	0.0003378538817
4767	0.002233763097
4768	0.0008817493557
4769	0.004466543683
4770	0.001646230995
4771	0.002880700959
4772	0.003518147116
4773	0.001314603603
4774	0.004880015705
4775	0.003383478083
4776	0.002091574778
4777	0.002306347882
4778	0.003442665139
4779	0.003086943528
4780	0.005222024422
4781	4.087193484e-06
4782	0.001544284535
4783	0.0003636749244
4784	0.002263820249
4785	0.002908727524
4786	0.004823817304
4787	0.002315896046
4788	0.004849393674
4789	0.00235059173
4790	0.001324126901
4791	0.0009198738399
4792	0.0007503488644
4793	0.003763894341
4794	0.003233905914
4795	0.0002064740109
4796	0.0001473471946
4797	0.004169221896
4798	0.002529356254
4799	0.0002933940182
4800	0.001498113276
4801	0.006007477578
4802	0.0003779573411
4803	1.975476839e-05
4804	0.001654737268
4805	0.007314905941
4806	0.002681541352
4807	0.002717818848
4808	0.002809507476
4809	0.001975795459
4810	0.0004509811951
4811	0.004736424938
4812	0.002727684397
4813	0.001913757746
4814	0.0003084861822
4815	0.003427294445
4816	1.026631635e-05
4817	0.0009112540503
4818	0.000119867698
4819	0.0002776057139
4820	0.002920325539
4821	4.76839237e-06
4822	7.901907326e-06
4823	0.0004950079884
4824	0.001730313983
4825	0.003200000504
4826	0.003847563902
4827	2.671435054e-05
4828	0.001451131397
4829	0.003119612201
4830	0.0003067280495
4831	5.722070848e-06
4832	9.536784734e-07
4833	1.498637602e-05
4834	9.536784703e-06
4835	0.0002206881464
4836	0.000891023253
4837	0.005147489688
4838	2.602179837e-05
4839	0.003142458065
4840	0.003445650945
4841	0.0001830372854
4842	0.00110330468
4843	0.003451982278
4844	0.0008175237888
4845	0.002353876658
4846	0.0008079975715
4847	0.0004935476093
4848	0.0004651114895
4849	0.002545190532
4850	0.004909232796
4851	0.0013927822
4852	0.002359196003
4853	0.002436533607
4854	4.070001309e-06
4855	0.001701264452
4856	0.003697084027
4857	0.005735415208
4858	0.0002334058017
4859	0.002461921443
4860	0.007762107272
4861	0.003800237562
4862	0.0009083489862
4863	5.449591245e-06
4864	3.624670915e-05
4865	0.0009141779005
4866	0.004989649106
4867	0.008012065279
4868	0.004195537332
4869	0.002232803728
4870	0.00257785237
4871	0.0008643435508
4872	0.001214901811
4873	0.003362115977
4874	0.0005448814586
4875	0.004310634783
4876	0.005727192456
4877	0.004100468849
4878	0.003035064234
4879	8.038147137e-06
4880	8.446866483e-06
4881	0.001746584254
4882	0.005046898427
4883	0.003153753047
4884	0.002364228996
4885	0.002109270883
4886	0.002375529836
4887	0.0009650433626
4888	0.001584229651
4889	0.001718342426
4890	0.005631263244
4891	0.0009982277383
4892	0.006828163541
4893	0.0004330257503
4894	0.001210387077
4895	0.000400221234
4896	0.001261605429
4897	0.01283720395
4898	0.005966007097
4899	0.005694157008
4900	0.001535807533
4901	3.905540901e-07
4902	0.000436556276
4903	0.0001503061471
4904	0.001160466775
4905	1.754086757e-06
4906	0.004799931802
4907	0.0001579726833
4908	1.852861038e-05
4909	0
4910	0.005903242535
4911	0.006516707247
4912	0.005083842158
4913	0.002864977652
4914	0.003564586946
4915	0.002970452384
4916	0.001231100767
4917	0.008795657613
4918	0.000762643112
4919	0.0008392584257
4920	0.003861460124
4921	1.267029974e-05
4922	0.003708755522
4923	0.002491715367
4924	0.001212534007
4925	7.629427826e-06
4926	6.26702994e-06
4927	6.539509554e-06
4928	6.539509554e-06
4929	0.0005543065105
4930	0.002198821227
4931	0.002514194894
4932	0.0002166282885
4933	0.001325309686
4934	0.006051405757
4935	0.0009133018522
4936	0.001205223412
4937	0.002898290625
4938	0.0003698770321
4939	0.0009320440747
4940	4.087193436e-06
4941	4.087193436e-06
4942	0.002419059182
4943	0.006033685937
4944	0.003739908667
4945	0.002575315732
4946	0.001392532861
4947	0.0005200652645
4948	0.003935149515
4949	0.0004043111285
4950	0.001247214599
4951	0.00135543647
4952	0.006814777246
4953	0.00119238933
4954	0.007608522085
4955	0.004277463663
4956	0.005613396449
4957	0.0005345604757
4958	0.001107927777
4959	2.533228445e-05
4960	0.001667300367
4961	0.001807699375
4962	0.003796613129
4963	0.000255837359
4964	0.00519505772
4965	4.169981607e-06
4966	0.0003033666689
4967	0.002850774431
4968	0.001008339769
4969	0.001166446994
4970	0.001948469218
4971	0.003034034116
4972	0.00139769969
4973	0.001931586854
4974	0.004671425018
4975	0.001336945821
4976	0.005287353552
4977	0.001734922041
4978	0.004226885765
4979	0.0008684912606
4980	2.400090831e-05
4981	0.0002207776903
4982	0.003227833292
4983	0.003291868155
4984	0.0006590178683
4985	0.0005604479338
4986	0.0007832235471
4987	0.0001598762252
4988	0.002984238314
4989	0.002993047874
4990	0.002486107777
4991	0.0004625622413
4992	4.057185601e-05
4993	4.087193463e-06
4994	0.002736154222
4995	0.0004019648475
4996	0.00323998239
4997	0.001948066795
4998	0.00402702379
4999	0.004097448376
5000	0.002112283424
5001	0.0001960720555
5002	0.0046124871
5003	0.004678219384
5004	0.004023347205
5005	0.002865447451
5006	0.0003664284513
5007	0.0008565932078
5008	0.0001715760466
5009	0.001748267046
5010	0.006849251929
5011	0.001654008388
5012	8.446866482e-06
5013	1.062670299e-05
5014	0.004687148173
5015	0.004714446194
5016	0.002121041252
5017	0.002026724046
5018	0.001302726494
5019	0.003098008477
5020	0.0002559819918
5021	0.003115380662
5022	0.002068227386
5023	0.0007599358527
5024	0.004523320474
5025	0.002182637987
5026	0.0004080176727
5027	0.001264611407
5028	0.0006217837379
5029	0.00160026106
5030	0.00647936807
5031	0.00154386353
5032	0.001370958721
5033	0.002221736287
5034	0.0003377481715
5035	0.001973815769
5036	4.833277482e-05
5037	0.001376587403
5038	0.002976867457
5039	0.003383910432
5040	0.003769892339
5041	0.000772196452
5042	0.0003943806293
5043	0.002957490084
5044	0.0003048666987
5045	7.288197651e-05
5046	0.000864363644
5047	0.002460449383
5048	0.00458418569
5049	0.004119322354
5050	0.005037836822
5051	0.00382180614
5052	0.002130796414
5053	0.005655734679
5054	0.001070571621
5055	0.001022236607
5056	0.002118674318
5057	0.002647922786
5058	0.001214771659
5059	0.0007971474037
5060	0.001275008923
5061	0.001958549326
5062	0.0005552459272
5063	0.0007874319471
5064	1.32061762e-05
5065	0.003054772838
5066	0.0005835693755
5067	0.004290991208
5068	0.0002677960343
5069	0.001994241947
5070	0.0006755620262
5071	0.002549623578
5072	0.002753433852
5073	0.01148931292
5074	0.001487261635
5075	0.004428812933
5076	0.002862922229
5077	0.00324793051
5078	0.00159358905
5079	0.007144486554
5080	0.001019686608
5081	0.002430519392
5082	0.00294056443
5083	0.004578666715
5084	7.829738667e-05
5085	0.0005487939869
5086	0.001274263395
5087	0.0003336194932
5088	0.003499920627
5089	0.002388446046
5090	0.001050817885
5091	2.42033628e-05
5092	0.007246845767
5093	0.002786103593
5094	0.007266487167
5095	0.002098592665
5096	0.004241973485
5097	0.0007528322603
5098	0.003897997132
5099	0.003859173915
5100	0.0003117059689
5101	0.003616534878
5102	0.001282523149
5103	0.004841761695
5104	0.00467160686
5105	0.004012562375
5106	0.002961457357
5107	0.005266593468
5108	0.0005150214241
5109	0.009394545459
5110	0.00210646933
5111	0.003556107968
5112	0.001915549315
5113	3.542234329e-06
5114	3.542234329e-06
5115	0.002345077103
5116	0.003133570668
5117	4.35967302e-06
5118	4.35967302e-06
5119	0.0003031107699
5120	0.001381108097
5121	2.724795632e-07
5122	1.634877391e-06
5123	0.001012736251
5124	7.104061239e-05
5125	0.000467667915
5126	0.001917055996
5127	0.001016905797
5128	0.005079342245
5129	1.089918252e-06
5130	1.089918252e-06
5131	0.007527562431
5132	0.00732480672
5133	0.006421362679
5134	0.0009489402085
5135	0.0004873027072
5136	0.002312229836
5137	0.000824786793
5138	0.0004344489116
5139	0.007470527155
5140	0.001909744673
5141	7.339918254e-05
5142	0.0002445318629
5143	0.004372201934
5144	0.0005622292788
5145	0.003803484352
5146	0.003556843785
5147	0.0007334790832
5148	0.002032953523
5149	1.907356975e-06
5150	1.907356975e-06
5151	0.0009174167454
5152	0.003130820368
5153	0.001360494011
5154	0.002760547639
5155	0.001292907914
5156	0.002871896241
5157	1.185286105e-05
5158	3.542234332e-06
5159	3.542234332e-06
5160	0.00387814789
5161	0.001910519314
5162	0.002176991903
5163	0.004868319019
5164	0.002718727404
5165	0.003242657353
5166	0.00420939408
5167	0.002388045983
5168	8.498686304e-05
5169	0.001725168782
5170	0.002156640312
5171	0.004239005838
5172	0.0009432219413
5173	3.065398247e-07
5174	0.001307636432
5175	0.002046859797
5176	0.0007349181715
5177	0.001155926891
5178	0.00609311495
5179	0.003067403976
5180	0.005931558233
5181	0.0009431523445
5182	0.002441384689
5183	0.0006430123191
5184	0.001127484061
5185	6.675749313e-06
5186	1.362397824e-05
5187	0.00405540541
5188	2.370825722e-05
5189	0.004085793904
5190	0.004511171346
5191	0.002359449341
5192	0.005417810945
5193	2.930290642e-05
5194	0.007432580535
5195	0.0004364490497
5196	0.002457530141
5197	0.002987919072
5198	0.003868213216
5199	0.002258680915
5200	0.0006318095786
5201	0.001963200399
5202	0.001704912346
5203	0.003143342357
5204	0.0008685629333
5205	0.001889889937
5206	0.005788421694
5207	0.001967863184
5208	0.001640869957
5209	0.002805359265
5210	0.002311555203
5211	0.0004745881894
5212	0.0024772239
5213	0.001089636123
5214	0.004030138731
5215	0.002351580207
5216	0.003380520487
5217	0.00115354254
5218	0.002277388998
5219	0.003243801813
5220	0.002407762738
5221	0.0001023017294
5222	0.0003547334006
5223	0.002416712913
5224	0.002448590888
5225	0.0005774548098
5226	0.001396221412
5227	0.002112889438
5228	0.002856732306
5229	0.0007736996408
5230	0.003423464712
5231	0.007288476799
5232	5.025086838e-05
5233	0.0005632792497
5234	0.002150504636
5235	0.004535734201
5236	0.0003284660083
5237	0.003190054179
5238	0.0008209456789
5239	0.0003871750546
5240	0.008584636301
5241	0.002341992715
5242	0.001819137574
5243	0.002201144827
5244	0.001294560677
5245	0.003916801068
5246	0.002451260753
5247	0.005893248941
5248	3.866737267e-05
5249	0.006624958765
5250	0.00152717082
5251	0.0005839592427
5252	8.17438692e-06
5253	1.11716621e-05
5254	8.219800215e-06
5255	0.002718341652
5256	3.482736885e-05
5257	0.001949425218
5258	0.0002470705762
5259	0.005283002008
5260	0.001485835166
5261	0.0006187099578
5262	0.005155605353
5263	0.0004123017227
5264	0.003775923157
5265	0.001079810385
5266	0.002184863999
5267	0.0002739280947
5268	0.0009189667025
5269	0.004383856774
5270	0.002464044329
5271	0.0007661066132
5272	0.0003926487869
5273	6.267029976e-06
5274	6.267029976e-06
5275	0.002909661073
5276	0.002380247848
5277	0.0004108594034
5278	0.0007539015676
5279	0.008522508159
5280	0.003110221414
5281	0.006900790221
5282	0.001639005892
5283	0.003208789637
5284	0.003832801942
5285	0.006592202659
5286	0.00823541288
5287	0.001725606663
5288	0.001135720469
5289	0.0002794475953
5290	0.002873151147
5291	0.004571741342
5292	0.002841764178
5293	0.0005393854172
5294	0.004307259568
5295	0.003674300381
5296	0.0060883496
5297	0.003258966506
5298	0.0008979564551
5299	7.084468662e-06
5300	0.001064594703
5301	0.006466687163
5302	0.001451932676
5303	8.446866495e-06
5304	0.001242238194
5305	0.0007013367941
5306	0.0009530191464
5307	0.002760280648
5308	0.0002147479615
5309	0.001096194517
5310	0.002769901372
5311	0.00366708295
5312	0.0006416609054
5313	7.881850605e-05
5314	6.811989125e-07
5315	0.001266896193
5316	0.002908628114
5317	0.004524955188
5318	0.0005884485188
5319	2.724795687e-07
5320	2.724795687e-07
5321	9.026718297e-05
5322	0.0009972871698
5323	0.003347815421
5324	0.00247047947
5325	0.001003476185
5326	0.002272885629
5327	0.001550269349
5328	0.002470152114
5329	0.004333716828
5330	0.0004599560104
5331	0.0005252763988
5332	0.003467903348
5333	0.003218817799
5334	1.089918254e-06
5335	1.089918254e-06
5336	0.002976514395
5337	6.431575055e-05
5338	0.0006459352413
5339	0.006226244847
5340	2.99727522e-06
5341	0.0004715847089
5342	0.002959572116
5343	0.004390602319
5344	0.002604507674
5345	8.174386861e-07
5346	8.174386861e-07
5347	0.005533506134
5348	0.00431186848
5349	0.007201180924
5350	0.002921075439
5351	0.00540616343
5352	0.00295476021
5353	0.003086561641
5354	0.00562011227
5355	7.447774747e-06
5356	0.0009838723968
5357	0.002892327232
5358	0.003342895641
5359	0.001635465609
5360	0.0002641637479
5361	0.0006473288006
5362	0.0005222194519
5363	3.996366941e-05
5364	0.0006424629072
5365	0.004089932246
5366	0.00850560855
5367	0.001005063528
5368	0.0003417645365
5369	0.003149053832
5370	0.005459981495
5371	0.003025542226
5372	0.007257283537
5373	0.007808434624
5374	0.001187885123
5375	0.002802745803
5376	0.006191361447
5377	0.004817632129
5378	0.002266668837
5379	0.00137282698
5380	0.005677813411
5381	0.001058111692
5382	0.003748698775
5383	0.003270623537
5384	0.003875454723
5385	0.001279354761
5386	0.004284128282
5387	0.0004544602894
5388	0.002423057258
5389	0.001911551129
5390	0.000459146915
5391	0.002498386927
5392	0.0008211770721
5393	0.004370188333
5394	0.001744620367
5395	0.002659991795
5396	0.0052801648
5397	0.002953040809
5398	0.00309477559
5399	0.001781916069
5400	0.002989426891
5401	0.002039664889
5402	1.21253406e-05
5403	0.000525085751
5404	0.005934556657
5405	0.001678222247
5406	0.001462450554
5407	0.004662928625
5408	0.0001271890385
5409	0.004118662083
5410	3.326521348e-05
5411	0.00406809328
5412	0.001854022775
5413	0.002572738687
5414	0.0003070086516
5415	0.001298247224
5416	0.003862887691
5417	0.0003250139789
5418	9.351658788e-05
5419	0.0002820260548
5420	0.002863479945
5421	0.001843151808
5422	0.002397026346
5423	0.0008646153054
5424	0.005113543493
5425	0.0005749445233
5426	0.001055090671
5427	0.002232711105
5428	0.001536666462
5429	2.588555857e-06
5430	0.001969821373
5431	0.002600525982
5432	0.0004332406189
5433	0.003094204597
5434	0.001682200704
5435	2.452316072e-06
5436	2.452316072e-06
5437	0.003573508616
5438	2.918153586e-05
5439	1.089918256e-06
5440	8.174386886e-07
5441	8.174386886e-07
5442	0.0003346613404
5443	0.0005377956759
5444	2.755640991e-05
5445	0.0002536057243
5446	0.0005879512102
5447	4.359673043e-06
5448	0.0007190202134
5449	0.0002209809216
5450	0.005793962914
5451	0.002862585259
5452	0.002354474981
5453	2.724795682e-07
5454	2.724795682e-07
5455	0.006720338249
5456	6.403269755e-06
5457	0.002433452325
5458	0.0002804620879
5459	0.0007713040831
5460	1.784741141e-05
5461	0.01066915594
5462	0.000207413343
5463	0.0003165444474
5464	0.000275754095
5465	7.063337235e-05
5466	0.003234188521
5467	0.004859974057
5468	0.002944671554
5469	0.0007131501395
5470	9.809264261e-06
5471	0.001414279844
5472	0.0005475847917
5473	0.002860524247
5474	0.0001641619533
5475	0.000124425399
5476	0.001120520908
5477	0.001392298811
5478	0.002322912184
5479	0.001915107047
5480	0.003121700466
5481	0.006044279728
5482	0.005846762572
5483	0.0005919670429
5484	0.001074922917
5485	0.00499990256
5486	0.001968946504
5487	0.002307529107
5488	0.0002464747154
5489	0.002291918347
5490	0.002656888304
5491	0.004270203607
5492	0.0007526523912
5493	0.003670269834
5494	0.001562735768
5495	0.004395350625
5496	0.002760979255
5497	0.003266770235
5498	0.001723134906
5499	0.002005533097
5500	0.0007677007798
5501	0.003715667982
5502	0.001244478053
5503	0.002668476277
5504	0.001144833804
5505	0.0007572312441
5506	0.003512175329
5507	0.001240040735
5508	0.001289571819
5509	0.002147922599
5510	0.006858825534
5511	0.002268057713
5512	0.00204972418
5513	0.002362339169
5514	2.724795645e-07
5515	4.049546105e-05
5516	0.001145972331
5517	0.003921680701
5518	4.904632151e-06
5519	4.904632151e-06
5520	0.001505381789
5521	0.004389645828
5522	0.004433311254
5523	2.179836508e-06
5524	2.179836508e-06
5525	0.001162763733
5526	0.0007202697818
5527	0.002985064714
5528	0.001636304268
5529	0.007193010539
5530	0.006279663919
5531	0.006402171973
5532	0.003129447792
5533	0.004113983297
5534	0.0003006368972
5535	0.002025419071
5536	0.0001808481614
5537	0.001698224548
5538	5.585831064e-06
5539	0.003903696839
5540	0.0004622959635
5541	0.003329692915
5542	0.00100805766
5543	0.001678907544
5544	0.004003810868
5545	0.0004379864344
5546	0.003808392489
5547	1.839237059e-05
5548	0.003364885377
5549	0.004011899184
5550	0.002359705127
5551	2.72479564e-06
5552	0.003498725628
5553	3.814713892e-06
5554	3.814713892e-06
5555	0.004058475971
5556	0.00219311056
5557	0.001204940034
5558	0.0007134971553
5559	3.678474153e-06
5560	0.0007825232404
5561	0.0005401765009
5562	0.0004137469842
5563	0.003973500473
5564	0.002296676119
5565	0.004226710473
5566	0.002183585875
5567	0.0009749785618
5568	0.00136021154
5569	0.004025316777
5570	0.001719710469
5571	0.002200000646
5572	0.0005552931114
5573	2.179836512e-06
5574	2.179836512e-06
5575	6.811989097e-07
5576	0.0008627002156
5577	0.0009413900724
5578	5.994550413e-06
5579	5.994550413e-06
5580	0.003127447607
5581	0.006163720407
5582	0.0049062269
5583	0.002238869943
5584	0.0006009879659
5585	0.00341032957
5586	0.002517390022
5587	0.003278959917
5588	0.001754059984
5589	0.001173029201
5590	3.542234336e-06
5591	5.722070843e-06
5592	0.004353523104
5593	0.00390352398
5594	0.008888862786
5595	0.00658388691
5596	0.001523796776
5597	0.003190430929
5598	0.0005158258973
5599	0.002578684702
5600	0.001572354177
5601	0.0009519243918
5602	0.0005846430307
5603	0.002692653926
5604	2.193460492e-05
5605	0.001143205818
5606	0.002571279033
5607	8.583106262e-06
5608	0.009291328496
5609	0.005025302923
5610	0.004102770741
5611	0.001173763929
5612	0.001810026686
5613	0.003185013091
5614	0.006897019388
5615	0.002002731011
5616	0.001393896619
5617	0.001819937903
5618	0.002011649086
5619	0.004608567993
5620	0.003060773843
5621	0.001424756557
5622	0.00297197526
5623	0.001133292761
5624	0.002353319163
5625	0.002392517557
5626	0.00222064514
5627	0.0001314118382
5628	0.0005776454524
5629	0.004904310082
5630	3.269754769e-06
5631	3.269754769e-06
5632	0.007567422232
5633	6.153172416e-06
5634	7.270662915e-06
5635	0.0004534320616
5636	0.008935692642
5637	0.00532665794
5638	0.004691694775
5639	0.002429769355
5640	0.001172273606
5641	2.316076245e-06
5642	5.449591643e-07
5643	0.0008559046058
5644	0.000714011972
5645	0.0002252669947
5646	3.746593976e-06
5647	0.002664069873
5648	0.002796696872
5649	0.004244946925
5650	3.405994549e-06
5651	0.0008593663977
5652	0.004449103307
5653	0.0002451243513
5654	0.001621804117
5655	0.002965327068
5656	0.01054363163
5657	0.001749570584
5658	0.002949856631
5659	0.002619975589
5660	0.001047035929
5661	0.0005409460643
5662	0.00577808068
5663	0.003301600603
5664	1.839237057e-05
5665	0.000303343344
5666	0.007905439991
5667	0.003756396381
5668	0.002215235046
5669	0.001199750138
5670	0.0009011625844
5671	0.004056464024
5672	0.001498837267
5673	0.005094312937
5674	0.0006857592064
5675	0.0001869054515
5676	0.002078157718
5677	0.005458748983
5678	0.004479806403
5679	0.001973259696
5680	0.001009834302
5681	0.001182371365
5682	0.002287207836
5683	0.001928792887
5684	0.003751527795
5685	0.005986743715
5686	0.003226672233
5687	0.001115818543
5688	2.82016349e-05
5689	0.0009740686067
5690	0.002417976156
5691	0.002801905906
5692	0.009426697867
5693	0.002043776986
5694	0.002648781832
5695	0.0006797149579
5696	0.007665340628
5697	0.001560810973
5698	9.536784741e-07
5699	7.629427795e-06
5700	0.001230057076
5701	0.003738732835
5702	0.002160839804
5703	0.005071770388
5704	0.00059884735
5705	1.362397823e-06
5706	0.003327682159
5707	0.004208045837
5708	0.0002727477708
5709	0.002907807509
5710	0.001437790751
5711	0.003868936501
5712	0.0002218025291
5713	0.006232144019
5714	0.005027787384
5715	0.0004941894913
5716	0.003760715708
5717	0.001956695614
5718	0.0004739011926
5719	4.087193459e-06
5720	0.001543052111
5721	0.0001149332859
5722	0.0008369326322
5723	0.005737942284
5724	0.004745213938
5725	0.002740196523
5726	0.002939942154
5727	0.001994581749
5728	0.0002617261632
5729	0.001672557746
5730	0.0005761339619
5731	0.0004217186846
5732	0.0009152592625
5733	0.0004002247581
5734	0.002927347923
5735	0.001122652304
5736	8.094856667e-05
5737	0.001845196186
5738	0.0005319615869
5739	3.542234334e-06
5740	3.542234334e-06
5741	0.001853955325
5742	0.003462111115
5743	0.00401511493
5744	0.001154488003
5745	0.0005128195809
5746	0.002421662358
5747	0.006368708061
5748	0.002450372906
5749	0.003344045103
5750	0.0032957684
5751	0.002260085471
5752	0.002616841768
5753	0.001971924591
5754	0.006513727158
5755	0.001928236641
5756	0.000639056639
5757	0.003027686453
5758	0.004704698939
5759	0.005495192518
5760	0.003756955835
5761	0.0002319235898
5762	0.001941568781
5763	0.0007148807769
5764	0.002223751409
5765	0.007283472229
5766	0.007429265159
5767	0.009175055874
5768	0.00569297154
5769	8.446866489e-06
5770	0.003306827172
5771	0.001936648709
5772	4.087193937e-07
5773	3.814713898e-06
5774	1.498637623e-06
5775	0.002141396344
5776	4.47684042e-05
5777	0.0003277753036
5778	0.004017313267
5779	0.0004699324044
5780	9.400544958e-06
5781	0.002188419141
5782	0.001423308902
5783	0.002205115585
5784	0.00681905633
5785	4.087193476e-07
5786	8.17438673e-07
5787	0.0004722522658
5788	0.0001213708629
5789	0.0004173922023
5790	9.564505537e-05
5791	0.003093789886
5792	0.001147938283
5793	3.637602175e-05
5794	0.0006140496897
5795	0.008198793958
5796	0.0008930118709
5797	1.348773839e-05
5798	0.004284538235
5799	0.00188149658
5800	0.003509607391
5801	0.005008868929
5802	0.0005110999912
5803	0.004019270439
5804	0.00508909047
5805	0.0014347306
5806	0.004624716124
5807	0.0008276638842
5808	0.000948833232
5809	6.403269797e-06
5810	0.006649691714
5811	0.001197418182
5812	0.003384742759
5813	0.003293916063
5814	0.0001598108074
5815	0.0006043614883
5816	0.002662008263
5817	0.00516439467
5818	0.001938612272
5819	0.001853885677
5820	0.0004130778192
5821	0.0008271862098
5822	3.390882706e-05
5823	0.004375835609
5824	0.002778058948
5825	3.133515024e-06
5826	3.814713881e-06
5827	0.0008014539183
5828	0.002134562924
5829	2.656675749e-05
5830	0.004249408216
5831	0.004049207102
5832	0.000937787347
5833	0.0002297974538
5834	0.002615807717
5835	0.001215906945
5836	6.403269759e-06
5837	0.006352160006
5838	0.00164050083
5839	0.002691025513
5840	0.003638849862
5841	0.002465031827
5842	0.004668713139
5843	0.006383613343
5844	0.009611414935
5845	0.0003750712594
5846	0.001089937583
5847	0.004641594138
5848	0.004131876388
5849	0.001556012749
5850	8.773705618e-05
5851	0.0008380693818
5852	0.0007343170732
5853	0.001589088585
5854	0.002146738457
5855	0.01880874607
5856	0.0002001537778
5857	0.004694428457
5858	0.0005843179671
5859	0.005461800261
5860	0.00663583512
5861	0.0004928955542
5862	0.004233742751
5863	0.008318740055
5864	0.003979996825
5865	0.00100685246
5866	1.498637574e-06
5867	1.63487736e-06
5868	0.00151990012
5869	0.001984207127
5870	0.005712270471
5871	0.004919989514
5872	0.0006333592949
5873	0.001145448107
5874	0.003138251529
5875	0.003005296205
5876	0.0008684269068
5877	0.0006661874947
5878	0.00249289068
5879	0.0003271402054
5880	0.001148348039
5881	0.003728867167
5882	0.003106139376
5883	5.177111713e-06
5884	3.269754814e-06
5885	3.269754814e-06
5886	5.788546209e-05
5887	0.0008384972377
5888	0.003967461098
5889	3.116712079e-05
5890	0.0006836552825
5891	9.536784295e-07
5892	0.001079130748
5893	0.001989595331
5894	0.001230835531
5895	0.001836507857
5896	0.001474059635
5897	1.362397827e-06
5898	3.13351499e-06
5899	0.0002655445755
5900	0.002277406371
5901	0.000177062037
5902	0.003379907217
5903	0.002256956866
5904	0.001253776628
5905	4.88519861e-05
5906	0.0001134626033
5907	0.001239779292
5908	0.0004987273764
5909	0.003611810233
5910	0.00121893815
5911	0.007825930564
5912	0.004446363251
5913	0.003888150342
5914	0.002638930581
5915	0.004350549717
5916	0.004435474956
5917	2.724795686e-07
5918	0.0004014805346
5919	0.0007352878876
5920	4.462657031e-05
5921	0.0005870751238
5922	0.006456605384
5923	0.0004203022952
5924	0.00452849642
5925	0.002466384503
5926	0.0005550434554
5927	0.00363087328
5928	0.0004672395642
5929	0.00268972326
5930	0.00179556999
5931	0.003189550259
5932	0.0003742757131
5933	0.002588499826
5934	0.0003255334188
5935	0.002344260237
5936	0.00106827956
5937	0.0007776631706
5938	0.005646234734
5939	8.890893349e-05
5940	0.001139761364
5941	0.006008298532
5942	0.0007917559457
5943	0.004249349424
5944	0.002830175673
5945	0.00191938215
5946	0.002818825232
5947	0.000767385173
5948	0.00307463601
5949	0.004820058868
5950	0.00178449247
5951	0.004508703037
5952	0.0006288856178
5953	0.001397446414
5954	5.585831036e-06
5955	0.006043119927
5956	5.177111719e-06
5957	0.003906071521
5958	0.007747226401
5959	0.0005902141918
5960	0.007363650333
5961	6.675749303e-06
5962	2.861035427e-06
5963	0.002976372121
5964	0.0002090620829
5965	0.003397504863
5966	0.007816651144
5967	0.001220227626
5968	0.003119884265
5969	0.002039869232
5970	0.000516068591
5971	0.001335558301
5972	0.0004480730734
5973	0.002612766266
5974	0.0001603269877
5975	0.0009190506051
5976	0.001496755069
5977	0.004424160524
5978	0.002055802962
5979	0.007527958846
5980	0.003282314709
5981	0.002744231026
5982	0.0009333771473
5983	0.001424252578
5984	0.0006991959345
5985	0.001705193143
5986	0.007468134817
5987	0.004776786279
5988	0.001003661149
5989	0.00115098209
5990	0.00798711931
5991	0.001617498772
5992	0.002113840361
5993	0.007199443421
5994	0.001028811089
5995	0.003305196427
5996	5.449591708e-07
5997	0.00315512766
5998	2.266689338e-05
5999	2.140099911e-05
6000	0.0029596991
6001	3.685183869e-05
6002	0.002130148391
6003	0.002042474049
6004	0.008526923767
6005	0.0006602154186
6006	0.0002382047903
6007	7.493188015e-06
6008	0.001516365957
6009	2.070844689e-05
6010	0.003415933704
6011	0.0006450194544
6012	5.081521987e-05
6013	0.002210273195
6014	0.0006292480189
6015	0.003993023121
6016	0.002503630309
6017	0.001099343184
6018	0.00128140099
6019	0.003579781393
6020	2.588555855e-06
6021	2.997275204e-06
6022	0.00512774456
6023	0.003968746809
6024	0.001017776514
6025	0.0005511021652
6026	2.269527665e-05
6027	0.0007663844572
6028	0.0001797046049
6029	0.0002318642468
6030	0.002734959343
6031	0.004132233702
6032	0.0004995061536
6033	0.001580975508
6034	0.005404104976
6035	0.005665710334
6036	0.003910891824
6037	9.059945523e-06
6038	0.0005562353117
6039	0.001926140093
6040	0.0001329696424
6041	0.003996465171
6042	0.0007766228095
6043	0.003385424907
6044	0.003145316494
6045	0.007893733255
6046	0.001035223653
6047	0.0001711114977
6048	6.403269751e-06
6049	3.814713913e-06
6050	0.001895567953
6051	0.001510695844
6052	0.001037099094
6053	0.001049880546
6054	0.0006877165916
6055	0.001319394883
6056	0.002289891136
6057	0.002147855464
6058	0.004500255802
6059	2.17983651e-06
6060	0.0006842593871
6061	0.001525076215
6062	0.006486644789
6063	0.002798442643
6064	0.007791691033
6065	0.001430767417
6066	0.00259057484
6067	0.002935321326
6068	0.004061501934
6069	0.003435856081
6070	2.724795674e-07
6071	2.724795674e-07
6072	0.0006530448466
6073	1.269300635e-05
6074	0.0008820904665
6075	0.0007660593259
6076	0.001536030607
6077	0.002767353019
6078	1.907356905e-06
6079	1.907356905e-06
6080	0.001098825947
6081	0.001899998559
6082	0.0002539201335
6083	0.000763556132
6084	0.002850097217
6085	1.385104449e-05
6086	8.174387281e-07
6087	8.174387281e-07
6088	0.0004229416888
6089	0.004268537012
6090	0.004549041215
6091	0.008672488901
6092	0.001551955444
6093	0.003304785437
6094	0.0007968836104
6095	0.0007920460529
6096	0.001206298495
6097	0.0001162019783
6098	0.0008716626087
6099	1.362397662e-07
6100	0.00134427754
6101	0.001933268213
6102	0.004844505683
6103	0.002279090311
6104	1.634877382e-06
6105	0.004486264496
6106	0.002024380427
6107	0.003421199136
6108	0.0006122363918
6109	0.001252599952
6110	0.003976223325
6111	0.0001217061334
6112	5.824695935e-05
6113	0.003029826241
6114	0.001336046958
6115	2.724795639e-06
6116	0.001556614336
6117	5.994550437e-06
6118	1.485013619e-05
6119	0.001788242174
6120	0.007515564462
6121	2.654405084e-05
6122	0.003658263498
6123	0.004142486609
6124	0.00076026761
6125	0.001874828069
6126	0.0006712231763
6127	0.001480178137
6128	0.002409613398
6129	0.003908232965
6130	0.002754630572
6131	0.0007707237411
6132	0.0009493393813
6133	0.0008599626314
6134	0.004268110737
6135	0.001029874406
6136	0.00173087555
6137	0.0003994665284
6138	0.0001906471238
6139	5.858310622e-06
6140	8.777938038e-05
6141	0.0003668002959
6142	0.003612146542
6143	0.002258319305
6144	0.007919143854
6145	6.811989074e-07
6146	2.043596731e-06
6147	0.0003254755802
6148	0.00214493649
6149	0.001140004473
6150	0.01143310562
6151	6.267029973e-06
6152	0.001237908159
6153	0.001549987972
6154	0.002178541301
6155	0.003530391892
6156	0.003060881892
6157	0.001163133053
6158	0.004326484713
6159	0.002314826293
6160	0.003298660872
6161	0.002299299943
6162	0.0004010162314
6163	0
6164	0.002970666072
6165	0.002291900393
6166	0.00106287082
6167	0.001782747373
6168	0.007411453848
6169	0.0001130464275
6170	0.003108580377
6171	0.003007095966
6172	0.002006296285
6173	0.0002564612029
6174	0.0005025725281
6175	0.003263585308
6176	5.585831032e-06
6177	3.269754744e-06
6178	0.0001116497794
6179	0.001379308894
6180	0.008463351552
6181	1.839237019e-06
6182	0.001339070486
6183	1.100136255e-05
6184	4.632152581e-06
6185	0.001286928912
6186	0.0008365988385
6187	8.991825616e-06
6188	0.001813100632
6189	0.008270644992
6190	0.0007283678265
6191	0.0006915618546
6192	0.0009808311603
6193	0.001698006833
6194	0.001985167052
6195	0.003203242066
6196	0.004527546291
6197	3.814713896e-06
6198	0.002984904039
6199	0.002043182299
6200	0.009689719544
6201	0.0007768660032
6202	0.0005573805169
6203	0.002942122156
6204	0.0002218515844
6205	0.0001820234777
6206	0.0007694125025
6207	0.002034001237
6208	0.00158222405
6209	0.002587306727
6210	0.002006525556
6211	2.475022707e-05
6212	0.003512849198
6213	0.0005691971141
6214	0.001333428436
6215	0.003502281258
6216	0.00166468197
6217	0.005639734205
6218	1.866485014e-05
6219	0.001412378158
6220	0.002982007214
6221	0.00370022283
6222	0.001185355277
6223	0.001041480587
6224	0.0006762664812
6225	0.0005844427429
6226	0.001776261525
6227	0.000870698439
6228	0.002281320462
6229	0.0002437808764
6230	0.0002537831079
6231	0.004101114216
6232	0.004610488443
6233	3.814713892e-06
6234	0.0006327527257
6235	0.001299783217
6236	0.000929323854
6237	0.001185046783
6238	2.169471304e-05
6239	0.0007155422766
6240	3.10626703e-05
6241	1.730245231e-05
6242	7.08446871e-06
6243	0.001346462758
6244	0.005814613163
6245	0.000195488957
6246	0.0006326003117
6247	0.003420619052
6248	0.006316224993
6249	5.449591279e-06
6250	5.449591279e-06
6251	0.002181164061
6252	0.001099452449
6253	3.069839104e-05
6254	0.005111743882
6255	1.089918258e-06
6256	0.003356279692
6257	0.01110655013
6258	0.002595080132
6259	0.003171561278
6260	0.0005511471474
6261	0.006385955099
6262	0.004132328212
6263	0.0024950181
6264	0.002259566566
6265	1.253405995e-05
6266	6.267029972e-06
6267	6.267029972e-06
6268	0.004243337843
6269	0.002731158998
6270	0.003397024764
6271	0.002698437356
6272	0.000957038007
6273	0.002930643233
6274	3.254995455e-05
6275	0.000222042611
6276	0.001130842888
6277	0.001494470471
6278	0.002876760071
6279	6.19777475e-05
6280	0.0007115923276
6281	0.001456039102
6282	0.003934298938
6283	0.0005165885943
6284	0.0008823944791
6285	2.574931882e-05
6286	0.003623509531
6287	0.001937397817
6288	0.003862955688
6289	0.006380127192
6290	0.007681688048
6291	0.001568779586
6292	0.00564717993
6293	0.0002990264383
6294	0.001799252457
6295	0.001602744167
6296	0.003402453631
6297	0.002212624692
6298	0.004641057784
6299	0.005128656789
6300	0.001986533695
6301	0.001272732864
6302	0.004966681125
6303	0.001461617112
6304	0.0005875453136
6305	0.0001922803093
6306	0.0009314364728
6307	0.000396422341
6308	0.004170972308
6309	0.00655205619
6310	3.542234335e-06
6311	3.542234335e-06
6312	0.001012246526
6313	0.0007480365665
6314	0.0004952449831
6315	0.004005866134
6316	0.0002091404681
6317	0.003765374596
6318	7.220708439e-06
6319	0.002752203289
6320	0.001872614442
6321	0.003711851165
6322	0.005339922715
6323	0.001250894581
6324	0.004028451322
6325	0.002908600236
6326	0.003886904513
6327	0.001122382728
6328	0.003880140133
6329	0.0009270976985
6330	0.002176644432
6331	0.001110326435
6332	0.0004253504292
6333	0.00110037219
6334	0.001033143768
6335	0.005157220732
6336	0.000853976317
6337	0.001923768705
6338	0.005965744277
6339	0.0010786245
6340	8.174387341e-07
6341	8.174387341e-07
6342	0.007993989918
6343	0.000643082225
6344	0.001764152482
6345	8.174386918e-07
6346	8.174386918e-07
6347	0.002714433827
6348	0.0009941049582
6349	0.0004500412678
6350	0.0001564340697
6351	0.003144861966
6352	0.004420979477
6353	0.001788340789
6354	0.001485285673
6355	0.006446721147
6356	0.0002141511148
6357	0.001834175868
6358	0.004219446968
6359	0.005224637589
6360	0.0002764987765
6361	8.174386966e-07
6362	8.174386966e-07
6363	0.002212186453
6364	0.0001179495913
6365	0.0008053435256
6366	0.001774282309
6367	0.0007255105655
6368	0.001186331488
6369	0.001421308121
6370	1.035422344e-05
6371	1.035422344e-05
6372	0.0003031899999
6373	0.002323187289
6374	0.003124943147
6375	0.0002971091395
6376	0.003129561013
6377	0.0002723196121
6378	1.362397818e-07
6379	0.002426728892
6380	0.003691488339
6381	0.004113930551
6382	0.002835683403
6383	0.0007078943825
6384	0.001064468737
6385	6.948228885e-06
6386	0.001021609616
6387	0.002003493512
6388	1.117166212e-05
6389	4.632152611e-06
6390	0.002422159915
6391	0.003598330557
6392	0.001331173068
6393	0.001743634431
6394	0.0006756647106
6395	0.003959843405
6396	0.006758018898
6397	0.000956033164
6398	7.356948216e-06
6399	4.495912808e-06
6400	0.003408378215
6401	1.946399528e-05
6402	0.001360039634
6403	2.353704422e-05
6404	1.634877384e-06
6405	1.634877384e-06
6406	0.005169345043
6407	0.0003483644133
6408	0.0005807860313
6409	0.001875327274
6410	0.0002705258631
6411	0.0002106948471
6412	0.001147661082
6413	0.005399454005
6414	0.001477895272
6415	0.002274150256
6416	3.150097821e-05
6417	2.282832419e-05
6418	0.0005654569847
6419	0.009461173411
6420	0.0001592309165
6421	0.003270832652
6422	0.0001164819485
6423	0.001509966067
6424	0.001200512837
6425	0.003473772263
6426	1.021798368e-05
6427	0.002668286327
6428	0.0003006275995
6429	0.004212307034
6430	0.001183400914
6431	9.264305204e-06
6432	0.0007804184074
6433	9.903233776e-06
6434	0.001053302527
6435	0.004583642682
6436	1.634877368e-06
6437	1.634877368e-06
6438	0.0008734064506
6439	0.001694928219
6440	0.003633119291
6441	1.362397775e-06
6442	1.362397775e-06
6443	0.0009100269296
6444	8.93775583e-05
6445	0.00105488045
6446	0.0005005240114
6447	0.001493687275
6448	0.006027660425
6449	0.007853215187
6450	1.130790191e-05
6451	0.00109419734
6452	0.0004301757546
6453	0.001779419388
6454	7.811080833e-06
6455	0.0005726283388
6456	0.0002117131865
6457	0.001306076358
6458	0.00711794182
6459	0.006742327652
6460	0.003030836157
6461	0.0003455590747
6462	0.000340986008
6463	0.001260640154
6464	0.002656860895
6465	0.005070280392
6466	0.0002247801698
6467	0.003167039182
6468	0.007077639253
6469	0.002125034294
6470	0.004845919618
6471	0.003724812786
6472	0.0003576545874
6473	0.0007312108581
6474	0.006132555271
6475	0.004893334685
6476	0.003018762333
6477	1.607629425e-05
6478	1.716621251e-05
6479	0.003227199562
6480	0.00190184267
6481	0.00645051281
6482	0.0009623685626
6483	0.001149660518
6484	0.003680634707
6485	0.0009500338148
6486	3.333333335e-05
6487	0.00207997848
6488	0.003074776661
6489	0.001604749496
6490	2.17983647e-06
6491	0.0008222659735
6492	3.950953645e-06
6493	0.005823219675
6494	0.0004350679408
6495	0.0008330664942
6496	0.000249490905
6497	0.001639209314
6498	0.0002331341663
6499	6.811989096e-07
6500	2.04359673e-05
6501	0.003111456818
6502	0.0006347889258
6503	0.0008820097325
6504	2.724795675e-07
6505	2.724795675e-07
6506	1.341961854e-05
6507	0.0001861535876
6508	0.005825499355
6509	0.002531983402
6510	0.0007245445701
6511	0.004561345683
6512	0.001918890251
6513	0.00413070355
6514	0.0008098464413
6515	0.0007844550666
6516	0.001244658505
6517	0.002425416301
6518	0.002299129799
6519	5.449591283e-06
6520	5.449591283e-06
6521	0.002961275618
6522	0.002192007549
6523	0.0006594025884
6524	0.002679267806
6525	6.26703001e-06
6526	0.001266759769
6527	0.008941643023
6528	0.0004211718767
6529	0.00186979183
6530	0.001512208473
6531	0.0004538012153
6532	0.00132704507
6533	0.002236479326
6534	0.002041348639
6535	0.002650053754
6536	0.001899410261
6537	0.0003696785979
6538	0.00373292844
6539	0.002094924421
6540	0.0001139991755
6541	0.00433334832
6542	0.0004136762547
6543	0.0009688507943
6544	0.006116345295
6545	0.0005636263643
6546	0.004123270376
6547	0.002412164957
6548	1.3760218e-05
6549	8.946412355e-06
6550	0.00359533386
6551	0.01103872782
6552	4.114441421e-05
6553	0.0004573436576
6554	0.001709559928
6555	0.001035353352
6556	0.0004413215204
6557	0.002533835226
6558	0.005815558381
6559	0.001055159095
6560	0.0003413230718
6561	0.0001079378102
6562	8.038147161e-06
6563	0.0003942439373
6564	8.17438692e-06
6565	8.17438692e-06
6566	0.001667127593
6567	0.003656906586
6568	0.001749517085
6569	0.0001243172615
6570	0.004891605861
6571	0.0004538088541
6572	2.724795223e-07
6573	0.001294031132
6574	0.001200858518
6575	0.003183674458
6576	0.0008656244901
6577	7.424799026e-05
6578	2.997275202e-06
6579	8.446866489e-06
6580	0.00242871048
6581	0.0005597259005
6582	0.001349042211
6583	0.002591957586
6584	0.001122007923
6585	0.00678839327
6586	0.0004791706232
6587	1.008174387e-05
6588	1.008174387e-05
6589	0.00160173808
6590	0.001092199726
6591	0.009943668303
6592	0.003024193242
6593	0.0005578579094
6594	0.005175500865
6595	0.001335264428
6596	5.585831061e-06
6597	0.002517368394
6598	0.001785090241
6599	0.002006536256
6600	0.004251982436
6601	0.004067386512
6602	0.001280246472
6603	0.0004167591252
6604	0.003127012566
6605	0.005064816322
6606	0.001345205256
6607	0.006492471703
6608	0.004017053562
6609	0.001161019252
6610	0.000766730774
6611	1.362397816e-06
6612	1.362397816e-06
6613	4.113537378e-05
6614	0.002053780675
6615	0.003511328672
6616	0.0006696507441
6617	9.1901004e-05
6618	0.0004200055972
6619	6.062680878e-06
6620	4.495912774e-06
6621	0.000661718276
6622	0.00177522685
6623	4.722979146e-06
6624	0.001263031904
6625	0.003821409976
6626	2.724795645e-07
6627	0.0001416926028
6628	0.00350910406
6629	0.002618946885
6630	0.0009301233809
6631	2.452316081e-06
6632	2.452316081e-06
6633	0.001636972138
6634	0.0002018803642
6635	0.002924343887
6636	0.0008906643396
6637	0.0006668735005
6638	0.005955033885
6639	4.495912838e-06
6640	1.78474114e-05
6641	0.0003198516169
6642	0.00237621042
6643	0.001437306196
6644	0.0002063853931
6645	0.002525446774
6646	0.001727527796
6647	0.001662706187
6648	0.005350779637
6649	0.0005269857235
6650	1.634877364e-06
6651	1.634877364e-06
6652	0.003203159087
6653	0.002548553575
6654	0.001676561661
6655	0.006185602955
6656	0.001258674155
6657	0.001707544261
6658	0.002753840254
6659	0.003726876044
6660	0.00777701129
6661	0.001336104991
6662	0.005028493557
6663	0.002997728678
6664	0.0003083692945
6665	0.0009493347751
6666	0.002853458151
6667	0.002109632895
6668	0.001928223683
6669	0.0008296023685
6670	0.005075393826
6671	0.0009159896805
6672	0.0008256707396
6673	0.000187511171
6674	0.008206409868
6675	0.003555261108
6676	0.003055294624
6677	0.0006758352716
6678	0.000825444007
6679	0.00192056499
6680	0.0004959535522
6681	0.003615852248
6682	0.00156450006
6683	0.003603281321
6684	7.770023531e-06
6685	0.006596582669
6686	0.001859185563
6687	0.004073861115
6688	0.005284814354
6689	0.0002862039869
6690	0.0006538070914
6691	0.0002227349109
6692	0.006359071051
6693	0.005997338453
6694	0.0008573464314
6695	5.128785027e-06
6696	0.001557640359
6697	0.0002245555144
6698	2.452316073e-06
6699	0.002761263183
6700	0.001590242053
6701	0.002010803654
6702	0.001735233447
6703	0.004329623143
6704	0.002298326778
6705	1.362397817e-06
6706	0.001914450228
6707	0.003050897824
6708	0.005988523117
6709	0.003285527846
6710	4.250541514e-05
6711	0.002584491353
6712	0.008580421084
6713	1.771117168e-06
6714	0.003340524177
6715	0.001912697376
6716	0.002114581562
6717	0.001881290564
6718	4.632152587e-06
6719	0.001525824318
6720	0.001657205799
6721	0.002116451458
6722	0.0008175698442
6723	0.0007029865589
6724	7.084468666e-06
6725	7.084468666e-06
6726	0.001616490592
6727	0.003482089587
6728	1.771117195e-06
6729	0.00492957231
6730	0.003080462732
6731	0.003164366672
6732	0.001104384971
6733	0.0001230974469
6734	0.004409966189
6735	0.0004164482783
6736	0.006819674941
6737	0.002045213797
6738	0.003084561236
6739	0.0009632364538
6740	1.362397843e-06
6741	0.003597063106
6742	0.0001922656263
6743	0.0001919327879
6744	0.007621957052
6745	0.0003337377086
6746	7.356948257e-06
6747	0.004549036761
6748	0.00323356137
6749	0.0002703253052
6750	0.002117564398
6751	0.0002560303395
6752	0.001552268069
6753	0.003724023939
6754	0.001934367719
6755	0.002426509197
6756	0.0004843896825
6757	0.0001080593881
6758	3.474114442e-05
6759	0.003648230973
6760	0.002550776628
6761	0.003636162649
6762	0.001058164627
6763	0.002125138239
6764	0.0002046054898
6765	0.003563097625
6766	0.00146994494
6767	0.004094379707
6768	0.00227873838
6769	0.002082930991
6770	0.003932019286
6771	0.001392933395
6772	0.002340329868
6773	1.952770214e-06
6774	0.001001413871
6775	0.001289650162
6776	0.0003474878392
6777	0.002963595802
6778	0.0007505399414
6779	0.001109451212
6780	0.0003108314468
6781	0.003166375769
6782	0.00429850223
6783	0.0005104595949
6784	0.001375972568
6785	0.001721488528
6786	0.0005324089696
6787	0.006908718284
6788	0.003629263168
6789	0.001497303969
6790	3.89645777e-05
6791	0.002158972656
6792	0.00140380394
6793	0.0001566023839
6794	0.00017633663
6795	0.007244945473
6796	0.0002721010104
6797	0.002848377362
6798	0.006986362204
6799	0.004699421446
6800	0.0003170832245
6801	0.0003250777332
6802	0.0001547662465
6803	0.0008144306553
6804	0.002795526166
6805	0.001163338949
6806	0.001652356636
6807	0.001061827618
6808	0.0003630710299
6809	1.852861036e-05
6810	0.003713852601
6811	0.001860108811
6812	0.002004448332
6813	0.003563530063
6814	0.001021131577
6815	0.004923971331
6816	2.316076299e-06
6817	0.000663158633
6818	0.006724178933
6819	0.001336487999
6820	0.001264861491
6821	4.087193461e-06
6822	4.087193461e-06
6823	0.00462492642
6824	0.002117792218
6825	0.003464132808
6826	7.710508484e-05
6827	0.0001830268365
6828	0.0009599508381
6829	0.003113450795
6830	0.002265536161
6831	0.003445643969
6832	0.0001614818809
6833	0.00113019002
6834	1.00817439e-05
6835	0.007722320626
6836	0.004021394477
6837	0.003915762513
6838	0.0002899385549
6839	0.003039924044
6840	0.00289383295
6841	0.001004451915
6842	5.21925366e-06
6843	0.003632044677
6844	0.001864484211
6845	3.882833785e-05
6846	0.003588599793
6847	0.001164196772
6848	0.001203601524
6849	0.0004460140474
6850	0.0008094083834
6851	0.001767722153
6852	0.0025031121
6853	0.006019152736
6854	0.001891688887
6855	0.008767604982
6856	1.198910081e-05
6857	0.002373265034
6858	0.001291986399
6859	0.0006838266772
6860	0.006131124682
6861	0.003680565771
6862	8.885708224e-05
6863	0.001628853683
6864	0.001118466808
6865	0.0004367409039
6866	0.0002408740261
6867	0.005127622371
6868	0.003970629931
6869	0.006040390741
6870	5.449591265e-07
6871	5.313351498e-06
6872	0.0002179144218
6873	6.811988804e-07
6874	0.002275990924
6875	0.0006002223849
6876	0.001395138963
6877	9.250412387e-05
6878	0.004597954313
6879	2.664007999e-05
6880	0.008435184945
6881	0.004427684179
6882	0.001885533684
6883	0.0005189413557
6884	0.005295767424
6885	0.005206967023
6886	0.0003184674354
6887	0.00700939367
6888	0.001079088218
6889	6.531562211e-05
6890	0.000362810428
6891	0.002882637694
6892	0.003482400591
6893	0.002749742768
6894	0.0005931836991
6895	0.001987781113
6896	0.0001089166613
6897	0.001956775196
6898	0.001653944801
6899	0.0005277623057
6900	0.002906992014
6901	0.001264755459
6902	0.001243585725
6903	0.001637588472
6904	0.006301597673
6905	0.00043551722
6906	0.00551061547
6907	0.002833589032
6908	0.002303534619
6909	0.003340544231
6910	5.262942976e-05
6911	0.001096693308
6912	0.003768658445
6913	1.076294277e-05
6914	0.001173662626
6915	0.001532357107
6916	0.002728661745
6917	0.007075998125
6918	0.006114089631
6919	1.416893733e-05
6920	0.0009454203612
6921	0.003209622071
6922	0.002019317226
6923	2.178801594e-05
6924	1.634877346e-06
6925	1.634877346e-06
6926	0.0007903652959
6927	0.00282073019
6928	0.001592157831
6929	4.868490602e-05
6930	0
6931	0.001797312235
6932	0.006965594621
6933	0.002126291438
6934	0.0001457378431
6935	0.001504226285
6936	0.0002126346167
6937	0.00167669449
6938	0.005772553517
6939	0.0008032103003
6940	5.449591594e-07
6941	6.26702997e-06
6942	6.26702997e-06
6943	6.403269726e-06
6944	0.0004262205711
6945	0.005118709732
6946	0.001103146441
6947	1.921885832e-05
6948	0.001607198036
6949	0.007590276457
6950	0.0009762725671
6951	0.004161990397
6952	0.00190032934
6953	0.002501456868
6954	3.142597651e-06
6955	0.0001006410161
6956	0.0001598988438
6957	0.003236156269
6958	0.001444901523
6959	0.0003119231116
6960	0.004830374931
6961	0.0002803081605
6962	4.768392356e-06
6963	0.001077196518
6964	0.004016238614
6965	2.729336966e-05
6966	5.449591281e-06
6967	5.449591281e-06
6968	0.004325739657
6969	0.002255326576
6970	0.005834871775
6971	0.002729327944
6972	0.0003117170334
6973	0.0003330552712
6974	0.0009769876019
6975	0.001165708373
6976	0.00258554321
6977	0.002637059376
6978	0.001368879822
6979	0.00201237063
6980	0.002124806463
6981	0.0006440563656
6982	0.002233378318
6983	0.007091614514
6984	0.0007879528766
6985	0.00702184285
6986	0.0008681083949
6987	0.00592407321
6988	0.000827383
6989	0.0005308368021
6990	0.001740653481
6991	0.001299076037
6992	5.844686647e-05
6993	0.00202656303
6994	0.001247289761
6995	0.006118328973
6996	0.001554932768
6997	0.003458896081
6998	0.001833149858
6999	0.003002804477
7000	0.0006016371273
7001	0.0006221368581
7002	3.950953674e-06
7003	0.000277330759
7004	0.0006212512891
7005	0.0002029357375
7006	0.001330541344
7007	9.128065364e-06
7008	0.00775784241
7009	4.671207995e-05
7010	0.000824532435
7011	0.001098244561
7012	0.006106842382
7013	0.000860600683
7014	0.002427691218
7015	1.089918261e-06
7016	1.089918261e-06
7017	0.006527685782
7018	5.177111721e-06
7019	0.001475378615
7020	0.004481458755
7021	0.002208131917
7022	0.004457695642
7023	0.001092860469
7024	0.003892746492
7025	0.001343996161
7026	2.724795593e-06
7027	2.724795593e-06
7028	0.00232975087
7029	0.003934890582
7030	0.0001444772168
7031	0.001378306945
7032	0.003472144484
7033	3.100270009e-05
7034	0.00126561663
7035	1.880108991e-05
7036	3.269754768e-06
7037	3.269754768e-06
7038	7.683923678e-06
7039	0.004714531099
7040	0.0008865901569
7041	0.0002262707166
7042	0.004252580531
7043	0.0008856505527
7044	0.004478869835
7045	0.001861179965
7046	0.0026280431
7047	0.001584483525
7048	0.001655143137
7049	0.004400859533
7050	0.0008662684647
7051	0.001700046801
7052	0.002709914814
7053	0.0005245813073
7054	0.001835698593
7055	0.004915768884
7056	0.0008118459427
7057	0.001078175764
7058	3.542234332e-06
7059	3.542234332e-06
7060	0.001707544807
7061	0.0002335861303
7062	0.003458912467
7063	1.825158946e-05
7064	0.0002166250136
7065	0.001584115483
7066	0.001007565738
7067	6.53950954e-06
7068	6.53950954e-06
7069	2.043596713e-06
7070	0.001741303274
7071	2.179836463e-06
7072	0.0001045165226
7073	0.003289212153
7074	0.0003694224318
7075	0.001483887235
7076	0.0008645490841
7077	0.003146627018
7078	0.004867942019
7079	0.001068701815
7080	0.004583739124
7081	0.003790310761
7082	0.006241595028
7083	0.0008766177798
7084	0.004059322303
7085	0.001646496363
7086	0.001650022551
7087	0.001922224835
7088	0.0007606563869
7089	0.001095776966
7090	0.000353794999
7091	4.254095779e-05
7092	0.001807068131
7093	2.361489555e-06
7094	0.004651705167
7095	0.0005426179473
7096	0.005185662038
7097	0.0009051798988
7098	0.001270912465
7099	0.004901828596
7100	6.267029969e-06
7101	6.267029969e-06
7102	6.362397825e-05
7103	0.00228185549
7104	0.003099158897
7105	1.444141694e-05
7106	0.003994698057
7107	8.174386955e-07
7108	0.003588228807
7109	0.001480056088
7110	0.002388772458
7111	0.0005922970417
7112	0.001700743794
7113	0.00450375233
7114	0.001146457088
7115	0.00293641178
7116	0.0006833096013
7117	0.00343821244
7118	0.0004876064621
7119	6.111668281e-05
7120	1.852861035e-05
7121	0.001611313824
7122	0.0006711078294
7123	9.536784659e-07
7124	2.724795639e-06
7125	1.253405995e-05
7126	1.253405995e-05
7127	0.001448466625
7128	0.002717323721
7129	0.001386409745
7130	0.003581932014
7131	0.005332377152
7132	0.002839341448
7133	0.002445231241
7134	2.179836513e-06
7135	2.179836513e-06
7136	0.005334335883
7137	0.006267595334
7138	4.359673026e-06
7139	0.006777216454
7140	0.004142716182
7141	0.0007187776978
7142	0.003486844018
7143	0.003096259326
7144	0.0007756169496
7145	0.003231087088
7146	0.001604465917
7147	1.907356946e-06
7148	0.0106577256
7149	0.001818966329
7150	0.003283083844
7151	0.004133938523
7152	0.001290481643
7153	0.003315158954
7154	0.0002979150522
7155	0.001427040416
7156	0.005114487514
7157	2.72479564e-07
7158	0.001372947156
7159	0.003545599587
7160	0.001943205631
7161	1.089918245e-06
7162	2.316076309e-06
7163	0.002743476456
7164	0.001726029298
7165	0.002645066361
7166	0.008603536142
7167	0.001032101329
7168	1.089918295e-06
7169	1.089918295e-06
7170	0.002982921109
7171	1.8997977e-05
7172	0.003253404834
7173	0.002945737685
7174	7.084468715e-06
7175	7.084468715e-06
7176	5.177111699e-06
7177	0.003050667431
7178	0.008738119175
7179	8.094449159e-05
7180	0.0004622163309
7181	0.0009742223707
7182	0.005155373657
7183	0.001369036869
7184	1.388510401e-05
7185	0.0008886911286
7186	0.001154729932
7187	0.004198326135
7188	0.0009855132629
7189	8.583106271e-06
7190	0.0008318791314
7191	0.004019371298
7192	0.0007439526029
7193	0.0008374341648
7194	0.007572799082
7195	0.004719978683
7196	0.0009331555645
7197	0.0008282703342
7198	0.001533441536
7199	0.00557177171
7200	0.000739892924
7201	0.002322282402
7202	3.964577655e-05
7203	0.003168346053
7204	0.001682009253
7205	0.002089783697
7206	0.003240313383
7207	0.002363244212
7208	0.0006794961125
7209	0.001004822057
7210	0.0006891065225
7211	2.997275225e-06
7212	2.997275225e-06
7213	6.421630182e-05
7214	0.004777732025
7215	0.006018576926
7216	0.0007085627052
7217	0.004506066113
7218	0.003202467136
7219	0.0007996638549
7220	0.004029662179
7221	0.000899995861
7222	0.002461701508
7223	0.0005055354738
7224	0.002584008689
7225	0.0008672937549
7226	0.003711141897
7227	2.162125341e-05
7228	5.969660932e-05
7229	0.0002392492078
7230	0.001132062703
7231	0.002512374012
7232	9.536784723e-06
7233	0.001398670962
7234	0.0003671602522
7235	0.0007702114061
7236	0.0006233102586
7237	0.0007898829619
7238	0.004176579782
7239	0.00048428517
7240	0.00436100743
7241	0.0007672389918
7242	0.003290294531
7243	0.005037145707
7244	0.002193808398
7245	0.003132571008
7246	0.004258105499
7247	0.001097740253
7248	0.003473461964
7249	0.005842872639
7250	0.004791113685
7251	0.001257439244
7252	0.003506770658
7253	0.004349978016
7254	0.004580760749
7255	0.003300016702
7256	0.0001066644845
7257	0.003275952656
7258	0.002506880312
7259	0.003391420848
7260	0.005797723442
7261	0.001356857057
7262	0.003649242092
7263	0.001098506929
7264	0.002151237587
7265	0.000601077894
7266	0.001248031099
7267	0.00217522798
7268	0.0007526640068
7269	0.0007462949115
7270	0.001294488125
7271	0.001146790846
7272	0.0004491265323
7273	0.0003563979167
7274	5.040871937e-06
7275	0.002278657519
7276	0.002423141811
7277	0.003965893745
7278	0.0008594277786
7279	0.0002843411393
7280	0.001914842153
7281	1.103542234e-05
7282	0.0005526845788
7283	0.0006210061229
7284	0.0009134511119
7285	0.002875347334
7286	3.542234303e-06
7287	0.004887368523
7288	0.007845405871
7289	1.474189762e-05
7290	0.002368808125
7291	0.0005072116359
7292	0.001800464331
7293	2.043596732e-06
7294	0.005800738701
7295	0.001446004156
7296	0.0001096476374
7297	0.00027767464
7298	0.0028411666
7299	0.003055100067
7300	1.498637584e-06
7301	0.008223582104
7302	0.00532748315
7303	0.003203577455
7304	0.000467837283
7305	3.740073955e-05
7306	0.001791227738
7307	0.006145942663
7308	0.0005012185639
7309	0.0001485631331
7310	0.001722730101
7311	5.177111712e-06
7312	5.177111712e-06
7313	0.005670885692
7314	0.003486786604
7315	0.004239892432
7316	1.253405998e-05
7317	0.0006267520193
7318	2.049273424e-05
7319	0.004788883152
7320	0.001416800545
7321	0.001120200428
7322	0.003310321649
7323	3.865803815e-05
7324	0.001169523986
7325	0.001822830742
7326	0.001329703706
7327	0.001225952457
7328	2.226661824e-05
7329	0.007054858804
7330	0.004993620352
7331	0.0004347613321
7332	0.0007502391994
7333	7.901907358e-06
7334	0.001371750227
7335	8.506325575e-05
7336	0.002865695258
7337	0.006522055979
7338	6.811989074e-06
7339	0.001175723006
7340	0.005546778405